port,pkt_seq,original_event_id,tail_flit,head_inject_req_ps,head_ingress_ack_ps,tail_egress_req_ps,tail_capture_ps,per_dest_latency_ns,tmax_component_ns
0,661,661,4295943,176051,176385,183805,183905,7.420000,7.754000
0,1640,1640,4668943,325051,325377,345948,346048,20.571000,20.897000
0,1096,1096,4448942,313051,313385,351466,351566,38.081000,38.415000
0,2510,2510,49ce943,218051,218377,362482,362582,144.105000,144.431000
0,2367,2367,493f941,359051,359377,379160,379260,19.783000,20.109000
0,1333,1333,4535941,391051,391377,413466,413566,22.089000,22.415000
0,2628,2628,4a44941,399051,399377,425790,425890,26.413000,26.739000
0,5800,5800,56a8942,513312,513637,557755,557855,44.118000,44.443000
0,2867,2867,4b33940,565051,565385,584999,585099,19.614000,19.948000
0,4385,4385,5121941,648051,648385,653932,654032,5.547000,5.881000
0,7002,7002,5b5a942,634051,634385,675506,675606,41.121000,41.455000
0,4276,4276,50b4943,659051,659385,686323,686423,26.938000,27.272000
0,5076,5076,53d4941,659051,659385,702990,703090,43.605000,43.939000
0,4162,4162,5042940,672051,672377,713963,714063,41.586000,41.912000
0,4122,4122,501a941,697051,697377,724983,725083,27.606000,27.932000
0,4466,4466,5172941,821051,821385,835423,835523,14.038000,14.372000
0,3199,3199,4c7f942,871051,871385,888512,888612,17.127000,17.461000
0,5053,5053,53bd940,926051,926377,936277,936377,9.900000,10.226000
0,5838,5838,56ce943,787937,788271,943924,944024,155.653000,155.987000
0,5151,5151,541f940,947051,947377,960283,960383,12.906000,13.232000
0,4946,4946,5352942,914051,914385,1013031,1013131,98.646000,98.980000
0,7984,7984,5f30943,1060051,1060385,1114507,1114607,54.122000,54.456000
0,10225,10225,67f1941,1115051,1115385,1131393,1131493,16.008000,16.342000
0,6466,6466,5942940,1089076,1089402,1142367,1142467,52.965000,53.291000
0,9575,9575,6567942,1126051,1126377,1153327,1153427,26.950000,27.276000
0,4019,4019,4fb3940,1163051,1163385,1188472,1188572,25.087000,25.421000
0,8954,8954,62fa943,1174051,1174377,1264714,1264814,90.337000,90.663000
0,8735,8735,621f941,1326051,1326377,1358011,1358111,31.634000,31.960000
0,8903,8903,62c7941,1358051,1358385,1393552,1393652,35.167000,35.501000
0,8796,8796,625c942,1398051,1398377,1424579,1424679,26.202000,26.528000
0,9904,9904,66b0941,1422051,1422385,1443553,1443653,21.168000,21.502000
0,7991,7991,5f37941,1415051,1415377,1449046,1449146,33.669000,33.995000
0,8150,8150,5fd6941,1477051,1477377,1508630,1508730,31.253000,31.579000
0,9117,9117,639d941,1589051,1589385,1599293,1599393,9.908000,10.242000
0,10500,10500,6904943,1589051,1589385,1610302,1610402,20.917000,21.251000
0,8870,8870,62a6942,1732461,1732787,1747630,1747730,14.843000,15.169000
0,8314,8314,607a943,1789051,1789377,1806289,1806389,16.912000,17.238000
0,7435,7435,5d0b941,1908051,1908377,1930624,1930724,22.247000,22.573000
0,9933,9933,66cd942,1935051,1935377,1949547,1949647,14.170000,14.496000
1,374,374,4176940,32050,32385,53117,53217,20.732000,21.067000
1,178,178,40b2942,52051,52385,65781,65881,13.396000,13.730000
1,852,852,4354941,175395,175721,187495,187595,11.774000,12.100000
1,2869,2869,4b35942,283051,283377,291578,291678,8.201000,8.527000
1,2879,2879,4b3f943,326630,326964,353902,354002,26.938000,27.272000
1,2986,2986,4baa940,355410,355736,385740,385840,30.004000,30.330000
1,2767,2767,4acf943,470439,470773,495695,495795,24.922000,25.256000
1,1167,1167,448f941,584051,584385,603447,603547,19.062000,19.396000
1,2664,2664,4a68943,685051,685377,696455,696555,11.078000,11.404000
1,3955,3955,4f73942,616051,616385,701862,701962,85.477000,85.811000
1,3179,3179,4c6b941,690027,690361,707435,707535,17.074000,17.408000
1,3218,3218,4c92941,643051,643377,712880,712980,69.503000,69.829000
1,4079,4079,4fef940,707051,707385,718240,718340,10.855000,11.189000
1,5193,5193,5449941,672051,672385,741334,741434,68.949000,69.283000
1,2796,2796,4aec940,789051,789385,809211,809311,19.826000,20.160000
1,5137,5137,5411941,831463,831789,839231,839331,7.442000,7.768000
1,7966,7966,5f1e943,832051,832385,843388,843488,11.003000,11.337000
1,5378,5378,5502941,890051,890377,910268,910368,19.891000,20.217000
1,8057,8057,5f79940,974051,974385,985974,986074,11.589000,11.923000
1,5886,5886,56fe941,1053051,1053377,1067545,1067645,14.168000,14.494000
1,7503,7503,5d4f941,959736,960062,1073040,1073140,112.978000,113.304000
1,3541,3541,4dd5940,1063051,1063377,1095362,1095462,31.985000,32.311000
1,6279,6279,5887940,1077446,1077780,1102237,1102337,24.457000,24.791000
1,6899,6899,5af3940,1205328,1205654,1235827,1235927,30.173000,30.499000
1,7552,7552,5d80941,1250051,1250385,1280948,1281048,30.563000,30.897000
1,5280,5280,54a0942,1224051,1224377,1286500,1286600,62.123000,62.449000
1,9329,9329,6471942,1283051,1283377,1295119,1295219,11.742000,12.068000
1,9848,9848,6678940,1289051,1289377,1303902,1304002,14.525000,14.851000
1,7595,7595,5dab941,1355051,1355385,1422032,1422132,66.647000,66.981000
1,6435,6435,5923943,1426051,1426385,1454975,1455075,28.590000,28.924000
1,10387,10387,6893940,1573051,1573377,1586050,1586150,12.673000,12.999000
1,10925,10925,6aad941,1670051,1670385,1690915,1691015,20.530000,20.864000
1,8819,8819,6273940,1811051,1811377,1832730,1832830,21.353000,21.679000
1,10289,10289,6831941,1853051,1853385,1858996,1859096,5.611000,5.945000
1,9611,9611,658b943,1970051,1970385,1989110,1989210,18.725000,19.059000
1,10111,10111,677f940,2065051,2065377,2071886,2071986,6.509000,6.835000
1,9066,9066,636a942,2111431,2111757,2129958,2130058,18.201000,18.527000
2,233,233,40e9940,38051,38385,45788,45888,7.403000,7.737000
2,419,419,41a3942,59051,59385,66831,66931,7.446000,7.780000
2,219,219,40db942,47051,47385,70988,71088,23.603000,23.937000
2,805,805,4325941,165866,166192,173723,173823,7.531000,7.857000
2,1237,1237,44d5941,160051,160385,179108,179208,18.723000,19.057000
2,1227,1227,44cb940,161051,161385,186821,186921,25.436000,25.770000
2,1911,1911,4777943,210051,210385,231685,231785,21.300000,21.634000
2,2943,2943,4b7f940,321897,322231,371846,371946,49.615000,49.949000
2,2414,2414,496e943,432051,432377,443314,443414,10.937000,11.263000
2,2431,2431,497f943,427332,427666,448784,448884,21.118000,21.452000
2,1426,1426,4592942,437847,438181,459743,459843,21.562000,21.896000
2,2309,2309,4905941,447051,447385,476856,476956,29.471000,29.805000
2,2507,2507,49cb941,457051,457377,487908,488008,30.531000,30.857000
2,4046,4046,4fce940,508051,508385,515744,515843,7.359000,7.693000
2,3151,3151,4c4f943,473051,473385,532975,533075,59.590000,59.924000
2,5505,5505,5581942,530218,530552,568323,568423,37.771000,38.105000
2,4320,4320,50e0943,545051,545377,579318,579418,33.941000,34.267000
2,2737,2737,4ab1940,577507,577833,594319,594419,16.486000,16.812000
2,2503,2503,49c7940,558051,558385,605292,605392,46.907000,47.241000
2,1258,1258,44ea942,553051,553377,610789,610889,57.412000,57.738000
2,3873,3873,4f21942,709051,709377,722440,722540,13.063000,13.389000
2,7474,7474,5d32942,860918,861252,874928,875028,13.676000,14.010000
2,5091,5091,53e3943,873051,873385,885668,885768,12.283000,12.617000
2,2776,2776,4ad8941,900051,900385,954650,954750,54.265000,54.599000
2,6217,6217,5849943,1053051,1053377,1086136,1086236,32.759000,33.085000
2,5702,5702,5646942,1091051,1091377,1096063,1096163,4.686000,5.012000
2,4809,4809,52c9942,1079051,1079385,1140313,1140413,60.928000,61.262000
2,4865,4865,5301943,1149051,1149385,1168299,1168399,18.914000,19.248000
2,5336,5336,54d8940,1162051,1162385,1194428,1194528,32.043000,32.377000
2,8185,8185,5ff9941,1155051,1155377,1199909,1200009,44.532000,44.858000
2,6549,6549,5995940,1199051,1199385,1205833,1205933,6.448000,6.782000
2,7930,7930,5efa941,1212453,1212779,1225630,1225730,12.851000,13.177000
2,9230,9230,640e940,1222051,1222377,1240256,1240356,17.879000,18.205000
2,8346,8346,609a941,1231051,1231385,1253064,1253164,21.679000,22.013000
2,9521,9521,6531943,1216051,1216377,1316028,1316128,99.651000,99.977000
2,5431,5431,5537943,1306051,1306377,1321535,1321635,15.158000,15.484000
2,7360,7360,5cc0941,1312051,1312377,1333851,1333951,21.474000,21.800000
2,8939,8939,62eb943,1369051,1369385,1404882,1404982,35.497000,35.831000
2,7077,7077,5ba5942,1612051,1612385,1633160,1633260,20.775000,21.109000
2,8950,8950,62f6941,1733439,1733765,1757485,1757585,23.720000,24.046000
2,9692,9692,65dc941,1841051,1841377,1858356,1858456,16.979000,17.305000
2,9956,9956,66e4943,1872051,1872385,1890375,1890475,17.990000,18.324000
2,9205,9205,63f5941,1887051,1887385,1911019,1911119,23.634000,23.968000
2,10231,10231,67f7942,2023051,2023377,2038875,2038975,15.498000,15.824000
3,972,972,43cc940,83051,83377,101661,101761,18.284000,18.610000
3,575,575,423f942,96051,96377,114266,114366,17.889000,18.215000
3,476,476,41dc940,107051,107385,172604,172704,65.219000,65.553000
3,1403,1403,457b943,167051,167377,184317,184417,16.940000,17.266000
3,578,578,4242943,163051,163385,189677,189777,26.292000,26.626000
3,718,718,42ce943,184051,184377,201860,201960,17.483000,17.809000
3,918,918,4396943,220051,220385,237064,237164,16.679000,17.013000
3,2755,2755,4ac3942,254416,254750,284203,284303,29.453000,29.787000
3,1329,1329,4531942,343051,343385,356881,356981,13.496000,13.830000
3,3227,3227,4c9b942,360051,360377,368573,368673,8.196000,8.522000
3,1169,1169,4491943,462051,462377,473351,473451,10.974000,11.300000
3,2716,2716,4a9c942,482051,482377,521031,521132,38.654000,38.980000
3,3443,3443,4d73942,479051,479377,537394,537494,58.017000,58.343000
3,5469,5469,555d943,546051,546385,558185,558285,11.800000,12.134000
3,3402,3402,4d4a940,550051,550385,564940,565040,14.555000,14.889000
3,3329,3329,4d01942,670051,670377,699387,699487,29.010000,29.336000
3,5500,5500,557c940,696051,696377,716838,716938,20.461000,20.787000
3,5643,5643,560b942,748051,748377,768668,768768,20.291000,20.617000
3,4506,4506,519a942,775051,775385,801381,801481,25.996000,26.330000
3,6051,6051,57a3943,769051,769385,813268,813368,43.883000,44.217000
3,3724,3724,4e8c941,814051,814385,851810,851910,37.425000,37.759000
3,5479,5479,5567942,875051,875377,913094,913194,37.717000,38.043000
3,6289,6289,5891940,882416,882742,918620,918720,35.878000,36.204000
3,7213,7213,5c2d943,901051,901385,966789,966889,65.404000,65.738000
3,7150,7150,5bee943,865051,865385,1035254,1035355,169.869000,170.203000
3,3661,3661,4e4d940,1040051,1040377,1076302,1076402,35.925000,36.251000
3,5538,5538,55a2940,1186996,1187330,1206654,1206754,19.324000,19.658000
3,5745,5745,5671942,1222051,1222385,1254046,1254146,31.661000,31.995000
3,8553,8553,6169940,1237348,1237674,1259548,1259648,21.874000,22.200000
3,5530,5530,559a940,1274051,1274377,1284710,1284810,10.333000,10.659000
3,10605,10605,696d940,1273696,1274022,1301753,1301853,27.731000,28.057000
3,5478,5478,5566940,1321051,1321385,1341007,1341107,19.622000,19.956000
3,7394,7394,5ce2942,1354051,1354385,1376677,1376777,22.292000,22.626000
3,8887,8887,62b7940,1367051,1367377,1389129,1389229,21.752000,22.078000
3,7244,7244,5c4c943,1611402,1611736,1627969,1628069,16.233000,16.567000
3,7372,7372,5ccc943,1601051,1601385,1633499,1633599,32.114000,32.448000
3,10419,10419,68b3940,1683051,1683385,1707840,1707940,24.455000,24.789000
3,10512,10512,6910940,1760051,1760385,1772234,1772334,11.849000,12.183000
3,8940,8940,62ec943,1834051,1834377,1852243,1852343,17.866000,18.192000
3,10578,10578,6952943,1835051,1835385,1862121,1862221,26.736000,27.070000
3,9225,9225,6409942,1887051,1887385,1915956,1916056,28.571000,28.905000
3,10499,10499,6903940,1959051,1959385,1983033,1983133,23.648000,23.982000
3,10251,10251,680b942,2153051,2153385,2174170,2174270,20.785000,21.119000
3,10921,10921,6aa9941,2218051,2218385,2232911,2233011,14.526000,14.860000
3,9432,9432,64d8942,2232051,2232377,2249334,2249434,16.957000,17.283000
4,447,447,41bf943,55051,55377,74517,74617,19.140000,19.466000
4,1067,1067,442b942,120051,120377,128546,128646,8.169000,8.495000
4,489,489,41e9943,118051,118377,135520,135620,17.143000,17.469000
4,2233,2233,48b9942,125286,125620,172860,172960,47.240000,47.574000
4,2161,2161,4871943,170051,170385,180472,180572,10.087000,10.421000
4,2901,2901,4b55942,257051,257385,270363,270463,12.978000,13.312000
4,2837,2837,4b15941,283051,283385,300684,300784,17.299000,17.633000
4,1757,1757,46dd940,253687,254021,311634,311734,57.613000,57.947000
4,1761,1761,46e1942,292416,292750,328077,328177,35.327000,35.661000
4,262,262,4106943,290051,290377,355545,355645,65.168000,65.494000
4,1804,1804,470c942,363051,363377,377502,377602,14.125000,14.451000
4,1541,1541,4605940,418051,418385,432131,432231,13.746000,14.080000
4,3705,3705,4e79943,399051,399377,448467,448567,49.090000,49.416000
4,2535,2535,49e7943,460051,460385,476063,476163,15.678000,16.012000
4,4961,4961,5361943,462707,463033,481423,481523,18.390000,18.716000
4,2211,2211,48a3941,514050,514385,524406,524506,10.021000,10.356000
4,4127,4127,501f941,516050,516377,530755,530855,14.378000,14.705000
4,2566,2566,4a06942,514050,514385,574608,574708,60.223000,60.558000
4,5355,5355,54eb942,641815,642141,663897,663997,21.756000,22.082000
4,2683,2683,4a7b942,703051,703377,737392,737492,34.015000,34.341000
4,4472,4472,5178941,804051,804385,857480,857580,53.095000,53.429000
4,4273,4273,50b1941,914051,914385,934612,934712,20.227000,20.561000
4,5835,5835,56cb940,921051,921385,940115,940215,18.730000,19.064000
4,5868,5868,56ec940,997051,997377,1006800,1006900,9.423000,9.749000
4,5899,5899,570b943,1026493,1026828,1046027,1046127,19.199000,19.534000
4,4805,4805,52c5941,1046051,1046385,1071778,1071878,25.393000,25.727000
4,8547,8547,6163941,1107051,1107385,1121066,1121166,13.681000,14.015000
4,5936,5936,5730941,1152051,1152377,1180580,1180680,28.203000,28.529000
4,7294,7294,5c7e940,1217051,1217385,1224737,1224837,7.352000,7.686000
4,5591,5591,55d7942,1195051,1195377,1229658,1229758,34.281000,34.607000
4,5121,5121,5401940,1219051,1219377,1235205,1235305,15.828000,16.154000
4,7876,7876,5ec4943,1251051,1251385,1257819,1257919,6.434000,6.768000
4,10873,10873,6a79941,1228051,1228385,1291280,1291380,62.895000,63.229000
4,6331,6331,58bb941,1289051,1289385,1314234,1314334,24.849000,25.183000
4,8525,8525,614d941,1299289,1299623,1325362,1325462,25.739000,26.073000
4,8212,8212,6014940,1324051,1324377,1341816,1341916,17.439000,17.765000
4,7627,7627,5dcb941,1430051,1430377,1456330,1456430,25.953000,26.279000
4,10197,10197,67d5940,1554051,1554385,1559081,1559181,4.696000,5.030000
4,6955,6955,5b2b942,1585051,1585377,1595373,1595473,9.996000,10.322000
4,7550,7550,5d7e940,1619051,1619377,1646125,1646225,26.748000,27.074000
4,10736,10736,69f0943,1677051,1677385,1697830,1697930,20.445000,20.779000
4,8228,8228,6024940,1708051,1708377,1721062,1721162,12.685000,13.011000
4,6110,6110,57de941,1926051,1926385,1943610,1943710,17.225000,17.559000
4,9972,9972,66f4943,2179051,2179377,2199062,2199162,19.685000,20.011000
4,10318,10318,684e940,2298051,2298385,2311911,2312011,13.526000,13.860000
4,9012,9012,6334941,2607446,2607780,2614298,2614398,6.518000,6.852000
5,1021,1021,43fd940,39051,39385,57455,57555,18.070000,18.404000
5,1245,1245,44dd941,147051,147385,166504,166604,19.119000,19.453000
5,1632,1632,4660942,158051,158377,179397,179497,21.020000,21.346000
5,877,877,436d941,240243,240569,287787,287887,47.218000,47.544000
5,449,449,41c1940,281051,281377,294105,294205,12.728000,13.054000
5,2190,2190,488e942,338051,338385,353181,353281,14.796000,15.130000
5,1947,1947,479b940,383051,383377,407267,407367,23.890000,24.216000
5,1839,1839,472f940,522050,522385,546309,546409,23.924000,24.259000
5,2246,2246,48c6942,571165,571499,588841,588941,17.342000,17.676000
5,3665,3665,4e51942,610051,610385,656050,656150,45.665000,45.999000
5,3745,3745,4ea1943,616051,616377,661542,661642,45.165000,45.491000
5,3534,3534,4dce941,677051,677377,682951,683051,5.574000,5.900000
5,4327,4327,50e7940,703190,703516,727884,727984,24.368000,24.694000
5,2268,2268,48dc943,738051,738377,765725,765825,27.348000,27.674000
5,3104,3104,4c20943,822288,822622,861390,861490,38.768000,39.102000
5,6654,6654,59fe942,855051,855377,867460,867560,12.083000,12.409000
5,3680,3680,4e60942,884278,884604,933612,933712,49.008000,49.334000
5,5333,5333,54d5940,911051,911385,947228,947328,35.843000,36.177000
5,4451,4451,5163941,941095,941421,970751,970851,29.330000,29.656000
5,5172,5172,5434943,893051,893377,981783,981883,88.406000,88.732000
5,7083,7083,5bab942,988051,988377,1006396,1006496,18.019000,18.345000
5,4088,4088,4ff8942,1030051,1030377,1052678,1052778,22.301000,22.627000
5,6844,6844,5abc940,1051051,1051377,1069130,1069230,17.753000,18.079000
5,6954,6954,5b2a940,1194051,1194377,1205326,1205426,10.949000,11.275000
5,7677,7677,5dfd940,1190425,1190759,1215867,1215967,25.108000,25.442000
5,10915,10915,6aa3940,1204051,1204385,1221410,1221510,17.025000,17.359000
5,6947,6947,5b23941,1222051,1222385,1296951,1297051,74.566000,74.900000
5,7445,7445,5d15941,1319051,1319377,1324975,1325075,5.598000,5.924000
5,9509,9509,6525941,1324051,1324385,1362171,1362271,37.786000,38.120000
5,7289,7289,5c79941,1363051,1363385,1381119,1381219,17.734000,18.068000
5,10602,10602,696a942,1444051,1444385,1463591,1463691,19.206000,19.540000
5,10958,10958,6ace942,1434051,1434385,1469072,1469172,34.687000,35.021000
5,6702,6702,5a2e940,1460051,1460385,1474563,1474663,14.178000,14.512000
5,10544,10544,6930940,1479051,1479377,1506372,1506472,26.995000,27.321000
5,6707,6707,5a33940,1536051,1536377,1560578,1560678,24.201000,24.527000
5,8027,8027,5f5b943,1689051,1689385,1702827,1702927,13.442000,13.776000
5,10788,10788,6a24943,1707051,1707377,1725299,1725399,17.922000,18.248000
5,8728,8728,6218942,1858051,1858377,1876334,1876434,17.957000,18.283000
5,7297,7297,5c81940,1989051,1989377,2017555,2017655,28.178000,28.504000
5,10870,10870,6a76940,2117051,2117385,2132674,2132774,15.289000,15.623000
6,122,122,407a943,104051,104385,125140,125240,20.755000,21.089000
6,614,614,4266941,103051,103385,136097,136197,32.712000,33.046000
6,1408,1408,4580942,197051,197385,221089,221189,23.704000,24.038000
6,1099,1099,444b940,202051,202385,226560,226660,24.175000,24.509000
6,1213,1213,44bd941,234051,234377,329948,330048,95.571000,95.897000
6,1187,1187,44a3940,305051,305385,336504,336604,31.119000,31.453000
6,1321,1321,4529943,398051,398377,417679,417779,19.302000,19.628000
6,3728,3728,4e90942,437409,437743,468802,468902,31.059000,31.393000
6,3598,3598,4e0e943,468051,468377,484768,484868,16.391000,16.717000
6,3583,3583,4dff941,487051,487385,503446,503546,16.061000,16.395000
6,2432,2432,4980940,536051,536377,544368,544468,7.991000,8.317000
6,2216,2216,48a8940,589431,589757,611458,611558,21.701000,22.027000
6,4176,4176,5050943,599051,599377,616886,616986,17.509000,17.835000
6,5345,5345,54e1940,619051,619385,636629,636729,17.244000,17.578000
6,5017,5017,5399941,664051,664385,672680,672780,8.295000,8.629000
6,4881,4881,5311941,727051,727385,740509,740609,13.124000,13.458000
6,4648,4648,5228940,672051,672385,750366,750466,77.981000,78.315000
6,5718,5718,5656941,786051,786377,807129,807229,20.752000,21.078000
6,5844,5844,56d4940,785051,785377,818118,818218,32.741000,33.067000
6,5904,5904,5710942,826051,826377,862858,862958,36.481000,36.807000
6,7629,7629,5dcd940,872051,872385,891146,891246,18.761000,19.095000
6,4652,4652,522c941,867051,867385,896629,896729,29.244000,29.578000
6,5016,5016,5398941,975023,975349,993511,993611,18.162000,18.488000
6,4360,4360,5108941,1056051,1056377,1082481,1082581,26.104000,26.430000
6,7228,7228,5c3c940,1098051,1098377,1117160,1117260,18.783000,19.109000
6,7999,7999,5f3f942,954197,954531,1134880,1134980,180.349000,180.683000
6,4099,4099,5003940,1145051,1145385,1156722,1156822,11.337000,11.671000
6,5840,5840,56d0941,1143051,1143377,1171329,1171429,27.952000,28.278000
6,8899,8899,62c3941,1328051,1328377,1350858,1350958,22.481000,22.807000
6,6553,6553,5999942,1369051,1369377,1380698,1380798,11.321000,11.647000
6,9506,9506,6522943,1569051,1569385,1585863,1585963,16.478000,16.812000
6,9682,9682,65d2943,1579051,1579385,1598678,1598778,19.293000,19.627000
6,6728,6728,5a48943,1589051,1589385,1609429,1609529,20.044000,20.378000
6,8387,8387,60c3941,1643051,1643377,1663430,1663530,20.053000,20.379000
6,6658,6658,5a02941,1661051,1661385,1685572,1685672,24.187000,24.521000
6,9131,9131,63ab940,1677409,1677743,1689730,1689830,11.987000,12.321000
6,6565,6565,59a5941,1899051,1899377,1907556,1907656,8.179000,8.505000
6,9730,9730,6602943,1900431,1900757,1932257,1932357,31.500000,31.826000
6,9192,9192,63e8942,1950051,1950385,1961196,1961296,10.811000,11.145000
6,9396,9396,64b4940,1993416,1993750,2016362,2016462,22.612000,22.946000
6,8773,8773,6245942,2106051,2106385,2119956,2120056,13.571000,13.905000
6,10786,10786,6a22941,2277191,2277517,2287784,2287884,10.267000,10.593000
7,24,24,4018941,49051,49385,63274,63374,13.889000,14.223000
7,301,301,412d943,42051,42377,72515,72615,30.138000,30.464000
7,1629,1629,465d943,152607,152941,169521,169621,16.580000,16.914000
7,1068,1068,442c943,152051,152377,176349,176449,23.972000,24.298000
7,1019,1019,43fb942,159051,159377,181942,182042,22.565000,22.891000
7,806,806,4326940,234051,234385,250658,250758,16.273000,16.607000
7,1769,1769,46e9940,360416,360742,389788,389888,29.046000,29.372000
7,3307,3307,4ceb941,363051,363385,411444,411544,48.059000,48.393000
7,2157,2157,486d941,367051,367377,416981,417081,49.604000,49.930000
7,583,583,4247943,405424,405750,422416,422516,16.666000,16.992000
7,2645,2645,4a55940,430051,430377,458821,458921,28.444000,28.770000
7,4812,4812,52cc942,510051,510377,529593,529693,19.216000,19.542000
7,2378,2378,494a942,518418,518752,534953,535053,16.201000,16.535000
7,2661,2661,4a65940,579051,579377,592454,592554,13.077000,13.403000
7,2718,2718,4a9e942,630409,630743,646981,647081,16.238000,16.572000
7,4694,4694,5256943,703051,703377,739484,739584,36.107000,36.433000
7,4969,4969,5369943,732051,732377,748090,748190,15.713000,16.039000
7,7437,7437,5d0d943,713435,713761,752245,752345,38.484000,38.810000
7,5234,5234,5472941,781051,781377,813529,813629,32.152000,32.478000
7,9750,9750,6616943,802556,802890,829621,829721,26.731000,27.065000
7,2884,2884,4b44943,866051,866377,871970,872070,5.593000,5.919000
7,5295,5295,54af942,876185,876511,882297,882397,5.786000,6.112000
7,6983,6983,5b47943,826051,826385,887657,887757,61.272000,61.606000
7,5565,5565,55bd942,851051,851385,898581,898681,47.196000,47.530000
7,9197,9197,63ed943,868506,868840,909543,909643,40.703000,41.037000
7,5703,5703,5647943,1020051,1020377,1048281,1048381,27.904000,28.230000
7,6814,6814,5a9e941,1048051,1048377,1063556,1063656,15.179000,15.505000
7,4706,4706,5262940,1042051,1042377,1086388,1086488,44.011000,44.337000
7,7252,7252,5c54943,1076051,1076385,1104500,1104600,28.115000,28.449000
7,6878,6878,5ade943,1060051,1060377,1115557,1115657,55.180000,55.506000
7,7757,7757,5e4d942,1116051,1116385,1131888,1131988,15.503000,15.837000
7,10533,10533,6925941,1415768,1416094,1439131,1439231,23.037000,23.363000
7,9625,9625,6599940,1423410,1423736,1444715,1444815,20.979000,21.305000
7,5580,5580,55cc943,1459051,1459377,1479097,1479197,19.720000,20.046000
7,10494,10494,68fe940,1460051,1460385,1489956,1490056,29.571000,29.905000
7,10759,10759,6a07942,1536051,1536385,1556085,1556185,19.700000,20.034000
7,6263,6263,5877941,1575051,1575377,1587032,1587132,11.655000,11.981000
7,8511,8511,613f940,1655051,1655377,1676635,1676735,21.258000,21.584000
7,8495,8495,612f942,1883051,1883377,1896045,1896145,12.668000,12.994000
7,10567,10567,6947940,2072051,2072385,2085938,2086037,13.553000,13.887000
7,8955,8955,62fb941,2602051,2602377,2611486,2611586,9.109000,9.435000
8,685,685,42ad942,29051,29385,39780,39880,10.395000,10.729000
8,14,14,400e943,26051,26385,48860,48960,22.475000,22.809000
8,1496,1496,45d8943,129431,129757,185073,185173,55.316000,55.642000
8,905,905,4389940,166051,166385,190638,190738,24.253000,24.587000
8,2059,2059,480b940,174170,174496,198214,198314,23.718000,24.044000
8,1452,1452,45ac941,265051,265385,285346,285446,19.961000,20.295000
8,1933,1933,478d941,294051,294385,343944,344044,49.559000,49.893000
8,1815,1815,4717942,318964,319298,349452,349552,30.154000,30.488000
8,1164,1164,448c942,364542,364876,385803,385903,20.927000,21.261000
8,3842,3842,4f02940,402047,402381,442368,442468,39.987000,40.321000
8,3063,3063,4bf7941,473051,473385,500589,500689,27.204000,27.538000
8,1204,1204,44b4943,538051,538385,565745,565845,27.360000,27.694000
8,2862,2862,4b2e941,622808,623134,644886,644986,21.752000,22.078000
8,1803,1803,470b943,649051,649385,663584,663684,14.199000,14.533000
8,3884,3884,4f2c940,713051,713377,739141,739241,25.764000,26.090000
8,5636,5636,5604943,820697,821023,847312,847412,26.289000,26.615000
8,4573,4573,51dd941,845016,845350,867029,867129,21.679000,22.013000
8,7622,7622,5dc6942,878051,878377,897209,897309,18.832000,19.158000
8,2713,2713,4a99940,880051,880377,902700,902800,22.323000,22.649000
8,4918,4918,5336941,880051,880377,919056,919156,38.679000,39.005000
8,6650,6650,59fa942,925051,925377,931686,931786,6.309000,6.635000
8,3224,3224,4c98941,954051,954385,983990,984090,29.605000,29.939000
8,4085,4085,4ff5940,1105051,1105377,1110967,1111067,5.590000,5.916000
8,3931,3931,4f5b943,1111051,1111385,1120497,1120597,9.112000,9.446000
8,8797,8797,625d942,1102051,1102377,1125864,1125964,23.487000,23.813000
8,6813,6813,5a9d940,1132051,1132385,1147783,1147883,15.398000,15.732000
8,4183,4183,5057940,1167051,1167377,1202026,1202126,34.649000,34.975000
8,7684,7684,5e04940,1188051,1188377,1240447,1240547,52.070000,52.396000
8,4516,4516,51a4943,1258021,1258347,1280475,1280575,22.128000,22.454000
8,7653,7653,5de5943,1264051,1264377,1285932,1286032,21.555000,21.881000
8,7914,7914,5eea943,1469051,1469377,1481014,1481114,11.637000,11.963000
8,7174,7174,5c06941,1490051,1490377,1508867,1508967,18.490000,18.816000
8,9596,9596,657c941,1602051,1602385,1612785,1612885,10.400000,10.734000
8,10571,10571,694b943,1668051,1668385,1680153,1680253,11.768000,12.102000
8,8859,8859,629b943,1662051,1662385,1690950,1691050,28.565000,28.899000
8,8082,8082,5f92942,1831051,1831385,1846746,1846846,15.361000,15.695000
8,9315,9315,6463940,1840051,1840385,1868456,1868556,28.071000,28.405000
8,10091,10091,676b943,2423438,2423764,2428545,2428645,4.781000,5.107000
9,314,314,413a940,75051,75377,95952,96052,20.575000,20.901000
9,385,385,4181942,86051,86377,101474,101574,15.097000,15.423000
9,887,887,4377941,176051,176385,203217,203317,26.832000,27.166000
9,1897,1897,4769943,328740,329074,341130,341230,12.056000,12.390000
9,1951,1951,479f941,360051,360385,377400,377500,17.015000,17.349000
9,3051,3051,4beb941,439051,439377,495093,495193,55.716000,56.042000
9,3870,3870,4f1e942,494300,494626,533587,533687,38.961000,39.287000
9,978,978,43d2942,544051,544385,568298,568398,23.913000,24.247000
9,2106,2106,483a941,584051,584377,593480,593580,9.103000,9.429000
9,3928,3928,4f58943,659439,659773,682288,682388,22.515000,22.849000
9,4337,4337,50f1943,697051,697377,707373,707473,9.996000,10.322000
9,4257,4257,50a1943,758051,758377,774441,774541,16.064000,16.390000
9,4559,4559,51cf943,729051,729377,782096,782196,52.719000,53.045000
9,3435,3435,4d6b940,811051,811385,820317,820417,8.932000,9.266000
9,4820,4820,52d4940,804051,804377,838473,838573,34.096000,34.422000
9,8202,8202,600a942,842051,842377,860356,860456,17.979000,18.305000
9,6476,6476,594c942,844051,844377,893917,894017,49.540000,49.866000
9,6025,6025,5789941,917051,917377,924674,924774,7.297000,7.623000
9,5268,5268,5494940,920051,920385,943456,943556,23.071000,23.405000
9,9309,9309,645d942,1107416,1107750,1141488,1141588,33.738000,34.072000
9,5673,5673,5629942,1037051,1037385,1158019,1158119,120.634000,120.968000
9,6723,6723,5a43943,1145051,1145385,1163432,1163532,18.047000,18.381000
9,6769,6769,5a71941,1173051,1173385,1196176,1196276,22.791000,23.125000
9,9646,9646,65ae942,1185051,1185385,1228497,1228597,43.112000,43.446000
9,9201,9201,63f1940,1271213,1271547,1290357,1290457,18.810000,19.144000
9,8433,8433,60f1941,1293855,1294181,1305846,1305946,11.665000,11.991000
9,8225,8225,6021940,1333051,1333385,1353103,1353203,19.718000,20.052000
9,7007,7007,5b5f940,1409051,1409377,1418472,1418572,9.095000,9.421000
9,8492,8492,612c941,1587051,1587377,1613233,1613333,25.856000,26.182000
9,9033,9033,6349941,1627051,1627385,1665416,1665516,38.031000,38.365000
9,10868,10868,6a74940,1731051,1731377,1738705,1738805,7.328000,7.654000
9,10127,10127,678f940,1785051,1785377,1798067,1798167,12.690000,13.016000
9,7724,7724,5e2c943,1818051,1818377,1838804,1838904,20.427000,20.753000
9,9884,9884,669c941,1959051,1959377,1982530,1982630,23.153000,23.479000
9,9250,9250,6422942,1997051,1997385,2011658,2011758,14.273000,14.607000
9,10712,10712,69d8940,2314051,2314385,2326993,2327093,12.608000,12.942000
9,10849,10849,6a61942,2488051,2488385,2499194,2499294,10.809000,11.143000
10,248,248,40f8943,160051,160377,190773,190873,30.396000,30.722000
10,1438,1438,459e941,191051,191385,210065,210165,18.680000,19.014000
10,1624,1624,4658943,235051,235385,296367,296467,60.982000,61.316000
10,2092,2092,482c940,298051,298377,319175,319275,20.798000,21.124000
10,1799,1799,4707942,330051,330377,340287,340387,9.910000,10.236000
10,3191,3191,4c77942,355051,355385,401997,402097,46.612000,46.946000
10,4966,4966,5366942,414051,414377,455266,455366,40.889000,41.215000
10,6234,6234,585a942,458051,458377,482603,482703,24.226000,24.552000
10,2088,2088,4828942,434051,434377,493402,493502,59.025000,59.351000
10,2803,2803,4af3941,547051,547385,571948,572048,24.563000,24.897000
10,3592,3592,4e08943,526416,526750,577485,577585,50.735000,51.069000
10,3656,3656,4e48941,660051,660385,669491,669591,9.106000,9.440000
10,7545,7545,5d79942,796051,796377,813342,813442,16.965000,17.291000
10,3214,3214,4c8e943,823051,823377,851039,851139,27.662000,27.988000
10,4435,4435,5153941,849051,849377,868767,868867,19.390000,19.716000
10,4973,4973,536d942,840051,840377,874089,874189,33.712000,34.038000
10,5602,5602,55e2942,910051,910377,924831,924931,14.454000,14.780000
10,6121,6121,57e9943,888322,888648,930914,931014,42.266000,42.592000
10,4872,4872,5308943,938888,939214,1006039,1006139,66.825000,67.151000
10,7301,7301,5c85940,1114051,1114385,1127375,1127475,12.990000,13.324000
10,4049,4049,4fd1943,1116424,1116750,1132735,1132835,15.985000,16.311000
10,7196,7196,5c1c940,1134051,1134385,1175007,1175107,40.622000,40.956000
10,7350,7350,5cb6942,1164051,1164377,1197096,1197196,32.719000,33.045000
10,7776,7776,5e60941,1223051,1223377,1241181,1241281,17.804000,18.130000
10,7260,7260,5c5c940,1260051,1260385,1270415,1270515,10.030000,10.364000
10,4732,4732,527c940,1234051,1234385,1296981,1297081,62.596000,62.930000
10,7448,7448,5d18940,1366051,1366377,1382631,1382731,16.254000,16.580000
10,10112,10112,6780943,1370051,1370385,1389989,1390089,19.604000,19.938000
10,4298,4298,50ca940,1405051,1405385,1419988,1420088,14.603000,14.937000
10,10188,10188,67cc940,1485395,1485729,1510640,1510740,24.911000,25.245000
10,8832,8832,6280941,1549051,1549385,1562568,1562668,13.183000,13.517000
10,5796,5796,56a4940,1577051,1577385,1603967,1604067,26.582000,26.916000
10,7454,7454,5d1e940,1616051,1616377,1636109,1636209,19.732000,20.058000
10,8723,8723,6213942,1618051,1618385,1641516,1641616,23.131000,23.465000
10,9828,9828,6664940,1651439,1651773,1661962,1662062,10.189000,10.523000
10,10640,10640,6990942,1721051,1721377,1740892,1740992,19.515000,19.841000
10,10455,10455,68d7940,1724051,1724377,1746252,1746352,21.875000,22.201000
10,7576,7576,5d98942,1847051,1847377,1870483,1870583,23.106000,23.432000
10,10104,10104,6778940,1865051,1865385,1880632,1880732,15.247000,15.581000
10,10543,10543,692f942,2063617,2063943,2078264,2078363,14.321000,14.647000
10,10686,10686,69be943,2077051,2077377,2090943,2091043,13.566000,13.892000
10,10798,10798,6a2e942,2089051,2089385,2110224,2110324,20.839000,21.173000
10,7525,7525,5d65940,2142051,2142377,2171861,2171961,29.484000,29.810000
11,340,340,4154942,69051,69385,96350,96450,26.965000,27.299000
11,980,980,43d4942,119051,119377,161121,161221,41.744000,42.070000
11,136,136,4088940,173051,173377,187148,187248,13.771000,14.097000
11,787,787,4313940,145205,145539,194065,194165,48.526000,48.860000
11,174,174,40ae943,193051,193377,210540,210640,17.163000,17.489000
11,1664,1664,4680943,199051,199377,221534,221634,22.157000,22.483000
11,1778,1778,46f2941,298051,298385,320102,320202,21.717000,22.051000
11,2374,2374,4946942,309051,309377,325597,325697,16.220000,16.546000
11,1492,1492,45d4940,344051,344385,351751,351851,7.366000,7.700000
11,1830,1830,4726940,333051,333385,363925,364025,30.540000,30.874000
11,2298,2298,48fa941,373051,373377,390254,390354,16.877000,17.203000
11,1846,1846,4736941,384051,384377,415047,415147,30.670000,30.996000
11,1503,1503,45df943,422051,422377,450699,450799,28.322000,28.648000
11,2858,2858,4b2a942,413398,413732,469052,469152,55.320000,55.654000
11,4917,4917,5335942,501051,501377,507932,508032,6.555000,6.881000
11,888,888,4378940,519050,519377,531957,532057,12.580000,12.907000
11,2100,2100,4834943,492051,492385,537474,537574,45.089000,45.423000
11,1903,1903,476f943,533051,533377,558747,558847,25.370000,25.696000
11,2757,2757,4ac5941,601051,601385,611342,611442,9.957000,10.291000
11,3156,3156,4c54941,661512,661838,700911,701011,39.073000,39.399000
11,2881,2881,4b41941,683051,683377,708612,708712,25.235000,25.561000
11,3663,3663,4e4f941,706051,706385,725091,725191,18.706000,19.040000
11,4247,4247,5097941,731051,731385,774139,774239,42.754000,43.088000
11,2668,2668,4a6c941,767051,767377,802259,802359,34.882000,35.208000
11,4290,4290,50c2940,800911,801245,835712,835812,34.467000,34.801000
11,5195,5195,544b943,784051,784377,841268,841368,56.891000,57.217000
11,9005,9005,632d941,840051,840385,876552,876652,36.167000,36.501000
11,6782,6782,5a7e941,858051,858385,882128,882228,23.743000,24.077000
11,8109,8109,5fad942,963431,963757,970924,971024,7.167000,7.493000
11,5601,5601,55e1943,986051,986377,1015901,1016001,29.524000,29.850000
11,7738,7738,5e3a942,940051,940377,1041767,1041867,101.390000,101.716000
11,5943,5943,5737942,1075051,1075377,1099441,1099541,24.064000,24.390000
11,10585,10585,6959943,1194051,1194385,1214312,1214412,19.927000,20.261000
11,10159,10159,67af943,1221051,1221377,1237141,1237241,15.764000,16.090000
11,4249,4249,5099943,1240051,1240377,1253521,1253621,13.144000,13.470000
11,6145,6145,5801942,1259051,1259385,1285813,1285913,26.428000,26.762000
11,7539,7539,5d73942,1350051,1350385,1368711,1368811,18.326000,18.660000
11,9839,9839,666f942,1375051,1375377,1394367,1394467,18.990000,19.316000
11,7970,7970,5f22941,1473051,1473385,1491277,1491377,17.892000,18.226000
11,10030,10030,672e941,1626051,1626385,1641891,1641991,15.506000,15.840000
11,9772,9772,662c942,1663051,1663385,1678103,1678203,14.718000,15.052000
11,7867,7867,5ebb942,1708051,1708377,1722556,1722656,14.179000,14.505000
11,10246,10246,6806942,1758051,1758385,1779426,1779526,21.041000,21.375000
11,9741,9741,660d943,1839051,1839377,1859191,1859291,19.814000,20.140000
11,10892,10892,6a8c940,1920051,1920385,1937361,1937461,16.976000,17.310000
11,8334,8334,608e941,2073051,2073377,2091157,2091256,17.780000,18.106000
11,9023,9023,633f941,2304051,2304377,2320513,2320613,16.136000,16.462000
11,10410,10410,68aa941,2516453,2516779,2526826,2526926,10.047000,10.373000
11,10271,10271,681f941,2553051,2553377,2568602,2568702,15.225000,15.551000
12,228,228,40e4940,42051,42385,67248,67348,24.863000,25.197000
12,120,120,4078941,31051,31385,78139,78239,46.754000,47.088000
12,62,62,403e942,64051,64385,89195,89295,24.810000,25.144000
12,503,503,41f7941,102051,102385,130299,130399,27.914000,28.248000
12,486,486,41e6943,144051,144385,154417,154517,10.032000,10.366000
12,601,601,4259941,144051,144377,166156,166256,21.779000,22.105000
12,570,570,423a943,180051,180385,196989,197089,16.604000,16.938000
12,642,642,4282940,167051,167385,230196,230296,62.811000,63.145000
12,1469,1469,45bd942,235051,235377,253753,253853,18.376000,18.702000
12,2203,2203,489b940,336051,336385,353960,354060,17.575000,17.909000
12,1594,1594,463a941,323051,323377,361900,362000,38.523000,38.849000
12,4072,4072,4fe8942,355225,355559,367347,367447,11.788000,12.122000
12,2834,2834,4b12941,359051,359385,372852,372952,13.467000,13.801000
12,1545,1545,4609942,347051,347377,378371,378471,30.994000,31.320000
12,1601,1601,4641942,409051,409385,420312,420412,10.927000,11.261000
12,3130,3130,4c3a943,269051,269385,425759,425859,156.374000,156.708000
12,2968,2968,4b98940,430051,430385,457159,457259,26.774000,27.108000
12,1666,1666,4682940,420051,420385,468072,468172,47.687000,48.021000
12,3032,3032,4bd8941,409051,409385,481594,481694,72.209000,72.543000
12,2773,2773,4ad5940,459051,459385,492457,492557,33.072000,33.406000
12,3538,3538,4dd2941,525051,525385,536173,536273,10.788000,11.122000
12,4497,4497,5191941,549051,549385,558347,558447,8.962000,9.296000
12,3641,3641,4e39943,538051,538377,574521,574621,36.144000,36.470000
12,2176,2176,4880941,523050,523377,583757,583857,60.380000,60.707000
12,2702,2702,4a8e943,553051,553377,590161,590261,36.784000,37.110000
12,4467,4467,5173940,608051,608377,642782,642882,34.405000,34.731000
12,5446,5446,5546940,746179,746513,756490,756590,9.977000,10.311000
12,4693,4693,5255942,807051,807385,819772,819872,12.387000,12.721000
12,5180,5180,543c940,810051,810385,827317,827417,16.932000,17.266000
12,5654,5654,5616940,860439,860773,871498,871598,10.725000,11.059000
12,5975,5975,5757942,1054051,1054377,1068999,1069099,14.622000,14.948000
12,4545,4545,51c1943,1038051,1038377,1074981,1075081,36.604000,36.930000
12,10062,10062,674e941,1204051,1204377,1215213,1215313,10.836000,11.162000
12,8049,8049,5f71942,1283051,1283377,1303358,1303458,19.981000,20.307000
12,8449,8449,6101942,1326051,1326377,1339452,1339552,13.075000,13.401000
12,8962,8962,6302941,1359824,1360158,1370119,1370219,9.961000,10.295000
12,9710,9710,65ee940,1442051,1442377,1447094,1447194,4.717000,5.043000
12,9164,9164,63cc940,1432416,1432742,1451258,1451358,18.516000,18.842000
12,10994,10994,6af2942,1566665,1566991,1587903,1588003,20.912000,21.238000
12,8865,8865,62a1942,1568051,1568377,1593431,1593531,25.054000,25.380000
12,8633,8633,61b9943,1646051,1646385,1667150,1667250,20.765000,21.099000
12,10594,10594,6962940,1671051,1671385,1691870,1691970,20.485000,20.819000
12,10407,10407,68a7940,1772051,1772385,1794552,1794652,22.167000,22.501000
12,7777,7777,5e61942,1872051,1872385,1885816,1885916,13.431000,13.765000
12,9963,9963,66eb940,1861051,1861385,1896871,1896971,35.486000,35.820000
12,8102,8102,5fa6940,2456051,2456385,2467255,2467355,10.870000,11.204000
13,56,56,4038940,70051,70385,88206,88306,17.821000,18.155000
13,930,930,43a2940,161051,161385,187153,187253,25.768000,26.102000
13,1583,1583,462f942,185051,185385,198231,198331,12.846000,13.180000
13,2286,2286,48ee943,229051,229377,234952,235052,5.575000,5.901000
13,1787,1787,46fb941,235051,235385,249330,249430,13.945000,14.279000
13,1430,1430,4596942,208051,208377,260314,260414,51.937000,52.263000
13,902,902,4386943,278051,278377,313831,313931,35.454000,35.780000
13,3696,3696,4e70941,321608,321942,329257,329357,7.315000,7.649000
13,2842,2842,4b1a941,431012,431346,477074,477174,45.728000,46.062000
13,4414,4414,513e942,449051,449377,482481,482581,33.104000,33.430000
13,3621,3621,4e25942,473051,473377,488070,488170,14.693000,15.019000
13,2446,2446,498e940,461051,461385,509932,510032,48.547000,48.881000
13,4509,4509,519d943,442045,442379,548121,548221,105.742000,106.076000
13,5155,5155,5423941,629051,629377,646608,646708,17.231000,17.557000
13,3299,3299,4ce3942,617051,617377,652148,652248,34.771000,35.097000
13,3181,3181,4c6d941,660051,660385,682908,683008,22.523000,22.857000
13,4551,4551,51c7940,680051,680385,702546,702646,22.161000,22.495000
13,5926,5926,5726942,713051,713377,725925,726025,12.548000,12.874000
13,3903,3903,4f3f942,726051,726377,763266,763366,36.889000,37.215000
13,4194,4194,5062941,769051,769377,797756,797856,28.379000,28.705000
13,2771,2771,4ad3942,797051,797377,825087,825187,27.710000,28.036000
13,3088,3088,4c10940,897051,897377,906460,906560,9.083000,9.409000
13,4457,4457,5169943,951051,951385,962224,962324,10.839000,11.173000
13,6201,6201,5839940,984051,984385,1009128,1009228,24.743000,25.077000
13,4582,4582,51e6943,1039051,1039377,1050586,1050686,11.209000,11.535000
13,6400,6400,5900940,1030051,1030385,1057213,1057313,26.828000,27.162000
13,7014,7014,5b66941,1139051,1139377,1154132,1154232,14.755000,15.081000
13,7277,7277,5c6d940,1132051,1132385,1159641,1159741,27.256000,27.590000
13,5269,5269,5495943,1153051,1153385,1171233,1171333,17.848000,18.182000
13,2685,2685,4a7d940,1162051,1162385,1187770,1187870,25.385000,25.719000
13,10254,10254,680e941,1195051,1195385,1261787,1261887,66.402000,66.736000
13,10538,10538,692a943,1311051,1311385,1323988,1324088,12.603000,12.937000
13,6922,6922,5b0a941,1317051,1317385,1334961,1335061,17.576000,17.910000
13,5985,5985,5761942,1320141,1320475,1369506,1369606,49.031000,49.365000
13,8882,8882,62b2943,1420051,1420385,1441813,1441913,21.428000,21.762000
13,10256,10256,6810942,1513051,1513385,1537935,1538035,24.550000,24.884000
13,7857,7857,5eb1940,1566051,1566377,1589406,1589506,23.029000,23.355000
13,9268,9268,6434943,1604491,1604817,1632554,1632654,27.737000,28.063000
13,8630,8630,61b6942,1698051,1698377,1710472,1710572,12.095000,12.421000
13,10513,10513,6911940,1704051,1704377,1717831,1717931,13.454000,13.780000
13,10268,10268,681c942,1817051,1817385,1837120,1837220,19.735000,20.069000
13,8809,8809,6269941,1864051,1864377,1881436,1881536,17.059000,17.385000
13,9978,9978,66fa943,2022051,2022385,2044513,2044613,22.128000,22.462000
13,9025,9025,6341940,2161051,2161377,2169568,2169668,8.191000,8.517000
13,10672,10672,69b0941,2261051,2261385,2272161,2272261,10.776000,11.110000
13,9934,9934,66ce940,2279051,2279385,2293723,2293823,14.338000,14.672000
13,10035,10035,6733941,2538051,2538385,2550950,2551050,12.565000,12.899000
14,324,324,4144940,79051,79385,106488,106588,27.103000,27.437000
14,158,158,409e940,98051,98377,115332,115432,16.955000,17.281000
14,1498,1498,45da941,153051,153377,169221,169321,15.844000,16.170000
14,1948,1948,479c940,177051,177377,239122,239222,61.745000,62.071000
14,1323,1323,452b941,344051,344385,364861,364961,20.476000,20.810000
14,1515,1515,45eb940,457051,457377,471679,471779,14.302000,14.628000
14,4424,4424,5148943,627439,627773,645518,645618,17.745000,18.079000
14,4286,4286,50be942,652416,652750,701001,701101,48.251000,48.585000
14,2768,2768,4ad0943,691051,691377,706087,706187,14.710000,15.036000
14,2057,2057,4809943,720051,720377,734004,734104,13.627000,13.953000
14,5447,5447,5547942,728323,728649,809600,809700,80.951000,81.277000
14,1715,1715,46b3942,743856,744182,831480,831580,87.298000,87.624000
14,4103,4103,5007941,811051,811385,842288,842388,30.903000,31.237000
14,2459,2459,499b943,815051,815385,853337,853437,37.952000,38.286000
14,5495,5495,5577941,848051,848385,864320,864420,15.935000,16.269000
14,3805,3805,4edd941,839051,839385,869789,869889,30.404000,30.738000
14,5289,5289,54a9940,933051,933385,961053,961153,27.668000,28.002000
14,7255,7255,5c57943,954228,954554,967215,967315,12.661000,12.987000
14,7968,7968,5f20943,976051,976377,984646,984746,8.269000,8.595000
14,6098,6098,57d2941,968342,968676,990117,990217,21.441000,21.775000
14,6160,6160,5810941,973686,974012,995621,995721,21.609000,21.935000
14,8047,8047,5f6f942,1000051,1000385,1015005,1015105,14.620000,14.954000
14,10036,10036,6734941,1039460,1039786,1055891,1055991,16.105000,16.431000
14,5582,5582,55ce942,1081051,1081377,1110618,1110718,29.241000,29.567000
14,7070,7070,5b9e943,1203051,1203385,1217738,1217838,14.353000,14.687000
14,8220,8220,601c941,1219051,1219385,1229033,1229133,9.648000,9.982000
14,6162,6162,5812940,1244051,1244385,1256635,1256735,12.250000,12.584000
14,8427,8427,60eb941,1243446,1243780,1273129,1273229,29.349000,29.683000
14,4205,4205,506d940,1244051,1244385,1278669,1278769,34.284000,34.618000
14,4480,4480,5180940,1318051,1318385,1341007,1341107,22.622000,22.956000
14,7076,7076,5ba4941,1318051,1318377,1351947,1352047,33.570000,33.896000
14,10218,10218,67ea943,1352428,1352754,1376345,1376445,23.591000,23.917000
14,8996,8996,6324942,1465051,1465385,1495380,1495480,29.995000,30.329000
14,7985,7985,5f31941,1478051,1478377,1507955,1508055,29.578000,29.904000
14,9728,9728,6600941,1505051,1505385,1524749,1524849,19.364000,19.698000
14,8319,8319,607f940,1698051,1698385,1722670,1722770,24.285000,24.619000
14,8908,8908,62cc942,1896431,1896757,1911139,1911239,14.382000,14.708000
14,10680,10680,69b8940,1895051,1895377,1916624,1916724,21.247000,21.573000
14,7860,7860,5eb4941,2149051,2149385,2164589,2164689,15.204000,15.538000
14,9171,9171,63d3940,2225051,2225385,2245840,2245940,20.455000,20.789000
15,238,238,40ee942,39051,39385,69881,69981,30.496000,30.830000
15,378,378,417a942,58051,58377,78793,78893,20.416000,20.742000
15,916,916,4394943,94395,94721,127554,127654,32.833000,33.159000
15,438,438,41b6941,119051,119385,133015,133115,13.630000,13.964000
15,1179,1179,449b942,141471,141797,183308,183408,41.511000,41.837000
15,743,743,42e7940,172051,172377,193618,193718,21.241000,21.567000
15,1368,1368,4558942,183643,183977,223378,223478,39.401000,39.735000
15,774,774,4306942,217051,217377,234313,234413,16.936000,17.262000
15,1749,1749,46d5943,259051,259385,282894,282994,23.509000,23.843000
15,1794,1794,4702942,403245,403571,419165,419265,15.594000,15.920000
15,2642,2642,4a52941,451051,451377,463685,463785,12.308000,12.634000
15,3362,3362,4d22942,411051,411377,469155,469255,57.778000,58.104000
15,5285,5285,54a5942,508051,508385,513088,513188,4.703000,5.037000
15,4133,4133,5025940,509051,509385,525455,525555,16.070000,16.404000
15,2677,2677,4a75943,705912,706238,741641,741741,35.403000,35.729000
15,4148,4148,5034940,711329,711655,762448,762548,50.793000,51.119000
15,1855,1855,473f941,759051,759377,799608,799708,40.231000,40.557000
15,5434,5434,553a943,818051,818385,838914,839014,20.529000,20.863000
15,8409,8409,60d9942,901051,901385,919547,919647,18.162000,18.496000
15,7425,7425,5d01941,938410,938736,950452,950552,11.716000,12.042000
15,4718,4718,526e942,975051,975385,1039142,1039242,63.757000,64.091000
15,6703,6703,5a2f943,1057600,1057926,1077113,1077213,19.187000,19.513000
15,8979,8979,6313942,1064051,1064385,1088074,1088174,23.689000,24.023000
15,7654,7654,5de6943,1094051,1094377,1099066,1099166,4.689000,5.015000
15,6122,6122,57ea943,1174051,1174385,1196662,1196762,22.277000,22.611000
15,6305,6305,58a1940,1186051,1186377,1214949,1215049,28.572000,28.898000
15,5749,5749,5675942,1192051,1192377,1225812,1225912,33.435000,33.761000
15,8868,8868,62a4942,1222464,1222798,1247033,1247133,24.235000,24.569000
15,6015,6015,577f942,1243051,1243377,1267593,1267693,24.216000,24.542000
15,7393,7393,5ce1943,1388051,1388385,1404468,1404568,16.083000,16.417000
15,7295,7295,5c7f941,1477051,1477385,1502138,1502238,24.753000,25.087000
15,8388,8388,60c4940,1585051,1585385,1605482,1605582,20.097000,20.431000
15,8456,8456,6108943,1715051,1715385,1727971,1728071,12.586000,12.920000
15,10692,10692,69c4942,2072051,2072377,2093747,2093848,21.370000,21.696000
16,555,555,422b942,81051,81385,105849,105949,24.464000,24.798000
16,1229,1229,44cd942,152051,152385,165042,165142,12.657000,12.991000
16,2922,2922,4b6a942,251361,251695,270533,270633,18.838000,19.172000
16,2155,2155,486b941,268436,268762,284028,284128,15.266000,15.592000
16,3249,3249,4cb1943,358051,358385,383789,383889,25.404000,25.738000
16,1655,1655,4677942,387051,387385,407107,407207,19.722000,20.056000
16,2202,2202,489a942,559416,559742,569824,569924,10.082000,10.408000
16,1507,1507,45e3941,564051,564385,589594,589694,25.209000,25.543000
16,3055,3055,4bef941,601051,601385,613058,613158,11.673000,12.007000
16,6057,6057,57a9940,756051,756377,776477,776577,20.100000,20.426000
16,3241,3241,4ca9943,900051,900377,915633,915733,15.256000,15.582000
16,5439,5439,553f943,963051,963385,977150,977250,13.765000,14.099000
16,5665,5665,5621943,1001051,1001385,1017680,1017780,16.295000,16.629000
16,6474,6474,594a940,908051,908377,1086112,1086212,177.735000,178.061000
16,6876,6876,5adc941,1069424,1069750,1119152,1119252,49.402000,49.728000
16,6710,6710,5a36942,1117051,1117377,1135984,1136084,18.607000,18.933000
16,7633,7633,5dd1941,1157446,1157780,1176601,1176701,18.821000,19.155000
16,8332,8332,608c943,1186051,1186385,1213986,1214086,27.601000,27.935000
16,8356,8356,60a4942,1212051,1212377,1238521,1238621,26.144000,26.470000
16,7838,7838,5e9e941,1189620,1189946,1243976,1244076,54.030000,54.356000
16,7176,7176,5c08940,1226051,1226385,1258277,1258377,31.892000,32.226000
16,9538,9538,6542942,1324051,1324377,1334664,1334764,10.287000,10.613000
16,7388,7388,5cdc943,1336051,1336377,1351633,1351733,15.256000,15.582000
16,8470,8470,6116942,1360051,1360385,1376584,1376684,16.199000,16.533000
16,10563,10563,6943940,1476051,1476385,1491539,1491639,15.154000,15.488000
16,7389,7389,5cdd942,1554051,1554377,1570363,1570463,15.986000,16.312000
16,7133,7133,5bdd942,1604051,1604377,1638276,1638376,33.899000,34.225000
16,9680,9680,65d0941,1728051,1728377,1740935,1741035,12.558000,12.884000
16,10795,10795,6a2b940,1807051,1807377,1831279,1831379,23.902000,24.228000
16,9520,9520,6530940,1978051,1978377,2005572,2005672,27.195000,27.521000
16,10801,10801,6a31942,2393051,2393377,2406045,2406145,12.668000,12.994000
16,10966,10966,6ad6940,2743051,2743377,2764849,2764949,21.472000,21.798000
17,47,47,402f942,20051,20385,46796,46896,26.411000,26.745000
17,15,15,400f942,32050,32385,57799,57899,25.414000,25.749000
17,65,65,4041941,91051,91385,126282,126382,34.897000,35.231000
17,677,677,42a5943,153051,153385,179659,179759,26.274000,26.608000
17,1579,1579,462b940,236051,236377,275145,275245,38.768000,39.094000
17,400,400,4190940,276051,276377,283783,283883,7.406000,7.732000
17,3596,3596,4e0c940,279051,279385,319210,319310,39.825000,40.159000
17,2823,2823,4b07942,336051,336385,370271,370371,33.886000,34.220000
17,1513,1513,45e9942,499051,499385,516824,516924,17.439000,17.773000
17,4425,4425,5149940,617051,617385,633454,633554,16.069000,16.403000
17,4489,4489,5189941,625051,625385,642925,643025,17.540000,17.874000
17,4531,4531,51b3941,661416,661750,681518,681618,19.768000,20.102000
17,6195,6195,5833941,709956,710290,722788,722888,12.498000,12.832000
17,5960,5960,5748943,767051,767385,792006,792106,24.621000,24.955000
17,4544,4544,51c0943,744051,744377,802988,803088,58.611000,58.937000
17,4711,4711,5267941,761051,761377,832904,833004,71.527000,71.853000
17,5423,5423,552f941,825126,825460,838223,838323,12.763000,13.097000
17,3552,3552,4de0943,834051,834385,844322,844422,9.937000,10.271000
17,4949,4949,5355940,817936,818270,863647,863747,45.377000,45.711000
17,6108,6108,57dc943,851410,851736,869154,869254,17.418000,17.744000
17,8541,8541,615d943,968248,968574,1029756,1029856,61.182000,61.508000
17,7466,7466,5d2a942,1001051,1001377,1035176,1035276,33.799000,34.125000
17,7490,7490,5d42943,1046424,1046750,1061196,1061296,14.446000,14.772000
17,4121,4121,5019940,1029821,1030156,1112179,1112279,82.023000,82.358000
17,4136,4136,5028941,1079051,1079377,1124760,1124860,45.383000,45.709000
17,9788,9788,663c943,1118051,1118377,1140893,1140993,22.516000,22.842000
17,8986,8986,631a943,1197051,1197377,1229464,1229564,32.087000,32.413000
17,7697,7697,5e11942,1227051,1227385,1251576,1251676,24.191000,24.525000
17,9147,9147,63bb942,1343051,1343377,1358774,1358874,15.397000,15.723000
17,6977,6977,5b41941,1386764,1387098,1409399,1409499,22.301000,22.635000
17,8402,8402,60d2940,1388051,1388377,1432187,1432287,43.810000,44.136000
17,8537,8537,6159941,1410051,1410377,1443109,1443209,32.732000,33.058000
17,7114,7114,5bca940,1450051,1450385,1460418,1460518,10.033000,10.367000
17,8583,8583,6187942,1459051,1459377,1486741,1486841,27.364000,27.690000
17,10011,10011,671b942,1531051,1531385,1537837,1537937,6.452000,6.786000
17,10637,10637,698d940,1547051,1547377,1573643,1573743,26.266000,26.592000
17,10457,10457,68d9942,1630051,1630385,1655076,1655176,24.691000,25.025000
17,10228,10228,67f4941,1652051,1652385,1665922,1666022,13.537000,13.871000
17,8928,8928,62e0942,1652051,1652377,1670125,1670225,17.748000,18.074000
17,8739,8739,6223941,1858051,1858385,1868367,1868467,9.982000,10.316000
17,10547,10547,6933940,1923051,1923377,1929015,1929115,5.638000,5.964000
17,8217,8217,6019942,2063051,2063385,2079511,2079611,16.126000,16.460000
17,9592,9592,6578940,2433051,2433385,2447809,2447909,14.424000,14.758000
17,10488,10488,68f8940,2728051,2728385,2748989,2749089,20.604000,20.938000
18,48,48,4030941,38051,38385,51058,51158,12.673000,13.007000
18,913,913,4391941,23051,23385,56477,56577,33.092000,33.426000
18,189,189,40bd942,30051,30385,62060,62160,31.675000,32.009000
18,298,298,412a940,75051,75377,84468,84568,9.091000,9.417000
18,752,752,42f0942,70051,70377,95265,95365,24.888000,25.214000
18,1261,1261,44ed941,79051,79377,100795,100895,21.418000,21.744000
18,2,2,4002940,72051,72385,106273,106373,33.888000,34.222000
18,647,647,4287942,101051,101377,114976,115076,13.599000,13.925000
18,710,710,42c6942,158051,158377,172600,172700,14.223000,14.549000
18,1124,1124,4464941,178051,178385,197008,197108,18.623000,18.957000
18,889,889,4379943,174051,174385,206872,206972,32.487000,32.821000
18,971,971,43cb940,233849,234175,255438,255538,21.263000,21.589000
18,312,312,4138940,251051,251385,266489,266589,15.104000,15.438000
18,1253,1253,44e5943,284051,284377,312890,312990,28.513000,28.839000
18,2262,2262,48d6943,299051,299377,334156,334256,34.779000,35.105000
18,1456,1456,45b0943,335051,335377,343611,343711,8.234000,8.560000
18,2051,2051,4803940,418051,418385,428457,428557,10.072000,10.406000
18,3876,3876,4f24940,430051,430385,443133,443233,12.748000,13.082000
18,3263,3263,4cbf940,456051,456385,499280,499380,42.895000,43.229000
18,2667,2667,4a6b941,525051,525377,543167,543267,17.790000,18.116000
18,1960,1960,47a8943,588051,588377,598956,599056,10.579000,10.905000
18,3336,3336,4d08943,542051,542385,618989,619089,76.604000,76.938000
18,3048,3048,4be8942,602966,603300,624517,624617,21.217000,21.551000
18,3033,3033,4bd9942,685051,685385,693578,693678,8.193000,8.527000
18,2576,2576,4a10940,815051,815377,833360,833460,17.983000,18.309000
18,7380,7380,5cd4943,928051,928377,959303,959403,30.926000,31.252000
18,4179,4179,5053941,986051,986377,1005087,1005187,18.710000,19.036000
18,4261,4261,50a5941,1017781,1018107,1049877,1049977,31.770000,32.096000
18,2794,2794,4aea942,1060051,1060377,1075614,1075714,15.237000,15.563000
18,6861,6861,5acd941,1091051,1091385,1099952,1100052,8.567000,8.901000
18,4239,4239,508f942,1072920,1073246,1118448,1118548,45.202000,45.528000
18,6560,6560,59a0942,1128051,1128377,1133154,1133254,4.777000,5.103000
18,7798,7798,5e76942,1291051,1291385,1301621,1301721,10.236000,10.570000
18,10345,10345,6869941,1316071,1316405,1327347,1327447,10.942000,11.276000
18,8524,8524,614c943,1343051,1343385,1374656,1374756,31.271000,31.605000
18,10445,10445,68cd941,1381051,1381377,1394469,1394569,13.092000,13.418000
18,6726,6726,5a46941,1375838,1376164,1398636,1398736,22.472000,22.798000
18,7015,7015,5b67941,1404051,1404385,1413504,1413604,9.119000,9.453000
18,8375,8375,60b7942,1404051,1404377,1429964,1430064,25.587000,25.913000
18,9669,9669,65c5941,1491051,1491377,1501153,1501253,9.776000,10.102000
18,9156,9156,63c4941,1481051,1481385,1531811,1531911,50.426000,50.760000
18,5608,5608,55e8941,1484051,1484377,1537354,1537454,52.977000,53.303000
18,7741,7741,5e3d942,1529051,1529385,1545470,1545570,16.085000,16.419000
18,10661,10661,69a5942,1546051,1546377,1551134,1551234,4.757000,5.083000
18,6309,6309,58a5940,1531051,1531377,1555279,1555379,23.902000,24.228000
18,8100,8100,5fa4941,1561051,1561377,1582169,1582269,20.792000,21.118000
18,5013,5013,5395941,1615051,1615377,1637784,1637884,22.407000,22.733000
18,7224,7224,5c38941,1791051,1791385,1808905,1809005,17.520000,17.854000
18,10854,10854,6a66941,2495051,2495385,2513279,2513379,17.894000,18.228000
19,266,266,410a943,54051,54385,87184,87284,32.799000,33.133000
19,1373,1373,455d943,101051,101385,118875,118975,17.490000,17.824000
19,505,505,41f9941,93410,93736,124316,124416,30.580000,30.906000
19,662,662,4296943,106051,106377,138833,138933,32.456000,32.782000
19,1893,1893,4765943,206051,206385,225278,225378,18.893000,19.227000
19,1174,1174,4496942,213051,213385,230682,230782,17.297000,17.631000
19,2433,2433,4981940,280051,280377,302163,302263,21.786000,22.112000
19,1320,1320,4528942,325051,325385,338689,338789,13.304000,13.638000
19,1990,1990,47c6940,404051,404377,414984,415084,10.607000,10.933000
19,3380,3380,4d34940,559051,559385,580589,580689,21.204000,21.538000
19,6638,6638,59ee942,614051,614377,626138,626238,11.761000,12.087000
19,1463,1463,45b7942,593051,593377,631644,631744,38.267000,38.593000
19,5876,5876,56f4940,629051,629377,641951,642051,12.574000,12.900000
19,2941,2941,4b7d940,814051,814385,845355,845455,30.970000,31.304000
19,5186,5186,5442943,851464,851790,861852,861952,10.062000,10.388000
19,4862,4862,52fe941,903051,903385,949384,949484,45.999000,46.333000
19,3845,3845,4f05943,845051,845377,954908,955008,109.531000,109.857000
19,3738,3738,4e9a941,923051,923385,974112,974212,50.727000,51.061000
19,6676,6676,5a14940,983051,983377,1003631,1003731,20.254000,20.580000
19,6092,6092,57cc940,1049051,1049385,1062015,1062115,12.630000,12.964000
19,6736,6736,5a50943,1147051,1147385,1173428,1173528,26.043000,26.377000
19,8769,8769,6241942,1168051,1168377,1183917,1184017,15.540000,15.866000
19,5682,5682,5632941,1203051,1203385,1242081,1242181,38.696000,39.030000
19,10769,10769,6a11942,1268051,1268385,1289314,1289414,20.929000,21.263000
19,7740,7740,5e3c940,1323051,1323385,1334216,1334316,10.831000,11.165000
19,6185,6185,5829941,1195051,1195377,1345560,1345660,150.183000,150.509000
19,4953,4953,5359941,1375051,1375385,1388774,1388874,13.389000,13.723000
19,10277,10277,6825942,1400051,1400377,1413957,1414057,13.580000,13.906000
19,6205,6205,583d941,1376051,1376385,1436033,1436133,59.648000,59.982000
19,10187,10187,67cb942,1552051,1552385,1566836,1566936,14.451000,14.785000
19,10285,10285,682d940,1567051,1567385,1581408,1581508,14.023000,14.357000
19,10374,10374,6886941,1562051,1562377,1592416,1592516,30.039000,30.365000
19,8355,8355,60a3941,1623051,1623385,1638741,1638841,15.356000,15.690000
19,9409,9409,64c1940,1772051,1772385,1794175,1794275,21.790000,22.124000
19,8828,8828,627c940,1825051,1825377,1833680,1833780,8.303000,8.629000
19,9580,9580,656c940,1821051,1821385,1837821,1837921,16.436000,16.770000
19,10379,10379,688b941,2050418,2050752,2067912,2068012,17.160000,17.494000
19,10600,10600,6968941,2245051,2245377,2258857,2258957,13.480000,13.806000
20,142,142,408e942,64395,64721,79113,79213,14.392000,14.718000
20,251,251,40fb941,80051,80377,86884,86984,6.507000,6.833000
20,762,762,42fa943,198051,198385,228761,228861,30.376000,30.710000
20,2113,2113,4841943,287051,287377,321758,321858,34.381000,34.707000
20,1980,1980,47bc941,371051,371377,387510,387610,16.133000,16.459000
20,4524,4524,51ac942,398051,398377,415776,415876,17.399000,17.725000
20,1278,1278,44fe942,413051,413377,422587,422687,9.210000,9.536000
20,1277,1277,44fd941,430051,430385,442129,442229,11.744000,12.078000
20,2547,2547,49f3941,520741,521067,540806,540906,19.739000,20.065000
20,2445,2445,498d940,555051,555385,565360,565460,9.975000,10.309000
20,5948,5948,573c940,588474,588808,593532,593632,4.724000,5.058000
20,1702,1702,46a6943,632051,632377,654234,654334,21.857000,22.183000
20,4979,4979,5373940,703051,703385,714293,714393,10.908000,11.242000
20,4900,4900,5324941,774438,774764,783465,783565,8.701000,9.027000
20,4470,4470,5176940,792416,792742,810989,811089,18.247000,18.573000
20,4843,4843,52eb942,797051,797385,816454,816554,19.069000,19.403000
20,6322,6322,58b2940,817929,818263,846965,847065,28.702000,29.036000
20,4221,4221,507d941,938051,938385,975615,975715,37.230000,37.564000
20,6299,6299,589b940,971051,971377,989366,989466,17.989000,18.315000
20,4222,4222,507e941,998051,998377,1033358,1033458,34.981000,35.307000
20,6521,6521,5979942,1120051,1120385,1126927,1127027,6.542000,6.876000
20,6384,6384,58f0941,1186051,1186385,1204061,1204161,17.676000,18.010000
20,10909,10909,6a9d942,1231051,1231385,1267422,1267522,36.037000,36.371000
20,8967,8967,6307941,1265051,1265385,1296970,1297070,31.585000,31.919000
20,9739,9739,660b943,1301051,1301385,1335420,1335520,34.035000,34.369000
20,10808,10808,6a38942,1323051,1323377,1362911,1363011,39.534000,39.860000
20,9374,9374,649e942,1439051,1439377,1452028,1452128,12.651000,12.977000
20,6469,6469,5945941,1530051,1530377,1553343,1553443,22.966000,23.292000
20,7099,7099,5bbb943,1564051,1564377,1572592,1572692,8.215000,8.541000
20,9986,9986,6702941,1575051,1575385,1580993,1581093,5.608000,5.942000
20,10320,10320,6850942,1575051,1575377,1588071,1588171,12.694000,13.020000
20,7775,7775,5e5f941,1659051,1659385,1672015,1672115,12.630000,12.964000
20,8171,8171,5feb942,1666051,1666385,1691462,1691562,25.077000,25.411000
20,9332,9332,6474940,1698051,1698385,1710288,1710388,11.903000,12.237000
20,6502,6502,5966943,1717051,1717377,1735130,1735230,17.753000,18.079000
20,9064,9064,6368942,1812051,1812385,1831798,1831898,19.413000,19.747000
20,9176,9176,63d8943,1837051,1837377,1862218,1862318,24.841000,25.167000
20,9804,9804,664c941,1869051,1869377,1888134,1888234,18.757000,19.083000
20,8405,8405,60d5941,1956051,1956377,1970257,1970357,13.880000,14.206000
20,8772,8772,6244942,1989416,1989750,2008315,2008415,18.565000,18.899000
20,10044,10044,673c940,2464051,2464377,2483980,2484080,19.603000,19.929000
21,1,1,4001943,30051,30385,50919,51019,20.534000,20.868000
21,150,150,4096940,109051,109377,132005,132105,22.628000,22.954000
21,1427,1427,4593940,128051,128384,136218,136318,7.834000,8.167000
21,596,596,4254940,135051,135385,150489,150589,15.104000,15.438000
21,2385,2385,4951940,114051,114377,154698,154798,40.321000,40.647000
21,850,850,4352941,170051,170377,191867,191967,21.490000,21.816000
21,1656,1656,4678940,182051,182385,223633,223733,41.248000,41.582000
21,970,970,43ca943,266051,266385,277345,277445,10.960000,11.294000
21,645,645,4285943,320051,320377,346909,347009,26.532000,26.858000
21,4579,4579,51e3942,373051,373377,407769,407869,34.392000,34.718000
21,765,765,42fd943,426051,426377,456182,456282,29.805000,30.131000
21,4788,4788,52b4943,462051,462385,495994,496094,33.609000,33.943000
21,6738,6738,5a52942,525051,525377,539997,540097,14.620000,14.946000
21,3031,3031,4bd7941,541453,541779,567661,567761,25.882000,26.208000
21,3920,3920,4f50940,579478,579812,593712,593812,13.900000,14.234000
21,3414,3414,4d56940,600557,600883,620487,620587,19.604000,19.930000
21,3210,3210,4c8a943,596051,596385,625954,626054,29.569000,29.903000
21,4634,4634,521a940,730620,730954,753874,753974,22.920000,23.254000
21,4792,4792,52b8940,710051,710377,759235,759335,48.858000,49.184000
21,4734,4734,527e940,778416,778742,789350,789450,10.608000,10.934000
21,5309,5309,54bd941,800014,800340,837688,837788,37.348000,37.674000
21,5946,5946,573a943,852822,853148,881231,881331,28.083000,28.409000
21,7543,7543,5d77943,889051,889377,910867,910967,21.490000,21.816000
21,4363,4363,510b943,946051,946377,975400,975500,29.023000,29.349000
21,3954,3954,4f72940,1061051,1061385,1083205,1083305,21.820000,22.154000
21,7841,7841,5ea1942,1088051,1088385,1098408,1098508,10.023000,10.357000
21,7254,7254,5c56940,1060051,1060377,1130523,1130623,70.146000,70.472000
21,6751,6751,5a5f942,1094051,1094385,1136010,1136110,41.625000,41.959000
21,8818,8818,6272942,1230051,1230385,1248041,1248141,17.656000,17.990000
21,8733,8733,621d942,1202051,1202377,1269972,1270072,67.595000,67.921000
21,8478,8478,611e943,1270051,1270385,1288497,1288597,18.112000,18.446000
21,7747,7747,5e43943,1332410,1332736,1355363,1355463,22.627000,22.953000
21,8442,8442,60fa941,1357051,1357377,1369305,1369405,11.928000,12.254000
21,10179,10179,67c3942,1416051,1416385,1442274,1442374,25.889000,26.223000
21,6645,6645,59f5940,1446051,1446377,1457248,1457348,10.871000,11.197000
21,9886,9886,669e940,1461051,1461385,1471477,1471577,10.092000,10.426000
21,8760,8760,6238940,1468051,1468385,1499924,1500024,31.539000,31.873000
21,7293,7293,5c7d942,1638051,1638385,1661019,1661119,22.634000,22.968000
21,9672,9672,65c8940,1710051,1710377,1730873,1730973,20.496000,20.822000
21,8302,8302,606e943,1759666,1760000,1765786,1765886,5.786000,6.120000
21,9781,9781,6635943,1979098,1979424,1996772,1996872,17.348000,17.674000
21,10626,10626,6982943,2054416,2054742,2063863,2063963,9.121000,9.447000
22,534,534,4216940,103217,103551,111943,112043,8.392000,8.726000
22,602,602,425a943,87051,87385,118743,118843,31.358000,31.692000
22,927,927,439f940,130051,130377,147641,147741,17.264000,17.590000
22,776,776,4308942,115051,115385,153121,153221,37.736000,38.070000
22,985,985,43d9942,175051,175377,208188,208288,32.811000,33.137000
22,998,998,43e6941,190051,190377,214615,214715,24.238000,24.564000
22,147,147,4093940,194051,194385,236494,236594,42.109000,42.443000
22,2647,2647,4a57943,240409,240743,275153,275253,34.410000,34.744000
22,2450,2450,4992943,314051,314385,356480,356580,42.095000,42.429000
22,4009,4009,4fa9940,396484,396810,404134,404234,7.324000,7.650000
22,1628,1628,465c940,451051,451377,467842,467942,16.465000,16.791000
22,2907,2907,4b5b941,519050,519377,545986,546086,26.609000,26.936000
22,3874,3874,4f22941,597051,597377,606936,607036,9.559000,9.885000
22,2144,2144,4860943,666051,666385,703185,703285,36.800000,37.134000
22,7247,7247,5c4f942,688051,688377,708657,708757,20.280000,20.606000
22,3192,3192,4c78943,701051,701385,719664,719764,18.279000,18.613000
22,5843,5843,56d3942,691051,691385,730646,730746,39.261000,39.595000
22,4934,4934,5346943,777373,777699,811791,811891,34.092000,34.418000
22,5029,5029,53a5942,823051,823377,842246,842346,18.869000,19.195000
22,4028,4028,4fbc943,839787,840113,879354,879454,39.241000,39.567000
22,4913,4913,5331941,904051,904385,914022,914122,9.637000,9.971000
22,5655,5655,5617942,921051,921385,938316,938416,16.931000,17.265000
22,10237,10237,67fd943,932051,932385,942520,942620,10.135000,10.469000
22,7124,7124,5bd4943,994051,994385,1009381,1009481,14.996000,15.330000
22,6971,6971,5b3b942,1005051,1005385,1021859,1021959,16.474000,16.808000
22,6570,6570,59aa943,1015143,1015477,1033588,1033687,18.111000,18.445000
22,6089,6089,57c9940,1072051,1072377,1087119,1087219,14.742000,15.068000
22,6959,6959,5b2f941,1050453,1050779,1098178,1098278,47.399000,47.725000
22,7011,7011,5b63941,1108051,1108385,1127247,1127347,18.862000,19.196000
22,4053,4053,4fd5940,1057051,1057385,1143403,1143503,86.018000,86.352000
22,6694,6694,5a26943,1127051,1127377,1149206,1149306,21.829000,22.155000
22,4248,4248,5098943,1141409,1141743,1165010,1165110,23.267000,23.601000
22,6967,6967,5b37941,1220935,1221261,1226806,1226906,5.545000,5.871000
22,5735,5735,5667940,1342051,1342385,1360975,1361075,18.590000,18.924000
22,7631,7631,5dcf943,1353051,1353385,1366507,1366607,13.122000,13.456000
22,8985,8985,6319941,1373109,1373435,1404817,1404917,31.382000,31.708000
22,10993,10993,6af1943,1424051,1424377,1446021,1446121,21.644000,21.970000
22,7449,7449,5d19941,1447544,1447878,1469584,1469684,21.706000,22.040000
22,7481,7481,5d39943,1482051,1482377,1496727,1496827,14.350000,14.676000
22,9366,9366,6496943,1451903,1452229,1503211,1503311,50.982000,51.308000
22,10814,10814,6a3e940,1552409,1552743,1561904,1562004,9.161000,9.495000
22,10768,10768,6a10942,1573051,1573385,1581649,1581749,8.264000,8.598000
22,9234,9234,6412941,1654051,1654385,1673363,1673463,18.978000,19.312000
22,10516,10516,6914941,1892051,1892385,1912866,1912966,20.481000,20.815000
22,9152,9152,63c0942,1969051,1969385,1989959,1990059,20.574000,20.908000
22,9907,9907,66b3941,2314051,2314377,2329581,2329681,15.204000,15.530000
23,40,40,4028941,71051,71385,90470,90570,19.085000,19.419000
23,2453,2453,4995940,165301,165635,202131,202231,36.496000,36.830000
23,4071,4071,4fe7943,226051,226385,244328,244428,17.943000,18.277000
23,3869,3869,4f1d942,258655,258982,277694,277794,18.712000,19.039000
23,1890,1890,4762940,242051,242385,305281,305381,62.896000,63.230000
23,770,770,4302942,304051,304377,310823,310923,6.446000,6.772000
23,1078,1078,4436940,298051,298385,327303,327403,28.918000,29.252000
23,2072,2072,4818940,289994,290320,372144,372244,81.824000,82.150000
23,3702,3702,4e76942,507051,507377,519127,519228,11.750000,12.076000
23,1930,1930,478a942,498051,498385,558587,558687,60.202000,60.536000
23,4282,4282,50ba943,622331,622665,640595,640695,17.930000,18.264000
23,3900,3900,4f3c943,717051,717385,766706,766806,49.321000,49.655000
23,3463,3463,4d87943,760051,760385,788498,788598,28.113000,28.447000
23,5781,5781,5695941,821051,821377,840310,840410,18.933000,19.259000
23,5031,5031,53a7942,835051,835385,858526,858626,23.141000,23.475000
23,3703,3703,4e77942,833051,833377,876549,876649,43.172000,43.498000
23,4325,4325,50e5943,868051,868385,892256,892356,23.871000,24.205000
23,3186,3186,4c72940,883051,883377,903184,903284,19.807000,20.133000
23,3526,3526,4dc6942,914051,914377,926371,926471,11.994000,12.320000
23,5614,5614,55ee940,983051,983377,1000355,1000455,16.978000,17.304000
23,5787,5787,569b943,998051,998377,1018480,1018580,20.103000,20.429000
23,6255,6255,586f941,1011753,1012079,1029376,1029475,17.297000,17.623000
23,6786,6786,5a82941,1032051,1032377,1052937,1053037,20.560000,20.886000
23,5301,5301,54b5942,1084051,1084377,1109136,1109236,24.759000,25.085000
23,6981,6981,5b45941,1097051,1097377,1117324,1117424,19.947000,20.273000
23,5583,5583,55cf941,1092051,1092385,1121466,1121566,29.081000,29.415000
23,5350,5350,54e6940,1185051,1185377,1205384,1205484,20.007000,20.333000
23,10851,10851,6a63942,1210051,1210377,1230823,1230923,20.446000,20.772000
23,10021,10021,6725943,1249051,1249377,1267779,1267879,18.402000,18.728000
23,5646,5646,560e941,1242531,1242865,1273304,1273404,30.439000,30.773000
23,5367,5367,54f7942,1333051,1333385,1347990,1348090,14.605000,14.939000
23,9303,9303,6457943,1274051,1274377,1378263,1378363,103.886000,104.212000
23,8557,8557,616d941,1367051,1367377,1389324,1389424,21.947000,22.273000
23,7997,7997,5f3d940,1437470,1437796,1465772,1465872,27.976000,28.302000
23,8479,8479,611f940,1502051,1502385,1510924,1511024,8.539000,8.873000
23,6285,6285,588d940,1495051,1495385,1516435,1516535,21.050000,21.384000
23,8712,8712,6208942,1565051,1565377,1584915,1585015,19.538000,19.864000
23,7883,7883,5ecb941,1595051,1595377,1626727,1626827,31.350000,31.676000
23,7967,7967,5f1f942,1599051,1599377,1632227,1632327,32.850000,33.176000
23,10448,10448,68d0940,1602051,1602385,1643254,1643354,40.869000,41.203000
23,6324,6324,58b4940,1682051,1682377,1697639,1697739,15.262000,15.588000
23,7707,7707,5e1b942,1707051,1707385,1722974,1723074,15.589000,15.923000
23,8823,8823,6277943,1719051,1719385,1729360,1729460,9.975000,10.309000
23,9186,9186,63e2941,1721051,1721377,1737503,1737603,16.126000,16.452000
23,6990,6990,5b4e940,1737051,1737385,1757111,1757211,19.726000,20.060000
23,9129,9129,63a9942,1819051,1819385,1831987,1832087,12.602000,12.936000
23,10194,10194,67d2940,1869051,1869385,1885357,1885457,15.972000,16.306000
23,10929,10929,6ab1941,1893424,1893750,1905698,1905798,11.948000,12.274000
23,10628,10628,6984940,1902051,1902385,1915564,1915664,13.179000,13.513000
23,9373,9373,649d941,1971051,1971385,1983148,1983248,11.763000,12.097000
23,9559,9559,6557943,2085051,2085377,2096236,2096336,10.859000,11.185000
23,10956,10956,6acc941,2351051,2351377,2364921,2365021,13.544000,13.870000
24,34,34,4022940,33051,33385,42531,42631,9.146000,9.480000
24,532,532,4214940,41051,41385,53476,53576,12.091000,12.425000
24,653,653,428d941,60051,60377,86333,86433,25.956000,26.282000
24,52,52,4034943,59051,59385,91811,91911,32.426000,32.760000
24,1377,1377,4561942,90051,90377,114393,114493,24.016000,24.342000
24,327,327,4147941,95402,95736,145274,145374,49.538000,49.872000
24,1914,1914,477a941,235051,235385,242755,242855,7.370000,7.704000
24,1344,1344,4540942,274029,274363,289952,290052,15.589000,15.923000
24,1317,1317,4525940,386284,386618,397519,397619,10.901000,11.235000
24,2700,2700,4a8c941,433051,433385,452442,452542,19.057000,19.391000
24,1889,1889,4761940,479051,479385,492053,492153,12.668000,13.002000
24,2959,2959,4b8f940,503051,503385,539151,539251,35.766000,36.100000
24,3315,3315,4cf3940,520050,520377,546997,547097,26.620000,26.947000
24,3486,3486,4d9e943,595051,595385,602707,602807,7.322000,7.656000
24,3785,3785,4ec9940,593459,593785,622408,622508,28.623000,28.949000
24,3223,3223,4c97940,624051,624385,649537,649637,25.152000,25.486000
24,3713,3713,4e81941,652620,652954,679929,680029,26.975000,27.309000
24,2229,2229,48b5943,708051,708377,723109,723209,14.732000,15.058000
24,4022,4022,4fb6940,716051,716377,728558,728658,12.181000,12.507000
24,3064,3064,4bf8943,781496,781822,814201,814301,32.379000,32.705000
24,2279,2279,48e7940,819416,819742,840963,841063,21.221000,21.547000
24,7812,7812,5e84943,868051,868377,884200,884300,15.823000,16.149000
24,4883,4883,5313943,919051,919385,928932,929032,9.547000,9.881000
24,3844,3844,4f04941,905051,905377,938951,939051,33.574000,33.900000
24,4937,4937,5349943,958051,958377,975499,975599,17.122000,17.448000
24,7789,7789,5e6d942,983051,983385,998271,998371,14.886000,15.220000
24,9335,9335,6477942,995051,995385,1009203,1009303,13.818000,14.152000
24,7926,7926,5ef6941,1003094,1003428,1018976,1019076,15.548000,15.882000
24,3291,3291,4cdb942,1037946,1038281,1055972,1056072,17.691000,18.026000
24,7988,7988,5f34942,1074051,1074385,1093566,1093666,19.181000,19.515000
24,7080,7080,5ba8941,1115051,1115385,1133972,1134072,18.587000,18.921000
24,8679,8679,61e7942,1123051,1123385,1139497,1139597,16.112000,16.446000
24,7362,7362,5cc2942,1160051,1160385,1181694,1181794,21.309000,21.643000
24,8371,8371,60b3942,1265051,1265377,1277226,1277326,11.849000,12.175000
24,10806,10806,6a36941,1282051,1282377,1305072,1305172,22.695000,23.021000
24,7881,7881,5ec9940,1306051,1306385,1318975,1319075,12.590000,12.924000
24,7889,7889,5ed1942,1352051,1352385,1368773,1368873,16.388000,16.722000
24,8326,8326,6086942,1267506,1267840,1379354,1379454,111.514000,111.848000
24,6180,6180,5824943,1447051,1447385,1497245,1497345,49.860000,50.194000
24,8623,8623,61af940,1583051,1583377,1606421,1606521,23.044000,23.370000
24,8555,8555,616b940,1637051,1637377,1655319,1655419,17.942000,18.268000
24,10473,10473,68e9943,1726051,1726385,1741596,1741696,15.211000,15.545000
24,9685,9685,65d5943,1775051,1775377,1786248,1786348,10.871000,11.197000
24,9443,9443,64e3940,1782051,1782377,1793220,1793320,10.843000,11.169000
24,10658,10658,69a2942,1833741,1834067,1840539,1840639,6.472000,6.798000
24,10548,10548,6934943,1875051,1875377,1893247,1893347,17.870000,18.196000
24,10950,10950,6ac6942,1947051,1947385,1953012,1953112,5.627000,5.961000
24,10492,10492,68fc940,2070051,2070385,2083037,2083138,12.652000,12.986000
24,9467,9467,64fb942,2284051,2284385,2304839,2304939,20.454000,20.788000
24,10931,10931,6ab3941,2331051,2331377,2338771,2338871,7.394000,7.720000
24,9637,9637,65a5941,2649051,2649385,2660289,2660389,10.904000,11.238000
25,210,210,40d2941,21051,21385,35865,35965,14.480000,14.814000
25,145,145,4091942,54051,54385,70906,71006,16.521000,16.855000
25,802,802,4322943,159051,159385,172062,172162,12.677000,13.011000
25,1669,1669,4685943,215051,215377,233329,233429,17.952000,18.278000
25,1490,1490,45d2941,269196,269522,302926,303026,33.404000,33.730000
25,1085,1085,443d942,308051,308377,334914,335014,26.537000,26.863000
25,3421,3421,4d5d941,346051,346385,362267,362367,15.882000,16.216000
25,695,695,42b7941,357051,357377,366495,366595,9.118000,9.444000
25,1849,1849,4739943,357051,357385,371170,371270,13.785000,14.119000
25,2018,2018,47e2943,348051,348377,389282,389382,40.905000,41.231000
25,3510,3510,4db6940,386051,386385,397941,398041,11.556000,11.890000
25,2147,2147,4863941,390051,390377,411441,411541,21.064000,21.390000
25,1109,1109,4455942,413051,413377,419883,419983,6.506000,6.832000
25,1398,1398,4576940,422914,423248,440557,440657,17.309000,17.643000
25,3859,3859,4f13943,526051,526385,543570,543670,17.185000,17.519000
25,4068,4068,4fe4942,565051,565385,576709,576809,11.324000,11.658000
25,3389,3389,4d3d943,654051,654385,687786,687886,33.401000,33.735000
25,4564,4564,51d4940,773051,773385,789578,789678,16.193000,16.527000
25,4033,4033,4fc1942,798051,798385,821358,821458,22.973000,23.307000
25,5141,5141,5415943,802452,802786,826825,826925,24.039000,24.373000
25,3632,3632,4e30941,854051,854377,867952,868052,13.575000,13.901000
25,10280,10280,6828943,888051,888377,904831,904931,16.454000,16.780000
25,9078,9078,6376940,891471,891805,917752,917852,25.947000,26.281000
25,10352,10352,6870943,943051,943377,961604,961704,18.227000,18.553000
25,7624,7624,5dc8943,983051,983385,1009007,1009107,25.622000,25.956000
25,10186,10186,67ca943,1168051,1168377,1189943,1190043,21.566000,21.892000
25,5856,5856,56e0943,1199472,1199806,1238501,1238601,38.695000,39.029000
25,10219,10219,67eb940,1319051,1319377,1357755,1357855,38.378000,38.704000
25,9777,9777,6631941,1362051,1362385,1385546,1385646,23.161000,23.495000
25,6084,6084,57c4941,1391051,1391385,1410402,1410502,19.017000,19.351000
25,9044,9044,6354943,1415051,1415377,1433126,1433226,17.749000,18.075000
25,7877,7877,5ec5942,1439051,1439385,1462419,1462519,23.034000,23.368000
25,10129,10129,6791942,1491051,1491377,1505739,1505839,14.362000,14.688000
25,10880,10880,6a80941,1517051,1517385,1527346,1527446,9.961000,10.295000
25,9333,9333,6475940,1523386,1523720,1531575,1531675,7.855000,8.189000
25,6931,6931,5b13942,1563051,1563377,1590604,1590704,27.227000,27.553000
25,9900,9900,66ac943,1583051,1583377,1606146,1606246,22.769000,23.095000
25,8290,8290,6062941,1583051,1583377,1617829,1617929,34.452000,34.778000
25,9405,9405,64bd940,1636051,1636385,1659217,1659317,22.832000,23.166000
25,7221,7221,5c35940,1672459,1672793,1681898,1681998,9.105000,9.439000
25,7689,7689,5e09941,1689051,1689377,1698437,1698537,9.060000,9.386000
25,10064,10064,6750942,1697051,1697377,1706450,1706550,9.073000,9.399000
25,6982,6982,5b46943,1746051,1746385,1757410,1757510,11.025000,11.359000
25,9060,9060,6364943,1749051,1749385,1766868,1766968,17.483000,17.817000
25,8568,8568,6178940,1773051,1773377,1778087,1778187,4.710000,5.036000
25,6198,6198,5836940,1878051,1878377,1890819,1890919,12.442000,12.768000
25,9780,9780,6634940,1942051,1942377,1949807,1949907,7.430000,7.756000
26,579,579,4243942,32050,32385,44224,44324,11.839000,12.174000
26,171,171,40ab941,87051,87377,106481,106581,19.104000,19.430000
26,973,973,43cd941,139051,139385,151978,152078,12.593000,12.927000
26,969,969,43c9942,156051,156385,173336,173436,16.951000,17.285000
26,1170,1170,4492940,200051,200385,225660,225760,25.275000,25.609000
26,2000,2000,47d0941,171051,171385,231067,231167,59.682000,60.016000
26,1330,1330,4532940,308051,308385,333929,334029,25.544000,25.878000
26,1876,1876,4754940,325051,325385,355665,355765,30.280000,30.614000
26,397,397,418d943,349051,349385,379347,379447,29.962000,30.296000
26,3476,3476,4d94941,351438,351764,390139,390239,38.375000,38.701000
26,2865,2865,4b31941,382051,382385,405730,405830,23.345000,23.679000
26,1725,1725,46bd941,424051,424377,448860,448960,24.483000,24.809000
26,3555,3555,4de3942,442051,442385,459869,459969,17.484000,17.818000
26,1860,1860,4744943,458051,458385,476233,476333,17.848000,18.182000
26,2091,2091,482b941,487051,487385,503336,503436,15.951000,16.285000
26,3729,3729,4e91940,493051,493377,560040,560140,66.663000,66.989000
26,3930,3930,4f5a941,573051,573385,593034,593134,19.649000,19.983000
26,1374,1374,455e940,635051,635385,654793,654893,19.408000,19.742000
26,3843,3843,4f03941,664051,664385,682929,683029,18.544000,18.878000
26,1922,1922,4782942,747051,747377,759108,759208,11.731000,12.057000
26,6729,6729,5a49940,807152,807478,847913,848013,40.435000,40.761000
26,4860,4860,52fc940,967051,967385,980925,981025,13.540000,13.874000
26,7774,7774,5e5e942,961051,961385,1043558,1043657,82.173000,82.507000
26,5805,5805,56ad940,1026051,1026385,1052412,1052512,26.027000,26.361000
26,6841,6841,5ab9941,1043051,1043385,1063365,1063465,19.980000,20.314000
26,6901,6901,5af5940,1089051,1089385,1106042,1106142,16.657000,16.991000
26,6545,6545,5991940,1144051,1144377,1156095,1156195,11.718000,12.044000
26,7200,7200,5c20942,1166051,1166385,1190806,1190906,24.421000,24.755000
26,8659,8659,61d3942,1172051,1172385,1207275,1207375,34.890000,35.224000
26,7060,7060,5b94940,1219416,1219750,1234506,1234606,14.756000,15.090000
26,7695,7695,5e0f940,1247051,1247377,1267744,1267844,20.367000,20.693000
26,8416,8416,60e0943,1282051,1282385,1290598,1290698,8.213000,8.547000
26,6641,6641,59f1943,1279051,1279385,1323293,1323393,43.908000,44.242000
26,10666,10666,69aa941,1342051,1342385,1350532,1350632,8.147000,8.481000
26,9057,9057,6361940,1351425,1351759,1375759,1375859,24.000000,24.334000
26,9113,9113,6399943,1335453,1335779,1406867,1406967,71.088000,71.414000
26,8354,8354,60a2941,1390395,1390721,1412300,1412400,21.579000,21.905000
26,6200,6200,5838940,1459051,1459377,1479042,1479142,19.665000,19.991000
26,6818,6818,5aa2943,1508051,1508385,1525352,1525452,16.967000,17.301000
26,7095,7095,5bb7940,1513051,1513385,1530375,1530475,16.990000,17.324000
26,6927,6927,5b0f942,1529051,1529385,1549298,1549398,19.913000,20.247000
26,8177,8177,5ff1940,1577051,1577377,1591762,1591862,14.385000,14.711000
26,8696,8696,61f8943,1799051,1799385,1816344,1816444,16.959000,17.293000
26,7933,7933,5efd942,1961051,1961385,1987913,1988013,26.528000,26.862000
26,9729,9729,6601941,2053051,2053377,2063389,2063488,10.012000,10.338000
26,10766,10766,6a0e943,2099051,2099377,2114875,2114975,15.498000,15.824000
26,10336,10336,6860943,2267051,2267385,2280932,2281032,13.547000,13.881000
26,8533,8533,6155941,2437051,2437377,2446451,2446551,9.074000,9.400000
27,748,748,42ec941,27051,27385,42185,42285,14.800000,15.134000
27,177,177,40b1942,36051,36385,54357,54457,17.972000,18.306000
27,96,96,4060940,36051,36385,71397,71497,35.012000,35.346000
27,753,753,42f1941,85999,86333,128817,128917,42.484000,42.818000
27,768,768,4300941,127051,127385,138262,138362,10.877000,11.211000
27,1841,1841,4731940,94051,94385,143760,143860,49.375000,49.709000
27,646,646,4286940,130051,130377,154777,154877,24.400000,24.726000
27,764,764,42fc942,164051,164385,204205,204305,39.820000,40.154000
27,1620,1620,4654941,214051,214377,235803,235903,21.426000,21.752000
27,488,488,41e8941,339051,339385,345866,345966,6.481000,6.815000
27,2528,2528,49e0943,405051,405377,444322,444422,38.945000,39.271000
27,2218,2218,48aa943,462051,462385,473740,473840,11.355000,11.689000
27,5026,5026,53a2940,474969,475303,506960,507060,31.657000,31.991000
27,2923,2923,4b6b942,531051,531377,549234,549334,17.857000,18.183000
27,5795,5795,56a3942,560051,560377,578457,578557,18.080000,18.406000
27,3461,3461,4d85941,558051,558385,600463,600563,42.078000,42.412000
27,3458,3458,4d82943,626051,626385,631978,632078,5.593000,5.927000
27,4713,4713,5269942,608051,608385,643925,644025,35.540000,35.874000
27,5595,5595,55db943,700051,700385,713211,713311,12.826000,13.160000
27,5656,5656,5618940,783051,783385,809430,809530,26.045000,26.379000
27,3808,3808,4ee0941,807389,807715,845890,845990,38.175000,38.501000
27,5755,5755,567b940,909051,909377,929021,929121,19.644000,19.970000
27,5351,5351,54e7941,960051,960377,978227,978327,17.850000,18.176000
27,5162,5162,542a940,995051,995385,1020551,1020651,25.166000,25.500000
27,5288,5288,54a8941,968051,968385,1031484,1031585,63.099000,63.433000
27,6881,6881,5ae1942,1089051,1089377,1126036,1126136,36.659000,36.985000
27,7693,7693,5e0d940,1222051,1222385,1232761,1232861,10.376000,10.710000
27,10790,10790,6a26941,1205051,1205377,1241761,1241861,36.384000,36.710000
27,5792,5792,56a0942,1227051,1227377,1247284,1247384,19.907000,20.233000
27,4097,4097,5001940,1258410,1258736,1271139,1271239,12.403000,12.729000
27,8240,8240,6030941,1268051,1268377,1290547,1290647,22.170000,22.496000
27,4539,4539,51bb943,1287051,1287377,1306928,1307028,19.551000,19.877000
27,7927,7927,5ef7941,1310623,1310957,1337302,1337402,26.345000,26.679000
27,7799,7799,5e77941,1325051,1325385,1342625,1342725,17.240000,17.574000
27,7121,7121,5bd1942,1313051,1313377,1349854,1349954,36.477000,36.803000
27,10532,10532,6924940,1331051,1331377,1355363,1355463,23.986000,24.312000
27,8266,8266,604a942,1472051,1472377,1496278,1496378,23.901000,24.227000
27,8323,8323,6083943,1499051,1499385,1511928,1512028,12.543000,12.877000
27,7686,7686,5e06940,1526051,1526385,1532806,1532906,6.421000,6.755000
27,7700,7700,5e14940,1557488,1557814,1590343,1590443,32.529000,32.855000
27,10261,10261,6815940,1668051,1668377,1689295,1689395,20.918000,21.244000
27,9894,9894,66a6942,1792051,1792385,1811432,1811532,19.047000,19.381000
28,641,641,4281941,23051,23385,46470,46570,23.085000,23.419000
28,4,4,4004941,52051,52385,58837,58937,6.452000,6.786000
28,220,220,40dc942,91051,91377,102299,102399,10.922000,11.248000
28,208,208,40d0942,78051,78377,112944,113044,34.567000,34.893000
28,613,613,4265941,78130,78464,118469,118569,40.005000,40.339000
28,801,801,4321941,142051,142385,159833,159933,17.448000,17.782000
28,146,146,4092940,100051,100377,190656,190756,90.279000,90.605000
28,1809,1809,4711942,192051,192377,221796,221896,29.419000,29.745000
28,223,223,40df941,227051,227385,263916,264016,36.531000,36.865000
28,2687,2687,4a7f941,294051,294385,303450,303550,9.065000,9.399000
28,1412,1412,4584940,336051,336377,341115,341215,4.738000,5.064000
28,3010,3010,4bc2942,375972,376298,408545,408645,32.247000,32.573000
28,1268,1268,44f4943,395051,395385,414103,414203,18.718000,19.052000
28,2928,2928,4b70942,422051,422377,428884,428984,6.507000,6.833000
28,5426,5426,5532942,436051,436377,461723,461823,25.346000,25.672000
28,3821,3821,4eed943,452051,452385,474715,474815,22.330000,22.664000
28,5827,5827,56c3943,510648,510974,524784,524884,13.810000,14.136000
28,2074,2074,481a942,507051,507377,529961,530061,22.584000,22.910000
28,4873,4873,5309943,618051,618385,630986,631086,12.601000,12.935000
28,2711,2711,4a97942,625051,625377,647542,647642,22.165000,22.491000
28,2895,2895,4b4f940,832051,832385,842367,842467,9.982000,10.316000
28,4807,4807,52c7943,825453,825779,851089,851189,25.310000,25.636000
28,7273,7273,5c69941,869051,869385,890239,890339,20.854000,21.188000
28,4644,4644,5224943,895051,895385,917824,917924,22.439000,22.773000
28,6221,6221,584d942,896051,896385,934442,934542,38.057000,38.391000
28,5405,5405,551d942,1020051,1020385,1045742,1045841,25.357000,25.691000
28,7283,7283,5c73943,1070327,1070653,1081314,1081414,10.661000,10.987000
28,9122,9122,63a2942,1082409,1082743,1170162,1170262,87.419000,87.753000
28,8248,8248,6038943,1153051,1153385,1177505,1177605,24.120000,24.454000
28,6261,6261,5875940,1162051,1162377,1190584,1190684,28.207000,28.533000
28,6749,6749,5a5d940,1191051,1191385,1196990,1197090,5.605000,5.939000
28,8606,8606,619e940,1194051,1194377,1214854,1214954,20.477000,20.803000
28,5156,5156,5424943,1212051,1212377,1246841,1246941,34.464000,34.790000
28,8565,8565,6175940,1252051,1252385,1267064,1267164,14.679000,15.013000
28,7800,7800,5e78942,1256051,1256385,1308017,1308117,51.632000,51.966000
28,9389,9389,64ad942,1234051,1234385,1350791,1350891,116.406000,116.740000
28,6605,6605,59cd941,1402051,1402385,1418703,1418803,16.318000,16.652000
28,8816,8816,6270942,1453051,1453385,1469833,1469933,16.448000,16.782000
28,9446,9446,64e6941,1450106,1450432,1493670,1493770,43.238000,43.564000
28,6860,6860,5acc943,1600051,1600385,1619966,1620066,19.581000,19.915000
28,9308,9308,645c943,1737051,1737377,1755659,1755759,18.282000,18.608000
28,7342,7342,5cae941,1798051,1798385,1816213,1816313,17.828000,18.162000
28,10349,10349,686d941,1863051,1863385,1890499,1890599,27.114000,27.448000
28,8090,8090,5f9a943,1884051,1884377,1898925,1899025,14.548000,14.874000
29,97,97,4061940,25051,25385,46097,46197,20.712000,21.046000
29,394,394,418a940,94051,94377,119296,119396,24.919000,25.245000
29,784,784,4310943,173051,173385,180769,180869,7.384000,7.718000
29,941,941,43ad941,181051,181385,191984,192084,10.599000,10.933000
29,1812,1812,4714941,195051,195377,211703,211803,16.326000,16.652000
29,1034,1034,440a940,216051,216377,221960,222060,5.583000,5.909000
29,1590,1590,4636943,223051,223377,243020,243120,19.643000,19.969000
29,2640,2640,4a50941,276051,276385,281985,282085,5.600000,5.934000
29,1544,1544,4608940,312051,312377,331500,331600,19.123000,19.449000
29,3457,3457,4d81940,423051,423377,464779,464879,41.402000,41.728000
29,3573,3573,4df5940,440118,440452,492666,492766,52.214000,52.548000
29,1581,1581,462d940,423051,423377,496830,496930,73.453000,73.779000
29,3908,3908,4f44940,489051,489385,514542,514641,25.157000,25.491000
29,4978,4978,5372943,494051,494377,536435,536535,42.058000,42.384000
29,1349,1349,4545942,586051,586385,600761,600861,14.376000,14.710000
29,2746,2746,4aba941,613051,613385,640271,640371,26.886000,27.220000
29,2035,2035,47f3940,681051,681377,710222,710322,28.845000,29.171000
29,4899,4899,5323943,833051,833385,839903,840003,6.518000,6.852000
29,5293,5293,54ad943,920051,920385,948636,948736,28.251000,28.585000
29,7239,7239,5c47943,944051,944377,966829,966929,22.452000,22.778000
29,3792,3792,4ed0940,922051,922377,976088,976188,53.711000,54.037000
29,5493,5493,5575941,1013051,1013377,1038768,1038868,25.391000,25.717000
29,7830,7830,5e96941,1034051,1034385,1044273,1044374,9.888000,10.222000
29,5925,5925,5725943,1031051,1031377,1061805,1061905,30.428000,30.754000
29,6256,6256,5870941,1046589,1046923,1074275,1074375,27.352000,27.686000
29,5822,5822,56be943,1101051,1101377,1127753,1127853,26.376000,26.702000
29,5951,5951,573f941,1141051,1141377,1146164,1146264,4.787000,5.113000
29,5366,5366,54f6942,1280051,1280385,1295998,1296098,15.613000,15.947000
29,8655,8655,61cf940,1293051,1293385,1328575,1328675,35.190000,35.524000
29,4915,4915,5333941,1311051,1311377,1339565,1339665,28.188000,28.514000
29,6448,6448,5930942,1363051,1363385,1390696,1390796,27.311000,27.645000
29,9311,9311,645f943,1395051,1395385,1418407,1418507,23.022000,23.356000
29,8734,8734,621e942,1415051,1415385,1435453,1435553,20.068000,20.402000
29,5609,5609,55e9942,1456051,1456377,1487866,1487966,31.489000,31.815000
29,9733,9733,6605943,1513267,1513593,1531560,1531660,17.967000,18.293000
29,7028,7028,5b74940,1518051,1518385,1542539,1542639,24.154000,24.488000
29,9959,9959,66e7943,1543051,1543377,1565748,1565848,22.371000,22.697000
29,10848,10848,6a60942,1651051,1651377,1669201,1669301,17.824000,18.150000
29,9529,9529,6539941,1715051,1715377,1729200,1729300,13.823000,14.149000
29,6480,6480,5950941,1735051,1735377,1755471,1755571,20.094000,20.420000
29,7237,7237,5c45943,1758051,1758377,1785796,1785896,27.419000,27.745000
29,9423,9423,64cf942,1812453,1812779,1819220,1819320,6.441000,6.767000
29,8897,8897,62c1943,2078051,2078385,2098045,2098145,19.660000,19.994000
30,1564,1564,461c941,177051,177385,217796,217896,40.411000,40.745000
30,747,747,42eb943,248051,248385,274668,274768,26.283000,26.617000
30,981,981,43d5943,268051,268385,280170,280270,11.785000,12.119000
30,1810,1810,4712941,252051,252377,285655,285755,33.278000,33.604000
30,1494,1494,45d6940,203051,203385,315473,315573,112.088000,112.422000
30,1139,1139,4473942,321409,321743,340092,340192,18.349000,18.683000
30,1313,1313,4521941,313443,313777,345864,345964,32.087000,32.421000
30,1563,1563,461b940,402051,402385,436185,436285,33.800000,34.134000
30,1234,1234,44d2942,434051,434377,454727,454827,20.350000,20.676000
30,3465,3465,4d89943,456425,456759,524507,524607,67.748000,68.082000
30,1549,1549,460d942,658051,658377,683055,683155,24.678000,25.004000
30,8341,8341,6095942,689051,689385,713940,714040,24.555000,24.889000
30,5040,5040,53b0940,701051,701377,738610,738710,37.233000,37.559000
30,1879,1879,4757943,723446,723780,752125,752225,28.345000,28.679000
30,3107,3107,4c23941,727051,727385,757687,757787,30.302000,30.636000
30,3343,3343,4d0f941,779051,779377,794415,794515,15.038000,15.364000
30,5692,5692,563c941,829337,829663,857977,858077,28.314000,28.640000
30,2945,2945,4b81941,884051,884377,889109,889209,4.732000,5.058000
30,3044,3044,4be4941,934059,934385,939072,939172,4.687000,5.013000
30,8072,8072,5f88943,920051,920385,943238,943338,22.853000,23.187000
30,6354,6354,58d2942,914051,914377,948629,948729,34.252000,34.578000
30,7181,7181,5c0d940,970051,970377,1008621,1008721,38.244000,38.570000
30,6208,6208,5840941,1012051,1012385,1037501,1037600,25.116000,25.450000
30,7101,7101,5bbd943,1083364,1083698,1098720,1098820,15.022000,15.356000
30,7179,7179,5c0b941,1082051,1082377,1120813,1120913,38.436000,38.762000
30,5930,5930,572a943,1205051,1205385,1221582,1221682,16.197000,16.531000
30,4234,4234,508a943,1223051,1223377,1239491,1239591,16.114000,16.440000
30,3209,3209,4c89941,1214469,1214795,1244967,1245067,30.172000,30.498000
30,8545,8545,6161942,1239051,1239377,1250443,1250543,11.066000,11.392000
30,8158,8158,5fde941,1238051,1238377,1261256,1261356,22.879000,23.205000
30,6450,6450,5932942,1251051,1251385,1266575,1266675,15.190000,15.524000
30,8716,8716,620c941,1274051,1274385,1291339,1291439,16.954000,17.288000
30,6260,6260,5874941,1329051,1329385,1364412,1364512,35.027000,35.361000
30,6810,6810,5a9a940,1385051,1385377,1401624,1401724,16.247000,16.573000
30,7749,7749,5e45941,1389051,1389377,1411748,1411848,22.371000,22.697000
30,6789,6789,5a85941,1453051,1453377,1471114,1471214,17.737000,18.063000
30,9893,9893,66a5942,1468061,1468395,1487809,1487909,19.414000,19.748000
30,9925,9925,66c5941,1496051,1496377,1525543,1525643,29.166000,29.492000
30,10840,10840,6a58940,1795051,1795377,1812197,1812297,16.820000,17.146000
30,8425,8425,60e9942,1794051,1794377,1817617,1817717,23.240000,23.566000
30,8621,8621,61ad942,1877051,1877385,1885541,1885641,8.156000,8.490000
30,10811,10811,6a3b940,2000088,2000414,2015590,2015690,15.176000,15.502000
30,7655,7655,5de7941,2083051,2083377,2097678,2097778,14.301000,14.627000
31,735,735,42df943,93416,93742,120039,120139,26.297000,26.623000
31,519,519,4207940,104051,104377,137608,137708,33.231000,33.557000
31,686,686,42ae942,128415,128750,149488,149588,20.738000,21.073000
31,170,170,40aa941,140051,140377,162437,162537,22.060000,22.386000
31,1617,1617,4651943,217051,217385,238977,239077,21.592000,21.926000
31,464,464,41d0940,228410,228736,248204,248304,19.468000,19.794000
31,2680,2680,4a78940,193028,193362,256224,256323,62.862000,63.196000
31,3070,3070,4bfe942,288051,288385,316394,316494,28.009000,28.343000
31,659,659,4293940,325051,325377,352421,352521,27.044000,27.370000
31,1586,1586,4632943,391402,391736,429877,429977,38.141000,38.475000
31,458,458,41ca943,400051,400385,435317,435417,34.932000,35.266000
31,2975,2975,4b9f941,408051,408377,440775,440875,32.398000,32.724000
31,2987,2987,4bab941,412395,412729,457282,457382,44.553000,44.887000
31,3468,3468,4d8c943,440051,440377,466416,466516,26.039000,26.365000
31,1434,1434,459a940,417051,417385,472838,472938,55.453000,55.787000
31,4098,4098,5002941,450051,450385,476982,477082,26.597000,26.931000
31,3286,3286,4cd6942,472051,472377,495691,495791,23.314000,23.640000
31,1880,1880,4758941,495051,495377,500967,501067,5.590000,5.916000
31,1283,1283,4503940,499051,499385,539776,539876,40.391000,40.725000
31,3830,3830,4ef6942,618425,618759,645916,646016,27.157000,27.491000
31,3634,3634,4e32943,634409,634743,662884,662984,28.141000,28.475000
31,3636,3636,4e34942,642051,642377,673825,673925,31.448000,31.774000
31,4719,4719,526f942,697196,697530,717726,717826,20.196000,20.530000
31,3886,3886,4f2e942,760109,760435,765162,765262,4.727000,5.053000
31,4323,4323,50e3942,788051,788385,821527,821627,33.142000,33.476000
31,3355,3355,4d1b943,806051,806377,827064,827164,20.687000,21.013000
31,6364,6364,58dc940,1029051,1029377,1055585,1055685,26.208000,26.534000
31,6041,6041,5799940,1065439,1065765,1081750,1081850,15.985000,16.311000
31,9103,9103,638f940,1056051,1056385,1105045,1105145,48.660000,48.994000
31,5248,5248,5480940,1164051,1164385,1184794,1184894,20.409000,20.743000
31,6891,6891,5aeb942,1171051,1171385,1190298,1190398,18.913000,19.247000
31,5923,5923,5723943,1185051,1185377,1203252,1203352,17.875000,18.201000
31,7328,7328,5ca0942,1246051,1246377,1253711,1253811,7.334000,7.660000
31,5344,5344,54e0940,1269051,1269385,1280244,1280344,10.859000,11.193000
31,9450,9450,64ea940,1297051,1297377,1311871,1311971,14.494000,14.820000
31,8590,8590,618e941,1313051,1313377,1350055,1350155,36.678000,37.004000
31,7721,7721,5e29940,1356051,1356385,1393998,1394098,37.613000,37.947000
31,9067,9067,636b943,1465051,1465385,1495716,1495816,30.331000,30.665000
31,10265,10265,6819940,1492051,1492377,1522374,1522474,29.997000,30.323000
31,10521,10521,6919942,1529051,1529385,1541303,1541403,11.918000,12.252000
31,9647,9647,65af941,1513051,1513385,1546823,1546923,33.438000,33.772000
31,8742,8742,6226943,1585296,1585630,1599154,1599254,13.524000,13.858000
31,10944,10944,6ac0940,1769051,1769385,1781107,1781207,11.722000,12.056000
31,9474,9474,6502942,1898051,1898385,1914498,1914598,16.113000,16.447000
31,10332,10332,685c942,2005051,2005385,2020582,2020682,15.197000,15.531000
31,10728,10728,69e8942,2082051,2082377,2099242,2099342,16.865000,17.191000
31,10799,10799,6a2f943,2190051,2190377,2207352,2207452,16.975000,17.301000
32,2098,2098,4832943,122416,122750,158857,158957,36.107000,36.441000
32,736,736,42e0942,161051,161377,172312,172412,10.935000,11.261000
32,1060,1060,4424940,165051,165385,177061,177161,11.676000,12.010000
32,426,426,41aa943,176051,176385,188084,188184,11.699000,12.033000
32,2368,2368,4940942,181051,181377,193564,193664,12.187000,12.513000
32,2766,2766,4ace942,230051,230377,261955,262054,31.578000,31.904000
32,1610,1610,464a942,243051,243385,277628,277728,34.243000,34.577000
32,2310,2310,4906943,186051,186385,293774,293874,107.389000,107.723000
32,1974,1974,47b6943,311051,311385,355211,355311,43.826000,44.160000
32,3872,3872,4f20941,372051,372377,388093,388193,15.716000,16.042000
32,1460,1460,45b4940,387051,387385,401930,402030,14.545000,14.879000
32,1467,1467,45bb940,426051,426377,443206,443306,16.829000,17.155000
32,6191,6191,582f942,574051,574377,592377,592477,18.000000,18.326000
32,3007,3007,4bbf943,592051,592385,618885,618985,26.500000,26.834000
32,3726,3726,4e8e941,589005,589331,651726,651826,62.395000,62.721000
32,4015,4015,4faf940,640051,640377,690253,690353,49.876000,50.202000
32,6499,6499,5963940,684446,684780,695755,695855,10.975000,11.309000
32,7532,7532,5d6c940,707051,707385,717765,717865,10.380000,10.714000
32,6294,6294,5896941,805051,805385,828297,828397,22.912000,23.246000
32,7421,7421,5cfd942,855051,855377,872072,872172,16.695000,17.021000
32,5811,5811,56b3942,931051,931385,940062,940162,8.677000,9.011000
32,5569,5569,55c1942,934992,935318,944246,944346,8.928000,9.254000
32,3943,3943,4f67941,918051,918385,948389,948489,30.004000,30.338000
32,3363,3363,4d23943,954051,954385,964045,964145,9.660000,9.994000
32,6671,6671,5a0f941,1025051,1025377,1058353,1058453,32.976000,33.302000
32,8182,8182,5ff6943,1193051,1193377,1201634,1201734,8.257000,8.583000
32,7879,7879,5ec7941,1198051,1198377,1223960,1224060,25.583000,25.909000
32,6822,6822,5aa6941,1210051,1210385,1228118,1228218,17.733000,18.067000
32,8204,8204,600c941,1214051,1214377,1232271,1232371,17.894000,18.220000
32,7319,7319,5c97943,1231051,1231377,1245882,1245982,14.505000,14.831000
32,7995,7995,5f3b941,1236051,1236377,1268397,1268497,32.020000,32.346000
32,10954,10954,6aca941,1350051,1350377,1360703,1360803,10.326000,10.652000
32,4892,4892,531c943,1377051,1377385,1397327,1397427,19.942000,20.276000
32,7106,7106,5bc2941,1409952,1410286,1436899,1436999,26.613000,26.947000
32,10778,10778,6a1a940,1432051,1432377,1442336,1442436,9.959000,10.285000
32,9920,9920,66c0940,1426051,1426385,1458245,1458345,31.860000,32.194000
32,7555,7555,5d83941,1497895,1498229,1534427,1534527,36.198000,36.532000
32,8438,8438,60f6943,1589051,1589377,1603095,1603195,13.718000,14.044000
32,10050,10050,6742940,1605051,1605377,1616352,1616452,10.975000,11.301000
32,10965,10965,6ad5943,1621051,1621385,1649777,1649877,28.392000,28.726000
32,10622,10622,697e943,1626460,1626794,1655220,1655320,28.426000,28.760000
32,5087,5087,53df941,1646051,1646377,1661651,1661751,15.274000,15.600000
32,10286,10286,682e940,1676051,1676385,1684669,1684769,8.284000,8.618000
32,10484,10484,68f4942,1725051,1725377,1745631,1745731,20.254000,20.580000
32,9676,9676,65cc942,1836051,1836377,1845485,1845585,9.108000,9.434000
32,10255,10255,680f940,2053051,2053377,2066080,2066180,12.703000,13.029000
32,9543,9543,6547942,2072051,2072385,2091118,2091218,18.733000,19.067000
32,6838,6838,5ab6941,2085416,2085742,2095285,2095386,9.543000,9.869000
32,9862,9862,6686940,2176051,2176385,2190876,2190976,14.491000,14.825000
32,10383,10383,688f942,2247051,2247377,2266214,2266314,18.837000,19.163000
32,9483,9483,650b940,2323051,2323385,2343919,2344019,20.534000,20.868000
32,9130,9130,63aa941,2442446,2442780,2458144,2458244,15.364000,15.698000
33,224,224,40e0941,71051,71377,76095,76195,4.718000,5.044000
33,2391,2391,4957940,70051,70377,91810,91910,21.433000,21.759000
33,2021,2021,47e5942,125051,125377,146243,146343,20.866000,21.192000
33,261,261,4105941,119051,119377,163920,164020,44.543000,44.869000
33,856,856,4358941,180783,181117,197211,197311,16.094000,16.428000
33,11,11,400b943,183051,183385,202740,202840,19.355000,19.689000
33,734,734,42de942,220051,220377,239284,239384,18.907000,19.233000
33,478,478,41de942,281051,281377,290111,290211,8.734000,9.060000
33,3430,3430,4d66941,299395,299721,323849,323949,24.128000,24.454000
33,1002,1002,43ea940,319051,319385,328039,328139,8.654000,8.988000
33,2094,2094,482e941,325051,325385,338927,339027,13.542000,13.876000
33,1156,1156,4484940,397051,397377,409963,410063,12.586000,12.912000
33,4898,4898,5322943,416051,416385,447039,447139,30.654000,30.988000
33,2087,2087,4827943,453051,453385,459025,459125,5.640000,5.974000
33,1856,1856,4740943,512050,512377,524231,524331,11.854000,12.181000
33,2536,2536,49e8943,489051,489385,529747,529847,40.362000,40.696000
33,4478,4478,517e943,521049,521382,535088,535188,13.706000,14.039000
33,2421,2421,4975940,508051,508385,555331,555431,46.946000,47.280000
33,2347,2347,492b942,565051,565377,582498,582598,17.121000,17.447000
33,4491,4491,518b941,571051,571377,586686,586786,15.309000,15.635000
33,5111,5111,53f7941,627051,627377,642590,642690,15.213000,15.539000
33,3330,3330,4d02941,627337,627663,675233,675333,47.570000,47.896000
33,5766,5766,5686940,883051,883385,924149,924249,40.764000,41.098000
33,3335,3335,4d07943,917300,917634,937553,937653,19.919000,20.253000
33,6537,6537,5989940,912051,912377,989749,989849,77.372000,77.698000
33,6937,6937,5b19940,970051,970377,1000737,1000837,30.360000,30.686000
33,5918,5918,571e941,936852,937186,1005300,1005400,68.114000,68.448000
33,8808,8808,6268943,973051,973385,1009419,1009519,36.034000,36.368000
33,8485,8485,6125942,998051,998385,1021740,1021840,23.355000,23.689000
33,6239,6239,585f942,1052051,1052385,1089496,1089596,37.111000,37.445000
33,8593,8593,6191942,1077051,1077377,1156459,1156559,79.082000,79.408000
33,4604,4604,51fc941,1194051,1194377,1223086,1223186,28.709000,29.035000
33,6423,6423,5917942,1211051,1211385,1239500,1239600,28.115000,28.449000
33,6093,6093,57cd941,1222409,1222743,1273702,1273802,50.959000,51.293000
33,4697,4697,5259941,1285051,1285385,1313122,1313222,27.737000,28.071000
33,6633,6633,59e9941,1262118,1262444,1344874,1344974,82.430000,82.756000
33,7344,7344,5cb0943,1364051,1364377,1409336,1409436,44.959000,45.285000
33,5330,5330,54d2940,1419453,1419779,1464063,1464163,44.284000,44.610000
33,6006,6006,5776942,1504051,1504377,1519611,1519711,15.234000,15.560000
33,10331,10331,685b943,1501051,1501377,1542418,1542518,41.041000,41.367000
33,6662,6662,5a06941,1545051,1545385,1582848,1582948,37.463000,37.797000
33,7034,7034,5b7a943,1560431,1560757,1591640,1591740,30.883000,31.209000
33,8488,8488,6128940,1615051,1615385,1628039,1628139,12.654000,12.988000
33,10229,10229,67f5941,1643051,1643385,1659723,1659823,16.338000,16.672000
33,8451,8451,6103941,1710913,1711239,1724797,1724897,13.558000,13.884000
33,9714,9714,65f2940,1711033,1711359,1736806,1736906,25.447000,25.773000
33,6842,6842,5aba940,1723416,1723742,1742338,1742438,18.596000,18.922000
33,9700,9700,65e4942,2416051,2416385,2432741,2432841,16.356000,16.690000
34,773,773,4305940,182051,182377,196307,196407,13.930000,14.256000
34,955,955,43bb942,187051,187377,211549,211649,24.172000,24.498000
34,1115,1115,445b942,162051,162377,217027,217127,54.650000,54.976000
34,3432,3432,4d68941,311051,311385,327707,327807,16.322000,16.656000
34,2369,2369,4941942,325051,325377,348250,348350,22.873000,23.199000
34,2239,2239,48bf941,327424,327750,364608,364708,36.858000,37.184000
34,1959,1959,47a7940,335051,335377,397522,397622,62.145000,62.471000
34,3875,3875,4f23942,456135,456469,503887,503987,47.418000,47.752000
34,3137,3137,4c41940,494051,494377,508086,508186,13.709000,14.035000
34,2154,2154,486a941,438321,438655,520251,520351,81.596000,81.930000
34,2095,2095,482f940,527051,527385,536715,536815,9.330000,9.664000
34,5724,5724,565c942,530051,530385,550068,550168,19.683000,20.017000
34,3322,3322,4cfa942,519050,519377,561123,561223,41.746000,42.073000
34,2822,2822,4b06941,536051,536385,572087,572187,35.702000,36.036000
34,7068,7068,5b9c940,652051,652385,671727,671827,19.342000,19.676000
34,4256,4256,50a0941,728051,728377,753728,753828,25.351000,25.677000
34,1540,1540,4604940,756051,756377,776158,776258,19.781000,20.107000
34,6126,6126,57ee941,768051,768377,783754,783854,15.377000,15.703000
34,5009,5009,5391941,775051,775385,803115,803215,27.730000,28.064000
34,2760,2760,4ac8943,816051,816385,824639,824739,8.254000,8.588000
34,3445,3445,4d75943,968051,968385,974001,974101,5.616000,5.950000
34,9313,9313,6461943,990998,991332,1005779,1005879,14.447000,14.781000
34,8878,8878,62ae943,1068051,1068377,1095391,1095491,27.014000,27.340000
34,8284,8284,605c940,1086051,1086385,1117279,1117379,30.894000,31.228000
34,7267,7267,5c63941,1170051,1170385,1187199,1187299,16.814000,17.148000
34,5932,5932,572c941,1220051,1220377,1225994,1226094,5.617000,5.943000
34,4914,4914,5332940,1233051,1233377,1264367,1264467,30.990000,31.316000
34,10583,10583,6957942,1314632,1314958,1353913,1354013,38.955000,39.281000
34,8876,8876,62ac941,1362402,1362736,1368419,1368519,5.683000,6.017000
34,9736,9736,6608941,1455051,1455385,1476164,1476264,20.779000,21.113000
34,8144,8144,5fd0941,1538424,1538750,1554545,1554645,15.795000,16.121000
34,8801,8801,6261941,1536051,1536377,1561094,1561194,24.717000,25.043000
34,10189,10189,67cd941,1596051,1596385,1604702,1604802,8.317000,8.651000
34,7719,7719,5e27940,1615051,1615377,1642409,1642509,27.032000,27.358000
34,8487,8487,6127941,1723051,1723377,1731652,1731752,8.275000,8.601000
34,9002,9002,632a942,1736424,1736750,1750172,1750272,13.422000,13.748000
34,10536,10536,6928942,1780051,1780377,1802551,1802651,22.174000,22.500000
34,9338,9338,647a941,1882051,1882385,1903654,1903754,21.269000,21.603000
34,9616,9616,6590943,1904051,1904377,1912715,1912815,8.338000,8.664000
34,10885,10885,6a85943,2040051,2040377,2046895,2046995,6.518000,6.844000
34,10350,10350,686e943,2094051,2094377,2110703,2110803,16.326000,16.652000
34,10995,10995,6af3942,2263051,2263377,2282258,2282358,18.881000,19.207000
34,10245,10245,6805941,2663051,2663385,2676939,2677039,13.554000,13.888000
35,879,879,436f941,172051,172385,178915,179015,6.530000,6.864000
35,711,711,42c7940,220051,220385,246240,246340,25.855000,26.189000
35,479,479,41df942,250051,250385,264856,264956,14.471000,14.805000
35,1774,1774,46ee943,259051,259376,284433,284533,25.057000,25.382000
35,2013,2013,47dd943,292051,292377,321628,321728,29.251000,29.577000
35,2704,2704,4a90941,342051,342385,360636,360736,18.251000,18.585000
35,3234,3234,4ca2940,298309,298643,387928,388028,89.285000,89.619000
35,4172,4172,504c940,465051,465377,497273,497373,31.896000,32.222000
35,3939,3939,4f63941,488051,488377,508295,508395,19.918000,20.244000
35,5529,5529,5599942,477051,477385,513781,513882,36.396000,36.730000
35,5940,5940,5734942,524221,524555,574219,574319,49.664000,49.998000
35,2861,2861,4b2d941,584051,584385,601819,601919,17.434000,17.768000
35,4387,4387,5123941,693051,693377,709580,709680,16.203000,16.529000
35,4831,4831,52df942,765051,765377,778599,778699,13.222000,13.548000
35,6055,6055,57a7942,781051,781385,794153,794253,12.768000,13.102000
35,4430,4430,514e943,727051,727385,817117,817217,89.732000,90.066000
35,9817,9817,6659943,820051,820377,857142,857242,36.765000,37.091000
35,3992,3992,4f98941,861051,861385,932027,932127,70.642000,70.976000
35,7529,7529,5d69942,973417,973743,992147,992247,18.404000,18.730000
35,9735,9735,6607940,952051,952385,1027988,1028088,75.603000,75.937000
35,8206,8206,600e940,1154051,1154385,1159145,1159245,4.760000,5.094000
35,8616,8616,61a8943,1200051,1200385,1206064,1206164,5.679000,6.013000
35,9097,9097,6389943,1181051,1181377,1210384,1210484,29.007000,29.333000
35,4600,4600,51f8941,1144371,1144697,1215758,1215858,71.061000,71.387000
35,7426,7426,5d02940,1230051,1230385,1246799,1246899,16.414000,16.748000
35,5956,5956,5744941,1160913,1161247,1259546,1259646,98.299000,98.633000
35,4647,4647,5227941,1238051,1238385,1263719,1263819,25.334000,25.668000
35,4126,4126,501e942,1256051,1256377,1271557,1271657,15.180000,15.506000
35,10066,10066,6752940,1229051,1229377,1277479,1277579,48.102000,48.428000
35,10453,10453,68d5943,1278051,1278377,1305473,1305573,27.096000,27.422000
35,10987,10987,6aeb943,1293136,1293470,1368827,1368927,75.357000,75.691000
35,5615,5615,55ef941,1389051,1389377,1406053,1406153,16.676000,17.002000
35,8318,8318,607e942,1423518,1423844,1447915,1448015,24.071000,24.397000
35,9983,9983,66ff940,1361051,1361377,1453493,1453593,92.116000,92.442000
35,10574,10574,694e940,1486074,1486408,1507414,1507514,21.006000,21.340000
35,8599,8599,6197940,1512051,1512385,1529121,1529221,16.736000,17.070000
35,8023,8023,5f57941,1519051,1519385,1534781,1534881,15.396000,15.730000
35,10735,10735,69ef942,1574051,1574377,1599373,1599473,24.996000,25.322000
35,7432,7432,5d08943,1698051,1698385,1717220,1717320,18.835000,19.169000
35,9394,9394,64b2942,1724051,1724377,1739575,1739675,15.198000,15.524000
35,9793,9793,6641941,1761051,1761377,1775969,1776069,14.592000,14.918000
35,9307,9307,645b941,1795051,1795377,1811451,1811551,16.074000,16.400000
35,9196,9196,63ec940,1988051,1988377,2009609,2009709,21.232000,21.558000
35,10896,10896,6a90942,2313051,2313385,2329510,2329610,16.125000,16.459000
36,425,425,41a9943,78051,78385,93540,93640,15.155000,15.489000
36,953,953,43b9940,69051,69385,99163,99263,29.778000,30.112000
36,181,181,40b5941,77051,77385,109952,110052,32.567000,32.901000
36,2953,2953,4b89940,274051,274385,287960,288060,13.575000,13.909000
36,3122,3122,4c32942,293051,293377,331834,331934,38.457000,38.783000
36,487,487,41e7943,287051,287377,342764,342864,55.387000,55.713000
36,2957,2957,4b8d940,348246,348572,392273,392373,43.701000,44.027000
36,2132,2132,4854941,416051,416377,435860,435960,19.483000,19.809000
36,2234,2234,48ba941,425431,425757,441072,441172,15.315000,15.641000
36,2141,2141,485d941,497051,497377,503790,503890,6.413000,6.739000
36,4481,4481,5181940,576051,576385,594626,594726,18.241000,18.575000
36,3898,3898,4f3a940,580051,580385,600174,600274,19.789000,20.123000
36,4117,4117,5015941,645051,645377,673520,673620,28.143000,28.469000
36,8175,8175,5fef942,678051,678377,697112,697212,18.735000,19.061000
36,5106,5106,53f2941,715051,715385,727985,728085,12.600000,12.934000
36,6013,6013,577d943,764051,764385,835004,835104,70.619000,70.953000
36,8357,8357,60a5943,928446,928780,943871,943971,15.091000,15.425000
36,4130,4130,5022940,903051,903377,993975,994075,90.598000,90.924000
36,5236,5236,5474942,980051,980377,1010547,1010647,30.170000,30.496000
36,4876,4876,530c941,1065949,1066275,1113834,1113934,47.559000,47.885000
36,7128,7128,5bd8942,1231189,1231523,1244395,1244495,12.872000,13.206000
36,4690,4690,5252940,1226051,1226377,1255402,1255502,29.025000,29.351000
36,5173,5173,5435941,1237051,1237377,1279584,1279684,42.207000,42.533000
36,7086,7086,5bae941,1438051,1438385,1449094,1449194,10.709000,11.043000
36,9370,9370,649a942,1423051,1423377,1484861,1484961,61.484000,61.810000
36,9958,9958,66e6941,1521051,1521385,1532205,1532305,10.820000,11.154000
36,10213,10213,67e5943,1614051,1614377,1630257,1630357,15.880000,16.206000
36,6590,6590,59be940,1822051,1822377,1841107,1841207,18.730000,19.056000
36,9388,9388,64ac942,1840051,1840385,1848665,1848765,8.280000,8.614000
36,9150,9150,63be941,1912439,1912765,1936359,1936459,23.594000,23.920000
36,8418,8418,60e2940,2221051,2221377,2240145,2240245,18.768000,19.094000
36,10729,10729,69e9941,2305051,2305385,2317114,2317214,11.729000,12.063000
37,331,331,414b940,24051,24385,35451,35551,11.066000,11.400000
37,466,466,41d2943,48051,48385,61156,61256,12.771000,13.105000
37,231,231,40e7940,49051,49377,66655,66755,17.278000,17.604000
37,518,518,4206943,48051,48377,72155,72255,23.778000,24.104000
37,57,57,4039942,165051,165385,172786,172886,7.401000,7.735000
37,453,453,41c5942,212051,212377,234639,234739,22.262000,22.588000
37,2519,2519,49d7941,230051,230377,238784,238884,8.407000,8.733000
37,1050,1050,441a941,202051,202385,247762,247862,45.377000,45.711000
37,1255,1255,44e7942,241051,241377,253206,253306,11.829000,12.155000
37,1654,1654,4676941,234051,234377,258714,258814,24.337000,24.663000
37,1053,1053,441d943,235051,235377,264218,264318,28.841000,29.167000
37,1464,1464,45b8941,262051,262385,296406,296506,34.021000,34.355000
37,996,996,43e4943,287051,287377,303592,303692,16.215000,16.541000
37,961,961,43c1942,316051,316377,321157,321257,4.780000,5.106000
37,2966,2966,4b96943,352051,352377,372743,372843,20.366000,20.692000
37,2111,2111,483f943,440051,440377,447712,447812,7.335000,7.661000
37,3505,3505,4db1942,450362,450688,478543,478643,27.855000,28.181000
37,5065,5065,53c9942,489018,489352,550057,550157,60.705000,61.039000
37,4368,4368,5110942,550051,550377,557737,557837,7.360000,7.686000
37,3747,3747,4ea3943,571051,571377,597217,597317,25.840000,26.166000
37,4329,4329,50e9940,594051,594377,604399,604499,10.022000,10.348000
37,4073,4073,4fe9941,602945,603271,614259,614359,10.988000,11.314000
37,3302,3302,4ce6942,676051,676377,691196,691296,14.819000,15.145000
37,1668,1668,4684940,767051,767385,772968,773068,5.583000,5.917000
37,5594,5594,55da940,812051,812385,829187,829287,16.802000,17.136000
37,2005,2005,47d5940,821431,821757,837541,837641,15.784000,16.110000
37,3891,3891,4f33941,823691,824017,854180,854280,30.163000,30.489000
37,3910,3910,4f46940,917051,917377,926474,926574,9.097000,9.423000
37,4341,4341,50f5941,922639,922965,937363,937463,14.398000,14.724000
37,3429,3429,4d65941,1040051,1040377,1070784,1070884,30.407000,30.733000
37,7486,7486,5d3e942,1110051,1110377,1118633,1118733,8.256000,8.582000
37,7504,7504,5d50943,1092051,1092377,1124129,1124229,31.752000,32.078000
37,7785,7785,5e69943,1264051,1264377,1277509,1277609,13.132000,13.458000
37,7286,7286,5c76941,1263051,1263385,1313855,1313955,50.470000,50.804000
37,5642,5642,560a940,1304051,1304385,1319217,1319317,14.832000,15.166000
37,6708,6708,5a34942,1343051,1343385,1373906,1374006,30.521000,30.855000
37,9159,9159,63c7941,1422051,1422377,1430634,1430734,8.257000,8.583000
37,9942,9942,66d6943,1439051,1439385,1448328,1448428,8.943000,9.277000
37,5510,5510,5586941,1451873,1452207,1493627,1493727,41.420000,41.754000
37,6788,6788,5a84942,1524051,1524385,1531725,1531825,7.340000,7.674000
37,10591,10591,695f940,1535051,1535385,1546413,1546513,11.028000,11.362000
37,7601,7601,5db1943,1698051,1698385,1718042,1718142,19.657000,19.991000
37,9127,9127,63a7942,1711051,1711377,1741039,1741139,29.662000,29.988000
37,9926,9926,66c6941,1745051,1745385,1752747,1752847,7.362000,7.696000
37,8289,8289,6061943,1895051,1895377,1918090,1918190,22.713000,23.039000
37,9062,9062,6366941,1973051,1973377,1990314,1990414,16.937000,17.263000
37,9431,9431,64d7943,2028051,2028385,2044399,2044499,16.014000,16.348000
37,7699,7699,5e13941,2134051,2134377,2154118,2154218,19.741000,20.067000
37,10730,10730,69ea943,2212051,2212385,2229448,2229548,17.063000,17.397000
37,7816,7816,5e88941,2220051,2220385,2233668,2233768,13.283000,13.617000
37,8111,8111,5faf941,2254051,2254377,2263586,2263686,9.209000,9.535000
37,8725,8725,6215940,2413051,2413385,2433085,2433185,19.700000,20.034000
38,29,29,401d940,35051,35385,42223,42323,6.838000,7.172000
38,73,73,4049941,54051,54385,73584,73684,19.199000,19.533000
38,944,944,43b0943,84051,84385,96083,96183,11.698000,12.032000
38,660,660,4294941,64051,64377,106960,107060,42.583000,42.909000
38,2150,2150,4866940,98051,98377,128876,128976,30.499000,30.825000
38,357,357,4165942,131051,131377,141344,141444,9.967000,10.293000
38,2833,2833,4b11940,255353,255687,266844,266944,11.157000,11.491000
38,1173,1173,4495940,254051,254385,281985,282085,27.600000,27.934000
38,3030,3030,4bd6943,247409,247743,292842,292942,45.099000,45.433000
38,831,831,433f941,310051,310385,344754,344854,34.369000,34.703000
38,1058,1058,4422943,334051,334377,350262,350362,15.885000,16.211000
38,979,979,43d3940,359051,359385,376365,376465,16.980000,17.314000
38,1414,1414,4586941,362051,362377,386840,386940,24.463000,24.789000
38,1824,1824,4720943,388051,388385,410437,410537,22.052000,22.386000
38,2285,2285,48ed943,410051,410377,424737,424837,14.360000,14.686000
38,3603,3603,4e13941,426051,426377,441920,442020,15.543000,15.869000
38,3434,3434,4d6a941,468051,468385,488483,488583,20.098000,20.432000
38,2083,2083,4823943,486051,486377,507215,507315,20.838000,21.164000
38,5757,5757,567d941,664051,664377,671681,671781,7.304000,7.630000
38,4092,4092,4ffc941,650395,650721,713222,713322,62.501000,62.827000
38,3718,3718,4e86943,720051,720377,746149,746249,25.772000,26.098000
38,3777,3777,4ec1941,754051,754377,772578,772678,18.201000,18.527000
38,4411,4411,513b940,793051,793385,799910,800010,6.525000,6.859000
38,5072,5072,53d0943,877051,877377,900545,900645,23.168000,23.494000
38,3128,3128,4c38940,922051,922377,950516,950616,28.139000,28.465000
38,5889,5889,5701942,957051,957377,1000950,1001050,43.573000,43.899000
38,6104,6104,57d8940,1029051,1029385,1036815,1036915,7.430000,7.764000
38,8646,8646,61c6940,1108051,1108385,1131858,1131958,23.473000,23.807000
38,9199,9199,63ef940,1151051,1151377,1175083,1175183,23.706000,24.032000
38,8336,8336,6090942,1180051,1180385,1188601,1188701,8.216000,8.550000
38,7063,7063,5b97942,1297051,1297377,1316226,1316326,18.849000,19.175000
38,8503,8503,6137942,1331051,1331377,1354619,1354719,23.242000,23.568000
38,8629,8629,61b5943,1420051,1420385,1439693,1439793,19.308000,19.642000
38,9174,9174,63d6943,1401934,1402260,1458871,1458971,56.611000,56.937000
38,10804,10804,6a34943,1723051,1723385,1736896,1736996,13.511000,13.845000
38,9065,9065,6369942,1933051,1933385,1953083,1953183,19.698000,20.032000
38,8050,8050,5f72940,2394051,2394385,2401801,2401901,7.416000,7.750000
38,10723,10723,69e3940,2820051,2820385,2840870,2840970,20.485000,20.819000
39,444,444,41bc942,111051,111377,124693,124793,13.316000,13.642000
39,243,243,40f3940,147051,147385,152149,152249,4.764000,5.098000
39,1077,1077,4435942,172051,172385,189584,189684,17.199000,17.533000
39,1144,1144,4478942,205051,205377,225883,225983,20.506000,20.832000
39,1705,1705,46a9942,202051,202385,231407,231507,29.022000,29.356000
39,1925,1925,4785943,207051,207385,236870,236970,29.485000,29.819000
39,1101,1101,444d940,237051,237385,254454,254554,17.069000,17.403000
39,1779,1779,46f3941,246051,246377,270003,270103,23.626000,23.952000
39,2295,2295,48f7943,287051,287385,296665,296765,9.280000,9.614000
39,336,336,4150943,269051,269385,315480,315580,46.095000,46.429000
39,1716,1716,46b4940,279051,279385,320947,321047,41.562000,41.896000
39,2514,2514,49d2941,327051,327377,344334,344434,16.957000,17.283000
39,2669,2669,4a6d942,337051,337377,360628,360728,23.251000,23.577000
39,4404,4404,5134942,336242,336568,371526,371626,34.958000,35.284000
39,1518,1518,45ee942,346051,346377,377089,377189,30.712000,31.038000
39,2398,2398,495e940,369051,369385,382601,382701,13.216000,13.550000
39,1869,1869,474d943,371051,371385,393554,393654,22.169000,22.503000
39,3058,3058,4bf2941,441051,441385,462601,462701,21.216000,21.550000
39,5341,5341,54dd943,485051,485385,538865,538965,53.480000,53.814000
39,6834,6834,5ab2940,526051,526385,555434,555534,29.049000,29.383000
39,3959,3959,4f77940,575051,575377,593605,593705,18.228000,18.554000
39,2232,2232,48b8942,610051,610377,622565,622665,12.188000,12.514000
39,3171,3171,4c63943,629051,629377,656225,656325,26.848000,27.174000
39,2790,2790,4ae6941,618438,618764,667056,667156,48.292000,48.618000
39,4156,4156,503c942,686051,686385,699970,700070,13.585000,13.919000
39,3020,3020,4bcc940,776051,776377,784704,784804,8.327000,8.653000
39,5020,5020,539c940,776051,776385,798524,798624,22.139000,22.473000
39,4264,4264,50a8941,770446,770780,802661,802761,31.881000,32.215000
39,5570,5570,55c2941,809051,809385,830467,830567,21.082000,21.416000
39,7004,7004,5b5c942,845051,845377,868677,868777,23.300000,23.626000
39,4795,4795,52bb940,862051,862385,874165,874265,11.780000,12.114000
39,5298,5298,54b2942,916051,916377,960886,960986,44.509000,44.835000
39,5954,5954,5742940,916051,916385,966366,966466,49.981000,50.315000
39,4446,4446,515e943,1026051,1026385,1035490,1035590,9.105000,9.439000
39,5653,5653,5615941,1011051,1011385,1070984,1071084,59.599000,59.933000
39,9786,9786,663a941,1117051,1117377,1166083,1166183,48.706000,49.032000
39,5974,5974,5756942,1247051,1247377,1255914,1256014,8.537000,8.863000
39,8799,8799,625f943,1329051,1329377,1341578,1341678,12.201000,12.527000
39,9829,9829,6665943,1353051,1353377,1366441,1366541,13.064000,13.390000
39,8297,8297,6069940,1369425,1369759,1382929,1383029,13.170000,13.504000
39,8129,8129,5fc1941,1379051,1379377,1389730,1389830,10.353000,10.679000
39,9770,9770,662a943,1418051,1418377,1431962,1432062,13.585000,13.911000
39,10609,10609,6971943,1422051,1422385,1448459,1448559,26.074000,26.408000
39,9980,9980,66fc943,1448051,1448377,1460977,1461077,12.600000,12.926000
39,9948,9948,66dc940,1478051,1478377,1504695,1504795,26.318000,26.644000
39,9768,9768,6628942,1540051,1540377,1559865,1559965,19.488000,19.814000
39,8766,8766,623e943,1603051,1603385,1620345,1620445,16.960000,17.294000
39,9441,9441,64e1943,1638051,1638385,1669391,1669491,31.006000,31.340000
39,8849,8849,6291942,1723051,1723385,1735720,1735820,12.335000,12.669000
39,10339,10339,6863942,1903051,1903377,1910744,1910844,7.367000,7.693000
39,9252,9252,6424943,1907051,1907385,1925789,1925889,18.404000,18.738000
39,10092,10092,676c941,1940051,1940377,1949623,1949723,9.246000,9.572000
39,9708,9708,65ec941,2020051,2020377,2031254,2031354,10.877000,11.203000
39,9975,9975,66f7941,2133051,2133377,2144221,2144321,10.844000,11.170000
40,334,334,414e940,33051,33385,55081,55181,21.696000,22.030000
40,1105,1105,4451941,109051,109385,130066,130165,20.681000,21.015000
40,1340,1340,453c940,233051,233377,239027,239127,5.650000,5.976000
40,546,546,4222942,245051,245377,252713,252813,7.336000,7.662000
40,991,991,43df940,298051,298385,311129,311229,12.744000,13.078000
40,2008,2008,47d8942,425051,425377,435061,435161,9.684000,10.010000
40,3060,3060,4bf4943,473051,473385,496668,496768,23.283000,23.617000
40,1874,1874,4752942,550051,550385,560401,560501,10.016000,10.350000
40,4029,4029,4fbd940,543051,543385,567266,567366,23.881000,24.215000
40,2136,2136,4858942,565051,565377,572629,572729,7.252000,7.578000
40,3368,3368,4d28940,574051,574377,580020,580120,5.643000,5.969000
40,1692,1692,469c943,634051,634377,643526,643626,9.149000,9.475000
40,4622,4622,520e941,640544,640870,649000,649100,8.130000,8.456000
40,2910,2910,4b5e941,638051,638385,654220,654320,15.835000,16.169000
40,5352,5352,54e8940,687051,687385,706127,706227,18.742000,19.076000
40,7590,7590,5da6943,802051,802377,808016,808116,5.639000,5.965000
40,5024,5024,53a0943,823051,823377,834708,834808,11.331000,11.657000
40,2840,2840,4b18943,835051,835377,888615,888715,53.238000,53.564000
40,4436,4436,5154940,838051,838385,894050,894150,55.665000,55.999000
40,5305,5305,54b9943,897051,897385,911865,911965,14.480000,14.814000
40,5221,5221,5465941,955051,955385,980120,980220,24.735000,25.069000
40,9445,9445,64e5943,1049051,1049377,1067348,1067448,17.971000,18.297000
40,6327,6327,58b7941,1180051,1180377,1211278,1211378,30.901000,31.227000
40,7322,7322,5c9a941,1195051,1195377,1227750,1227850,32.373000,32.699000
40,7768,7768,5e58940,1222813,1223147,1273261,1273361,50.114000,50.448000
40,5690,5690,563a941,1316051,1316377,1328106,1328206,11.729000,12.055000
40,6606,6606,59ce942,1351252,1351586,1366451,1366551,14.865000,15.199000
40,9838,9838,666e940,1361051,1361385,1375387,1375487,14.002000,14.336000
40,9531,9531,653b941,1377051,1377385,1392670,1392770,15.285000,15.619000
40,9227,9227,640b943,1394051,1394385,1407064,1407164,12.679000,13.013000
40,10541,10541,692d941,1433051,1433385,1439899,1439999,6.514000,6.848000
40,9911,9911,66b7940,1456051,1456377,1473832,1473932,17.455000,17.781000
40,6409,6409,5909941,1489051,1489385,1500366,1500466,10.981000,11.315000
40,10576,10576,6950941,1559051,1559385,1578211,1578311,18.826000,19.160000
40,9080,9080,6378941,1646051,1646377,1684647,1684747,38.270000,38.596000
40,8987,8987,631b943,1826051,1826377,1840544,1840644,14.167000,14.493000
40,10102,10102,6776940,2010051,2010385,2019565,2019665,9.180000,9.514000
40,8444,8444,60fc942,2125051,2125377,2144954,2145054,19.577000,19.903000
40,10321,10321,6851940,2195051,2195377,2210696,2210796,15.319000,15.645000
41,309,309,4135943,71051,71377,86633,86733,15.256000,15.582000
41,1395,1395,4573940,101051,101385,109625,109725,8.240000,8.574000
41,2430,2430,497e941,82699,83025,127132,127232,44.107000,44.433000
41,39,39,4027942,146051,146385,159880,159980,13.495000,13.829000
41,780,780,430c941,119716,120042,165363,165463,45.321000,45.647000
41,1158,1158,4486941,244051,244385,308224,308324,63.839000,64.173000
41,1125,1125,4465941,300051,300377,319152,319252,18.775000,19.101000
41,3688,3688,4e68941,252380,252714,350398,350498,97.684000,98.018000
41,3892,3892,4f34941,267051,267377,375769,375869,108.392000,108.718000
41,717,717,42cd941,369051,369385,382853,382953,13.468000,13.802000
41,3865,3865,4f19941,416051,416377,424423,424523,8.046000,8.372000
41,2623,2623,4a3f940,437319,437653,468184,468284,30.531000,30.865000
41,1971,1971,47b3940,448051,448385,473696,473796,25.311000,25.645000
41,883,883,4373940,508051,508385,517504,517603,9.119000,9.453000
41,4338,4338,50f2940,494051,494377,548170,548270,53.793000,54.119000
41,5057,5057,53c1943,513050,513385,559214,559314,45.829000,46.164000
41,4638,4638,521e942,555051,555377,572080,572180,16.703000,17.029000
41,3963,3963,4f7b943,633051,633385,646833,646933,13.448000,13.782000
41,4316,4316,50dc942,685051,685377,694941,695041,9.564000,9.890000
41,3049,3049,4be9940,717051,717377,729959,730059,12.582000,12.908000
41,5247,5247,547f942,717051,717385,735278,735378,17.893000,18.227000
41,5273,5273,5499942,709134,709468,765131,765231,55.663000,55.997000
41,6248,6248,5868942,847051,847377,872538,872638,25.161000,25.487000
41,5429,5429,5535941,829051,829377,896262,896362,66.885000,67.211000
41,6190,6190,582e941,959051,959385,981915,982015,22.530000,22.864000
41,4373,4373,5115942,1036855,1037189,1062722,1062822,25.533000,25.867000
41,2463,2463,499f940,979051,979385,1071599,1071699,92.214000,92.548000
41,6410,6410,590a943,1075424,1075750,1090827,1090927,15.077000,15.403000
41,7855,7855,5eaf943,1087051,1087385,1127341,1127441,39.956000,40.290000
41,6795,6795,5a8b940,1116535,1116861,1150665,1150765,33.804000,34.130000
41,6775,6775,5a77941,1201051,1201385,1209617,1209717,8.232000,8.566000
41,10599,10599,6967943,1234051,1234377,1249611,1249711,15.234000,15.560000
41,10417,10417,68b1941,1313051,1313385,1321587,1321687,8.202000,8.536000
41,6516,6516,5974942,1315051,1315377,1345820,1345920,30.443000,30.769000
41,6286,6286,588e940,1441051,1441385,1449742,1449842,8.357000,8.691000
41,7872,7872,5ec0943,1465051,1465385,1472764,1472864,7.379000,7.713000
41,8014,8014,5f4e943,1486051,1486385,1502651,1502751,16.266000,16.600000
41,8759,8759,6237941,1573051,1573385,1595263,1595363,21.878000,22.212000
41,10422,10422,68b6941,1608051,1608385,1622633,1622733,14.248000,14.582000
41,8704,8704,6200940,1721051,1721385,1727929,1728029,6.544000,6.878000
42,125,125,407d942,212051,212385,225516,225616,13.131000,13.465000
42,2729,2729,4aa9940,258051,258385,273541,273641,15.156000,15.490000
42,3633,3633,4e31942,323051,323385,332568,332668,9.183000,9.517000
42,3720,3720,4e88942,340051,340377,362102,362202,21.725000,22.051000
42,1510,1510,45e6942,381051,381377,388742,388842,7.365000,7.691000
42,1648,1648,4670940,358051,358385,394802,394902,36.417000,36.751000
42,3152,3152,4c50940,415051,415377,426181,426281,10.804000,11.130000
42,3664,3664,4e50943,306051,306377,442505,442605,136.128000,136.454000
42,2690,2690,4a82943,410051,410377,464498,464598,54.121000,54.447000
42,3586,3586,4e02942,482051,482377,497108,497208,14.731000,15.057000
42,5986,5986,5762940,657051,657385,687533,687633,30.148000,30.482000
42,4090,4090,4ffa940,700051,700385,714708,714808,14.323000,14.657000
42,3294,3294,4cde941,683403,683737,725674,725774,41.937000,42.271000
42,4591,4591,51ef942,650978,651304,731169,731269,79.865000,80.191000
42,5329,5329,54d1940,919051,919385,950512,950612,31.127000,31.461000
42,6913,6913,5b01940,960215,960549,968701,968801,8.152000,8.486000
42,5922,5922,5722941,942051,942385,989271,989371,46.886000,47.220000
42,4295,4295,50c7943,924051,924385,993408,993508,69.023000,69.357000
42,10697,10697,69c9942,1152051,1152377,1184320,1184420,31.943000,32.269000
42,4621,4621,520d941,1170051,1170377,1200882,1200982,30.505000,30.831000
42,6484,6484,5954941,1191051,1191377,1250351,1250451,58.974000,59.300000
42,7444,7444,5d14942,1249698,1250032,1255798,1255898,5.766000,6.100000
42,8061,8061,5f7d941,1253051,1253385,1280647,1280747,27.262000,27.596000
42,4772,4772,52a4943,1243565,1243891,1300748,1300848,56.857000,57.183000
42,5110,5110,53f6941,1192218,1192544,1311637,1311737,119.093000,119.419000
42,10027,10027,672b943,1315051,1315385,1329311,1329411,13.926000,14.260000
42,7416,7416,5cf8941,1346051,1346377,1393816,1393916,47.439000,47.765000
42,6845,6845,5abd942,1405051,1405385,1410117,1410217,4.732000,5.066000
42,9764,9764,6624940,1424051,1424377,1448207,1448307,23.830000,24.156000
42,10120,10120,6788942,1624395,1624721,1645267,1645367,20.546000,20.872000
42,8032,8032,5f60940,1648051,1648377,1654831,1654931,6.454000,6.780000
42,7498,7498,5d4a942,1654453,1654779,1665788,1665888,11.009000,11.335000
42,7519,7519,5d5f941,1672051,1672385,1681541,1681641,9.156000,9.490000
42,7809,7809,5e81940,1744446,1744780,1772456,1772556,27.676000,28.010000
42,9803,9803,664b940,1821051,1821385,1832266,1832366,10.881000,11.215000
42,9931,9931,66cb940,1828051,1828377,1841807,1841907,13.430000,13.756000
42,9437,9437,64dd943,1860051,1860385,1867027,1867127,6.642000,6.976000
42,8971,8971,630b940,1980051,1980377,1986903,1987003,6.526000,6.852000
43,416,416,41a0941,54481,54815,89080,89180,34.265000,34.599000
43,456,456,41c8943,92051,92377,148382,148482,56.005000,56.331000
43,586,586,424a943,124051,124385,164926,165026,40.541000,40.875000
43,676,676,42a4940,185944,186278,214270,214370,27.992000,28.326000
43,2370,2370,4942942,205110,205444,240425,240525,34.981000,35.315000
43,1529,1529,45f9942,247402,247736,329336,329436,81.600000,81.934000
43,2659,2659,4a63941,343051,343377,357828,357928,14.451000,14.777000
43,3359,3359,4d1f941,360051,360377,377236,377336,16.859000,17.185000
43,4782,4782,52ae943,384051,384385,399613,399713,15.228000,15.562000
43,3025,3025,4bd1941,394051,394377,404973,405073,10.596000,10.922000
43,2479,2479,49af941,422051,422377,428029,428129,5.652000,5.978000
43,1219,1219,44c3940,491051,491377,502946,503046,11.569000,11.895000
43,1844,1844,4734942,485051,485377,522637,522737,37.260000,37.586000
43,3479,3479,4d97941,489051,489377,541222,541322,51.845000,52.171000
43,4376,4376,5118940,539051,539377,583116,583216,43.739000,44.065000
43,3993,3993,4f99942,637912,638246,668603,668703,30.357000,30.691000
43,4641,4641,5221942,668051,668377,689111,689211,20.734000,21.060000
43,3557,3557,4de5941,677051,677377,717855,717955,40.478000,40.804000
43,3419,3419,4d5b941,741051,741377,757173,757273,15.796000,16.122000
43,7207,7207,5c27942,932051,932377,952098,952198,19.721000,20.047000
43,9713,9713,65f1942,985439,985773,995766,995866,9.993000,10.327000
43,2175,2175,487f940,1004051,1004385,1036155,1036254,31.770000,32.104000
43,5772,5772,568c943,1002051,1002377,1052680,1052780,50.303000,50.629000
43,4705,4705,5261940,1057224,1057550,1092149,1092249,34.599000,34.925000
43,5912,5912,5718941,1097051,1097385,1106997,1107097,9.612000,9.946000
43,7147,7147,5beb943,1095453,1095779,1112454,1112554,16.675000,17.001000
43,9564,9564,655c941,1198051,1198385,1223329,1223429,24.944000,25.278000
43,6478,6478,594e943,1251051,1251385,1300520,1300620,49.135000,49.469000
43,5488,5488,5570942,1294051,1294385,1311557,1311657,17.172000,17.506000
43,8062,8062,5f7e940,1321051,1321377,1341940,1342040,20.563000,20.889000
43,9906,9906,66b2940,1417051,1417385,1438130,1438230,20.745000,21.079000
43,10279,10279,6827940,1524051,1524377,1533510,1533610,9.133000,9.459000
43,8008,8008,5f48943,1699051,1699377,1711279,1711379,11.902000,12.228000
43,9726,9726,65fe943,1696051,1696385,1715459,1715559,19.074000,19.408000
43,8257,8257,6041941,2223051,2223385,2237709,2237809,14.324000,14.658000
44,364,364,416c941,42051,42385,92933,93033,50.548000,50.882000
44,942,942,43ae943,163479,163805,170250,170350,6.445000,6.771000
44,3495,3495,4da7943,204051,204385,213547,213647,9.162000,9.496000
44,634,634,427a942,229051,229377,257489,257589,28.112000,28.438000
44,2574,2574,4a0e942,273439,273765,288154,288254,14.389000,14.715000
44,2327,2327,4917941,293051,293385,318468,318568,25.083000,25.417000
44,1413,1413,4585943,311051,311385,327457,327557,16.072000,16.406000
44,3298,3298,4ce2941,321730,322056,342139,342239,20.083000,20.409000
44,2462,2462,499e940,360051,360385,375693,375793,15.308000,15.642000
44,2275,2275,48e3943,413051,413385,430228,430328,16.843000,17.177000
44,1847,1847,4737940,416051,416385,443947,444047,27.562000,27.896000
44,2798,2798,4aee940,477051,477377,501524,501624,24.147000,24.473000
44,2733,2733,4aad943,518050,518377,544829,544929,26.452000,26.779000
44,2931,2931,4b73942,541051,541377,550189,550289,8.812000,9.138000
44,3334,3334,4d06942,534051,534377,554405,554505,20.028000,20.354000
44,3759,3759,4eaf941,574051,574385,593882,593982,19.497000,19.831000
44,3686,3686,4e66941,646439,646765,664956,665056,18.191000,18.517000
44,2684,2684,4a7c943,691501,691827,703041,703141,11.214000,11.540000
44,3177,3177,4c69941,697051,697377,713835,713935,16.458000,16.784000
44,2854,2854,4b26941,735051,735385,812679,812779,77.294000,77.628000
44,7404,7404,5cec942,818823,819149,831047,831147,11.898000,12.224000
44,4752,4752,5290940,866179,866513,883849,883949,17.336000,17.670000
44,5855,5855,56df940,884051,884385,911495,911595,27.110000,27.444000
44,4606,4606,51fe942,922051,922385,944486,944586,22.101000,22.435000
44,1915,1915,477b942,933051,933385,967260,967360,33.875000,34.209000
44,7952,7952,5f10943,934584,934918,987962,988062,53.044000,53.378000
44,2920,2920,4b68943,1041051,1041377,1054863,1054963,13.486000,13.812000
44,8710,8710,6206940,1199051,1199385,1208424,1208524,9.039000,9.373000
44,6923,6923,5b0b940,1193051,1193385,1224554,1224654,31.169000,31.503000
44,9665,9665,65c1943,1251051,1251377,1274010,1274110,22.633000,22.959000
44,7687,7687,5e07943,1275154,1275488,1286583,1286683,11.095000,11.429000
44,7513,7513,5d59940,1259051,1259377,1312643,1312743,53.266000,53.592000
44,8103,8103,5fa7941,1381051,1381377,1403653,1403753,22.276000,22.602000
44,9433,9433,64d9940,1480051,1480377,1498264,1498364,17.887000,18.213000
44,10570,10570,694a942,1494051,1494377,1505264,1505364,10.887000,11.213000
44,10701,10701,69cd943,1671051,1671377,1695622,1695722,24.245000,24.571000
44,10751,10751,69ff942,1790051,1790385,1804749,1804849,14.364000,14.698000
44,10690,10690,69c2940,2200416,2200750,2219602,2219702,18.852000,19.186000
44,9330,9330,6472942,2230051,2230385,2236927,2237027,6.542000,6.876000
44,10288,10288,6830941,2694051,2694377,2704343,2704443,9.966000,10.292000
45,376,376,4178942,33051,33385,50692,50792,17.307000,17.641000
45,1191,1191,44a7941,147051,147377,190920,191020,43.543000,43.869000
45,2670,2670,4a6e943,217051,217385,229879,229979,12.494000,12.828000
45,3027,3027,4bd3942,225051,225385,253126,253226,27.741000,28.075000
45,402,402,4192940,304051,304377,319420,319520,15.043000,15.369000
45,2504,2504,49c8941,524050,524385,557356,557456,32.971000,33.306000
45,2691,2691,4a83942,506051,506385,574997,575097,68.612000,68.946000
45,2050,2050,4802943,557051,557377,580505,580605,23.128000,23.454000
45,5774,5774,568e943,592051,592385,608491,608591,16.106000,16.440000
45,3550,3550,4dde942,618051,618385,633876,633976,15.491000,15.825000
45,6756,6756,5a64940,737051,737377,766969,767069,29.592000,29.918000
45,4736,4736,5280940,787051,787385,806845,806945,19.460000,19.794000
45,5177,5177,5439940,823051,823377,839738,839838,16.361000,16.687000
45,5970,5970,5752941,851051,851377,868690,868790,17.313000,17.639000
45,5810,5810,56b2940,870051,870377,891545,891645,21.168000,21.494000
45,6069,6069,57b5940,925051,925377,996311,996411,70.934000,71.260000
45,5573,5573,55c5940,968051,968385,1001851,1001951,33.466000,33.800000
45,5033,5033,53a9943,1068051,1068385,1078845,1078945,10.460000,10.794000
45,9264,9264,6430942,1151749,1152075,1175036,1175136,22.961000,23.287000
45,9214,9214,63fe940,1163189,1163515,1180540,1180640,17.025000,17.351000
45,9031,9031,6347943,1280051,1280385,1302612,1302712,22.227000,22.561000
45,6445,6445,592d942,1334051,1334377,1356833,1356933,22.456000,22.782000
45,6804,6804,5a94941,1367051,1367377,1400877,1400977,33.500000,33.826000
45,9918,9918,66be941,1475051,1475377,1512934,1513034,37.557000,37.883000
45,9528,9528,6538943,1484850,1485176,1534316,1534416,49.140000,49.466000
45,7950,7950,5f0e941,1562051,1562377,1577109,1577209,14.732000,15.058000
45,8114,8114,5fb2942,1612438,1612764,1630552,1630652,17.788000,18.114000
45,8101,8101,5fa5942,1703800,1704126,1744804,1744904,40.678000,41.004000
45,8972,8972,630c941,1907051,1907385,1932228,1932328,24.843000,25.177000
45,10122,10122,678a942,1916051,1916385,1937746,1937846,21.361000,21.695000
45,9737,9737,6609940,1999051,1999385,2011867,2011967,12.482000,12.816000
46,81,81,4051942,46051,46385,56367,56467,9.982000,10.316000
46,1424,1424,4590943,215051,215377,221033,221133,5.656000,5.982000
46,729,729,42d9940,235051,235385,257328,257429,21.943000,22.277000
46,4114,4114,5012943,309051,309385,323872,323972,14.487000,14.821000
46,2371,2371,4943942,511051,511377,578344,578444,66.967000,67.293000
46,4535,4535,51b7942,587051,587385,610927,611027,23.542000,23.876000
46,4381,4381,511d942,652051,652377,657934,658034,5.557000,5.883000
46,5509,5509,5585943,636395,636721,674648,674748,37.927000,38.253000
46,3950,3950,4f6e941,654051,654385,685621,685721,31.236000,31.570000
46,6991,6991,5b4f943,767051,767385,788201,788301,20.816000,21.150000
46,4804,4804,52c4942,815051,815377,835188,835288,19.811000,20.137000
46,2799,2799,4aef941,802051,802385,847027,847127,44.642000,44.976000
46,5472,5472,5560940,939051,939377,975757,975857,36.380000,36.706000
46,6049,6049,57a1940,966051,966377,985982,986082,19.605000,19.931000
46,6307,6307,58a3943,1039136,1039470,1061713,1061813,22.243000,22.577000
46,3977,3977,4f89941,1082051,1082385,1092349,1092449,9.964000,10.298000
46,6508,6508,596c940,1061051,1061385,1103366,1103466,41.981000,42.315000
46,4982,4982,5376941,1077051,1077377,1114443,1114543,37.066000,37.392000
46,7396,7396,5ce4940,1119453,1119779,1130928,1131028,11.149000,11.475000
46,8680,8680,61e8942,1184073,1184407,1190020,1190120,5.613000,5.947000
46,6428,6428,591c943,1173051,1173385,1197219,1197319,23.834000,24.168000
46,7506,7506,5d52943,1238051,1238385,1265914,1266014,27.529000,27.863000
46,10292,10292,6834941,1295051,1295377,1321077,1321177,25.700000,26.026000
46,7920,7920,5ef0943,1202906,1203232,1329775,1329875,126.543000,126.869000
46,9627,9627,659b942,1307051,1307385,1333928,1334028,26.543000,26.877000
46,4971,4971,536b940,1297051,1297377,1344778,1344878,47.401000,47.727000
46,6682,6682,5a1a941,1403409,1403743,1416417,1416517,12.674000,13.008000
46,8281,8281,6059940,1405051,1405385,1421864,1421964,16.479000,16.813000
46,10481,10481,68f1941,1445051,1445377,1464891,1464991,19.514000,19.840000
46,9947,9947,66db942,1513051,1513377,1530170,1530270,16.793000,17.119000
46,8068,8068,5f84940,1522051,1522385,1550848,1550948,28.463000,28.797000
46,10165,10165,67b5941,1684051,1684377,1703343,1703443,18.966000,19.292000
46,8417,8417,60e1942,1703051,1703385,1710725,1710825,7.340000,7.674000
46,8196,8196,6004942,1772051,1772377,1790192,1790292,17.815000,18.141000
46,10761,10761,6a09941,1833051,1833385,1852119,1852219,18.734000,19.068000
46,8811,8811,626b942,1830051,1830377,1857635,1857735,27.258000,27.584000
46,10767,10767,6a0f943,2316051,2316385,2333391,2333491,17.006000,17.340000
46,10141,10141,679d940,2453051,2453385,2472121,2472221,18.736000,19.070000
47,117,117,4075943,89051,89385,97631,97731,8.246000,8.580000
47,1765,1765,46e5942,106051,106385,113713,113813,7.328000,7.662000
47,756,756,42f4943,134051,134385,156096,156196,21.711000,22.045000
47,3162,3162,4c5a943,265051,265377,275589,275689,10.212000,10.538000
47,1359,1359,454f940,265051,265377,291969,292069,26.592000,26.918000
47,253,253,40fd943,231051,231385,337494,337594,106.109000,106.443000
47,1662,1662,467e943,407051,407385,412115,412215,4.730000,5.064000
47,2045,2045,47fd941,385051,385385,423461,423561,38.076000,38.410000
47,2323,2323,4913943,433051,433377,445380,445480,12.003000,12.329000
47,1127,1127,4467942,418051,418385,450725,450825,32.340000,32.674000
47,1755,1755,46db941,390051,390385,478374,478474,87.989000,88.323000
47,2801,2801,4af1942,456051,456377,489357,489457,32.980000,33.306000
47,5372,5372,54fc943,579051,579377,602778,602878,23.401000,23.727000
47,3442,3442,4d72942,565051,565377,608248,608348,42.871000,43.197000
47,8324,8324,6084942,583169,583495,619283,619383,35.788000,36.114000
47,1710,1710,46ae943,623051,623377,631552,631652,8.175000,8.501000
47,3287,3287,4cd7942,643051,643385,667485,667585,24.100000,24.434000
47,4293,4293,50c5940,650590,650916,683839,683939,32.923000,33.249000
47,3525,3525,4dc5940,695051,695385,729003,729103,33.618000,33.952000
47,3136,3136,4c40940,701051,701385,734518,734618,33.133000,33.467000
47,3313,3313,4cf1943,752051,752385,787005,787105,34.620000,34.954000
47,8149,8149,5fd5943,769051,769377,792551,792651,23.174000,23.500000
47,5211,5211,545b941,846409,846743,863726,863826,16.983000,17.317000
47,5235,5235,5473942,847051,847385,964349,964449,116.964000,117.298000
47,8163,8163,5fe3943,988912,989238,1004331,1004431,15.093000,15.419000
47,9160,9160,63c8943,970734,971068,1031972,1032071,60.904000,61.238000
47,9008,9008,6330943,1072051,1072385,1097182,1097282,24.797000,25.131000
47,9989,9989,6705942,1086051,1086377,1120609,1120709,34.232000,34.558000
47,5599,5599,55df940,1161782,1162116,1183626,1183726,21.510000,21.844000
47,9755,9755,661b943,1199051,1199377,1207881,1207981,8.504000,8.830000
47,2929,2929,4b71941,1112051,1112385,1218724,1218824,106.339000,106.673000
47,4897,4897,5321941,1253051,1253377,1283757,1283857,30.380000,30.706000
47,6318,6318,58ae940,1286051,1286385,1305649,1305749,19.264000,19.598000
47,9408,9408,64c0942,1352051,1352377,1361487,1361587,9.110000,9.436000
47,8999,8999,6327943,1473051,1473385,1484380,1484480,10.995000,11.329000
47,10216,10216,67e8941,1623051,1623377,1633372,1633472,9.995000,10.321000
47,7652,7652,5de4940,1624446,1624780,1685359,1685459,60.579000,60.913000
47,10831,10831,6a4f942,1692051,1692377,1701479,1701579,9.102000,9.428000
47,9000,9000,6328941,1726051,1726377,1765321,1765421,38.944000,39.270000
47,10344,10344,6868941,1852051,1852385,1859809,1859909,7.424000,7.758000
47,10491,10491,68fb940,1875847,1876181,1903255,1903355,27.074000,27.408000
47,8463,8463,610f943,2027051,2027377,2048742,2048842,21.365000,21.691000
47,9835,9835,666b941,2699051,2699377,2717286,2717386,17.909000,18.235000
48,144,144,4090942,63051,63385,74333,74433,10.948000,11.282000
48,480,480,41e0942,61051,61377,82502,82602,21.125000,21.451000
48,2048,2048,4800942,109051,109385,133387,133487,24.002000,24.336000
48,1070,1070,442e941,136051,136385,152482,152582,16.097000,16.431000
48,654,654,428e940,153051,153377,181691,181791,28.314000,28.640000
48,3879,3879,4f27943,182439,182773,222696,222796,39.923000,40.257000
48,1116,1116,445c943,232051,232385,245063,245163,12.678000,13.012000
48,373,373,4175941,281051,281377,298458,298558,17.081000,17.407000
48,1346,1346,4542943,291051,291385,320283,320383,28.898000,29.232000
48,2482,2482,49b2943,299431,299757,336066,336166,36.309000,36.635000
48,1602,1602,4642941,326051,326377,365336,365436,38.959000,39.285000
48,2740,2740,4ab4943,380051,380385,397362,397462,16.977000,17.311000
48,2158,2158,486e940,396617,396943,416363,416463,19.420000,19.746000
48,2025,2025,47e9942,401051,401385,428692,428792,27.307000,27.641000
48,1623,1623,4657942,397758,398092,442472,442572,44.380000,44.714000
48,4649,4649,5229942,481051,481385,500518,500618,19.133000,19.467000
48,3850,3850,4f0a940,473416,473742,511486,511586,37.744000,38.070000
48,4302,4302,50ce943,509051,509377,526191,526291,16.814000,17.140000
48,4284,4284,50bc942,472559,472885,530370,530470,57.485000,57.811000
48,5328,5328,54d0942,544051,544377,601723,601823,57.346000,57.672000
48,4032,4032,4fc0943,595051,595385,634418,634518,39.033000,39.367000
48,3799,3799,4ed7942,615051,615385,639922,640022,24.537000,24.871000
48,2508,2508,49cc940,566051,566377,656396,656496,90.019000,90.345000
48,3999,3999,4f9f940,641051,641385,661833,661933,20.448000,20.782000
48,4482,4482,5182941,759051,759377,765012,765112,5.635000,5.961000
48,6674,6674,5a12943,764051,764377,780084,780184,15.707000,16.033000
48,4464,4464,5170940,774051,774377,796851,796951,22.474000,22.800000
48,2352,2352,4930940,790051,790385,808014,808114,17.629000,17.963000
48,4938,4938,534a942,848051,848377,865689,865789,17.312000,17.638000
48,5395,5395,5513941,908996,909322,923749,923849,14.427000,14.753000
48,5251,5251,5483941,902544,902878,970077,970177,67.199000,67.533000
48,6133,6133,57f5942,930051,930377,994193,994293,63.816000,64.142000
48,6079,6079,57bf940,1034051,1034377,1051938,1052038,17.561000,17.887000
48,7756,7756,5e4c942,1054051,1054377,1073538,1073638,19.161000,19.487000
48,5864,5864,56e8943,1024051,1024385,1089882,1089982,65.497000,65.831000
48,9759,9759,661f942,1069051,1069377,1095394,1095494,26.017000,26.343000
48,4623,4623,520f943,1184051,1184385,1196815,1196915,12.430000,12.764000
48,4593,4593,51f1941,1164877,1165211,1202234,1202334,37.023000,37.357000
48,9526,9526,6536941,1252051,1252385,1270121,1270221,17.736000,18.070000
48,8930,8930,62e2940,1244051,1244377,1278608,1278708,34.231000,34.557000
48,10005,10005,6715943,1226051,1226377,1282810,1282910,56.433000,56.759000
48,7337,7337,5ca9940,1305051,1305377,1323856,1323956,18.479000,18.805000
48,6455,6455,5937942,1363051,1363385,1385599,1385699,22.214000,22.548000
48,7829,7829,5e95942,1391051,1391377,1416636,1416736,25.259000,25.585000
48,8458,8458,610a941,1493051,1493385,1526719,1526819,33.334000,33.668000
48,10733,10733,69ed942,1521500,1521826,1555710,1555810,33.884000,34.210000
48,7614,7614,5dbe943,1541051,1541385,1562037,1562137,20.652000,20.986000
48,9120,9120,63a0940,1574051,1574377,1589728,1589828,15.351000,15.677000
48,8958,8958,62fe940,1686051,1686377,1695568,1695668,9.191000,9.517000
48,10327,10327,6857943,1688051,1688377,1713236,1713336,24.859000,25.185000
49,161,161,40a1943,98051,98377,119021,119121,20.644000,20.970000
49,2436,2436,4984940,148957,149283,190874,190974,41.591000,41.917000
49,881,881,4371943,271051,271377,297383,297483,26.006000,26.332000
49,1552,1552,4610940,317416,317742,328450,328550,10.708000,11.034000
49,2654,2654,4a5e943,347051,347377,356777,356877,9.400000,9.726000
49,3144,3144,4c48942,368439,368765,429740,429840,60.975000,61.301000
49,2985,2985,4ba9942,434051,434377,447130,447230,12.753000,13.079000
49,3348,3348,4d14942,443051,443377,471057,471157,27.680000,28.006000
49,5069,5069,53cd940,456051,456377,476578,476678,20.201000,20.527000
49,2206,2206,489e940,425051,425385,482044,482144,56.659000,56.993000
49,4490,4490,518a941,471051,471385,509583,509683,38.198000,38.532000
49,3914,3914,4f4a943,575051,575377,587159,587259,11.782000,12.108000
49,2652,2652,4a5c940,550051,550377,595402,595502,45.025000,45.351000
49,5790,5790,569e942,630051,630385,646634,646734,16.249000,16.583000
49,3766,3766,4eb6943,584453,584779,650821,650921,66.042000,66.368000
49,5253,5253,5485942,623051,623385,658012,658112,34.627000,34.961000
49,2955,2955,4b8b941,642051,642385,668850,668950,26.465000,26.799000
49,3956,3956,4f74943,609051,609377,685333,685433,75.956000,76.282000
49,3826,3826,4ef2941,652051,652377,715866,715966,63.489000,63.815000
49,2990,2990,4bae941,693078,693412,721355,721455,27.943000,28.277000
49,5153,5153,5421941,695051,695377,744233,744333,48.856000,49.182000
49,4778,4778,52aa941,810051,810385,888859,888959,78.474000,78.808000
49,6383,6383,58ef941,964424,964750,977871,977971,13.121000,13.447000
49,6132,6132,57f4940,991051,991377,1010818,1010918,19.441000,19.767000
49,5998,5998,576e942,991051,991377,1023723,1023823,32.346000,32.672000
49,6017,6017,5781941,1066096,1066422,1094101,1094201,27.679000,28.005000
49,4003,4003,4fa3940,1091051,1091385,1105746,1105846,14.361000,14.695000
49,5677,5677,562d942,1103051,1103377,1126954,1127054,23.577000,23.903000
49,6337,6337,58c1943,1150051,1150377,1161119,1161219,10.742000,11.068000
49,6235,6235,585b942,1188431,1188757,1194482,1194582,5.725000,6.051000
49,7975,7975,5f27941,1201282,1201616,1244305,1244405,42.689000,43.023000
49,4283,4283,50bb941,1288051,1288385,1306731,1306831,18.346000,18.680000
49,8066,8066,5f82941,1288051,1288385,1317769,1317869,29.384000,29.718000
49,6176,6176,5820940,1340051,1340377,1353804,1353904,13.427000,13.753000
49,7905,7905,5ee1940,1350051,1350377,1371890,1371990,21.513000,21.839000
49,8465,8465,6111940,1401051,1401385,1424904,1425004,23.519000,23.853000
49,9175,9175,63d7941,1454051,1454385,1490510,1490610,36.125000,36.459000
49,9153,9153,63c1940,1564051,1564377,1585263,1585363,20.886000,21.212000
49,9807,9807,664f943,1568051,1568385,1596309,1596409,27.924000,28.258000
49,10651,10651,699b942,1659051,1659377,1671287,1671387,11.910000,12.236000
49,8055,8055,5f77940,1671051,1671377,1676963,1677063,5.586000,5.912000
50,600,600,4258940,112165,112499,128295,128396,15.796000,16.130000
50,415,415,419f942,215051,215377,250364,250464,34.987000,35.313000
50,1147,1147,447b943,232780,233114,259214,259314,26.100000,26.434000
50,1516,1516,45ec940,294051,294385,321458,321558,27.073000,27.407000
50,1475,1475,45c3942,316051,316385,352867,352967,36.482000,36.816000
50,3039,3039,4bdf943,343283,343609,374709,374809,31.100000,31.426000
50,1580,1580,462c940,362395,362729,380204,380304,17.475000,17.809000
50,3050,3050,4bea942,428200,428526,451645,451745,23.119000,23.445000
50,2674,2674,4a72942,497051,497385,508470,508570,11.085000,11.419000
50,4727,4727,5277942,622218,622544,631656,631756,9.112000,9.438000
50,4553,4553,51c9942,706051,706385,758382,758482,51.997000,52.331000
50,4754,4754,5292941,728051,728385,855547,855647,127.162000,127.496000
50,4601,4601,51f9941,891051,891377,899676,899776,8.299000,8.625000
50,5181,5181,543d940,965051,965385,975616,975716,10.231000,10.565000
50,7467,7467,5d2b942,970051,970385,985068,985168,14.683000,15.017000
50,6892,6892,5aec943,976842,977168,1008814,1008914,31.646000,31.972000
50,5959,5959,5747941,996051,996385,1014205,1014305,17.820000,18.154000
50,4657,4657,5231942,1009051,1009377,1022787,1022887,13.410000,13.736000
50,10046,10046,673e942,1086051,1086385,1105455,1105555,19.070000,19.404000
50,5793,5793,56a1941,1064051,1064377,1118238,1118338,53.861000,54.187000
50,4324,4324,50e4941,1162051,1162385,1180809,1180909,18.424000,18.758000
50,6627,6627,59e3941,1235890,1236224,1294573,1294673,58.349000,58.683000
50,7241,7241,5c49940,1328446,1328780,1338746,1338846,9.966000,10.300000
50,4753,4753,5291943,1321051,1321377,1345157,1345257,23.780000,24.106000
50,6018,6018,5782940,1357051,1357377,1378358,1378458,20.981000,21.307000
50,7483,7483,5d3b940,1380051,1380385,1385985,1386085,5.600000,5.934000
50,8422,8422,60e6940,1407051,1407377,1415731,1415831,8.354000,8.680000
50,7496,7496,5d48941,1452965,1453291,1469752,1469852,16.461000,16.787000
50,10989,10989,6aed942,1471051,1471385,1489434,1489534,18.049000,18.383000
50,9224,9224,6408943,1556051,1556385,1593854,1593954,37.469000,37.803000
50,8085,8085,5f95940,1646051,1646377,1652018,1652118,5.641000,5.967000
50,9295,9295,644f943,1757578,1757904,1773208,1773308,15.304000,15.630000
50,9425,9425,64d1943,2063051,2063377,2076939,2077040,13.562000,13.888000
51,274,274,4112943,23051,23385,45966,46066,22.581000,22.915000
51,582,582,4246940,35051,35377,57788,57888,22.411000,22.737000
51,871,871,4367943,114051,114377,130205,130305,15.828000,16.154000
51,412,412,419c940,140051,140385,153925,154025,13.540000,13.874000
51,1209,1209,44b9942,148051,148385,176668,176768,28.283000,28.617000
51,884,884,4374941,180947,181273,212461,212561,31.188000,31.514000
51,1130,1130,446a940,193051,193385,217964,218064,24.579000,24.913000
51,2307,2307,4903943,244319,244653,270234,270334,25.581000,25.915000
51,368,368,4170940,275783,276117,294845,294945,18.728000,19.062000
51,1495,1495,45d7940,208416,208742,314075,314175,105.333000,105.659000
51,2997,2997,4bb5940,249051,249377,342453,342553,93.076000,93.402000
51,2429,2429,497d941,364051,364385,398013,398113,33.628000,33.962000
51,2584,2584,4a18941,405051,405385,423248,423348,17.863000,18.197000
51,3711,3711,4e7f941,412446,412780,430554,430654,17.774000,18.108000
51,1354,1354,454a940,448051,448385,461219,461319,12.834000,13.168000
51,2089,2089,4829941,417051,417385,465385,465485,48.000000,48.334000
51,3727,3727,4e8f940,440051,440385,485538,485638,45.153000,45.487000
51,3079,3079,4c07942,471418,471752,490720,490820,18.968000,19.302000
51,2034,2034,47f2940,505051,505377,523891,523992,18.514000,18.840000
51,3507,3507,4db3941,505051,505377,540295,540395,34.918000,35.244000
51,3021,3021,4bcd942,581395,581721,595203,595303,13.482000,13.808000
51,2447,2447,498f941,594051,594377,659346,659446,64.969000,65.295000
51,3378,3378,4d32942,685051,685385,721220,721320,35.835000,36.169000
51,3619,3619,4e23943,769051,769385,779435,779535,10.050000,10.384000
51,5018,5018,539a941,808051,808377,813964,814064,5.587000,5.913000
51,7177,7177,5c09942,801051,801385,827069,827169,25.684000,26.018000
51,4955,4955,535b941,796051,796377,832602,832702,36.225000,36.551000
51,6765,6765,5a6d943,797051,797385,838116,838216,40.731000,41.065000
51,3319,3319,4cf7942,845216,845550,908835,908935,63.285000,63.619000
51,6152,6152,5808942,788051,788385,958677,958777,170.292000,170.626000
51,5119,5119,53ff942,867051,867377,977976,978076,110.599000,110.925000
51,3288,3288,4cd8942,1027019,1027345,1055144,1055244,27.799000,28.125000
51,6854,6854,5ac6940,1091051,1091385,1117078,1117178,25.693000,26.027000
51,8017,8017,5f51941,1210644,1210970,1223608,1223708,12.638000,12.964000
51,7446,7446,5d16940,1283051,1283377,1294887,1294987,11.510000,11.836000
51,7104,7104,5bc0943,1296409,1296743,1326583,1326683,29.840000,30.174000
51,7826,7826,5e92942,1443946,1444280,1491765,1491865,47.485000,47.819000
51,9929,9929,66c9940,1463402,1463728,1501082,1501182,37.354000,37.680000
51,10396,10396,689c942,1508051,1508385,1520587,1520687,12.202000,12.536000
51,5806,5806,56ae940,1562051,1562377,1574044,1574144,11.667000,11.993000
51,7666,7666,5df2943,1541051,1541385,1585142,1585242,43.757000,44.091000
51,9960,9960,66e8942,1823198,1823524,1840988,1841088,17.464000,17.790000
51,9472,9472,6500942,1990051,1990377,2003225,2003325,12.848000,13.174000
51,10323,10323,6853940,2128051,2128385,2143701,2143801,15.316000,15.650000
51,9740,9740,660c941,2181051,2181385,2202912,2203012,21.527000,21.861000
51,10793,10793,6a29941,2270051,2270385,2280378,2280478,9.993000,10.327000
51,8651,8651,61cb940,2330051,2330385,2347365,2347465,16.980000,17.314000
52,207,207,40cf941,20051,20385,31430,31530,11.045000,11.379000
52,267,267,410b942,107051,107377,127414,127514,20.037000,20.363000
52,545,545,4221941,148051,148385,160120,160220,11.735000,12.069000
52,959,959,43bf941,171051,171385,181212,181312,9.827000,10.161000
52,1269,1269,44f5940,184051,184377,198089,198189,13.712000,14.038000
52,548,548,4224942,223051,223385,242437,242537,19.052000,19.386000
52,625,625,4271943,226051,226385,247946,248046,21.561000,21.895000
52,1437,1437,459d942,233051,233385,262220,262320,28.835000,29.169000
52,605,605,425d943,234051,234385,276039,276139,41.654000,41.988000
52,1661,1661,467d943,252051,252377,292550,292650,40.173000,40.499000
52,1086,1086,443e940,444051,444385,452590,452690,8.205000,8.539000
52,3810,3810,4ee2940,479051,479377,506161,506261,26.784000,27.110000
52,2909,2909,4b5d942,571051,571377,585474,585574,14.097000,14.423000
52,3827,3827,4ef3942,569051,569377,610364,610464,40.987000,41.313000
52,7232,7232,5c40942,668051,668377,688936,689036,20.559000,20.885000
52,4000,4000,4fa0942,730464,730790,745245,745345,14.455000,14.781000
52,7261,7261,5c5d942,728051,728385,759769,759869,31.384000,31.718000
52,2903,2903,4b57940,752051,752377,765270,765370,12.893000,13.219000
52,4308,4308,50d4942,954051,954377,962644,962744,8.267000,8.593000
52,5205,5205,5455942,961051,961385,979344,979444,17.959000,18.293000
52,5672,5672,5628942,976051,976377,998665,998765,22.288000,22.614000
52,5259,5259,548b941,1009051,1009377,1026084,1026184,16.707000,17.033000
52,6329,6329,58b9941,1043362,1043687,1074635,1074735,30.948000,31.273000
52,6597,6597,59c5940,1061051,1061385,1080142,1080242,18.757000,19.091000
52,4118,4118,5016940,929051,929377,1091198,1091298,161.821000,162.147000
52,6019,6019,5783942,1118051,1118385,1135843,1135943,17.458000,17.792000
52,10974,10974,6ade942,1145051,1145385,1159002,1159102,13.617000,13.951000
52,5003,5003,538b941,1142683,1143009,1172399,1172499,29.390000,29.716000
52,7420,7420,5cfc941,1129367,1129693,1196767,1196867,67.074000,67.400000
52,3676,3676,4e5c943,1001051,1001385,1221518,1221618,220.133000,220.467000
52,6074,6074,57ba941,1213051,1213377,1238053,1238153,24.676000,25.002000
52,9170,9170,63d2943,1262051,1262385,1344704,1344804,82.319000,82.653000
52,8550,8550,6166941,1332051,1332385,1348928,1349028,16.543000,16.877000
52,8127,8127,5fbf940,1311051,1311377,1383131,1383231,71.754000,72.080000
52,10815,10815,6a3f943,1494051,1494377,1517155,1517255,22.778000,23.104000
52,9331,9331,6473940,1510051,1510377,1528619,1528719,18.242000,18.568000
52,7761,7761,5e51941,1572051,1572377,1594279,1594379,21.902000,22.228000
52,10739,10739,69f3943,1639051,1639377,1646809,1646909,7.432000,7.758000
52,5971,5971,5753940,1728051,1728385,1742360,1742460,13.975000,14.309000
52,10856,10856,6a68943,1726439,1726773,1751791,1751891,25.018000,25.352000
52,8320,8320,6080942,1765051,1765385,1787867,1787967,22.482000,22.816000
52,7942,7942,5f06940,1787051,1787385,1799122,1799222,11.737000,12.071000
52,9549,9549,654d940,1813051,1813377,1823766,1823866,10.389000,10.715000
52,9087,9087,637f942,1942051,1942377,1962974,1963074,20.597000,20.923000
52,9872,9872,6690940,1970051,1970377,1986439,1986539,16.062000,16.388000
52,9566,9566,655e941,1980051,1980377,1994747,1994847,14.370000,14.696000
52,9300,9300,6454940,2016051,2016377,2027353,2027453,10.976000,11.302000
52,9218,9218,6402942,2122333,2122659,2136477,2136577,13.818000,14.144000
52,8854,8854,6296943,2196051,2196377,2207226,2207326,10.849000,11.175000
52,9776,9776,6630941,2474051,2474377,2487931,2488031,13.554000,13.880000
53,109,109,406d942,23051,23385,36976,37076,13.591000,13.925000
53,21,21,4015943,47051,47385,82130,82230,34.745000,35.079000
53,64,64,4040942,87051,87385,95695,95795,8.310000,8.644000
53,530,530,4212940,114051,114385,128328,128427,13.943000,14.277000
53,418,418,41a2943,122051,122385,144208,144308,21.823000,22.157000
53,1428,1428,4594940,143051,143377,157626,157726,14.249000,14.575000
53,1061,1061,4425942,183051,183385,190772,190872,7.387000,7.721000
53,492,492,41ec942,203051,203377,211570,211670,8.193000,8.519000
53,2759,2759,4ac7941,207051,207377,216514,216614,9.137000,9.463000
53,1718,1718,46b6940,294051,294377,308242,308342,13.865000,14.191000
53,1113,1113,4459940,314051,314377,328683,328783,14.306000,14.632000
53,2723,2723,4aa3941,489051,489377,510800,510900,21.423000,21.749000
53,3245,3245,4cad941,581051,581377,590005,590105,8.628000,8.954000
53,6460,6460,593c942,667395,667729,674205,674305,6.476000,6.810000
53,5837,5837,56cd940,713362,713696,737267,737367,23.571000,23.905000
53,4423,4423,5147942,836051,836385,864312,864412,27.927000,28.261000
53,7107,7107,5bc3942,854051,854385,869791,869891,15.406000,15.740000
53,3424,3424,4d60942,876439,876765,886926,887026,10.161000,10.487000
53,3420,3420,4d5c941,876051,876385,895923,896023,19.538000,19.872000
53,6768,6768,5a70941,991051,991385,1009271,1009371,17.886000,18.220000
53,6424,6424,5918941,1018606,1018932,1041847,1041946,22.915000,23.241000
53,4613,4613,5205943,1019051,1019377,1053346,1053446,33.969000,34.295000
53,8866,8866,62a2942,1048051,1048377,1066263,1066363,17.886000,18.212000
53,8770,8770,6242943,1061163,1061497,1086957,1087057,25.460000,25.794000
53,5574,5574,55c6942,1090051,1090385,1103591,1103691,13.206000,13.540000
53,6826,6826,5aaa940,1103051,1103385,1139750,1139850,36.365000,36.699000
53,8396,8396,60cc942,1045051,1045385,1150776,1150876,105.391000,105.725000
53,6237,6237,585d942,1138511,1138837,1175756,1175856,36.919000,37.245000
53,4208,4208,5070941,1208051,1208385,1223319,1223419,14.934000,15.268000
53,9157,9157,63c5940,1289051,1289385,1310425,1310525,21.040000,21.374000
53,3915,3915,4f4b940,1301051,1301377,1319418,1319518,18.041000,18.367000
53,8221,8221,601d941,1308051,1308385,1323830,1323930,15.445000,15.779000
53,6194,6194,5832942,1327051,1327385,1336534,1336634,9.149000,9.483000
53,10212,10212,67e4943,1419051,1419385,1428516,1428616,9.131000,9.465000
53,10860,10860,6a6c940,1497022,1497356,1536324,1536424,38.968000,39.302000
53,6619,6619,59db943,1539051,1539385,1552612,1552712,13.227000,13.561000
53,9480,9480,6508941,1553051,1553377,1560761,1560861,7.384000,7.710000
53,9304,9304,6458941,1534051,1534377,1564873,1564973,30.496000,30.822000
53,8847,8847,628f940,1676051,1676385,1682858,1682958,6.473000,6.807000
53,6610,6610,59d2942,1696051,1696385,1705715,1705815,9.330000,9.664000
53,9089,9089,6381942,1757051,1757385,1763962,1764062,6.577000,6.911000
53,9812,9812,6654941,1769051,1769377,1779328,1779428,9.951000,10.277000
53,10714,10714,69da942,1865051,1865377,1883338,1883438,17.961000,18.287000
53,10411,10411,68ab943,1921051,1921385,1933195,1933295,11.810000,12.144000
53,10083,10083,6763941,1992051,1992385,2009397,2009497,17.012000,17.346000
53,9820,9820,665c942,2166051,2166377,2180897,2180997,14.520000,14.846000
53,10204,10204,67dc943,2189051,2189377,2200272,2200372,10.895000,11.221000
54,25,25,4019941,30051,30385,43519,43619,13.134000,13.468000
54,346,346,415a943,89051,89385,111587,111687,22.202000,22.536000
54,533,533,4215942,115051,115377,156856,156956,41.479000,41.805000
54,1784,1784,46f8942,146051,146377,167799,167899,21.422000,21.748000
54,1056,1056,4420940,148051,148377,178758,178858,30.381000,30.707000
54,886,886,4376942,163464,163798,184239,184339,20.441000,20.775000
54,354,354,4162941,161051,161385,194983,195083,33.598000,33.932000
54,1448,1448,45a8941,191051,191377,240289,240389,48.912000,49.238000
54,1152,1152,4480942,246395,246729,256678,256778,9.949000,10.283000
54,1291,1291,450b941,268051,268385,275795,275895,7.410000,7.744000
54,1186,1186,44a2940,323051,323385,338335,338435,14.950000,15.284000
54,3246,3246,4cae942,359051,359377,387936,388036,28.559000,28.885000
54,2832,2832,4b10941,510051,510377,527839,527939,17.462000,17.788000
54,4927,4927,533f943,516050,516385,533309,533409,16.924000,17.259000
54,3789,3789,4ecd943,561051,561385,582657,582757,21.272000,21.606000
54,3460,3460,4d84941,601051,601385,622090,622190,20.705000,21.039000
54,8435,8435,60f3942,694438,694764,723322,723422,28.558000,28.884000
54,2693,2693,4a85942,743051,743385,752964,753064,9.579000,9.913000
54,3856,3856,4f10940,731051,731377,766176,766276,34.799000,35.125000
54,4398,4398,512e941,763051,763385,782709,782809,19.324000,19.658000
54,3059,3059,4bf3942,692051,692385,787954,788054,95.569000,95.903000
54,5107,5107,53f3943,790161,790487,813048,813148,22.561000,22.887000
54,5171,5171,5433940,832051,832377,865721,865821,33.344000,33.670000
54,5914,5914,571a940,889416,889742,906897,906997,17.155000,17.481000
54,5264,5264,5490942,901051,901385,922357,922457,20.972000,21.306000
54,5371,5371,54fb941,919051,919385,946457,946557,27.072000,27.406000
54,7581,7581,5d9d942,958051,958385,968448,968548,10.063000,10.397000
54,9047,9047,6357943,962051,962385,979332,979432,16.947000,17.281000
54,6712,6712,5a38942,1024051,1024377,1055246,1055346,30.869000,31.195000
54,5103,5103,53ef940,1053051,1053377,1063337,1063437,9.960000,10.286000
54,5271,5271,5497942,1091051,1091385,1096136,1096236,4.751000,5.085000
54,4894,4894,531e942,924051,924377,1136485,1136585,212.108000,212.434000
54,10299,10299,683b943,1138051,1138377,1150481,1150581,12.104000,12.430000
54,8340,8340,6094943,1140051,1140377,1193936,1194036,53.559000,53.885000
54,4214,4214,5076943,1236051,1236377,1248600,1248700,12.223000,12.549000
54,6819,6819,5aa3943,1274051,1274385,1282650,1282750,8.265000,8.599000
54,5814,5814,56b6941,1347051,1347377,1380557,1380657,33.180000,33.506000
54,7771,7771,5e5b941,1463959,1464293,1483542,1483642,19.249000,19.583000
54,10809,10809,6a39940,1570051,1570385,1590525,1590625,20.140000,20.474000
54,10259,10259,6813942,1984051,1984385,2008138,2008238,23.753000,24.087000
54,10424,10424,68b8941,2223051,2223385,2240452,2240552,17.067000,17.401000
54,10833,10833,6a51941,2366051,2366385,2383463,2383563,17.078000,17.412000
54,10715,10715,69db940,2670051,2670377,2678627,2678727,8.250000,8.576000
55,708,708,42c4942,41154,41480,55270,55370,13.790000,14.116000
55,215,215,40d7940,48051,48385,75445,75545,27.060000,27.394000
55,319,319,413f942,62051,62377,97622,97722,35.245000,35.571000
55,300,300,412c943,88051,88385,102968,103068,14.583000,14.917000
55,90,90,405a943,89051,89385,108360,108460,18.975000,19.309000
55,963,963,43c3942,102051,102377,118330,118430,15.953000,16.279000
55,3762,3762,4eb2940,198051,198377,219517,219617,21.140000,21.466000
55,1370,1370,455a941,228051,228377,239308,239408,10.931000,11.257000
55,1302,1302,4516940,281051,281385,297819,297919,16.434000,16.768000
55,4343,4343,50f7942,381051,381377,414194,414294,32.817000,33.143000
55,1182,1182,449e943,487051,487377,493947,494047,6.570000,6.896000
55,3947,3947,4f6b941,514122,514456,532521,532621,18.065000,18.399000
55,2042,2042,47fa942,553051,553385,569805,569905,16.420000,16.754000
55,4834,4834,52e2942,631051,631377,649802,649902,18.425000,18.751000
55,2185,2185,4889943,680051,680385,685974,686074,5.589000,5.923000
55,4392,4392,5128943,751162,751488,781633,781733,30.145000,30.471000
55,5743,5743,566f942,795051,795385,817713,817813,22.328000,22.662000
55,6548,6548,5994940,839051,839385,845889,845989,6.504000,6.838000
55,2065,2065,4811940,927051,927385,933848,933948,6.463000,6.797000
55,6924,6924,5b0c943,923051,923377,947183,947283,23.806000,24.132000
55,5287,5287,54a7941,915772,916098,991316,991416,75.218000,75.544000
55,5164,5164,542c941,996858,997192,1040156,1040256,42.964000,43.298000
55,4166,4166,5046943,1045051,1045377,1071912,1072012,26.535000,26.861000
55,6473,6473,5949941,1121051,1121385,1140909,1141009,19.524000,19.858000
55,7341,7341,5cad940,1171051,1171377,1185249,1185349,13.872000,14.198000
55,9287,9287,6447942,1248051,1248377,1287822,1287922,39.445000,39.771000
55,5388,5388,550c942,1287051,1287385,1313373,1313473,25.988000,26.322000
55,9475,9475,6503940,1311051,1311377,1324099,1324199,12.722000,13.048000
55,10369,10369,6881940,1303051,1303377,1335222,1335322,31.845000,32.171000
55,6593,6593,59c1942,1303051,1303377,1346243,1346343,42.866000,43.192000
55,7676,7676,5dfc942,1323051,1323385,1351767,1351867,28.382000,28.716000
55,9600,9600,6580942,1347051,1347385,1356009,1356109,8.624000,8.958000
55,3936,3936,4f60940,1344051,1344385,1360189,1360289,15.804000,16.138000
55,10881,10881,6a81943,1328360,1328686,1371038,1371138,42.352000,42.678000
55,9705,9705,65e9940,1428831,1429165,1458557,1458657,29.392000,29.726000
55,8305,8305,6071942,1467051,1467377,1492856,1492956,25.479000,25.805000
55,7895,7895,5ed7941,1494051,1494377,1505523,1505623,11.146000,11.472000
55,10664,10664,69a8942,1491051,1491377,1520180,1520280,28.803000,29.129000
55,10997,10997,6af5942,1593051,1593385,1613969,1614069,20.584000,20.918000
55,7607,7607,5db7942,1622051,1622385,1652546,1652646,30.161000,30.495000
55,8316,8316,607c941,1644051,1644377,1662987,1663087,18.610000,18.936000
55,8501,8501,6135942,1731051,1731385,1748334,1748434,16.949000,17.283000
55,8505,8505,6139940,1890051,1890385,1908345,1908445,17.960000,18.294000
55,8791,8791,6257942,1891051,1891385,1919366,1919466,27.981000,28.315000
55,10304,10304,6840941,1946051,1946377,1965007,1965107,18.630000,18.956000
55,8810,8810,626a941,2022051,2022385,2035937,2036037,13.552000,13.886000
55,10215,10215,67e7941,2092051,2092377,2103388,2103488,11.011000,11.337000
56,1097,1097,4449940,47167,47493,68239,68339,20.746000,21.072000
56,1220,1220,44c4941,59402,59736,106597,106697,46.861000,47.195000
56,366,366,416e941,98431,98757,112082,112182,13.325000,13.651000
56,313,313,4139942,107051,107385,123784,123884,16.399000,16.733000
56,4238,4238,508e942,284146,284480,315755,315855,31.275000,31.609000
56,1721,1721,46b9940,314051,314385,327609,327709,13.224000,13.558000
56,1633,1633,4661940,314051,314385,335781,335881,21.396000,21.730000
56,2188,2188,488c941,336051,336377,357783,357883,21.406000,21.732000
56,2237,2237,48bd942,345019,345353,362176,362276,16.823000,17.157000
56,742,742,42e6940,414051,414385,428730,428830,14.345000,14.679000
56,3735,3735,4e97942,437051,437385,445671,445771,8.286000,8.620000
56,3937,3937,4f61942,457051,457377,475058,475158,17.681000,18.007000
56,3775,3775,4ebf941,496051,496385,513375,513475,16.990000,17.324000
56,2875,2875,4b3b943,540837,541171,557791,557891,16.620000,16.954000
56,3966,3966,4f7e942,519410,519736,579524,579624,59.788000,60.114000
56,4413,4413,513d940,532051,532377,599029,599129,66.652000,66.978000
56,3300,3300,4ce4941,654051,654385,663556,663656,9.171000,9.505000
56,2022,2022,47e6943,654051,654377,689253,689353,34.876000,35.202000
56,6663,6663,5a07941,818051,818377,854388,854488,36.011000,36.337000
56,5629,5629,55fd942,889051,889377,905487,905587,16.110000,16.436000
56,3331,3331,4d03942,865051,865385,909716,909816,44.331000,44.665000
56,4229,4229,5085941,909051,909385,933178,933278,23.793000,24.127000
56,3754,3754,4eaa941,984051,984385,1002038,1002138,17.653000,17.987000
56,6087,6087,57c7942,965051,965385,1022728,1022828,57.343000,57.677000
56,5686,5686,5636940,1021051,1021385,1050079,1050179,28.694000,29.028000
56,6396,6396,58fc940,1034402,1034735,1060957,1061057,26.222000,26.555000
56,5911,5911,5717940,1098051,1098377,1110136,1110236,11.759000,12.085000
56,7811,7811,5e83943,1184438,1184764,1204849,1204949,20.085000,20.411000
56,5736,5736,5668943,1187051,1187377,1215866,1215966,28.489000,28.815000
56,7345,7345,5cb1942,1209932,1210266,1246797,1246897,36.531000,36.865000
56,8506,8506,613a943,1359051,1359385,1385519,1385619,26.134000,26.468000
56,9358,9358,648e940,1391951,1392285,1421190,1421290,28.905000,29.239000
56,8672,8672,61e0942,1400051,1400377,1426722,1426822,26.345000,26.671000
56,8642,8642,61c2940,1452051,1452377,1467428,1467528,15.051000,15.377000
56,7696,7696,5e10940,1467051,1467377,1478249,1478349,10.872000,11.198000
56,9744,9744,6610941,1478051,1478377,1500902,1501002,22.525000,22.851000
56,8526,8526,614e942,1553051,1553377,1562469,1562569,9.092000,9.418000
56,7585,7585,5da1943,1580890,1581224,1599242,1599342,18.018000,18.352000
56,10351,10351,686f941,1617051,1617377,1626550,1626650,9.173000,9.499000
56,8753,8753,6231940,1611051,1611377,1630699,1630799,19.322000,19.648000
56,9260,9260,642c943,1708051,1708377,1718357,1718457,9.980000,10.306000
56,7357,7357,5cbd940,1936051,1936377,1950940,1951040,14.563000,14.889000
56,9992,9992,6708942,1947051,1947385,1959211,1959311,11.826000,12.160000
56,10252,10252,680c940,2112051,2112377,2123318,2123418,10.941000,11.267000
56,9099,9099,638b942,2116890,2117224,2127537,2127637,10.313000,10.647000
57,1423,1423,458f940,106395,106721,115980,116080,9.259000,9.585000
57,619,619,426b943,120051,120385,148125,148225,27.740000,28.074000
57,467,467,41d3940,172051,172377,195117,195217,22.740000,23.066000
57,609,609,4261943,248865,249191,263742,263842,14.551000,14.877000
57,821,821,4335943,253424,253750,267915,268015,14.165000,14.491000
57,508,508,41fc943,262051,262385,273239,273339,10.854000,11.188000
57,1645,1645,466d942,286051,286385,301236,301336,14.851000,15.185000
57,1119,1119,445f941,285051,285377,312820,312920,27.443000,27.769000
57,4263,4263,50a7943,317271,317597,327522,327622,9.925000,10.251000
57,1902,1902,476e943,316051,316377,338560,338660,22.183000,22.509000
57,1650,1650,4672941,325234,325560,393257,393357,67.697000,68.023000
57,1693,1693,469d940,376051,376377,398755,398855,22.378000,22.704000
57,1614,1614,464e941,401972,402298,433219,433319,30.921000,31.247000
57,3516,3516,4dbc940,433051,433377,450868,450968,17.491000,17.817000
57,2271,2271,48df942,445051,445377,456394,456494,11.017000,11.343000
57,1904,1904,4770942,500051,500377,510590,510690,10.213000,10.539000
57,5220,5220,5464941,606051,606385,612019,612119,5.634000,5.968000
57,2333,2333,491d943,604051,604377,622077,622177,17.700000,18.026000
57,2245,2245,48c5942,664416,664750,680515,680615,15.765000,16.099000
57,2749,2749,4abd943,621051,621377,713417,713517,92.040000,92.366000
57,3906,3906,4f42940,805051,805385,819316,819416,13.931000,14.265000
57,4849,4849,52f1943,824051,824385,846900,847000,22.515000,22.849000
57,6412,6412,590c941,811495,811829,865701,865801,53.872000,54.206000
57,4575,4575,51df943,875395,875721,897573,897673,21.852000,22.178000
57,3047,3047,4be7940,886051,886385,908615,908715,22.230000,22.564000
57,6010,6010,577a941,905051,905377,932839,932939,27.462000,27.788000
57,6776,6776,5a78942,918051,918377,948355,948455,29.978000,30.304000
57,4520,4520,51a8943,961051,961385,975575,975675,14.190000,14.524000
57,6748,6748,5a5c943,977556,977882,996279,996379,18.397000,18.723000
57,4523,4523,51ab941,977051,977377,1001784,1001884,24.407000,24.733000
57,5942,5942,5736941,1009051,1009377,1023746,1023846,14.369000,14.695000
57,6528,6528,5980940,1020051,1020377,1033997,1034097,13.620000,13.946000
57,6879,6879,5adf940,1179051,1179385,1203219,1203319,23.834000,24.168000
57,9574,9574,6566940,1249051,1249385,1275569,1275669,26.184000,26.518000
57,8636,8636,61bc942,1347395,1347721,1361556,1361656,13.835000,14.161000
57,8790,8790,6256942,1355074,1355408,1372965,1373065,17.557000,17.891000
57,10293,10293,6835943,1401051,1401385,1414195,1414295,12.810000,13.144000
57,7335,7335,5ca7941,1498051,1498377,1515870,1515970,17.493000,17.819000
57,10940,10940,6abc940,1580344,1580670,1599927,1600027,19.257000,19.583000
57,8063,8063,5f7f942,1607051,1607385,1622486,1622586,15.101000,15.435000
57,7561,7561,5d89942,1602051,1602377,1627284,1627384,24.907000,25.233000
57,6956,6956,5b2c942,1679051,1679385,1687566,1687666,8.181000,8.515000
57,10487,10487,68f7942,1682051,1682385,1694146,1694246,11.761000,12.095000
57,9675,9675,65cb940,1769051,1769385,1779429,1779529,10.044000,10.378000
57,10479,10479,68ef941,1893051,1893377,1907508,1907608,14.131000,14.457000
57,8834,8834,6282943,2052051,2052385,2060651,2060752,8.266000,8.600000
57,10248,10248,6808942,2459431,2459757,2468181,2468281,8.424000,8.750000
57,8815,8815,626f941,2583051,2583377,2596969,2597069,13.592000,13.918000
58,380,380,417c943,53051,53377,66899,66999,13.522000,13.848000
58,590,590,424e943,65051,65377,85215,85315,19.838000,20.164000
58,0,0,4000940,163051,163385,177071,177171,13.686000,14.020000
58,1599,1599,463f943,224051,224377,254422,254522,30.045000,30.371000
58,3372,3372,4d2c940,255051,255377,265118,265218,9.741000,10.067000
58,824,824,4338943,289051,289377,311076,311176,21.699000,22.025000
58,3325,3325,4cfd940,305051,305385,325741,325841,20.356000,20.690000
58,2802,2802,4af2941,330051,330377,336907,337007,6.530000,6.856000
58,1853,1853,473d941,288424,288750,343143,343243,54.393000,54.719000
58,1290,1290,450a943,378051,378385,413340,413440,34.955000,35.289000
58,2852,2852,4b24943,429051,429377,442076,442176,12.699000,13.025000
58,1936,1936,4790940,426051,426385,469144,469244,42.759000,43.093000
58,4348,4348,50fc941,546051,546385,571908,572008,25.523000,25.857000
58,2325,2325,4915940,553159,553493,580342,580442,26.849000,27.183000
58,4245,4245,5095943,612051,612377,647603,647703,35.226000,35.552000
58,4840,4840,52e8941,678051,678385,689533,689633,11.148000,11.482000
58,2389,2389,4955943,704051,704377,719364,719464,14.987000,15.313000
58,6493,6493,595d943,723386,723712,741466,741566,17.754000,18.080000
58,3855,3855,4f0f943,883051,883385,892541,892641,9.156000,9.490000
58,5828,5828,56c4942,885051,885385,896672,896772,11.287000,11.621000
58,3524,3524,4dc4940,952051,952377,972236,972336,19.859000,20.185000
58,5689,5689,5639940,979051,979377,993895,993995,14.518000,14.844000
58,5794,5794,56a2943,1009051,1009385,1030357,1030456,20.972000,21.306000
58,10874,10874,6a7a943,1029574,1029899,1072661,1072761,42.762000,43.087000
58,7706,7706,5e1a941,1143051,1143377,1159892,1159992,16.515000,16.841000
58,7663,7663,5def940,1149479,1149805,1166932,1167032,17.127000,17.453000
58,7366,7366,5cc6940,1144880,1145206,1177998,1178098,32.792000,33.118000
58,4921,4921,5339941,1182381,1182715,1211086,1211186,28.371000,28.705000
58,4366,4366,510e943,1243648,1243982,1263067,1263167,19.085000,19.419000
58,8518,8518,6146941,1378051,1378385,1390556,1390656,12.171000,12.505000
58,10862,10862,6a6e941,1445147,1445481,1458461,1458561,12.980000,13.314000
58,6667,6667,5a0b940,1443424,1443750,1463999,1464099,20.249000,20.575000
58,5499,5499,557b941,1429268,1429594,1469456,1469556,39.862000,40.188000
58,9020,9020,633c942,1507051,1507377,1532072,1532172,24.695000,25.021000
58,8843,8843,628b943,1671051,1671377,1689327,1689427,17.950000,18.276000
58,9687,9687,65d7942,1694051,1694377,1699987,1700087,5.610000,5.936000
58,10627,10627,6983942,1732051,1732385,1753784,1753884,21.399000,21.733000
58,9967,9967,66ef942,1952051,1952377,1971995,1972095,19.618000,19.944000
58,9871,9871,668f943,2098051,2098385,2123270,2123370,24.885000,25.219000
58,9850,9850,667a943,2498051,2498385,2516277,2516377,17.892000,18.226000
59,484,484,41e4943,29051,29385,34983,35083,5.598000,5.932000
59,1457,1457,45b1940,53051,53377,60204,60304,6.827000,7.153000
59,1079,1079,4437942,84051,84385,104682,104782,20.297000,20.631000
59,26,26,401a943,226051,226377,236472,236572,10.095000,10.421000
59,1046,1046,4416943,252051,252385,262420,262520,10.035000,10.369000
59,925,925,439d940,252051,252377,273451,273551,21.074000,21.400000
59,1607,1607,4647943,319477,319803,342017,342117,22.214000,22.540000
59,2201,2201,4899941,329051,329377,350357,350457,20.980000,21.306000
59,1660,1660,467c943,400051,400377,406831,406931,6.454000,6.780000
59,1713,1713,46b1943,430515,430849,453627,453727,22.778000,23.112000
59,1795,1795,4703942,454051,454377,470178,470278,15.801000,16.127000
59,2226,2226,48b2943,505051,505385,527248,527348,21.863000,22.197000
59,2096,2096,4830940,548051,548385,600336,600436,51.951000,52.285000
59,3669,3669,4e55943,583051,583377,605762,605862,22.385000,22.711000
59,5981,5981,575d942,681051,681385,704057,704157,22.672000,23.006000
59,4345,4345,50f9943,767051,767377,779563,779663,12.186000,12.512000
59,6109,6109,57dd942,792051,792385,819509,819609,27.124000,27.458000
59,5084,5084,53dc942,825051,825385,849691,849791,24.306000,24.640000
59,4878,4878,530e941,863051,863377,868977,869077,5.600000,5.926000
59,6425,6425,5919940,891051,891377,905385,905485,14.008000,14.334000
59,4929,4929,5341942,914738,915064,935911,936011,20.847000,21.173000
59,8245,8245,6035943,953051,953385,961594,961694,8.209000,8.543000
59,7359,7359,5cbf943,927186,927512,977107,977207,49.595000,49.921000
59,6278,6278,5886940,959392,959726,1000390,1000490,40.664000,40.998000
59,8548,8548,6164942,979051,979385,1038752,1038852,59.367000,59.701000
59,5004,5004,538c941,1045051,1045385,1060856,1060956,15.471000,15.805000
59,6806,6806,5a96943,947051,947377,1069701,1069801,122.324000,122.650000
59,7355,7355,5cbb941,1120051,1120377,1129679,1129779,9.302000,9.628000
59,7090,7090,5bb2942,1154051,1154377,1172100,1172200,17.723000,18.049000
59,9834,9834,666a943,1173051,1173377,1189858,1189958,16.481000,16.807000
59,9301,9301,6455943,1243051,1243377,1255161,1255261,11.784000,12.110000
59,9006,9006,632e942,1279051,1279385,1307353,1307453,27.968000,28.302000
59,8019,8019,5f53941,1281051,1281377,1316193,1316293,34.816000,35.142000
59,7794,7794,5e72942,1368051,1368385,1396940,1397040,28.555000,28.889000
59,9570,9570,6562942,1419051,1419377,1427613,1427713,8.236000,8.562000
59,5949,5949,573d942,1425051,1425377,1431941,1432041,6.564000,6.890000
59,6311,6311,58a7941,1477051,1477377,1491934,1492034,14.557000,14.883000
59,8460,8460,610c940,1512051,1512385,1520199,1520299,7.814000,8.148000
59,10398,10398,689e940,1611051,1611385,1620522,1620622,9.137000,9.471000
59,10755,10755,6a03941,1669221,1669555,1682062,1682162,12.507000,12.841000
59,9466,9466,64fa941,1783051,1783385,1804103,1804203,20.718000,21.052000
59,10568,10568,6948940,1803051,1803385,1815167,1815267,11.782000,12.116000
59,9976,9976,66f8941,1832051,1832377,1851044,1851144,18.667000,18.993000
59,10072,10072,6758941,1949051,1949377,1961126,1961226,11.749000,12.075000
59,9903,9903,66af941,2078439,2078765,2097501,2097601,18.736000,19.062000
59,9579,9579,656b943,2098051,2098385,2109163,2109263,10.778000,11.112000
59,10093,10093,676d941,2119051,2119385,2129346,2129446,9.961000,10.295000
59,9072,9072,6370941,2156051,2156385,2163687,2163787,7.302000,7.636000
59,9347,9347,6483942,2198051,2198385,2219820,2219920,21.435000,21.769000
59,10710,10710,69d6941,2294051,2294385,2304385,2304485,10.000000,10.334000
59,10052,10052,6744941,2640051,2640377,2653850,2653950,13.473000,13.799000
60,112,112,4070940,35051,35385,50178,50278,14.793000,15.127000
60,389,389,4185942,46431,46757,70068,70168,23.311000,23.637000
60,1674,1674,468a940,56051,56385,100271,100371,43.886000,44.220000
60,86,86,4056941,91051,91377,105726,105826,14.349000,14.675000
60,1031,1031,4407941,154051,154377,177946,178046,23.569000,23.895000
60,2999,2999,4bb7940,469051,469385,508744,508844,39.359000,39.693000
60,3205,3205,4c85943,533677,534011,546955,547055,12.944000,13.278000
60,4107,4107,500b943,616051,616377,634746,634846,18.369000,18.695000
60,4465,4465,5171943,711051,711377,732442,732542,21.065000,21.391000
60,4560,4560,51d0943,694977,695303,742226,742326,46.923000,47.249000
60,4266,4266,50aa940,755051,755377,782231,782331,26.854000,27.180000
60,4758,4758,5296941,785416,785742,805156,805256,19.414000,19.740000
60,5063,5063,53c7940,861051,861385,867861,867961,6.476000,6.810000
60,4128,4128,5020943,878051,878377,893959,894059,15.582000,15.908000
60,5136,5136,5410941,896424,896750,927152,927252,30.402000,30.728000
60,4983,4983,5377943,964561,964895,972233,972333,7.338000,7.672000
60,8445,8445,60fd942,966051,966377,977745,977845,11.368000,11.694000
60,5059,5059,53c3943,975051,975377,988718,988818,13.341000,13.667000
60,8523,8523,614b940,1095051,1095377,1122909,1123009,27.532000,27.858000
60,7242,7242,5c4a941,1133051,1133377,1157359,1157459,23.982000,24.308000
60,5558,5558,55b6940,1279416,1279750,1295411,1295511,15.661000,15.995000
60,9212,9212,63fc941,1342051,1342377,1354590,1354690,12.213000,12.539000
60,5908,5908,5714942,1397051,1397385,1416536,1416636,19.151000,19.485000
60,7271,7271,5c67942,1400123,1400457,1446944,1447044,46.487000,46.821000
60,9451,9451,64eb943,1497051,1497385,1517891,1517991,20.506000,20.840000
60,6880,6880,5ae0941,1581051,1581385,1603229,1603329,21.844000,22.178000
60,9881,9881,6699943,1787051,1787377,1803189,1803289,15.812000,16.138000
60,10817,10817,6a41942,1878051,1878377,1888448,1888548,10.071000,10.397000
61,840,840,4348943,33431,33757,44481,44581,10.724000,11.050000
61,551,551,4227943,67051,67377,74776,74876,7.399000,7.725000
61,36,36,4024943,82051,82385,89805,89905,7.420000,7.754000
61,597,597,4255941,135051,135377,151408,151508,16.031000,16.357000
61,758,758,42f6942,141051,141385,156936,157036,15.551000,15.885000
61,1264,1264,44f0942,152051,152377,164902,165002,12.525000,12.851000
61,914,914,4392940,228416,228750,263218,263318,34.468000,34.802000
61,744,744,42e8942,310439,310773,331247,331347,20.474000,20.808000
61,2104,2104,4838942,328051,328385,335450,335550,7.065000,7.399000
61,1604,1604,4644942,342051,342377,362877,362977,20.500000,20.826000
61,2107,2107,483b940,359051,359377,376383,376483,17.006000,17.332000
61,1972,1972,47b4940,366051,366377,382754,382854,16.377000,16.703000
61,2635,2635,4a4b941,379221,379555,391109,391209,11.554000,11.888000
61,1489,1489,45d1943,364051,364377,396564,396664,32.187000,32.513000
61,1324,1324,452c942,426051,426385,432842,432942,6.457000,6.791000
61,2116,2116,4844941,481051,481385,501803,501903,20.418000,20.752000
61,2885,2885,4b45943,461051,461377,518284,518384,56.907000,57.233000
61,1537,1537,4601940,741051,741385,751109,751209,9.724000,10.058000
61,4999,4999,5387942,740051,740377,755282,755382,14.905000,15.231000
61,9355,9355,648b942,748051,748377,771595,771695,23.218000,23.544000
61,5260,5260,548c943,794051,794385,802663,802763,8.278000,8.612000
61,6446,6446,592e940,829848,830174,868298,868398,38.124000,38.450000
61,3280,3280,4cd0940,859051,859385,872575,872675,13.190000,13.524000
61,8707,8707,6203942,894051,894385,911634,911734,17.249000,17.583000
61,7710,7710,5e1e943,908051,908385,920154,920254,11.769000,12.103000
61,6675,6675,5a13942,909051,909385,928960,929060,19.575000,19.909000
61,4733,4733,527d942,945804,946130,979856,979956,33.726000,34.052000
61,6411,6411,590b941,963051,963385,989976,990076,26.591000,26.925000
61,7840,7840,5ea0943,1001051,1001377,1021649,1021749,20.272000,20.598000
61,6314,6314,58aa940,1003051,1003377,1051388,1051488,48.011000,48.337000
61,7073,7073,5ba1943,1076126,1076460,1089031,1089131,12.571000,12.905000
61,7764,7764,5e54943,1092051,1092385,1101458,1101558,9.073000,9.407000
61,6229,6229,5855941,1166051,1166377,1190690,1190790,24.313000,24.639000
61,8744,8744,6228943,1241051,1241385,1249662,1249762,8.277000,8.611000
61,4007,4007,4fa7942,1220051,1220385,1253865,1253965,33.480000,33.814000
61,4077,4077,4fed942,1232051,1232377,1264657,1264757,32.280000,32.606000
61,9683,9683,65d3942,1285051,1285377,1299303,1299403,13.926000,14.252000
61,5621,5621,55f5943,1353111,1353437,1410824,1410924,57.387000,57.713000
61,8990,8990,631e942,1443051,1443377,1459438,1459538,16.061000,16.387000
61,6640,6640,59f0940,1476051,1476385,1488883,1488983,12.498000,12.832000
61,9514,9514,652a943,1489051,1489377,1501083,1501183,11.706000,12.032000
61,7212,7212,5c2c940,1539438,1539764,1558623,1558723,18.859000,19.185000
61,9353,9353,6489941,1573051,1573377,1585152,1585252,11.775000,12.101000
61,10783,10783,6a1f942,1587051,1587377,1596449,1596549,9.072000,9.398000
61,9892,9892,66a4943,1640051,1640385,1646844,1646944,6.459000,6.793000
61,10381,10381,688d942,1727051,1727385,1755006,1755106,27.621000,27.955000
61,9517,9517,652d943,1824051,1824385,1840014,1840114,15.629000,15.963000
61,9036,9036,634c942,1931051,1931377,1945733,1945833,14.356000,14.682000
61,9990,9990,6706943,2133051,2133377,2148602,2148702,15.225000,15.551000
61,10948,10948,6ac4942,2252051,2252385,2275043,2275143,22.658000,22.992000
62,61,61,403d943,20051,20385,33089,33189,12.704000,13.038000
62,23,23,4017941,58051,58385,82054,82154,23.669000,24.003000
62,265,265,4109940,69051,69385,98391,98491,29.006000,29.340000
62,1519,1519,45ef942,125475,125809,152033,152133,26.224000,26.558000
62,1215,1215,44bf942,141051,141385,156232,156332,14.847000,15.181000
62,624,624,4270943,160051,160377,189108,189208,28.731000,29.057000
62,1208,1208,44b8940,226051,226385,232843,232943,6.458000,6.792000
62,830,830,433e943,241051,241377,282875,282975,41.498000,41.824000
62,2224,2224,48b0941,241051,241377,300345,300445,58.968000,59.294000
62,945,945,43b1943,267051,267385,311386,311486,44.001000,44.335000
62,2299,2299,48fb942,313051,313377,329461,329561,16.084000,16.410000
62,3195,3195,4c7b942,438051,438385,474590,474690,36.205000,36.539000
62,3235,3235,4ca3942,461446,461780,480050,480150,18.270000,18.604000
62,4594,4594,51f2940,513050,513385,526471,526571,13.086000,13.421000
62,2846,2846,4b1e942,485743,486077,550891,550991,64.814000,65.148000
62,3002,3002,4bba942,522050,522385,561774,561874,39.389000,39.724000
62,2612,2612,4a34940,603051,603385,618645,618745,15.260000,15.594000
62,4312,4312,50d8941,645051,645385,668332,668432,22.947000,23.281000
62,2397,2397,495d943,664051,664385,688892,688992,24.507000,24.841000
62,3835,3835,4efb940,665051,665385,693064,693164,27.679000,28.013000
62,6399,6399,58ff943,703051,703377,719643,719743,16.266000,16.592000
62,5521,5521,5591942,868051,868385,878152,878252,9.767000,10.101000
62,3715,3715,4e83941,906051,906377,920735,920835,14.358000,14.684000
62,9222,9222,6406942,1144051,1144385,1168348,1168448,23.963000,24.297000
62,7565,7565,5d8d942,1250051,1250377,1267523,1267623,17.146000,17.472000
62,6547,6547,5993941,1298229,1298555,1313237,1313337,14.682000,15.008000
62,6047,6047,579f940,1316051,1316385,1368228,1368328,51.843000,52.177000
62,5808,5808,56b0940,1372051,1372377,1388671,1388771,16.294000,16.620000
62,10316,10316,684c943,1551051,1551377,1572968,1573068,21.591000,21.917000
62,10947,10947,6ac3940,1558239,1558573,1583982,1584082,25.409000,25.743000
62,5071,5071,53cf941,1628051,1628385,1639173,1639273,10.788000,11.122000
62,10081,10081,6761940,1649051,1649385,1664564,1664664,15.179000,15.513000
62,8852,8852,6294943,1654051,1654385,1672700,1672800,18.315000,18.649000
62,10659,10659,69a3943,1737431,1737757,1752505,1752605,14.748000,15.074000
62,10713,10713,69d9942,1853051,1853385,1865987,1866087,12.602000,12.936000
62,10737,10737,69f1941,1868438,1868764,1895900,1896000,27.136000,27.462000
63,269,269,410d942,164051,164385,170917,171017,6.532000,6.866000
63,1389,1389,456d940,172425,172759,187287,187387,14.528000,14.862000
63,804,804,4324942,191051,191385,210909,211009,19.524000,19.858000
63,3203,3203,4c83943,275409,275743,285702,285802,9.959000,10.293000
63,1315,1315,4523942,260051,260376,296606,296706,36.230000,36.555000
63,1732,1732,46c4941,270051,270385,302104,302204,31.719000,32.053000
63,2363,2363,493b943,289051,289385,307637,307737,18.252000,18.586000
63,2360,2360,4938943,301424,301750,316486,316586,14.736000,15.062000
63,1256,1256,44e8940,310453,310779,322037,322137,11.258000,11.584000
63,1441,1441,45a1941,302051,302377,326181,326281,23.804000,24.130000
63,650,650,428a940,329537,329871,349217,349317,19.346000,19.680000
63,3871,3871,4f1f942,422051,422377,482917,483017,60.540000,60.866000
63,3019,3019,4bcb940,524627,524953,557966,558066,33.013000,33.339000
63,3812,3812,4ee4941,521050,521377,590839,590939,69.462000,69.789000
63,3168,3168,4c60940,627051,627377,639912,640012,12.535000,12.861000
63,4555,4555,51cb942,600402,600736,688490,688590,87.754000,88.088000
63,2583,2583,4a17943,672051,672385,699456,699556,27.071000,27.405000
63,5233,5233,5471941,700051,700377,723033,723133,22.656000,22.982000
63,4378,4378,511a943,730051,730385,746718,746818,16.333000,16.667000
63,5249,5249,5481941,742051,742377,754221,754321,11.844000,12.170000
63,2244,2244,48c4941,723051,723385,765740,765840,42.355000,42.689000
63,6116,6116,57e4942,760051,760385,772396,772496,12.011000,12.345000
63,2531,2531,49e3941,773051,773385,797158,797258,23.773000,24.107000
63,3648,3648,4e40941,799051,799385,813355,813455,13.970000,14.304000
63,4289,4289,50c1941,799051,799377,830817,830917,31.440000,31.766000
63,7556,7556,5d84942,871051,871377,895222,895322,23.845000,24.171000
63,6724,6724,5a44942,866006,866340,900753,900853,34.413000,34.747000
63,6781,6781,5a7d941,895051,895377,906098,906198,10.721000,11.047000
63,4557,4557,51cd942,881051,881377,911489,911589,30.112000,30.438000
63,5987,5987,5763943,924327,924661,938137,938237,13.476000,13.810000
63,5361,5361,54f1940,982890,983224,1031047,1031147,47.823000,48.157000
63,7280,7280,5c70942,1024051,1024377,1042076,1042176,17.699000,18.025000
63,9797,9797,6645942,1052500,1052834,1069005,1069105,16.171000,16.505000
63,7882,7882,5eca941,1080051,1080377,1108711,1108811,28.334000,28.660000
63,5149,5149,541d942,1117051,1117377,1136228,1136328,18.851000,19.177000
63,5952,5952,5740942,1199051,1199385,1228723,1228823,29.338000,29.672000
63,7168,7168,5c00941,1226051,1226377,1238969,1239069,12.592000,12.918000
63,6934,6934,5b16943,1269051,1269377,1288264,1288364,18.887000,19.213000
63,8087,8087,5f97943,1290536,1290870,1306491,1306591,15.621000,15.955000
63,9310,9310,645e942,1370065,1370391,1381229,1381329,10.838000,11.164000
63,6551,6551,5997941,1396438,1396764,1421195,1421295,24.431000,24.757000
63,7754,7754,5e4a942,1479051,1479385,1505035,1505135,25.650000,25.984000
63,6595,6595,59c3943,1526051,1526377,1549819,1549919,23.442000,23.768000
63,9550,9550,654e941,1628051,1628385,1636642,1636742,8.257000,8.591000
63,10386,10386,6892943,1635051,1635385,1642012,1642112,6.627000,6.961000
63,10522,10522,691a940,1620051,1620377,1646183,1646283,25.806000,26.132000
63,10581,10581,6955941,1635051,1635377,1651497,1651597,16.120000,16.446000
63,7457,7457,5d21940,1651051,1651385,1669279,1669379,17.894000,18.228000
63,8698,8698,61fa942,1697409,1697743,1707821,1707921,10.078000,10.412000
63,9935,9935,66cf942,1714051,1714385,1724355,1724455,9.970000,10.304000
63,9910,9910,66b6942,1729453,1729779,1739793,1739893,10.014000,10.340000
63,10338,10338,6862943,1779051,1779377,1792873,1792973,13.496000,13.822000
63,9345,9345,6481943,1786051,1786385,1798158,1798258,11.773000,12.107000
63,10977,10977,6ae1943,1844051,1844377,1853446,1853546,9.069000,9.395000
63,10836,10836,6a54941,1888051,1888385,1901960,1902060,13.575000,13.909000
63,7852,7852,5eac942,1906051,1906377,1919753,1919853,13.376000,13.702000
63,10070,10070,6756942,1982051,1982377,1996701,1996801,14.324000,14.650000
63,8140,8140,5fcc942,1984051,1984377,2002248,2002348,17.871000,18.197000
63,10834,10834,6a52941,2304051,2304377,2317880,2317980,13.503000,13.829000
64,191,191,40bf942,31051,31385,54373,54473,22.988000,23.322000
64,4075,4075,4feb943,267051,267385,283428,283528,16.043000,16.377000
64,1027,1027,4403942,264870,265204,303109,303209,37.905000,38.239000
64,1534,1534,45fe942,268051,268385,324943,325043,56.558000,56.892000
64,4684,4684,524c942,358051,358385,391973,392073,33.588000,33.922000
64,2372,2372,4944943,419051,419385,433258,433358,13.873000,14.207000
64,2626,2626,4a42941,446051,446385,466370,466470,19.985000,20.319000
64,2808,2808,4af8940,510051,510385,531202,531302,20.817000,21.151000
64,2781,2781,4add942,529051,529385,538543,538643,9.158000,9.492000
64,1500,1500,45dc943,558051,558377,575105,575205,16.728000,17.054000
64,6487,6487,5957941,644051,644385,677531,677631,33.146000,33.480000
64,6405,6405,5905943,666051,666377,704999,705099,38.622000,38.948000
64,4642,4642,5222940,741592,741918,790519,790619,48.601000,48.927000
64,5201,5201,5451942,807051,807385,821053,821153,13.668000,14.002000
64,5135,5135,540f941,841051,841377,859272,859372,17.895000,18.221000
64,8091,8091,5f9b943,860755,861081,878629,878729,17.548000,17.874000
64,4848,4848,52f0943,889051,889377,907457,907557,18.080000,18.406000
64,6267,6267,587b941,933051,933385,951460,951560,18.075000,18.409000
64,8036,8036,5f64941,942051,942385,963507,963607,21.122000,21.456000
64,7796,7796,5e74943,911051,911377,987841,987941,76.464000,76.790000
64,8900,8900,62c4942,1004051,1004385,1020583,1020683,16.198000,16.532000
64,4673,4673,5241942,1111051,1111385,1162235,1162335,50.850000,51.184000
64,9927,9927,66c7941,1163051,1163377,1179497,1179597,16.120000,16.446000
64,6800,6800,5a90942,1193912,1194246,1205695,1205795,11.449000,11.783000
64,5921,5921,5721941,1128051,1128377,1247680,1247780,119.303000,119.629000
64,8006,8006,5f46942,1366051,1366377,1371994,1372094,5.617000,5.943000
64,5698,5698,5642942,1343051,1343377,1379502,1379602,36.125000,36.451000
64,5404,5404,551c943,1422051,1422385,1435928,1436028,13.543000,13.877000
64,7990,7990,5f36943,1418051,1418385,1451062,1451162,32.677000,33.011000
64,8194,8194,6002943,1474051,1474385,1494515,1494615,20.130000,20.464000
64,8910,8910,62ce942,1494051,1494385,1505600,1505700,11.215000,11.549000
64,6166,6166,5816941,1516051,1516377,1537671,1537771,21.294000,21.620000
64,7161,7161,5bf9940,1566416,1566742,1578543,1578643,11.801000,12.127000
64,9869,9869,668d940,1572051,1572385,1582733,1582833,10.348000,10.682000
64,10133,10133,6795941,1714051,1714377,1733401,1733501,19.024000,19.350000
64,8953,8953,62f9942,1755051,1755385,1762774,1762874,7.389000,7.723000
64,8780,8780,624c942,1867051,1867377,1894506,1894606,27.129000,27.455000
64,10249,10249,6809942,2028051,2028377,2046374,2046474,17.997000,18.323000
64,10026,10026,672a942,2091051,2091385,2110527,2110627,19.142000,19.476000
64,10031,10031,672f943,2176051,2176385,2198730,2198830,22.345000,22.679000
64,8499,8499,6133941,2336051,2336385,2349991,2350091,13.606000,13.940000
65,342,342,4156941,31051,31385,42452,42552,11.067000,11.401000
65,1857,1857,4741940,75051,75377,83644,83744,8.267000,8.593000
65,35,35,4023941,75051,75377,89944,90044,14.567000,14.893000
65,370,370,4172940,116051,116385,133496,133596,17.111000,17.445000
65,1065,1065,4429943,75836,76162,139019,139119,62.857000,63.183000
65,689,689,42b1940,158051,158385,171561,171661,13.176000,13.510000
65,707,707,42c3943,172051,172377,215285,215385,42.908000,43.234000
65,1225,1225,44c9942,264051,264385,297951,298051,33.566000,33.900000
65,1673,1673,4689940,310051,310377,358339,358439,47.962000,48.288000
65,5503,5503,557f940,579514,579840,605498,605598,25.658000,25.984000
65,3769,3769,4eb9940,626051,626377,662629,662729,36.252000,36.578000
65,3965,3965,4f7d940,674051,674377,689934,690034,15.557000,15.883000
65,6014,6014,577e940,712051,712377,794899,794999,82.522000,82.848000
65,6631,6631,59e7941,797051,797385,805830,805930,8.445000,8.779000
65,7067,7067,5b9b940,844051,844377,852595,852695,8.218000,8.544000
65,6612,6612,59d4940,915051,915377,933860,933960,18.483000,18.809000
65,6297,6297,5899940,963598,963932,993484,993584,29.552000,29.886000
65,3701,3701,4e75940,1049051,1049385,1077130,1077230,27.745000,28.079000
65,10057,10057,6749942,998426,998760,1082531,1082631,83.771000,84.105000
65,4021,4021,4fb5940,1099051,1099377,1115054,1115154,15.677000,16.003000
65,6793,6793,5a89940,1105051,1105385,1120570,1120670,15.185000,15.519000
65,5997,5997,576d942,1118875,1119209,1165731,1165831,46.522000,46.856000
65,8039,8039,5f67941,1241051,1241385,1266519,1266619,25.134000,25.468000
65,7423,7423,5cff940,1287051,1287377,1303095,1303195,15.718000,16.044000
65,7361,7361,5cc1942,1360051,1360377,1374817,1374917,14.440000,14.766000
65,8237,8237,602d943,1361051,1361377,1385692,1385792,24.315000,24.641000
65,9922,9922,66c2943,1313051,1313377,1402073,1402173,88.696000,89.022000
65,4242,4242,5092940,1399051,1399377,1413103,1413203,13.726000,14.052000
65,6740,6740,5a54942,1383518,1383844,1467882,1467982,84.038000,84.364000
65,8853,8853,6295942,1455051,1455377,1486922,1487022,31.545000,31.871000
65,7511,7511,5d57943,1498715,1499041,1504662,1504762,5.621000,5.947000
65,6925,6925,5b0d943,1546051,1546377,1565690,1565790,19.313000,19.639000
65,9439,9439,64df941,1684051,1684385,1690876,1690976,6.491000,6.825000
65,6735,6735,5a4f942,1677051,1677377,1695047,1695147,17.670000,17.996000
65,9237,9237,6415940,1720051,1720385,1729545,1729645,9.160000,9.494000
65,10744,10744,69f8941,2266438,2266764,2277766,2277866,11.002000,11.328000
66,202,202,40ca942,49051,49385,56842,56942,7.457000,7.791000
66,388,388,4184940,80416,80750,87326,87426,6.576000,6.910000
66,20,20,4014943,89051,89385,109176,109276,19.791000,20.125000
66,87,87,4057940,122051,122385,127980,128080,5.595000,5.929000
66,310,310,4136941,134051,134377,142674,142774,8.297000,8.623000
66,1023,1023,43ff941,136051,136385,149394,149494,13.009000,13.343000
66,1517,1517,45ed940,176416,176742,220800,220900,44.058000,44.384000
66,1257,1257,44e9941,216051,216377,230836,230936,14.459000,14.785000
66,1420,1420,458c940,221051,221377,236363,236463,14.986000,15.312000
66,1861,1861,4745941,221051,221377,241695,241795,20.318000,20.644000
66,1015,1015,43f7942,218395,218729,247064,247164,28.335000,28.669000
66,1682,1682,4692941,306051,306385,326058,326158,19.673000,20.007000
66,1102,1102,444e942,353051,353385,368241,368341,14.856000,15.190000
66,1800,1800,4708940,365781,366115,384838,384938,18.723000,19.057000
66,1832,1832,4728941,353051,353377,403678,403778,50.301000,50.627000
66,1978,1978,47ba943,436051,436377,465172,465272,28.795000,29.121000
66,4164,4164,5044942,650546,650880,696492,696592,45.612000,45.946000
66,4576,4576,51e0942,692600,692934,701188,701288,8.254000,8.588000
66,6833,6833,5ab1940,750051,750385,794051,794151,43.666000,44.000000
66,4835,4835,52e3940,760051,760385,807391,807491,47.006000,47.340000
66,6356,6356,58d4941,817425,817759,833085,833185,15.326000,15.660000
66,4651,4651,522b943,734439,734773,854323,854423,119.550000,119.884000
66,3090,3090,4c12942,891051,891385,900151,900251,8.766000,9.100000
66,5348,5348,54e4942,899764,900090,905701,905801,5.611000,5.937000
66,6915,6915,5b03941,890632,890958,916679,916779,25.721000,26.047000
66,4741,4741,5285942,948987,949321,964254,964354,14.933000,15.267000
66,4726,4726,5276941,966051,966377,989711,989811,23.334000,23.660000
66,3751,3751,4ea7942,933599,933925,1002808,1002908,68.883000,69.209000
66,10390,10390,6896941,1040051,1040385,1052747,1052847,12.362000,12.696000
66,6856,6856,5ac8941,1053051,1053385,1061619,1061719,8.234000,8.568000
66,9383,9383,64a7943,1129051,1129377,1163268,1163368,33.891000,34.217000
66,5679,5679,562f941,1078051,1078377,1168726,1168826,90.349000,90.675000
66,8166,8166,5fe6940,1224545,1224871,1242280,1242380,17.409000,17.735000
66,8830,8830,627e942,1236028,1236354,1280764,1280864,44.410000,44.736000
66,10322,10322,6852942,1450051,1450385,1467174,1467274,16.789000,17.123000
66,7122,7122,5bd2941,1539051,1539385,1550886,1550986,11.501000,11.835000
66,7414,7414,5cf6941,1605051,1605377,1619921,1620021,14.544000,14.870000
66,9620,9620,6594940,1670425,1670759,1683409,1683509,12.650000,12.984000
66,7418,7418,5cfa942,1698051,1698377,1706647,1706747,8.270000,8.596000
66,8768,8768,6240941,1773051,1773385,1779898,1779998,6.513000,6.847000
66,10884,10884,6a84943,1776051,1776377,1788328,1788428,11.951000,12.277000
66,9058,9058,6362941,1866051,1866377,1879988,1880088,13.611000,13.937000
66,9686,9686,65d6943,1919051,1919385,1929416,1929516,10.031000,10.365000
66,10420,10420,68b4941,2155051,2155377,2162750,2162850,7.373000,7.699000
67,515,515,4203943,161416,161742,167420,167520,5.678000,6.004000
67,514,514,4202941,171051,171377,189619,189719,18.242000,18.568000
67,1616,1616,4650943,199051,199377,233564,233664,34.187000,34.513000
67,696,696,42b8940,218051,218377,239040,239140,20.663000,20.989000
67,808,808,4328943,253051,253377,270355,270455,16.978000,17.304000
67,2049,2049,4801942,316051,316377,325290,325390,8.913000,9.239000
67,1785,1785,46f9941,305051,305385,330651,330751,25.266000,25.600000
67,1181,1181,449d942,386051,386385,394729,394829,8.344000,8.678000
67,1895,1895,4767943,399051,399377,404089,404189,4.712000,5.038000
67,3148,3148,4c4c940,459051,459385,479091,479191,19.706000,20.040000
67,2967,2967,4b97942,500051,500377,515366,515466,14.989000,15.315000
67,2784,2784,4ae0941,475051,475377,523088,523188,47.711000,48.037000
67,2300,2300,48fc940,500557,500891,527282,527382,26.391000,26.725000
67,3567,3567,4def941,558051,558377,566940,567040,8.563000,8.889000
67,2488,2488,49b8940,540051,540385,583492,583592,43.107000,43.441000
67,3564,3564,4dec941,576439,576773,601164,601264,24.391000,24.725000
67,5104,5104,53f0942,768051,768377,781026,781126,12.649000,12.975000
67,2290,2290,48f2943,790051,790385,802203,802303,11.818000,12.152000
67,6391,6391,58f7942,836051,836377,864798,864898,28.421000,28.747000
67,3135,3135,4c3f943,902051,902377,909761,909861,7.384000,7.710000
67,4671,4671,523f940,909051,909377,988077,988177,78.700000,79.026000
67,5261,5261,548d940,1005051,1005377,1020690,1020790,15.313000,15.639000
67,5728,5728,5660943,1139051,1139377,1144958,1145058,5.581000,5.907000
67,6874,6874,5ada941,1157051,1157385,1164716,1164816,7.331000,7.665000
67,4448,4448,5160940,1154444,1154770,1184976,1185076,30.206000,30.532000
67,4379,4379,511b943,1178051,1178385,1189161,1189261,10.776000,11.110000
67,4115,4115,5013943,1188051,1188377,1217835,1217935,29.458000,29.784000
67,8539,8539,615b940,1247051,1247385,1292152,1292252,44.767000,45.101000
67,5833,5833,56c9940,1300051,1300377,1314399,1314499,14.022000,14.348000
67,7731,7731,5e33943,1327051,1327385,1343555,1343655,16.170000,16.504000
67,7005,7005,5b5d940,1327051,1327385,1348784,1348884,21.399000,21.733000
67,9014,9014,6336940,1412051,1412377,1440700,1440800,28.323000,28.649000
67,7443,7443,5d13943,1453051,1453385,1474539,1474639,21.154000,21.488000
67,9390,9390,64ae940,1466051,1466385,1481041,1481141,14.656000,14.990000
67,8183,8183,5ff7941,1506051,1506385,1513711,1513811,7.326000,7.660000
67,9535,9535,653f941,1524425,1524759,1538578,1538678,13.819000,14.153000
67,7866,7866,5eba941,1581051,1581385,1608623,1608723,27.238000,27.572000
67,7533,7533,5d6d942,1724051,1724385,1731747,1731847,7.362000,7.696000
67,10190,10190,67ce941,1745051,1745377,1752794,1752894,7.417000,7.743000
67,8494,8494,612e940,1785051,1785377,1799820,1799920,14.443000,14.769000
67,7343,7343,5caf943,1832051,1832385,1841511,1841611,9.126000,9.460000
67,9290,9290,644a941,1984051,1984385,2013273,2013373,28.888000,29.222000
67,10871,10871,6a77940,2097051,2097377,2105696,2105796,8.319000,8.645000
67,10698,10698,69ca940,2628051,2628385,2638375,2638475,9.990000,10.324000
68,567,567,4237940,85051,85385,90145,90245,4.760000,5.094000
68,2135,2135,4857943,144051,144377,172174,172274,27.797000,28.123000
68,628,628,4274941,173051,173377,179908,180008,6.531000,6.857000
68,1670,1670,4686940,203051,203377,215281,215381,11.904000,12.230000
68,2500,2500,49c4942,193051,193385,220643,220743,27.258000,27.592000
68,3489,3489,4da1941,232051,232377,280713,280813,48.336000,48.662000
68,1561,1561,4619942,294051,294385,311624,311724,17.239000,17.573000
68,2602,2602,4a2a941,301051,301377,325622,325722,24.245000,24.571000
68,305,305,4131940,303051,303385,335590,335690,32.205000,32.539000
68,1906,1906,4772940,296051,296385,346503,346603,50.118000,50.452000
68,1246,1246,44de942,301051,301385,352130,352230,50.745000,51.079000
68,1577,1577,4629942,365051,365377,379523,379623,14.146000,14.472000
68,4043,4043,4fcb942,345051,345377,384983,385083,39.606000,39.932000
68,1361,1361,4551941,382051,382385,394222,394322,11.837000,12.171000
68,3530,3530,4dca940,381928,382254,401358,401458,19.104000,19.430000
68,5419,5419,552b942,423051,423385,446226,446326,22.841000,23.175000
68,3854,3854,4f0e943,422051,422377,452334,452434,29.957000,30.283000
68,3357,3357,4d1d942,479490,479824,500093,500193,20.269000,20.603000
68,3167,3167,4c5f942,508569,508903,525405,525505,16.502000,16.836000
68,2162,2162,4872941,514050,514385,532772,532872,18.387000,18.722000
68,2850,2850,4b22941,515050,515377,561948,562048,46.571000,46.898000
68,4428,4428,514c943,658051,658377,666719,666819,8.342000,8.668000
68,4680,4680,5248940,683051,683377,689853,689953,6.476000,6.802000
68,5684,5684,5634942,644051,644385,701826,701926,57.441000,57.775000
68,2560,2560,4a00943,709439,709773,731792,731892,22.019000,22.353000
68,5225,5225,5469943,765051,765377,789071,789171,23.694000,24.020000
68,7480,7480,5d38941,796051,796385,817759,817859,21.374000,21.708000
68,5528,5528,5598942,798343,798677,828622,828722,29.945000,30.279000
68,7440,7440,5d10942,843164,843498,882427,882527,38.929000,39.263000
68,6095,6095,57cf941,917051,917377,923974,924074,6.597000,6.923000
68,8270,8270,604e942,905051,905377,943104,943204,37.727000,38.053000
68,4339,4339,50f3941,900174,900508,955449,955549,54.941000,55.275000
68,7201,7201,5c21941,912536,912862,960012,960112,47.150000,47.476000
68,6150,6150,5806941,992051,992385,998888,998988,6.503000,6.837000
68,7137,7137,5be1942,1017051,1017377,1047272,1047372,29.895000,30.221000
68,7206,7206,5c26941,1055051,1055377,1062705,1062805,7.328000,7.654000
68,5979,5979,575b941,1112051,1112377,1134099,1134199,21.722000,22.048000
68,7398,7398,5ce6943,1088051,1088377,1139595,1139695,51.218000,51.544000
68,5082,5082,53da940,1123235,1123569,1184165,1184265,60.596000,60.930000
68,4679,4679,5247943,1232051,1232377,1248219,1248319,15.842000,16.168000
68,7469,7469,5d2d942,1252051,1252385,1270322,1270422,17.937000,18.271000
68,6365,6365,58dd942,1269051,1269377,1282294,1282394,12.917000,13.243000
68,6268,6268,587c941,1283051,1283377,1296726,1296826,13.349000,13.675000
68,10616,10616,6978942,1279051,1279377,1305271,1305371,25.894000,26.220000
68,8298,8298,606a940,1320051,1320377,1354766,1354866,34.389000,34.715000
68,6056,6056,57a8943,1483051,1483377,1510707,1510807,27.330000,27.656000
68,6812,6812,5a9c943,1594431,1594757,1613275,1613375,18.518000,18.844000
68,8273,8273,6051941,1626051,1626377,1634667,1634767,8.290000,8.616000
68,8886,8886,62b6943,1681051,1681377,1704610,1704710,23.233000,23.559000
68,10913,10913,6aa1942,1711051,1711385,1722140,1722240,10.755000,11.089000
68,8123,8123,5fbb940,1755410,1755736,1765032,1765132,9.296000,9.622000
68,8639,8639,61bf940,1759051,1759377,1769750,1769850,10.373000,10.699000
68,10123,10123,678b941,1972051,1972377,1986073,1986173,13.696000,14.022000
68,10126,10126,678e942,1989051,1989385,2011297,2011397,21.912000,22.246000
68,8184,8184,5ff8941,2011051,2011385,2021355,2021455,9.970000,10.304000
68,9982,9982,66fe943,2347051,2347377,2357295,2357395,9.918000,10.244000
69,127,127,407f942,27431,27757,45876,45976,18.119000,18.445000
69,94,94,405e940,78051,78385,88503,88603,10.118000,10.452000
69,581,581,4245940,150051,150377,163010,163110,12.633000,12.959000
69,201,201,40c9943,157051,157377,174032,174132,16.655000,16.981000
69,1730,1730,46c2940,215051,215377,240557,240657,25.180000,25.506000
69,702,702,42be943,219576,219902,268036,268136,48.134000,48.460000
69,1569,1569,4621943,307051,307385,319262,319362,11.877000,12.211000
69,2160,2160,4870943,364051,364377,387997,388097,23.620000,23.946000
69,1806,1806,470e941,402051,402385,409772,409872,7.387000,7.721000
69,2438,2438,4986941,457625,457959,526322,526422,68.363000,68.697000
69,3126,3126,4c36943,503051,503377,531865,531965,28.488000,28.814000
69,1965,1965,47ad940,623051,623377,631646,631746,8.269000,8.595000
69,2269,2269,48dd943,629051,629385,637114,637214,7.729000,8.063000
69,1934,1934,478e940,701051,701385,707878,707978,6.493000,6.827000
69,5314,5314,54c2940,722051,722377,742084,742184,19.707000,20.033000
69,3215,3215,4c8f943,733051,733385,756744,756844,23.359000,23.693000
69,3451,3451,4d7b941,753051,753385,794204,794304,40.819000,41.153000
69,3692,3692,4e6c940,796051,796377,806447,806547,10.070000,10.396000
69,5475,5475,5563940,813051,813385,825940,826040,12.555000,12.889000
69,5739,5739,566b941,830051,830385,840504,840604,10.119000,10.453000
69,8227,8227,6023940,941051,941385,990091,990191,48.706000,49.040000
69,5255,5255,5487940,815051,815385,997518,997618,182.133000,182.467000
69,7008,7008,5b60943,985051,985377,1011015,1011115,25.638000,25.964000
69,6527,6527,597f943,1030051,1030377,1050661,1050761,20.284000,20.610000
69,3407,3407,4d4f942,1031830,1032165,1056115,1056215,23.950000,24.285000
69,7817,7817,5e89942,912051,912385,1060287,1060387,147.902000,148.236000
69,5257,5257,5489940,1060051,1060385,1112155,1112255,51.770000,52.104000
69,5189,5189,5445940,1220051,1220385,1243230,1243330,22.845000,23.179000
69,8313,8313,6079940,1390051,1390377,1397725,1397825,7.348000,7.674000
69,9654,9654,65b6943,1337461,1337787,1403221,1403321,65.434000,65.760000
69,6220,6220,584c943,1423051,1423377,1448130,1448230,24.753000,25.079000
69,8176,8176,5ff0940,1457051,1457385,1476518,1476618,19.133000,19.467000
69,6034,6034,5792942,1464051,1464377,1486378,1486478,22.001000,22.327000
69,8001,8001,5f41941,1493051,1493377,1508323,1508423,14.946000,15.272000
69,5127,5127,5407940,1550051,1550377,1568037,1568137,17.660000,17.986000
69,10678,10678,69b6942,1532051,1532385,1573517,1573617,41.132000,41.466000
69,8946,8946,62f2942,1609051,1609377,1622721,1622821,13.344000,13.670000
69,10889,10889,6a89943,1613051,1613385,1628066,1628166,14.681000,15.015000
69,10882,10882,6a82942,1657918,1658252,1676568,1676668,18.316000,18.650000
69,9478,9478,6506940,1719051,1719385,1733777,1733877,14.392000,14.726000
69,9868,9868,668c942,1808051,1808377,1814909,1815009,6.532000,6.858000
69,10952,10952,6ac8941,1840446,1840780,1851387,1851487,10.607000,10.941000
69,10582,10582,6956943,1954425,1954759,1961351,1961451,6.592000,6.926000
69,9756,9756,661c943,2036051,2036385,2051722,2051822,15.337000,15.671000
70,667,667,429b941,51051,51377,58740,58840,7.363000,7.689000
70,835,835,4343942,152389,152723,172436,172536,19.713000,20.047000
70,541,541,421d940,180051,180385,189553,189653,9.168000,9.502000
70,1238,1238,44d6940,219051,219377,261255,261354,41.878000,42.204000
70,1371,1371,455b942,257157,257491,312296,312396,54.805000,55.139000
70,2255,2255,48cf941,350051,350385,363962,364062,13.577000,13.911000
70,3456,3456,4d80943,392051,392377,403216,403316,10.839000,11.165000
70,2261,2261,48d5940,438051,438385,459795,459895,21.410000,21.744000
70,3185,3185,4c71941,546051,546377,591125,591225,44.748000,45.074000
70,3687,3687,4e67940,579051,579377,596652,596752,17.275000,17.601000
70,3867,3867,4f1b941,608051,608385,615817,615917,7.432000,7.766000
70,2102,2102,4836942,614051,614377,627780,627880,13.403000,13.729000
70,4716,4716,526c940,656051,656377,675449,675549,19.072000,19.398000
70,4188,4188,505c942,659051,659385,691740,691840,32.355000,32.689000
70,6509,6509,596d943,748051,748377,787348,787448,38.971000,39.297000
70,6457,6457,5939942,780500,780826,798171,798271,17.345000,17.671000
70,4191,4191,505f941,797051,797385,820165,820265,22.780000,23.114000
70,4056,4056,4fd8940,817051,817385,837720,837820,20.335000,20.669000
70,5060,5060,53c4941,837051,837377,848234,848334,10.857000,11.183000
70,7954,7954,5f12943,853051,853385,863769,863869,10.384000,10.718000
70,8052,8052,5f74943,836051,836385,882158,882258,45.773000,46.107000
70,3811,3811,4ee3940,928051,928377,933927,934027,5.550000,5.876000
70,7902,7902,5ede942,970051,970377,1029530,1029629,59.153000,59.479000
70,10100,10100,6774943,1024186,1024521,1039760,1039859,15.239000,15.574000
70,4777,4777,52a9942,1060051,1060377,1089992,1090092,29.615000,29.941000
70,7823,7823,5e8f943,1100829,1101155,1110275,1110375,9.120000,9.446000
70,9341,9341,647d943,1107051,1107385,1141152,1141252,33.767000,34.101000
70,8386,8386,60c2943,1215051,1215377,1227772,1227872,12.395000,12.721000
70,6053,6053,57a5943,1225051,1225385,1253493,1253593,28.108000,28.442000
70,4816,4816,52d0943,1235051,1235377,1257648,1257748,22.271000,22.597000
70,8532,8532,6154941,1239051,1239377,1261877,1261977,22.500000,22.826000
70,5560,5560,55b8941,1238051,1238385,1266036,1266136,27.651000,27.985000
70,5807,5807,56af940,1282051,1282377,1298503,1298603,16.126000,16.452000
70,7022,7022,5b6e940,1323051,1323377,1332526,1332626,9.149000,9.475000
70,8513,8513,6141940,1351051,1351377,1374131,1374231,22.754000,23.080000
70,6449,6449,5931942,1378051,1378377,1391950,1392050,13.573000,13.899000
70,10911,10911,6a9f940,1545051,1545377,1564779,1564879,19.402000,19.728000
70,10503,10503,6907943,1549051,1549377,1576911,1577011,27.534000,27.860000
70,8193,8193,6001941,1641051,1641385,1654409,1654509,13.024000,13.358000
70,7399,7399,5ce7941,1669051,1669385,1676751,1676851,7.366000,7.700000
70,9847,9847,6677943,2106051,2106377,2120823,2120923,14.446000,14.772000
70,10893,10893,6a8d940,2402051,2402385,2414229,2414329,11.844000,12.178000
71,900,900,4384941,71051,71377,82365,82465,10.988000,11.314000
71,893,893,437d941,88051,88385,128407,128507,40.022000,40.356000
71,629,629,4275940,125051,125377,142523,142623,17.146000,17.472000
71,1748,1748,46d4942,131051,131377,147946,148046,16.569000,16.895000
71,1871,1871,474f942,280051,280385,308133,308233,27.748000,28.082000
71,1793,1793,4701942,315051,315377,329023,329123,13.646000,13.972000
71,3116,3116,4c2c941,364416,364750,378561,378661,13.811000,14.145000
71,2588,2588,4a1c943,419051,419377,466285,466385,46.908000,47.234000
71,2019,2019,47e3941,435051,435385,482734,482834,47.349000,47.683000
71,3629,3629,4e2d941,437051,437385,506594,506694,69.209000,69.543000
71,3515,3515,4dbb941,539051,539385,559154,559254,19.769000,20.103000
71,4213,4213,5075940,564051,564385,577874,577974,13.489000,13.823000
71,2926,2926,4b6e942,576051,576385,586325,586425,9.940000,10.274000
71,3626,3626,4e2a940,609840,610174,626333,626433,16.159000,16.493000
71,2783,2783,4adf943,649051,649377,659950,660050,10.573000,10.899000
71,1703,1703,46a7942,684051,684385,696261,696361,11.876000,12.210000
71,2712,2712,4a98941,787051,787377,804503,804603,17.126000,17.452000
71,3744,3744,4ea0943,816424,816750,823215,823315,6.465000,6.791000
71,4250,4250,509a940,842051,842385,861414,861514,19.029000,19.363000
71,4845,4845,52ed941,858051,858377,883350,883450,24.973000,25.299000
71,7770,7770,5e5a942,932051,932377,940814,940914,8.437000,8.763000
71,4565,4565,51d5942,926051,926377,970132,970232,43.755000,44.081000
71,3394,3394,4d42942,1054473,1054799,1096110,1096210,41.311000,41.637000
71,7142,7142,5be6941,1132453,1132779,1142016,1142116,9.237000,9.563000
71,5572,5572,55c4940,1187051,1187385,1196536,1196636,9.151000,9.485000
71,10912,10912,6aa0943,1197051,1197385,1210784,1210884,13.399000,13.733000
71,10196,10196,67d4943,1254439,1254773,1270683,1270783,15.910000,16.244000
71,7962,7962,5f1a940,1266051,1266377,1276184,1276284,9.807000,10.133000
71,8618,8618,61aa941,1293051,1293385,1306989,1307089,13.604000,13.938000
71,6893,6893,5aed943,1382051,1382385,1392202,1392302,9.817000,10.151000
71,9767,9767,6627942,1383051,1383377,1397779,1397879,14.402000,14.728000
71,9406,9406,64be940,1402051,1402385,1421420,1421520,19.035000,19.369000
71,5848,5848,56d8943,1426051,1426385,1452155,1452255,25.770000,26.104000
71,6422,6422,5916942,1470418,1470752,1481100,1481200,10.348000,10.682000
71,7151,7151,5bef940,1617051,1617385,1623884,1623984,6.499000,6.833000
71,9429,9429,64d5942,1619051,1619385,1646171,1646271,26.786000,27.120000
71,7582,7582,5d9e942,1659051,1659385,1678695,1678795,19.310000,19.644000
71,9092,9092,6384940,1700051,1700385,1721011,1721111,20.626000,20.960000
71,7969,7969,5f21941,1865051,1865385,1877353,1877453,11.968000,12.302000
71,7763,7763,5e53941,1878051,1878385,1888242,1888342,9.857000,10.191000
71,10619,10619,697b943,2300051,2300385,2315929,2316029,15.544000,15.878000
71,10592,10592,6960940,2897051,2897377,2907445,2907545,10.068000,10.394000
71,10685,10685,69bd940,2975051,2975385,2985416,2985516,10.031000,10.365000
72,2461,2461,499d940,107366,107700,133938,134038,26.238000,26.572000
72,134,134,4086942,140051,140377,176043,176143,35.666000,35.992000
72,1455,1455,45af942,236051,236385,264327,264427,27.942000,28.276000
72,1677,1677,468d940,265051,265377,292813,292913,27.436000,27.762000
72,2256,2256,48d0943,286051,286377,297012,297112,10.635000,10.961000
72,2278,2278,48e6940,290051,290377,301190,301290,10.813000,11.139000
72,3198,3198,4c7e941,315051,315385,329447,329547,14.062000,14.396000
72,1646,1646,466e942,362051,362385,399796,399896,37.411000,37.745000
72,3200,3200,4c80942,369051,369385,403999,404099,34.614000,34.948000
72,1091,1091,4443941,353051,353377,409345,409445,55.968000,56.294000
72,2191,2191,488f942,365051,365377,414842,414942,49.465000,49.791000
72,2924,2924,4b6c941,405051,405385,419084,419184,13.699000,14.033000
72,2751,2751,4abf942,418051,418385,444290,444390,25.905000,26.239000
72,3579,3579,4dfb942,446051,446385,463235,463335,16.850000,17.184000
72,4505,4505,5199941,366809,367143,468764,468864,101.621000,101.955000
72,5373,5373,54fd940,474051,474385,484035,484135,9.650000,9.984000
72,3822,3822,4eee943,483051,483385,501588,501688,18.203000,18.537000
72,2322,2322,4912940,532416,532742,587260,587360,54.518000,54.844000
72,4431,4431,514f940,563051,563377,608769,608869,45.392000,45.718000
72,2732,2732,4aac943,638051,638377,671804,671904,33.427000,33.753000
72,5564,5564,55bc942,643051,643385,682839,682939,39.454000,39.788000
72,4813,4813,52cd943,780051,780377,796583,796683,16.206000,16.532000
72,5144,5144,5418942,784051,784385,807477,807577,23.092000,23.426000
72,3647,3647,4e3f943,811051,811385,818688,818788,7.303000,7.637000
72,5537,5537,55a1943,714051,714385,861982,862082,147.597000,147.931000
72,4023,4023,4fb7941,902051,902377,920972,921072,18.595000,18.921000
72,8004,8004,5f44940,958051,958385,988095,988195,29.710000,30.044000
72,3905,3905,4f41941,1061051,1061377,1076589,1076689,15.212000,15.538000
72,8173,8173,5fed941,1071051,1071377,1082110,1082210,10.733000,11.059000
72,5744,5744,5670941,1096051,1096377,1105753,1105853,9.376000,9.702000
72,8317,8317,607d940,1157051,1157377,1173448,1173548,16.071000,16.397000
72,7610,7610,5dba940,1206051,1206377,1215484,1215584,9.107000,9.433000
72,7674,7674,5dfa941,1199051,1199385,1231446,1231546,32.061000,32.395000
72,8608,8608,61a0940,1195219,1195545,1254879,1254979,59.334000,59.660000
72,4347,4347,50fb940,1267051,1267377,1296859,1296959,29.482000,29.808000
72,8864,8864,62a0941,1387051,1387385,1392996,1393096,5.611000,5.945000
72,10134,10134,6796943,1515431,1515757,1526837,1526937,11.080000,11.406000
72,9106,9106,6392942,1511051,1511377,1532161,1532261,20.784000,21.110000
72,7033,7033,5b79943,1526252,1526578,1554380,1554480,27.802000,28.128000
72,7733,7733,5e35940,1553051,1553385,1567656,1567756,14.271000,14.605000
72,10436,10436,68c4940,1585051,1585385,1594628,1594728,9.243000,9.577000
72,8468,8468,6114941,1629051,1629377,1637601,1637701,8.224000,8.550000
72,8134,8134,5fc6940,1626051,1626385,1643640,1643740,17.255000,17.589000
72,9143,9143,63b7943,1808143,1808477,1821087,1821187,12.610000,12.944000
72,9593,9593,6579942,1817818,1818152,1826478,1826578,8.326000,8.660000
72,9070,9070,636e943,1857051,1857385,1870025,1870125,12.640000,12.974000
72,6378,6378,58ea941,1969051,1969377,1975830,1975930,6.453000,6.779000
73,221,221,40dd943,65051,65385,103470,103570,38.085000,38.419000
73,246,246,40f6942,60240,60566,108984,109084,48.418000,48.744000
73,60,60,403c942,90051,90385,114457,114557,24.072000,24.406000
73,668,668,429c943,131881,132215,152797,152897,20.582000,20.916000
73,940,940,43ac940,175051,175377,184746,184846,9.369000,9.695000
73,788,788,4314941,162051,162377,188888,188988,26.511000,26.837000
73,1900,1900,476c940,222051,222385,235594,235694,13.209000,13.543000
73,1083,1083,443b941,283051,283385,293046,293146,9.661000,9.995000
73,1539,1539,4603942,327051,327385,354155,354255,26.770000,27.104000
73,1712,1712,46b0940,375051,375385,417703,417803,42.318000,42.652000
73,2984,2984,4ba8942,404051,404385,423637,423737,19.252000,19.586000
73,2029,2029,47ed942,410338,410672,461013,461113,50.341000,50.675000
73,2622,2622,4a3e940,416416,416750,480686,480786,63.936000,64.270000
73,5219,5219,5463942,496051,496377,519077,519177,22.700000,23.026000
73,2419,2419,4973942,465424,465750,524545,524645,58.795000,59.121000
73,3096,3096,4c18941,506051,506377,528735,528835,22.358000,22.684000
73,7162,7162,5bfa942,520050,520377,535562,535662,15.185000,15.512000
73,4078,4078,4fee943,505051,505385,551990,552090,46.605000,46.939000
73,3216,3216,4c90942,592436,592762,602959,603059,10.197000,10.523000
73,2736,2736,4ab0943,593051,593385,629302,629402,35.917000,36.251000
73,8598,8598,6196942,705732,706066,723408,723508,17.342000,17.676000
73,4990,4990,537e943,729051,729377,743492,743592,14.115000,14.441000
73,5866,5866,56ea941,725051,725377,755134,755234,29.757000,30.083000
73,2036,2036,47f4940,751051,751385,761590,761690,10.205000,10.539000
73,6097,6097,57d1941,771051,771385,813322,813422,41.937000,42.271000
73,4455,4455,5167940,787051,787385,824148,824248,36.763000,37.097000
73,6224,6224,5850940,809051,809377,829560,829660,20.183000,20.509000
73,5147,5147,541b942,812051,812385,840533,840633,28.148000,28.482000
73,4584,4584,51e8943,872051,872385,884991,885091,12.606000,12.940000
73,5891,5891,5703942,914051,914377,952919,953019,38.542000,38.868000
73,4764,4764,529c943,948051,948385,958319,958419,9.934000,10.268000
73,9029,9029,6345943,939051,939377,963866,963966,24.489000,24.815000
73,10408,10408,68a8943,975051,975385,989930,990030,14.545000,14.879000
73,7371,7371,5ccb943,1009051,1009377,1031804,1031904,22.427000,22.753000
73,6869,6869,5ad5940,1099051,1099385,1114560,1114660,15.175000,15.509000
73,8312,8312,6078942,1101051,1101377,1120100,1120200,18.723000,19.049000
73,3587,3587,4e03943,1141051,1141377,1170826,1170926,29.449000,29.775000
73,5548,5548,55ac942,1138051,1138385,1176294,1176394,37.909000,38.243000
73,6464,6464,5940940,1351051,1351377,1366530,1366630,15.153000,15.479000
73,8112,8112,5fb0940,1498051,1498377,1508343,1508443,9.966000,10.292000
73,7759,7759,5e4f941,1536051,1536385,1569568,1569668,33.183000,33.517000
73,9229,9229,640d942,1741051,1741385,1748697,1748797,7.312000,7.646000
73,7334,7334,5ca6941,1749051,1749385,1759486,1759586,10.101000,10.435000
73,10528,10528,6920942,1765051,1765377,1785121,1785221,19.744000,20.070000
73,8702,8702,61fe940,1789051,1789385,1800185,1800285,10.800000,11.134000
73,9928,9928,66c8941,1805051,1805385,1821494,1821594,16.109000,16.443000
73,9888,9888,66a0940,1868051,1868377,1880145,1880245,11.768000,12.094000
73,9635,9635,65a3942,1913051,1913385,1924922,1925022,11.537000,11.871000
73,9602,9602,6582940,1972051,1972385,1985903,1986003,13.518000,13.852000
73,10971,10971,6adb941,2166051,2166377,2181664,2181764,15.287000,15.613000
73,9101,9101,638d940,2175431,2175757,2190111,2190211,14.354000,14.680000
73,7455,7455,5d1f941,2209051,2209377,2223826,2223926,14.449000,14.775000
74,335,335,414f941,53233,53567,63579,63679,10.012000,10.346000
74,102,102,4066942,71051,71385,82817,82917,11.432000,11.766000
74,403,403,4193943,98293,98627,111657,111757,13.030000,13.364000
74,3015,3015,4bc7940,150051,150377,192676,192776,42.299000,42.625000
74,593,593,4251941,153051,153385,206912,207012,53.527000,53.861000
74,739,739,42e3941,175051,175385,212094,212194,36.709000,37.043000
74,1005,1005,43ed942,269809,270143,281852,281952,11.709000,12.043000
74,849,849,4351941,272051,272377,287469,287569,15.092000,15.418000
74,1772,1772,46ec940,327051,327377,371186,371286,43.809000,44.135000
74,3016,3016,4bc8940,523050,523385,562953,563053,39.568000,39.903000
74,4857,4857,52f9943,787051,787377,793007,793107,5.630000,5.956000
74,2933,2933,4b75943,806051,806377,838167,838267,31.790000,32.116000
74,4947,4947,5353943,872051,872385,891568,891668,19.183000,19.517000
74,4040,4040,4fc8941,830189,830523,933460,933560,102.937000,103.271000
74,6704,6704,5a30941,1014441,1014775,1034897,1034998,20.122000,20.456000
74,5858,5858,56e2941,1048051,1048377,1066220,1066320,17.843000,18.169000
74,9198,9198,63ee942,1049416,1049742,1088244,1088344,38.502000,38.828000
74,6456,6456,5938941,1204051,1204377,1213934,1214034,9.557000,9.883000
74,7478,7478,5d36941,1202051,1202377,1270572,1270672,68.195000,68.521000
74,9563,9563,655b942,1290051,1290385,1304495,1304595,14.110000,14.444000
74,10223,10223,67ef943,1359051,1359377,1367602,1367702,8.225000,8.551000
74,7873,7873,5ec1941,1373051,1373377,1407871,1407971,34.494000,34.820000
74,9981,9981,66fd942,1499051,1499385,1527526,1527626,28.141000,28.475000
74,10992,10992,6af0942,1529051,1529377,1538443,1538543,9.066000,9.392000
74,7537,7537,5d71940,1546051,1546385,1563385,1563485,17.000000,17.334000
74,8579,8579,6183942,1622034,1622368,1646281,1646381,23.913000,24.247000
74,9173,9173,63d5943,1695051,1695385,1704582,1704682,9.197000,9.531000
74,9448,9448,64e8941,2101051,2101377,2116582,2116682,15.205000,15.531000
74,10525,10525,691d941,2161051,2161377,2166120,2166220,4.743000,5.069000
74,9038,9038,634e943,2280051,2280377,2290435,2290535,10.058000,10.384000
74,10275,10275,6823940,2501416,2501742,2524127,2524227,22.385000,22.711000
75,778,778,430a940,45051,45377,81846,81946,36.469000,36.795000
75,474,474,41da942,100051,100385,106955,107055,6.570000,6.904000
75,1382,1382,4566942,126051,126385,168690,168790,42.305000,42.639000
75,749,749,42ed942,140051,140385,173100,173200,32.715000,33.049000
75,1651,1651,4673941,261051,261376,289075,289175,27.699000,28.024000
75,2004,2004,47d4943,294051,294377,299953,300053,5.576000,5.902000
75,1868,1868,474c943,292051,292385,304158,304258,11.773000,12.107000
75,4396,4396,512c942,324051,324385,366016,366116,41.631000,41.965000
75,2717,2717,4a9d941,344053,344379,396883,396983,52.504000,52.830000
75,1285,1285,4505940,410051,410385,425051,425151,14.666000,15.000000
75,2474,2474,49aa943,550051,550377,586839,586939,36.462000,36.788000
75,3644,3644,4e3c942,498816,499150,592321,592421,93.171000,93.505000
75,5973,5973,5755940,831051,831385,859796,859896,28.411000,28.745000
75,5296,5296,54b0940,874051,874377,881079,881179,6.702000,7.028000
75,8162,8162,5fe2940,875051,875377,899053,899153,23.676000,24.002000
75,4193,4193,5061941,953818,954152,988118,988218,33.966000,34.300000
75,6115,6115,57e3942,974757,975083,1004963,1005063,29.880000,30.206000
75,5901,5901,570d942,981395,981721,1010485,1010585,28.764000,29.090000
75,5630,5630,55fe941,968051,968377,1023494,1023594,55.117000,55.443000
75,3149,3149,4c4d943,965051,965385,1028610,1028711,63.225000,63.559000
75,3649,3649,4e41942,1024051,1024377,1045426,1045527,21.049000,21.375000
75,7442,7442,5d12942,1086051,1086377,1119683,1119783,33.306000,33.632000
75,3558,3558,4de6943,1067051,1067385,1146737,1146837,79.352000,79.686000
75,9546,9546,654a943,1143058,1143392,1163394,1163494,20.002000,20.336000
75,7978,7978,5f2a940,1171244,1171570,1188912,1189012,17.342000,17.668000
75,8159,8159,5fdf941,1189051,1189385,1195899,1195999,6.514000,6.848000
75,8787,8787,6253941,1251051,1251377,1271536,1271636,20.159000,20.485000
75,5022,5022,539e943,1259323,1259657,1328690,1328790,69.033000,69.367000
75,8641,8641,61c1943,1379051,1379377,1407317,1407417,27.940000,28.266000
75,5551,5551,55af943,1416051,1416377,1434292,1434392,17.915000,18.241000
75,8005,8005,5f45943,1435051,1435377,1451511,1451611,16.134000,16.460000
75,6562,6562,59a2943,1504051,1504377,1513543,1513643,9.166000,9.492000
75,6772,6772,5a74940,1486051,1486377,1518908,1519008,32.531000,32.857000
75,9681,9681,65d1942,1542051,1542385,1556813,1556913,14.428000,14.762000
75,9516,9516,652c940,1616051,1616385,1632850,1632950,16.465000,16.799000
75,9532,9532,653c941,1647051,1647385,1675768,1675868,28.383000,28.717000
75,8650,8650,61ca943,1709051,1709385,1724955,1725055,15.570000,15.904000
75,9937,9937,66d1942,1756051,1756377,1767278,1767378,10.901000,11.227000
75,10907,10907,6a9b940,1880051,1880377,1887295,1887395,6.918000,7.244000
75,9806,9806,664e940,1937051,1937377,1944780,1944880,7.403000,7.729000
75,10170,10170,67ba942,2020051,2020377,2039992,2040092,19.615000,19.941000
76,448,448,41c0943,48051,48377,64499,64599,16.122000,16.448000
76,828,828,433c942,60051,60385,69892,69992,9.507000,9.841000
76,203,203,40cb941,42051,42385,80173,80273,37.788000,38.122000
76,211,211,40d3943,102409,102743,121270,121370,18.527000,18.861000
76,2591,2591,4a1f940,93051,93385,168168,168268,74.783000,75.117000
76,862,862,435e940,270944,271278,295356,295456,24.078000,24.412000
76,3834,3834,4efa940,395910,396236,422412,422512,26.176000,26.502000
76,2914,2914,4b62943,465051,465377,494438,494538,29.061000,29.387000
76,3911,3911,4f47941,494051,494385,505502,505602,11.117000,11.451000
76,1950,1950,479e940,534051,534377,555466,555566,21.089000,21.415000
76,3518,3518,4dbe942,607453,607779,618946,619046,11.167000,11.493000
76,2561,2561,4a01943,616051,616385,650379,650479,33.994000,34.328000
76,7202,7202,5c22943,785051,785385,793582,793682,8.197000,8.531000
76,4776,4776,52a8943,745051,745385,798942,799042,53.557000,53.891000
76,4933,4933,5345941,915051,915377,925400,925500,10.023000,10.349000
76,4477,4477,517d943,936051,936377,982302,982402,45.925000,46.251000
76,3990,3990,4f96941,946051,946385,1009105,1009205,62.720000,63.054000
76,8538,8538,615a943,1057051,1057385,1083779,1083879,26.394000,26.728000
76,5134,5134,540e943,1100051,1100385,1116527,1116627,16.142000,16.476000
76,5720,5720,5658940,1118051,1118385,1137001,1137101,18.616000,18.950000
76,5170,5170,5432940,1104425,1104759,1142533,1142633,37.774000,38.108000
76,6142,6142,57fe941,1193051,1193385,1203428,1203528,10.043000,10.377000
76,4799,4799,52bf943,1192051,1192385,1207655,1207755,15.270000,15.604000
76,5113,5113,53f9940,1140051,1140377,1218638,1218738,78.261000,78.587000
76,5870,5870,56ee942,1206051,1206377,1228223,1228323,21.846000,22.172000
76,7204,7204,5c24943,1415051,1415377,1429072,1429172,13.695000,14.021000
76,10287,10287,682f942,1438051,1438385,1463128,1463228,24.743000,25.077000
76,10711,10711,69d7942,1458051,1458377,1470151,1470251,11.774000,12.100000
76,10606,10606,696e940,1517051,1517377,1523949,1524049,6.572000,6.898000
76,7074,7074,5ba2941,1612051,1612377,1619818,1619918,7.441000,7.767000
76,9378,9378,64a2941,1685051,1685385,1708475,1708575,23.090000,23.424000
76,9952,9952,66e0941,1746431,1746757,1757648,1757748,10.891000,11.217000
76,10791,10791,6a27940,1767051,1767377,1779938,1780038,12.561000,12.887000
76,5813,5813,56b5940,1817051,1817385,1837316,1837416,19.931000,20.265000
76,5467,5467,555b941,1862051,1862377,1870585,1870685,8.208000,8.534000
76,9091,9091,6383940,1877051,1877385,1898819,1898919,21.434000,21.768000
76,10490,10490,68fa940,1994051,1994377,2008765,2008865,14.388000,14.714000
76,10901,10901,6a95942,2110051,2110377,2127322,2127422,16.945000,17.271000
77,359,359,4167940,29051,29385,54395,54495,25.010000,25.344000
77,477,477,41dd942,123051,123377,145067,145167,21.690000,22.016000
77,70,70,4046943,229051,229377,239296,239396,9.919000,10.245000
77,2727,2727,4aa7941,261051,261376,287627,287727,26.251000,26.576000
77,1160,1160,4488940,316051,316377,332033,332133,15.656000,15.982000
77,3003,3003,4bbb942,315051,315377,353777,353877,38.400000,38.726000
77,1735,1735,46c7940,382051,382385,397676,397776,15.291000,15.625000
77,1754,1754,46da942,357914,358240,418455,418555,60.215000,60.541000
77,2942,2942,4b7e941,409051,409377,431523,431623,22.146000,22.472000
77,1690,1690,469a942,505051,505385,543273,543373,37.888000,38.222000
77,781,781,430d940,473051,473377,550129,550229,76.752000,77.078000
77,3482,3482,4d9a940,547051,547377,577464,577564,30.087000,30.413000
77,6118,6118,57e6943,659051,659385,672829,672929,13.444000,13.778000
77,6916,6916,5b04943,697255,697581,705887,705987,8.306000,8.632000
77,5050,5050,53ba942,707416,707750,722261,722361,14.511000,14.845000
77,5576,5576,55c8943,691852,692186,726406,726506,34.220000,34.554000
77,4842,4842,52ea942,712051,712377,730546,730646,18.169000,18.495000
77,2067,2067,4813941,751051,751377,773933,774033,22.556000,22.882000
77,3983,3983,4f8f940,743051,743377,783441,783541,40.064000,40.390000
77,5363,5363,54f3942,818051,818377,831907,832007,13.530000,13.856000
77,4251,4251,509b943,868741,869067,895337,895437,26.270000,26.596000
77,6269,6269,587d943,996051,996377,1005609,1005709,9.232000,9.558000
77,7062,7062,5b96943,1041051,1041385,1047892,1047992,6.507000,6.841000
77,5396,5396,5514942,1066051,1066385,1100995,1101095,34.610000,34.944000
77,6510,6510,596e942,1132453,1132779,1141435,1141535,8.656000,8.982000
77,7300,7300,5c84942,1124051,1124377,1156179,1156279,31.802000,32.128000
77,7891,7891,5ed3941,1194051,1194385,1200808,1200908,6.423000,6.757000
77,4635,4635,521b940,1200051,1200377,1208633,1208733,8.256000,8.582000
77,9588,9588,6574940,1193051,1193385,1212806,1212906,19.421000,19.755000
77,6536,6536,5988943,1309051,1309385,1314996,1315096,5.611000,5.945000
77,8595,8595,6193941,1304051,1304377,1331486,1331586,27.109000,27.435000
77,6743,6743,5a57941,1294051,1294377,1360548,1360648,66.171000,66.497000
77,9401,9401,64b9942,1355051,1355385,1393622,1393722,38.237000,38.571000
77,7916,7916,5eec941,1474845,1475179,1494848,1494948,19.669000,20.003000
77,5773,5773,568d942,1474051,1474385,1505705,1505805,31.320000,31.654000
77,8907,8907,62cb941,1624051,1624377,1642790,1642890,18.413000,18.739000
77,7382,7382,5cd6942,1649051,1649377,1666566,1666666,17.189000,17.515000
77,9453,9453,64ed941,1880051,1880385,1893004,1893104,12.619000,12.953000
77,9571,9571,6563943,1942051,1942377,1964665,1964765,22.288000,22.614000
77,9606,9606,6586941,2069051,2069377,2077564,2077665,8.187000,8.513000
77,10816,10816,6a40940,2132051,2132385,2148143,2148243,15.758000,16.092000
77,9352,9352,6488943,2236051,2236377,2253320,2253420,16.943000,17.269000
78,290,290,4122943,43051,43385,60101,60201,16.716000,17.050000
78,245,245,40f5940,66051,66377,78369,78469,11.992000,12.318000
78,237,237,40ed942,74051,74385,91803,91903,17.418000,17.752000
78,179,179,40b3941,108051,108385,117974,118074,9.589000,9.923000
78,1630,1630,465e941,146051,146385,169082,169182,22.697000,23.031000
78,1394,1394,4572940,160051,160377,174529,174629,14.152000,14.478000
78,1863,1863,4747942,166051,166377,180034,180134,13.657000,13.983000
78,1684,1684,4694940,221051,221377,261125,261225,39.748000,40.074000
78,723,723,42d3943,237134,237460,288539,288639,51.079000,51.405000
78,3026,3026,4bd2941,398424,398750,439177,439277,40.427000,40.753000
78,2383,2383,494f941,435051,435385,443375,443475,7.990000,8.324000
78,3888,3888,4f30943,440051,440385,447501,447601,7.116000,7.450000
78,5227,5227,546b942,455409,455743,465132,465232,9.389000,9.723000
78,3783,3783,4ec7940,468051,468385,484624,484724,16.239000,16.573000
78,3165,3165,4c5d943,500051,500385,531361,531461,30.976000,31.310000
78,5547,5547,55ab940,536787,537121,552321,552421,15.200000,15.534000
78,2548,2548,49f4942,758051,758377,778781,778881,20.404000,20.730000
78,4766,4766,529e940,751051,751385,795278,795378,43.893000,44.227000
78,4189,4189,505d941,771051,771385,800769,800869,29.384000,29.718000
78,2003,2003,47d3942,756051,756385,832450,832550,76.065000,76.399000
78,5729,5729,5661941,890051,890385,902475,902575,12.090000,12.424000
78,6696,6696,5a28943,905211,905545,929661,929761,24.116000,24.450000
78,5721,5721,5659941,1044051,1044385,1065488,1065588,21.103000,21.437000
78,6117,6117,57e5940,1074527,1074861,1081518,1081618,6.657000,6.991000
78,8719,8719,620f943,1111051,1111377,1123732,1123832,12.355000,12.681000
78,7348,7348,5cb4942,1111875,1112201,1127900,1128000,15.699000,16.025000
78,5905,5905,5711942,1294051,1294377,1302630,1302730,8.253000,8.579000
78,7859,7859,5eb3943,1308051,1308385,1317915,1318015,9.530000,9.864000
78,7974,7974,5f26943,1330051,1330377,1351690,1351790,21.313000,21.639000
78,5242,5242,547a941,1344051,1344377,1356300,1356400,11.923000,12.249000
78,9046,9046,6356942,1408296,1408622,1419658,1419758,11.036000,11.362000
78,9102,9102,638e941,1421051,1421377,1435650,1435750,14.273000,14.599000
78,8010,8010,5f4a940,1437051,1437385,1457644,1457744,20.259000,20.593000
78,6686,6686,5a1e940,1451416,1451750,1474459,1474559,22.709000,23.043000
78,9182,9182,63de941,1462051,1462377,1478694,1478794,16.317000,16.643000
78,9581,9581,656d941,1517051,1517377,1528419,1528519,11.042000,11.368000
78,10774,10774,6a16943,1523051,1523385,1535142,1535242,11.757000,12.091000
78,8798,8798,625e943,1552051,1552377,1566689,1566789,14.312000,14.638000
78,6897,6897,5af1942,1555293,1555627,1577640,1577740,22.013000,22.347000
78,10278,10278,6826940,1591051,1591377,1626939,1627039,35.562000,35.888000
78,9608,9608,6588940,1665051,1665377,1684955,1685055,19.578000,19.904000
78,10524,10524,691c941,1744051,1744385,1757853,1757953,13.468000,13.802000
78,8729,8729,6219941,1818051,1818377,1839354,1839454,20.977000,21.303000
78,9319,9319,6467942,1828051,1828385,1844900,1845000,16.515000,16.849000
78,10875,10875,6a7b943,1944051,1944377,1964883,1964983,20.506000,20.832000
78,10673,10673,69b1942,2410051,2410377,2433618,2433718,23.241000,23.567000
78,10625,10625,6981940,2915051,2915385,2931618,2931718,16.233000,16.567000
79,27,27,401b941,44051,44385,64789,64889,20.404000,20.738000
79,1332,1332,4534940,50051,50377,80832,80932,30.455000,30.781000
79,83,83,4053943,93051,93385,98930,99030,5.545000,5.879000
79,740,740,42e4942,85051,85377,104424,104524,19.047000,19.373000
79,1631,1631,465f943,117051,117385,140514,140614,23.129000,23.463000
79,196,196,40c4943,159051,159377,195642,195742,36.265000,36.591000
79,1415,1415,4587943,198051,198385,207872,207972,9.487000,9.821000
79,630,630,4276940,292051,292377,330294,330394,37.917000,38.243000
79,1597,1597,463d940,310051,310385,341333,341433,30.948000,31.282000
79,2215,2215,48a7943,403051,403385,449165,449265,45.780000,46.114000
79,3852,3852,4f0c943,490051,490377,504770,504870,14.393000,14.719000
79,1195,1195,44ab943,555051,555385,562625,562725,7.240000,7.574000
79,5753,5753,5679940,638051,638377,649236,649336,10.859000,11.185000
79,4611,4611,5203942,634051,634377,676715,676815,42.338000,42.664000
79,2587,2587,4a1b942,671051,671377,693137,693237,21.760000,22.086000
79,4912,4912,5330942,702051,702377,717723,717823,15.346000,15.672000
79,3271,3271,4cc7940,704051,704385,721890,721990,17.505000,17.839000
79,3786,3786,4eca943,840051,840385,853870,853970,13.485000,13.819000
79,5075,5075,53d3943,833051,833385,858783,858883,25.398000,25.732000
79,2981,2981,4ba5943,896051,896377,917432,917532,21.055000,21.381000
79,5516,5516,558c943,960051,960385,973806,973906,13.421000,13.755000
79,5117,5117,53fd942,958051,958385,984835,984935,26.450000,26.784000
79,7485,7485,5d3d940,1015051,1015385,1041927,1042028,26.542000,26.876000
79,6096,6096,57d0943,1016051,1016377,1047458,1047558,31.081000,31.407000
79,5188,5188,5444941,1063287,1063621,1079097,1079197,15.476000,15.810000
79,6461,6461,593d941,1032051,1032377,1090505,1090605,58.128000,58.454000
79,5217,5217,5461940,1076051,1076385,1113362,1113462,36.977000,37.311000
79,4427,4427,514b943,1058051,1058385,1124356,1124456,65.971000,66.305000
79,7159,7159,5bf7942,1205051,1205385,1228057,1228157,22.672000,23.006000
79,8694,8694,61f6940,1299410,1299736,1325089,1325189,25.353000,25.679000
79,7766,7766,5e56940,1326051,1326377,1340227,1340327,13.850000,14.176000
79,6517,6517,5975942,1345051,1345377,1363578,1363678,18.201000,18.527000
79,10086,10086,6766942,1374051,1374385,1385875,1385975,11.490000,11.824000
79,10758,10758,6a06941,1406051,1406377,1442117,1442217,35.740000,36.066000
79,6214,6214,5846943,1454051,1454377,1465227,1465327,10.850000,11.176000
79,9491,9491,6513942,1472453,1472779,1477453,1477553,4.674000,5.000000
79,10334,10334,685e942,1547051,1547377,1570390,1570490,23.013000,23.339000
79,9187,9187,63e3940,1577051,1577377,1594619,1594719,17.242000,17.568000
79,10654,10654,699e941,1606051,1606385,1620897,1620997,14.512000,14.846000
79,7580,7580,5d9c940,1727051,1727377,1739612,1739712,12.235000,12.561000
79,10047,10047,673f941,1727425,1727759,1744383,1744483,16.624000,16.958000
79,10877,10877,6a7d940,1778051,1778385,1797549,1797649,19.164000,19.498000
79,7673,7673,5df9940,1941425,1941759,1961470,1961570,19.711000,20.045000
79,9877,9877,6695943,2136051,2136377,2142845,2142945,6.468000,6.794000
80,151,151,4097942,45051,45377,64451,64551,19.074000,19.400000
80,1351,1351,4547943,86051,86385,107842,107942,21.457000,21.791000
80,1946,1946,479a940,139051,139377,151031,151131,11.654000,11.980000
80,703,703,42bf941,138051,138385,161714,161814,23.329000,23.663000
80,1637,1637,4665943,193431,193757,239751,239851,45.994000,46.320000
80,1259,1259,44eb942,326051,326377,369248,369348,42.871000,43.197000
80,2961,2961,4b91940,364677,365011,398271,398371,33.260000,33.594000
80,3158,3158,4c56943,408051,408385,432400,432500,24.015000,24.349000
80,2629,2629,4a45940,453051,453385,461726,461826,8.341000,8.675000
80,3697,3697,4e71941,467051,467377,482876,482976,15.499000,15.825000
80,3708,3708,4e7c941,461051,461385,504265,504365,42.880000,43.214000
80,3502,3502,4dae940,595051,595385,621738,621838,26.353000,26.687000
80,3314,3314,4cf2940,597065,597391,627211,627311,29.820000,30.146000
80,4357,4357,5105940,605051,605377,660136,660236,54.759000,55.085000
80,3111,3111,4c27941,630051,630385,665657,665757,35.272000,35.606000
80,4532,4532,51b4941,659405,659731,682131,682231,22.400000,22.726000
80,5624,5624,55f8940,747423,747757,781490,781590,33.733000,34.067000
80,4856,4856,52f8941,752051,752377,800734,800834,48.357000,48.683000
80,4460,4460,516c941,818051,818385,841311,841411,22.926000,23.260000
80,6175,6175,581f941,842051,842385,847963,848063,5.578000,5.912000
80,3233,3233,4ca1943,918051,918377,937460,937560,19.083000,19.409000
80,4400,4400,5130941,1019051,1019377,1037261,1037360,17.884000,18.210000
80,8214,8214,6016942,1003662,1003988,1044710,1044810,40.722000,41.048000
80,4678,4678,5246942,1038618,1038945,1104688,1104788,65.743000,66.070000
80,6526,6526,597e942,1072051,1072377,1121168,1121268,48.791000,49.117000
80,4504,4504,5198942,1099051,1099385,1126662,1126762,27.277000,27.611000
80,7154,7154,5bf2942,1121051,1121385,1143513,1143613,22.128000,22.462000
80,7901,7901,5edd943,1203051,1203377,1215955,1216055,12.578000,12.904000
80,10828,10828,6a4c943,1226051,1226377,1259546,1259646,33.169000,33.495000
80,7651,7651,5de3940,1390051,1390377,1400410,1400510,10.033000,10.359000
80,10476,10476,68ec941,1673051,1673385,1699283,1699383,25.898000,26.232000
80,10676,10676,69b4941,1734051,1734377,1749114,1749214,14.737000,15.063000
80,8920,8920,62d8943,1728051,1728377,1753301,1753401,24.924000,25.250000
80,6292,6292,5894940,2004051,2004377,2016294,2016394,11.917000,12.243000
81,10,10,400a942,22051,22385,37820,37920,15.435000,15.769000
81,332,332,414c941,46416,46742,66958,67058,20.216000,20.542000
81,162,162,40a2942,73051,73377,89670,89770,16.293000,16.619000
81,745,745,42e9941,160051,160377,169583,169683,9.206000,9.532000
81,563,563,4233941,176416,176750,183163,183263,6.413000,6.747000
81,1183,1183,449f942,189051,189385,211626,211726,22.241000,22.575000
81,664,664,4298941,213051,213385,241697,241797,28.312000,28.646000
81,2375,2375,4947942,317051,317385,338463,338563,21.078000,21.412000
81,675,675,42a3940,322051,322385,343942,344042,21.557000,21.891000
81,1535,1535,45ff941,370051,370377,375118,375218,4.741000,5.067000
81,1462,1462,45b6943,361755,362089,392364,392464,30.275000,30.609000
81,2274,2274,48e2943,380051,380377,397709,397809,17.332000,17.658000
81,549,549,4225943,414051,414377,451504,451604,37.127000,37.453000
81,4384,4384,5120943,453051,453385,470375,470475,16.990000,17.324000
81,1836,1836,472c942,463051,463377,485765,485865,22.388000,22.714000
81,2159,2159,486f942,481051,481385,499312,499412,17.927000,18.261000
81,4207,4207,506f940,477051,477385,504791,504891,27.406000,27.740000
81,3542,3542,4dd6942,513050,513377,521600,521699,8.223000,8.550000
81,775,775,4307940,519050,519377,538114,538214,18.737000,19.064000
81,5283,5283,54a3940,518928,519254,547162,547262,27.908000,28.234000
81,4605,4605,51fd941,540051,540377,563696,563796,23.319000,23.645000
81,2071,2071,4817940,584051,584385,610074,610174,25.689000,26.023000
81,4050,4050,4fd2940,638051,638377,653805,653905,15.428000,15.754000
81,3046,3046,4be6940,666051,666385,675481,675581,9.096000,9.430000
81,7564,7564,5d8c940,860051,860377,865974,866074,5.597000,5.923000
81,7057,7057,5b91943,892051,892377,906840,906940,14.463000,14.789000
81,4945,4945,5351941,908081,908407,927505,927605,19.098000,19.424000
81,6100,6100,57d4943,1022051,1022385,1038253,1038354,15.868000,16.202000
81,5471,5471,555f942,1099051,1099377,1131337,1131437,31.960000,32.286000
81,5476,5476,5564941,1141416,1141742,1159383,1159483,17.641000,17.967000
81,5358,5358,54ee940,1177051,1177377,1194404,1194504,17.027000,17.353000
81,6043,6043,579b942,1166286,1166612,1253563,1253663,86.951000,87.277000
81,5483,5483,556b942,1231051,1231377,1265759,1265859,34.382000,34.708000
81,5062,5062,53c6940,1246051,1246377,1282168,1282268,35.791000,36.117000
81,9022,9022,633e942,1260794,1261128,1287685,1287785,26.557000,26.891000
81,6138,6138,57fa941,1355051,1355377,1362779,1362879,7.402000,7.728000
81,9859,9859,6683940,1385051,1385377,1445181,1445281,59.804000,60.130000
81,7118,7118,5bce941,1426371,1426697,1465987,1466087,39.290000,39.616000
81,8995,8995,6323940,1506051,1506377,1528003,1528103,21.626000,21.952000
81,5494,5494,5576943,1514051,1514377,1533482,1533582,19.105000,19.431000
81,6352,6352,58d0942,1514051,1514385,1544322,1544422,29.937000,30.271000
81,7158,7158,5bf6940,1506051,1506385,1549870,1549970,43.485000,43.819000
81,8407,8407,60d7941,1518788,1519122,1554064,1554164,34.942000,35.276000
81,9460,9460,64f4941,1578446,1578780,1588822,1588922,10.042000,10.376000
81,7918,7918,5eee940,1627200,1627534,1640638,1640738,13.104000,13.438000
81,6829,6829,5aad940,1650051,1650385,1668631,1668731,18.246000,18.580000
81,9964,9964,66ec940,2002051,2002377,2008927,2009027,6.550000,6.876000
81,8625,8625,61b1941,2096051,2096377,2108148,2108248,11.771000,12.097000
82,288,288,4120940,28051,28385,42062,42162,13.677000,14.011000
82,554,554,422a941,173051,173385,188010,188110,14.625000,14.959000
82,1791,1791,46ff940,266051,266385,273730,273830,7.345000,7.679000
82,1657,1657,4679941,275862,276188,308958,309058,32.770000,33.096000
82,2512,2512,49d0942,289051,289385,314349,314449,24.964000,25.298000
82,3716,3716,4e84940,380051,380377,408282,408382,27.905000,28.231000
82,1790,1790,46fe940,408051,408385,423141,423241,14.756000,15.090000
82,1745,1745,46d1941,439051,439377,460803,460903,21.426000,21.752000
82,1013,1013,43f5941,465051,465385,478069,478169,12.684000,13.018000
82,2384,2384,4950940,453051,453385,490249,490349,36.864000,37.198000
82,3190,3190,4c76940,488051,488385,512151,512252,23.766000,24.100000
82,2609,2609,4a31940,524050,524385,539191,539291,14.806000,15.141000
82,2935,2935,4b77943,511051,511377,553036,553136,41.659000,41.985000
82,5074,5074,53d2943,559051,559385,580514,580614,21.129000,21.463000
82,4794,4794,52ba941,618416,618750,657449,657549,38.699000,39.033000
82,2731,2731,4aab943,608051,608385,701072,701172,92.687000,93.021000
82,7225,7225,5c39941,735983,736309,757024,757124,20.715000,21.041000
82,4751,4751,528f942,987051,987377,998205,998305,10.828000,11.154000
82,6706,6706,5a32941,1012168,1012502,1037024,1037125,24.522000,24.856000
82,5437,5437,553d941,1051051,1051377,1087252,1087352,35.875000,36.201000
82,7908,7908,5ee4943,992051,992385,1129749,1129849,137.364000,137.698000
82,3896,3896,4f38940,1147051,1147377,1161266,1161366,13.889000,14.215000
82,6433,6433,5921943,1143051,1143385,1201037,1201137,57.652000,57.986000
82,7791,7791,5e6f940,1203051,1203385,1246902,1247002,43.517000,43.851000
82,6797,6797,5a8d941,1229051,1229377,1252187,1252287,22.810000,23.136000
82,8247,8247,6037941,1229051,1229385,1256346,1256446,26.961000,27.295000
82,9013,9013,6335943,1252051,1252385,1261600,1261700,9.215000,9.549000
82,7210,7210,5c2a941,1258051,1258385,1268550,1268650,10.165000,10.499000
82,5928,5928,5728942,1245051,1245385,1272763,1272863,27.378000,27.712000
82,6250,6250,586a940,1249395,1249721,1324920,1325020,75.199000,75.525000
82,3978,3978,4f8a940,1339051,1339377,1356154,1356254,16.777000,17.103000
82,7723,7723,5e2b942,1372051,1372385,1386525,1386625,14.140000,14.474000
82,5976,5976,5758940,1412231,1412565,1426828,1426928,14.263000,14.597000
82,10176,10176,67c0941,1399768,1400094,1446290,1446390,46.196000,46.522000
82,9166,9166,63ce943,1379475,1379809,1450519,1450619,70.710000,71.044000
82,7373,7373,5ccd942,1520051,1520385,1535306,1535406,14.921000,15.255000
82,7096,7096,5bb8942,1586051,1586385,1608708,1608808,22.323000,22.657000
82,8821,8821,6275940,1617051,1617385,1634612,1634712,17.227000,17.561000
82,8549,8549,6165942,1679051,1679377,1706064,1706164,26.687000,27.013000
82,9758,9758,661e941,1959416,1959742,1968036,1968136,8.294000,8.620000
82,10976,10976,6ae0943,2061051,2061385,2066990,2067090,5.605000,5.939000
82,7917,7917,5eed941,2154424,2154750,2174546,2174646,19.796000,20.122000
82,10978,10978,6ae2941,2951051,2951377,2962317,2962417,10.940000,11.266000
83,235,235,40eb941,63051,63385,76544,76644,13.159000,13.493000
83,633,633,4279940,159051,159377,173741,173841,14.364000,14.690000
83,1770,1770,46ea941,304945,305271,313519,313619,8.248000,8.574000
83,2457,2457,4999942,278051,278377,335598,335698,57.221000,57.547000
83,1987,1987,47c3943,333140,333474,346182,346282,12.708000,13.042000
83,1343,1343,453f943,312051,312377,357973,358073,45.596000,45.922000
83,1797,1797,4705942,338051,338385,363482,363582,25.097000,25.431000
83,1129,1129,4469940,357051,357377,374274,374374,16.897000,17.223000
83,1842,1842,4732943,329051,329385,379799,379899,50.414000,50.748000
83,2545,2545,49f1942,416051,416385,434346,434446,17.961000,18.295000
83,2080,2080,4820941,427380,427706,472746,472846,45.040000,45.366000
83,2287,2287,48ef943,493051,493377,499876,499976,6.499000,6.825000
83,5340,5340,54dc942,463264,463590,505349,505449,41.759000,42.085000
83,3417,3417,4d59942,541051,541385,554853,554953,13.468000,13.802000
83,3643,3643,4e3b941,521050,521385,588135,588235,66.750000,67.085000
83,3660,3660,4e4c941,592051,592385,604309,604409,11.924000,12.258000
83,3221,3221,4c95942,659051,659377,674702,674802,15.325000,15.651000
83,6363,6363,58db942,718051,718377,724826,724926,6.449000,6.775000
83,1843,1843,4733941,746051,746385,753773,753873,7.388000,7.722000
83,4802,4802,52c2940,780051,780385,800486,800586,20.101000,20.435000
83,4811,4811,52cb941,820051,820385,907388,907488,87.003000,87.337000
83,10973,10973,6add942,838051,838377,918430,918530,80.053000,80.379000
83,4977,4977,5371943,837051,837377,923934,924034,86.557000,86.883000
83,2177,2177,4881943,923051,923377,940396,940496,17.019000,17.345000
83,8588,8588,618c940,914051,914385,959191,959291,44.806000,45.140000
83,8706,8706,6202940,963099,963433,981055,981155,17.622000,17.956000
83,9882,9882,669a943,943051,943377,1036422,1036522,93.045000,93.371000
83,8307,8307,6073941,1003051,1003385,1040590,1040690,37.205000,37.539000
83,4703,4703,525f940,1070051,1070385,1075998,1076098,5.613000,5.947000
83,6940,6940,5b1c940,1089051,1089385,1131979,1132079,42.594000,42.928000
83,7180,7180,5c0c943,1193051,1193377,1206032,1206132,12.655000,12.981000
83,8224,8224,6020942,1149054,1149388,1304048,1304148,154.660000,154.994000
83,4474,4474,517a940,1287051,1287385,1308415,1308515,21.030000,21.364000
83,9597,9597,657d942,1337051,1337377,1344154,1344254,6.777000,7.103000
83,8097,8097,5fa1941,1385051,1385385,1393697,1393797,8.312000,8.646000
83,9621,9621,6595940,1409051,1409385,1426911,1427011,17.526000,17.860000
83,8038,8038,5f66941,1586051,1586385,1602252,1602352,15.867000,16.201000
83,8542,8542,615e940,1638051,1638377,1648438,1648538,10.061000,10.387000
83,7911,7911,5ee7940,1638051,1638377,1659442,1659542,21.065000,21.391000
83,7516,7516,5d5c943,1824051,1824385,1836156,1836256,11.771000,12.105000
83,9193,9193,63e9941,1898051,1898377,1904880,1904980,6.503000,6.829000
83,10469,10469,68e5940,1932051,1932385,1937112,1937212,4.727000,5.061000
83,10861,10861,6a6d940,2073051,2073385,2082537,2082637,9.152000,9.486000
83,10507,10507,690b941,2097395,2097729,2114148,2114248,16.419000,16.753000
83,8473,8473,6119940,2111051,2111385,2121432,2121532,10.047000,10.381000
84,41,41,4029940,42051,42385,66006,66106,23.621000,23.955000
84,53,53,4035940,115051,115385,158304,158404,42.919000,43.253000
84,1037,1037,440d941,289051,289385,302422,302522,13.037000,13.371000
84,3433,3433,4d69940,351051,351377,358574,358674,7.197000,7.523000
84,3324,3324,4cfc942,392051,392385,406019,406119,13.634000,13.968000
84,2192,2192,4890942,394760,395094,431792,431892,36.698000,37.032000
84,3946,3946,4f6a942,427051,427385,456335,456435,28.950000,29.284000
84,3281,3281,4cd1943,548051,548377,561053,561153,12.676000,13.002000
84,1137,1137,4471941,552051,552377,575752,575852,23.375000,23.701000
84,4609,4609,5201941,559051,559385,581290,581390,21.905000,22.239000
84,5002,5002,538a943,581051,581377,603083,603183,21.706000,22.032000
84,2496,2496,49c0942,608051,608385,665021,665121,56.636000,56.970000
84,3196,3196,4c7c943,729051,729385,747019,747119,17.634000,17.968000
84,3146,3146,4c4a942,791051,791377,807759,807859,16.382000,16.708000
84,5515,5515,558b941,854051,854377,893298,893398,38.921000,39.247000
84,6534,6534,5986943,893761,894095,954986,955086,60.891000,61.225000
84,3733,3733,4e95942,989852,990178,1013508,1013608,23.330000,23.656000
84,4371,4371,5113941,1013051,1013385,1035387,1035487,22.002000,22.336000
84,5455,5455,554f941,1028051,1028385,1040859,1040960,12.474000,12.808000
84,6568,6568,59a8941,1050051,1050377,1071545,1071645,21.168000,21.494000
84,6164,6164,5814942,1066051,1066385,1083877,1083977,17.492000,17.826000
84,3411,3411,4d53943,1066051,1066377,1100385,1100485,34.008000,34.334000
84,4305,4305,50d1940,1066051,1066377,1168553,1168653,102.176000,102.502000
84,10326,10326,6856941,1124051,1124377,1195895,1195995,71.518000,71.844000
84,8489,8489,6129942,1249051,1249377,1255755,1255855,6.378000,6.704000
84,10153,10153,67a9942,1223051,1223377,1287888,1287988,64.511000,64.837000
84,5120,5120,5400942,1137292,1137618,1298899,1298999,161.281000,161.607000
84,7049,7049,5b89943,1277051,1277385,1315391,1315491,38.006000,38.340000
84,9901,9901,66ad941,1330051,1330377,1386946,1387046,56.569000,56.895000
84,9470,9470,64fe942,1370051,1370377,1397653,1397753,27.276000,27.602000
84,6573,6573,59ad941,1390051,1390377,1402385,1402485,12.008000,12.334000
84,9340,9340,647c943,1433051,1433377,1445069,1445169,11.692000,12.018000
84,6188,6188,582c942,1448051,1448377,1486609,1486709,38.232000,38.558000
84,10894,10894,6a8e943,1608439,1608765,1617936,1618036,9.171000,9.497000
84,10916,10916,6aa4943,1604051,1604385,1623464,1623564,19.079000,19.413000
84,8934,8934,62e6940,1650051,1650377,1665021,1665121,14.644000,14.970000
84,6823,6823,5aa7941,1705051,1705377,1723331,1723431,17.954000,18.280000
84,9731,9731,6603940,1726051,1726385,1748084,1748184,21.699000,22.033000
84,8428,8428,60ec942,1800051,1800385,1822762,1822862,22.377000,22.711000
84,8804,8804,6264940,1851051,1851377,1865689,1865789,14.312000,14.638000
84,9179,9179,63db940,1903051,1903377,1913154,1913254,9.777000,10.103000
84,9454,9454,64ee943,1895051,1895385,1920280,1920380,24.895000,25.229000
85,329,329,4149941,78051,78377,89274,89374,10.897000,11.223000
85,1743,1743,46cf943,127051,127377,153094,153194,25.717000,26.043000
85,1042,1042,4412940,171051,171385,193796,193896,22.411000,22.745000
85,1148,1148,447c943,191453,191779,208040,208140,16.261000,16.587000
85,1909,1909,4775942,256051,256376,273366,273466,16.990000,17.315000
85,792,792,4318943,268051,268385,277529,277629,9.144000,9.478000
85,2905,2905,4b59941,309051,309385,325552,325652,16.167000,16.501000
85,1968,1968,47b0940,325051,325377,351492,351592,26.115000,26.441000
85,1483,1483,45cb941,382051,382377,392646,392746,10.269000,10.595000
85,1159,1159,4487942,392051,392385,427582,427682,35.197000,35.531000
85,1678,1678,468e943,430051,430385,441689,441789,11.304000,11.638000
85,4817,4817,52d1943,547150,547476,557619,557719,10.143000,10.469000
85,4587,4587,51eb940,573051,573385,580812,580912,7.427000,7.761000
85,4502,4502,5196941,569051,569385,584993,585093,15.608000,15.942000
85,7806,7806,5e7e942,633395,633729,688244,688344,54.515000,54.849000
85,5999,5999,576f942,686410,686736,716670,716770,29.934000,30.260000
85,1474,1474,45c2940,716051,716385,737910,738010,21.525000,21.859000
85,4514,4514,51a2943,717051,717385,768539,768639,51.154000,51.488000
85,3106,3106,4c22940,731051,731377,782272,782372,50.895000,51.221000
85,4149,4149,5035940,840051,840377,846843,846943,6.466000,6.792000
85,9607,9607,6587941,886446,886780,900387,900487,13.607000,13.941000
85,5278,5278,549e941,918884,919210,929250,929350,10.040000,10.366000
85,6777,6777,5a79943,917051,917385,948305,948405,30.920000,31.254000
85,3998,3998,4f9e941,1060551,1060885,1073581,1073681,12.696000,13.030000
85,6415,6415,590f940,1111051,1111377,1143474,1143574,32.097000,32.423000
85,8081,8081,5f91942,1159051,1159385,1168503,1168603,9.118000,9.452000
85,8338,8338,6092942,1243051,1243385,1258801,1258901,15.416000,15.750000
85,7109,7109,5bc5942,1266051,1266385,1363286,1363386,96.901000,97.235000
85,9863,9863,6687940,1510051,1510377,1540049,1540149,29.672000,29.998000
85,7339,7339,5cab940,1528051,1528377,1545525,1545625,17.148000,17.474000
85,6444,6444,592c941,1599051,1599385,1605801,1605901,6.416000,6.750000
85,9207,9207,63f7942,1629051,1629385,1637694,1637794,8.309000,8.643000
85,7509,7509,5d55942,1643051,1643385,1654371,1654471,10.986000,11.320000
85,8722,8722,6212941,1656051,1656377,1666016,1666116,9.639000,9.965000
85,8935,8935,62e7943,1828051,1828385,1840128,1840228,11.743000,12.077000
85,8761,8761,6239942,2050051,2050377,2069238,2069338,18.861000,19.187000
85,10158,10158,67ae940,2114051,2114385,2133784,2133884,19.399000,19.733000
85,10657,10657,69a1940,2920424,2920750,2930012,2930112,9.262000,9.588000
86,43,43,402b940,37051,37385,76472,76572,39.087000,39.421000
86,899,899,4383941,73051,73377,87281,87381,13.904000,14.230000
86,317,317,413d941,113051,113385,137130,137230,23.745000,24.079000
86,1305,1305,4519943,141051,141385,167457,167557,26.072000,26.406000
86,1626,1626,465a942,196051,196385,203770,203870,7.385000,7.719000
86,827,827,433b940,239438,239764,272628,272728,32.864000,33.190000
86,2344,2344,4928941,300051,300385,314556,314656,14.171000,14.505000
86,2878,2878,4b3e940,300051,300385,331117,331217,30.732000,31.066000
86,2411,2411,496b943,349051,349385,376183,376283,26.798000,27.132000
86,2585,2585,4a19943,400051,400385,416620,416720,16.235000,16.569000
86,2441,2441,4989941,475051,475377,510089,510189,34.712000,35.038000
86,4389,4389,5125941,515050,515377,529990,530090,14.613000,14.940000
86,948,948,43b4943,512050,512385,537057,537157,24.672000,25.007000
86,4710,4710,5266942,583051,583385,601334,601434,17.949000,18.283000
86,5025,5025,53a1940,634994,635320,648848,648948,13.528000,13.854000
86,3387,3387,4d3b941,665051,665385,680016,680116,14.631000,14.965000
86,3755,3755,4eab941,682492,682826,773270,773370,90.444000,90.778000
86,6885,6885,5ae5943,757051,757377,824719,824819,67.342000,67.668000
86,3440,3440,4d70940,853051,853377,870281,870381,16.904000,17.230000
86,8829,8829,627d940,991051,991377,1024641,1024741,33.264000,33.590000
86,7307,7307,5c8b943,1063003,1063337,1068901,1069001,5.564000,5.898000
86,7813,7813,5e85940,1160310,1160644,1197699,1197799,37.055000,37.389000
86,9112,9112,6398943,1294051,1294377,1307089,1307189,12.712000,13.038000
86,7560,7560,5d88942,1306051,1306377,1317907,1318007,11.530000,11.856000
86,6008,6008,5778940,1322051,1322385,1343809,1343909,21.424000,21.758000
86,8861,8861,629d940,1432051,1432377,1448044,1448144,15.667000,15.993000
86,7579,7579,5d9b941,1507051,1507385,1522366,1522466,14.981000,15.315000
86,10281,10281,6829942,1496563,1496897,1566505,1566605,69.608000,69.942000
86,6454,6454,5936942,1520051,1520377,1570672,1570772,50.295000,50.621000
86,9263,9263,642f940,1628051,1628377,1643458,1643558,15.081000,15.407000
86,8689,8689,61f1943,1642051,1642385,1664495,1664595,22.110000,22.444000
86,8881,8881,62b1943,1718465,1718791,1727921,1728021,9.130000,9.456000
86,9717,9717,65f5940,1771051,1771385,1783990,1784090,12.605000,12.939000
86,10555,10555,693b942,2014051,2014377,2022648,2022748,8.271000,8.597000
86,9674,9674,65ca941,2099051,2099377,2111104,2111204,11.727000,12.053000
86,9420,9420,64cc943,2362051,2362385,2371520,2371620,9.135000,9.469000
87,296,296,4128942,40051,40377,62730,62830,22.353000,22.679000
87,1141,1141,4475943,79355,79681,89713,89813,10.032000,10.358000
87,569,569,4239940,110051,110385,133009,133109,22.624000,22.958000
87,709,709,42c5942,152051,152385,159764,159864,7.379000,7.713000
87,2599,2599,4a27943,143982,144308,193178,193278,48.870000,49.196000
87,719,719,42cf943,201051,201385,212244,212344,10.859000,11.193000
87,2403,2403,4963943,314612,314938,335413,335513,20.475000,20.801000
87,1355,1355,454b940,327051,327385,340889,340989,13.504000,13.838000
87,3909,3909,4f45940,299051,299377,345113,345213,45.736000,46.062000
87,2486,2486,49b6940,373051,373377,396380,396480,23.003000,23.329000
87,2119,2119,4847941,382051,382377,401752,401852,19.375000,19.701000
87,3447,3447,4d77941,399409,399743,415968,416068,16.225000,16.559000
87,2350,2350,492e943,391051,391385,420155,420255,28.770000,29.104000
87,1653,1653,4675942,417051,417377,424319,424419,6.942000,7.268000
87,1199,1199,44af940,393051,393377,428494,428594,35.117000,35.443000
87,3132,3132,4c3c943,399051,399385,433826,433926,34.441000,34.775000
87,1057,1057,4421940,461051,461377,474185,474285,12.808000,13.134000
87,4060,4060,4fdc942,463051,463385,487385,487485,24.000000,24.334000
87,4612,4612,5204942,553051,553377,569130,569230,15.753000,16.079000
87,3308,3308,4cec943,552051,552377,584350,584450,31.973000,32.299000
87,4062,4062,4fde941,580051,580385,619993,620093,39.608000,39.942000
87,6042,6042,579a942,771862,772188,787296,787396,15.108000,15.434000
87,1998,1998,47ce940,849051,849385,857886,857986,8.501000,8.835000
87,4707,4707,5263941,875051,875377,893534,893634,18.157000,18.483000
87,4640,4640,5220940,920757,921091,950972,951072,29.881000,30.215000
87,3599,3599,4e0f943,885051,885377,965635,965735,80.258000,80.584000
87,4580,4580,51e4940,931051,931385,1010630,1010730,79.245000,79.579000
87,8294,8294,6066941,1001051,1001385,1020338,1020438,18.953000,19.287000
87,3748,3748,4ea4941,997051,997385,1058499,1058599,61.114000,61.448000
87,7936,7936,5f00940,1065051,1065377,1089991,1090091,24.614000,24.940000
87,9743,9743,660f941,1089051,1089377,1102725,1102825,13.348000,13.674000
87,10636,10636,698c943,1059051,1059377,1113662,1113762,54.285000,54.611000
87,6603,6603,59cb941,1108051,1108377,1119175,1119275,10.798000,11.124000
87,8033,8033,5f61941,1128051,1128385,1149616,1149716,21.231000,21.565000
87,10549,10549,6935941,1143337,1143663,1154503,1154603,10.840000,11.166000
87,8890,8890,62ba940,1223416,1223750,1236654,1236754,12.904000,13.238000
87,6996,6996,5b54941,1207212,1207538,1240853,1240953,33.315000,33.641000
87,5941,5941,5735940,1189051,1189377,1278627,1278727,89.250000,89.576000
87,3771,3771,4ebb943,1145051,1145377,1327797,1327897,182.420000,182.746000
87,9086,9086,637e941,1367051,1367377,1376469,1376569,9.092000,9.418000
87,10152,10152,67a8940,1452051,1452385,1468798,1468898,16.413000,16.747000
87,10303,10303,683f940,1461463,1461797,1496569,1496669,34.772000,35.106000
87,8601,8601,6199942,1567051,1567377,1573994,1574094,6.617000,6.943000
87,9684,9684,65d4943,1558051,1558385,1604355,1604455,45.970000,46.304000
87,8350,8350,609e943,1609939,1610273,1634323,1634423,24.050000,24.384000
87,9813,9813,6655940,1646051,1646377,1652062,1652162,5.685000,6.011000
87,10185,10185,67c9941,1686731,1687065,1699655,1699755,12.590000,12.924000
87,9885,9885,669d942,1828051,1828385,1836128,1836228,7.743000,8.077000
87,9075,9075,6373941,1844051,1844377,1854095,1854195,9.718000,10.044000
87,7265,7265,5c61940,1928051,1928385,1948038,1948138,19.653000,19.987000
87,9590,9590,6576940,2041051,2041385,2057130,2057229,15.745000,16.079000
87,9666,9666,65c2943,2159051,2159385,2166756,2166856,7.371000,7.705000
87,9527,9527,6537943,2293051,2293377,2304263,2304363,10.886000,11.212000
88,895,895,437f941,104051,104377,110896,110996,6.519000,6.845000
88,1739,1739,46cb943,251051,251377,280067,280167,28.690000,29.016000
88,1808,1808,4710943,273051,273385,291021,291121,17.636000,17.970000
88,1811,1811,4713942,279051,279377,297430,297530,18.053000,18.379000
88,1821,1821,471d941,285051,285385,302970,303070,17.585000,17.919000
88,2484,2484,49b4943,317051,317377,345029,345129,27.652000,27.978000
88,3115,3115,4c2b943,333051,333377,367068,367168,33.691000,34.017000
88,482,482,41e2943,349418,349744,388676,388776,38.932000,39.258000
88,1639,1639,4667941,393051,393385,421514,421614,28.129000,28.463000
88,1432,1432,4598943,420051,420385,456691,456791,36.306000,36.640000
88,854,854,4356943,490431,490757,506204,506304,15.447000,15.773000
88,3277,3277,4ccd943,579051,579385,591713,591813,12.328000,12.662000
88,4547,4547,51c3941,585051,585377,613388,613488,28.011000,28.337000
88,5102,5102,53ee943,734051,734385,744344,744444,9.959000,10.293000
88,9361,9361,6491942,756051,756385,768854,768954,12.469000,12.803000
88,4231,4231,5087941,765051,765377,792970,793070,27.593000,27.919000
88,6634,6634,59ea943,941288,941614,951675,951775,10.061000,10.387000
88,3484,3484,4d9c943,951051,951377,988468,988568,37.091000,37.417000
88,3546,3546,4dda940,986051,986385,998243,998343,11.858000,12.192000
88,4995,4995,5383940,1121051,1121385,1133150,1133250,11.765000,12.099000
88,4906,4906,532a941,1185051,1185377,1219565,1219665,34.188000,34.514000
88,5607,5607,55e7942,1222051,1222385,1230581,1230681,8.196000,8.530000
88,8218,8218,601a942,1350051,1350377,1378296,1378396,27.919000,28.245000
88,5315,5315,54c3943,1386051,1386385,1399270,1399370,12.885000,13.219000
88,8413,8413,60dd941,1460051,1460385,1486437,1486537,26.052000,26.386000
88,7041,7041,5b81940,1478051,1478385,1491868,1491968,13.483000,13.817000
88,6798,6798,5a8e943,1493051,1493385,1536803,1536903,43.418000,43.752000
88,10360,10360,6878942,1531051,1531385,1541012,1541112,9.627000,9.961000
88,8213,8213,6015941,1681051,1681377,1697852,1697952,16.475000,16.801000
88,9468,9468,64fc942,1719051,1719377,1731217,1731317,11.840000,12.166000
88,10307,10307,6843941,1776051,1776385,1789323,1789423,12.938000,13.272000
88,9155,9155,63c3943,1805051,1805377,1825732,1825832,20.355000,20.681000
88,6103,6103,57d7940,1865051,1865385,1877134,1877234,11.749000,12.083000
88,10511,10511,690f942,1865051,1865385,1882374,1882474,16.989000,17.323000
88,9003,9003,632b943,2008051,2008377,2024927,2025027,16.550000,16.876000
88,8727,8727,6217941,2133051,2133377,2141685,2141785,8.308000,8.634000
88,10442,10442,68ca940,2283051,2283377,2292540,2292640,9.163000,9.489000
88,8282,8282,605a941,2402051,2402377,2416822,2416922,14.445000,14.771000
89,7,7,4007943,31051,31385,44175,44275,12.790000,13.124000
89,561,561,4231942,137051,137377,148334,148434,10.957000,11.283000
89,1312,1312,4520940,168051,168385,180202,180302,11.817000,12.151000
89,1759,1759,46df940,200301,200635,213137,213237,12.502000,12.836000
89,1165,1165,448d940,332051,332385,345796,345896,13.411000,13.745000
89,1865,1865,4749941,437051,437385,463172,463272,25.787000,26.121000
89,3651,3651,4e43943,467418,467752,485333,485433,17.581000,17.915000
89,4963,4963,5363940,463928,464254,496269,496369,32.015000,32.341000
89,2253,2253,48cd941,456051,456377,501754,501854,45.377000,45.703000
89,4617,4617,5209943,551051,551377,583657,583757,32.280000,32.606000
89,4747,4747,528b941,589051,589385,604274,604374,14.889000,15.223000
89,3268,3268,4cc4942,631051,631385,645768,645868,14.383000,14.717000
89,2240,2240,48c0940,617051,617377,652982,653082,35.605000,35.931000
89,3608,3608,4e18941,641051,641385,658481,658581,17.096000,17.430000
89,6701,6701,5a2d942,648051,648385,667801,667901,19.416000,19.750000
89,3976,3976,4f88942,659051,659385,672029,672129,12.644000,12.978000
89,5168,5168,5430940,688464,688798,698969,699069,10.171000,10.505000
89,3496,3496,4da8943,678051,678385,706197,706297,27.812000,28.146000
89,2877,2877,4b3d942,685051,685377,731597,731697,46.220000,46.546000
89,2658,2658,4a62943,722051,722377,748142,748242,25.765000,26.091000
89,1123,1123,4463942,716051,716377,753685,753785,37.308000,37.634000
89,4803,4803,52c3943,763051,763377,781338,781438,17.961000,18.287000
89,7352,7352,5cb8943,798051,798377,808460,808560,10.083000,10.409000
89,7386,7386,5cda943,798395,798729,820041,820141,21.312000,21.646000
89,4761,4761,5299940,789068,789394,832376,832476,42.982000,43.308000
89,5854,5854,56de941,988424,988750,1011034,1011134,22.284000,22.610000
89,5518,5518,558e940,1017051,1017385,1036414,1036513,19.029000,19.363000
89,5325,5325,54cd941,1024402,1024735,1041947,1042048,17.212000,17.545000
89,10164,10164,67b4941,1025051,1025377,1065616,1065716,40.239000,40.565000
89,5994,5994,576a941,1057051,1057385,1072756,1072856,15.371000,15.705000
89,4784,4784,52b0941,1161051,1161377,1180936,1181036,19.559000,19.885000
89,6679,6679,5a17941,1189051,1189377,1208504,1208604,19.127000,19.453000
89,9190,9190,63e6943,1239051,1239377,1247932,1248032,8.555000,8.881000
89,7728,7728,5e30940,1248051,1248385,1260389,1260489,12.004000,12.338000
89,7495,7495,5d47940,1270051,1270385,1286028,1286128,15.643000,15.977000
89,10649,10649,6999942,1309051,1309377,1329368,1329468,19.991000,20.317000
89,6075,6075,57bb940,1363051,1363385,1375750,1375850,12.365000,12.699000
89,5080,5080,53d8943,1314446,1314780,1387717,1387817,72.937000,73.271000
89,7208,7208,5c28942,1367051,1367385,1417959,1418059,50.574000,50.908000
89,7871,7871,5ebf941,1434051,1434377,1448698,1448798,14.321000,14.647000
89,6280,6280,5888940,1465878,1466212,1487361,1487461,21.149000,21.483000
89,8459,8459,610b940,1453051,1453377,1492208,1492308,38.831000,39.157000
89,9749,9749,6615943,1518764,1519098,1533443,1533543,14.345000,14.679000
89,10333,10333,685d942,1521051,1521377,1537611,1537711,16.234000,16.560000
89,9298,9298,6452943,1526051,1526385,1541743,1541843,15.358000,15.692000
89,10688,10688,69c0943,1577438,1577764,1583420,1583520,5.656000,5.982000
89,8287,8287,605f943,1576051,1576385,1603638,1603738,27.253000,27.587000
89,10845,10845,6a5d942,1595051,1595385,1614492,1614592,19.107000,19.441000
89,8191,8191,5fff942,1700051,1700377,1709484,1709584,9.107000,9.433000
89,9486,9486,650e942,1867051,1867377,1873870,1873970,6.493000,6.819000
89,7596,7596,5dac943,1881051,1881385,1894803,1894903,13.418000,13.752000
89,9317,9317,6465941,1894051,1894377,1900822,1900922,6.445000,6.771000
90,234,234,40ea942,55051,55385,73681,73781,18.296000,18.630000
90,93,93,405d943,90051,90385,101414,101514,11.029000,11.363000
90,1652,1652,4674943,162051,162377,180816,180916,18.439000,18.765000
90,4307,4307,50d3943,237051,237377,258161,258261,20.784000,21.110000
90,2872,2872,4b38940,290051,290377,303557,303657,13.180000,13.506000
90,1484,1484,45cc942,348051,348377,364964,365064,16.587000,16.913000
90,1802,1802,470a940,445051,445385,467337,467437,21.952000,22.286000
90,5411,5411,5523942,472051,472385,488984,489084,16.599000,16.933000
90,635,635,427b940,434051,434377,494582,494682,60.205000,60.531000
90,2600,2600,4a28940,484446,484780,500056,500156,15.276000,15.610000
90,5284,5284,54a4942,858051,858385,869267,869367,10.882000,11.216000
90,2470,2470,49a6940,867051,867385,877505,877605,10.120000,10.454000
90,5962,5962,574a943,784051,784377,893844,893944,109.467000,109.793000
90,9139,9139,63b3940,905742,906068,929685,929785,23.617000,23.943000
90,5741,5741,566d942,946051,946377,981554,981654,35.177000,35.503000
90,4409,4409,5139943,988409,988743,998832,998932,10.089000,10.423000
90,5498,5498,557a943,997051,997385,1011788,1011888,14.403000,14.737000
90,4728,4728,5278943,996538,996864,1022927,1023027,26.063000,26.389000
90,8580,8580,6184940,1015937,1016271,1081798,1081898,65.527000,65.861000
90,7219,7219,5c33943,1048375,1048709,1103430,1103530,54.721000,55.055000
90,3437,3437,4d6d943,1089051,1089385,1117500,1117600,28.115000,28.449000
90,10211,10211,67e3943,1110051,1110385,1125168,1125268,14.783000,15.117000
90,5888,5888,5700940,1095572,1095906,1129335,1129435,33.429000,33.763000
90,7119,7119,5bcf942,1101051,1101377,1137951,1138051,36.574000,36.900000
90,4328,4328,50e8943,1124051,1124377,1143265,1143365,18.888000,19.214000
90,8652,8652,61cc940,1146051,1146385,1163655,1163755,17.270000,17.604000
90,9649,9649,65b1942,1176051,1176385,1214818,1214918,38.433000,38.767000
90,9259,9259,642b941,1156051,1156385,1220316,1220416,63.931000,64.265000
90,8018,8018,5f52940,1182157,1182491,1231353,1231453,48.862000,49.196000
90,9095,9095,6387942,1228051,1228377,1258725,1258825,30.348000,30.674000
90,8235,8235,602b942,1306051,1306385,1314462,1314562,8.077000,8.411000
90,10941,10941,6abd943,1276705,1277031,1336153,1336253,59.122000,59.448000
90,6867,6867,5ad3943,1408051,1408385,1429148,1429248,20.763000,21.097000
90,7094,7094,5bb6942,1428051,1428385,1440159,1440259,11.774000,12.108000
90,8902,8902,62c6942,1467051,1467385,1484729,1484829,17.344000,17.678000
90,7197,7197,5c1d941,1486051,1486385,1500752,1500852,14.367000,14.701000
90,7316,7316,5c94941,1464779,1465113,1512044,1512144,46.931000,47.265000
90,8296,8296,6068942,1637051,1637385,1652613,1652713,15.228000,15.562000
90,7266,7266,5c62943,1659051,1659377,1666509,1666609,7.132000,7.458000
90,7450,7450,5d1a940,1728051,1728385,1737950,1738050,9.565000,9.899000
90,10450,10450,68d2942,2013051,2013377,2025117,2025217,11.740000,12.066000
90,10752,10752,6a00940,2093051,2093385,2109548,2109648,16.163000,16.497000
90,10131,10131,6793940,2347051,2347385,2353911,2354011,6.526000,6.860000
90,8161,8161,5fe1940,2477051,2477377,2490940,2491040,13.563000,13.889000
90,10180,10180,67c4940,2496051,2496377,2508897,2508997,12.520000,12.846000
90,10679,10679,69b7943,2547051,2547377,2561736,2561836,14.359000,14.685000
90,10757,10757,6a05941,2887395,2887729,2893277,2893377,5.548000,5.882000
91,38,38,4026940,22051,22385,36941,37041,14.556000,14.890000
91,461,461,41cd942,52051,52385,62299,62399,9.914000,10.248000
91,1153,1153,4481943,128051,128384,146459,146559,18.075000,18.408000
91,599,599,4257940,129051,129384,173293,173393,43.909000,44.242000
91,2364,2364,493c943,134881,135215,178802,178902,43.587000,43.921000
91,365,365,416d942,91051,91377,184242,184342,92.865000,93.191000
91,2672,2672,4a70940,307051,307385,332225,332325,24.840000,25.174000
91,470,470,41d6941,330051,330385,342985,343085,12.600000,12.934000
91,1386,1386,456a940,407144,407470,424960,425060,17.490000,17.816000
91,1527,1527,45f7941,447051,447377,471740,471840,24.363000,24.689000
91,4013,4013,4fad942,437054,437388,475885,475985,38.497000,38.831000
91,4578,4578,51e2941,524050,524377,559854,559954,35.477000,35.804000
91,3809,3809,4ee1942,591051,591377,613143,613243,21.766000,22.092000
91,4877,4877,530d942,691051,691385,783285,783385,91.900000,92.234000
91,5577,5577,55c9941,873051,873377,889998,890098,16.621000,16.947000
91,3694,3694,4e6e941,903051,903377,911559,911659,8.182000,8.508000
91,7088,7088,5bb0941,932198,932532,950797,950897,18.265000,18.599000
91,4296,4296,50c8942,932780,933114,996639,996739,63.525000,63.859000
91,9208,9208,63f8942,1025051,1025385,1039022,1039122,13.637000,13.971000
91,6374,6374,58e6943,1044639,1044965,1055559,1055659,10.594000,10.920000
91,5561,5561,55b9940,1070051,1070377,1084058,1084158,13.681000,14.007000
91,5634,5634,5602941,1090051,1090385,1100689,1100789,10.304000,10.638000
91,8243,8243,6033941,1089395,1089721,1117104,1117204,27.383000,27.709000
91,4370,4370,5112940,1099051,1099377,1128065,1128165,28.688000,29.014000
91,5950,5950,573e943,1144455,1144789,1156776,1156876,11.987000,12.321000
91,7410,7410,5cf2941,1156051,1156385,1198878,1198978,42.493000,42.827000
91,7558,7558,5d86940,1253051,1253377,1259838,1259938,6.461000,6.787000
91,8620,8620,61ac943,1238051,1238377,1276139,1276239,37.762000,38.088000
91,5386,5386,550a943,1348324,1348650,1366349,1366449,17.699000,18.025000
91,7462,7462,5d26941,1391161,1391495,1400897,1400997,9.402000,9.736000
91,6385,6385,58f1943,1403051,1403385,1422843,1422943,19.458000,19.792000
91,8968,8968,6308940,1560051,1560385,1568665,1568765,8.280000,8.614000
91,10908,10908,6a9c941,1672051,1672385,1692190,1692290,19.805000,20.139000
91,9586,9586,6572941,1677051,1677377,1697672,1697772,20.295000,20.621000
91,9966,9966,66ee940,1685051,1685377,1718012,1718112,32.635000,32.961000
91,9523,9523,6533941,2118051,2118377,2133137,2133237,14.760000,15.086000
91,8613,8613,61a5940,2191051,2191385,2198782,2198882,7.397000,7.731000
91,7865,7865,5eb9940,2292051,2292377,2306895,2306995,14.518000,14.844000
92,705,705,42c1941,101438,101764,131442,131542,29.678000,30.004000
92,294,294,4126943,128051,128377,136297,136397,7.920000,8.246000
92,2678,2678,4a76940,187446,187780,229070,229170,41.290000,41.624000
92,842,842,434a942,234051,234377,244027,244127,9.650000,9.976000
92,785,785,4311942,256051,256376,271948,272048,15.572000,15.897000
92,1348,1348,4544942,268051,268385,276079,276179,7.694000,8.028000
92,2971,2971,4b9b941,272402,272736,293838,293938,21.102000,21.436000
92,3134,3134,4c3e940,277203,277537,310276,310376,32.739000,33.073000
92,539,539,421b942,296051,296377,323510,323610,27.133000,27.459000
92,1554,1554,4612943,357051,357377,365824,365924,8.447000,8.773000
92,2494,2494,49be943,359051,359385,379257,379357,19.872000,20.206000
92,3301,3301,4ce5942,360051,360377,384698,384798,24.321000,24.647000
92,1126,1126,4466942,382051,382385,389832,389932,7.447000,7.781000
92,3606,3606,4e16942,374051,374385,394047,394147,19.662000,19.996000
92,3211,3211,4c8b943,423051,423377,438707,438807,15.330000,15.656000
92,4513,4513,51a1940,449051,449377,457081,457181,7.704000,8.030000
92,5007,5007,538f943,497051,497377,510099,510199,12.722000,13.048000
92,1884,1884,475c943,493051,493377,529820,529920,36.443000,36.769000
92,1641,1641,4669942,530051,530377,536861,536961,6.484000,6.810000
92,3847,3847,4f07941,567051,567385,597519,597619,30.134000,30.468000
92,4586,4586,51ea941,613051,613377,639618,639718,26.241000,26.567000
92,4528,4528,51b0940,643051,643377,670250,670350,26.873000,27.199000
92,5140,5140,5414941,668051,668377,749607,749707,81.230000,81.556000
92,4774,4774,52a6940,762051,762385,775002,775102,12.617000,12.951000
92,5109,5109,53f5943,830051,830385,860243,860343,29.858000,30.192000
92,7262,7262,5c5e942,859051,859385,913567,913667,54.182000,54.516000
92,4992,4992,5380940,878051,878377,943583,943683,65.206000,65.532000
92,4958,4958,535e943,972051,972385,992440,992540,20.055000,20.389000
92,5786,5786,569a942,976051,976385,997823,997923,21.438000,21.772000
92,2785,2785,4ae1940,998051,998385,1021186,1021286,22.801000,23.135000
92,8143,8143,5fcf940,997051,997377,1040734,1040834,43.357000,43.683000
92,6155,6155,580b943,1070051,1070385,1085369,1085469,14.984000,15.318000
92,8011,8011,5f4b943,1125051,1125385,1143479,1143579,18.094000,18.428000
92,5619,5619,55f3942,1249051,1249377,1257368,1257468,7.991000,8.317000
92,5670,5670,5626941,1355424,1355750,1389246,1389346,33.496000,33.822000
92,7836,7836,5e9c940,1359051,1359385,1395684,1395784,36.299000,36.633000
92,6734,6734,5a4e941,1405051,1405377,1425469,1425569,20.092000,20.418000
92,6873,6873,5ad9941,1433051,1433377,1455056,1455156,21.679000,22.005000
92,7157,7157,5bf5940,1465051,1465385,1471968,1472068,6.583000,6.917000
92,9791,9791,663f943,1539051,1539385,1544108,1544208,4.723000,5.057000
92,6994,6994,5b52943,1631051,1631385,1651920,1652020,20.535000,20.869000
92,10681,10681,69b9941,1661867,1662193,1677438,1677538,15.245000,15.571000
92,9314,9314,6462940,1696051,1696377,1730370,1730470,33.993000,34.319000
92,8867,8867,62a3941,1750051,1750385,1762289,1762389,11.904000,12.238000
92,7038,7038,5b7e940,1760051,1760377,1784661,1784761,24.284000,24.610000
92,9591,9591,6577940,1981051,1981377,1986088,1986188,4.711000,5.037000
92,9818,9818,665a940,2060051,2060385,2072142,2072242,11.757000,12.091000
92,7401,7401,5ce9940,2140051,2140385,2155683,2155783,15.298000,15.632000
92,10823,10823,6a47941,3012051,3012385,3030444,3030544,18.059000,18.393000
93,870,870,4366942,119416,119750,138751,138851,19.001000,19.335000
93,517,517,4205941,151893,152227,161233,161333,9.006000,9.340000
93,789,789,4315942,142051,142377,166414,166514,24.037000,24.363000
93,4054,4054,4fd6943,209416,209742,222585,222685,12.843000,13.169000
93,4542,4542,51be942,304051,304385,315010,315110,10.625000,10.959000
93,2562,2562,4a02943,300051,300377,320457,320557,20.080000,20.406000
93,1178,1178,449a941,319051,319377,332354,332454,12.977000,13.303000
93,2181,2181,4885940,372051,372377,394838,394938,22.461000,22.787000
93,655,655,428f943,413051,413385,425133,425233,11.748000,12.082000
93,5496,5496,5578941,724051,724377,738652,738752,14.275000,14.601000
93,1840,1840,4730943,718051,718377,744316,744416,25.939000,26.265000
93,5596,5596,55dc941,798051,798385,815204,815304,16.819000,17.153000
93,2169,2169,4879940,814051,814385,842653,842753,28.268000,28.602000
93,6288,6288,5890942,859051,859385,877301,877401,17.916000,18.250000
93,8230,8230,6026940,889051,889377,956996,957096,67.619000,67.945000
93,5631,5631,55ff942,1010051,1010385,1028416,1028516,18.031000,18.365000
93,6467,6467,5943941,1115051,1115385,1140753,1140853,25.368000,25.702000
93,2596,2596,4a24940,1075935,1076269,1151591,1151691,75.322000,75.656000
93,7979,7979,5f2b940,1207051,1207385,1233022,1233122,25.637000,25.971000
93,6747,6747,5a5b943,1218051,1218377,1239951,1240051,21.574000,21.900000
93,9402,9402,64ba941,1353051,1353385,1370735,1370835,17.350000,17.684000
93,7924,7924,5ef4942,1381465,1381791,1414176,1414276,32.385000,32.711000
93,9501,9501,651d941,1524051,1524385,1550582,1550682,26.197000,26.531000
93,6647,6647,59f7940,1600051,1600377,1627173,1627273,26.796000,27.122000
93,9217,9217,6401942,1689051,1689377,1703092,1703192,13.715000,14.041000
93,6684,6684,5a1c942,1716051,1716377,1736711,1736811,20.334000,20.660000
93,8610,8610,61a2940,1747051,1747385,1758813,1758913,11.428000,11.762000
93,7492,7492,5d44943,1801439,1801765,1815473,1815573,13.708000,14.034000
93,10904,10904,6a98940,1809051,1809377,1827196,1827296,17.819000,18.145000
93,10539,10539,692b940,1809051,1809385,1831415,1831515,22.030000,22.364000
93,9351,9351,6487940,1823051,1823385,1842222,1842322,18.837000,19.171000
93,10230,10230,67f6940,1834051,1834377,1853167,1853267,18.790000,19.116000
93,9840,9840,6670940,2008672,2008998,2014659,2014759,5.661000,5.987000
93,10979,10979,6ae3943,2383051,2383385,2396003,2396103,12.618000,12.952000
94,156,156,409c941,45051,45377,85833,85933,40.456000,40.782000
94,1542,1542,4606943,89514,89848,107573,107673,17.725000,18.059000
94,452,452,41c4940,97051,97385,111738,111838,14.353000,14.687000
94,826,826,433a941,151051,151377,162868,162968,11.491000,11.817000
94,1381,1381,4565940,224243,224577,249183,249283,24.606000,24.940000
94,4095,4095,4fff943,245051,245377,265689,265789,20.312000,20.638000
94,2937,2937,4b79941,267051,267377,279260,279360,11.883000,12.209000
94,1307,1307,451b941,251051,251385,293199,293299,41.814000,42.148000
94,1937,1937,4791943,328051,328377,337573,337673,9.196000,9.522000
94,1345,1345,4541940,312051,312385,342983,343083,30.598000,30.932000
94,1574,1574,4626943,351051,351385,366041,366141,14.656000,14.990000
94,1773,1773,46ed941,352051,352385,378388,378488,26.003000,26.337000
94,3101,3101,4c1d941,415051,415385,439616,439716,24.231000,24.565000
94,1907,1907,4773941,431051,431377,443835,443935,12.458000,12.784000
94,1012,1012,43f4943,500051,500377,515733,515833,15.356000,15.682000
94,2167,2167,4877942,494051,494377,522862,522963,28.485000,28.811000
94,3029,3029,4bd5941,564051,564385,571687,571787,7.302000,7.636000
94,6594,6594,59c2942,598051,598385,616068,616168,17.683000,18.017000
94,3333,3333,4d05940,637051,637385,677541,677641,40.156000,40.490000
94,4081,4081,4ff1940,673051,673385,704954,705054,31.569000,31.903000
94,5541,5541,55a5942,735051,735385,765105,765205,29.720000,30.054000
94,7069,7069,5b9d943,763051,763377,772518,772618,9.141000,9.467000
94,3365,3365,4d25943,752051,752377,783453,783553,31.076000,31.402000
94,4399,4399,512f943,804051,804385,816144,816244,11.759000,12.093000
94,4762,4762,529a943,777051,777377,822368,822468,44.991000,45.317000
94,6027,6027,578b941,806130,806456,827835,827935,21.379000,21.705000
94,5929,5929,5729943,842439,842773,881929,882029,39.156000,39.490000
94,8252,8252,603c943,959923,960249,967621,967721,7.372000,7.698000
94,3118,3118,4c2e942,982051,982385,1034706,1034807,52.321000,52.655000
94,8157,8157,5fdd940,983051,983377,1041570,1041670,58.193000,58.519000
94,4810,4810,52ca943,1026051,1026385,1048262,1048362,21.877000,22.211000
94,6338,6338,58c2940,1043051,1043377,1053731,1053831,10.354000,10.680000
94,2487,2487,49b7940,1033556,1033882,1119697,1119797,85.815000,86.141000
94,5513,5513,5589943,1122051,1122385,1137879,1137979,15.494000,15.828000
94,8219,8219,601b940,1231051,1231377,1279778,1279878,48.401000,48.727000
94,7640,7640,5dd8943,1304051,1304377,1322483,1322583,18.106000,18.432000
94,6944,6944,5b20943,1328051,1328385,1349975,1350075,21.590000,21.924000
94,7299,7299,5c83940,1404051,1404377,1427228,1427328,22.851000,23.177000
94,7276,7276,5c6c941,1450051,1450385,1458588,1458688,8.203000,8.537000
94,8863,8863,629f940,1487051,1487385,1498199,1498299,10.814000,11.148000
94,10028,10028,672c940,1499051,1499377,1519191,1519291,19.814000,20.140000
94,8877,8877,62ad941,1541446,1541780,1587732,1587832,45.952000,46.286000
94,7156,7156,5bf4940,1549051,1549385,1601983,1602083,52.598000,52.932000
94,10001,10001,6711941,1597051,1597377,1606132,1606232,8.755000,9.081000
94,9522,9522,6532942,1601051,1601385,1629269,1629369,27.884000,28.218000
94,10467,10467,68e3942,1611416,1611742,1638720,1638820,26.978000,27.304000
94,9617,9617,6591943,1615402,1615736,1642959,1643059,27.223000,27.557000
94,9098,9098,638a940,1972051,1972377,1996971,1997071,24.594000,24.920000
94,9011,9011,6333943,2131051,2131377,2148400,2148500,17.023000,17.349000
95,182,182,40b6943,40051,40385,60024,60124,19.639000,19.973000
95,138,138,408a940,54051,54385,71130,71230,16.745000,17.079000
95,694,694,42b6940,167051,167377,178146,178246,10.769000,11.095000
95,275,275,4113940,168395,168721,185251,185351,16.530000,16.856000
95,2530,2530,49e2940,206915,207249,224450,224550,17.201000,17.535000
95,2633,2633,4a49941,243051,243377,258411,258511,15.034000,15.360000
95,1501,1501,45dd942,285051,285377,292527,292627,7.150000,7.476000
95,1728,1728,46c0942,298051,298377,318425,318525,20.048000,20.374000
95,1679,1679,468f941,367051,367377,396909,397009,29.532000,29.858000
95,3250,3250,4cb2943,470051,470385,482942,483042,12.557000,12.891000
95,5303,5303,54b7943,501051,501385,529019,529119,27.634000,27.968000
95,2407,2407,4967942,510051,510377,574578,574678,64.201000,64.527000
95,3285,3285,4cd5941,592051,592385,611225,611325,18.840000,19.174000
95,2497,2497,49c1941,570051,570385,627634,627734,57.249000,57.583000
95,2187,2187,488b942,637051,637377,653849,653949,16.472000,16.798000
95,1453,1453,45ad943,630051,630377,670364,670464,39.987000,40.313000
95,3912,3912,4f48942,653051,653377,675819,675919,22.442000,22.768000
95,7536,7536,5d70942,672051,672377,703191,703291,30.814000,31.140000
95,7061,7061,5b95942,697051,697377,708716,708816,11.339000,11.665000
95,4729,4729,5279942,717051,717385,736758,736858,19.373000,19.707000
95,3469,3469,4d8d942,711051,711385,747084,747184,35.699000,36.033000
95,7982,7982,5f2e943,779458,779784,839985,840085,60.201000,60.527000
95,3980,3980,4f8c940,921051,921385,928740,928840,7.355000,7.689000
95,9435,9435,64db940,914051,914385,978473,978573,64.088000,64.422000
95,7079,7079,5ba7940,995051,995385,1010774,1010874,15.389000,15.723000
95,7527,7527,5d67940,1045051,1045377,1089085,1089185,43.708000,44.034000
95,6767,6767,5a6f940,1214051,1214377,1234433,1234533,20.056000,20.382000
95,10726,10726,69e6943,1243051,1243385,1256162,1256262,12.777000,13.111000
95,8600,8600,6198940,1271051,1271377,1292083,1292183,20.706000,21.032000
95,9659,9659,65bb940,1283051,1283377,1308609,1308709,25.232000,25.558000
95,8000,8000,5f40941,1315051,1315385,1327243,1327343,11.858000,12.192000
95,7878,7878,5ec6942,1315051,1315377,1339605,1339705,24.228000,24.554000
95,9652,9652,65b4943,1364051,1364377,1369164,1369264,4.787000,5.113000
95,6427,6427,591b943,1430051,1430377,1444729,1444829,14.352000,14.678000
95,7846,7846,5ea6940,1605051,1605377,1616352,1616452,10.975000,11.301000
95,10839,10839,6a57941,1835051,1835377,1861015,1861115,25.638000,25.964000
95,9035,9035,634b941,1922439,1922765,1934332,1934432,11.567000,11.893000
95,10276,10276,6824942,2035051,2035385,2057505,2057604,22.120000,22.454000
95,10406,10406,68a6941,2877051,2877377,2898040,2898140,20.663000,20.989000
96,19,19,4013940,37051,37385,58081,58181,20.696000,21.030000
96,1084,1084,443c942,122051,122385,143260,143360,20.875000,21.209000
96,966,966,43c6943,136051,136377,155374,155474,18.997000,19.323000
96,2038,2038,47f6941,279051,279377,301645,301745,22.268000,22.594000
96,894,894,437e941,297051,297385,352756,352856,55.371000,55.705000
96,2196,2196,4894943,343431,343757,381140,381240,37.383000,37.709000
96,834,834,4342940,370051,370377,408238,408338,37.861000,38.187000
96,2489,2489,49b9943,402051,402377,415075,415175,12.698000,13.024000
96,3066,3066,4bfa943,462051,462377,470115,470215,7.738000,8.064000
96,2614,2614,4a36941,464051,464385,486879,486979,22.494000,22.828000
96,2052,2052,4804940,527051,527377,545754,545854,18.377000,18.703000
96,4442,4442,515a940,615051,615385,642715,642815,27.330000,27.664000
96,3197,3197,4c7d940,738051,738377,750772,750872,12.395000,12.721000
96,5600,5600,55e0942,729051,729377,754901,755001,25.524000,25.850000
96,3709,3709,4e7d943,825051,825377,845956,846056,20.579000,20.905000
96,4608,4608,5200942,943643,943969,954012,954112,10.043000,10.369000
96,8775,8775,6247943,941331,941657,959821,959921,18.164000,18.490000
96,3693,3693,4e6d942,911606,911940,987494,987594,75.554000,75.888000
96,7000,7000,5b58941,1066051,1066385,1076399,1076499,10.014000,10.348000
96,7278,7278,5c6e941,1072051,1072377,1098316,1098416,25.939000,26.265000
96,8820,8820,6274943,1174051,1174385,1216751,1216851,42.366000,42.700000
96,9569,9569,6561943,1235402,1235736,1248555,1248655,12.819000,13.153000
96,8242,8242,6032941,1209051,1209377,1270449,1270549,61.072000,61.398000
96,6420,6420,5914942,1252051,1252377,1289259,1289359,36.882000,37.208000
96,6914,6914,5b02943,1242431,1242757,1302802,1302902,60.045000,60.371000
96,6900,6900,5af4940,1298051,1298385,1310173,1310273,11.788000,12.122000
96,7027,7027,5b73940,1417439,1417765,1460211,1460311,42.446000,42.772000
96,7209,7209,5c29940,1552129,1552463,1566014,1566114,13.551000,13.885000
96,8389,8389,60c5943,1641416,1641742,1659032,1659132,17.290000,17.616000
96,8764,8764,623c940,1811051,1811385,1821366,1821466,9.981000,10.315000
96,8517,8517,6145943,1875051,1875377,1898214,1898314,22.837000,23.163000
96,10335,10335,685f940,1938051,1938385,1946575,1946675,8.190000,8.524000
96,7387,7387,5cdb941,2061051,2061385,2082099,2082198,20.714000,21.048000
96,10957,10957,6acd940,2687051,2687377,2703723,2703823,16.346000,16.672000
97,931,931,43a3940,81051,81377,103914,104014,22.537000,22.863000
97,2068,2068,4814941,113319,113653,147969,148069,34.316000,34.650000
97,2124,2124,484c942,167051,167377,194983,195083,27.606000,27.932000
97,110,110,406e941,201051,201385,224735,224835,23.350000,23.684000
97,1896,1896,4768941,210051,210385,230254,230354,19.869000,20.203000
97,836,836,4344941,226051,226377,241267,241367,14.890000,15.216000
97,1364,1364,4554942,224051,224385,246810,246910,22.425000,22.759000
97,1929,1929,4789942,268051,268385,286295,286395,17.910000,18.244000
97,2126,2126,484e940,288482,288816,300287,300387,11.471000,11.805000
97,1280,1280,4500943,390051,390385,412311,412411,21.926000,22.260000
97,3794,3794,4ed2941,466051,466377,494732,494832,28.355000,28.681000
97,4607,4607,51ff942,544051,544377,557332,557432,12.955000,13.281000
97,4526,4526,51ae941,624051,624377,650034,650134,25.657000,25.983000
97,5626,5626,55fa940,721051,721385,731252,731352,9.867000,10.201000
97,5707,5707,564b940,729051,729377,743688,743788,14.311000,14.637000
97,8349,8349,609d942,733051,733377,749011,749111,15.634000,15.960000
97,2529,2529,49e1943,740051,740377,753210,753310,12.833000,13.159000
97,5449,5449,5549940,809051,809377,818469,818569,9.092000,9.418000
97,5256,5256,5488943,797856,798182,826171,826271,27.989000,28.315000
97,4738,4738,5282940,839051,839385,851547,851647,12.162000,12.496000
97,2765,2765,4acd940,835051,835377,865230,865330,29.853000,30.179000
97,4870,4870,5306941,878051,878385,900612,900712,22.227000,22.561000
97,5477,5477,5565940,907230,907556,918580,918680,11.024000,11.350000
97,5785,5785,5699943,902051,902377,928576,928676,26.199000,26.525000
97,5012,5012,5394941,957051,957377,965710,965810,8.333000,8.659000
97,3948,3948,4f6c943,877628,877954,969891,969991,91.937000,92.263000
97,3623,3623,4e27943,1020051,1020377,1033944,1034043,13.567000,13.893000
97,5967,5967,574f940,996343,996677,1069935,1070035,73.258000,73.592000
97,8277,8277,6055942,1006492,1006818,1097109,1097209,90.291000,90.617000
97,8412,8412,60dc943,1087051,1087377,1102482,1102582,15.105000,15.431000
97,8229,8229,6025940,1231968,1232302,1250291,1250391,17.989000,18.323000
97,8776,8776,6248941,1344051,1344377,1356712,1356812,12.335000,12.661000
97,5641,5641,5609943,1379953,1380287,1389442,1389542,9.155000,9.489000
97,8373,8373,60b5941,1387051,1387385,1433282,1433382,45.897000,46.231000
97,6492,6492,595c943,1401051,1401385,1455222,1455322,53.837000,54.171000
97,7383,7383,5cd7941,1451051,1451377,1513802,1513902,62.425000,62.751000
97,9119,9119,639f940,1503051,1503385,1521668,1521768,18.283000,18.617000
97,10938,10938,6aba943,1528424,1528750,1543410,1543510,14.660000,14.986000
97,9787,9787,663b941,1526051,1526385,1568456,1568556,42.071000,42.405000
97,7390,7390,5cde943,1630051,1630377,1645203,1645303,14.826000,15.152000
97,9632,9632,65a0940,1638051,1638377,1656189,1656289,17.812000,18.138000
97,10942,10942,6abe941,1717051,1717385,1749803,1749903,32.418000,32.752000
97,6770,6770,5a72942,1739051,1739385,1755632,1755732,16.247000,16.581000
97,10192,10192,67d0941,1762051,1762385,1767983,1768083,5.598000,5.932000
97,8080,8080,5f90942,1754051,1754385,1772186,1772286,17.801000,18.135000
97,9677,9677,65cd943,1759051,1759377,1777531,1777631,18.154000,18.480000
97,7479,7479,5d37943,1796051,1796385,1811873,1811973,15.488000,15.822000
97,10145,10145,67a1941,1810051,1810377,1817218,1817318,6.841000,7.167000
97,10085,10085,6765943,2014051,2014385,2027087,2027187,12.702000,13.036000
97,9476,9476,6504943,2021051,2021377,2049702,2049802,28.325000,28.651000
97,10825,10825,6a49942,2113051,2113385,2127738,2127838,14.353000,14.687000
97,9487,9487,650f940,2450051,2450385,2462987,2463087,12.602000,12.936000
98,259,259,4103940,65051,65385,84194,84294,18.809000,19.143000
98,815,815,432f940,198051,198385,216941,217041,18.556000,18.890000
98,1309,1309,451d941,248051,248377,257467,257568,9.090000,9.416000
98,2676,2676,4a74943,270051,270377,299884,299984,29.507000,29.833000
98,2101,2101,4835941,318063,318397,353517,353617,35.120000,35.454000
98,1504,1504,45e0940,357395,357721,380668,380768,22.947000,23.273000
98,2541,2541,49ed941,339051,339385,388540,388640,49.155000,49.489000
98,1886,1886,475e940,419051,419377,433165,433265,13.788000,14.114000
98,3370,3370,4d2a940,476051,476377,497736,497836,21.359000,21.685000
98,2346,2346,492a940,492051,492385,522281,522382,29.896000,30.230000
98,3328,3328,4d00943,560907,561241,587129,587229,25.888000,26.222000
98,2627,2627,4a43941,548418,548752,591314,591414,42.562000,42.896000
98,2828,2828,4b0c940,550431,550757,620035,620135,69.278000,69.604000
98,5836,5836,56cc943,607051,607385,647309,647409,39.924000,40.258000
98,3622,3622,4e26942,637051,637377,660939,661039,23.562000,23.888000
98,3591,3591,4e07941,637705,638039,666441,666541,28.402000,28.736000
98,7869,7869,5ebd942,688051,688377,703762,703862,15.385000,15.711000
98,5430,5430,5536941,733478,733812,744698,744798,10.886000,11.220000
98,4129,4129,5021941,745051,745377,761163,761263,15.786000,16.112000
98,2476,2476,49ac941,748051,748377,765336,765436,16.959000,17.285000
98,3923,3923,4f53942,783051,783377,812708,812808,29.331000,29.657000
98,5507,5507,5583940,784051,784377,841742,841842,57.365000,57.691000
98,5853,5853,56dd941,896051,896385,901973,902073,5.588000,5.922000
98,8065,8065,5f81943,949051,949377,966640,966740,17.263000,17.589000
98,2468,2468,49a4943,805051,805377,1014400,1014500,209.023000,209.349000
98,7138,7138,5be2940,1077051,1077385,1097318,1097418,19.933000,20.267000
98,7043,7043,5b83942,1167051,1167385,1182045,1182145,14.660000,14.994000
98,5511,5511,5587943,1424051,1424385,1437010,1437110,12.625000,12.959000
98,8585,8585,6189940,1431051,1431385,1441488,1441588,10.103000,10.437000
98,8789,8789,6255943,1529051,1529377,1552181,1552281,22.804000,23.130000
98,6801,6801,5a91940,1560051,1560377,1580083,1580183,19.706000,20.032000
98,8911,8911,62cf943,1787649,1787983,1800145,1800245,12.162000,12.496000
98,8508,8508,613c942,1843051,1843385,1857825,1857925,14.440000,14.774000
98,8914,8914,62d2940,1871051,1871385,1886601,1886701,15.216000,15.550000
98,10282,10282,682a940,1887051,1887377,1894719,1894819,7.342000,7.668000
98,10927,10927,6aaf941,1896051,1896385,1904684,1904784,8.299000,8.633000
98,9508,9508,6524942,1903395,1903721,1918157,1918257,14.436000,14.762000
98,10438,10438,68c6942,2378051,2378385,2386678,2386778,8.293000,8.627000
99,325,325,4145943,49051,49377,57045,57145,7.668000,7.994000
99,688,688,42b0941,143051,143385,162571,162671,19.186000,19.520000
99,1676,1676,468c943,206051,206385,226326,226426,19.941000,20.275000
99,716,716,42cc941,234051,234385,248261,248361,13.876000,14.210000
99,2221,2221,48ad940,192460,192786,256643,256744,63.857000,64.183000
99,2752,2752,4ac0943,242051,242377,262114,262215,19.737000,20.063000
99,216,216,40d8940,264051,264385,281455,281555,17.070000,17.404000
99,1833,1833,4729942,309051,309377,330724,330824,21.347000,21.673000
99,2145,2145,4861940,355051,355377,368087,368187,12.710000,13.036000
99,1768,1768,46e8940,359051,359385,389907,390007,30.522000,30.856000
99,1961,1961,47a9943,363568,363894,400921,401021,37.027000,37.353000
99,1180,1180,449c940,397051,397385,408535,408635,11.150000,11.484000
99,2568,2568,4a08941,420424,420750,439010,439110,18.260000,18.586000
99,2131,2131,4853943,363051,363385,444499,444599,81.114000,81.448000
99,3356,3356,4d1c942,562051,562377,571517,571617,9.140000,9.466000
99,5691,5691,563b943,722051,722385,731576,731676,9.191000,9.525000
99,5683,5683,5633942,765051,765377,798539,798639,33.162000,33.488000
99,4924,4924,533c941,793051,793385,802698,802798,9.313000,9.647000
99,5176,5176,5438942,753051,753385,819094,819194,65.709000,66.043000
99,4893,4893,531d940,815051,815385,852074,852174,36.689000,37.023000
99,6538,6538,598a942,868051,868385,884621,884721,16.236000,16.570000
99,4280,4280,50b8940,876051,876377,890099,890199,13.722000,14.048000
99,6249,6249,5869940,877051,877385,901065,901165,23.680000,24.014000
99,6825,6825,5aa9942,926051,926377,934027,934127,7.650000,7.976000
99,6245,6245,5865941,964051,964385,980822,980922,16.437000,16.771000
99,3559,3559,4de7940,855566,855892,999727,999827,143.835000,144.161000
99,6366,6366,58de943,874051,874385,1017975,1018075,143.590000,143.924000
99,5961,5961,5749941,1050051,1050377,1065187,1065287,14.810000,15.136000
99,6073,6073,57b9941,1211051,1211385,1226749,1226849,15.364000,15.698000
99,5534,5534,559e942,1229051,1229385,1247821,1247921,18.436000,18.770000
99,7475,7475,5d33941,1263051,1263385,1275602,1275702,12.217000,12.551000
99,10222,10222,67ee943,1397051,1397377,1420556,1420656,23.179000,23.505000
99,10610,10610,6972943,1473051,1473377,1514811,1514911,41.434000,41.760000
99,9148,9148,63bc942,1516051,1516377,1526716,1526816,10.339000,10.665000
99,10603,10603,696b942,1529051,1529385,1542466,1542566,13.081000,13.415000
99,10853,10853,6a65942,1642051,1642385,1654827,1654927,12.442000,12.776000
99,9375,9375,649f941,1742051,1742385,1750648,1750748,8.263000,8.597000
99,8664,8664,61d8943,1759051,1759377,1774791,1774891,15.414000,15.740000
99,7898,7898,5eda941,1756051,1756385,1779004,1779104,22.619000,22.953000
99,8924,8924,62dc943,1773051,1773385,1784360,1784460,10.975000,11.309000
99,10391,10391,6897942,1789438,1789764,1807776,1807876,18.012000,18.338000
99,8348,8348,609c941,1870051,1870385,1891959,1892059,21.574000,21.908000
99,10709,10709,69d5943,1891051,1891385,1905226,1905326,13.841000,14.175000
99,10935,10935,6ab7942,1925051,1925377,1935520,1935620,10.143000,10.469000
99,10095,10095,676f941,1964051,1964385,1980681,1980781,16.296000,16.630000
99,10497,10497,6901942,2054051,2054377,2077386,2077486,23.009000,23.335000
100,98,98,4062943,136051,136385,143794,143894,7.409000,7.743000
100,1142,1142,4476940,143051,143385,154301,154401,10.916000,11.250000
100,1767,1767,46e7941,237051,237377,295438,295538,58.061000,58.387000
100,1585,1585,4631941,270416,270742,311883,311983,41.141000,41.467000
100,1461,1461,45b5940,301051,301377,321197,321297,19.820000,20.146000
100,2758,2758,4ac6941,355298,355624,367791,367891,12.167000,12.493000
100,1786,1786,46fa943,375051,375385,383246,383346,7.861000,8.195000
100,1310,1310,451e941,370051,370377,410793,410893,40.416000,40.742000
100,1926,1926,4786941,425051,425377,439013,439113,13.636000,13.962000
100,2070,2070,4816943,457051,457377,481437,481537,24.060000,24.386000
100,4469,4469,5175941,545329,545655,554813,554913,9.158000,9.484000
100,2467,2467,49a3941,579395,579729,586259,586359,6.530000,6.864000
100,3415,3415,4d57942,619051,619385,624978,625078,5.593000,5.927000
100,8750,8750,622e942,633051,633377,644272,644372,10.895000,11.221000
100,5304,5304,54b8941,717051,717377,728286,728386,10.909000,11.235000
100,6949,6949,5b25940,764051,764377,817826,817926,53.449000,53.775000
100,5252,5252,5484943,772051,772377,822025,822125,49.648000,49.974000
100,5526,5526,5596942,811985,812319,826167,826267,13.848000,14.182000
100,5924,5924,5724942,822051,822377,837038,837138,14.661000,14.987000
100,7037,7037,5b7d942,841458,841792,861862,861962,20.070000,20.404000
100,6127,6127,57ef942,848051,848377,867966,868066,19.589000,19.915000
100,6350,6350,58ce940,896051,896385,923801,923901,27.416000,27.750000
100,6158,6158,580e943,995051,995377,1018095,1018195,22.718000,23.044000
100,8003,8003,5f43940,1005051,1005385,1051015,1051115,45.630000,45.964000
100,6274,6274,5882942,1018051,1018385,1061527,1061627,43.142000,43.476000
100,6943,6943,5b1f943,1033051,1033385,1072928,1073028,39.543000,39.877000
100,6494,6494,595e941,1079051,1079377,1100224,1100324,20.847000,21.173000
100,6890,6890,5aea941,1095051,1095377,1104449,1104549,9.072000,9.398000
100,6418,6418,5912942,1029051,1029385,1121339,1121439,91.954000,92.288000
100,7497,7497,5d49940,1121051,1121377,1143380,1143480,22.003000,22.329000
100,4232,4232,5088940,1074051,1074377,1147579,1147679,73.202000,73.528000
100,5780,5780,5694942,1122940,1123266,1187559,1187659,64.293000,64.619000
100,8394,8394,60ca941,1164051,1164377,1205201,1205301,40.824000,41.150000
100,9655,9655,65b7940,1184046,1184372,1209391,1209491,25.019000,25.345000
100,7379,7379,5cd3941,1230051,1230385,1238534,1238634,8.149000,8.483000
100,8922,8922,62da942,1236051,1236385,1257481,1257581,21.096000,21.430000
100,4683,4683,524b941,1243431,1243757,1273163,1273263,29.406000,29.732000
100,5198,5198,544e943,1279051,1279385,1293032,1293132,13.647000,13.981000
100,8395,8395,60cb940,1350051,1350385,1369527,1369627,19.142000,19.476000
100,8026,8026,5f5a940,1360051,1360377,1380240,1380340,19.863000,20.189000
100,4534,4534,51b6943,1217953,1218279,1402332,1402432,184.053000,184.379000
100,8570,8570,617a942,1383051,1383385,1408758,1408858,25.373000,25.707000
100,10142,10142,679e943,1459051,1459385,1465931,1466031,6.546000,6.880000
100,10087,10087,6767943,1472051,1472377,1498396,1498496,26.019000,26.345000
100,4269,4269,50ad940,1530051,1530377,1539594,1539694,9.217000,9.543000
100,6496,6496,5960942,1533403,1533737,1557833,1557933,24.096000,24.430000
100,10984,10984,6ae8941,1709051,1709377,1741814,1741914,32.437000,32.763000
100,10991,10991,6aef942,1757713,1758039,1764581,1764681,6.542000,6.868000
100,8587,8587,618b942,1806051,1806385,1816399,1816499,10.014000,10.348000
100,8978,8978,6312942,1807051,1807385,1820974,1821074,13.589000,13.923000
100,9939,9939,66d3940,1862051,1862385,1872373,1872473,9.988000,10.322000
100,9079,9079,6377942,1884051,1884385,1897026,1897126,12.641000,12.975000
100,10065,10065,6751940,1929051,1929385,1941212,1941312,11.827000,12.161000
100,10244,10244,6804943,2143051,2143377,2156033,2156133,12.656000,12.982000
100,10648,10648,6998942,2246051,2246385,2259141,2259241,12.756000,13.090000
101,297,297,4129940,37051,37385,49016,49116,11.631000,11.965000
101,1825,1825,4721940,58051,58385,95925,96025,37.540000,37.874000
101,1707,1707,46ab941,121051,121385,127843,127943,6.458000,6.792000
101,1203,1203,44b3941,154051,154385,161726,161826,7.341000,7.675000
101,506,506,41fa943,175051,175377,198508,198608,23.131000,23.457000
101,1064,1064,4428941,147051,147385,215429,215529,68.044000,68.378000
101,1675,1675,468b941,165051,165377,226460,226560,61.083000,61.409000
101,1365,1365,4555941,220051,220377,230609,230709,10.232000,10.558000
101,529,529,4211942,225051,225385,249765,249865,24.380000,24.714000
101,383,383,417f943,260051,260376,271731,271831,11.355000,11.680000
101,2721,2721,4aa1942,215051,215385,277092,277192,61.707000,62.041000
101,1088,1088,4440941,271051,271385,286204,286304,14.819000,15.153000
101,1827,1827,4723942,329946,330272,359893,359993,29.621000,29.947000
101,1917,1917,477d940,349051,349385,370158,370258,20.773000,21.107000
101,730,730,42da940,395051,395377,407813,407913,12.436000,12.762000
101,2754,2754,4ac2941,393051,393385,421199,421299,27.814000,28.148000
101,965,965,43c5940,427051,427377,432089,432189,4.712000,5.038000
101,1387,1387,456b942,440051,440385,454562,454662,14.177000,14.511000
101,2193,2193,4891941,435051,435377,458729,458829,23.352000,23.678000
101,4886,4886,5316943,448051,448385,464089,464189,15.704000,16.038000
101,2916,2916,4b64941,498051,498377,513602,513702,15.225000,15.551000
101,4217,4217,5079940,489051,489385,519102,519202,29.717000,30.051000
101,3117,3117,4c2d940,551051,551377,582617,582717,31.240000,31.566000
101,3142,3142,4c46940,674008,674334,696149,696249,21.815000,22.141000
101,7144,7144,5be8942,907051,907377,915642,915742,8.265000,8.591000
101,8452,8452,6104941,965051,965385,1006726,1006826,41.341000,41.675000
101,7584,7584,5da0943,964051,964377,1061065,1061165,96.688000,97.014000
101,9599,9599,657f943,1102051,1102385,1121353,1121453,18.968000,19.302000
101,7111,7111,5bc7940,1125051,1125385,1143100,1143200,17.715000,18.049000
101,4330,4330,50ea943,1161051,1161377,1184089,1184189,22.712000,23.038000
101,4908,4908,532c943,1197395,1197721,1217145,1217245,19.424000,19.750000
101,10946,10946,6ac2942,1197051,1197385,1221562,1221662,24.177000,24.511000
101,6063,6063,57af941,1317051,1317385,1329201,1329301,11.816000,12.150000
101,6969,6969,5b39942,1334051,1334377,1343468,1343568,9.091000,9.417000
101,6028,6028,578c941,1352395,1352729,1397657,1397757,44.928000,45.262000
101,9054,9054,635e941,1432051,1432385,1448929,1449029,16.544000,16.878000
101,7331,7331,5ca3940,1435438,1435764,1455256,1455356,19.492000,19.818000
101,8020,8020,5f54942,1498051,1498385,1507544,1507644,9.159000,9.493000
101,9766,9766,6626940,1514051,1514385,1519122,1519222,4.737000,5.071000
101,10813,10813,6a3d942,1540004,1540338,1585070,1585170,44.732000,45.066000
101,10435,10435,68c3941,1586051,1586377,1598060,1598160,11.683000,12.009000
101,8927,8927,62df940,1672051,1672377,1687830,1687930,15.453000,15.779000
101,9039,9039,634f940,1777051,1777377,1798572,1798672,21.195000,21.521000
101,7783,7783,5e67941,1921051,1921377,1926927,1927027,5.550000,5.876000
101,10572,10572,694c943,1981438,1981764,1996294,1996394,14.530000,14.856000
101,9017,9017,6339941,2002051,2002385,2010695,2010795,8.310000,8.644000
101,8155,8155,5fdb942,2050051,2050377,2063830,2063930,13.453000,13.779000
101,10378,10378,688a942,2048051,2048385,2068050,2068150,19.665000,19.999000
101,10395,10395,689b940,2075051,2075385,2085506,2085606,10.121000,10.455000
102,445,445,41bd942,27051,27385,46340,46440,18.955000,19.289000
102,443,443,41bb942,116051,116385,159732,159832,43.347000,43.681000
102,1538,1538,4602941,206051,206385,226797,226897,20.412000,20.746000
102,1233,1233,44d1942,214051,214385,243107,243207,28.722000,29.056000
102,1465,1465,45b9940,268051,268377,283933,284033,15.556000,15.882000
102,2522,2522,49da942,335051,335377,346357,346457,10.980000,11.306000
102,2164,2164,4874940,414051,414385,425485,425585,11.100000,11.434000
102,5732,5732,5664942,469051,469377,474108,474208,4.731000,5.057000
102,4220,4220,507c943,551051,551385,563916,564016,12.531000,12.865000
102,2805,2805,4af5940,626051,626385,633797,633897,7.412000,7.746000
102,4615,4615,5207941,668051,668385,684608,684708,16.223000,16.557000
102,2989,2989,4bad941,678051,678377,724901,725001,46.524000,46.850000
102,4091,4091,4ffb940,673051,673385,731706,731806,58.321000,58.655000
102,7311,7311,5c8f941,710051,710385,748265,748365,37.880000,38.214000
102,5524,5524,5594942,721402,721736,774640,774740,52.904000,53.238000
102,3961,3961,4f79940,718402,718736,791091,791191,72.355000,72.689000
102,4797,4797,52bd941,824051,824385,838244,838344,13.859000,14.193000
102,3488,3488,4da0943,831051,831385,863959,864059,32.574000,32.908000
102,5448,5448,5548940,896310,896644,912303,912403,15.659000,15.993000
102,3354,3354,4d1a943,910051,910385,925256,925356,14.871000,15.205000
102,4386,4386,5122943,895418,895752,945912,946012,50.160000,50.494000
102,7734,7734,5e36943,982051,982385,1082045,1082145,99.660000,99.994000
102,9061,9061,6365943,1073650,1073984,1101048,1101148,27.064000,27.398000
102,4515,4515,51a3940,1101051,1101377,1112278,1112378,10.901000,11.227000
102,10110,10110,677e942,1214051,1214385,1219049,1219149,4.664000,4.998000
102,7692,7692,5e0c943,1234745,1235079,1266075,1266175,30.996000,31.330000
102,9125,9125,63a5942,1269051,1269385,1285488,1285588,16.103000,16.437000
102,9447,9447,64e7942,1263051,1263377,1307140,1307240,43.763000,44.089000
102,9701,9701,65e5942,1293051,1293385,1313346,1313446,19.961000,20.295000
102,9132,9132,63ac943,1326051,1326385,1344727,1344827,18.342000,18.676000
102,7417,7417,5cf9940,1421051,1421377,1430811,1430911,9.434000,9.760000
102,8410,8410,60da943,1524051,1524377,1529974,1530074,5.597000,5.923000
102,9133,9133,63ad942,1564051,1564385,1598905,1599005,34.520000,34.854000
102,7888,7888,5ed0942,1584051,1584377,1609718,1609818,25.341000,25.667000
102,8293,8293,6065943,1600051,1600377,1615186,1615286,14.809000,15.135000
102,8756,8756,6234941,1712051,1712377,1726582,1726682,14.205000,14.531000
102,9988,9988,6704942,2019051,2019385,2032001,2032101,12.616000,12.950000
102,9919,9919,66bf940,2734051,2734385,2745284,2745384,10.899000,11.233000
103,135,135,4087942,99051,99377,126670,126770,27.293000,27.619000
103,2542,2542,49ee941,280051,280385,295093,295193,14.708000,15.042000
103,1306,1306,451a941,309051,309377,320082,320182,10.705000,11.031000
103,3279,3279,4ccf941,310731,311065,332183,332283,21.118000,21.452000
103,2168,2168,4878940,337051,337385,346246,346346,8.861000,9.195000
103,3129,3129,4c39942,335051,335385,351577,351677,16.192000,16.526000
103,1276,1276,44fc940,356051,356377,362877,362977,6.500000,6.826000
103,2581,2581,4a15940,405051,405377,434813,434913,29.436000,29.762000
103,1956,1956,47a4941,399051,399377,438980,439080,39.603000,39.929000
103,1303,1303,4517940,416051,416377,444341,444441,27.964000,28.290000
103,1611,1611,464b942,435051,435377,448557,448657,13.180000,13.506000
103,2339,2339,4923940,411051,411377,470020,470120,58.643000,58.969000
103,2777,2777,4ad9941,482051,482377,503545,503645,21.168000,21.494000
103,1940,1940,4794943,527051,527385,550344,550444,22.959000,23.293000
103,2841,2841,4b19941,572051,572385,588923,589023,16.538000,16.872000
103,3787,3787,4ecb941,580436,580762,595731,595831,14.969000,15.295000
103,4224,4224,5080943,615051,615385,637665,637765,22.280000,22.614000
103,3023,3023,4bcf941,644780,645106,669132,669232,24.026000,24.352000
103,5067,5067,53cb940,669051,669377,683807,683907,14.430000,14.756000
103,6695,6695,5a27943,843051,843377,939023,939123,95.646000,95.972000
103,2617,2617,4a39943,971051,971385,976972,977072,5.587000,5.921000
103,6995,6995,5b53940,975051,975377,982848,982948,7.471000,7.797000
103,6472,6472,5948942,987051,987385,1004274,1004374,16.889000,17.223000
103,6451,6451,5933941,1035395,1035721,1063772,1063872,28.051000,28.377000
103,9525,9525,6535943,1083051,1083385,1125531,1125631,42.146000,42.480000
103,6999,6999,5b57940,1159051,1159377,1177227,1177327,17.850000,18.176000
103,8439,8439,60f7943,1198051,1198385,1215399,1215499,17.014000,17.348000
103,7333,7333,5ca5940,1482051,1482385,1497211,1497311,14.826000,15.160000
103,8717,8717,620d941,1485051,1485377,1506658,1506758,21.281000,21.607000
103,7415,7415,5cf7941,1486578,1486904,1513592,1513692,26.688000,27.014000
103,10113,10113,6781943,1539836,1540162,1561788,1561888,21.626000,21.952000
103,10724,10724,69e4941,1675051,1675377,1688344,1688444,12.967000,13.293000
103,10094,10094,676e940,2028051,2028385,2043710,2043810,15.325000,15.659000
103,10393,10393,6899942,2053051,2053385,2065419,2065519,12.034000,12.368000
103,9346,9346,6482940,2242051,2242377,2253242,2253342,10.865000,11.191000
103,10775,10775,6a17942,2250051,2250377,2260455,2260555,10.078000,10.404000
103,9798,9798,6646940,2475051,2475385,2480145,2480245,4.760000,5.094000
104,59,59,403b941,55051,55385,65505,65605,10.120000,10.454000
104,1931,1931,478b942,74051,74385,92990,93090,18.605000,18.939000
104,1036,1036,440c940,157051,157385,165667,165767,8.282000,8.616000
104,1196,1196,44ac942,206051,206385,246290,246390,39.905000,40.239000
104,2031,2031,47ef943,236051,236377,251841,251941,15.464000,15.790000
104,950,950,43b6942,255051,255377,264569,264669,9.192000,9.518000
104,1336,1336,4538942,268051,268385,286472,286572,18.087000,18.421000
104,3531,3531,4dcb941,328051,328377,341520,341620,13.143000,13.469000
104,2335,2335,491f941,332051,332377,349655,349755,17.278000,17.604000
104,3917,3917,4f4d941,513050,513377,524448,524548,11.071000,11.398000
104,5931,5931,572b942,636051,636377,655013,655113,18.636000,18.962000
104,2774,2774,4ad6942,630051,630385,659185,659285,28.800000,29.134000
104,4010,4010,4faa943,631051,631385,664526,664626,33.141000,33.475000
104,2956,2956,4b8c941,700051,700377,715729,715829,15.352000,15.678000
104,4219,4219,507b943,715431,715757,728371,728471,12.614000,12.940000
104,3927,3927,4f57940,756051,756377,775870,775970,19.493000,19.819000
104,6745,6745,5a59941,885144,885478,919723,919823,34.245000,34.579000
104,6232,6232,5858943,916051,916377,943208,943308,26.831000,27.157000
104,5501,5501,557d941,956051,956377,965488,965588,9.111000,9.437000
104,6107,6107,57db940,944051,944385,982059,982159,37.674000,38.008000
104,6518,6518,5976942,881237,881571,1010351,1010451,128.780000,129.114000
104,3337,3337,4d09942,1021051,1021377,1036894,1036993,15.517000,15.843000
104,8241,8241,6031940,1035860,1036195,1069286,1069386,33.091000,33.426000
104,5651,5651,5613942,1086425,1086759,1102229,1102329,15.470000,15.804000
104,8271,8271,604f942,1043051,1043385,1139427,1139527,96.042000,96.376000
104,6683,6683,5a1b943,1330051,1330377,1339109,1339209,8.732000,9.058000
104,8363,8363,60ab941,1328051,1328377,1344591,1344691,16.214000,16.540000
104,5458,5458,5552941,1333051,1333385,1361402,1361502,28.017000,28.351000
104,8207,8207,600f942,1371418,1371752,1405561,1405661,33.809000,34.143000
104,8437,8437,60f5942,1432051,1432377,1441588,1441688,9.211000,9.537000
104,6831,6831,5aaf941,1428051,1428385,1448388,1448488,20.003000,20.337000
104,8121,8121,5fb9941,1436051,1436385,1452578,1452678,16.193000,16.527000
104,7847,7847,5ea7942,1449411,1449737,1490167,1490267,40.430000,40.756000
104,8737,8737,6221942,1477425,1477759,1498302,1498402,20.543000,20.877000
104,8095,8095,5f9f941,1489424,1489750,1512273,1512373,22.523000,22.849000
104,10329,10329,6859943,1520051,1520385,1529696,1529796,9.311000,9.645000
104,8368,8368,60b0943,1571051,1571377,1584066,1584166,12.689000,13.015000
104,10328,10328,6858942,1591051,1591377,1618275,1618375,26.898000,27.224000
104,10241,10241,6801941,1799051,1799377,1819920,1820020,20.543000,20.869000
104,9565,9565,655d941,1838051,1838377,1850948,1851048,12.571000,12.897000
104,10693,10693,69c5941,1978051,1978385,1996295,1996395,17.910000,18.244000
104,9630,9630,659e943,2002051,2002377,2018535,2018635,16.158000,16.484000
104,9668,9668,65c4940,2053051,2053385,2067874,2067974,14.489000,14.823000
105,200,200,40c8941,51051,51385,64094,64194,12.709000,13.043000
105,845,845,434d940,53051,53385,72079,72179,18.694000,19.028000
105,414,414,419e941,65051,65377,77562,77662,12.185000,12.511000
105,983,983,43d7941,95402,95736,117429,117529,21.693000,22.027000
105,2750,2750,4abe941,298395,298721,317663,317763,18.942000,19.268000
105,483,483,41e3940,365051,365377,385133,385233,19.756000,20.082000
105,2311,2311,4907943,369439,369773,401625,401725,31.852000,32.186000
105,5124,5124,5404940,482051,482377,502495,502595,20.118000,20.444000
105,2696,2696,4a88943,485051,485377,506668,506768,21.291000,21.617000
105,1986,1986,47c2941,481051,481377,511991,512091,30.614000,30.940000
105,2540,2540,49ec940,516050,516377,539270,539370,22.893000,23.220000
105,2763,2763,4acb943,531332,531658,552392,552492,20.734000,21.060000
105,3878,3878,4f26940,582999,583325,597942,598042,14.617000,14.943000
105,4922,4922,533a942,599051,599385,615464,615564,16.079000,16.413000
105,5425,5425,5531942,663051,663385,692743,692843,29.358000,29.692000
105,5052,5052,53bc941,646051,646377,726970,727070,80.593000,80.919000
105,4571,4571,51db942,718051,718377,736382,736482,18.005000,18.331000
105,6731,6731,5a4b943,686290,686624,743501,743601,56.877000,57.211000
105,4253,4253,509d941,766051,766385,787512,787612,21.127000,21.461000
105,3933,3933,4f5d941,770051,770377,791680,791780,21.303000,21.629000
105,9354,9354,648a943,791051,791385,802586,802686,11.201000,11.535000
105,4563,4563,51d3942,802051,802385,849770,849870,47.385000,47.719000
105,6272,6272,5880940,947051,947385,967586,967686,20.201000,20.535000
105,6023,6023,5787941,995121,995447,1008621,1008721,13.174000,13.500000
105,6504,6504,5968941,1080051,1080377,1120078,1120178,39.701000,40.027000
105,5108,5108,53f4943,1115051,1115377,1141735,1141835,26.358000,26.684000
105,4801,4801,52c1943,1145051,1145385,1163732,1163832,18.347000,18.681000
105,7994,7994,5f3a942,1176051,1176385,1195043,1195143,18.658000,18.992000
105,7635,7635,5dd3940,1145051,1145385,1217726,1217826,72.341000,72.675000
105,6705,6705,5a31942,1306051,1306385,1317388,1317488,11.003000,11.337000
105,9968,9968,66f0941,1313051,1313377,1321620,1321720,8.243000,8.569000
105,8195,8195,6003942,1312051,1312377,1325840,1325940,13.463000,13.789000
105,7618,7618,5dc2940,1347051,1347385,1366637,1366737,19.252000,19.586000
105,8331,8331,608b940,1351051,1351385,1375811,1375911,24.426000,24.760000
105,10298,10298,683a941,1387796,1388130,1400550,1400650,12.420000,12.754000
105,10291,10291,6833943,1495051,1495385,1500959,1501059,5.574000,5.908000
105,8502,8502,6136940,1718051,1718385,1732868,1732968,14.483000,14.817000
105,8002,8002,5f42940,2385051,2385377,2398924,2399024,13.547000,13.873000
106,738,738,42e2942,55051,55377,64106,64207,8.729000,9.055000
106,3770,3770,4eba943,78051,78377,88016,88116,9.639000,9.965000
106,704,704,42c0943,242051,242377,249725,249825,7.348000,7.674000
106,1103,1103,444f943,243051,243377,253980,254080,10.603000,10.929000
106,1410,1410,4582942,344436,344762,353044,353144,8.282000,8.608000
106,1075,1075,4433943,328051,328385,380400,380500,52.015000,52.349000
106,1399,1399,4577940,361051,361385,402295,402395,40.910000,41.244000
106,2516,2516,49d4940,411051,411385,428175,428275,16.790000,17.124000
106,1997,1997,47cd940,388416,388750,433546,433646,44.796000,45.130000
106,2283,2283,48eb940,428051,428385,440507,440607,12.122000,12.456000
106,5112,5112,53f8942,450051,450377,474359,474459,23.982000,24.308000
106,4039,4039,4fc7942,411051,411385,482681,482781,71.296000,71.630000
106,2741,2741,4ab5940,445051,445385,517084,517184,71.699000,72.033000
106,3257,3257,4cb9940,492051,492385,541938,542038,49.553000,49.887000
106,3173,3173,4c65940,527051,527377,546137,546237,18.760000,19.086000
106,4100,4100,5004942,538051,538385,550318,550418,11.933000,12.267000
106,3212,3212,4c8c940,547051,547385,583166,583266,35.781000,36.115000
106,6950,6950,5b26940,618051,618377,624846,624946,6.469000,6.795000
106,5232,5232,5470943,623453,623779,633894,633994,10.115000,10.441000
106,2010,2010,47da940,639051,639385,644964,645064,5.579000,5.913000
106,2030,2030,47ee942,626051,626385,650467,650567,24.082000,24.416000
106,3475,3475,4d93942,644409,644735,684134,684234,39.399000,39.725000
106,3581,3581,4dfd943,764051,764385,779312,779412,14.927000,15.261000
106,4833,4833,52e1943,773517,773851,793957,794057,20.106000,20.440000
106,6407,6407,5907941,776416,776742,819061,819161,42.319000,42.645000
106,7958,7958,5f16940,907051,907377,960277,960377,52.900000,53.226000
106,3639,3639,4e37942,943051,943385,967356,967456,23.971000,24.305000
106,7243,7243,5c4b942,967051,967385,977011,977111,9.626000,9.960000
106,3327,3327,4cff940,970051,970377,987905,988005,17.528000,17.854000
106,3894,3894,4f36943,988051,988377,1002467,1002567,14.090000,14.416000
106,7430,7430,5d06943,944051,944385,1014725,1014825,70.340000,70.674000
106,6264,6264,5878942,1037051,1037385,1053470,1053570,16.085000,16.419000
106,4265,4265,50a9940,1146051,1146385,1157401,1157501,11.016000,11.350000
106,10542,10542,692e942,1224051,1224377,1241486,1241586,17.109000,17.435000
106,5088,5088,53e0941,1170300,1170634,1252321,1252421,81.687000,82.021000
106,4701,4701,525d943,1204970,1205304,1274356,1274456,69.052000,69.386000
106,5414,5414,5526943,1253051,1253385,1324483,1324583,71.098000,71.432000
106,10653,10653,699d941,1355051,1355385,1395828,1395928,40.443000,40.777000
106,7628,7628,5dcc941,1402051,1402377,1408875,1408975,6.498000,6.824000
106,5263,5263,548f943,1366051,1366377,1418210,1418310,51.833000,52.159000
106,9598,9598,657e942,1406783,1407109,1461279,1461379,54.170000,54.496000
106,9908,9908,66b4942,1474051,1474385,1502029,1502129,27.644000,27.978000
106,7725,7725,5e2d942,1523051,1523377,1539449,1539549,16.072000,16.398000
106,10373,10373,6885942,1520051,1520377,1545632,1545732,25.255000,25.581000
106,10920,10920,6aa8940,1598438,1598764,1618056,1618156,19.292000,19.618000
106,10586,10586,695a942,1760051,1760377,1771381,1771481,11.004000,11.330000
106,9428,9428,64d4941,1770051,1770377,1784743,1784843,14.366000,14.692000
106,10155,10155,67ab940,1870416,1870742,1880870,1880970,10.128000,10.454000
106,10146,10146,67a2941,2039051,2039377,2053796,2053897,14.419000,14.745000
106,10240,10240,6800941,2083834,2084168,2099445,2099545,15.277000,15.611000
106,9081,9081,6379941,2195051,2195377,2207130,2207230,11.753000,12.079000
106,10502,10502,6906941,2248051,2248377,2261900,2262000,13.523000,13.849000
106,10012,10012,671c943,2418051,2418385,2430247,2430347,11.862000,12.196000
107,272,272,4110943,52416,52742,96558,96658,43.816000,44.142000
107,952,952,43b8942,82051,82385,107470,107570,25.085000,25.419000
107,727,727,42d7943,149431,149757,169461,169561,19.704000,20.030000
107,2197,2197,4895942,253051,253385,263600,263700,10.215000,10.549000
107,1753,1753,46d9941,250051,250385,267799,267899,17.414000,17.748000
107,3270,3270,4cc6942,239416,239750,271977,272077,32.227000,32.561000
107,3578,3578,4dfa940,272051,272385,294645,294745,22.260000,22.594000
107,2289,2289,48f1942,291051,291377,342251,342351,50.874000,51.200000
107,3006,3006,4bbe942,324630,324964,365171,365271,40.207000,40.541000
107,1228,1228,44cc941,374675,375009,417815,417915,42.806000,43.140000
107,1908,1908,4774942,433051,433385,442520,442620,9.135000,9.469000
107,2472,2472,49a8940,487051,487377,508102,508202,20.725000,21.051000
107,3600,3600,4e10941,487051,487377,513588,513688,26.211000,26.537000
107,2134,2134,4856943,525918,526252,531923,532023,5.671000,6.005000
107,2864,2864,4b30943,522050,522377,548285,548385,25.908000,26.235000
107,2053,2053,4805940,441416,441742,570300,570400,128.558000,128.884000
107,4004,4004,4fa4940,622051,622377,635859,635959,13.482000,13.808000
107,4093,4093,4ffd943,644051,644385,657096,657196,12.711000,13.045000
107,5556,5556,55b4940,659051,659377,670209,670309,10.832000,11.158000
107,3528,3528,4dc8940,660051,660385,680837,680937,20.452000,20.786000
107,4783,4783,52af941,674051,674377,708200,708300,33.823000,34.149000
107,2791,2791,4ae7940,698051,698385,714312,714412,15.927000,16.261000
107,5054,5054,53be942,689787,690113,761567,761667,71.454000,71.780000
107,9707,9707,65eb942,760402,760736,777675,777775,16.939000,17.273000
107,5746,5746,5672943,782051,782385,796741,796841,14.356000,14.690000
107,7120,7120,5bd0942,780296,780622,808059,808159,27.437000,27.763000
107,6607,6607,59cf942,944051,944385,1013954,1014054,69.569000,69.903000
107,6652,6652,59fc943,1022051,1022385,1032634,1032734,10.249000,10.583000
107,6741,6741,5a55941,1045051,1045377,1054661,1054761,9.284000,9.610000
107,4543,4543,51bf941,1066051,1066385,1077210,1077310,10.825000,11.159000
107,5356,5356,54ec941,1136051,1136385,1150740,1150840,14.355000,14.689000
107,6558,6558,599e941,1127051,1127377,1154989,1155089,27.612000,27.938000
107,9180,9180,63dc942,1138051,1138385,1172621,1172721,34.236000,34.570000
107,4274,4274,50b2940,1183051,1183385,1203556,1203656,20.171000,20.505000
107,8110,8110,5fae941,1270051,1270377,1278658,1278758,8.281000,8.607000
107,5737,5737,5669942,1287051,1287385,1293984,1294084,6.599000,6.933000
107,7758,7758,5e4e942,1391051,1391377,1410160,1410260,18.783000,19.109000
107,7705,7705,5e19942,1412671,1413005,1427537,1427637,14.532000,14.866000
107,10169,10169,67b9941,1427453,1427779,1441590,1441690,13.811000,14.137000
107,7868,7868,5ebc942,1546051,1546385,1560616,1560716,14.231000,14.565000
107,8105,8105,5fa9941,1591051,1591385,1607911,1608011,16.526000,16.860000
107,6233,6233,5859943,1646051,1646385,1668000,1668100,21.615000,21.949000
107,8977,8977,6311940,1678051,1678377,1702281,1702381,23.904000,24.230000
107,6655,6655,59ff943,1751051,1751385,1770979,1771079,19.594000,19.928000
107,7803,7803,5e7b941,1849051,1849385,1861246,1861346,11.861000,12.195000
107,9583,9583,656f940,1882051,1882377,1901987,1902087,19.610000,19.936000
107,10996,10996,6af4942,1898051,1898377,1908382,1908482,10.005000,10.331000
107,10732,10732,69ec941,1982051,1982385,1994977,1995077,12.592000,12.926000
107,10361,10361,6879942,2120620,2120954,2133137,2133237,12.183000,12.517000
107,10662,10662,69a6941,2126051,2126385,2138570,2138670,12.185000,12.519000
107,10429,10429,68bd940,2539409,2539743,2549438,2549538,9.695000,10.029000
108,206,206,40ce941,41051,41385,54899,54999,13.514000,13.848000
108,124,124,407c941,62051,62385,82631,82731,20.246000,20.580000
108,79,79,404f943,62051,62385,88089,88189,25.704000,26.038000
108,2093,2093,482d941,118783,119109,142580,142680,23.471000,23.797000
108,797,797,431d940,161661,161995,169789,169889,7.794000,8.128000
108,525,525,420d941,170051,170385,181300,181400,10.915000,11.249000
108,316,316,413c940,170051,170385,189122,189222,18.737000,19.071000
108,2284,2284,48ec943,291336,291670,316659,316759,24.989000,25.323000
108,3481,3481,4d99942,400051,400377,432321,432421,31.944000,32.270000
108,621,621,426d940,413051,413385,465394,465494,52.009000,52.343000
108,1481,1481,45c9940,451051,451377,470918,471018,19.541000,19.867000
108,2582,2582,4a16940,475051,475377,481804,481904,6.427000,6.753000
108,2294,2294,48f6943,575051,575385,587071,587171,11.686000,12.020000
108,3677,3677,4e5d941,672051,672377,688286,688386,15.909000,16.235000
108,3753,3753,4ea9941,694439,694773,704788,704888,10.015000,10.349000
108,3640,3640,4e38941,699051,699377,715805,715905,16.428000,16.754000
108,4743,4743,5287942,702051,702385,719968,720068,17.583000,17.917000
108,5892,5892,5704943,753051,753377,785080,785180,31.703000,32.029000
108,6398,6398,58fe943,800051,800385,822937,823037,22.552000,22.886000
108,4852,4852,52f4942,834051,834377,841365,841465,6.988000,7.314000
108,4377,4377,5119942,841051,841377,870027,870127,28.650000,28.976000
108,4723,4723,5273941,884051,884385,893020,893120,8.635000,8.969000
108,5705,5705,5649942,877051,877377,898433,898533,21.056000,21.382000
108,5909,5909,5715940,862438,862764,902590,902690,39.826000,40.152000
108,7965,7965,5f1d943,912051,912377,919005,919105,6.628000,6.954000
108,5568,5568,55c0941,930003,930329,952202,952302,21.873000,22.199000
108,6952,6952,5b28942,901051,901385,958248,958348,56.863000,57.197000
108,8743,8743,6227943,1054486,1054812,1063345,1063445,8.533000,8.859000
108,8148,8148,5fd4943,1035051,1035377,1068838,1068938,33.461000,33.787000
108,6730,6730,5a4a941,1161051,1161377,1177485,1177585,16.108000,16.434000
108,8846,8846,628e941,1234051,1234385,1247983,1248083,13.598000,13.932000
108,7716,7716,5e24942,1239051,1239377,1262491,1262591,23.114000,23.440000
108,8989,8989,631d941,1303051,1303377,1314504,1314604,11.127000,11.453000
108,5934,5934,572e941,1278609,1278943,1319859,1319959,40.916000,41.250000
108,8571,8571,617b942,1288051,1288385,1334005,1334105,45.620000,45.954000
108,6905,6905,5af9941,1342051,1342377,1357528,1357628,15.151000,15.477000
108,8156,8156,5fdc941,1353051,1353377,1362911,1363011,9.534000,9.860000
108,6677,6677,5a15941,1364895,1365229,1379071,1379171,13.842000,14.176000
108,9110,9110,6396941,1489051,1489377,1506293,1506393,16.916000,17.242000
108,7657,7657,5de9941,1531051,1531385,1559904,1560004,28.519000,28.853000
108,10191,10191,67cf941,1538051,1538377,1565367,1565467,26.990000,27.316000
108,8730,8730,621a943,1595051,1595385,1621160,1621260,25.775000,26.109000
108,6088,6088,57c8940,1632051,1632385,1669418,1669518,37.033000,37.367000
108,8249,8249,6039941,1672051,1672377,1692147,1692247,19.770000,20.096000
108,6852,6852,5ac4941,1740051,1740385,1750403,1750503,10.018000,10.352000
108,9769,9769,6629943,2151051,2151377,2164847,2164947,13.470000,13.796000
109,6,6,4006940,29051,29385,62999,63099,33.614000,33.948000
109,493,493,41ed941,45051,45385,68378,68478,22.993000,23.327000
109,77,77,404d940,74051,74385,88557,88657,14.172000,14.506000
109,100,100,4064941,110051,110385,125904,126004,15.519000,15.853000
109,490,490,41ea940,129051,129384,154622,154722,25.238000,25.571000
109,2394,2394,495a942,151051,151385,171029,171129,19.644000,19.978000
109,607,607,425f943,147051,147377,176517,176617,29.140000,29.466000
109,3428,3428,4d64943,268051,268377,280521,280621,12.144000,12.470000
109,2994,2994,4bb2943,400051,400377,411244,411344,10.867000,11.193000
109,1798,1798,4706940,387051,387385,415472,415572,28.087000,28.421000
109,4959,4959,535f942,454051,454377,466422,466522,12.045000,12.371000
109,2480,2480,49b0941,468051,468385,493744,493844,25.359000,25.693000
109,3800,3800,4ed8941,509051,509385,537544,537644,28.159000,28.493000
109,6253,6253,586d942,528051,528385,566173,566273,37.788000,38.122000
109,5095,5095,53e7940,554051,554377,581023,581123,26.646000,26.972000
109,3492,3492,4da4941,538051,538385,585191,585291,46.806000,47.140000
109,5648,5648,5610942,541155,541481,592022,592122,50.541000,50.867000
109,2410,2410,496a942,596051,596377,607117,607217,10.740000,11.066000
109,8666,8666,61da942,594075,594409,624874,624974,30.465000,30.799000
109,5187,5187,5443940,711051,711385,732449,732549,21.064000,21.398000
109,3436,3436,4d6c943,768316,768642,787138,787238,18.496000,18.822000
109,4569,4569,51d9942,784051,784385,808840,808940,24.455000,24.789000
109,6889,6889,5ae9943,818051,818377,830784,830884,12.407000,12.733000
109,7703,7703,5e17943,862051,862385,877771,877871,15.386000,15.720000
109,6227,6227,5853943,925051,925377,938891,938991,13.514000,13.840000
109,3877,3877,4f25942,850847,851181,943119,943219,91.938000,92.272000
109,8831,8831,627f942,1025051,1025385,1045412,1045512,20.027000,20.361000
109,5452,5452,554c943,1004266,1004592,1070849,1070949,66.257000,66.583000
109,7353,7353,5cb9942,1042051,1042377,1080392,1080492,38.015000,38.341000
109,5047,5047,53b7941,1129294,1129620,1136082,1136182,6.462000,6.788000
109,5902,5902,570e941,1137051,1137377,1146513,1146613,9.136000,9.462000
109,9306,9306,645a940,1157051,1157377,1174412,1174512,17.035000,17.361000
109,8238,8238,602e941,1343051,1343377,1375331,1375431,31.954000,32.280000
109,7205,7205,5c25942,1442051,1442385,1472532,1472632,30.147000,30.481000
109,9236,9236,6414941,1582051,1582385,1610486,1610586,28.101000,28.435000
109,6917,6917,5b05941,1711051,1711377,1730265,1730365,18.888000,19.214000
109,9163,9163,63cb940,1725051,1725377,1763391,1763491,38.014000,38.340000
109,9852,9852,667c942,1779051,1779377,1791121,1791221,11.744000,12.070000
109,10558,10558,693e943,1882051,1882377,1899386,1899486,17.009000,17.335000
109,8915,8915,62d3943,1886051,1886377,1906801,1906901,20.424000,20.750000
109,9615,9615,658f942,1895051,1895385,1923207,1923307,27.822000,28.156000
109,9372,9372,649c940,1914051,1914385,1927979,1928079,13.594000,13.928000
109,8856,8856,6298941,2101418,2101752,2116037,2116137,14.285000,14.619000
109,10781,10781,6a1d942,2278051,2278385,2288409,2288509,10.024000,10.358000
109,8675,8675,61e3940,2372051,2372377,2380560,2380660,8.183000,8.509000
110,782,782,430e943,68051,68385,81892,81992,13.507000,13.841000
110,962,962,43c2942,71051,71377,90400,90500,19.023000,19.349000
110,1098,1098,444a941,225485,225819,237507,237607,11.688000,12.022000
110,2075,2075,481b941,274324,274658,303270,303370,28.612000,28.946000
110,837,837,4345941,275051,275377,314279,314379,38.902000,39.228000
110,2125,2125,484d940,302051,302385,332301,332401,29.916000,30.250000
110,2114,2114,4842942,544051,544377,561780,561880,17.403000,17.729000
110,4143,4143,502f941,629051,629385,634961,635061,5.576000,5.910000
110,4297,4297,50c9942,687051,687377,698635,698735,11.258000,11.584000
110,3244,3244,4cac941,699416,699750,723790,723890,24.040000,24.374000
110,1781,1781,46f5941,728051,728377,801248,801348,72.871000,73.197000
110,3254,3254,4cb6940,802051,802377,820700,820800,18.323000,18.649000
110,5254,5254,5486941,836807,837141,856062,856162,18.921000,19.255000
110,5727,5727,565f940,834051,834385,870080,870180,35.695000,36.029000
110,5587,5587,55d3940,863051,863385,884103,884203,20.718000,21.052000
110,5579,5579,55cb943,856051,856377,888275,888375,31.898000,32.224000
110,5359,5359,54ef940,829051,829377,912807,912907,83.430000,83.756000
110,3742,3742,4e9e941,894051,894377,925990,926090,31.613000,31.939000
110,7358,7358,5cbe943,931051,931385,950263,950363,18.878000,19.212000
110,2818,2818,4b02941,926051,926377,962001,962101,35.624000,35.950000
110,6973,6973,5b3d942,974051,974377,994952,995052,20.575000,20.901000
110,6932,6932,5b14941,1042051,1042385,1070362,1070462,27.977000,28.311000
110,7248,7248,5c50942,1017051,1017377,1074556,1074656,57.179000,57.505000
110,3401,3401,4d49943,1041051,1041385,1078727,1078827,37.342000,37.676000
110,10116,10116,6784943,1067051,1067377,1094191,1094291,26.814000,27.140000
110,7819,7819,5e8b943,1155051,1155377,1171764,1171864,16.387000,16.713000
110,6377,6377,58e9941,1162051,1162377,1183915,1184015,21.538000,21.864000
110,8404,8404,60d4943,1175051,1175377,1188173,1188273,12.796000,13.122000
110,6807,6807,5a97941,1168051,1168377,1199207,1199307,30.830000,31.156000
110,7078,7078,5ba6942,1225051,1225377,1235319,1235419,9.942000,10.268000
110,8122,8122,5fba940,1274051,1274377,1343624,1343724,69.247000,69.573000
110,9679,9679,65cf941,1382431,1382757,1390943,1391043,8.186000,8.512000
110,9016,9016,6338941,1396051,1396377,1405516,1405616,9.139000,9.465000
110,6941,6941,5b1d941,1401908,1402242,1421113,1421213,18.871000,19.205000
110,7833,7833,5e99943,1431051,1431385,1442249,1442349,10.864000,11.198000
110,5754,5754,567a943,1439051,1439385,1464953,1465053,25.568000,25.902000
110,8860,8860,629c940,1666051,1666385,1694224,1694324,27.839000,28.173000
110,7765,7765,5e55941,1697051,1697385,1719262,1719362,21.877000,22.211000
110,8933,8933,62e5942,1863439,1863773,1876391,1876491,12.618000,12.952000
110,9578,9578,656a942,2040051,2040385,2053013,2053113,12.628000,12.962000
110,8845,8845,628d940,2146051,2146385,2164872,2164972,18.487000,18.821000
110,9041,9041,6351940,2418416,2418742,2442795,2442895,24.053000,24.379000
111,1568,1568,4620942,69410,69736,96754,96854,27.018000,27.344000
111,1512,1512,45e8941,140416,140750,184482,184582,43.732000,44.066000
111,353,353,4161942,196051,196377,202865,202965,6.488000,6.814000
111,2578,2578,4a12943,243051,243385,261121,261221,17.736000,18.070000
111,2260,2260,48d4942,242051,242377,266690,266790,24.313000,24.639000
111,1030,1030,4406941,287051,287377,302688,302788,15.311000,15.637000
111,469,469,41d5942,302051,302377,324674,324774,22.297000,22.623000
111,1350,1350,4546943,350051,350385,362861,362961,12.476000,12.810000
111,1622,1622,4656940,363051,363377,385032,385132,21.655000,21.981000
111,1867,1867,474b942,377051,377385,390398,390498,13.013000,13.347000
111,1468,1468,45bc943,386051,386377,414637,414737,28.260000,28.586000
111,1508,1508,45e4941,411051,411385,430956,431056,19.571000,19.905000
111,4410,4410,513a941,533051,533377,549833,549933,16.456000,16.782000
111,5484,5484,556c943,585051,585377,593724,593824,8.347000,8.673000
111,2940,2940,4b7c942,576051,576377,623070,623170,46.693000,47.019000
111,3041,3041,4be1942,669051,669377,691286,691386,21.909000,22.235000
111,2962,2962,4b92941,650051,650377,697944,698044,47.567000,47.893000
111,7923,7923,5ef3943,826051,826377,871732,871832,45.355000,45.681000
111,6865,6865,5ad1942,889051,889377,914508,914608,25.131000,25.457000
111,6287,6287,588f943,962051,962385,975194,975294,12.809000,13.143000
111,4456,4456,5168940,955051,955377,988597,988697,33.220000,33.546000
111,6766,6766,5a6e942,1100051,1100377,1128097,1128197,27.720000,28.046000
111,10559,10559,693f941,1119051,1119377,1140671,1140771,21.294000,21.620000
111,6866,6866,5ad2940,1146051,1146377,1167912,1168012,21.535000,21.861000
111,6068,6068,57b4943,1348051,1348377,1378113,1378213,29.736000,30.062000
111,6304,6304,58a0940,1394051,1394385,1424094,1424194,29.709000,30.043000
111,7346,7346,5cb2941,1472051,1472385,1485843,1485943,13.458000,13.792000
111,9613,9613,658d943,1514903,1515237,1522664,1522764,7.427000,7.761000
111,9551,9551,654f943,1506051,1506385,1526831,1526931,20.446000,20.780000
111,9380,9380,64a4940,1587051,1587385,1602724,1602824,15.339000,15.673000
111,7526,7526,5d66940,1598446,1598780,1637093,1637193,38.313000,38.647000
111,9032,9032,6348942,1730051,1730377,1750887,1750987,20.510000,20.836000
111,8676,8676,61e4941,1742051,1742377,1756385,1756485,14.008000,14.334000
111,10269,10269,681d942,1784051,1784385,1793547,1793647,9.162000,9.496000
111,8842,8842,628a940,1859051,1859385,1882473,1882573,23.088000,23.422000
111,7824,7824,5e90943,1868051,1868377,1892588,1892688,24.211000,24.537000
111,10718,10718,69de943,2001051,2001385,2022041,2022141,20.656000,20.990000
111,10945,10945,6ac1940,2283051,2283377,2296786,2296886,13.409000,13.735000
112,428,428,41ac940,223051,223385,252316,252416,28.931000,29.265000
112,2558,2558,49fe941,260051,260385,303331,303431,42.946000,43.280000
112,1335,1335,4537940,346051,346385,361896,361996,15.511000,15.845000
112,2896,2896,4b50943,331051,331385,366124,366224,34.739000,35.073000
112,2517,2517,49d5942,367051,367377,376593,376693,9.216000,9.542000
112,2871,2871,4b37943,417051,417385,423863,423963,6.478000,6.812000
112,3358,3358,4d1e942,436051,436385,451630,451730,15.245000,15.579000
112,3398,3398,4d46942,448051,448385,485737,485837,37.352000,37.686000
112,2442,2442,498a942,465129,465463,495583,495683,30.120000,30.454000
112,3274,3274,4cca940,498051,498385,511900,512000,13.515000,13.849000
112,3941,3941,4f65941,593051,593385,602546,602646,9.161000,9.495000
112,3819,3819,4eeb942,636051,636385,656176,656276,19.791000,20.125000
112,1603,1603,4643940,666051,666377,677140,677240,10.763000,11.089000
112,5920,5920,5720943,669051,669377,704348,704448,34.971000,35.297000
112,8337,8337,6091943,759051,759377,800062,800162,40.685000,41.011000
112,4522,4522,51aa943,733453,733779,810004,810104,76.225000,76.551000
112,5584,5584,55d0941,802051,802385,821100,821200,18.715000,19.049000
112,5470,5470,555e941,914354,914688,925731,925831,11.043000,11.377000
112,5750,5750,5676941,972051,972385,993845,993945,21.460000,21.794000
112,6347,6347,58cb941,1010051,1010385,1024872,1024972,14.487000,14.821000
112,5362,5362,54f2940,879450,879776,1031833,1031933,152.057000,152.383000
112,9323,9323,646b942,1119051,1119377,1125005,1125105,5.628000,5.954000
112,6308,6308,58a4943,1090051,1090385,1132137,1132237,41.752000,42.086000
112,6868,6868,5ad4941,1077584,1077918,1143016,1143116,65.098000,65.432000
112,8938,8938,62ea940,1135776,1136110,1187877,1187977,51.767000,52.101000
112,7246,7246,5c4e940,1215051,1215385,1230639,1230739,15.254000,15.588000
112,5638,5638,5606941,1233572,1233898,1255881,1255981,21.983000,22.309000
112,8042,8042,5f6a942,1269051,1269385,1294012,1294112,24.627000,24.961000
112,6170,6170,581a943,1319051,1319385,1333500,1333600,14.115000,14.449000
112,7439,7439,5d0f942,1324051,1324377,1338302,1338402,13.925000,14.251000
112,6887,6887,5ae7940,1317051,1317377,1343808,1343908,26.431000,26.757000
112,6223,6223,584f941,1290331,1290665,1377968,1378068,87.303000,87.637000
112,9734,9734,6606942,1375418,1375752,1405017,1405117,29.265000,29.599000
112,5380,5380,5504941,1420395,1420721,1436113,1436213,15.392000,15.718000
112,6452,6452,5934943,1438051,1438385,1463044,1463144,24.659000,24.993000
112,10518,10518,6916942,1466051,1466385,1473751,1473851,7.366000,7.700000
112,8822,8822,6276943,1530051,1530385,1541255,1541355,10.870000,11.204000
112,8477,8477,611d942,1515051,1515377,1546678,1546778,31.301000,31.627000
112,10257,10257,6811943,1724051,1724385,1755710,1755810,31.325000,31.659000
112,6771,6771,5a73941,1768051,1768377,1777529,1777629,9.152000,9.478000
112,10652,10652,699c942,1814051,1814385,1826262,1826362,11.877000,12.211000
112,10689,10689,69c1940,1891051,1891377,1897333,1897433,5.956000,6.282000
112,9194,9194,63ea940,1907051,1907377,1918399,1918499,11.022000,11.348000
112,8291,8291,6063942,1918051,1918377,1945691,1945791,27.314000,27.640000
112,9815,9815,6657943,1989410,1989736,2005861,2005961,16.125000,16.451000
112,10059,10059,674b941,2108051,2108377,2121159,2121259,12.782000,13.108000
112,10951,10951,6ac7943,2178051,2178385,2195573,2195673,17.188000,17.522000
112,9785,9785,6639940,2334051,2334377,2350595,2350695,16.218000,16.544000
112,10803,10803,6a33943,2488051,2488377,2504711,2504811,16.334000,16.660000
112,8382,8382,60be941,2561051,2561385,2572304,2572404,10.919000,11.253000
113,410,410,419a940,95051,95385,108168,108268,12.783000,13.117000
113,713,713,42c9943,100051,100377,141822,141922,41.445000,41.771000
113,119,119,4077942,176051,176377,190423,190523,14.046000,14.372000
113,271,271,410f940,192051,192385,202501,202601,10.116000,10.450000
113,49,49,4031942,143051,143377,207967,208067,64.590000,64.916000
113,2590,2590,4a1e943,368051,368377,387576,387676,19.199000,19.525000
113,1419,1419,458b940,369051,369385,407717,407817,38.332000,38.666000
113,3568,3568,4df0940,438051,438385,461975,462075,23.590000,23.924000
113,3467,3467,4d8b942,465051,465385,478549,478649,13.164000,13.498000
113,3796,3796,4ed4942,450609,450935,495010,495110,44.075000,44.401000
113,3147,3147,4c4b943,494051,494385,530867,530967,36.482000,36.816000
113,6670,6670,5a0e940,515050,515377,555910,556010,40.533000,40.860000
113,4174,4174,504e941,564051,564377,571734,571834,7.357000,7.683000
113,1719,1719,46b7943,566051,566385,583517,583617,17.132000,17.466000
113,3655,3655,4e47940,621051,621385,637383,637483,15.998000,16.332000
113,5245,5245,547d940,645051,645377,703775,703875,58.398000,58.724000
113,4461,4461,516d941,713051,713377,731809,731909,18.432000,18.758000
113,5277,5277,549d943,756051,756377,775776,775876,19.399000,19.725000
113,7392,7392,5ce0941,954243,954577,1031197,1031298,76.620000,76.954000
113,6591,6591,59bf941,1011458,1011792,1045662,1045762,33.870000,34.204000
113,6933,6933,5b15941,1039051,1039385,1049902,1050002,10.517000,10.851000
113,6082,6082,57c2943,1053051,1053377,1078435,1078535,25.058000,25.384000
113,8663,8663,61d7943,1014051,1014385,1117957,1118057,103.572000,103.906000
113,9462,9462,64f6940,1126051,1126377,1141110,1141210,14.733000,15.059000
113,6389,6389,58f5942,1162051,1162385,1176019,1176119,13.634000,13.968000
113,7472,7472,5d30941,1184051,1184377,1202377,1202477,18.000000,18.326000
113,7451,7451,5d1b942,1199388,1199714,1209048,1209148,9.334000,9.660000
113,9722,9722,65fa940,1188051,1188377,1213229,1213329,24.852000,25.178000
113,8231,8231,6027940,1250051,1250377,1262036,1262136,11.659000,11.985000
113,5393,5393,5511940,1292051,1292377,1305701,1305801,13.324000,13.650000
113,6760,6760,5a68941,1314051,1314377,1334998,1335098,20.621000,20.947000
113,5887,5887,56ff943,1360051,1360385,1370026,1370126,9.641000,9.975000
113,8576,8576,6180942,1420051,1420377,1430946,1431046,10.569000,10.895000
113,8007,8007,5f47942,1440051,1440377,1462323,1462423,21.946000,22.272000
113,9142,9142,63b6942,1412051,1412385,1470645,1470745,58.260000,58.594000
113,5863,5863,56e7943,1455051,1455377,1475975,1476075,20.598000,20.924000
113,9272,9272,6438941,1504051,1504377,1530994,1531094,26.617000,26.943000
113,8825,8825,6279943,1511051,1511385,1542660,1542760,31.275000,31.609000
113,8879,8879,62af940,1541051,1541377,1557589,1557689,16.212000,16.538000
113,6541,6541,598d943,1549051,1549385,1563896,1563996,14.511000,14.845000
113,6938,6938,5b1a942,1580453,1580779,1608155,1608255,27.376000,27.702000
113,8752,8752,6230941,1728051,1728385,1743385,1743485,15.000000,15.334000
113,6532,6532,5984941,1831051,1831385,1845092,1845192,13.707000,14.041000
113,9601,9601,6581942,1865051,1865377,1888881,1888981,23.504000,23.830000
113,9395,9395,64b3943,1969051,1969385,1988502,1988602,19.117000,19.451000
113,9481,9481,6509941,1976410,1976736,1993825,1993925,17.089000,17.415000
113,10156,10156,67ac941,2083051,2083377,2096988,2097089,13.611000,13.937000
113,10514,10514,6912941,2240051,2240377,2251346,2251446,10.969000,11.295000
113,9348,9348,6484940,2252051,2252385,2268747,2268847,16.362000,16.696000
114,1939,1939,4793941,212051,212377,244700,244800,32.323000,32.649000
114,777,777,4309940,249051,249377,282293,282393,32.916000,33.242000
114,2109,2109,483d943,291051,291385,296131,296231,4.746000,5.080000
114,1726,1726,46be943,319051,319377,335588,335688,16.211000,16.537000
114,3164,3164,4c5c941,401051,401377,416626,416726,15.249000,15.575000
114,2509,2509,49cd940,413051,413377,426860,426960,13.483000,13.809000
114,1695,1695,469f941,416051,416385,431059,431159,14.674000,15.008000
114,935,935,43a7943,458051,458385,473224,473324,14.839000,15.173000
114,4259,4259,50a3943,422727,423053,532381,532481,109.328000,109.654000
114,2380,2380,494c942,591051,591377,611166,611266,19.789000,20.115000
114,3547,3547,4ddb940,633051,633385,664674,664774,31.289000,31.623000
114,2709,2709,4a95940,718051,718385,733417,733517,15.032000,15.366000
114,3706,3706,4e7a941,753051,753377,834077,834177,80.700000,81.026000
114,5073,5073,53d1943,833327,833653,862391,862491,28.738000,29.064000
114,7932,7932,5efc943,891051,891385,908463,908563,17.078000,17.412000
114,5394,5394,5512942,905051,905385,917617,917717,12.232000,12.566000
114,6246,6246,5866941,954051,954377,966924,967024,12.547000,12.873000
114,3671,3671,4e57940,984051,984377,994416,994516,10.039000,10.365000
114,6139,6139,57fb941,1056051,1056385,1085564,1085664,29.179000,29.513000
114,8522,8522,614a942,1055051,1055377,1107402,1107502,52.025000,52.351000
114,4216,4216,5078941,1011857,1012191,1118428,1118528,106.237000,106.571000
114,8480,8480,6120942,1217051,1217377,1222074,1222174,4.697000,5.023000
114,9719,9719,65f7940,1310051,1310385,1337725,1337825,27.340000,27.674000
114,6791,6791,5a87940,1330051,1330385,1343246,1343346,12.861000,13.195000
114,6271,6271,587f941,1398051,1398377,1422029,1422129,23.652000,23.978000
114,7269,7269,5c65941,1441051,1441377,1458675,1458775,17.298000,17.624000
114,10115,10115,6783942,1493051,1493377,1503343,1503443,9.966000,10.292000
114,4891,4891,531b940,1549051,1549377,1586424,1586524,37.047000,37.373000
114,8186,8186,5ffa942,1525051,1525377,1591909,1592009,66.532000,66.858000
114,6778,6778,5a7a940,1635051,1635377,1644581,1644681,9.204000,9.530000
114,8637,8637,61bd942,1665051,1665385,1681730,1681830,16.345000,16.679000
114,10250,10250,680a941,1700051,1700377,1709822,1709922,9.445000,9.771000
114,10580,10580,6954941,1749424,1749750,1757171,1757271,7.421000,7.747000
114,8455,8455,6107942,1810051,1810377,1827462,1827562,17.085000,17.411000
114,9274,9274,643a940,1827051,1827377,1835761,1835861,8.384000,8.710000
114,8574,8574,617e941,1851051,1851385,1864116,1864216,12.731000,13.065000
114,10437,10437,68c5942,2022051,2022377,2031529,2031629,9.152000,9.478000
114,9809,9809,6651941,2073051,2073385,2086057,2086157,12.672000,13.006000
115,1092,1092,4444941,54051,54377,70999,71099,16.622000,16.948000
115,819,819,4333941,56409,56743,75197,75297,18.454000,18.788000
115,387,387,4183942,83051,83385,106366,106466,22.981000,23.315000
115,496,496,41f0943,81431,81757,119739,119839,37.982000,38.308000
115,1062,1062,4426940,170431,170757,182922,183022,12.165000,12.491000
115,1254,1254,44e6943,187051,187385,201307,201407,13.922000,14.256000
115,2257,2257,48d1941,312051,312385,329747,329847,17.362000,17.696000
115,2825,2825,4b09942,353051,353377,358109,358209,4.732000,5.058000
115,1892,1892,4764941,400328,400654,449042,449142,48.388000,48.714000
115,2415,2415,496f940,461400,461734,498339,498439,36.605000,36.939000
115,4859,4859,52fb942,682051,682377,699836,699936,17.459000,17.785000
115,6328,6328,58b8943,679051,679385,722393,722493,43.008000,43.342000
115,4851,4851,52f3940,717459,717793,732384,732484,14.591000,14.925000
115,7391,7391,5cdf943,774082,774416,784372,784472,9.956000,10.290000
115,4197,4197,5065941,863051,863377,869901,870001,6.524000,6.850000
115,8844,8844,628c943,860051,860377,874150,874250,13.773000,14.099000
115,5196,5196,544c943,840051,840385,878359,878459,37.974000,38.308000
115,3075,3075,4c03942,778051,778377,890594,890694,112.217000,112.543000
115,5545,5545,55a9940,857051,857385,894804,894904,37.419000,37.753000
115,5783,5783,5697943,1021051,1021385,1040116,1040215,18.731000,19.065000
115,4874,4874,530a941,1055051,1055377,1071541,1071641,16.164000,16.490000
115,8074,8074,5f8a943,1011051,1011385,1092591,1092691,81.206000,81.540000
115,7226,7226,5c3a943,1049051,1049377,1119045,1119145,69.668000,69.994000
115,5307,5307,54bb943,1169051,1169377,1193700,1193800,24.323000,24.649000
115,5030,5030,53a6940,1184051,1184385,1199685,1199785,15.300000,15.634000
115,8850,8850,6292941,1266051,1266377,1317528,1317628,51.151000,51.477000
115,7989,7989,5f35943,1382051,1382377,1403184,1403284,20.807000,21.133000
115,8748,8748,622c940,1418051,1418385,1436230,1436330,17.845000,18.179000
115,7026,7026,5b72943,1520708,1521042,1547039,1547139,25.997000,26.331000
115,10150,10150,67a6941,1690051,1690385,1707319,1707419,16.934000,17.268000
115,10472,10472,68e8942,1745051,1745385,1761737,1761837,16.352000,16.686000
115,9865,9865,6689943,1744051,1744377,1770234,1770334,25.857000,26.183000
115,8107,8107,5fab943,1892051,1892377,1898853,1898953,6.476000,6.802000
115,10460,10460,68dc942,1976051,1976377,1994358,1994458,17.981000,18.307000
115,9940,9940,66d4943,2258051,2258385,2270156,2270256,11.771000,12.105000
115,10566,10566,6946943,2474051,2474385,2488062,2488162,13.677000,14.011000
116,89,89,4059943,49051,49385,55937,56037,6.552000,6.886000
116,574,574,423e943,40051,40377,60160,60260,19.783000,20.109000
116,399,399,418f941,41051,41385,65554,65654,24.169000,24.503000
116,30,30,401e941,81051,81377,100246,100346,18.869000,19.195000
116,1262,1262,44ee941,72051,72377,111161,111261,38.784000,39.110000
116,1020,1020,43fc942,196051,196385,249219,249319,52.834000,53.168000
116,1207,1207,44b7943,239051,239385,253402,253502,14.017000,14.351000
116,1327,1327,452f942,276051,276377,300009,300109,23.632000,23.958000
116,1881,1881,4759941,291051,291385,305668,305768,14.283000,14.617000
116,960,960,43c0942,315051,315377,331007,331107,15.630000,15.956000
116,2835,2835,4b13942,381051,381385,393361,393461,11.976000,12.310000
116,5756,5756,567c942,400051,400377,410501,410601,10.124000,10.450000
116,1596,1596,463c943,502051,502385,511902,512002,9.517000,9.851000
116,4008,4008,4fa8943,542051,542377,553349,553449,10.972000,11.298000
116,3840,3840,4f00941,585051,585377,591877,591977,6.500000,6.826000
116,5424,5424,5530942,612051,612377,624893,624993,12.516000,12.842000
116,5659,5659,561b943,599051,599377,630535,630635,31.158000,31.484000
116,2682,2682,4a7a942,670051,670377,685506,685606,15.129000,15.455000
116,3303,3303,4ce7941,701051,701377,712437,712537,11.060000,11.386000
116,6477,6477,594d940,892051,892385,897962,898062,5.577000,5.911000
116,6839,6839,5ab7940,875051,875385,937680,937780,62.295000,62.629000
116,4025,4025,4fb9940,929051,929377,975619,975719,46.242000,46.568000
116,6906,6906,5afa942,925869,926195,1006226,1006326,80.031000,80.357000
116,5821,5821,56bd940,1061051,1061385,1095668,1095768,34.283000,34.617000
116,5346,5346,54e2940,1079160,1079486,1126018,1126118,46.532000,46.858000
116,8009,8009,5f49941,1147051,1147377,1159390,1159490,12.013000,12.339000
116,7750,7750,5e46940,1170051,1170385,1180485,1180585,10.100000,10.434000
116,4864,4864,5300940,1183051,1183385,1192205,1192305,8.820000,9.154000
116,9220,9220,6404942,1278051,1278385,1324663,1324763,46.278000,46.612000
116,5326,5326,54ce940,1312051,1312385,1346715,1346815,34.330000,34.664000
116,7630,7630,5dce942,1324051,1324385,1374206,1374306,49.821000,50.155000
116,6963,6963,5b33941,1404051,1404385,1426994,1427094,22.609000,22.943000
116,8476,8476,611c940,1410051,1410385,1432537,1432637,22.152000,22.486000
116,7395,7395,5ce3940,1455453,1455779,1471946,1472046,16.167000,16.493000
116,6936,6936,5b18943,1459051,1459377,1493843,1493943,34.466000,34.792000
116,7688,7688,5e08940,1503051,1503385,1515671,1515771,12.286000,12.620000
116,7336,7336,5ca8940,1593051,1593377,1605301,1605401,11.924000,12.250000
116,7324,7324,5c9c943,1613051,1613385,1624357,1624457,10.972000,11.306000
116,10296,10296,6838941,1612051,1612377,1631253,1631353,18.876000,19.202000
116,8913,8913,62d1941,1695051,1695385,1707429,1707529,12.044000,12.378000
116,9653,9653,65b5940,1724051,1724377,1739387,1739487,15.010000,15.336000
116,10810,10810,6a3a943,1721051,1721377,1743631,1743731,22.254000,22.580000
116,9604,9604,6584941,1752288,1752614,1761739,1761839,9.125000,9.451000
116,9294,9294,644e941,1763051,1763385,1774261,1774361,10.876000,11.210000
116,8957,8957,62fd940,1836051,1836385,1851858,1851958,15.473000,15.807000
116,6908,6908,5afc940,1883051,1883377,1890714,1890814,7.337000,7.663000
116,9567,9567,655f941,2416051,2416377,2432619,2432719,16.242000,16.568000
116,10530,10530,6922942,2464890,2465224,2481639,2481739,16.415000,16.749000
117,88,88,4058941,45051,45385,56429,56529,11.044000,11.378000
117,337,337,4151942,49416,49742,73202,73302,23.460000,23.786000
117,921,921,4399943,134051,134377,178731,178831,44.354000,44.680000
117,988,988,43dc941,257051,257376,263920,264020,6.544000,6.869000
117,439,439,41b7942,254051,254377,274745,274845,20.368000,20.694000
117,1363,1363,4553942,285051,285377,310205,310305,24.828000,25.154000
117,2866,2866,4b32941,281051,281377,316653,316753,35.276000,35.602000
117,1281,1281,4501943,351051,351377,366761,366861,15.384000,15.710000
117,1962,1962,47aa941,393051,393385,410792,410892,17.407000,17.741000
117,1584,1584,4630940,403051,403377,414973,415073,11.596000,11.922000
117,3296,3296,4ce0940,391957,392291,440044,440144,47.753000,48.087000
117,3395,3395,4d43943,414051,414385,468806,468906,54.421000,54.755000
117,3239,3239,4ca7941,468051,468385,479626,479726,11.241000,11.575000
117,1941,1941,4795943,488051,488385,498616,498716,10.231000,10.565000
117,1982,1982,47be942,565051,565385,576315,576415,10.930000,11.264000
117,2947,2947,4b83941,567051,567385,587336,587436,19.951000,20.285000
117,3667,3667,4e53941,575051,575385,591565,591665,16.180000,16.514000
117,4059,4059,4fdb942,648051,648377,657308,657408,8.931000,9.257000
117,5028,5028,53a4943,696051,696385,716307,716407,19.922000,20.256000
117,3473,3473,4d91943,706051,706377,727325,727425,20.948000,21.274000
117,3924,3924,4f54942,714051,714377,739244,739344,24.867000,25.193000
117,6382,6382,58ee942,759051,759385,771008,771108,11.623000,11.957000
117,6599,6599,59c7940,757051,757377,775213,775313,17.836000,18.162000
117,4574,4574,51de940,754051,754385,786013,786113,31.628000,31.962000
117,2460,2460,499c942,785051,785385,798165,798265,12.780000,13.114000
117,4798,4798,52be941,785051,785385,803638,803738,18.253000,18.587000
117,4712,4712,5268942,815051,815385,842049,842149,26.664000,26.998000
117,3077,3077,4c05943,912051,912377,938409,938509,26.032000,26.358000
117,6439,6439,5927941,997051,997385,1007649,1007749,10.264000,10.598000
117,4031,4031,4fbf942,996051,996385,1013060,1013160,16.675000,17.009000
117,8453,8453,6105943,1062665,1062991,1088977,1089077,25.986000,26.312000
117,4405,4405,5135940,1051216,1051550,1119900,1120000,68.350000,68.684000
117,4997,4997,5385943,1095051,1095385,1141680,1141780,46.295000,46.629000
117,6596,6596,59c4942,1138202,1138536,1148553,1148653,10.017000,10.351000
117,6763,6763,5a6b942,1052051,1052377,1152811,1152911,100.434000,100.760000
117,8352,8352,60a0943,1100051,1100385,1158312,1158412,57.927000,58.261000
117,7544,7544,5d78940,1161051,1161385,1177769,1177869,16.384000,16.718000
117,6617,6617,59d9941,1216051,1216385,1226221,1226321,9.836000,10.170000
117,6945,6945,5b21940,1291213,1291539,1342483,1342583,50.944000,51.270000
117,7955,7955,5f13941,1368051,1368385,1377949,1378049,9.564000,9.898000
117,9510,9510,6526943,1331051,1331377,1382226,1382326,50.849000,51.175000
117,7071,7071,5b9f941,1388051,1388377,1406036,1406136,17.659000,17.985000
117,6837,6837,5ab5941,1400051,1400377,1414433,1414533,14.056000,14.382000
117,7961,7961,5f19942,1409051,1409385,1419963,1420063,10.578000,10.912000
117,6392,6392,58f8942,1406051,1406385,1425454,1425554,19.069000,19.403000
117,10037,10037,6735940,1504051,1504385,1521981,1522081,17.596000,17.930000
117,7274,7274,5c6a942,1538017,1538343,1567589,1567689,29.246000,29.572000
117,6172,6172,581c943,1619051,1619377,1629742,1629842,10.365000,10.691000
117,9661,9661,65bd940,1787416,1787750,1799772,1799872,12.022000,12.356000
117,9639,9639,65a7943,1964439,1964773,1980529,1980629,15.756000,16.090000
117,9985,9985,6701940,2141051,2141385,2153266,2153366,11.881000,12.215000
117,10866,10866,6a72940,2158051,2158377,2169265,2169365,10.888000,11.214000
117,10138,10138,679a940,2838051,2838385,2850489,2850589,12.104000,12.438000
118,906,906,438a940,57051,57385,63862,63962,6.477000,6.811000
118,348,348,415c942,88051,88377,97141,97241,8.764000,9.090000
118,524,524,420c941,96395,96721,121243,121343,24.522000,24.848000
118,1328,1328,4530941,125051,125385,135447,135547,10.062000,10.396000
118,2306,2306,4902942,189051,189377,197625,197725,8.248000,8.574000
118,407,407,4197943,231402,231736,242719,242819,10.983000,11.317000
118,1357,1357,454d941,225051,225377,247772,247872,22.395000,22.721000
118,1095,1095,4447941,253425,253759,269324,269424,15.565000,15.899000
118,2950,2950,4b86941,308051,308385,318388,318488,10.003000,10.337000
118,1025,1025,4401942,328051,328377,350544,350644,22.167000,22.493000
118,1550,1550,460e940,235214,235548,361479,361579,125.931000,126.265000
118,1521,1521,45f1942,392051,392385,398062,398162,5.677000,6.011000
118,2692,2692,4a84941,437446,437780,456459,456559,18.679000,19.013000
118,2452,2452,4994940,601051,601385,613096,613196,11.711000,12.045000
118,6910,6910,5afe940,659051,659385,714928,715028,55.543000,55.877000
118,3853,3853,4f0d940,702051,702385,736324,736424,33.939000,34.273000
118,2710,2710,4a96943,739051,739377,753180,753280,13.803000,14.129000
118,4944,4944,5350940,746051,746377,757339,757439,10.962000,11.288000
118,6054,6054,57a6943,846051,846385,859802,859902,13.417000,13.751000
118,7488,7488,5d40943,816763,817089,893519,893619,76.430000,76.756000
118,6059,6059,57ab940,942293,942619,960863,960963,18.244000,18.570000
118,4123,4123,501b940,1029051,1029385,1043104,1043204,13.719000,14.053000
118,6151,6151,5807941,1031051,1031377,1051579,1051679,20.202000,20.528000
118,6979,6979,5b43941,1049843,1050169,1065357,1065457,15.188000,15.514000
118,9642,9642,65aa943,1116714,1117040,1136555,1136655,19.515000,19.841000
118,7272,7272,5c68940,1169051,1169377,1187615,1187715,18.238000,18.564000
118,6491,6491,595b940,1194051,1194385,1201789,1201889,7.404000,7.738000
118,7381,7381,5cd5941,1207051,1207385,1223813,1223913,16.428000,16.762000
118,5266,5266,5492942,1219051,1219385,1245197,1245297,25.812000,26.146000
118,7195,7195,5c1b941,1328051,1328377,1337464,1337564,9.087000,9.413000
118,10330,10330,685a940,1348051,1348385,1374506,1374606,26.121000,26.455000
118,5005,5005,538d943,1338589,1338923,1405163,1405263,66.240000,66.574000
118,9977,9977,66f9941,1486453,1486779,1526084,1526184,39.305000,39.631000
118,7072,7072,5ba0940,1534051,1534385,1543465,1543565,9.080000,9.414000
118,10964,10964,6ad4943,1522051,1522385,1548060,1548160,25.675000,26.009000
118,9085,9085,637d940,1541051,1541385,1557203,1557303,15.818000,16.152000
118,9560,9560,6558943,1604051,1604385,1617940,1618040,13.555000,13.889000
118,6486,6486,5956941,1599051,1599385,1622111,1622211,22.726000,23.060000
118,10135,10135,6797940,1645051,1645377,1654457,1654557,9.080000,9.406000
118,6416,6416,5910940,1709051,1709385,1720270,1720370,10.885000,11.219000
118,8848,8848,6290943,1912051,1912377,1920575,1920675,8.198000,8.524000
118,9177,9177,63d9940,1980051,1980385,1999067,1999167,18.682000,19.016000
118,10045,10045,673d942,2014051,2014377,2025578,2025678,11.201000,11.527000
118,9247,9247,641f940,2024051,2024377,2030007,2030107,5.630000,5.956000
118,9154,9154,63c2941,2639051,2639377,2653887,2653987,14.510000,14.836000
119,516,516,4204941,130051,130384,150152,150252,19.768000,20.101000
119,105,105,4069943,138051,138377,155605,155705,17.228000,17.554000
119,869,869,4365942,149051,149385,164893,164993,15.508000,15.842000
119,1536,1536,4600943,188051,188385,209994,210094,21.609000,21.943000
119,550,550,4226942,228051,228385,238460,238560,10.075000,10.409000
119,1301,1301,4515942,239051,239377,288796,288896,49.419000,49.745000
119,1612,1612,464c942,392291,392617,421833,421933,29.216000,29.542000
119,4501,4501,5195941,313051,313377,448974,449074,135.597000,135.923000
119,649,649,4289941,438051,438377,474624,474724,36.247000,36.573000
119,2207,2207,489f941,519439,519765,549051,549151,29.286000,29.612000
119,3054,3054,4bee941,609051,609377,629215,629315,19.838000,20.164000
119,3863,3863,4f17943,596051,596385,675697,675797,79.312000,79.646000
119,4048,4048,4fd0940,652051,652377,688431,688531,36.054000,36.380000
119,2242,2242,48c2941,695051,695377,701858,701958,6.481000,6.807000
119,4233,4233,5089943,678494,678820,707230,707330,28.410000,28.736000
119,3206,3206,4c86943,721416,721742,739029,739129,17.287000,17.613000
119,5432,5432,5538940,764051,764377,786117,786217,21.740000,22.066000
119,9438,9438,64de942,780051,780385,791035,791135,10.650000,10.984000
119,4839,4839,52e7941,814221,814547,872507,872607,57.960000,58.286000
119,4858,4858,52fa940,914439,914773,924835,924935,10.062000,10.396000
119,4319,4319,50df943,878051,878385,929064,929164,50.679000,51.013000
119,3549,3549,4ddd940,935051,935385,954748,954848,19.363000,19.697000
119,5036,5036,53ac940,937051,937385,965696,965796,28.311000,28.645000
119,5465,5465,5559940,841051,841385,978246,978346,136.861000,137.195000
119,4991,4991,537f940,947051,947385,982455,982555,35.070000,35.404000
119,9515,9515,652b942,980051,980377,993323,993423,12.946000,13.272000
119,4215,4215,5077941,964734,965060,1014438,1014538,49.378000,49.704000
119,8426,8426,60ea940,986051,986385,1025358,1025458,38.973000,39.307000
119,5157,5157,5425942,952051,952377,1031267,1031367,78.890000,79.216000
119,6380,6380,58ec943,1168051,1168385,1189217,1189317,20.832000,21.166000
119,4976,4976,5370940,1254051,1254377,1264057,1264157,9.680000,10.006000
119,4808,4808,52c8942,1254787,1255113,1296740,1296840,41.627000,41.953000
119,6247,6247,5867940,1287051,1287377,1308471,1308571,21.094000,21.420000
119,9191,9191,63e7943,1306051,1306385,1313928,1314028,7.543000,7.877000
119,9699,9699,65e3942,1294051,1294377,1353734,1353834,59.357000,59.683000
119,8708,8708,6204941,1343051,1343377,1357962,1358062,14.585000,14.911000
119,5759,5759,567f940,1357051,1357385,1367445,1367545,10.060000,10.394000
119,8147,8147,5fd3941,1470051,1470385,1483576,1483676,13.191000,13.525000
119,7298,7298,5c82941,1455416,1455742,1490101,1490201,34.359000,34.685000
119,10372,10372,6884940,1487446,1487780,1503604,1503704,15.824000,16.158000
119,10489,10489,68f9943,1507051,1507377,1516764,1516864,9.387000,9.713000
119,7907,7907,5ee3942,1486162,1486488,1522120,1522220,35.632000,35.958000
119,10629,10629,6985941,1590051,1590377,1600640,1600740,10.263000,10.589000
119,7522,7522,5d62943,1840051,1840377,1850372,1850472,9.995000,10.321000
119,9503,9503,651f940,1873051,1873385,1886973,1887073,13.588000,13.922000
119,9393,9393,64b1941,1985051,1985385,1994506,1994606,9.121000,9.455000
119,9504,9504,6520941,2052051,2052385,2069298,2069399,16.913000,17.247000
119,10314,10314,684a943,2397051,2397385,2405600,2405700,8.215000,8.549000
120,260,260,4104943,24051,24385,30015,30115,5.630000,5.964000
120,280,280,4118940,38051,38385,56145,56245,17.760000,18.094000
120,611,611,4263943,106051,106377,145814,145914,39.437000,39.763000
120,794,794,431a941,125051,125377,156796,156896,31.419000,31.745000
120,589,589,424d942,218051,218377,230983,231083,12.606000,12.932000
120,1708,1708,46ac942,254051,254385,268228,268328,13.843000,14.177000
120,2248,2248,48c8941,322051,322385,331570,331670,9.185000,9.519000
120,2892,2892,4b4c940,328051,328377,359764,359864,31.387000,31.713000
120,3691,3691,4e6b941,349051,349385,364327,364427,14.942000,15.276000
120,1701,1701,46a5942,406764,407098,455097,455197,47.999000,48.333000
120,2120,2120,4848941,469051,469377,481712,481812,12.335000,12.661000
120,3125,3125,4c35942,488424,488750,530716,530816,41.966000,42.292000
120,2874,2874,4b3a941,544051,544385,553851,553951,9.466000,9.800000
120,2377,2377,4949942,572051,572385,584366,584466,11.981000,12.315000
120,2440,2440,4988941,586051,586385,628118,628218,41.733000,42.067000
120,4677,4677,5245942,632051,632385,645049,645149,12.664000,12.998000
120,3490,3490,4da2943,630051,630385,661428,661528,31.043000,31.377000
120,7573,7573,5d95940,748051,748385,771277,771377,22.892000,23.226000
120,4639,4639,521f941,816051,816377,844624,844724,28.247000,28.573000
120,3145,3145,4c49940,815051,815385,849783,849883,34.398000,34.732000
120,6242,6242,5862942,843051,843377,871832,871932,28.455000,28.781000
120,2964,2964,4b94943,890060,890386,926093,926193,35.707000,36.033000
120,5078,5078,53d6943,1013051,1013385,1020749,1020849,7.364000,7.698000
120,5644,5644,560c940,1117051,1117385,1143024,1143124,25.639000,25.973000
120,9870,9870,668e941,1294051,1294385,1306601,1306701,12.216000,12.550000
120,5953,5953,5741943,1326051,1326385,1349164,1349264,22.779000,23.113000
120,6408,6408,5908943,1428051,1428377,1436505,1436605,8.128000,8.454000
120,5302,5302,54b6940,1437051,1437385,1458417,1458517,21.032000,21.366000
120,8771,8771,6243941,1485051,1485377,1505552,1505652,20.175000,20.501000
120,6987,6987,5b4b940,1486589,1486915,1521049,1521149,34.134000,34.460000
120,6341,6341,58c5943,1574051,1574377,1586369,1586469,11.992000,12.318000
120,9289,9289,6449942,1579051,1579385,1591886,1591986,12.501000,12.835000
120,9827,9827,6663940,1680051,1680385,1690353,1690453,9.968000,10.302000
120,7541,7541,5d75942,1729453,1729779,1737321,1737421,7.542000,7.868000
120,9242,9242,641a940,1783051,1783377,1797899,1797999,14.522000,14.848000
120,9860,9860,6684940,1937051,1937385,1942100,1942200,4.715000,5.049000
120,10048,10048,6740940,2184051,2184377,2193586,2193686,9.209000,9.535000
121,671,671,429f941,38051,38385,60272,60372,21.887000,22.221000
121,273,273,4111940,69051,69377,107337,107437,37.960000,38.286000
121,1582,1582,462e943,108051,108377,139202,139302,30.825000,31.151000
121,1486,1486,45ce941,165453,165779,178169,178269,12.390000,12.716000
121,355,355,4163942,176051,176385,250968,251068,74.583000,74.917000
121,2121,2121,4849940,236051,236385,283577,283677,47.192000,47.526000
121,2334,2334,491e941,301051,301385,324051,324151,22.666000,23.000000
121,1771,1771,46eb943,305051,305385,340554,340654,35.169000,35.503000
121,1007,1007,43ef942,347051,347385,362758,362858,15.373000,15.707000
121,1741,1741,46cd942,385051,385385,398341,398441,12.956000,13.290000
121,3975,3975,4f87943,575051,575377,596616,596716,21.239000,21.565000
121,1720,1720,46b8943,592051,592377,609258,609358,16.881000,17.207000
121,5988,5988,5764940,604051,604377,625735,625835,21.358000,21.684000
121,2824,2824,4b08942,616051,616385,647522,647622,31.137000,31.471000
121,4907,4907,532b942,662051,662385,671482,671582,9.097000,9.431000
121,3831,3831,4ef7942,659039,659373,689816,689916,30.443000,30.777000
121,3169,3169,4c61940,742051,742385,757386,757486,15.001000,15.335000
121,3699,3699,4e73942,748051,748377,762809,762909,14.432000,14.758000
121,4863,4863,52ff943,772051,772385,801876,801976,29.491000,29.825000
121,2579,2579,4a13941,849051,849377,866796,866896,17.419000,17.745000
121,7117,7117,5bcd942,825051,825377,896204,896304,70.827000,71.153000
121,7270,7270,5c66943,921051,921377,933984,934084,12.607000,12.933000
121,3719,3719,4e87940,933051,933377,940757,940857,7.380000,7.706000
121,5270,5270,5496941,958051,958377,981970,982070,23.593000,23.919000
121,6386,6386,58f2941,987051,987385,1004051,1004151,16.666000,17.000000
121,4412,4412,513c942,997051,997377,1014709,1014809,17.332000,17.658000
121,5779,5779,5693940,912051,912377,1020548,1020648,108.171000,108.497000
121,4871,4871,5307940,1120051,1120377,1127711,1127811,7.334000,7.660000
121,9536,9536,6540942,1116051,1116385,1131884,1131984,15.499000,15.833000
121,5224,5224,5468940,1234051,1234385,1255177,1255277,20.792000,21.126000
121,7998,7998,5f3e943,1251051,1251377,1277186,1277286,25.809000,26.135000
121,6471,6471,5947941,1302051,1302385,1315912,1316012,13.527000,13.861000
121,7108,7108,5bc4942,1322051,1322377,1335998,1336098,13.621000,13.947000
121,10470,10470,68e6943,1370051,1370385,1380487,1380587,10.102000,10.436000
121,10842,10842,6a5a941,1375051,1375377,1388947,1389047,13.570000,13.896000
121,10010,10010,671a942,1547431,1547757,1561433,1561533,13.676000,14.002000
121,8139,8139,5fcb940,1598051,1598385,1617944,1618044,19.559000,19.893000
121,7428,7428,5d04943,1644051,1644377,1653648,1653748,9.271000,9.597000
121,8662,8662,61d6941,1680051,1680385,1693820,1693920,13.435000,13.769000
121,10399,10399,689f943,1829790,1830116,1842205,1842305,12.089000,12.415000
121,9297,9297,6451940,1843051,1843385,1859733,1859833,16.348000,16.682000
121,8521,8521,6149942,1871051,1871377,1880592,1880692,9.215000,9.541000
121,10020,10020,6724943,1869051,1869385,1886031,1886131,16.646000,16.980000
121,10038,10038,6736940,2284395,2284721,2289589,2289689,4.868000,5.194000
122,9,9,4009940,42051,42385,75857,75957,33.472000,33.806000
122,924,924,439c941,82051,82385,108587,108687,26.202000,26.536000
122,731,731,42db940,105051,105385,119995,120095,14.610000,14.944000
122,91,91,405b943,113051,113385,136001,136101,22.616000,22.950000
122,434,434,41b2941,120051,120377,141475,141575,21.098000,21.424000
122,1587,1587,4633943,245051,245385,258471,258571,13.086000,13.420000
122,997,997,43e5940,261051,261385,284710,284810,23.325000,23.659000
122,3471,3471,4d8f943,443051,443385,471011,471111,27.626000,27.960000
122,4923,4923,533b940,494453,494779,508028,508128,13.249000,13.575000
122,5415,5415,5527942,502272,502606,515656,515757,13.050000,13.384000
122,1644,1644,466c943,522050,522385,529770,529870,7.385000,7.720000
122,6212,6212,5844943,543051,543377,557904,558004,14.527000,14.853000
122,3374,3374,4d2e940,600051,600377,638520,638620,38.143000,38.469000
122,4372,4372,5114942,716051,716377,730707,730807,14.330000,14.656000
122,2911,2911,4b5f942,717051,717385,739567,739667,22.182000,22.516000
122,2988,2988,4bac941,825051,825377,850460,850560,25.083000,25.409000
122,5525,5525,5595943,844074,844408,855988,856088,11.580000,11.914000
122,6295,6295,5897940,949416,949742,1004560,1004660,54.818000,55.144000
122,5531,5531,559b941,1003051,1003385,1015593,1015693,12.208000,12.542000
122,9027,9027,6343942,1018051,1018377,1037786,1037886,19.409000,19.735000
122,4756,4756,5294940,1057051,1057377,1062982,1063082,5.605000,5.931000
122,7240,7240,5c48940,1005051,1005385,1074634,1074734,69.249000,69.583000
122,5771,5771,568b942,1003348,1003674,1099809,1099909,96.135000,96.461000
122,6699,6699,5a2b941,1141051,1141385,1161908,1162008,20.523000,20.857000
122,4667,4667,523b941,1173051,1173377,1224104,1224204,50.727000,51.053000
122,7460,7460,5d24942,1254051,1254385,1278401,1278501,24.016000,24.350000
122,7599,7599,5daf941,1236051,1236377,1282611,1282711,46.234000,46.560000
122,5611,5611,55eb943,1247051,1247385,1307232,1307332,59.847000,60.181000
122,8510,8510,613e942,1356051,1356385,1373030,1373130,16.645000,16.979000
122,7646,7646,5dde941,1500129,1500463,1513151,1513251,12.688000,13.022000
122,9851,9851,667b943,1733051,1733377,1757059,1757159,23.682000,24.008000
122,8278,8278,6056941,1894051,1894377,1906190,1906290,11.813000,12.139000
122,10151,10151,67a7940,1942437,1942763,1949227,1949327,6.464000,6.790000
122,10720,10720,69e0942,1941051,1941377,1953446,1953546,12.069000,12.395000
122,10428,10428,68bc942,1985051,1985377,2008111,2008211,22.734000,23.060000
122,9841,9841,6671940,2133051,2133377,2143483,2143583,10.106000,10.432000
123,1372,1372,455c940,261051,261376,275500,275600,14.124000,14.449000
123,817,817,4331943,206051,206385,279728,279828,73.343000,73.677000
123,2748,2748,4abc940,272051,272385,335950,336050,63.565000,63.899000
123,2641,2641,4a51943,321256,321582,352321,352421,30.739000,31.065000
123,3371,3371,4d2b942,350051,350377,356520,356620,6.143000,6.469000
123,755,755,42f3942,399051,399385,410299,410399,10.914000,11.248000
123,2148,2148,4864941,432051,432377,455411,455511,23.034000,23.360000
123,4771,4771,52a3942,524050,524385,569034,569134,44.649000,44.984000
123,2611,2611,4a33940,567051,567377,600729,600829,33.352000,33.678000
123,7165,7165,5bfd942,641051,641385,698102,698202,56.717000,57.051000
123,2948,2948,4b84943,716051,716385,737121,737221,20.736000,21.070000
123,5730,5730,5662943,783051,783385,792701,792801,9.316000,9.650000
123,5804,5804,56ac940,827051,827377,851656,851756,24.279000,24.605000
123,5885,5885,56fd942,851051,851377,864900,865000,13.523000,13.849000
123,8165,8165,5fe5942,882051,882385,900257,900357,17.872000,18.206000
123,3570,3570,4df2942,899051,899377,940129,940229,40.752000,41.078000
123,6244,6244,5864941,1000051,1000385,1024220,1024320,23.835000,24.169000
123,6847,6847,5abf943,1090051,1090385,1117122,1117222,26.737000,27.071000
123,4131,4131,5023943,1122051,1122385,1144063,1144163,21.678000,22.012000
123,9941,9941,66d5943,1143051,1143385,1155355,1155455,11.970000,12.304000
123,7656,7656,5de8942,1136051,1136385,1161297,1161397,24.912000,25.246000
123,5456,5456,5550943,1136051,1136385,1166221,1166321,29.836000,30.170000
123,5880,5880,56f8942,1306051,1306385,1316529,1316629,10.144000,10.478000
123,7726,7726,5e2e940,1275564,1275898,1320678,1320778,44.780000,45.114000
123,4866,4866,5302943,1340051,1340377,1350093,1350193,9.716000,10.042000
123,6600,6600,59c8941,1252051,1252385,1355438,1355538,103.053000,103.387000
123,9349,9349,6485940,1371051,1371377,1386788,1386888,15.411000,15.737000
123,10519,10519,6917940,1358051,1358377,1393683,1393783,35.306000,35.632000
123,10501,10501,6905943,1586051,1586377,1602330,1602430,15.953000,16.279000
123,9096,9096,6388942,1683051,1683385,1695335,1695435,11.950000,12.284000
124,66,66,4042943,34051,34385,59525,59625,25.140000,25.474000
124,543,543,421f941,107051,107377,127074,127174,19.697000,20.023000
124,885,885,4375941,154528,154854,179932,180032,25.078000,25.404000
124,994,994,43e2943,169051,169377,196356,196456,26.979000,27.305000
124,2475,2475,49ab943,338100,338426,357429,357529,19.003000,19.329000
124,2523,2523,49db943,367051,367377,396992,397092,29.615000,29.941000
124,1938,1938,4792941,419051,419377,442509,442609,23.132000,23.458000
124,2112,2112,4840941,422439,422765,447964,448064,25.199000,25.525000
124,3670,3670,4e56941,465051,465377,498715,498815,33.338000,33.664000
124,1505,1505,45e1941,508051,508377,530190,530290,21.813000,22.139000
124,2249,2249,48c9940,541051,541377,559242,559342,17.865000,18.191000
124,4002,4002,4fa2941,562051,562377,569719,569819,7.342000,7.668000
124,1575,1575,4627941,523424,523750,573918,574018,50.168000,50.494000
124,2715,2715,4a9b942,670051,670385,682080,682180,11.695000,12.029000
124,3825,3825,4ef1941,722051,722377,734479,734579,12.102000,12.428000
124,5310,5310,54be942,722583,722909,738669,738769,15.760000,16.086000
124,8104,8104,5fa8940,849051,849385,858441,858541,9.056000,9.390000
124,7671,7671,5df7941,933051,933377,970168,970268,36.791000,37.117000
124,5043,5043,53b3941,985958,986292,1004448,1004548,18.156000,18.490000
124,7779,7779,5e63941,993051,993377,1015409,1015509,22.032000,22.358000
124,3820,3820,4eec940,1065051,1065385,1102805,1102905,37.420000,37.754000
124,2458,2458,499a940,1107051,1107377,1128782,1128882,21.405000,21.731000
124,7835,7835,5e9b941,1151051,1151385,1159357,1159457,7.972000,8.306000
124,8411,8411,60db940,1163051,1163377,1191135,1191235,27.758000,28.084000
124,9158,9158,63c6943,1152051,1152385,1236078,1236178,83.693000,84.027000
124,7886,7886,5ece943,1248051,1248385,1265050,1265150,16.665000,16.999000
124,9379,9379,64a3943,1277077,1277403,1289992,1290092,12.589000,12.915000
124,6966,6966,5b36943,1481051,1481385,1501723,1501823,20.338000,20.672000
124,4463,4463,516f940,1512051,1512385,1524470,1524570,12.085000,12.419000
124,8482,8482,6122941,1519051,1519377,1532088,1532188,12.711000,13.037000
124,9511,9511,6527940,1570051,1570385,1583802,1583902,13.417000,13.751000
124,10018,10018,6722941,1570416,1570742,1594312,1594412,23.570000,23.896000
124,9890,9890,66a2943,1648051,1648385,1659333,1659433,10.948000,11.282000
124,6746,6746,5a5a943,1669654,1669980,1690177,1690277,20.197000,20.523000
124,8084,8084,5f94942,1824051,1824377,1834479,1834579,10.102000,10.428000
124,10006,10006,6716940,1849051,1849385,1862040,1862140,12.655000,12.989000
124,9440,9440,64e0941,2104051,2104385,2112567,2112667,8.182000,8.516000
124,10843,10843,6a5b941,2381051,2381377,2389571,2389671,8.194000,8.520000
124,10098,10098,6772940,2811051,2811377,2828493,2828593,17.116000,17.442000
125,617,617,4269942,69051,69377,115835,115935,46.458000,46.784000
125,283,283,411b943,133416,133742,159209,159309,25.467000,25.793000
125,2205,2205,489d940,127051,127377,170194,170294,42.817000,43.143000
125,1022,1022,43fe943,181051,181385,200933,201033,19.548000,19.882000
125,190,190,40be942,248051,248385,270122,270222,21.737000,22.071000
125,1683,1683,4693941,245051,245385,274293,274393,28.908000,29.242000
125,5139,5139,5413942,336051,336377,343730,343830,7.353000,7.679000
125,2756,2756,4ac4942,472051,472377,481868,481968,9.491000,9.817000
125,3035,3035,4bdb943,439051,439377,487566,487666,48.189000,48.515000
125,3258,3258,4cba943,451051,451377,507329,507429,55.952000,56.278000
125,4304,4304,50d0940,456051,456385,512882,512983,56.497000,56.831000
125,2793,2793,4ae9942,448422,448756,520242,520343,71.486000,71.820000
125,5000,5000,5388940,518050,518385,525719,525819,7.334000,7.669000
125,2515,2515,49d3941,491051,491385,558434,558534,67.049000,67.383000
125,2694,2694,4a86942,502051,502377,563910,564010,61.533000,61.859000
125,2395,2395,495b943,521050,521377,585657,585757,64.280000,64.607000
125,4120,4120,5018943,583051,583385,602519,602619,19.134000,19.468000
125,5058,5058,53c2942,607051,607377,620914,621014,13.537000,13.863000
125,2826,2826,4b0a941,624051,624377,644253,644353,19.876000,20.202000
125,7146,7146,5bea943,702620,702954,719410,719510,16.456000,16.790000
125,5716,5716,5654942,713051,713377,737041,737141,23.664000,23.990000
125,5115,5115,53fb942,739051,739377,761421,761521,22.044000,22.370000
125,6165,6165,5815943,743051,743385,769839,769939,26.454000,26.788000
125,4790,4790,52b6941,765051,765377,797067,797167,31.690000,32.016000
125,5637,5637,5605940,801693,802027,824433,824533,22.406000,22.740000
125,5857,5857,56e1942,846967,847293,867735,867835,20.442000,20.768000
125,3630,3630,4e2e942,842051,842377,935680,935780,93.303000,93.629000
125,7433,7433,5d09942,929051,929385,954390,954490,25.005000,25.339000
125,7613,7613,5dbd940,979051,979377,997459,997559,18.082000,18.408000
125,5239,5239,5477941,1019051,1019377,1039061,1039162,19.684000,20.010000
125,9342,9342,647e943,1016051,1016385,1043280,1043379,26.895000,27.229000
125,6361,6361,58d9940,1060051,1060385,1087470,1087570,27.085000,27.419000
125,9136,9136,63b0943,1195051,1195377,1204337,1204437,8.960000,9.286000
125,7194,7194,5c1a942,1197051,1197377,1244056,1244156,46.679000,47.005000
125,8703,8703,61ff940,1233051,1233385,1258838,1258938,25.453000,25.787000
125,9123,9123,63a3940,1251685,1252011,1266043,1266143,14.032000,14.358000
125,9656,9656,65b8942,1269051,1269377,1281200,1281300,11.823000,12.149000
125,4529,4529,51b1943,1158959,1159293,1285349,1285449,126.056000,126.390000
125,8124,8124,5fbc943,1291051,1291377,1303772,1303872,12.395000,12.721000
125,6251,6251,586b942,1349617,1349943,1379978,1380078,30.035000,30.361000
125,7340,7340,5cac943,1459051,1459385,1477166,1477266,17.781000,18.115000
125,10615,10615,6977940,1488051,1488385,1510348,1510448,21.963000,22.297000
125,8649,8649,61c9943,1541051,1541385,1557992,1558092,16.607000,16.941000
125,7620,7620,5dc4942,1710051,1710377,1718551,1718651,8.174000,8.500000
125,10201,10201,67d9942,1706051,1706377,1726488,1726588,20.111000,20.437000
125,8862,8862,629e943,1718051,1718377,1745961,1746061,27.584000,27.910000
125,9257,9257,6429942,2005051,2005377,2019475,2019575,14.098000,14.424000
126,139,139,408b941,59051,59385,67620,67720,8.235000,8.569000
126,82,82,4052942,82051,82385,116347,116447,33.962000,34.296000
126,811,811,432b941,154051,154377,185103,185203,30.726000,31.052000
126,1193,1193,44a9942,238051,238385,280439,280539,42.054000,42.388000
126,2913,2913,4b61942,267051,267377,297272,297372,29.895000,30.221000
126,844,844,434c940,273051,273377,302317,302417,28.940000,29.266000
126,1923,1923,4783943,332051,332385,353253,353353,20.868000,21.202000
126,4020,4020,4fb4941,401063,401389,421466,421566,20.077000,20.403000
126,2133,2133,4855943,476314,476648,488592,488692,11.944000,12.278000
126,2830,2830,4b0e943,481051,481385,499132,499232,17.747000,18.081000
126,2575,2575,4a0f941,495051,495385,510745,510845,15.360000,15.694000
126,5349,5349,54e5942,498051,498377,525993,526093,27.616000,27.942000
126,2836,2836,4b14942,512050,512385,535901,536001,23.516000,23.851000
126,3569,3569,4df1941,503051,503385,548503,548603,45.118000,45.452000
126,5740,5740,566c942,557051,557377,570758,570858,13.381000,13.707000
126,4779,4779,52ab941,701051,701377,726155,726255,24.778000,25.104000
126,6417,6417,5911942,769549,769875,792570,792670,22.695000,23.021000
126,3974,3974,4f86941,799051,799377,846169,846269,46.792000,47.118000
126,5761,5761,5681943,882051,882377,930787,930887,48.410000,48.736000
126,10343,10343,6867940,981051,981385,992333,992433,10.948000,11.282000
126,6953,6953,5b29942,975051,975377,997866,997966,22.489000,22.815000
126,5938,5938,5732941,972914,973240,1014415,1014515,41.175000,41.501000
126,3967,3967,4f7f940,1009051,1009377,1031059,1031158,21.682000,22.008000
126,10734,10734,69ee942,1038799,1039125,1044721,1044820,5.596000,5.922000
126,6668,6668,5a0c940,1082051,1082377,1115458,1115558,33.081000,33.407000
126,5834,5834,56ca941,1131051,1131385,1143340,1143440,11.955000,12.289000
126,7825,7825,5e91942,1142051,1142377,1159276,1159376,16.899000,17.225000
126,5695,5695,563f940,1199051,1199377,1214388,1214488,15.011000,15.337000
126,9108,9108,6394943,1207675,1208009,1224923,1225023,16.914000,17.248000
126,5768,5768,5688942,1262051,1262377,1267127,1267227,4.750000,5.076000
126,7549,7549,5d7d940,1313051,1313377,1319900,1320000,6.523000,6.849000
126,10459,10459,68db941,1318438,1318764,1336290,1336390,17.526000,17.852000
126,6665,6665,5a09943,1340051,1340377,1349550,1349650,9.173000,9.499000
126,10425,10425,68b9941,1346051,1346385,1369186,1369286,22.801000,23.135000
126,8366,8366,60ae940,1685051,1685377,1725701,1725801,40.324000,40.650000
126,8762,8762,623a940,1672051,1672377,1731199,1731299,58.822000,59.148000
126,8884,8884,62b4940,1811051,1811377,1819713,1819813,8.336000,8.662000
126,8873,8873,62a9942,1826761,1827095,1847780,1847880,20.685000,21.019000
126,10274,10274,6822941,2004051,2004385,2020266,2020366,15.881000,16.215000
126,10441,10441,68c9943,2361051,2361385,2377459,2377559,16.074000,16.408000
126,10900,10900,6a94942,2515051,2515377,2527268,2527368,11.891000,12.217000
127,872,872,4368943,69051,69385,86167,86267,16.782000,17.116000
127,920,920,4398942,85051,85377,96296,96396,10.919000,11.245000
127,968,968,43c8941,90051,90377,107150,107250,16.773000,17.099000
127,1502,1502,45de942,95409,95743,112567,112667,16.824000,17.158000
127,565,565,4235943,119051,119377,141999,142099,22.622000,22.948000
127,192,192,40c0943,137051,137377,146167,146267,8.790000,9.116000
127,497,497,41f1942,192944,193278,205086,205186,11.808000,12.142000
127,1547,1547,460b941,221173,221499,250380,250480,28.881000,29.207000
127,832,832,4340942,237051,237385,265624,265724,28.239000,28.573000
127,598,598,4256943,243425,243759,271069,271169,27.310000,27.644000
127,556,556,422c943,272051,272377,281995,282095,9.618000,9.944000
127,1292,1292,450c941,290051,290377,309495,309595,19.118000,19.444000
127,3320,3320,4cf8942,339209,339543,375474,375574,35.931000,36.265000
127,2066,2066,4812943,397051,397377,406399,406499,9.022000,9.348000
127,3749,3749,4ea5942,402051,402385,437153,437253,34.768000,35.102000
127,1913,1913,4779940,457051,457385,479283,479383,21.898000,22.232000
127,2660,2660,4a64942,475410,475736,525387,525487,49.651000,49.977000
127,3734,3734,4e96942,538051,538385,567349,567449,28.964000,29.298000
127,3654,3654,4e46942,544612,544946,580330,580430,35.384000,35.718000
127,3273,3273,4cc9942,523810,524136,607570,607670,83.434000,83.760000
127,3763,3763,4eb3943,640051,640377,651341,651441,10.964000,11.290000
127,5407,5407,551f940,675051,675385,706915,707015,31.530000,31.864000
127,3097,3097,4c19941,672051,672377,727623,727723,55.246000,55.572000
127,2728,2728,4aa8941,729051,729377,777098,777198,47.721000,48.047000
127,3390,3390,4d3e941,782051,782377,803839,803939,21.462000,21.788000
127,5871,5871,56ef943,879051,879385,892726,892826,13.341000,13.675000
127,5613,5613,55ed942,953051,953385,981603,981703,28.218000,28.552000
127,6850,6850,5ac2942,1028051,1028385,1033953,1034052,5.568000,5.902000
127,10161,10161,67b1943,1075521,1075847,1087704,1087804,11.857000,12.183000
127,6463,6463,593f941,1074628,1074954,1098290,1098390,23.336000,23.662000
127,7894,7894,5ed6941,1127051,1127385,1145276,1145376,17.891000,18.225000
127,5697,5697,5641941,1165051,1165385,1172678,1172778,7.293000,7.627000
127,5910,5910,5716940,1212051,1212377,1226496,1226596,14.119000,14.445000
127,5769,5769,5689942,1284071,1284405,1295819,1295919,11.414000,11.748000
127,5389,5389,550d940,1271051,1271385,1299995,1300095,28.610000,28.944000
127,6050,6050,57a2940,1397051,1397385,1418122,1418222,20.737000,21.071000
127,4334,4334,50ee940,1417051,1417377,1428305,1428405,10.928000,11.254000
127,10647,10647,6997940,1511051,1511377,1530707,1530807,19.330000,19.656000
127,8684,8684,61ec942,1521051,1521385,1541496,1541596,20.111000,20.445000
127,9246,9246,641e940,1559051,1559385,1572067,1572167,12.682000,13.016000
127,10858,10858,6a6a942,1647438,1647764,1677174,1677274,29.410000,29.736000
127,10382,10382,688e943,1949051,1949377,1967346,1967446,17.969000,18.295000
127,10347,10347,686b942,2053051,2053377,2074017,2074117,20.640000,20.966000
127,10137,10137,6799942,2229051,2229385,2239317,2239417,9.932000,10.266000
127,10517,10517,6915940,2428051,2428385,2437550,2437650,9.165000,9.499000
128,623,623,426f941,69051,69385,86482,86582,17.097000,17.431000
128,44,44,402c940,104051,104377,116190,116290,11.813000,12.139000
128,1347,1347,4543941,211395,211721,223852,223952,12.131000,12.457000
128,1499,1499,45db941,279051,279385,297975,298075,18.590000,18.924000
128,3768,3768,4eb8942,273204,273530,305085,305185,31.555000,31.881000
128,2024,2024,47e8943,282051,282377,321811,321911,39.434000,39.760000
128,2055,2055,4807940,426051,426377,444397,444497,18.020000,18.346000
128,3511,3511,4db7941,506827,507153,538526,538626,31.373000,31.699000
128,4447,4447,515f940,585051,585385,591809,591909,6.424000,6.758000
128,6402,6402,5902942,573051,573377,612407,612507,39.030000,39.356000
128,4443,4443,515b940,672051,672377,694303,694403,21.926000,22.252000
128,6048,6048,57a0943,691051,691385,726044,726144,34.659000,34.993000
128,4132,4132,5024941,725051,725377,739718,739818,14.341000,14.667000
128,4668,4668,523c942,746051,746385,757686,757786,11.301000,11.635000
128,6962,6962,5b32941,745051,745377,768637,768737,23.260000,23.586000
128,4227,4227,5083940,789946,790272,814585,814685,24.313000,24.639000
128,2725,2725,4aa5941,883051,883385,895371,895471,11.986000,12.320000
128,8288,8288,6060942,929051,929377,967417,967517,38.040000,38.366000
128,6157,6157,580d942,1183051,1183385,1198390,1198490,15.005000,15.339000
128,10745,10745,69f9943,1210051,1210385,1240309,1240409,29.924000,30.258000
128,6577,6577,59b1941,1267051,1267377,1293001,1293101,25.624000,25.950000
128,9640,9640,65a8942,1277256,1277582,1309375,1309475,31.793000,32.119000
128,6785,6785,5a81941,1330051,1330385,1364107,1364207,33.722000,34.056000
128,6909,6909,5afd943,1373051,1373385,1395132,1395232,21.747000,22.081000
128,8543,8543,615f943,1543051,1543385,1554669,1554769,11.284000,11.618000
128,8644,8644,61c4941,1610051,1610385,1621302,1621402,10.917000,11.251000
128,10504,10504,6908943,1644051,1644385,1664225,1664325,19.840000,20.174000
128,7678,7678,5dfe940,1642051,1642385,1670740,1670840,28.355000,28.689000
128,10750,10750,69fe943,1665409,1665743,1690316,1690416,24.573000,24.907000
128,10663,10663,69a7943,1700051,1700377,1712245,1712345,11.868000,12.194000
128,8942,8942,62ee940,1946051,1946377,1964486,1964586,18.109000,18.435000
128,10529,10529,6921943,2061051,2061377,2076901,2077001,15.524000,15.850000
128,10173,10173,67bd943,2154051,2154385,2172488,2172588,18.103000,18.437000
129,1076,1076,4434941,33051,33377,60492,60592,27.115000,27.441000
129,252,252,40fc943,82051,82377,91542,91642,9.165000,9.491000
129,270,270,410e941,93051,93385,107624,107724,14.239000,14.573000
129,141,141,408d940,98051,98377,119935,120035,21.558000,21.884000
129,2282,2282,48ea941,219051,219385,237097,237197,17.712000,18.046000
129,1817,1817,4719941,264051,264377,281057,281157,16.680000,17.006000
129,946,946,43b2941,283051,283385,289012,289112,5.627000,5.961000
129,3289,3289,4cd9941,306051,306377,338832,338932,32.455000,32.781000
129,2618,2618,4a3a940,424051,424377,437125,437225,12.748000,13.074000
129,1416,1416,4588942,432410,432736,455649,455749,22.913000,23.239000
129,2379,2379,494b942,455051,455377,466611,466711,11.234000,11.560000
129,5339,5339,54db942,459446,459780,480211,480311,20.431000,20.765000
129,1838,1838,472e940,480051,480385,491123,491223,10.738000,11.072000
129,4665,4665,5239940,467051,467385,512985,513084,45.600000,45.934000
129,2340,2340,4924941,482051,482385,523939,524039,41.554000,41.888000
129,1418,1418,458a941,601051,601377,612993,613093,11.616000,11.942000
129,4137,4137,5029941,608366,608700,618532,618632,9.832000,10.166000
129,4228,4228,5084942,668959,669293,717852,717952,48.559000,48.893000
129,4554,4554,51ca941,737051,737385,780350,780450,42.965000,43.299000
129,7801,7801,5e79941,801051,801385,808687,808787,7.302000,7.636000
129,7035,7035,5b7b943,955051,955385,961840,961940,6.455000,6.789000
129,8408,8408,60d8941,1006438,1006764,1030244,1030345,23.480000,23.806000
129,9322,9322,646a941,1030344,1030677,1051976,1052076,21.299000,21.632000
129,7249,7249,5c51940,1114051,1114377,1132514,1132614,18.137000,18.463000
129,6303,6303,589f941,1060051,1060385,1145701,1145801,85.316000,85.650000
129,6369,6369,58e1941,1180051,1180385,1193817,1193917,13.432000,13.766000
129,9336,9336,6478940,1165051,1165385,1198011,1198111,32.626000,32.960000
129,4757,4757,5295942,1364051,1364377,1396789,1396889,32.412000,32.738000
129,6123,6123,57eb942,1453051,1453385,1499133,1499233,45.748000,46.082000
129,9302,9302,6456940,1606416,1606742,1614136,1614236,7.394000,7.720000
129,5308,5308,54bc941,1723051,1723385,1741619,1741719,18.234000,18.568000
129,10203,10203,67db942,1775051,1775377,1797228,1797328,21.851000,22.177000
129,8721,8721,6211940,1784051,1784377,1802742,1802842,18.365000,18.691000
129,9343,9343,647f941,1909051,1909377,1922018,1922118,12.641000,12.967000
129,9623,9623,6597943,1908051,1908377,1930829,1930929,22.452000,22.778000
129,10004,10004,6714943,2060051,2060385,2073988,2074089,13.603000,13.937000
129,10377,10377,6889940,2181051,2181377,2200387,2200487,19.010000,19.336000
129,9614,9614,658e942,2339051,2339385,2359240,2359340,19.855000,20.189000
129,10590,10590,695e943,2539051,2539385,2546701,2546801,7.316000,7.650000
129,9913,9913,66b9941,2802051,2802377,2813352,2813452,10.975000,11.301000
130,1117,1117,445d943,27456,27782,47798,47898,20.016000,20.342000
130,63,63,403f943,67051,67385,98828,98928,31.443000,31.777000
130,1198,1198,44ae940,181677,182011,203463,203563,21.452000,21.786000
130,1224,1224,44c8942,223396,223722,235106,235206,11.384000,11.710000
130,2357,2357,4935941,242051,242377,259237,259337,16.860000,17.186000
130,1488,1488,45d0941,298051,298377,333472,333572,35.095000,35.421000
130,3361,3361,4d21941,332051,332377,349828,349928,17.451000,17.777000
130,2129,2129,4851940,307051,307385,353999,354099,46.614000,46.948000
130,1883,1883,475b943,342439,342765,371506,371606,28.741000,29.067000
130,3318,3318,4cf6943,395051,395377,415134,415234,19.757000,20.083000
130,4407,4407,5137943,433051,433385,457128,457228,23.743000,24.077000
130,3798,3798,4ed6941,482051,482385,500758,500858,18.373000,18.707000
130,2537,2537,49e9940,553051,553385,566158,566258,12.773000,13.107000
130,3851,3851,4f0b941,559051,559377,583369,583469,23.992000,24.318000
130,4012,4012,4fac941,592051,592385,603324,603424,10.939000,11.273000
130,7848,7848,5ea8943,633220,633554,653768,653868,20.214000,20.548000
130,4212,4212,5074940,669051,669385,683863,683963,14.478000,14.812000
130,3009,3009,4bc1942,746051,746385,787009,787109,40.624000,40.958000
130,6644,6644,59f4941,805051,805385,812758,812858,7.373000,7.707000
130,4190,4190,505e941,921051,921377,955822,955922,34.445000,34.771000
130,3616,3616,4e20943,963051,963377,969857,969957,6.480000,6.806000
130,5850,5850,56da941,931051,931377,974085,974185,42.708000,43.034000
130,5442,5442,5542940,992051,992377,1023795,1023895,31.418000,31.744000
130,9932,9932,66cc941,1134051,1134377,1158448,1158548,24.071000,24.397000
130,9253,9253,6425942,1165051,1165377,1171009,1171109,5.632000,5.958000
130,7227,7227,5c3b940,1245051,1245377,1271803,1271903,26.426000,26.752000
130,7468,7468,5d2c942,1260051,1260385,1298629,1298729,38.244000,38.578000
130,8089,8089,5f99941,1290051,1290385,1311128,1311228,20.743000,21.077000
130,10838,10838,6a56943,1320051,1320385,1337747,1337847,17.362000,17.696000
130,5571,5571,55c3940,1326453,1326779,1343233,1343333,16.454000,16.780000
130,7578,7578,5d9a942,1486051,1486385,1496403,1496503,10.018000,10.352000
130,7287,7287,5c77943,1570051,1570385,1589342,1589442,18.957000,19.291000
130,9084,9084,637c943,1598051,1598377,1613811,1613911,15.434000,15.760000
130,8966,8966,6306943,1722051,1722377,1733704,1733804,11.327000,11.653000
130,10263,10263,6817943,1727051,1727385,1739094,1739194,11.709000,12.043000
130,8135,8135,5fc7943,1754299,1754625,1779889,1779989,25.264000,25.590000
130,8855,8855,6297940,1790051,1790385,1812037,1812137,21.652000,21.986000
130,10903,10903,6a97940,1818051,1818385,1831091,1831191,12.706000,13.040000
130,10412,10412,68ac942,2058236,2058571,2065979,2066079,7.408000,7.743000
130,9849,9849,6679942,2143051,2143385,2155242,2155342,11.857000,12.191000
130,10765,10765,6a0d940,2503051,2503385,2519552,2519652,16.167000,16.501000
131,701,701,42bd941,38051,38377,51074,51174,12.697000,13.023000
131,513,513,4201941,56051,56377,64576,64677,8.199000,8.525000
131,131,131,4083942,59051,59385,68771,68871,9.386000,9.720000
131,528,528,4210940,72051,72385,100123,100223,27.738000,28.072000
131,217,217,40d9940,89051,89385,104352,104452,14.967000,15.301000
131,491,491,41eb941,85051,85377,110955,111055,25.578000,25.904000
131,307,307,4133941,109051,109377,138188,138288,28.811000,29.137000
131,956,956,43bc942,131051,131377,150922,151022,19.545000,19.871000
131,2354,2354,4932942,163051,163377,197115,197215,33.738000,34.064000
131,1451,1451,45ab940,331051,331377,347495,347595,16.118000,16.444000
131,2992,2992,4bb0943,332051,332385,366303,366403,33.918000,34.252000
131,3554,3554,4de2940,387384,387718,404574,404674,16.856000,17.190000
131,4486,4486,5186943,416051,416377,438199,438299,21.822000,22.148000
131,1284,1284,4504942,427051,427385,453640,453740,26.255000,26.589000
131,3913,3913,4f49941,450051,450385,465843,465943,15.458000,15.792000
131,2973,2973,4b9d941,456051,456385,475628,475728,19.243000,19.577000
131,1685,1685,4695942,458051,458385,494420,494520,36.035000,36.369000
131,2533,2533,49e5940,485051,485385,510397,510497,25.012000,25.346000
131,2208,2208,48a0940,503051,503385,526781,526881,23.396000,23.730000
131,2569,2569,4a09940,508051,508377,541310,541410,32.933000,33.259000
131,975,975,43cf940,534051,534385,545539,545639,11.154000,11.488000
131,2598,2598,4a26943,661051,661377,674623,674723,13.246000,13.572000
131,4500,4500,5194940,698051,698377,715341,715441,16.964000,17.290000
131,2532,2532,49e4942,713051,713385,726163,726263,12.778000,13.112000
131,5143,5143,5417943,706051,706377,737090,737190,30.713000,31.039000
131,5544,5544,55a8941,729402,729736,766346,766446,36.610000,36.944000
131,6186,6186,582a942,767051,767377,815628,815728,48.251000,48.577000
131,3814,3814,4ee6943,846051,846377,857865,857965,11.488000,11.814000
131,6143,6143,57ff943,820051,820385,866726,866826,46.341000,46.675000
131,5008,5008,5390942,856051,856385,880385,880485,24.000000,24.334000
131,4916,4916,5334941,882051,882385,944167,944267,61.782000,62.116000
131,6393,6393,58f9943,970051,970377,988438,988538,18.061000,18.387000
131,6659,6659,5a03940,941783,942117,992625,992725,50.508000,50.842000
131,3613,3613,4e1d942,984409,984743,1006347,1006447,21.604000,21.938000
131,7167,7167,5bff942,1000051,1000385,1010951,1011051,10.566000,10.900000
131,3806,3806,4ede941,1025051,1025385,1038120,1038221,12.735000,13.069000
131,10340,10340,6864942,1133051,1133377,1156310,1156410,22.933000,23.259000
131,6475,6475,594b943,1161051,1161377,1173200,1173300,11.823000,12.149000
131,4570,4570,51da942,1180051,1180377,1189565,1189665,9.188000,9.514000
131,8078,8078,5f8e940,1201051,1201385,1209666,1209766,8.281000,8.615000
131,5916,5916,571c941,1211051,1211385,1230491,1230591,19.106000,19.440000
131,4094,4094,4ffe942,1238051,1238385,1248368,1248468,9.983000,10.317000
131,7797,7797,5e75940,1285051,1285385,1299345,1299445,13.960000,14.294000
131,9644,9644,65ac940,1278416,1278742,1311202,1311302,32.460000,32.786000
131,4773,4773,52a5943,1306051,1306385,1315391,1315491,9.006000,9.340000
131,6488,6488,5958941,1386549,1386883,1413343,1413443,26.460000,26.794000
131,6530,6530,5982940,1528051,1528377,1558806,1558906,30.429000,30.755000
131,10540,10540,692c943,1537051,1537377,1586232,1586332,48.855000,49.181000
131,8961,8961,6301942,1697051,1697385,1711916,1712016,14.531000,14.865000
131,9638,9638,65a6943,1795051,1795377,1809307,1809407,13.930000,14.256000
131,8635,8635,61bb941,1873051,1873385,1888258,1888358,14.873000,15.207000
131,8030,8030,5f5e941,1916051,1916377,1931815,1931915,15.438000,15.764000
131,7730,7730,5e32940,2265051,2265385,2277288,2277388,11.903000,12.237000
132,1356,1356,454c940,85051,85377,99936,100036,14.559000,14.885000
132,107,107,406b943,88051,88385,109248,109348,20.863000,21.197000
132,967,967,43c7943,134051,134385,150024,150124,15.639000,15.973000
132,1829,1829,4725940,297051,297385,317512,317612,20.127000,20.461000
132,6147,6147,5803942,405439,405773,420614,420714,14.841000,15.175000
132,2511,2511,49cf941,428051,428385,436633,436733,8.248000,8.582000
132,2001,2001,47d1943,410051,410385,442150,442250,31.765000,32.099000
132,2786,2786,4ae2941,459051,459377,473501,473601,14.124000,14.450000
132,4063,4063,4fdf943,470051,470377,485584,485684,15.207000,15.533000
132,3252,3252,4cb4943,468051,468377,499617,499717,31.240000,31.566000
132,4076,4076,4fec942,496051,496385,505542,505642,9.157000,9.491000
132,2320,2320,4910940,592051,592377,611821,611921,19.444000,19.770000
132,5699,5699,5643940,622051,622377,640482,640582,18.105000,18.431000
132,2644,2644,4a54943,646446,646780,658224,658324,11.444000,11.778000
132,1877,1877,4755941,665051,665377,677086,677186,11.709000,12.035000
132,2848,2848,4b20943,683051,683377,692980,693080,9.603000,9.929000
132,5978,5978,575a943,701685,702011,728302,728402,26.291000,26.617000
132,4494,4494,518e943,726051,726385,755152,755252,28.767000,29.101000
132,1912,1912,4778941,733416,733750,760618,760718,26.868000,27.202000
132,3312,3312,4cf0940,757051,757385,793992,794092,36.607000,36.941000
132,4739,4739,5283941,754767,755093,799392,799492,44.299000,44.625000
132,5527,5527,5597940,726817,727143,815720,815820,88.577000,88.903000
132,5519,5519,558f942,845051,845377,859027,859127,13.650000,13.976000
132,4964,4964,5364943,823051,823385,867604,867704,44.219000,44.553000
132,4742,4742,5286942,889447,889773,905749,905849,15.976000,16.302000
132,6572,6572,59ac942,1032051,1032385,1054666,1054766,22.281000,22.615000
132,3832,3832,4ef8943,1083051,1083377,1112875,1112975,29.498000,29.824000
132,3074,3074,4c02943,1135051,1135385,1143474,1143574,8.089000,8.423000
132,7971,7971,5f23942,1154051,1154385,1161767,1161867,7.382000,7.716000
132,8805,8805,6265942,1222573,1222907,1258573,1258673,35.666000,36.000000
132,9215,9215,63ff942,1260051,1260385,1266020,1266120,5.635000,5.969000
132,5216,5216,5460940,1276051,1276385,1283831,1283931,7.446000,7.780000
132,9245,9245,641d940,1269051,1269385,1362290,1362390,92.905000,93.239000
132,7842,7842,5ea2941,1413051,1413385,1420724,1420824,7.339000,7.673000
132,5276,5276,549c942,1419051,1419385,1451120,1451220,31.735000,32.069000
132,9790,9790,663e943,1445051,1445385,1489166,1489266,43.781000,44.115000
132,8120,8120,5fb8942,1479051,1479385,1522026,1522126,42.641000,42.975000
132,7957,7957,5f15942,1535051,1535377,1548648,1548748,13.271000,13.597000
132,7685,7685,5e05941,1558051,1558385,1570274,1570374,11.889000,12.223000
132,7890,7890,5ed2943,1615051,1615377,1635802,1635902,20.425000,20.751000
132,7909,7909,5ee5942,1713409,1713743,1736182,1736282,22.439000,22.773000
132,9783,9783,6637940,1727051,1727377,1740391,1740491,13.014000,13.340000
132,8515,8515,6143941,1743051,1743385,1758329,1758429,14.944000,15.278000
132,10633,10633,6989940,1985885,1986211,1996880,1996980,10.669000,10.995000
132,10780,10780,6a1c941,2063051,2063377,2070758,2070859,7.381000,7.707000
132,9542,9542,6546943,2221051,2221377,2227880,2227980,6.503000,6.829000
132,9970,9970,66f2941,2329051,2329385,2340373,2340473,10.988000,11.322000
133,286,286,411e941,88051,88385,102943,103043,14.558000,14.892000
133,724,724,42d4943,256051,256385,270157,270257,13.772000,14.106000
133,1018,1018,43fa940,325051,325377,339839,339939,14.462000,14.788000
133,3339,3339,4d0b942,365051,365377,378950,379050,13.573000,13.899000
133,2020,2020,47e4942,405051,405377,430381,430481,25.004000,25.330000
133,2396,2396,495c943,432051,432385,444559,444659,12.174000,12.508000
133,2648,2648,4a58940,593051,593377,602568,602668,9.191000,9.517000
133,4888,4888,5318943,594051,594377,606823,606923,12.446000,12.772000
133,3360,3360,4d20943,573051,573385,621831,621931,48.446000,48.780000
133,2554,2554,49fa941,584051,584377,634212,634312,49.835000,50.161000
133,3887,3887,4f2f943,637051,637377,652744,652844,15.367000,15.693000
133,1244,1244,44dc940,675051,675377,692262,692362,16.885000,17.211000
133,3317,3317,4cf5943,723051,723377,728982,729082,5.605000,5.931000
133,7594,7594,5daa943,774051,774385,791094,791194,16.709000,17.043000
133,3133,3133,4c3d940,802051,802377,817889,817989,15.512000,15.838000
133,6601,6601,59c9942,833051,833377,843353,843453,9.976000,10.302000
133,4393,4393,5129941,835051,835377,859961,860061,24.584000,24.910000
133,4627,4627,5213941,871051,871385,880606,880706,9.221000,9.555000
133,3065,3065,4bf9940,870665,870999,884883,884983,13.884000,14.218000
133,5184,5184,5440942,881051,881377,901323,901423,19.946000,20.272000
133,7521,7521,5d61943,966679,967013,1003092,1003192,36.079000,36.413000
133,4281,4281,50b9941,1020051,1020385,1032607,1032706,12.222000,12.556000
133,8788,8788,6254942,1085051,1085385,1100050,1100150,14.665000,14.999000
133,7672,7672,5df8943,1146051,1146385,1154945,1155045,8.560000,8.894000
133,4438,4438,5156941,1115577,1115911,1187913,1188013,72.002000,72.336000
133,7818,7818,5e8a943,1236051,1236377,1247387,1247487,11.010000,11.336000
133,5660,5660,561c941,1267158,1267484,1354746,1354846,87.262000,87.588000
133,10741,10741,69f5940,1345051,1345385,1358988,1359088,13.603000,13.937000
133,8077,8077,5f8d941,1346051,1346385,1371601,1371701,25.216000,25.550000
133,7690,7690,5e0a941,1407446,1407780,1415216,1415316,7.436000,7.770000
133,6136,6136,57f8942,1442051,1442385,1463638,1463738,21.253000,21.587000
133,8509,8509,613d942,1440051,1440385,1469114,1469214,28.729000,29.063000
133,6346,6346,58ca942,1463051,1463377,1473347,1473447,9.970000,10.296000
133,10824,10824,6a48940,1423341,1423675,1477496,1477596,53.821000,54.155000
133,7634,7634,5dd2943,1501051,1501385,1515770,1515870,14.385000,14.719000
133,10792,10792,6a28942,1532051,1532377,1538846,1538946,6.469000,6.795000
133,9281,9281,6441941,1530051,1530385,1551944,1552044,21.559000,21.893000
133,8436,8436,60f4943,1519051,1519377,1556103,1556203,36.726000,37.052000
133,7520,7520,5d60943,1610051,1610377,1618660,1618760,8.283000,8.609000
133,8647,8647,61c7941,1608051,1608385,1624155,1624255,15.770000,16.104000
133,8381,8381,60bd941,1636051,1636385,1645483,1645583,9.098000,9.432000
133,10368,10368,6880940,1975051,1975377,1986785,1986885,11.408000,11.734000
133,9867,9867,668b941,2110051,2110377,2118687,2118787,8.310000,8.636000
133,10968,10968,6ad8942,2201051,2201385,2212308,2212408,10.923000,11.257000
133,9404,9404,64bc940,2267051,2267377,2283237,2283337,15.860000,16.186000
133,10029,10029,672d941,2511051,2511385,2525011,2525111,13.626000,13.960000
134,509,509,41fd941,51604,51930,67667,67767,15.737000,16.063000
134,167,167,40a7941,67051,67385,78320,78420,10.935000,11.269000
134,1531,1531,45fb941,168051,168385,185298,185398,16.913000,17.247000
134,1194,1194,44aa943,283051,283385,297033,297133,13.648000,13.982000
134,1658,1658,467a940,329051,329377,345007,345107,15.630000,15.956000
134,3120,3120,4c30940,518050,518377,534515,534615,16.138000,16.465000
134,2427,2427,497b940,548267,548593,560266,560366,11.673000,11.999000
134,4675,4675,5243942,523760,524086,578432,578532,54.346000,54.672000
134,4349,4349,50fd940,576051,576377,593254,593354,16.877000,17.203000
134,5068,5068,53cc941,603051,603385,615089,615189,11.704000,12.038000
134,5360,5360,54f0943,609694,610020,620542,620642,10.522000,10.848000
134,2002,2002,47d2941,783051,783385,808823,808923,25.438000,25.772000
134,6230,6230,5856942,796051,796385,814314,814414,17.929000,18.263000
134,4110,4110,500e941,761051,761385,822060,822160,60.675000,61.009000
134,5202,5202,5452941,922051,922377,941256,941356,18.879000,19.205000
134,4195,4195,5063941,971051,971385,979613,979713,8.228000,8.562000
134,9555,9555,6553942,958051,958385,1040070,1040171,81.685000,82.019000
134,6809,6809,5a99941,1050409,1050743,1069948,1070048,19.205000,19.539000
134,6081,6081,57c1941,1071484,1071818,1081041,1081141,9.223000,9.557000
134,10426,10426,68ba940,1107051,1107377,1122784,1122884,15.407000,15.733000
134,4432,4432,5150940,1074567,1074893,1143961,1144061,69.068000,69.394000
134,5897,5897,5709943,1105051,1105385,1151725,1151825,46.340000,46.674000
134,7056,7056,5b90941,1149051,1149385,1161240,1161340,11.855000,12.189000
134,7325,7325,5c9d942,1236577,1236903,1251475,1251575,14.572000,14.898000
134,6462,6462,593e942,1286051,1286377,1298105,1298205,11.728000,12.054000
134,10078,10078,675e942,1336051,1336377,1359439,1359539,23.062000,23.388000
134,10878,10878,6a7e940,1350438,1350764,1364943,1365043,14.179000,14.505000
134,5462,5462,5556940,1406051,1406377,1422662,1422762,16.285000,16.611000
134,5338,5338,54da941,1415051,1415385,1435704,1435804,20.319000,20.653000
134,6623,6623,59df943,1543051,1543385,1548123,1548223,4.738000,5.072000
134,10433,10433,68c1942,1523690,1524016,1575042,1575142,51.026000,51.352000
134,10119,10119,6787941,1637051,1637377,1646530,1646630,9.153000,9.479000
134,9645,9645,65ad942,1757051,1757385,1773586,1773686,16.201000,16.535000
134,9993,9993,6709941,1778051,1778385,1788479,1788579,10.094000,10.428000
134,8265,8265,6049942,1880051,1880385,1893111,1893211,12.726000,13.060000
134,7126,7126,5bd6940,2100051,2100377,2113134,2113234,12.757000,13.083000
135,33,33,4021943,46051,46385,54645,54745,8.260000,8.594000
135,99,99,4063942,45051,45385,76592,76692,31.207000,31.541000
135,468,468,41d4940,55051,55385,80791,80891,25.406000,25.740000
135,1074,1074,4432942,97051,97377,112869,112969,15.492000,15.818000
135,3222,3222,4c96940,116051,116385,127868,127968,11.483000,11.817000
135,1028,1028,4404941,104051,104385,133366,133466,28.981000,29.315000
135,691,691,42b3942,172051,172377,177089,177189,4.712000,5.038000
135,2117,2117,4845943,176051,176385,188065,188165,11.680000,12.014000
135,1274,1274,44fa943,240051,240377,251314,251414,10.937000,11.263000
135,1609,1609,4649943,239051,239385,256799,256900,17.414000,17.748000
135,1093,1093,4445940,244051,244377,262190,262290,17.813000,18.139000
135,2891,2891,4b4b940,334051,334377,360775,360875,26.398000,26.724000
135,1548,1548,460c943,349051,349385,377030,377130,27.645000,27.979000
135,3413,3413,4d55940,377051,377377,393101,393201,15.724000,16.050000
135,4855,4855,52f7943,411409,411743,442024,442124,30.281000,30.615000
135,1376,1376,4560942,457051,457385,482301,482401,24.916000,25.250000
135,2115,2115,4843943,474051,474377,495610,495710,21.233000,21.559000
135,1875,1875,4753943,501051,501377,524362,524462,22.985000,23.311000
135,1417,1417,4589943,586051,586385,603003,603103,16.618000,16.952000
135,4087,4087,4ff7942,599051,599377,614018,614118,14.641000,14.967000
135,3178,3178,4c6a941,617051,617385,634005,634105,16.620000,16.954000
135,4597,4597,51f5941,662051,662377,674570,674670,12.193000,12.519000
135,2804,2804,4af4941,677051,677385,693493,693593,16.108000,16.442000
135,5243,5243,547b940,703051,703377,710747,710847,7.370000,7.696000
135,2662,2662,4a66942,701051,701377,716167,716267,14.790000,15.116000
135,4177,4177,5051943,809051,809385,827516,827616,18.131000,18.465000
135,5791,5791,569f942,838051,838377,879936,880036,41.559000,41.885000
135,6506,6506,596a942,838293,838619,914406,914506,75.787000,76.113000
135,6759,6759,5a67940,837022,837356,951871,951971,114.515000,114.849000
135,6520,6520,5978943,949051,949377,970261,970361,20.884000,21.210000
135,7424,7424,5d00943,985051,985377,1035903,1036003,50.526000,50.852000
135,6209,6209,5841942,911051,911377,1073896,1073996,162.519000,162.845000
135,6357,6357,58d5940,1045051,1045377,1078112,1078212,32.735000,33.061000
135,5418,5418,552a941,1062051,1062377,1094482,1094582,32.105000,32.431000
135,7972,7972,5f24940,1124848,1125182,1134881,1134981,9.699000,10.033000
135,8279,8279,6057943,1099051,1099385,1166652,1166752,67.267000,67.601000
135,8372,8372,60b4940,1167051,1167377,1175587,1175687,8.210000,8.536000
135,7760,7760,5e50940,1299813,1300147,1320235,1320335,20.088000,20.422000
135,8964,8964,6304940,1314853,1315187,1325445,1325545,10.258000,10.592000
135,5399,5399,5517941,1350051,1350385,1369323,1369423,18.938000,19.272000
135,8980,8980,6314940,1360051,1360385,1391581,1391681,31.196000,31.530000
135,10561,10561,6941942,1427051,1427377,1435620,1435720,8.243000,8.569000
135,10837,10837,6a55940,1511051,1511377,1537059,1537159,25.682000,26.008000
135,10033,10033,6731941,1576742,1577068,1594024,1594124,16.956000,17.282000
135,9548,9548,654c940,1920051,1920377,1939548,1939648,19.171000,19.497000
135,8982,8982,6316940,1975051,1975385,1987244,1987344,11.859000,12.193000
135,8268,8268,604c941,2097051,2097377,2109323,2109423,11.946000,12.272000
135,9648,9648,65b0943,2103051,2103385,2113472,2113572,10.087000,10.421000
135,9782,9782,6636941,2293051,2293385,2307090,2307190,13.705000,14.039000
136,371,371,4173942,34051,34385,64180,64280,29.795000,30.129000
136,1383,1383,4567941,64051,64377,89271,89371,24.894000,25.220000
136,714,714,42ca942,101051,101385,114037,114137,12.652000,12.986000
136,1197,1197,44ad941,103051,103385,124690,124790,21.305000,21.639000
136,277,277,4115940,119051,119385,163139,163239,43.754000,44.088000
136,32,32,4020942,132051,132385,174197,174297,41.812000,42.146000
136,1528,1528,45f8943,164051,164385,188479,188579,24.094000,24.428000
136,1864,1864,4748941,207051,207385,221755,221855,14.370000,14.704000
136,1038,1038,440e941,219051,219377,246635,246735,27.258000,27.584000
136,1311,1311,451f940,245395,245721,255597,255697,9.876000,10.202000
136,684,684,42ac940,248051,248385,261919,262020,13.534000,13.868000
136,1888,1888,4760942,297051,297377,316827,316927,19.450000,19.776000
136,4374,4374,5116942,295051,295377,322188,322288,26.811000,27.137000
136,1211,1211,44bb943,313051,313385,337874,337974,24.489000,24.823000
136,2437,2437,4985943,342051,342377,375992,376092,33.615000,33.941000
136,4650,4650,522a940,380051,380385,413319,413419,32.934000,33.268000
136,1081,1081,4439943,473051,473377,492642,492742,19.265000,19.591000
136,4699,4699,525b941,546051,546385,554718,554818,8.333000,8.667000
136,2855,2855,4b27941,542051,542377,560193,560293,17.816000,18.142000
136,2603,2603,4a2b940,572051,572385,579784,579884,7.399000,7.733000
136,2534,2534,49e6943,548051,548377,594567,594667,46.190000,46.516000
136,3061,3061,4bf5941,553910,554236,599897,599997,45.661000,45.987000
136,3071,3071,4bff943,664051,664385,677039,677139,12.654000,12.988000
136,3673,3673,4e59943,748051,748385,795822,795922,47.437000,47.771000
136,4759,4759,5297942,791013,791347,809083,809183,17.736000,18.070000
136,4763,4763,529b940,804051,804377,814490,814590,10.113000,10.439000
136,6817,6817,5aa1943,805051,805385,820018,820118,14.633000,14.967000
136,4659,4659,5233941,855051,855385,877358,877458,21.973000,22.307000
136,5777,5777,5691942,897051,897377,951403,951503,54.026000,54.352000
136,7123,7123,5bd3942,925051,925377,969175,969275,43.798000,44.124000
136,3485,3485,4d9d942,979051,979377,991282,991382,11.905000,12.231000
136,4832,4832,52e0942,970051,970377,1025093,1025193,54.716000,55.042000
136,8035,8035,5f63943,1008051,1008377,1030676,1030776,22.299000,22.625000
136,6210,6210,5842942,961051,961377,1040209,1040309,78.832000,79.158000
136,4692,4692,5254942,1060872,1061206,1095133,1095233,33.927000,34.261000
136,6557,6557,599d940,1087051,1087385,1105406,1105506,18.021000,18.355000
136,6608,6608,59d0943,1113051,1113377,1120736,1120836,7.359000,7.685000
136,8872,8872,62a8942,1189478,1189804,1213623,1213723,23.819000,24.145000
136,8069,8069,5f85940,1289051,1289377,1314472,1314572,25.095000,25.421000
136,6835,6835,5ab3942,1348439,1348765,1364559,1364659,15.794000,16.120000
136,9664,9664,65c0943,1339766,1340100,1384940,1385040,44.840000,45.174000
136,3982,3982,4f8e940,1367051,1367385,1390477,1390577,23.092000,23.426000
136,9622,9622,6596943,1399051,1399377,1423740,1423840,24.363000,24.689000
136,5984,5984,5760943,1516051,1516377,1537013,1537113,20.636000,20.962000
136,10687,10687,69bf943,1553051,1553377,1568029,1568129,14.652000,14.978000
136,7515,7515,5d5b940,1576438,1576764,1614626,1614726,37.862000,38.188000
136,10498,10498,6902941,1670051,1670377,1679599,1679699,9.222000,9.548000
136,8380,8380,60bc941,2125051,2125385,2136377,2136477,10.992000,11.326000
137,263,263,4107942,52051,52377,60682,60782,8.305000,8.631000
137,209,209,40d1940,100051,100377,116437,116537,16.060000,16.386000
137,1388,1388,456c941,215051,215377,240943,241043,25.566000,25.892000
137,2525,2525,49dd942,209051,209385,246385,246485,37.000000,37.334000
137,1010,1010,43f2943,266051,266377,275047,275147,8.670000,8.996000
137,1217,1217,44c1942,194410,194736,279245,279345,84.509000,84.835000
137,1069,1069,442d943,274051,274377,295376,295476,20.999000,21.325000
137,1404,1404,457c942,277561,277887,308515,308615,30.628000,30.954000
137,2085,2085,4825941,290439,290765,313923,314023,23.158000,23.484000
137,2425,2425,4979941,297051,297377,356107,356207,58.730000,59.056000
137,2328,2328,4918942,378737,379071,439851,439951,60.780000,61.114000
137,3985,3985,4f91941,423051,423377,444049,444149,20.672000,20.998000
137,3080,3080,4c08943,439051,439377,471409,471509,32.032000,32.358000
137,4624,4624,5210942,511051,511385,559313,559413,47.928000,48.262000
137,4760,4760,5298943,689051,689385,695954,696054,6.569000,6.903000
137,3548,3548,4ddc941,744051,744377,761803,761903,17.426000,17.752000
137,3942,3942,4f66942,759051,759377,773364,773464,13.987000,14.313000
137,5079,5079,53d7941,844051,844385,854886,854986,10.501000,10.835000
137,6784,6784,5a80943,937759,938093,994050,994150,55.957000,56.291000
137,6083,6083,57c3940,1017051,1017377,1024798,1024897,7.421000,7.747000
137,6903,6903,5af7940,1012051,1012377,1035768,1035868,23.391000,23.717000
137,8421,8421,60e5943,1018395,1018729,1052042,1052142,33.313000,33.647000
137,7463,7463,5d27942,1059051,1059377,1116566,1116666,57.189000,57.515000
137,10677,10677,69b5942,1185866,1186192,1227049,1227149,40.857000,41.183000
137,6660,6660,5a04941,1148051,1148377,1237901,1238001,89.524000,89.850000
137,6929,6929,5b11942,1262051,1262385,1277936,1278036,15.551000,15.885000
137,7787,7787,5e6b941,1306051,1306385,1346059,1346159,39.674000,40.008000
137,7621,7621,5dc5942,1352051,1352385,1379066,1379166,26.681000,27.015000
137,10554,10554,693a940,1411051,1411385,1430066,1430166,18.681000,19.015000
137,10905,10905,6a99943,1415051,1415385,1434223,1434323,18.838000,19.172000
137,7173,7173,5c05943,1447051,1447377,1456632,1456732,9.255000,9.581000
137,7075,7075,5ba3941,1373332,1373658,1461846,1461946,88.188000,88.514000
137,9256,9256,6428943,1454051,1454385,1467284,1467384,12.899000,13.233000
137,7827,7827,5e93941,1475373,1475707,1495450,1495550,19.743000,20.077000
137,10696,10696,69c8941,1485828,1486162,1500968,1501068,14.806000,15.140000
137,9792,9792,6640942,1559051,1559377,1573109,1573209,13.732000,14.058000
137,10449,10449,68d1943,1572051,1572377,1584216,1584316,11.839000,12.165000
137,7285,7285,5c75940,1599051,1599385,1613064,1613164,13.679000,14.013000
137,9658,9658,65ba943,1620832,1621158,1638487,1638587,17.329000,17.655000
137,7778,7778,5e62941,1664051,1664385,1677192,1677292,12.807000,13.141000
137,8670,8670,61de942,1692051,1692377,1710441,1710541,18.064000,18.390000
137,8071,8071,5f87942,1768051,1768385,1782612,1782712,14.227000,14.561000
137,8941,8941,62ed940,1818051,1818385,1826726,1826826,8.341000,8.675000
137,10588,10588,695c940,1980446,1980780,1995776,1995876,14.996000,15.330000
137,10638,10638,698e940,2008051,2008377,2020061,2020161,11.684000,12.010000
137,7577,7577,5d99940,2142051,2142385,2148924,2149024,6.539000,6.873000
137,10308,10308,6844940,2563051,2563385,2572473,2572573,9.088000,9.422000
138,865,865,4361943,133051,133377,151370,151470,17.993000,18.319000
138,292,292,4124942,112051,112377,155598,155698,43.221000,43.547000
138,687,687,42af943,98051,98385,160991,161091,62.606000,62.940000
138,377,377,4179940,152431,152757,199520,199620,46.763000,47.089000
138,1205,1205,44b5941,181051,181377,210393,210493,29.016000,29.342000
138,2845,2845,4b1d941,192051,192377,246332,246432,53.955000,54.281000
138,2856,2856,4b28941,197416,197750,257318,257417,59.568000,59.902000
138,2434,2434,4982940,222051,222377,295442,295542,73.065000,73.391000
138,1429,1429,4595940,233051,233385,302221,302321,68.836000,69.170000
138,1734,1734,46c6942,277051,277377,313114,313214,35.737000,36.063000
138,4292,4292,50c4940,526051,526377,534607,534707,8.230000,8.556000
138,5667,5667,5623942,530051,530377,553298,553398,22.921000,23.247000
138,4146,4146,5032942,610051,610377,627633,627733,17.256000,17.582000
138,1775,1775,46ef943,645051,645385,665965,666065,20.580000,20.914000
138,4735,4735,527f941,685051,685377,696227,696327,10.850000,11.176000
138,2722,2722,4aa2940,688051,688377,701663,701763,13.286000,13.612000
138,3045,3045,4be5943,728051,728385,751441,751541,23.056000,23.390000
138,2921,2921,4b69942,803691,804025,811835,811935,7.810000,8.144000
138,2938,2938,4b7a941,880416,880742,918426,918526,37.684000,38.010000
138,4903,4903,5327942,938522,938856,973379,973479,34.523000,34.857000
138,4901,4901,5325940,891416,891750,989531,989631,97.781000,98.115000
138,9068,9068,636c943,983051,983377,998745,998845,15.368000,15.694000
138,7012,7012,5b64943,988591,988925,1009769,1009869,20.844000,21.178000
138,5520,5520,5590941,1012051,1012377,1044071,1044172,31.694000,32.020000
138,7659,7659,5deb941,1072051,1072377,1084312,1084412,11.935000,12.261000
138,5343,5343,54df941,1070051,1070377,1089657,1089757,19.280000,19.606000
138,5603,5603,55e3940,1086051,1086377,1104091,1104191,17.714000,18.040000
138,7643,7643,5ddb943,1172051,1172377,1206579,1206679,34.202000,34.528000
138,9076,9076,6374941,1179051,1179377,1210808,1210908,31.431000,31.757000
138,8993,8993,6321942,1150186,1150512,1216175,1216275,65.663000,65.989000
138,9456,9456,64f0942,1260051,1260385,1271408,1271508,11.023000,11.357000
138,6870,6870,5ad6941,1297079,1297413,1328181,1328281,30.768000,31.102000
138,6635,6635,59eb942,1390051,1390385,1407061,1407161,16.676000,17.010000
138,6629,6629,59e5943,1436051,1436385,1448451,1448551,12.066000,12.400000
138,10906,10906,6a9a942,1507051,1507385,1541901,1542001,34.516000,34.850000
138,7487,7487,5d3f943,1593051,1593385,1608855,1608955,15.470000,15.804000
138,8945,8945,62f1942,1846051,1846377,1857224,1857324,10.847000,11.173000
138,10643,10643,6993941,1886051,1886385,1892954,1893054,6.569000,6.903000
138,10200,10200,67d8940,1975051,1975385,1993531,1993631,18.146000,18.480000
138,6780,6780,5a7c940,2099051,2099385,2106731,2106831,7.346000,7.680000
138,9415,9415,64c7941,2369051,2369377,2378609,2378709,9.232000,9.558000
139,121,121,4079943,89051,89377,111262,111362,21.885000,22.211000
139,1440,1440,45a0943,101051,101377,116653,116753,15.276000,15.602000
139,725,725,42d5942,114051,114377,128843,128943,14.466000,14.792000
139,594,594,4252942,143051,143385,158705,158805,15.320000,15.654000
139,1134,1134,446e943,164377,164703,184946,185046,20.243000,20.569000
139,2194,2194,4892943,212051,212385,224199,224299,11.814000,12.148000
139,2393,2393,4959942,241051,241377,263624,263724,22.247000,22.573000
139,1390,1390,456e942,267650,267984,280125,280225,12.141000,12.475000
139,3155,3155,4c53941,242552,242878,284647,284747,41.769000,42.095000
139,2291,2291,48f3941,421051,421377,478482,478582,57.105000,57.431000
139,4775,4775,52a7942,475051,475385,498569,498669,23.184000,23.518000
139,3594,3594,4e0a940,526051,526385,566559,566659,40.174000,40.508000
139,4895,4895,531f942,564069,564403,577484,577584,13.081000,13.415000
139,2800,2800,4af0940,545051,545385,599383,599483,53.998000,54.332000
139,2477,2477,49ad943,630384,630718,639781,639881,9.063000,9.397000
139,2898,2898,4b52942,609051,609385,654063,654163,44.678000,45.012000
139,4592,4592,51f0940,642177,642511,659453,659553,16.942000,17.276000
139,4070,4070,4fe6943,654051,654377,670291,670391,15.914000,16.240000
139,3202,3202,4c82941,596051,596385,675711,675811,79.326000,79.660000
139,3383,3383,4d37941,671051,671377,688345,688445,16.968000,17.294000
139,5917,5917,571d941,754051,754385,800527,800627,46.142000,46.476000
139,3367,3367,4d27941,792051,792385,806038,806138,13.653000,13.987000
139,3332,3332,4d04940,837051,837377,864323,864423,26.946000,27.272000
139,2806,2806,4af6943,884051,884377,917524,917624,33.147000,33.473000
139,6507,6507,596b940,916051,916385,942399,942499,26.014000,26.348000
139,5420,5420,552c941,915051,915385,946567,946667,31.182000,31.516000
139,3957,3957,4f75942,935051,935377,993793,993893,58.416000,58.742000
139,7092,7092,5bb4940,1013051,1013385,1034343,1034443,20.958000,21.292000
139,7977,7977,5f29940,1015847,1016181,1075842,1075942,59.661000,59.995000
139,6836,6836,5ab4941,1071879,1072213,1082422,1082522,10.209000,10.543000
139,5860,5860,56e4942,1055051,1055385,1087894,1087994,32.509000,32.843000
139,5742,5742,566e941,1089051,1089385,1094995,1095095,5.610000,5.944000
139,5883,5883,56fb941,1074051,1074377,1099193,1099293,24.816000,25.142000
139,8578,8578,6182941,1211051,1211385,1224792,1224892,13.407000,13.741000
139,6367,6367,58df942,1258051,1258385,1279003,1279103,20.618000,20.952000
139,9269,9269,6435943,1265051,1265377,1289879,1289979,24.502000,24.828000
139,8311,8311,6077942,1187283,1187609,1340999,1341099,153.390000,153.716000
139,9761,9761,6621940,1921418,1921752,1939178,1939278,17.426000,17.760000
139,7815,7815,5e87941,1943051,1943385,1954687,1954787,11.302000,11.636000
139,10669,10669,69ad940,2104051,2104377,2123900,2124000,19.523000,19.849000
139,9444,9444,64e4942,2237051,2237377,2248359,2248459,10.982000,11.308000
139,9702,9702,65e6941,2467051,2467385,2476474,2476574,9.089000,9.423000
140,241,241,40f1940,51051,51385,59689,59789,8.304000,8.638000
140,37,37,4025942,71051,71385,93100,93200,21.715000,22.049000
140,783,783,430f940,173051,173377,190032,190132,16.655000,16.981000
140,1260,1260,44ec940,197051,197385,215422,215522,18.037000,18.371000
140,2565,2565,4a05940,251051,251377,265789,265889,14.412000,14.738000
140,3053,3053,4bed940,266245,266571,301987,302087,35.416000,35.742000
140,4311,4311,50d7940,321051,321377,329598,329698,8.221000,8.547000
140,1118,1118,445e942,319051,319377,335083,335183,15.706000,16.032000
140,1916,1916,477c943,374051,374385,387549,387649,13.164000,13.498000
140,1041,1041,4411943,432051,432385,459690,459790,27.305000,27.639000
140,4181,4181,5055942,512050,512385,531360,531460,18.975000,19.310000
140,3042,3042,4be2940,591692,592026,600194,600294,8.168000,8.502000
140,3466,3466,4d8a940,593051,593377,610088,610188,16.711000,17.037000
140,4658,4658,5232941,711051,711377,720393,720493,9.016000,9.342000
140,3907,3907,4f43942,751051,751385,767246,767346,15.861000,16.195000
140,6218,6218,584a943,776051,776377,784577,784677,8.200000,8.526000
140,3470,3470,4d8e942,866051,866377,872875,872975,6.498000,6.824000
140,3397,3397,4d45942,819402,819736,877117,877217,57.381000,57.715000
140,5210,5210,545a941,892051,892377,917230,917330,24.853000,25.179000
140,4950,4950,5356940,894051,894385,933725,933825,39.340000,39.674000
140,5593,5593,55d9943,987051,987385,999997,1000097,12.612000,12.946000
140,8581,8581,6185941,1011782,1012116,1043357,1043456,31.241000,31.575000
140,7912,7912,5ee8943,1032379,1032705,1081727,1081827,49.022000,49.348000
140,9195,9195,63eb942,1094051,1094377,1103704,1103804,9.327000,9.653000
140,8813,8813,626d942,1171051,1171377,1190130,1190230,18.753000,19.079000
140,7029,7029,5b75942,1244347,1244673,1253847,1253947,9.174000,9.500000
140,7623,7623,5dc7940,1225051,1225385,1258722,1258822,33.337000,33.671000
140,7413,7413,5cf5942,1244051,1244385,1263312,1263412,18.927000,19.261000
140,7773,7773,5e5d942,1269051,1269377,1285622,1285722,16.245000,16.571000
140,9030,9030,6346941,1286051,1286385,1305452,1305552,19.067000,19.401000
140,9357,9357,648d941,1301051,1301377,1319452,1319552,18.075000,18.401000
140,7540,7540,5d74940,1281051,1281377,1372460,1372560,91.083000,91.409000
140,5460,5460,5554941,1372439,1372765,1382824,1382924,10.059000,10.385000
140,9547,9547,654b943,1379051,1379385,1397193,1397293,17.808000,18.142000
140,9493,9493,6515940,1332051,1332385,1401396,1401496,69.011000,69.345000
140,9427,9427,64d3940,1395051,1395377,1406741,1406841,11.364000,11.690000
140,6379,6379,58eb941,1500217,1500551,1505306,1505406,4.755000,5.089000
140,7732,7732,5e34940,1542051,1542385,1556207,1556307,13.822000,14.156000
140,10515,10515,6913942,1585051,1585377,1601703,1601803,16.326000,16.652000
140,10865,10865,6a71943,1633051,1633377,1645127,1645227,11.750000,12.076000
140,10069,10069,6755943,1645051,1645377,1661803,1661903,16.426000,16.752000
140,9344,9344,6480943,1821051,1821377,1828747,1828847,7.370000,7.696000
140,8048,8048,5f70941,1863051,1863377,1873820,1873920,10.443000,10.769000
140,10482,10482,68f2943,1976051,1976385,1988227,1988327,11.842000,12.176000
140,9558,9558,6556940,2024051,2024385,2032691,2032791,8.306000,8.640000
140,9811,9811,6653941,2498051,2498377,2506588,2506688,8.211000,8.537000
141,133,133,4085940,38051,38385,64826,64926,26.441000,26.775000
141,825,825,4339941,163051,163377,178402,178502,15.025000,15.351000
141,1308,1308,451c943,215051,215385,241174,241274,25.789000,26.123000
141,1039,1039,440f941,282051,282385,329599,329699,47.214000,47.548000
141,1275,1275,44fb941,264295,264621,340574,340674,75.953000,76.279000
141,911,911,438f942,338456,338782,362433,362533,23.651000,23.977000
141,2061,2061,480d941,339425,339759,366636,366736,26.877000,27.211000
141,3180,3180,4c6c941,476051,476385,563392,563492,87.007000,87.341000
141,3140,3140,4c44940,513050,513385,568888,568988,55.503000,55.838000
141,2037,2037,47f5943,618051,618385,645085,645185,26.700000,27.034000
141,3645,3645,4e3d943,717051,717377,728696,728796,11.319000,11.645000
141,3477,3477,4d95941,731051,731385,758172,758272,26.787000,27.121000
141,4631,4631,5217941,845051,845377,851002,851102,5.625000,5.951000
141,4483,4483,5183940,838051,838385,858591,858691,20.206000,20.540000
141,5972,5972,5754943,834318,834644,920056,920156,85.412000,85.738000
141,5617,5617,55f1943,914051,914385,930147,930247,15.762000,16.096000
141,7024,7024,5b70940,913322,913648,935467,935567,21.819000,22.145000
141,4336,4336,50f0940,926051,926385,962771,962871,36.386000,36.720000
141,8292,8292,6064941,943416,943742,980464,980564,36.722000,37.048000
141,5165,5165,542d941,998051,998385,1006663,1006763,8.278000,8.612000
141,7850,7850,5eaa940,1011051,1011385,1027352,1027452,15.967000,16.301000
141,6648,6648,59f8940,1079948,1080274,1093758,1093858,13.484000,13.810000
141,4170,4170,504a942,1100051,1100377,1114685,1114785,14.308000,14.634000
141,7935,7935,5eff941,1067051,1067385,1121459,1121559,54.074000,54.408000
141,8022,8022,5f56942,1049441,1049767,1165288,1165388,115.521000,115.847000
141,6130,6130,57f2942,1144051,1144377,1192517,1192617,48.140000,48.466000
141,6296,6296,5898940,1151051,1151385,1198002,1198102,46.617000,46.951000
141,7903,7903,5edf941,1244723,1245057,1276246,1276346,31.189000,31.523000
141,4301,4301,50cd940,1348389,1348723,1365181,1365281,16.458000,16.792000
141,7986,7986,5f32943,1454051,1454385,1465243,1465343,10.858000,11.192000
141,9969,9969,66f1940,1482051,1482377,1498955,1499055,16.578000,16.904000
141,9232,9232,6410941,1532051,1532385,1537080,1537180,4.695000,5.029000
141,6135,6135,57f7943,1623051,1623377,1640846,1640946,17.469000,17.795000
141,8136,8136,5fc8943,1742051,1742385,1748924,1749024,6.539000,6.873000
141,10463,10463,68df940,1792051,1792385,1812627,1812727,20.242000,20.576000
141,10560,10560,6940941,1884051,1884377,1910600,1910700,26.223000,26.549000
141,9188,9188,63e4943,2214051,2214385,2228762,2228862,14.377000,14.711000
142,46,46,402e943,51427,51753,72234,72334,20.481000,20.807000
142,1222,1222,44c6943,86917,87243,106319,106419,19.076000,19.402000
142,760,760,42f8941,86084,86418,110486,110586,24.068000,24.402000
142,1691,1691,469b941,143051,143385,164217,164317,20.832000,21.166000
142,1352,1352,4548943,164209,164535,191521,191621,26.986000,27.312000
142,212,212,40d4942,219051,219385,232921,233021,13.536000,13.870000
142,1473,1473,45c1942,273410,273736,297710,297810,23.974000,24.300000
142,2688,2688,4a80943,423051,423385,435190,435290,11.805000,12.139000
142,4322,4322,50e2942,478051,478385,483997,484097,5.612000,5.946000
142,838,838,4346943,495051,495377,516617,516718,21.240000,21.566000
142,2263,2263,48d7943,570051,570377,595155,595255,24.778000,25.104000
142,3991,3991,4f97943,587051,587385,600614,600714,13.229000,13.563000
142,4382,4382,511e940,679051,679385,686803,686903,7.418000,7.752000
142,4109,4109,500d942,711051,711385,735954,736054,24.569000,24.903000
142,5666,5666,5622940,740051,740385,757053,757153,16.668000,17.002000
142,4055,4055,4fd7941,709051,709377,797615,797715,88.238000,88.564000
142,5197,5197,544d941,903051,903385,921941,922041,18.556000,18.890000
142,6828,6828,5aac940,1005051,1005385,1036888,1036989,31.503000,31.837000
142,6431,6431,591f941,1022051,1022385,1079621,1079721,57.236000,57.570000
142,7320,7320,5c98942,1096051,1096385,1138786,1138886,42.401000,42.735000
142,5422,5422,552e942,1175051,1175385,1180981,1181081,5.596000,5.930000
142,7702,7702,5e16943,1215051,1215385,1232977,1233077,17.592000,17.926000
142,6252,6252,586c942,1258051,1258385,1280012,1280112,21.627000,21.961000
142,8141,8141,5fcd941,1295439,1295765,1302331,1302431,6.566000,6.892000
142,8741,8741,6225941,1355678,1356012,1394793,1394893,38.781000,39.115000
142,10552,10552,6938943,1406439,1406765,1413252,1413352,6.487000,6.813000
142,8315,8315,607b941,1412051,1412377,1443135,1443235,30.758000,31.084000
142,5895,5895,5707943,1417051,1417385,1448599,1448699,31.214000,31.548000
142,10773,10773,6a15943,1461453,1461779,1473657,1473757,11.878000,12.204000
142,10634,10634,698a942,1646051,1646377,1654576,1654676,8.199000,8.525000
142,10706,10706,69d2941,1663051,1663377,1670770,1670870,7.393000,7.719000
142,8668,8668,61dc941,1780051,1780377,1790504,1790604,10.127000,10.453000
142,9876,9876,6694941,1774425,1774759,1797124,1797224,22.365000,22.699000
142,5553,5553,55b1940,1784051,1784377,1808048,1808148,23.671000,23.997000
142,8351,8351,609f941,1914051,1914377,1927510,1927610,13.133000,13.459000
142,9921,9921,66c1940,1951051,1951385,1957918,1958018,6.533000,6.867000
142,7051,7051,5b8b940,2130051,2130377,2141246,2141346,10.869000,11.195000
142,10305,10305,6841943,2193410,2193736,2202833,2202933,9.097000,9.423000
142,9221,9221,6405941,2338051,2338377,2345796,2345896,7.419000,7.745000
143,1752,1752,46d8941,217051,217385,223909,224009,6.524000,6.858000
143,1478,1478,45c6942,219051,219385,229275,229375,9.890000,10.224000
143,761,761,42f9940,221051,221377,239268,239368,17.891000,18.217000
143,2620,2620,4a3c942,234051,234377,250206,250306,15.829000,16.155000
143,1450,1450,45aa942,242051,242377,294384,294484,52.007000,52.333000
143,1491,1491,45d3943,297051,297385,338533,338633,41.148000,41.482000
143,2559,2559,49ff941,353051,353385,399802,399902,46.417000,46.751000
143,3085,3085,4c0d941,401609,401935,425650,425750,23.715000,24.041000
143,2281,2281,48e9941,429051,429377,438567,438667,9.190000,9.516000
143,4485,4485,5185942,513050,513377,520814,520914,7.437000,7.764000
143,2851,2851,4b23943,509051,509385,525017,525117,15.632000,15.966000
143,5726,5726,565e942,558051,558385,592179,592279,33.794000,34.128000
143,3602,3602,4e12940,581051,581385,597616,597716,16.231000,16.565000
143,3225,3225,4c99940,595170,595504,613982,614082,18.478000,18.812000
143,4101,4101,5005942,669051,669377,694276,694376,24.899000,25.225000
143,3086,3086,4c0e943,669424,669750,698421,698521,28.671000,28.997000
143,5125,5125,5405943,729051,729377,739055,739155,9.678000,10.004000
143,3396,3396,4d44942,728051,728385,744362,744462,15.977000,16.311000
143,4628,4628,5214941,723051,723377,749900,750000,26.523000,26.849000
143,8263,8263,6047943,740875,741209,760833,760933,19.624000,19.958000
143,5390,5390,550e941,986051,986385,993725,993825,7.340000,7.674000
143,5272,5272,5498942,993051,993377,999884,999984,6.507000,6.833000
143,5696,5696,5640941,992051,992377,1004080,1004180,11.703000,12.029000
143,9784,9784,6638942,993061,993387,1008258,1008358,14.871000,15.197000
143,4342,4342,50f6940,1034051,1034377,1060220,1060320,25.843000,26.169000
143,6112,6112,57e0942,1102051,1102385,1126244,1126344,23.859000,24.193000
143,8117,8117,5fb5943,1123051,1123385,1134239,1134339,10.854000,11.188000
143,8956,8956,62fc940,1141051,1141377,1150562,1150662,9.185000,9.511000
143,7639,7639,5dd7940,1141051,1141377,1157989,1158089,16.612000,16.938000
143,5387,5387,550b940,1179051,1179377,1196535,1196635,17.158000,17.484000
143,5379,5379,5503941,1196051,1196377,1219594,1219694,23.217000,23.543000
143,8802,8802,6262940,1218051,1218377,1233622,1233722,15.245000,15.571000
143,10483,10483,68f3941,1266051,1266385,1278379,1278479,11.994000,12.328000
143,7275,7275,5c6b941,1246051,1246377,1311488,1311588,65.111000,65.437000
143,7973,7973,5f25942,1339051,1339377,1359829,1359929,20.452000,20.778000
143,8803,8803,6263941,1345051,1345377,1364049,1364149,18.672000,18.998000
143,10506,10506,690a940,1347051,1347377,1370299,1370399,22.922000,23.248000
143,6621,6621,59dd942,1383418,1383752,1402974,1403074,19.222000,19.556000
143,8075,8075,5f8b940,1394051,1394385,1411325,1411425,16.940000,17.274000
143,9879,9879,6697941,1404051,1404377,1415574,1415674,11.197000,11.523000
143,7264,7264,5c60940,1430051,1430385,1460143,1460243,29.758000,30.092000
143,10040,10040,6738940,2025051,2025385,2049022,2049122,23.637000,23.971000
143,9670,9670,65c6940,2049051,2049377,2061229,2061330,11.852000,12.178000
143,8947,8947,62f3943,2131051,2131377,2149443,2149543,18.066000,18.392000
144,344,344,4158940,79416,79742,93352,93452,13.610000,13.936000
144,1325,1325,452d941,113673,113999,129432,129533,15.433000,15.759000
144,421,421,41a5943,126431,126757,135112,135212,8.355000,8.681000
144,791,791,4317941,173051,173385,200672,200772,27.287000,27.621000
144,382,382,417e942,196051,196377,211938,212038,15.561000,15.887000
144,798,798,431e941,183051,183377,216128,216228,32.751000,33.077000
144,303,303,412f940,232051,232377,245214,245314,12.837000,13.163000
144,1177,1177,4499940,301051,301377,309721,309821,8.344000,8.670000
144,3393,3393,4d41941,440051,440377,459142,459242,18.765000,19.091000
144,3377,3377,4d31941,477051,477377,489726,489826,12.349000,12.675000
144,2149,2149,4865940,484051,484385,508247,508347,23.862000,24.196000
144,1476,1476,45c4942,522050,522377,532469,532569,10.092000,10.419000
144,2214,2214,48a6941,574051,574377,586972,587072,12.595000,12.921000
144,4358,4358,5106941,587395,587721,601919,602019,14.198000,14.524000
144,2918,2918,4b66940,598051,598385,634593,634693,36.208000,36.542000
144,4268,4268,50ac940,666051,666377,706044,706144,39.667000,39.993000
144,4567,4567,51d7940,754051,754377,775186,775286,20.809000,21.135000
144,3423,3423,4d5f940,759051,759377,779335,779435,19.958000,20.284000
144,5492,5492,5574943,811051,811377,824829,824929,13.452000,13.778000
144,7862,7862,5eb6941,801410,801736,838915,839015,37.179000,37.505000
144,5066,5066,53ca940,933051,933385,944324,944424,10.939000,11.273000
144,4682,4682,524a940,969626,969960,978476,978576,8.516000,8.850000
144,7191,7191,5c17941,943250,943576,994496,994596,50.920000,51.246000
144,6578,6578,59b2940,990051,990385,1035594,1035694,45.209000,45.543000
144,7218,7218,5c32943,1026062,1026388,1045404,1045503,19.016000,19.342000
144,7017,7017,5b69940,1059051,1059385,1074019,1074119,14.634000,14.968000
144,5604,5604,55e4943,1063051,1063377,1080914,1081014,17.537000,17.863000
144,8059,8059,5f7b942,1089051,1089377,1097833,1097933,8.456000,8.782000
144,5114,5114,53fa942,1074051,1074377,1103222,1103322,28.845000,29.171000
144,5552,5552,55b0941,1053051,1053385,1128591,1128691,75.206000,75.540000
144,9830,9830,6666940,1351051,1351385,1357882,1357982,6.497000,6.831000
144,7786,7786,5e6a943,1401439,1401773,1423488,1423588,21.715000,22.049000
144,7186,7186,5c12941,1419051,1419385,1432068,1432168,12.683000,13.017000
144,9251,9251,6423940,1422051,1422385,1436266,1436366,13.881000,14.215000
144,9856,9856,6680943,1452051,1452377,1488181,1488281,35.804000,36.130000
144,9631,9631,659f940,1482051,1482385,1496943,1497043,14.558000,14.892000
144,9936,9936,66d0940,1471569,1471903,1514781,1514881,42.878000,43.212000
144,10148,10148,67a4941,1520051,1520385,1550465,1550565,30.080000,30.414000
144,7003,7003,5b5b943,1612051,1612385,1627699,1627799,15.314000,15.648000
144,8692,8692,61f4943,1622051,1622377,1638272,1638372,15.895000,16.221000
144,7235,7235,5c43943,1651051,1651377,1667092,1667192,15.715000,16.041000
144,10601,10601,6969941,1692051,1692385,1709900,1710000,17.515000,17.849000
144,8697,8697,61f9940,1727051,1727385,1747174,1747274,19.789000,20.123000
144,9720,9720,65f8943,1884051,1884385,1894429,1894529,10.044000,10.378000
144,8690,8690,61f2942,1909051,1909385,1931071,1931171,21.686000,22.020000
144,9855,9855,667f941,1964856,1965190,1969890,1969990,4.700000,5.034000
144,8342,8342,6096942,2073784,2074118,2084997,2085097,10.879000,11.213000
144,9568,9568,6560942,2079051,2079377,2103540,2103640,24.163000,24.489000
145,149,149,4095941,110051,110385,124721,124821,14.336000,14.670000
145,1532,1532,45fc943,104051,104385,134244,134344,29.859000,30.193000
145,588,588,424c940,111051,111377,145205,145305,33.828000,34.154000
145,126,126,407e942,219051,219377,231222,231322,11.845000,12.171000
145,951,951,43b7941,271051,271385,283330,283430,11.945000,12.279000
145,847,847,434f942,320765,321091,360358,360458,39.267000,39.593000
145,866,866,4362943,360051,360385,372270,372370,11.885000,12.219000
145,2015,2015,47df941,412051,412377,418890,418990,6.513000,6.839000
145,3614,3614,4e1e942,432051,432377,476704,476804,44.327000,44.653000
145,2564,2564,4a04942,470051,470385,486492,486592,16.107000,16.441000
145,3668,3668,4e54941,457051,457377,498784,498884,41.407000,41.733000
145,2972,2972,4b9c942,510051,510377,530333,530433,19.956000,20.282000
145,3780,3780,4ec4942,537051,537385,563581,563681,26.196000,26.530000
145,4517,4517,51a5940,565051,565377,579758,579858,14.381000,14.707000
145,5194,5194,544a940,591051,591385,609497,609597,18.112000,18.446000
145,2490,2490,49ba942,599051,599377,613926,614026,14.549000,14.875000
145,1472,1472,45c0942,602267,602601,632004,632104,29.403000,29.737000
145,6550,6550,5996943,624051,624377,648387,648487,24.010000,24.336000
145,4416,4416,5140941,654051,654385,680196,680296,25.811000,26.145000
145,4340,4340,50f4941,659051,659385,685569,685669,26.184000,26.518000
145,5993,5993,5769942,683051,683385,699265,699365,15.880000,16.214000
145,4139,4139,502b941,685051,685385,704718,704818,19.333000,19.667000
145,6552,6552,5998941,854051,854377,884523,884623,30.146000,30.472000
145,5842,5842,56d2940,953051,953377,968791,968891,15.414000,15.740000
145,7588,7588,5da4941,926051,926377,985950,986050,59.573000,59.899000
145,4161,4161,5041940,993896,994230,1016330,1016430,22.100000,22.434000
145,7587,7587,5da3942,1025107,1025441,1036547,1036647,11.106000,11.440000
145,6500,6500,5964941,1033051,1033377,1045603,1045703,12.226000,12.552000
145,7419,7419,5cfb943,1032051,1032385,1063833,1063933,31.448000,31.782000
145,6657,6657,5a01941,1066675,1067001,1091500,1091600,24.499000,24.825000
145,7116,7116,5bcc941,1057405,1057731,1100247,1100347,42.516000,42.842000
145,5851,5851,56db943,1135051,1135385,1149830,1149930,14.445000,14.779000
145,5207,5207,5457943,1129051,1129385,1155341,1155441,25.956000,26.290000
145,10478,10478,68ee941,1130051,1130385,1160851,1160951,30.466000,30.800000
145,7802,7802,5e7a940,1144051,1144377,1166362,1166462,21.985000,22.311000
145,3201,3201,4c81940,1253051,1253385,1274786,1274886,21.401000,21.735000
145,7332,7332,5ca4943,1276051,1276385,1287587,1287687,11.202000,11.536000
145,9898,9898,66aa943,1280051,1280385,1294540,1294640,14.155000,14.489000
145,8133,8133,5fc5941,1333051,1333377,1358191,1358291,24.814000,25.140000
145,6757,6757,5a65940,1366051,1366385,1392278,1392378,25.893000,26.227000
145,8344,8344,6098942,1371051,1371385,1403152,1403252,31.767000,32.101000
145,10434,10434,68c2942,1421051,1421377,1441611,1441711,20.234000,20.560000
145,9499,9499,651b940,1409051,1409385,1454425,1454525,45.040000,45.374000
145,8358,8358,60a6943,1458051,1458385,1490669,1490769,32.284000,32.618000
145,7808,7808,5e80941,1486387,1486713,1502970,1503070,16.257000,16.583000
145,9987,9987,6703943,1510051,1510385,1543714,1543814,33.329000,33.663000
145,8295,8295,6067941,1470051,1470385,1554741,1554841,84.356000,84.690000
145,10716,10716,69dc943,1603051,1603385,1609923,1610023,6.538000,6.872000
145,7304,7304,5c88942,1655051,1655377,1667208,1667308,11.831000,12.157000
145,8602,8602,619a941,1702051,1702377,1707100,1707200,4.723000,5.049000
145,8963,8963,6303943,1699051,1699377,1720930,1721030,21.553000,21.879000
145,9134,9134,63ae943,2178051,2178385,2184006,2184106,5.621000,5.955000
146,976,976,43d0942,44051,44377,65317,65418,20.940000,21.266000
146,5,5,4005943,105051,105385,126208,126308,20.823000,21.157000
146,750,750,42ee942,113051,113377,130411,130510,17.034000,17.360000
146,159,159,409f943,130051,130384,147580,147680,17.196000,17.529000
146,809,809,4329941,214051,214377,225025,225125,10.648000,10.974000
146,896,896,4380942,246051,246377,270256,270356,23.879000,24.205000
146,1618,1618,4652940,334051,334385,356100,356200,21.715000,22.049000
146,2703,2703,4a8f942,398051,398377,412841,412941,14.464000,14.790000
146,3256,3256,4cb8941,404051,404385,436084,436184,31.699000,32.033000
146,2172,2172,487c941,427051,427377,441499,441599,14.122000,14.448000
146,2082,2082,4822940,447051,447377,480555,480655,33.178000,33.504000
146,2399,2399,495f941,599051,599377,620356,620456,20.979000,21.305000
146,6362,6362,58da943,596821,597155,647401,647501,50.246000,50.580000
146,4192,4192,5060941,602051,602377,661863,661963,59.486000,59.812000
146,4417,4417,5141940,653051,653385,683009,683109,29.624000,29.958000
146,1289,1289,4509940,707051,707385,718338,718438,10.953000,11.287000
146,4815,4815,52cf941,721051,721385,757744,757844,36.359000,36.693000
146,3326,3326,4cfe943,764051,764377,769997,770097,5.620000,5.946000
146,1992,1992,47c8943,724051,724377,782465,782565,58.088000,58.414000
146,7032,7032,5b78942,783345,783671,809846,809946,26.175000,26.501000
146,6066,6066,57b2941,812051,812377,826383,826483,14.006000,14.332000
146,4748,4748,528c942,833051,833377,867039,867139,33.662000,33.988000
146,4889,4889,5319941,822722,823048,888455,888555,65.407000,65.733000
146,6796,6796,5a8c940,858215,858541,924885,924985,66.344000,66.670000
146,7893,7893,5ed5943,894051,894377,930328,930428,35.951000,36.277000
146,4390,4390,5126941,933378,933712,946837,946937,13.125000,13.459000
146,4633,4633,5219940,886051,886377,974464,974564,88.087000,88.413000
146,5116,5116,53fc942,984051,984385,996349,996449,11.964000,12.298000
146,3795,3795,4ed3941,989431,989757,1004414,1004514,14.657000,14.983000
146,5907,5907,5713941,1105051,1105385,1114753,1114853,9.368000,9.702000
146,7130,7130,5bda940,1114051,1114377,1138050,1138150,23.673000,23.999000
146,8401,8401,60d1941,1234051,1234385,1259923,1260023,25.538000,25.872000
146,9088,9088,6380940,1242051,1242377,1264139,1264239,21.762000,22.088000
146,8299,8299,606b943,1276051,1276385,1306547,1306647,30.162000,30.496000
146,7250,7250,5c52941,1365395,1365729,1389449,1389549,23.720000,24.054000
146,7036,7036,5b7c940,1400051,1400377,1429305,1429405,28.928000,29.254000
146,6737,6737,5a51940,1718051,1718385,1726674,1726774,8.289000,8.623000
146,10579,10579,6953943,1757051,1757377,1773422,1773522,16.045000,16.371000
146,9902,9902,66ae940,1798283,1798609,1823971,1824071,25.362000,25.688000
146,10577,10577,6951941,2247051,2247377,2262742,2262842,15.365000,15.691000
147,155,155,409b940,57051,57377,74705,74805,17.328000,17.654000
147,361,361,4169940,75051,75377,80148,80248,4.771000,5.097000
147,995,995,43e3941,140051,140385,175653,175753,35.268000,35.602000
147,352,352,4160942,166051,166385,187114,187214,20.729000,21.063000
147,796,796,431c942,188051,188377,214467,214567,26.090000,26.416000
147,494,494,41ee942,257051,257385,270467,270567,13.082000,13.416000
147,974,974,43ce942,259439,259765,284267,284367,24.502000,24.828000
147,1819,1819,471b943,277051,277385,295763,295863,18.378000,18.712000
147,1558,1558,4616942,380936,381270,407777,407877,26.507000,26.841000
147,3595,3595,4e0b941,468051,468377,480768,480868,12.391000,12.717000
147,2492,2492,49bc942,455051,455377,485688,485788,30.311000,30.637000
147,2449,2449,4991941,516050,516385,545722,545822,29.337000,29.672000
147,1380,1380,4564940,599616,599950,614627,614727,14.677000,15.011000
147,4016,4016,4fb0943,592967,593293,623404,623504,30.111000,30.437000
147,3427,3427,4d63942,602051,602385,631034,631134,28.649000,28.983000
147,5364,5364,54f4940,645051,645377,655508,655608,10.131000,10.457000
147,5200,5200,5450941,705051,705385,719910,720010,14.525000,14.859000
147,6783,6783,5a7f943,752051,752377,768687,768787,16.310000,16.636000
147,6960,6960,5b30942,758051,758385,800140,800240,41.755000,42.089000
147,5694,5694,563e943,863051,863377,936354,936454,72.977000,73.303000
147,3717,3717,4e85941,964787,965121,1010944,1011044,45.823000,46.157000
147,5015,5015,5397943,1074051,1074385,1079949,1080049,5.564000,5.898000
147,3996,3996,4f9c943,1112051,1112385,1127464,1127564,15.079000,15.413000
147,5504,5504,5580940,1151051,1151377,1216812,1216912,65.435000,65.761000
147,5212,5212,545c940,1274051,1274385,1294768,1294868,20.383000,20.717000
147,5955,5955,5743940,1309439,1309765,1321460,1321560,11.695000,12.021000
147,8076,8076,5f8c941,1460051,1460377,1496514,1496614,36.137000,36.463000
147,10017,10017,6721942,1491051,1491377,1502049,1502149,10.672000,10.998000
147,9463,9463,64f7943,1475051,1475377,1517675,1517775,42.298000,42.624000
147,8718,8718,620e943,1668051,1668377,1685590,1685690,17.213000,17.539000
147,7670,7670,5df6941,1725051,1725377,1749011,1749111,23.634000,23.960000
147,10109,10109,677d941,2159051,2159377,2169416,2169516,10.039000,10.365000
148,413,413,419d940,65395,65729,98463,98563,32.734000,33.068000
148,807,807,4327940,85051,85377,103950,104050,18.573000,18.899000
148,670,670,429e941,171051,171385,184872,184972,13.487000,13.821000
148,1385,1385,4569940,291051,291385,312874,312974,21.489000,21.823000
148,1176,1176,4498943,337051,337385,350173,350273,12.788000,13.122000
148,4270,4270,50ae943,479051,479385,511365,511465,31.980000,32.314000
148,3161,3161,4c59943,514424,514750,544008,544108,29.258000,29.584000
148,4240,4240,5090941,617986,618312,627458,627558,9.146000,9.472000
148,799,799,431f940,629051,629377,634235,634335,4.858000,5.184000
148,5540,5540,55a4943,641051,641385,681913,682013,40.528000,40.862000
148,4314,4314,50da941,698051,698385,723928,724028,25.543000,25.877000
148,4144,4144,5030943,810051,810377,825095,825195,14.718000,15.044000
148,4204,4204,506c943,816105,816431,830317,830417,13.886000,14.212000
148,4550,4550,51c6943,848051,848377,873954,874054,25.577000,25.903000
148,5782,5782,5696943,912051,912377,933934,934034,21.557000,21.883000
148,4187,4187,505b943,890051,890377,948299,948399,57.922000,58.248000
148,3444,3444,4d74941,910051,910377,976856,976956,66.479000,66.805000
148,9267,9267,6433943,1034051,1034377,1091387,1091487,57.010000,57.336000
148,5105,5105,53f1942,1075051,1075377,1095616,1095716,20.239000,20.565000
148,8125,8125,5fbd943,1092453,1092779,1147015,1147115,54.236000,54.562000
148,7098,7098,5bba941,1127051,1127385,1172012,1172112,44.627000,44.961000
148,3588,3588,4e04943,1143051,1143377,1188481,1188581,45.104000,45.430000
148,9595,9595,657b943,1243051,1243385,1263944,1264044,20.559000,20.893000
148,10953,10953,6ac9942,1242051,1242377,1268159,1268259,25.782000,26.108000
148,9411,9411,64c3942,1235051,1235385,1274864,1274964,39.479000,39.813000
148,4970,4970,536a942,1313051,1313385,1322520,1322620,9.135000,9.469000
148,6414,6414,590e941,1363051,1363385,1383747,1383847,20.362000,20.696000
148,9845,9845,6675943,1432411,1432737,1446467,1446567,13.730000,14.056000
148,8952,8952,62f8943,1533051,1533385,1553233,1553333,19.848000,20.182000
148,7858,7858,5eb2942,1579051,1579385,1592905,1593005,13.520000,13.854000
148,9953,9953,66e1941,1593051,1593385,1605164,1605264,11.779000,12.113000
148,9873,9873,6691940,1643051,1643377,1663027,1663127,19.650000,19.976000
148,10975,10975,6adf940,1664051,1664377,1675312,1675412,10.935000,11.261000
148,7814,7814,5e86942,1680051,1680377,1689951,1690051,9.574000,9.900000
148,8726,8726,6216943,1720051,1720385,1733640,1733740,13.255000,13.589000
148,10357,10357,6875941,1882051,1882377,1895143,1895243,12.766000,13.092000
148,8609,8609,61a1941,1907051,1907377,1922117,1922217,14.740000,15.066000
148,9434,9434,64da941,2036051,2036377,2042008,2042108,5.631000,5.957000
148,10593,10593,6961943,2292051,2292377,2298880,2298980,6.503000,6.829000
149,663,663,4297943,53051,53377,62402,62502,9.025000,9.351000
149,440,440,41b8942,58051,58377,82413,82513,24.036000,24.362000
149,299,299,412b940,92051,92385,100630,100730,8.245000,8.579000
149,669,669,429d941,115051,115377,123629,123729,8.252000,8.578000
149,455,455,41c7941,125051,125377,133610,133710,8.233000,8.559000
149,576,576,4240940,147051,147377,167499,167599,20.122000,20.448000
149,80,80,4050943,181051,181377,211037,211137,29.660000,29.986000
149,2742,2742,4ab6940,209051,209377,222041,222141,12.664000,12.990000
149,2195,2195,4893942,223051,223377,235235,235335,11.858000,12.184000
149,172,172,40ac942,195051,195385,247484,247584,52.099000,52.433000
149,3127,3127,4c37942,271051,271385,284046,284146,12.661000,12.995000
149,3018,3018,4bca940,519050,519385,546085,546185,26.700000,27.035000
149,5536,5536,55a0940,543051,543385,566192,566292,22.807000,23.141000
149,5685,5685,5635940,600171,600505,611889,611989,11.384000,11.718000
149,4182,4182,5056940,597051,597377,617165,617265,19.788000,20.114000
149,3631,3631,4e2f941,623051,623377,640623,640723,17.246000,17.572000
149,3533,3533,4dcd942,628051,628385,675492,675592,47.107000,47.441000
149,3684,3684,4e64941,678051,678385,689199,689299,10.814000,11.148000
149,4745,4745,5289940,726283,726609,742990,743090,16.381000,16.707000
149,4318,4318,50de941,701051,701377,759495,759595,58.118000,58.444000
149,4685,4685,524d943,802625,802951,811302,811402,8.351000,8.677000
149,7019,7019,5b6b940,811051,811377,824880,824980,13.503000,13.829000
149,4965,4965,5365943,846051,846385,854685,854785,8.300000,8.634000
149,7127,7127,5bd7941,856402,856736,885237,885337,28.501000,28.835000
149,7458,7458,5d22941,943761,944095,957130,957230,13.035000,13.369000
149,4083,4083,4ff3942,1008051,1008385,1037156,1037256,28.771000,29.105000
149,6182,6182,5826942,943051,943385,1042568,1042667,99.183000,99.517000
149,4687,4687,524f941,1015905,1016231,1129416,1129516,113.185000,113.511000
149,5021,5021,539d942,1132051,1132377,1137965,1138065,5.588000,5.914000
149,2606,2606,4a2e940,1167051,1167377,1177479,1177579,10.102000,10.428000
149,6622,6622,59de940,1197051,1197385,1218988,1219088,21.603000,21.937000
149,7082,7082,5baa941,1208051,1208385,1229902,1230002,21.517000,21.851000
149,7748,7748,5e44940,1233051,1233377,1257453,1257553,24.076000,24.402000
149,7403,7403,5ceb943,1034051,1034377,1267853,1267953,233.476000,233.802000
149,6497,6497,5961943,1251051,1251377,1280468,1280568,29.091000,29.417000
149,9469,9469,64fd943,1257410,1257736,1285899,1285999,28.163000,28.489000
149,10404,10404,68a4941,1277051,1277385,1292510,1292610,15.125000,15.459000
149,9275,9275,643b940,1336965,1337299,1349440,1349540,12.141000,12.475000
149,10447,10447,68cf943,1350051,1350385,1365261,1365361,14.876000,15.210000
149,7792,7792,5e70943,1407051,1407377,1432609,1432709,25.232000,25.558000
149,4974,4974,536e941,1421051,1421385,1438067,1438167,16.682000,17.016000
149,9240,9240,6418941,1477051,1477385,1489294,1489394,11.909000,12.243000
149,6580,6580,59b4940,1549051,1549385,1574744,1574844,25.359000,25.693000
149,10178,10178,67c2942,1541813,1542147,1580255,1580355,38.108000,38.442000
149,8923,8923,62db940,1602051,1602385,1612453,1612553,10.068000,10.402000
149,8414,8414,60de941,1612051,1612385,1624218,1624318,11.833000,12.167000
149,7939,7939,5f03940,1611051,1611377,1634551,1634651,23.174000,23.500000
149,10468,10468,68e4943,1643051,1643377,1663450,1663550,20.073000,20.399000
149,7125,7125,5bd5943,1663051,1663377,1698416,1698516,35.039000,35.365000
149,9291,9291,644b940,1682836,1683162,1714840,1714940,31.678000,32.004000
149,5167,5167,542f940,1766051,1766377,1779123,1779223,12.746000,13.072000
149,9238,9238,6416942,1908051,1908377,1918424,1918524,10.047000,10.373000
149,9965,9965,66ed943,1915051,1915377,1926343,1926443,10.966000,11.292000
149,9725,9725,65fd941,1954051,1954385,1961747,1961847,7.362000,7.696000
149,7471,7471,5d2f940,1970051,1970377,1980393,1980493,10.016000,10.342000
149,10556,10556,693c942,2226051,2226377,2240948,2241048,14.571000,14.897000
149,9861,9861,6685943,2277051,2277385,2283836,2283936,6.451000,6.785000
149,10623,10623,697f943,2280051,2280377,2293896,2293996,13.519000,13.845000
149,10631,10631,6987941,2526051,2526385,2540915,2541015,14.530000,14.864000
150,236,236,40ec942,41051,41385,50595,50695,9.210000,9.544000
150,42,42,402a940,60051,60377,78347,78447,17.970000,18.296000
150,230,230,40e6942,91051,91385,105172,105272,13.787000,14.121000
150,728,728,42d8943,186051,186385,202334,202434,15.949000,16.283000
150,2698,2698,4a8a941,327439,327765,340583,340683,12.818000,13.144000
150,1051,1051,441b942,330051,330377,346999,347099,16.622000,16.948000
150,2342,2342,4926942,390051,390385,410906,411006,20.521000,20.855000
150,1905,1905,4771940,420051,420377,430363,430463,9.986000,10.312000
150,1928,1928,4788940,454051,454385,466265,466365,11.880000,12.214000
150,3410,3410,4d52943,462051,462377,510439,510539,48.062000,48.388000
150,3885,3885,4f2d940,538051,538385,549818,549918,11.433000,11.767000
150,3494,3494,4da6940,555729,556055,598101,598201,42.046000,42.372000
150,4415,4415,513f943,641051,641385,674568,674668,33.183000,33.517000
150,2090,2090,482a943,655051,655385,680030,680130,24.645000,24.979000
150,3229,3229,4c9d940,603051,603385,685537,685637,82.152000,82.486000
150,3681,3681,4e61942,676051,676385,690634,690734,14.249000,14.583000
150,5391,5391,550f941,671813,672139,694852,694952,22.713000,23.039000
150,7081,7081,5ba9940,704051,704377,738528,738628,34.151000,34.477000
150,4709,4709,5265940,718051,718385,751057,751157,32.672000,33.006000
150,5832,5832,56c8941,733051,733385,782998,783098,49.613000,49.947000
150,5297,5297,54b1943,803051,803377,823352,823452,19.975000,20.301000
150,8024,8024,5f58941,1048051,1048377,1073974,1074074,25.597000,25.923000
150,9286,9286,6446943,1079031,1079365,1096745,1096845,17.380000,17.714000
150,7996,7996,5f3c942,1013051,1013377,1106134,1106234,92.757000,93.083000
150,7367,7367,5cc7941,1091051,1091385,1167780,1167880,76.395000,76.729000
150,9561,9561,6559942,1161051,1161385,1178638,1178738,17.253000,17.587000
150,4931,4931,5343941,1213051,1213377,1225656,1225756,12.279000,12.605000
150,4823,4823,52d7943,1207051,1207377,1231053,1231153,23.676000,24.002000
150,4660,4660,5234943,1197051,1197377,1245266,1245366,47.889000,48.215000
150,8558,8558,616e942,1264051,1264385,1277272,1277372,12.887000,13.221000
150,7166,7166,5bfe940,1406051,1406385,1419380,1419480,12.995000,13.329000
150,5436,5436,553c942,1451051,1451385,1463988,1464088,12.603000,12.937000
150,6282,6282,588a941,1440051,1440377,1472877,1472977,32.500000,32.826000
150,9442,9442,64e2943,1634051,1634377,1652805,1652905,18.428000,18.754000
150,10670,10670,69ae940,1726051,1726385,1732847,1732947,6.462000,6.796000
150,7016,7016,5b68943,1758051,1758377,1771193,1771293,12.816000,13.142000
150,10573,10573,694d942,2008051,2008385,2018402,2018502,10.017000,10.351000
150,9706,9706,65ea940,2184051,2184385,2191773,2191873,7.388000,7.722000
151,173,173,40ad942,75051,75385,86907,87007,11.522000,11.856000
151,2156,2156,486c941,163051,163385,178037,178137,14.652000,14.986000
151,1138,1138,4472943,173051,173377,199976,200076,26.599000,26.925000
151,1737,1737,46c9940,177416,177742,217245,217345,39.503000,39.829000
151,937,937,43a9941,206051,206377,225176,225276,18.799000,19.125000
151,638,638,427e942,185051,185385,229366,229466,43.981000,44.315000
151,1299,1299,4513942,350051,350377,371778,371878,21.401000,21.727000
151,2930,2930,4b72940,491051,491377,508780,508880,17.403000,17.729000
151,3839,3839,4eff943,575051,575385,592952,593052,17.567000,17.901000
151,6024,6024,5788941,583051,583377,597123,597223,13.746000,14.072000
151,4391,4391,5127943,604051,604377,623312,623412,18.935000,19.261000
151,3725,3725,4e8d940,577051,577377,629352,629452,51.975000,52.301000
151,2580,2580,4a14943,641051,641377,651456,651556,10.079000,10.405000
151,2423,2423,4977942,706051,706377,713747,713847,7.370000,7.696000
151,3758,3758,4eae941,806051,806377,817557,817657,11.180000,11.506000
151,5034,5034,53aa940,824891,825217,840218,840318,15.001000,15.327000
151,3310,3310,4cee942,814051,814377,872485,872585,58.108000,58.434000
151,6290,6290,5892943,858304,858638,877838,877938,19.200000,19.534000
151,3779,3779,4ec3940,852051,852385,882027,882127,29.642000,29.976000
151,4688,4688,5250941,880051,880377,913746,913846,33.369000,33.695000
151,4171,4171,504b943,879526,879852,963775,963875,83.923000,84.249000
151,5977,5977,5759940,961051,961385,996149,996249,34.764000,35.098000
151,7715,7715,5e23942,921273,921607,1045665,1045764,124.058000,124.392000
151,7102,7102,5bbe940,1020051,1020385,1067286,1067386,46.901000,47.235000
151,3040,3040,4be0943,898051,898385,1091934,1092034,193.549000,193.883000
151,7701,7701,5e15940,1008051,1008385,1118596,1118696,110.211000,110.545000
151,7602,7602,5db2940,1122051,1122385,1129770,1129870,7.385000,7.719000
151,7349,7349,5cb5941,1123181,1123507,1137368,1137468,13.861000,14.187000
151,7683,7683,5e03940,1159371,1159697,1171794,1171894,12.097000,12.423000
151,5417,5417,5529943,1159051,1159377,1176022,1176122,16.645000,16.971000
151,6291,6291,5893941,1175051,1175385,1192938,1193038,17.553000,17.887000
151,7605,7605,5db5942,1207051,1207377,1218272,1218372,10.895000,11.221000
151,8359,8359,60a7943,1216051,1216377,1235433,1235533,19.056000,19.382000
151,6939,6939,5b1b941,1202051,1202385,1246091,1246191,43.706000,44.040000
151,8715,8715,620b940,1257051,1257385,1273462,1273562,16.077000,16.411000
151,6485,6485,5955940,1253051,1253377,1287699,1287799,34.322000,34.648000
151,7604,7604,5db4941,1323051,1323385,1362960,1363060,39.575000,39.909000
151,10238,10238,67fe940,1456051,1456385,1469107,1469207,12.722000,13.056000
151,5965,5965,574d941,1489409,1489743,1531365,1531465,41.622000,41.956000
151,9392,9392,64b0943,1462903,1463237,1536763,1536863,73.526000,73.860000
151,7569,7569,5d91941,1513051,1513377,1558187,1558287,44.810000,45.136000
151,7236,7236,5c44941,1560051,1560377,1572036,1572136,11.659000,11.985000
151,10301,10301,683d940,1655051,1655377,1668686,1668786,13.309000,13.635000
151,10160,10160,67b0942,1702051,1702377,1714643,1714743,12.266000,12.592000
151,5700,5700,5644941,1867416,1867750,1876058,1876158,8.308000,8.642000
151,8540,8540,615c940,1918051,1918377,1930912,1931012,12.535000,12.861000
151,10475,10475,68eb940,2194051,2194377,2208934,2209034,14.557000,14.883000
151,7190,7190,5c16941,2209051,2209377,2217698,2217798,8.321000,8.647000
152,242,242,40f2942,53051,53385,73912,74012,20.527000,20.861000
152,186,186,40ba943,76051,76385,84692,84792,8.307000,8.641000
152,2296,2296,48f8942,254051,254385,271999,272099,17.614000,17.948000
152,1334,1334,4536941,315999,316333,327486,327586,11.153000,11.487000
152,2797,2797,4aed941,359051,359377,382357,382457,22.980000,23.306000
152,2033,2033,47f1940,399051,399377,417697,417797,18.320000,18.646000
152,2151,2151,4867940,438051,438377,475378,475478,37.001000,37.327000
152,1831,1831,4727940,479051,479385,490407,490507,11.022000,11.356000
152,4158,4158,503e943,600797,601131,618958,619058,17.827000,18.161000
152,2699,2699,4a8b942,605051,605377,623107,623207,17.730000,18.056000
152,4787,4787,52b3942,627622,627956,648669,648769,20.713000,21.047000
152,5199,5199,544f941,793051,793377,819108,819208,25.731000,26.057000
152,6275,6275,5883940,796195,796529,844941,845041,48.412000,48.746000
152,4444,4444,515c940,853051,853377,874160,874260,20.783000,21.109000
152,4645,4645,5225942,865051,865377,878333,878433,12.956000,13.282000
152,6895,6895,5aef943,904051,904385,933431,933531,29.046000,29.380000
152,6531,6531,5983943,961139,961473,979519,979619,18.046000,18.380000
152,9145,9145,63b9943,963094,963420,983733,983833,20.313000,20.639000
152,6240,6240,5860940,992042,992368,1013267,1013367,20.899000,21.225000
152,2899,2899,4b53940,1016051,1016377,1050287,1050387,33.910000,34.236000
152,5706,5706,564a942,1269051,1269385,1275946,1276046,6.561000,6.895000
152,5163,5163,542b941,1316051,1316385,1325574,1325674,9.189000,9.523000
152,7959,7959,5f17943,1348740,1349066,1358240,1358340,9.174000,9.500000
152,6642,6642,59f2943,1352051,1352377,1380391,1380491,28.014000,28.340000
152,9715,9715,65f3940,1495051,1495377,1511939,1512039,16.562000,16.888000
152,9183,9183,63df942,1525051,1525385,1542520,1542620,17.135000,17.469000
152,7922,7922,5ef2943,1553051,1553377,1560730,1560830,7.353000,7.679000
152,10883,10883,6a83942,1552051,1552377,1564950,1565050,12.573000,12.899000
152,8347,8347,609b940,1603051,1603385,1615489,1615589,12.104000,12.438000
152,10832,10832,6a50942,1908868,1909202,1921948,1922048,12.746000,13.080000
152,9362,9362,6492943,1931051,1931385,1936065,1936165,4.680000,5.014000
153,422,422,41a6941,53051,53377,87228,87328,33.851000,34.177000
153,1848,1848,4738940,84051,84377,126508,126608,42.131000,42.457000
153,2231,2231,48b7943,225051,225385,236244,236344,10.859000,11.193000
153,1445,1445,45a5940,227051,227377,240434,240534,13.057000,13.383000
153,2011,2011,47db942,233386,233720,254343,254443,20.623000,20.957000
153,3384,3384,4d38941,315248,315574,331346,331446,15.772000,16.098000
153,1872,1872,4750943,322051,322385,360702,360802,38.317000,38.651000
153,3540,3540,4dd4942,412051,412385,444455,444555,32.070000,32.404000
153,2404,2404,4964943,448051,448377,467555,467655,19.178000,19.504000
153,5282,5282,54a2940,553051,553385,567051,567151,13.666000,14.000000
153,2359,2359,4937942,584051,584385,603976,604076,19.591000,19.925000
153,3193,3193,4c79940,651416,651742,686158,686258,34.416000,34.742000
153,5451,5451,554b943,683051,683377,718786,718886,35.409000,35.735000
153,10177,10177,67c1943,831051,831385,838528,838628,7.143000,7.477000
153,3561,3561,4de9940,865051,865385,888718,888818,23.333000,23.667000
153,6774,6774,5a76940,898128,898462,908696,908796,10.234000,10.568000
153,6270,6270,587e940,1034410,1034735,1069597,1069697,34.862000,35.187000
153,9094,9094,6386940,1043203,1043537,1109884,1109984,66.347000,66.681000
153,7626,7626,5dca941,1195051,1195377,1224472,1224572,29.095000,29.421000
153,8619,8619,61ab943,1244051,1244377,1267936,1268036,23.559000,23.885000
153,6159,6159,580f942,1228051,1228385,1272159,1272259,43.774000,44.108000
153,5241,5241,5479940,1272051,1272377,1287993,1288093,15.616000,15.942000
153,3883,3883,4f2b940,1300051,1300377,1320165,1320265,19.788000,20.114000
153,6406,6406,5906941,1356051,1356385,1363789,1363889,7.404000,7.738000
153,9979,9979,66fb940,1391051,1391377,1405505,1405605,14.128000,14.454000
153,9619,9619,6593941,1462051,1462377,1468028,1468128,5.651000,5.977000
153,10206,10206,67de942,1458051,1458385,1473526,1473626,15.141000,15.475000
153,8944,8944,62f0941,1519051,1519377,1528376,1528476,8.999000,9.325000
153,6189,6189,582d942,1504051,1504377,1533135,1533235,28.758000,29.084000
153,10930,10930,6ab2940,1535051,1535385,1547337,1547437,11.952000,12.286000
153,8563,8563,6173941,1648416,1648750,1669124,1669224,20.374000,20.708000
153,10124,10124,678c943,1793051,1793385,1804302,1804402,10.917000,11.251000
153,9650,9650,65b2940,1873051,1873377,1897911,1898011,24.534000,24.860000
153,10919,10919,6aa7940,2047051,2047377,2060839,2060939,13.462000,13.788000
153,10805,10805,6a35943,2059865,2060198,2072968,2073069,12.770000,13.103000
153,8634,8634,61ba943,2140051,2140377,2150401,2150501,10.024000,10.350000
153,9464,9464,64f8942,2155051,2155385,2166319,2166419,10.934000,11.268000
154,465,465,41d1940,106051,106377,123750,123850,17.373000,17.699000
154,595,595,4253940,105051,105377,148762,148862,43.385000,43.711000
154,2615,2615,4a37940,195051,195377,216891,216991,21.514000,21.840000
154,1140,1140,4474942,201416,201742,308507,308607,106.765000,107.091000
154,510,510,41fe943,292409,292743,346899,346999,54.156000,54.490000
154,2420,2420,4974941,330051,330377,352997,353097,22.620000,22.946000
154,612,612,4264943,485051,485385,497957,498057,12.572000,12.906000
154,3997,3997,4f9d942,488051,488377,519911,520011,31.534000,31.860000
154,2353,2353,4931940,507051,507385,526299,526399,18.914000,19.248000
154,2130,2130,4852941,595051,595385,602833,602933,7.448000,7.782000
154,5487,5487,556f941,742051,742377,757893,757993,15.516000,15.842000
154,3782,3782,4ec6940,799051,799385,812318,812418,12.933000,13.267000
154,4721,4721,5271943,820051,820385,841632,841732,21.247000,21.581000
154,6720,6720,5a40940,830051,830385,849049,849149,18.664000,18.998000
154,7963,7963,5f1b940,739446,739780,867748,867848,127.968000,128.302000
154,5300,5300,54b4941,860051,860385,935838,935938,75.453000,75.787000
154,4150,4150,5036943,983051,983377,993521,993621,10.144000,10.470000
154,5299,5299,54b3942,1055051,1055377,1063325,1063425,7.948000,8.274000
154,6919,6919,5b07942,1070051,1070377,1088581,1088681,18.204000,18.530000
154,5616,5616,55f0940,1060051,1060385,1096073,1096173,35.688000,36.022000
154,7641,7641,5dd9941,1096051,1096377,1101075,1101175,4.698000,5.024000
154,6689,6689,5a21940,1095051,1095377,1108648,1108748,13.271000,13.597000
154,10174,10174,67be942,1112051,1112377,1118513,1118613,6.136000,6.462000
154,7976,7976,5f28943,1125713,1126039,1156201,1156301,30.162000,30.488000
154,5935,5935,572f942,1144806,1145140,1190531,1190631,45.391000,45.725000
154,5006,5006,538e940,1172051,1172377,1194694,1194794,22.317000,22.643000
154,5605,5605,55e5942,1266300,1266626,1322680,1322780,56.054000,56.380000
154,7230,7230,5c3e943,1328051,1328385,1354227,1354327,25.842000,26.176000
154,9582,9582,656e943,1335051,1335385,1358456,1358556,23.071000,23.405000
154,6360,6360,58d8943,1348051,1348377,1362637,1362737,14.260000,14.586000
154,6985,6985,5b49941,1357051,1357385,1369290,1369390,11.905000,12.239000
154,8239,8239,602f941,1418051,1418385,1438429,1438529,20.044000,20.378000
154,9024,9024,6340940,1433051,1433385,1460981,1461081,27.596000,27.930000
154,9368,9368,6498941,1443051,1443385,1488327,1488427,44.942000,45.276000
154,9100,9100,638c943,1521051,1521377,1531389,1531489,10.012000,10.338000
154,8251,8251,603b941,1590051,1590385,1604277,1604377,13.892000,14.226000
154,9774,9774,662e940,1621051,1621385,1636413,1636513,15.028000,15.362000
154,8490,8490,612a941,1806051,1806385,1818997,1819097,12.612000,12.946000
154,10486,10486,68f6941,1920051,1920385,1940834,1940934,20.449000,20.783000
154,10620,10620,697c943,2023051,2023377,2031003,2031103,7.626000,7.952000
154,9273,9273,6439941,2200402,2200736,2210020,2210120,9.284000,9.618000
154,7940,7940,5f04940,2320051,2320385,2337521,2337621,17.136000,17.470000
154,9961,9961,66e9942,2422051,2422377,2438376,2438476,15.999000,16.325000
155,608,608,4260942,106051,106377,116325,116425,9.948000,10.274000
155,1121,1121,4461943,169051,169385,191702,191802,22.317000,22.651000
155,1783,1783,46f7942,175051,175385,208101,208201,32.716000,33.050000
155,1999,1999,47cf941,246051,246377,252827,252927,6.450000,6.776000
155,2252,2252,48cc943,270051,270377,290238,290338,19.861000,20.187000
155,1553,1553,4611941,341051,341377,373304,373404,31.927000,32.253000
155,1514,1514,45ea941,499051,499377,550962,551062,51.585000,51.911000
155,3627,3627,4e2b942,521050,521377,561964,562064,40.587000,40.914000
155,5342,5342,54de942,543051,543377,566167,566267,22.790000,23.116000
155,1801,1801,4709942,554051,554385,611265,611365,56.880000,57.214000
155,6254,6254,586e943,590051,590385,627608,627708,37.223000,37.557000
155,2444,2444,498c942,645051,645385,665732,665832,20.347000,20.681000
155,2483,2483,49b3943,669051,669385,694449,694549,25.064000,25.398000
155,5214,5214,545e943,737439,737773,760974,761074,23.201000,23.535000
155,4998,4998,5386943,894409,894743,907426,907526,12.683000,13.017000
155,4720,4720,5270941,958051,958385,965772,965872,7.387000,7.721000
155,6673,6673,5a11940,958051,958385,1027676,1027776,69.291000,69.625000
155,8209,8209,6011941,1084051,1084385,1095287,1095387,10.902000,11.236000
155,7810,7810,5e82943,1099051,1099377,1135332,1135432,35.955000,36.281000
155,5760,5760,5680943,1147051,1147377,1165375,1165475,17.998000,18.324000
155,4475,4475,517b941,1159410,1159736,1181927,1182027,22.191000,22.517000
155,7742,7742,5e3e943,1174051,1174385,1192890,1192990,18.505000,18.839000
155,7945,7945,5f09941,1324051,1324385,1352833,1352933,28.448000,28.782000
155,8746,8746,622a942,1421051,1421377,1448779,1448879,27.402000,27.728000
155,9258,9258,642a943,1483051,1483377,1502787,1502887,19.410000,19.736000
155,9471,9471,64ff941,1489632,1489966,1509302,1509402,19.336000,19.670000
155,7429,7429,5d05943,1484051,1484385,1517893,1517993,33.508000,33.842000
155,6630,6630,59e6943,1486051,1486385,1525701,1525801,39.316000,39.650000
155,8118,8118,5fb6940,1600051,1600385,1613824,1613924,13.439000,13.773000
155,8653,8653,61cd941,1640051,1640377,1653865,1653965,13.488000,13.814000
155,9857,9857,6681941,1752051,1752377,1769523,1769623,17.146000,17.472000
155,9042,9042,6352940,1835439,1835773,1850166,1850266,14.393000,14.727000
155,9367,9367,6497943,1843051,1843377,1857010,1857110,13.633000,13.959000
155,10440,10440,68c8942,2087051,2087385,2109477,2109577,22.092000,22.426000
155,10624,10624,6980943,2170051,2170385,2178659,2178759,8.274000,8.608000
155,10841,10841,6a59941,2654439,2654765,2663098,2663198,8.333000,8.659000
156,603,603,425b941,22051,22385,46936,47036,24.551000,24.885000
156,381,381,417d942,40051,40385,51134,51234,10.749000,11.083000
156,1687,1687,4697940,172051,172385,205326,205426,32.941000,33.275000
156,1200,1200,44b0941,205051,205377,220281,220381,14.904000,15.230000
156,2625,2625,4a41942,249051,249377,259479,259578,10.102000,10.428000
156,1250,1250,44e2943,249051,249385,313869,313969,64.484000,64.818000
156,4749,4749,528d942,436051,436385,449649,449749,13.264000,13.598000
156,3174,3174,4c66941,574051,574385,593248,593348,18.863000,19.197000
156,2422,2422,4976940,571051,571385,597442,597542,26.057000,26.391000
156,2655,2655,4a5f941,589051,589377,603737,603837,14.360000,14.686000
156,7185,7185,5c11942,810051,810385,821160,821260,10.775000,11.109000
156,6984,6984,5b48941,813051,813377,838343,838443,24.966000,25.292000
156,5748,5748,5674943,740051,740377,864154,864254,123.777000,124.103000
156,7691,7691,5e0b942,890051,890385,915940,916040,25.555000,25.889000
156,4252,4252,509c941,866239,866565,961035,961135,94.470000,94.796000
156,7110,7110,5bc6940,1021051,1021385,1027879,1027980,6.494000,6.828000
156,4275,4275,50b3943,1222051,1222385,1250813,1250913,28.428000,28.762000
156,10025,10025,6729941,1289051,1289385,1331213,1331313,41.828000,42.162000
156,6154,6154,580a941,1366051,1366385,1403554,1403654,37.169000,37.503000
156,7374,7374,5cce940,1412051,1412377,1420657,1420757,8.280000,8.606000
156,6563,6563,59a3943,1442051,1442377,1464300,1464400,21.923000,22.249000
156,9924,9924,66c4940,1455051,1455385,1471283,1471383,15.898000,16.232000
156,10051,10051,6743940,1474051,1474385,1494957,1495057,20.572000,20.906000
156,6872,6872,5ad8940,1502051,1502385,1518117,1518217,15.732000,16.066000
156,10668,10668,69ac941,1510051,1510377,1522335,1522435,11.958000,12.284000
156,6359,6359,58d7940,1515945,1516279,1546121,1546221,29.842000,30.176000
156,8951,8951,62f7940,1591051,1591377,1607466,1607566,16.089000,16.415000
156,8586,8586,618a940,1643446,1643780,1673584,1673684,29.804000,30.138000
156,9426,9426,64d2941,2029051,2029377,2040399,2040499,11.022000,11.348000
156,10105,10105,6779943,2049051,2049385,2064755,2064854,15.370000,15.704000
156,9688,9688,65d8940,2164051,2164385,2173632,2173732,9.247000,9.581000
156,8172,8172,5fec941,2319051,2319385,2344775,2344875,25.390000,25.724000
157,148,148,4094940,40051,40385,60243,60343,19.858000,20.192000
157,1316,1316,4524941,74051,74377,93080,93180,18.703000,19.029000
157,441,441,41b9942,89051,89377,112194,112294,22.817000,23.143000
157,521,521,4209942,118051,118377,132086,132186,13.709000,14.035000
157,432,432,41b0941,220051,220377,228591,228691,8.214000,8.540000
157,1828,1828,4724942,209051,209385,236640,236740,27.255000,27.589000
157,2720,2720,4aa0941,231657,231991,260873,260972,28.882000,29.216000
157,1295,1295,450f940,240051,240385,265044,265144,24.659000,24.993000
157,1615,1615,464f942,287051,287377,298352,298452,10.975000,11.301000
157,3815,3815,4ee7940,279051,279385,302524,302624,23.139000,23.473000
157,2471,2471,49a7943,291402,291736,325102,325202,33.366000,33.700000
157,1409,1409,4581942,375499,375825,388392,388492,12.567000,12.893000
157,2555,2555,49fb940,439051,439385,473047,473147,33.662000,33.996000
157,4902,4902,5326942,447977,448303,486969,487069,38.666000,38.992000
157,3584,3584,4e00942,465051,465385,498198,498298,32.813000,33.147000
157,3153,3153,4c51943,483416,483742,520189,520290,36.447000,36.773000
157,3988,3988,4f94941,470051,470377,542257,542357,71.880000,72.206000
157,1571,1571,4623941,516050,516385,553253,553353,36.868000,37.203000
157,2469,2469,49a5940,607287,607613,619343,619443,11.730000,12.056000
157,3698,3698,4e72940,611051,611377,640614,640714,29.237000,29.563000
157,4350,4350,50fe943,648051,648377,673473,673573,25.096000,25.422000
157,4616,4616,5208941,676051,676385,700215,700315,23.830000,24.164000
157,4306,4306,50d2940,681051,681385,704455,704555,23.070000,23.404000
157,4175,4175,504f940,727051,727377,753225,753325,25.848000,26.174000
157,5323,5323,54cb942,723051,723377,762765,762865,39.388000,39.714000
157,7632,7632,5dd0940,734051,734377,830332,830432,95.955000,96.281000
157,6646,6646,59f6941,851051,851377,879933,880033,28.556000,28.882000
157,5038,5038,53ae941,935051,935377,945285,945385,9.908000,10.234000
157,5678,5678,562e941,921051,921377,963597,963697,42.220000,42.546000
157,6370,6370,58e2943,1001439,1001773,1021031,1021131,19.258000,19.592000
157,5722,5722,565a940,1071051,1071377,1094025,1094125,22.648000,22.974000
157,4113,4113,5011942,1095051,1095385,1105655,1105755,10.270000,10.604000
157,8044,8044,5f6c942,1099051,1099377,1116542,1116642,17.165000,17.491000
157,5687,5687,5637941,1098051,1098385,1127907,1128007,29.522000,29.856000
157,9202,9202,63f2941,1138416,1138742,1186024,1186124,47.282000,47.608000
157,6989,6989,5b4d943,1192051,1192377,1220756,1220856,28.379000,28.705000
157,8701,8701,61fd940,1192051,1192377,1231813,1231913,39.436000,39.762000
157,5122,5122,5402942,1185802,1186136,1269820,1269920,83.684000,84.018000
157,7557,7557,5d85941,1298051,1298377,1337471,1337571,39.094000,39.420000
157,7831,7831,5e97940,1332051,1332385,1348727,1348827,16.342000,16.676000
157,6512,6512,5970943,1372051,1372377,1400204,1400304,27.827000,28.153000
157,10612,10612,6974940,1447446,1447780,1454103,1454203,6.323000,6.657000
157,9019,9019,633b941,1498051,1498385,1535936,1536036,37.551000,37.885000
157,8504,8504,6138941,1575051,1575377,1599408,1599508,24.031000,24.357000
157,10260,10260,6814941,1639051,1639377,1650229,1650329,10.852000,11.178000
157,7864,7864,5eb8942,1642051,1642385,1656658,1656758,14.273000,14.607000
157,7645,7645,5ddd941,1650051,1650377,1669515,1669615,19.138000,19.464000
157,10348,10348,686c941,1684051,1684385,1699032,1699132,14.647000,14.981000
157,9765,9765,6625943,2000051,2000377,2015823,2015923,15.446000,15.772000
157,9386,9386,64aa941,2346051,2346385,2353860,2353960,7.475000,7.809000
157,10471,10471,68e7940,2550051,2550377,2561324,2561424,10.947000,11.273000
158,256,256,4100940,21051,21385,28808,28908,7.423000,7.757000
158,672,672,42a0941,96051,96385,115037,115137,18.652000,18.986000
158,1150,1150,447e942,127431,127757,134301,134401,6.544000,6.870000
158,1003,1003,43eb942,248051,248377,261092,261191,12.715000,13.041000
158,860,860,435c940,284051,284385,317134,317234,32.749000,33.083000
158,1433,1433,4599941,283051,283385,322995,323095,39.610000,39.944000
158,3652,3652,4e44943,490051,490377,513821,513920,23.444000,23.770000
158,3774,3774,4ebe943,495051,495385,560086,560186,64.701000,65.035000
158,2775,2775,4ad7940,646051,646385,676798,676898,30.413000,30.747000
158,3707,3707,4e7b940,666051,666377,693097,693197,26.720000,27.046000
158,4530,4530,51b2941,661051,661377,704051,704151,42.674000,43.000000
158,3803,3803,4edb942,705051,705385,713578,713678,8.193000,8.527000
158,6080,6080,57c0940,722983,723317,728930,729030,5.613000,5.947000
158,3994,3994,4f9a941,726051,726385,733074,733174,6.689000,7.023000
158,4561,4561,51d1941,720051,720377,754418,754518,34.041000,34.367000
158,3267,3267,4cc3942,794051,794377,842410,842510,48.033000,48.359000
158,5317,5317,54c5940,877051,877385,894431,894531,17.046000,17.380000
158,10019,10019,6723943,924051,924377,939551,939651,15.174000,15.500000
158,4566,4566,51d6943,951051,951377,959586,959686,8.209000,8.535000
158,3345,3345,4d11943,948051,948377,970608,970708,22.231000,22.557000
158,8321,8321,6081941,971051,971377,986850,986950,15.473000,15.799000
158,6978,6978,5b42941,1195721,1196055,1234353,1234453,38.298000,38.632000
158,8464,8464,6110941,1255051,1255377,1276077,1276177,20.700000,21.026000
158,4746,4746,528a940,1311076,1311410,1340915,1341015,29.505000,29.839000
158,9276,9276,643c942,1402051,1402385,1418630,1418730,16.245000,16.579000
158,10074,10074,675a943,1462051,1462385,1488562,1488662,26.177000,26.511000
158,8893,8893,62bd941,1575051,1575377,1596663,1596763,21.286000,21.612000
158,8671,8671,61df942,1821410,1821736,1833419,1833519,11.683000,12.009000
158,9111,9111,6397942,1874051,1874377,1901728,1901828,27.351000,27.677000
158,10844,10844,6a5c943,2001051,2001385,2013110,2013210,11.725000,12.059000
159,1135,1135,446f943,42051,42385,47981,48081,5.596000,5.930000
159,457,457,41c9943,61051,61385,68739,68839,7.354000,7.688000
159,1764,1764,46e4940,60051,60385,72944,73044,12.559000,12.893000
159,822,822,4336941,73051,73377,80691,80791,7.314000,7.640000
159,681,681,42a9940,89051,89377,103509,103609,14.132000,14.458000
159,1094,1094,4446942,177439,177765,198181,198281,20.416000,20.742000
159,1792,1792,4700942,241051,241385,246120,246220,4.735000,5.069000
159,923,923,439b942,241051,241385,253056,253156,11.671000,12.005000
159,4236,4236,508c943,339051,339377,357450,357550,18.073000,18.399000
159,1920,1920,4780943,358203,358537,370206,370306,11.669000,12.003000
159,1663,1663,467f943,411051,411377,421162,421262,9.785000,10.111000
159,4331,4331,50eb941,468051,468385,490914,491014,22.529000,22.863000
159,2900,2900,4b54940,438051,438377,495059,495159,56.682000,57.008000
159,2925,2925,4b6d943,523050,523377,549188,549288,25.811000,26.138000
159,3556,3556,4de4940,509051,509377,576622,576722,67.245000,67.571000
159,2946,2946,4b82943,691990,692316,710645,710745,18.329000,18.655000
159,4200,4200,5068941,750416,750742,769788,769888,19.046000,19.372000
159,4321,4321,50e1941,754051,754377,781594,781694,27.217000,27.543000
159,5441,5441,5541943,808085,808419,841986,842086,33.567000,33.901000
159,4920,4920,5338941,816051,816377,852553,852653,36.176000,36.502000
159,7619,7619,5dc3943,858438,858764,869653,869753,10.889000,11.215000
159,6091,6091,57cb942,876051,876385,905471,905571,29.086000,29.420000
159,6058,6058,57aa940,921051,921377,941968,942068,20.591000,20.917000
159,4352,4352,5100941,925725,926051,947291,947391,21.240000,21.566000
159,4159,4159,503f940,1045841,1046167,1074960,1075060,28.793000,29.119000
159,6851,6851,5ac3941,1090051,1090385,1116079,1116179,25.694000,26.028000
159,6038,6038,5796940,1114597,1114923,1162416,1162516,47.493000,47.819000
159,9387,9387,64ab943,1230051,1230377,1252251,1252351,21.874000,22.200000
159,7851,7851,5eab940,1251051,1251385,1272037,1272137,20.652000,20.986000
159,9513,9513,6529941,1368051,1368377,1374924,1375024,6.547000,6.873000
159,8709,8709,6205943,1404051,1404385,1432298,1432398,27.913000,28.247000
159,7089,7089,5bb1940,1538051,1538377,1579241,1579341,40.864000,41.190000
159,9482,9482,650a942,1647051,1647377,1652120,1652220,4.743000,5.069000
159,10121,10121,6789943,1642051,1642385,1656298,1656398,13.913000,14.247000
159,7744,7744,5e40942,1676051,1676385,1686519,1686619,10.134000,10.468000
159,6470,6470,5946941,1714051,1714385,1738586,1738686,24.201000,24.535000
159,10888,10888,6a88942,1726402,1726736,1753780,1753880,27.044000,27.378000
159,10353,10353,6871943,1874051,1874385,1889760,1889860,15.375000,15.709000
159,9945,9945,66d9943,2111418,2111752,2122720,2122820,10.968000,11.302000
159,10024,10024,6728940,2339418,2339752,2353220,2353320,13.468000,13.802000
159,9636,9636,65a4941,2528051,2528377,2540194,2540294,11.817000,12.143000
160,1210,1210,44ba940,143298,143624,168491,168591,24.867000,25.193000
160,198,198,40c6942,190051,190385,205594,205694,15.209000,15.543000
160,429,429,41ad940,191051,191385,209864,209964,18.479000,18.813000
160,604,604,425c943,273051,273385,285347,285447,11.962000,12.296000
160,1392,1392,4570943,296051,296377,312703,312803,16.326000,16.652000
160,1087,1087,443f942,353616,353942,383973,384073,30.031000,30.357000
160,1891,1891,4763942,371691,372025,390443,390543,18.418000,18.752000
160,2170,2170,487a943,397051,397377,406824,406924,9.447000,9.773000
160,1294,1294,450e943,387051,387377,454578,454678,67.201000,67.527000
160,3918,3918,4f4e942,468051,468377,481882,481982,13.505000,13.831000
160,3944,3944,4f68940,466051,466377,509395,509495,43.018000,43.344000
160,3311,3311,4cef940,526051,526377,548838,548938,22.461000,22.787000
160,2481,2481,49b1942,537051,537385,560185,560285,22.800000,23.134000
160,2556,2556,49fc942,549051,549385,565652,565752,16.267000,16.601000
160,2795,2795,4aeb943,635768,636094,666800,666900,30.706000,31.032000
160,4375,4375,5117940,705051,705377,729828,729928,24.451000,24.777000
160,4519,4519,51a7941,816416,816742,831546,831646,14.804000,15.130000
160,4476,4476,517c942,857051,857377,864783,864883,7.406000,7.732000
160,5311,5311,54bf943,857006,857340,869718,869818,12.378000,12.712000
160,5454,5454,554e942,834051,834385,875147,875247,40.762000,41.096000
160,8512,8512,6140942,875051,875377,908790,908890,33.413000,33.739000
160,8335,8335,608f942,997815,998141,1011766,1011866,13.625000,13.951000
160,7568,7568,5d90941,1067112,1067446,1107525,1107625,40.079000,40.413000
160,8528,8528,6150943,1111051,1111385,1144232,1144332,32.847000,33.181000
160,7431,7431,5d07940,1151051,1151377,1172948,1173048,21.571000,21.897000
160,6430,6430,591e940,1213051,1213385,1225656,1225756,12.271000,12.605000
160,9727,9727,65ff941,1224051,1224377,1236660,1236760,12.283000,12.609000
160,8088,8088,5f98940,1213051,1213385,1253029,1253129,39.644000,39.978000
160,7736,7736,5e38940,1246051,1246377,1272393,1272493,26.016000,26.342000
160,6811,6811,5a9b941,1250453,1250779,1296709,1296809,45.930000,46.256000
160,9305,9305,6459943,1312471,1312797,1330043,1330143,17.246000,17.572000
160,4984,4984,5378943,1338051,1338385,1369738,1369838,31.353000,31.687000
160,7712,7712,5e20940,1348051,1348385,1386001,1386101,37.616000,37.950000
160,8216,8216,6018941,1490051,1490377,1516517,1516617,26.140000,26.466000
160,9321,9321,6469941,1535410,1535736,1566050,1566150,30.314000,30.640000
160,10385,10385,6891943,1550051,1550385,1585541,1585641,35.156000,35.490000
160,10313,10313,6849941,1568051,1568385,1596478,1596578,28.093000,28.427000
160,8461,8461,610d941,1667051,1667385,1684996,1685096,17.611000,17.945000
160,9009,9009,6331943,1759051,1759377,1779743,1779843,20.366000,20.692000
160,10474,10474,68ea942,1859051,1859377,1879227,1879327,19.850000,20.176000
160,10444,10444,68cc943,1951051,1951385,1970387,1970487,19.002000,19.336000
160,10683,10683,69bb940,1966836,1967170,1980404,1980504,13.234000,13.568000
160,8376,8376,60b8941,1985051,1985377,2011563,2011663,26.186000,26.512000
160,9010,9010,6332941,2007431,2007757,2031328,2031428,23.571000,23.897000
160,10365,10365,687d940,2689051,2689377,2703013,2703113,13.636000,13.962000
161,51,51,4033941,42051,42385,50734,50834,8.349000,8.683000
161,1040,1040,4410940,43431,43757,67706,67806,23.949000,24.275000
161,910,910,438e940,268051,268377,278488,278588,10.111000,10.437000
161,1742,1742,46ce940,278051,278377,312562,312662,34.185000,34.511000
161,2128,2128,4850941,411051,411385,425271,425371,13.886000,14.220000
161,1766,1766,46e6940,426233,426559,444364,444464,17.805000,18.131000
161,2527,2527,49df940,430051,430377,448537,448637,18.160000,18.486000
161,2409,2409,4969940,496051,496377,509088,509188,12.711000,13.037000
161,3230,3230,4c9e943,479051,479385,542205,542305,62.820000,63.154000
161,2976,2976,4ba0942,498825,499151,574575,574675,75.424000,75.750000
161,3695,3695,4e6f943,553051,553385,579709,579809,26.324000,26.658000
161,4241,4241,5091941,572051,572385,583880,583980,11.495000,11.829000
161,3139,3139,4c43941,568051,568385,588109,588209,19.724000,20.058000
161,2426,2426,497a943,661051,661377,668518,668618,7.141000,7.467000
161,4769,4769,52a1941,698051,698377,722087,722187,23.710000,24.036000
161,3105,3105,4c21942,742051,742377,762083,762183,19.706000,20.032000
161,9382,9382,64a6943,797126,797452,835117,835217,37.665000,37.991000
161,4830,4830,52de941,886051,886377,896440,896540,10.063000,10.389000
161,2991,2991,4baf940,861051,861377,900639,900739,39.262000,39.588000
161,2880,2880,4b40943,899051,899377,907485,907585,8.108000,8.434000
161,7192,7192,5c18941,901537,901871,939356,939456,37.485000,37.819000
161,5585,5585,55d1943,904051,904385,957560,957660,53.175000,53.509000
161,6888,6888,5ae8940,949312,949638,975161,975261,25.523000,25.849000
161,5717,5717,5655943,974051,974385,992256,992356,17.871000,18.205000
161,6300,6300,589c940,884051,884385,1020994,1021094,136.609000,136.943000
161,6323,6323,58b3941,1000051,1000377,1026594,1026694,26.217000,26.543000
161,5158,5158,5426941,1001051,1001377,1050218,1050318,48.841000,49.167000
161,9773,9773,662d942,1025588,1025914,1088370,1088470,62.456000,62.782000
161,6611,6611,59d3943,1237051,1237385,1249554,1249654,12.169000,12.503000
161,9537,9537,6541943,1295353,1295687,1391631,1391731,95.944000,96.278000
161,7093,7093,5bb5940,1441051,1441377,1460699,1460799,19.322000,19.648000
161,7880,7880,5ec8942,1473051,1473377,1481894,1481994,8.517000,8.843000
161,6140,6140,57fc940,1445051,1445385,1489912,1490012,44.527000,44.861000
161,10258,10258,6812943,1474051,1474377,1511687,1511787,37.310000,37.636000
161,8126,8126,5fbe940,1648051,1648385,1684092,1684192,35.707000,36.041000
161,10943,10943,6abf941,1691051,1691385,1707608,1707708,16.223000,16.557000
161,9951,9951,66df943,1695051,1695377,1720169,1720269,24.792000,25.118000
161,7048,7048,5b88942,1739051,1739377,1753141,1753241,13.764000,14.090000
161,10972,10972,6adc943,1732051,1732377,1780140,1780240,47.763000,48.089000
161,7178,7178,5c0a941,2118051,2118377,2131193,2131293,12.816000,13.142000
161,8925,8925,62dd940,2170051,2170385,2177802,2177902,7.417000,7.751000
162,45,45,402d942,30051,30385,44139,44239,13.754000,14.088000
162,1454,1454,45ae942,64051,64385,74423,74523,10.038000,10.372000
162,1466,1466,45ba942,142051,142385,157720,157820,15.335000,15.669000
162,1239,1239,44d7943,184051,184385,199785,199885,15.400000,15.734000
162,2301,2301,48fd942,248051,248377,263636,263736,15.259000,15.585000
162,1969,1969,47b1943,286051,286377,301592,301692,15.215000,15.541000
162,644,644,4284942,305051,305377,320846,320946,15.469000,15.795000
162,330,330,414a943,321051,321377,332350,332450,10.973000,11.299000
162,2520,2520,49d8941,331748,332074,368595,368695,36.521000,36.847000
162,2726,2726,4aa6941,398051,398377,431511,431611,33.134000,33.460000
162,2636,2636,4a4c942,426051,426377,435720,435820,9.343000,9.669000
162,2400,2400,4960943,435051,435385,441020,441120,5.635000,5.969000
162,4045,4045,4fcd940,468051,468377,486911,487011,18.534000,18.860000
162,1671,1671,4687943,486051,486385,508933,509033,22.548000,22.882000
162,4546,4546,51c2940,492051,492377,521694,521794,29.317000,29.643000
162,5045,5045,53b5940,578424,578750,601687,601787,22.937000,23.263000
162,4218,4218,507a941,585051,585377,607177,607277,21.800000,22.126000
162,4508,4508,519c942,593051,593385,612638,612738,19.253000,19.587000
162,3403,3403,4d4b943,573051,573377,618128,618228,44.751000,45.077000
162,4116,4116,5014940,630051,630377,645528,645628,15.151000,15.477000
162,2222,2222,48ae943,643051,643377,649715,649815,6.338000,6.664000
162,5480,5480,5568942,769861,770195,794293,794393,24.098000,24.432000
162,3617,3617,4e21942,894051,894385,914806,914906,20.421000,20.755000
162,3601,3601,4e11940,897051,897385,964377,964477,66.992000,67.326000
162,8232,8232,6028943,954439,954773,972112,972212,17.339000,17.673000
162,4568,4568,51d8942,817051,817385,1038330,1038430,220.945000,221.279000
162,6588,6588,59bc941,1042051,1042385,1054739,1054839,12.354000,12.688000
162,3657,3657,4e49940,1045715,1046041,1060072,1060172,14.031000,14.357000
162,8253,8253,603d943,1037051,1037385,1071805,1071905,34.420000,34.754000
162,6102,6102,57d6942,1084051,1084377,1104660,1104760,20.283000,20.609000
162,7023,7023,5b6f941,1097623,1097949,1121057,1121157,23.108000,23.434000
162,7941,7941,5f05941,1228051,1228377,1240323,1240423,11.946000,12.272000
162,7711,7711,5e1f940,1290051,1290377,1318475,1318575,28.098000,28.424000
162,6479,6479,594f941,1361436,1361762,1384037,1384137,22.275000,22.601000
162,6161,6161,5811940,1453051,1453377,1500516,1500616,47.139000,47.465000
162,5154,5154,5422940,1507051,1507385,1518492,1518592,11.107000,11.441000
162,9121,9121,63a1940,1520051,1520385,1528620,1528720,8.235000,8.569000
162,7491,7491,5d43940,1521051,1521377,1559600,1559700,38.223000,38.549000
162,8711,8711,6207941,1561051,1561385,1579807,1579907,18.422000,18.756000
162,10700,10700,69cc943,1584051,1584377,1591814,1591914,7.437000,7.763000
162,8765,8765,623d942,1591051,1591377,1599549,1599649,8.172000,8.498000
162,9350,9350,6486940,1774051,1774385,1792696,1792796,18.311000,18.645000
162,10802,10802,6a32942,1770051,1770385,1798277,1798377,27.892000,28.226000
162,5898,5898,570a940,1840051,1840377,1856463,1856563,16.086000,16.412000
162,10063,10063,674f940,1876051,1876377,1885398,1885498,9.021000,9.347000
162,10784,10784,6a20941,1960051,1960377,1969453,1969553,9.076000,9.402000
162,9172,9172,63d4940,2631051,2631377,2645958,2646058,14.581000,14.907000
163,690,690,42b2940,94051,94385,111513,111613,17.128000,17.462000
163,720,720,42d0940,121051,121377,149801,149901,28.424000,28.750000
163,258,258,4102941,162051,162385,182549,182649,20.164000,20.498000
163,67,67,4043942,173051,173377,193375,193475,19.998000,20.324000
163,398,398,418e943,193051,193385,220914,221014,27.529000,27.863000
163,3067,3067,4bfb940,212051,212385,242734,242834,30.349000,30.683000
163,890,890,437a941,187051,187385,258695,258794,71.310000,71.644000
163,2178,2178,4882940,352051,352385,366903,367003,14.518000,14.852000
163,1870,1870,474e943,344892,345218,380952,381052,35.734000,36.060000
163,1706,1706,46aa942,390051,390385,408327,408427,17.942000,18.276000
163,2293,2293,48f5940,457051,457385,473434,473534,16.049000,16.383000
163,2553,2553,49f9941,498051,498385,504014,504114,5.629000,5.963000
163,3858,3858,4f12941,495051,495377,517571,517670,22.194000,22.520000
163,2906,2906,4b5a940,509051,509377,523100,523199,13.723000,14.049000
163,6523,6523,597b940,638051,638385,650771,650871,12.386000,12.720000
163,3237,3237,4ca5943,671051,671385,687351,687451,15.966000,16.300000
163,5882,5882,56fa943,696051,696385,724463,724563,28.078000,28.412000
163,3929,3929,4f59942,720051,720385,740842,740942,20.457000,20.791000
163,2366,2366,493e941,728051,728385,751644,751744,23.259000,23.593000
163,5402,5402,551a940,696381,696715,784580,784680,87.865000,88.199000
163,2958,2958,4b8e942,764051,764377,795519,795619,31.142000,31.468000
163,4744,4744,5288942,800051,800377,811978,812078,11.601000,11.927000
163,3523,3523,4dc3942,810115,810441,848294,848394,37.853000,38.179000
163,8755,8755,6233942,850424,850750,864841,864941,14.091000,14.417000
163,5281,5281,54a1943,871051,871377,887749,887849,16.372000,16.698000
163,5714,5714,5652940,863046,863372,915157,915257,51.785000,52.111000
163,5354,5354,54ea943,939051,939377,951433,951533,12.056000,12.382000
163,6262,6262,5876943,861051,861377,963391,963491,102.014000,102.340000
163,7066,7066,5b9a940,972609,972935,999231,999331,26.296000,26.622000
163,7566,7566,5d8e942,1003051,1003385,1027090,1027191,23.705000,24.039000
163,6002,6002,5772940,1008051,1008377,1036192,1036291,27.815000,28.141000
163,6128,6128,57f0940,1018288,1018614,1084546,1084646,65.932000,66.258000
163,4558,4558,51ce942,1079051,1079385,1091412,1091512,12.027000,12.361000
163,6030,6030,578e942,1105051,1105377,1122818,1122918,17.441000,17.767000
163,6750,6750,5a5e940,1118051,1118377,1141922,1142022,23.545000,23.871000
163,7679,7679,5dff940,1164601,1164935,1180474,1180574,15.539000,15.873000
163,8343,8343,6097943,1192056,1192382,1234299,1234399,41.917000,42.243000
163,7637,7637,5dd5941,1221051,1221385,1238497,1238597,17.112000,17.446000
163,8997,8997,6325940,1230051,1230385,1254815,1254915,24.430000,24.764000
163,7658,7658,5dea941,1266227,1266553,1290049,1290149,23.496000,23.822000
163,5969,5969,5751941,1285051,1285377,1309488,1309588,24.111000,24.437000
163,9398,9398,64b6941,1445051,1445385,1469786,1469886,24.401000,24.735000
163,8631,8631,61b7943,1482439,1482773,1522245,1522345,39.472000,39.806000
163,9723,9723,65fb942,1549051,1549385,1567368,1567468,17.983000,18.317000
163,8566,8566,6176942,1592671,1593005,1608878,1608978,15.873000,16.207000
163,9495,9495,6517942,1668051,1668385,1682815,1682915,14.430000,14.764000
163,10595,10595,6963942,1680051,1680385,1689598,1689698,9.213000,9.547000
163,10520,10520,6918942,1677051,1677385,1693779,1693879,16.394000,16.728000
163,8638,8638,61be940,1786051,1786385,1805603,1805703,19.218000,19.552000
163,8949,8949,62f5941,1921051,1921385,1938431,1938531,17.046000,17.380000
163,8906,8906,62ca942,1933051,1933385,1951945,1952045,18.560000,18.894000
163,10646,10646,6996941,2146051,2146377,2155489,2155589,9.112000,9.438000
163,10183,10183,67c7941,2168051,2168385,2177515,2177615,9.130000,9.464000
164,8,8,4008941,35051,35385,46365,46465,10.980000,11.314000
164,279,279,4117941,80611,80937,89231,89331,8.294000,8.620000
164,580,580,4244942,129051,129384,173663,173763,44.279000,44.612000
164,2259,2259,48d3940,177051,177385,189455,189555,12.070000,12.404000
164,1362,1362,4552940,189316,189642,210982,211082,21.340000,21.666000
164,897,897,4381943,204051,204385,216401,216501,12.016000,12.350000
164,1724,1724,46bc943,219051,219377,225951,226051,6.574000,6.900000
164,615,615,4267943,190051,190377,230114,230214,39.737000,40.063000
164,1850,1850,473a943,228051,228377,246403,246503,18.026000,18.352000
164,1970,1970,47b2940,220051,220377,251748,251848,31.371000,31.697000
164,1342,1342,453e940,260051,260376,273062,273162,12.686000,13.011000
164,3321,3321,4cf9942,397051,397377,454794,454894,57.417000,57.743000
164,4986,4986,537a942,478051,478385,488288,488388,9.903000,10.237000
164,6265,6265,5879942,494051,494377,501794,501894,7.417000,7.743000
164,3188,3188,4c74940,496051,496385,506814,506914,10.429000,10.763000
164,4603,4603,51fb942,533051,533385,549651,549751,16.266000,16.600000
164,3508,3508,4db4942,545051,545377,560483,560583,15.106000,15.432000
164,4488,4488,5188941,558051,558385,577985,578085,19.600000,19.934000
164,4525,4525,51ad943,482330,482656,582288,582388,99.632000,99.958000
164,2960,2960,4b90942,636051,636377,666460,666560,30.083000,30.409000
164,7018,7018,5b6a940,715051,715377,730270,730370,14.893000,15.219000
164,3723,3723,4e8b940,764051,764377,773915,774015,9.538000,9.864000
164,4479,4479,517f943,780051,780385,805849,805949,25.464000,25.798000
164,3506,3506,4db2943,780051,780385,819834,819934,39.449000,39.783000
164,7363,7363,5cc3943,832051,832377,858975,859075,26.598000,26.924000
164,2983,2983,4ba7943,794051,794377,863926,864026,69.549000,69.875000
164,4163,4163,5043941,868416,868750,882659,882759,13.909000,14.243000
164,5770,5770,568a940,872051,872377,891124,891224,18.747000,19.073000
164,4910,4910,532e942,852051,852385,923464,923564,71.079000,71.413000
164,6320,6320,58b0940,1028051,1028377,1037690,1037790,9.313000,9.639000
164,6111,6111,57df940,1032051,1032385,1043153,1043253,10.768000,11.102000
164,6113,6113,57e1941,1027120,1027455,1047434,1047533,19.979000,20.314000
164,8187,8187,5ffb943,1051051,1051385,1070567,1070667,19.182000,19.516000
164,8960,8960,6300941,1083051,1083377,1101461,1101561,18.084000,18.410000
164,6613,6613,59d5942,1150051,1150377,1178446,1178546,28.069000,28.395000
164,10763,10763,6a0b941,1188051,1188385,1201593,1201693,13.208000,13.542000
164,4037,4037,4fc5941,1157051,1157377,1205851,1205951,48.474000,48.800000
164,7314,7314,5c92941,1176051,1176385,1210010,1210110,33.625000,33.959000
164,4676,4676,5244941,1197051,1197377,1223878,1223978,26.501000,26.827000
164,5801,5801,56a9943,1245051,1245377,1270236,1270336,24.859000,25.185000
164,9391,9391,64af942,1134400,1134726,1278119,1278219,143.393000,143.719000
164,3925,3925,4f55940,1269051,1269385,1291047,1291147,21.662000,21.996000
164,5797,5797,56a5943,1265051,1265377,1299972,1300072,34.595000,34.921000
164,7844,7844,5ea4943,1361051,1361385,1404310,1404410,42.925000,43.259000
164,8096,8096,5fa0940,1408051,1408385,1414032,1414132,5.647000,5.981000
164,7058,7058,5b92941,1423051,1423377,1436319,1436419,12.942000,13.268000
164,10389,10389,6895942,1424051,1424377,1441873,1441973,17.496000,17.822000
164,8345,8345,6099941,1434051,1434385,1451641,1451741,17.256000,17.590000
164,10981,10981,6ae5940,1445878,1446204,1479251,1479351,33.047000,33.373000
164,10928,10928,6ab0942,1522051,1522377,1541359,1541459,18.982000,19.308000
164,9775,9775,662f940,1531051,1531377,1549338,1549438,17.961000,18.287000
164,8777,8777,6249942,1573051,1573385,1613404,1613504,40.019000,40.353000
164,9226,9226,640a940,1663051,1663385,1681739,1681839,18.354000,18.688000
164,10364,10364,687c943,1680051,1680385,1710920,1711020,30.535000,30.869000
164,8329,8329,6089942,1743051,1743377,1749897,1749997,6.520000,6.846000
164,10493,10493,68fd943,1890645,1890979,1901520,1901620,10.541000,10.875000
164,9895,9895,66a7942,1898051,1898385,1912110,1912210,13.725000,14.059000
164,10217,10217,67e9940,1955051,1955385,1969912,1970012,14.527000,14.861000
164,9634,9634,65a2940,2447051,2447377,2460082,2460182,12.705000,13.031000
165,92,92,405c943,28051,28385,47180,47280,18.795000,19.129000
165,433,433,41b1943,62051,62385,86987,87087,24.602000,24.936000
165,722,722,42d2942,75289,75623,99239,99339,23.616000,23.950000
165,1326,1326,452e941,128051,128377,138007,138107,9.630000,9.956000
165,213,213,40d5941,129051,129384,146596,146696,17.212000,17.545000
165,2118,2118,4846942,119836,120162,162938,163038,42.776000,43.102000
165,3309,3309,4ced940,183051,183385,200483,200583,17.098000,17.432000
165,2063,2063,480f940,202184,202510,232131,232231,29.621000,29.947000
165,3265,3265,4cc1942,250051,250385,264282,264382,13.897000,14.231000
165,1814,1814,4716940,278051,278377,297579,297679,19.202000,19.528000
165,2632,2632,4a48942,319051,319385,329485,329585,10.100000,10.434000
165,1835,1835,472b943,316051,316377,333614,333714,17.237000,17.563000
165,1100,1100,444c943,356051,356385,371337,371437,14.952000,15.286000
165,2184,2184,4888940,360416,360750,382192,382292,21.442000,21.776000
165,1477,1477,45c5943,368051,368377,387709,387809,19.332000,19.658000
165,2227,2227,48b3942,344438,344764,415358,415458,70.594000,70.920000
165,2868,2868,4b34940,421416,421742,443352,443452,21.610000,21.936000
165,2023,2023,47e7942,408619,408953,448837,448937,39.884000,40.218000
165,1976,1976,47b8943,443051,443377,465213,465313,21.836000,22.162000
165,2331,2331,491b943,465051,465377,479012,479112,13.635000,13.961000
165,3642,3642,4e3a940,529051,529385,541547,541647,12.162000,12.496000
165,2607,2607,4a2f941,525051,525385,545732,545832,20.347000,20.681000
165,4930,4930,5342940,697051,697385,708293,708393,10.908000,11.242000
165,4884,4884,5314941,723051,723385,745825,745925,22.440000,22.774000
165,2314,2314,490a942,769051,769377,784838,784938,15.461000,15.787000
165,5209,5209,5459943,780051,780385,794458,794558,14.073000,14.407000
165,4235,4235,508b942,782071,782405,814169,814269,31.764000,32.098000
165,3543,3543,4dd7943,870051,870385,875987,876087,5.602000,5.936000
165,5166,5166,542e941,916418,916752,935008,935108,18.256000,18.590000
165,6376,6376,58e8943,992051,992385,1013714,1013814,21.329000,21.663000
165,4646,4646,5226941,988051,988377,1021276,1021376,32.899000,33.225000
165,5267,5267,5493943,993051,993377,1025446,1025547,32.069000,32.395000
165,9417,9417,64c9941,987080,987414,1063722,1063822,76.308000,76.642000
165,7647,7647,5ddf942,1056051,1056377,1081079,1081179,24.702000,25.028000
165,6625,6625,59e1940,1095051,1095385,1114589,1114689,19.204000,19.538000
165,7305,7305,5c89940,1146051,1146385,1162160,1162260,15.775000,16.109000
165,4493,4493,518d940,1168449,1168775,1191609,1191709,22.834000,23.160000
165,9490,9490,6512942,1354051,1354385,1413663,1413763,59.278000,59.612000
165,8500,8500,6134943,1521051,1521377,1531998,1532098,10.621000,10.947000
165,10079,10079,675f942,1536439,1536765,1559237,1559337,22.472000,22.798000
165,10936,10936,6ab8940,1566051,1566385,1578101,1578201,11.716000,12.050000
165,10598,10598,6966941,1567051,1567377,1583637,1583737,16.260000,16.586000
165,8919,8919,62d7941,1710051,1710385,1717686,1717786,7.301000,7.635000
165,8875,8875,62ab941,1728051,1728385,1738375,1738475,9.990000,10.324000
165,8747,8747,622b943,1732051,1732385,1742528,1742628,10.143000,10.477000
165,10413,10413,68ad941,1817051,1817385,1830032,1830132,12.647000,12.981000
165,9015,9015,6337940,1821051,1821377,1835529,1835629,14.152000,14.478000
165,10983,10983,6ae7942,1883051,1883377,1900564,1900664,17.187000,17.513000
165,9557,9557,6555942,1947051,1947377,1954768,1954868,7.391000,7.717000
165,10655,10655,699f942,2026051,2026385,2032006,2032106,5.621000,5.955000
165,9364,9364,6494943,2251051,2251385,2257867,2257967,6.482000,6.816000
166,640,640,4280941,70051,70377,85525,85625,15.148000,15.474000
166,356,356,4164941,69051,69377,91022,91122,21.645000,21.971000
166,1166,1166,448e940,229051,229377,250578,250678,21.201000,21.527000
166,1367,1367,4557943,221051,221377,261491,261590,40.114000,40.440000
166,1572,1572,4624941,339051,339377,369828,369928,30.451000,30.777000
166,2424,2424,4978941,371051,371377,380709,380809,9.332000,9.658000
166,3272,3272,4cc8940,371051,371385,393464,393564,22.079000,22.413000
166,2586,2586,4a1a940,470051,470377,488080,488180,17.703000,18.029000
166,2621,2621,4a3d942,575051,575377,589499,589599,14.122000,14.448000
166,4355,4355,5103940,609051,609385,635039,635139,25.654000,25.988000
166,3828,3828,4ef4942,629051,629385,653513,653613,24.128000,24.462000
166,5174,5174,5436943,736051,736385,761045,761145,24.660000,24.994000
166,3837,3837,4efd941,759446,759780,777726,777826,17.946000,18.280000
166,4664,4664,5238942,739051,739377,783115,783215,43.738000,44.064000
166,3369,3369,4d29943,799051,799385,805882,805982,6.497000,6.831000
166,3760,3760,4eb0941,825051,825377,830941,831041,5.564000,5.890000
166,6321,6321,58b1940,820654,820988,835154,835254,14.166000,14.500000
166,4846,4846,52ee941,876449,876775,881487,881587,4.712000,5.038000
166,3283,3283,4cd3942,923051,923385,935946,936046,12.561000,12.895000
166,6333,6333,58bd940,1000051,1000385,1009828,1009928,9.443000,9.777000
166,8937,8937,62e9942,1014597,1014931,1040263,1040363,25.332000,25.666000
166,6394,6394,58fa943,1032051,1032385,1051510,1051610,19.125000,19.459000
166,4496,4496,5190942,1008051,1008385,1056927,1057027,48.542000,48.876000
166,9116,9116,639c940,1108261,1108587,1134892,1134992,26.305000,26.631000
166,8736,8736,6220942,1205051,1205377,1215560,1215660,10.183000,10.509000
166,4105,4105,5009942,1171051,1171377,1242364,1242464,70.987000,71.313000
166,7507,7507,5d53941,1250051,1250385,1272129,1272229,21.744000,22.078000
166,4453,4453,5165942,1210051,1210385,1276371,1276471,65.986000,66.320000
166,9397,9397,64b5940,1243865,1244199,1289230,1289330,45.031000,45.365000
166,8130,8130,5fc2941,1321051,1321385,1332430,1332530,11.045000,11.379000
166,9751,9751,6617943,1369439,1369773,1390757,1390857,20.984000,21.318000
166,9216,9216,6400941,1446051,1446385,1459406,1459506,13.021000,13.355000
166,10939,10939,6abb943,1472051,1472385,1482162,1482262,9.777000,10.111000
166,6681,6681,5a19941,1498051,1498377,1522053,1522153,23.676000,24.002000
166,9875,9875,6693942,1508051,1508377,1542157,1542257,33.780000,34.106000
166,8965,8965,6305940,1533051,1533377,1547650,1547750,14.273000,14.599000
166,10852,10852,6a64942,1868051,1868377,1881152,1881252,12.775000,13.101000
167,129,129,4081943,40051,40377,48338,48438,7.961000,8.287000
167,1155,1155,4483940,168387,168713,180396,180496,11.683000,12.009000
167,1943,1943,4797942,207410,207736,235207,235307,27.471000,27.797000
167,1533,1533,45fd943,266051,266377,271933,272033,5.556000,5.882000
167,2122,2122,484a940,288635,288961,301732,301832,12.771000,13.097000
167,3184,3184,4c70941,362051,362377,389406,389506,27.029000,27.355000
167,4890,4890,531a940,426051,426385,488401,488501,62.016000,62.350000
167,5802,5802,56aa942,734051,734385,742661,742761,8.276000,8.610000
167,3610,3610,4e1a942,776051,776377,794191,794291,17.814000,18.140000
167,3236,3236,4ca4942,793432,793766,812974,813074,19.208000,19.542000
167,5640,5640,5608940,834051,834385,845289,845389,10.904000,11.238000
167,4737,4737,5281940,821051,821377,920028,920128,98.651000,98.977000
167,4928,4928,5340940,894051,894377,942632,942732,48.255000,48.581000
167,3781,3781,4ec5943,865051,865377,970230,970330,104.853000,105.179000
167,4960,4960,5360941,964098,964432,997341,997441,32.909000,33.243000
167,6090,6090,57ca942,1075051,1075385,1090783,1090883,15.398000,15.732000
167,8483,8483,6123940,1115051,1115377,1144880,1144980,29.503000,29.829000
167,8226,8226,6022943,1081051,1081385,1165414,1165514,84.029000,84.363000
167,6397,6397,58fd943,1155395,1155729,1169613,1169713,13.884000,14.218000
167,7384,7384,5cd8942,1196051,1196385,1217388,1217488,21.003000,21.337000
167,6281,6281,5889941,1184051,1184377,1239841,1239941,55.464000,55.790000
167,4926,4926,533e940,1236051,1236385,1253656,1253756,17.271000,17.605000
167,5980,5980,575c940,1237051,1237377,1268900,1269000,31.523000,31.849000
167,9587,9587,6573940,1273051,1273385,1286928,1287028,13.543000,13.877000
167,6794,6794,5a8a943,1275051,1275377,1296245,1296345,20.868000,21.194000
167,5982,5982,575e941,1298473,1298807,1312718,1312818,13.911000,14.245000
167,9512,9512,6528943,1321051,1321385,1349581,1349681,28.196000,28.530000
167,6468,6468,5944940,1363051,1363377,1382446,1382546,19.069000,19.395000
167,8377,8377,60b9943,1511051,1511377,1516096,1516196,4.719000,5.045000
167,8303,8303,606f943,1685051,1685385,1720998,1721098,35.613000,35.947000
167,9360,9360,6490940,1800051,1800385,1816670,1816770,16.285000,16.619000
167,10297,10297,6839943,1991051,1991385,2007792,2007892,16.407000,16.741000
167,10418,10418,68b2941,1997051,1997377,2013725,2013825,16.348000,16.674000
167,10707,10707,69d3941,2997051,2997377,3015439,3015539,18.062000,18.388000
168,1043,1043,4413942,96051,96385,104662,104762,8.277000,8.611000
168,2078,2078,481e940,80416,80750,115530,115630,34.780000,35.114000
168,1106,1106,4452942,90051,90385,121009,121109,30.624000,30.958000
168,982,982,43d6942,113051,113385,131962,132062,18.577000,18.911000
168,1756,1756,46dc941,143051,143377,151543,151643,8.166000,8.492000
168,326,326,4146943,181051,181385,192629,192729,11.244000,11.578000
168,2491,2491,49bb940,182051,182377,196796,196896,14.419000,14.745000
168,2673,2673,4a71941,204051,204385,217071,217171,12.686000,13.020000
168,2138,2138,485a943,256439,256773,300857,300957,44.084000,44.418000
168,875,875,436b941,281051,281385,317442,317542,36.057000,36.391000
168,2819,2819,4b03940,338051,338385,344028,344128,5.643000,5.977000
168,1942,1942,4796940,365051,365377,394168,394268,28.791000,29.117000
168,1555,1555,4613943,455051,455385,473444,473544,18.059000,18.393000
168,4354,4354,5102940,453051,453385,479942,480042,26.557000,26.891000
168,2949,2949,4b85940,506326,506660,538171,538271,31.511000,31.845000
168,4157,4157,503d941,754350,754676,768463,768563,13.787000,14.113000
168,2557,2557,49fd940,777051,777377,790927,791027,13.550000,13.876000
168,9223,9223,6407942,944051,944377,1006511,1006611,62.134000,62.460000
168,5849,5849,56d9941,937051,937385,1017864,1017964,80.479000,80.813000
168,7482,7482,5d3a942,1014051,1014385,1025290,1025389,10.905000,11.239000
168,4445,4445,515d941,988576,988910,1056899,1056999,67.989000,68.323000
168,5401,5401,5519943,1111051,1111377,1120451,1120551,9.074000,9.400000
168,6325,6325,58b5942,1167051,1167377,1198812,1198912,31.435000,31.761000
168,6559,6559,599f943,1208051,1208377,1240742,1240842,32.365000,32.691000
168,6114,6114,57e2943,1334051,1334385,1345101,1345201,10.716000,11.050000
168,8046,8046,5f6e940,1309051,1309377,1375788,1375888,66.411000,66.737000
168,8531,8531,6153940,1343051,1343385,1384899,1384999,41.514000,41.848000
168,6968,6968,5b38943,1389051,1389377,1395023,1395123,5.646000,5.972000
168,7042,7042,5b82943,1411051,1411385,1431061,1431161,19.676000,20.010000
168,10738,10738,69f2943,1429421,1429747,1450316,1450416,20.569000,20.895000
168,7538,7538,5d72942,1437051,1437377,1454593,1454693,17.216000,17.542000
168,8041,8041,5f69942,1437051,1437377,1472388,1472488,35.011000,35.337000
168,8567,8567,6177941,1500051,1500377,1514274,1514374,13.897000,14.223000
168,8667,8667,61db941,1535051,1535377,1553021,1553121,17.644000,17.970000
168,10785,10785,6a21943,1593051,1593385,1610916,1611016,17.531000,17.865000
168,9779,9779,6633941,1660051,1660377,1667685,1667785,7.308000,7.634000
168,8909,8909,62cd941,1697051,1697385,1713885,1713985,16.500000,16.834000
168,9144,9144,63b8943,1718051,1718385,1739219,1739319,20.834000,21.168000
168,10067,10067,6753940,1722783,1723109,1745695,1745795,22.586000,22.912000
168,9243,9243,641b940,1921051,1921385,1928295,1928395,6.910000,7.244000
168,9318,9318,6466941,2049051,2049377,2058621,2058720,9.244000,9.570000
168,8152,8152,5fd8940,2196051,2196385,2211629,2211729,15.244000,15.578000
169,637,637,427d943,47402,47736,76414,76514,28.678000,29.012000
169,527,527,420f943,138856,139190,154762,154862,15.572000,15.906000
169,1894,1894,4766941,174051,174385,195697,195797,21.312000,21.646000
169,547,547,4223943,207051,207385,221854,221954,14.469000,14.803000
169,566,566,4236941,251051,251377,264494,264594,13.117000,13.443000
169,1300,1300,4514940,273051,273377,291697,291797,18.320000,18.646000
169,1231,1231,44cf940,279051,279385,295864,295964,16.479000,16.813000
169,779,779,430b940,296481,296815,315809,315909,18.994000,19.328000
169,622,622,426e942,285051,285385,319982,320082,34.597000,34.931000
169,2697,2697,4a89941,407051,407377,423829,423929,16.452000,16.778000
169,4356,4356,5104943,406051,406377,434089,434189,27.712000,28.038000
169,1672,1672,4688942,410051,410377,451195,451295,40.818000,41.144000
169,2761,2761,4ac9941,471051,471385,476097,476197,4.712000,5.046000
169,4836,4836,52e4942,494051,494377,515769,515869,21.392000,21.718000
169,5279,5279,549f943,552051,552385,565073,565173,12.688000,13.022000
169,1776,1776,46f0941,555051,555377,593813,593913,38.436000,38.762000
169,2821,2821,4b05940,560416,560742,610302,610402,49.560000,49.886000
169,2701,2701,4a8d942,625051,625377,633803,633903,8.426000,8.752000
169,5397,5397,5515943,638051,638385,655723,655823,17.338000,17.672000
169,2321,2321,4911941,634051,634385,681536,681636,47.151000,47.485000
169,3131,3131,4c3b941,661051,661385,685681,685781,24.296000,24.630000
169,3069,3069,4bfd941,633051,633385,696268,696368,62.883000,63.217000
169,6388,6388,58f4943,697051,697377,723654,723754,26.277000,26.603000
169,3207,3207,4c87943,734051,734385,749228,749328,14.843000,15.177000
169,3520,3520,4dc0943,785431,785757,820766,820866,35.009000,35.335000
169,2358,2358,4936940,844051,844385,862071,862171,17.686000,18.020000
169,6005,6005,5775943,871886,872220,933498,933598,61.278000,61.612000
169,6438,6438,5926943,962051,962385,974228,974328,11.843000,12.177000
169,6197,6197,5835941,1003200,1003534,1017723,1017823,14.189000,14.523000
169,5645,5645,560d942,995051,995385,1031937,1032038,36.552000,36.886000
169,6326,6326,58b6940,1054431,1054757,1062995,1063095,8.238000,8.564000
169,6964,6964,5b34943,1070051,1070377,1092119,1092219,21.742000,22.068000
169,5674,5674,562a941,1055051,1055385,1157896,1157996,102.511000,102.845000
169,8674,8674,61e2942,1177435,1177761,1185089,1185189,7.328000,7.654000
169,8180,8180,5ff4941,1182051,1182385,1197879,1197979,15.494000,15.828000
169,6037,6037,5795942,1284051,1284377,1293761,1293861,9.384000,9.710000
169,6626,6626,59e2940,1350051,1350385,1356941,1357041,6.556000,6.890000
169,9074,9074,6372941,1346051,1346385,1366821,1366921,20.436000,20.770000
169,6722,6722,5a42940,1376390,1376724,1386291,1386391,9.567000,9.901000
169,7896,7896,5ed8942,1346416,1346750,1394081,1394181,47.331000,47.665000
169,6575,6575,59af942,1461051,1461377,1517521,1517621,56.144000,56.470000
169,10168,10168,67b8941,1585051,1585377,1606470,1606570,21.093000,21.419000
169,8661,8661,61d5943,1655051,1655385,1675567,1675667,20.182000,20.516000
169,8688,8688,61f0941,1690251,1690585,1705097,1705197,14.512000,14.846000
169,8827,8827,627b942,1704051,1704385,1718459,1718559,14.074000,14.408000
169,9320,9320,6468942,1762051,1762377,1773423,1773523,11.046000,11.372000
169,10346,10346,686a943,1823051,1823385,1833912,1834012,10.527000,10.861000
169,9721,9721,65f9941,1850051,1850385,1859424,1859524,9.039000,9.373000
169,10117,10117,6785940,2103051,2103385,2112598,2112698,9.213000,9.547000
169,9663,9663,65bf941,2398051,2398385,2410283,2410383,11.898000,12.232000
170,437,437,41b5941,35051,35377,44478,44578,9.101000,9.427000
170,106,106,406a943,47051,47385,72451,72551,25.066000,25.400000
170,680,680,42a8942,65051,65377,83415,83515,18.038000,18.364000
170,648,648,4288943,52794,53120,88236,88336,35.116000,35.442000
170,197,197,40c5942,69051,69385,101352,101452,31.967000,32.301000
170,507,507,41fb940,95051,95377,116759,116859,21.382000,21.708000
170,926,926,439e940,110051,110385,128313,128413,17.928000,18.262000
170,1017,1017,43f9940,123051,123377,133733,133833,10.356000,10.682000
170,721,721,42d1941,167051,167377,206711,206811,39.334000,39.660000
170,2521,2521,49d9943,312395,312729,326468,326568,13.739000,14.073000
170,1598,1598,463e942,320051,320377,342246,342346,21.869000,22.195000
170,4484,4484,5184940,341051,341385,353254,353354,11.869000,12.203000
170,401,401,4191943,319683,320017,376975,377075,56.958000,57.292000
170,3004,3004,4bbc943,359051,359385,386346,386446,26.961000,27.295000
170,2086,2086,4826942,295051,295385,390549,390649,95.164000,95.498000
170,2473,2473,49a9941,379051,379385,395894,395994,16.509000,16.843000
170,3509,3509,4db5941,599051,599377,620566,620666,21.189000,21.515000
170,5322,5322,54ca943,612051,612385,624794,624894,12.409000,12.743000
170,4066,4066,4fe2941,659613,659947,669701,669801,9.754000,10.088000
170,2882,2882,4b42943,654051,654377,676745,676845,22.368000,22.694000
170,4620,4620,520c940,709781,710107,727677,727777,17.570000,17.896000
170,6853,6853,5ac5943,824051,824377,835219,835319,10.842000,11.168000
170,4717,4717,526d941,891051,891385,898740,898840,7.355000,7.689000
170,3213,3213,4c8d942,900051,900377,905078,905178,4.701000,5.027000
170,4155,4155,503b941,900051,900377,925721,925821,25.344000,25.670000
170,6177,6177,5821941,973051,973385,979011,979111,5.626000,5.960000
170,8654,8654,61ce942,1011051,1011377,1024058,1024157,12.681000,13.007000
170,6849,6849,5ac1940,1073051,1073385,1102936,1103036,29.551000,29.885000
170,7570,7570,5d92943,1085686,1086012,1124803,1124903,38.791000,39.117000
170,4452,4452,5164942,1198051,1198377,1223436,1223536,25.059000,25.385000
170,4985,4985,5379941,1292051,1292385,1330212,1330312,37.827000,38.161000
170,7892,7892,5ed4941,1333051,1333385,1342481,1342581,9.096000,9.430000
170,7837,7837,5e9d941,1336051,1336377,1364730,1364830,28.353000,28.679000
170,10857,10857,6a69941,1362051,1362377,1385368,1385468,22.991000,23.317000
170,7010,7010,5b62942,1359051,1359377,1390826,1390926,31.449000,31.775000
170,8256,8256,6040943,1427051,1427377,1450978,1451078,23.601000,23.927000
170,6141,6141,57fd943,1437051,1437377,1472830,1472930,35.453000,35.779000
170,9385,9385,64a9941,1465446,1465780,1477001,1477101,11.221000,11.555000
170,10243,10243,6803942,1463862,1464188,1527461,1527561,63.273000,63.599000
170,5991,5991,5767943,1562051,1562385,1577782,1577882,15.397000,15.731000
170,7434,7434,5d0a943,1575431,1575757,1585887,1585987,10.130000,10.456000
170,9999,9999,670f941,1583848,1584174,1599677,1599777,15.503000,15.829000
170,8535,8535,6157941,1702051,1702377,1712561,1712661,10.184000,10.510000
170,10970,10970,6ada942,1761395,1761729,1770141,1770241,8.412000,8.746000
170,8432,8432,60f0942,1845051,1845385,1850096,1850196,4.711000,5.045000
170,10266,10266,681a940,1910051,1910377,1923933,1924033,13.556000,13.882000
170,9326,9326,646e940,1916051,1916377,1936249,1936349,19.872000,20.198000
170,9524,9524,6534941,2014051,2014385,2020923,2021023,6.538000,6.872000
170,10922,10922,6aaa941,2108051,2108385,2121021,2121121,12.636000,12.970000
171,949,949,43b5943,169051,169377,181254,181354,11.877000,12.203000
171,1384,1384,4568943,207051,207385,218340,218440,10.955000,11.289000
171,769,769,4301941,240051,240377,256852,256953,16.475000,16.801000
171,544,544,4220941,403051,403385,419449,419549,16.064000,16.398000
171,1422,1422,458e941,408051,408385,425012,425112,16.627000,16.961000
171,3666,3666,4e52942,457595,457929,478369,478469,20.440000,20.774000
171,5083,5083,53db940,533349,533683,584781,584881,51.098000,51.432000
171,3861,3861,4f15940,583051,583377,595687,595787,12.310000,12.636000
171,5070,5070,53ce941,596776,597102,607099,607199,9.997000,10.323000
171,4064,4064,4fe0942,636199,636525,650453,650553,13.928000,14.254000
171,3653,3653,4e45941,799051,799385,809425,809525,10.040000,10.374000
171,2265,2265,48d9943,807051,807385,817450,817550,10.065000,10.399000
171,3730,3730,4e92943,770051,770377,821595,821695,51.218000,51.544000
171,3073,3073,4c01940,828051,828385,842879,842979,14.494000,14.828000
171,3008,3008,4bc0941,885856,886190,924693,924793,38.503000,38.837000
171,2870,2870,4b36943,844051,844385,930130,930230,85.745000,86.079000
171,4536,4536,51b8943,926051,926385,935295,935395,8.910000,9.244000
171,7112,7112,5bc8943,934051,934385,946528,946628,12.143000,12.477000
171,7884,7884,5ecc941,938051,938385,951910,952010,13.525000,13.859000
171,3037,3037,4bdd941,891051,891385,962889,962989,71.504000,71.838000
171,3736,3736,4e98941,949773,950099,973753,973853,23.654000,23.980000
171,5983,5983,575f940,933051,933377,1039503,1039604,106.126000,106.452000
171,3765,3765,4eb5942,1090864,1091198,1103250,1103350,12.052000,12.386000
171,4981,4981,5375940,1131051,1131377,1145280,1145380,13.903000,14.229000
171,4361,4361,5109941,1154051,1154385,1171792,1171892,17.407000,17.741000
171,6447,6447,592f940,1164051,1164377,1188281,1188381,23.904000,24.230000
171,7662,7662,5dee941,1172051,1172377,1194282,1194382,21.905000,22.231000
171,4875,4875,530b940,1191051,1191385,1210818,1210918,19.433000,19.767000
171,10034,10034,6732940,1215051,1215385,1221016,1221116,5.631000,5.965000
171,5406,5406,551e943,1285051,1285385,1303113,1303213,17.728000,18.062000
171,6884,6884,5ae4941,1333051,1333385,1342750,1342850,9.365000,9.699000
171,9995,9995,670b942,1452871,1453205,1492718,1492818,39.513000,39.847000
171,8614,8614,61a6943,1556051,1556377,1566713,1566813,10.336000,10.662000
171,10934,10934,6ab6942,1571051,1571385,1588512,1588612,17.127000,17.461000
171,8264,8264,6048943,1571775,1572109,1593969,1594069,21.860000,22.194000
171,6459,6459,593b941,1693051,1693377,1704264,1704364,10.887000,11.213000
171,8917,8917,62d5943,1739051,1739377,1747603,1747703,8.226000,8.552000
171,9585,9585,6571942,1732051,1732385,1751801,1751901,19.416000,19.750000
171,8763,8763,623b943,1806051,1806377,1815505,1815605,9.128000,9.454000
171,10341,10341,6865941,1991051,1991385,2004167,2004267,12.782000,13.116000
171,10007,10007,6717941,2034402,2034736,2045792,2045892,11.056000,11.390000
171,10427,10427,68bb941,2115051,2115385,2131224,2131324,15.839000,16.173000
171,10458,10458,68da943,2412051,2412377,2423272,2423372,10.895000,11.221000
172,188,188,40bc942,37051,37385,57413,57513,20.028000,20.362000
172,1055,1055,441f940,130893,131227,151488,151588,20.261000,20.595000
172,763,763,42fb940,147180,147506,163173,163273,15.667000,15.993000
172,658,658,4292940,170051,170377,199221,199321,28.844000,29.170000
172,2782,2782,4ade941,180051,180385,235399,235499,55.014000,55.348000
172,1411,1411,4583942,291827,292153,339104,339204,46.951000,47.277000
172,1407,1407,457f943,359051,359385,377560,377660,18.175000,18.509000
172,4827,4827,52db943,392051,392377,406131,406231,13.754000,14.080000
172,4084,4084,4ff4942,446051,446377,455954,456054,9.577000,9.903000
172,2762,2762,4aca942,426495,426821,483802,483902,56.981000,57.307000
172,3712,3712,4e80940,522050,522385,550960,551060,28.575000,28.910000
172,3405,3405,4d4d942,534723,535057,582011,582111,46.954000,47.288000
172,3527,3527,4dc7941,644051,644377,663056,663156,18.679000,19.005000
172,3778,3778,4ec2941,697051,697377,720851,720951,23.474000,23.800000
172,4596,4596,51f4940,778051,778377,790980,791080,12.603000,12.929000
172,6202,6202,583a943,931051,931385,951033,951133,19.648000,19.982000
172,3764,3764,4eb4943,1024051,1024385,1043269,1043368,18.884000,19.218000
172,5799,5799,56a7942,1020051,1020377,1078058,1078158,57.681000,58.007000
172,8128,8128,5fc0941,1143156,1143482,1160473,1160573,16.991000,17.317000
172,7253,7253,5c55942,1214051,1214385,1238881,1238981,24.496000,24.830000
172,10959,10959,6acf942,1273453,1273779,1304784,1304884,31.005000,31.331000
172,7140,7140,5be4942,1390051,1390385,1402123,1402223,11.738000,12.072000
172,8826,8826,627a942,1460051,1460385,1479798,1479898,19.413000,19.747000
172,7562,7562,5d8a943,1509051,1509385,1530904,1531004,21.519000,21.853000
172,10597,10597,6965940,1606051,1606385,1620138,1620238,13.753000,14.087000
172,9249,9249,6421940,1617051,1617385,1626600,1626700,9.215000,9.549000
172,8384,8384,60c0943,1633051,1633377,1652945,1653045,19.568000,19.894000
172,6598,6598,59c6940,1675051,1675377,1691459,1691559,16.082000,16.408000
172,10221,10221,67ed940,1976051,1976385,2017427,2017527,41.042000,41.376000
172,6997,6997,5b55941,2104051,2104385,2126895,2126995,22.510000,22.844000
172,8991,8991,631f943,2265051,2265385,2282547,2282647,17.162000,17.496000
173,76,76,404c940,33051,33385,55658,55758,22.273000,22.607000
173,130,130,4082941,65051,65385,93073,93173,27.688000,28.022000
173,322,322,4142942,97051,97385,111701,111801,14.316000,14.650000
173,375,375,4177940,97416,97742,117046,117146,19.304000,19.630000
173,293,293,4125941,90051,90377,128972,129072,38.595000,38.921000
173,123,123,407b941,138051,138377,145661,145761,7.284000,7.610000
173,2028,2028,47ec941,241051,241385,249620,249720,8.235000,8.569000
173,651,651,428b941,299051,299385,304117,304217,4.732000,5.066000
173,2153,2153,4869940,316939,317265,347732,347832,30.467000,30.793000
173,2595,2595,4a23941,347051,347385,367460,367560,20.075000,20.409000
173,1918,1918,477e940,352051,352377,378318,378418,25.941000,26.267000
173,3276,3276,4ccc942,383051,383385,405631,405731,22.246000,22.580000
173,1073,1073,4431943,375051,375377,457468,457568,82.091000,82.417000
173,1744,1744,46d0941,371051,371385,468398,468498,97.013000,97.347000
173,771,771,4303940,453051,453385,475121,475221,21.736000,22.070000
173,3565,3565,4ded943,563051,563385,571119,571219,7.734000,8.068000
173,6310,6310,58a6943,636051,636377,652410,652510,16.033000,16.359000
173,4572,4572,51dc943,720051,720377,733079,733179,12.702000,13.028000
173,4271,4271,50af942,758051,758385,772704,772804,14.319000,14.653000
173,2499,2499,49c3940,770051,770385,793030,793130,22.645000,22.979000
173,6815,6815,5a9f940,701051,701377,797259,797359,95.882000,96.208000
173,4383,4383,511f942,803051,803377,816295,816395,12.918000,13.244000
173,5733,5733,5665943,744051,744377,847657,847757,103.280000,103.606000
173,5517,5517,558d942,866051,866385,910879,910979,44.494000,44.828000
173,4967,4967,5367940,923051,923377,951288,951388,27.911000,28.237000
173,3373,3373,4d2d941,944334,944668,957524,957624,12.856000,13.190000
173,3672,3672,4e58943,993051,993385,1010065,1010165,16.680000,17.014000
173,7145,7145,5be9941,1127051,1127385,1150475,1150575,23.090000,23.424000
173,7364,7364,5cc4942,1175051,1175377,1190584,1190684,15.207000,15.533000
173,8015,8015,5f4f940,1179051,1179377,1199834,1199934,20.457000,20.783000
173,6231,6231,5857941,1230460,1230786,1235574,1235674,4.788000,5.114000
173,7680,7680,5e00941,1199804,1200138,1241011,1241111,40.873000,41.207000
173,6816,6816,5aa0941,1225051,1225377,1246995,1247095,21.618000,21.944000
173,6779,6779,5a7b940,1237051,1237385,1252494,1252594,15.109000,15.443000
173,8012,8012,5f4c940,1273051,1273385,1278065,1278165,4.680000,5.014000
173,10742,10742,69f6943,1354051,1354385,1360674,1360774,6.289000,6.623000
173,5051,5051,53bb942,1413051,1413377,1429656,1429756,16.279000,16.605000
173,8053,8053,5f75941,1436440,1436774,1449524,1449624,12.750000,13.084000
173,9754,9754,661a942,1499051,1499385,1522890,1522990,23.505000,23.839000
173,8700,8700,61fc943,1579922,1580248,1605767,1605867,25.519000,25.845000
173,8929,8929,62e1941,1614051,1614377,1653673,1653773,39.296000,39.622000
173,8687,8687,61ef942,1632936,1633262,1664944,1665044,31.682000,32.008000
173,8262,8262,6046942,1697051,1697377,1705723,1705823,8.346000,8.672000
173,8170,8170,5fea943,1759051,1759377,1767708,1767808,8.331000,8.657000
173,7861,7861,5eb5943,1730446,1730780,1773214,1773314,42.434000,42.768000
173,8498,8498,6132940,1763051,1763377,1793606,1793706,30.229000,30.555000
173,10535,10535,6927942,1846051,1846385,1858337,1858437,11.952000,12.286000
173,9757,9757,661d940,1933051,1933377,1948969,1949069,15.592000,15.918000
173,10557,10557,693d942,2098051,2098377,2114967,2115067,16.590000,16.916000
174,386,386,4182943,30051,30385,43353,43453,12.968000,13.302000
174,85,85,4055941,45051,45385,67184,67284,21.799000,22.133000
174,95,95,405f942,44051,44385,74236,74336,29.851000,30.185000
174,304,304,4130942,91051,91385,105742,105842,14.357000,14.691000
174,1339,1339,453b941,193051,193377,200741,200841,7.364000,7.690000
174,311,311,4137941,217051,217385,239505,239605,22.120000,22.454000
174,3721,3721,4e89942,326051,326377,345146,345246,18.769000,19.095000
174,1780,1780,46f4943,338051,338385,352846,352946,14.461000,14.795000
174,3532,3532,4dcc943,407051,407377,475992,476092,68.615000,68.941000
174,2304,2304,4900942,538051,538385,566495,566595,28.110000,28.444000
174,3381,3381,4d35942,569051,569385,579401,579501,10.016000,10.350000
174,4418,4418,5142941,570051,570385,583550,583650,13.165000,13.499000
174,5265,5265,5491942,569525,569851,587749,587849,17.898000,18.224000
174,1638,1638,4666943,604051,604385,626072,626172,21.687000,22.021000
174,3013,3013,4bc5942,636051,636385,642842,642942,6.457000,6.791000
174,4035,4035,4fc3941,645051,645385,710367,710467,64.982000,65.316000
174,5966,5966,574e941,694459,694793,721305,721405,26.512000,26.846000
174,3662,3662,4e4e941,704875,705201,725827,725927,20.626000,20.952000
174,5461,5461,5555941,730051,730385,760845,760945,30.460000,30.794000
174,2386,2386,4952940,744051,744377,790027,790127,45.650000,45.976000
174,6193,6193,5831940,807080,807406,833706,833806,26.300000,26.626000
174,4844,4844,52ec942,861865,862199,874024,874124,11.825000,12.159000
174,6213,6213,5845943,1005051,1005385,1018942,1019042,13.557000,13.891000
174,5240,5240,5478941,1017051,1017385,1024287,1024387,6.902000,7.236000
174,4800,4800,52c0943,1075051,1075377,1085390,1085490,10.013000,10.339000
174,7849,7849,5ea9942,1135051,1135377,1162485,1162585,27.108000,27.434000
174,9255,9255,6427940,1170051,1170385,1176872,1176972,6.487000,6.821000
174,7405,7405,5ced943,1082831,1083165,1182291,1182391,99.126000,99.460000
174,6540,6540,598c942,1262051,1262377,1287264,1287364,24.887000,25.213000
174,8891,8891,62bb941,1297051,1297377,1311654,1311754,14.277000,14.603000
174,9325,9325,646d943,1320051,1320377,1334379,1334479,14.002000,14.328000
174,8559,8559,616f942,1342051,1342385,1357627,1357727,15.242000,15.576000
174,7944,7944,5f08940,1354051,1354385,1374111,1374211,19.726000,20.060000
174,8622,8622,61ae940,1442808,1443142,1457661,1457761,14.519000,14.853000
174,10621,10621,697d940,1476051,1476377,1483734,1483834,7.357000,7.683000
174,5824,5824,56c0943,1466051,1466377,1500382,1500482,34.005000,34.331000
174,8901,8901,62c5940,1507051,1507377,1521790,1521890,14.413000,14.739000
174,9746,9746,6612941,1520051,1520385,1531276,1531376,10.891000,11.225000
174,9997,9997,670d943,1603051,1603385,1618977,1619077,15.592000,15.926000
174,10589,10589,695d942,1632051,1632377,1652499,1652599,20.122000,20.448000
174,8423,8423,60e7943,1643622,1643956,1661233,1661333,17.277000,17.611000
174,10667,10667,69ab942,1673051,1673385,1685253,1685353,11.868000,12.202000
174,7459,7459,5d23943,1722051,1722377,1729777,1729877,7.400000,7.726000
174,10703,10703,69cf940,1762742,1763068,1784302,1784402,21.234000,21.560000
174,9796,9796,6644941,1895051,1895385,1916746,1916846,21.361000,21.695000
174,10384,10384,6890943,1908051,1908377,1923798,1923898,15.421000,15.747000
174,10002,10002,6712943,2027416,2027742,2051013,2051113,23.271000,23.597000
174,9836,9836,666c941,2755051,2755385,2779685,2779785,24.300000,24.634000
175,843,843,434b940,61051,61377,99082,99182,37.705000,38.031000
175,321,321,4141942,107051,107385,116525,116625,9.140000,9.474000
175,848,848,4350942,111051,111377,128218,128318,16.841000,17.167000
175,939,939,43ab942,132051,132385,148744,148844,16.359000,16.693000
175,2815,2815,4aff941,215051,215385,246551,246651,31.166000,31.500000
175,2313,2313,4909940,265051,265385,287307,287407,21.922000,22.256000
175,2040,2040,47f8943,351051,351377,377472,377572,26.095000,26.421000
175,3208,3208,4c88942,380885,381219,389557,389657,8.338000,8.672000
175,2506,2506,49ca941,384051,384385,404807,404907,20.422000,20.756000
175,4822,4822,52d6943,424051,424377,436591,436691,12.214000,12.540000
175,1731,1731,46c3942,422051,422385,447211,447311,24.826000,25.160000
175,1647,1647,466f940,433706,434040,451409,451509,17.369000,17.703000
175,2577,2577,4a11941,534051,534385,555502,555602,21.117000,21.451000
175,4401,4401,5131940,706051,706385,723400,723500,17.015000,17.349000
175,3679,3679,4e5f941,709051,709385,740721,740821,31.336000,31.670000
175,3353,3353,4d19941,717051,717377,753637,753737,36.260000,36.586000
175,4495,4495,518f941,780051,780385,790391,790491,10.006000,10.340000
175,2904,2904,4b58943,748051,748385,795736,795836,47.351000,47.685000
175,3866,3866,4f1a940,808051,808377,830746,830846,22.369000,22.695000
175,4198,4198,5066941,815051,815385,847979,848079,32.594000,32.928000
175,5578,5578,55ca941,830051,830377,873443,873543,43.066000,43.392000
175,5226,5226,546a943,857051,857377,877585,877685,20.208000,20.534000
175,6199,6199,5837941,948051,948377,964195,964295,15.818000,16.144000
175,9399,9399,64b7943,1037051,1037377,1056519,1056619,19.142000,19.468000
175,8328,8328,6088941,1286051,1286385,1298828,1298928,12.443000,12.777000
175,9657,9657,65b9941,1342051,1342377,1350690,1350790,8.313000,8.639000
175,10587,10587,695b940,1442051,1442377,1450661,1450761,8.284000,8.610000
175,8443,8443,60fb941,1482334,1482660,1497243,1497343,14.583000,14.909000
175,7385,7385,5cd9943,1473051,1473377,1504397,1504497,31.020000,31.346000
175,9489,9489,6511943,1492051,1492385,1508565,1508665,16.180000,16.514000
175,8591,8591,618f940,1623894,1624220,1646021,1646121,21.801000,22.127000
175,9816,9816,6658943,1651051,1651377,1664773,1664873,13.396000,13.722000
175,10409,10409,68a9942,1824051,1824385,1837106,1837206,12.721000,13.055000
175,10262,10262,6816941,1929051,1929385,1948105,1948205,18.720000,19.054000
175,10355,10355,6873940,1981438,1981764,2014648,2014748,32.884000,33.210000
175,10311,10311,6847941,2090051,2090377,2108315,2108415,17.938000,18.264000
175,9762,9762,6622941,2121051,2121385,2135752,2135852,14.367000,14.701000
175,10990,10990,6aee940,2271439,2271773,2289745,2289845,17.972000,18.306000
176,379,379,417b941,66924,67258,94661,94761,27.403000,27.737000
176,1004,1004,43ec942,113051,113385,127313,127413,13.928000,14.262000
176,411,411,419b940,253051,253385,272342,272442,18.957000,19.291000
176,1090,1090,4442941,299051,299377,329981,330081,30.604000,30.930000
176,2995,2995,4bb3942,425628,425954,433352,433452,7.398000,7.724000
176,2026,2026,47ea941,425590,425924,449995,450095,24.071000,24.405000
176,3970,3970,4f82941,407051,407377,471822,471922,64.445000,64.771000
176,5474,5474,5562943,559051,559377,582200,582300,22.823000,23.149000
176,4702,4702,525e943,676042,676368,713430,713530,37.062000,37.388000
176,7788,7788,5e6c941,783051,783377,791928,792028,8.551000,8.877000
176,5042,5042,53b2942,830124,830450,846769,846869,16.319000,16.645000
176,5893,5893,5705940,837051,837377,859649,859749,22.272000,22.598000
176,2390,2390,4956940,855051,855377,887111,887211,31.734000,32.060000
176,5658,5658,561a941,944153,944487,961376,961476,16.889000,17.223000
176,6805,6805,5a95943,934051,934377,991114,991214,56.737000,57.063000
176,5535,5535,559f941,1024051,1024385,1033548,1033647,9.163000,9.497000
176,4614,4614,5206941,1037051,1037385,1066334,1066434,28.949000,29.283000
176,5175,5175,5437943,1082051,1082377,1113797,1113897,31.420000,31.746000
176,3897,3897,4f39943,1136051,1136377,1146596,1146696,10.219000,10.545000
176,6742,6742,5a56942,1168051,1168377,1195586,1195686,27.209000,27.535000
176,8025,8025,5f59941,1136051,1136385,1208490,1208590,72.105000,72.439000
176,9293,9293,644d943,1271689,1272023,1286670,1286770,14.647000,14.981000
176,5444,5444,5544940,1277051,1277377,1292911,1293011,15.534000,15.860000
176,9479,9479,6507942,1280051,1280377,1297607,1297707,17.230000,17.556000
176,7546,7546,5d7a941,1491424,1491750,1507610,1507710,15.860000,16.186000
176,6543,6543,598f941,1543051,1543377,1561486,1561586,18.109000,18.435000
176,9254,9254,6426943,1752051,1752385,1777175,1777275,24.790000,25.124000
176,10876,10876,6a7c941,1997051,1997377,2006569,2006669,9.192000,9.518000
176,9545,9545,6549940,2051051,2051385,2065930,2066030,14.545000,14.879000
176,8554,8554,616a943,2065051,2065385,2072722,2072822,7.337000,7.671000
177,699,699,42bb940,144051,144377,153583,153683,9.206000,9.532000
177,1059,1059,4423943,144051,144385,159801,159901,15.416000,15.750000
177,1265,1265,44f1942,167051,167385,178367,178467,10.982000,11.316000
177,726,726,42d6941,182270,182604,190051,190151,7.447000,7.781000
177,2039,2039,47f7943,193051,193377,205051,205151,11.674000,12.000000
177,1235,1235,44d3941,274051,274385,285909,286009,11.524000,11.858000
177,1700,1700,46a4941,268051,268385,296794,296894,28.409000,28.743000
177,1016,1016,43f8940,294051,294377,304193,304293,9.816000,10.142000
177,1560,1560,4618941,303051,303377,319681,319781,16.304000,16.630000
177,2592,2592,4a20940,301315,301649,330646,330746,28.997000,29.331000
177,2679,2679,4a77940,354800,355126,394942,395042,39.816000,40.142000
177,2817,2817,4b01943,420647,420981,433580,433680,12.599000,12.933000
177,2127,2127,484f940,453051,453385,521074,521175,67.689000,68.023000
177,3011,3011,4bc3941,554051,554377,579184,579284,24.807000,25.133000
177,4332,4332,50ec940,622051,622377,636980,637080,14.603000,14.929000
177,3848,3848,4f08940,634051,634377,645285,645385,10.908000,11.234000
177,4422,4422,5146942,684051,684385,692621,692721,8.236000,8.570000
177,5203,5203,5453941,722051,722385,734176,734276,11.791000,12.125000
177,9365,9365,6495942,765690,766016,786185,786285,20.169000,20.495000
177,4700,4700,525c940,860051,860385,880778,880878,20.393000,20.727000
177,5291,5291,54ab943,854051,854385,929223,929323,74.838000,75.172000
177,7313,7313,5c91940,917051,917377,946198,946298,28.821000,29.147000
177,3646,3646,4e3e940,942051,942377,957103,957203,14.726000,15.052000
177,4770,4770,52a2942,1038051,1038385,1071044,1071144,32.659000,32.993000
177,6564,6564,59a4941,1036051,1036385,1076552,1076652,40.167000,40.501000
177,5598,5598,55de942,1104051,1104377,1113558,1113658,9.181000,9.507000
177,9181,9181,63dd943,1061030,1061364,1123430,1123530,62.066000,62.400000
177,9050,9050,635a942,1109051,1109377,1140523,1140623,31.146000,31.472000
177,7251,7251,5c53940,1131051,1131377,1178287,1178387,46.910000,47.236000
177,10082,10082,6762941,1132499,1132833,1183422,1183522,50.589000,50.923000
177,8976,8976,6310943,1300051,1300377,1325667,1325767,25.290000,25.616000
177,4975,4975,536f942,1380051,1380377,1397893,1397993,17.516000,17.842000
177,4837,4837,52e5942,1383051,1383385,1415947,1416047,32.562000,32.896000
177,10096,10096,6770940,1480051,1480377,1491980,1492080,11.603000,11.929000
177,6349,6349,58cd943,1452453,1452779,1529103,1529203,76.324000,76.650000
177,7330,7330,5ca2940,1523051,1523377,1578320,1578420,54.943000,55.269000
177,8244,8244,6034942,1572051,1572385,1582530,1582630,10.145000,10.479000
177,7064,7064,5b98943,1580051,1580385,1599758,1599858,19.373000,19.707000
177,10596,10596,6964942,2034051,2034377,2039977,2040077,5.600000,5.926000
177,10771,10771,6a13942,2054051,2054377,2064437,2064537,10.060000,10.386000
178,108,108,406c940,22051,22385,30651,30751,8.266000,8.600000
178,427,427,41ab942,63051,63385,71639,71739,8.254000,8.588000
178,278,278,4116940,112051,112385,121880,121980,9.495000,9.829000
178,500,500,41f4942,140051,140385,145066,145166,4.681000,5.015000
178,511,511,41ff942,133051,133385,160436,160536,27.051000,27.385000
178,1487,1487,45cf942,228828,229162,237897,237997,8.735000,9.069000
178,1154,1154,4482941,304051,304377,316268,316368,11.891000,12.217000
178,666,666,429a942,311051,311377,321832,321932,10.455000,10.781000
178,3450,3450,4d7a941,357051,357385,363901,364001,6.516000,6.850000
178,987,987,43db943,378051,378377,401533,401633,23.156000,23.482000
178,3242,3242,4caa940,381060,381386,407021,407121,25.635000,25.961000
178,2616,2616,4a38941,489051,489377,517096,517196,27.719000,28.045000
178,4538,4538,51ba943,534051,534385,553972,554072,19.587000,19.921000
178,5374,5374,54fe942,569051,569385,580559,580659,11.174000,11.508000
178,3752,3752,4ea8940,665051,665385,675827,675927,10.442000,10.776000
178,3682,3682,4e62942,694051,694377,705266,705366,10.889000,11.215000
178,4026,4026,4fba943,710051,710385,723994,724094,13.609000,13.943000
178,1482,1482,45ca940,723703,724029,756894,756994,32.865000,33.191000
178,3346,3346,4d12943,754051,754377,778760,778860,24.383000,24.709000
178,4663,4663,5237941,768051,768385,815228,815328,46.843000,47.177000
178,6156,6156,580c942,837051,837377,872572,872672,35.195000,35.521000
178,6032,6032,5790942,948051,948385,982073,982173,33.688000,34.022000
178,5944,5944,5738941,996051,996385,1014523,1014623,18.138000,18.472000
178,9899,9899,66ab940,960623,960949,1032100,1032201,71.151000,71.477000
178,6137,6137,57f9941,1044051,1044377,1055291,1055391,10.914000,11.240000
178,8431,8431,60ef943,1041250,1041576,1083663,1083763,42.087000,42.413000
178,5337,5337,54d9942,1029051,1029385,1104582,1104682,75.197000,75.531000
178,5752,5752,5678941,1147051,1147385,1162573,1162673,15.188000,15.522000
178,8786,8786,6252943,1163051,1163385,1204877,1204977,41.492000,41.826000
178,3438,3438,4d6e940,1261051,1261385,1280322,1280422,18.937000,19.271000
178,9413,9413,64c5942,1164835,1165169,1300986,1301086,135.817000,136.151000
178,8683,8683,61eb942,1385847,1386181,1437560,1437660,51.379000,51.713000
178,9854,9854,667e941,1454051,1454385,1472681,1472781,18.296000,18.630000
178,7743,7743,5e3f941,1469112,1469438,1484916,1485016,15.478000,15.804000
178,10830,10830,6a4e943,1489051,1489377,1512246,1512346,22.869000,23.195000
178,6340,6340,58c4943,1527051,1527385,1547779,1547879,20.394000,20.728000
178,10414,10414,68ae942,1546051,1546385,1573575,1573675,27.190000,27.524000
178,6206,6206,583e941,1521418,1521752,1584520,1584620,62.768000,63.102000
178,9203,9203,63f3941,1661721,1662047,1675886,1675986,13.839000,14.165000
178,10306,10306,6842940,1696266,1696600,1709421,1709521,12.821000,13.155000
178,8434,8434,60f2942,1776051,1776377,1787959,1788059,11.582000,11.908000
178,8806,8806,6266940,1770051,1770385,1792127,1792227,21.742000,22.076000
178,10358,10358,6876943,1797051,1797377,1809228,1809328,11.851000,12.177000
178,9496,9496,6518942,1852051,1852385,1861559,1861659,9.174000,9.508000
178,10132,10132,6794942,1958051,1958377,1963107,1963207,4.730000,5.056000
178,9748,9748,6614943,1984051,1984385,1992669,1992769,8.284000,8.618000
179,185,185,40b9942,40051,40385,57452,57552,17.067000,17.401000
179,665,665,4299940,59051,59385,83870,83970,24.485000,24.819000
179,1689,1689,4699943,148051,148377,161605,161705,13.228000,13.554000
179,1319,1319,4527940,154051,154385,172468,172568,18.083000,18.417000
179,1592,1592,4638941,191051,191377,232716,232816,41.339000,41.665000
179,1024,1024,4400942,241051,241377,250606,250706,9.229000,9.555000
179,584,584,4248942,281051,281385,315603,315703,34.218000,34.552000
179,2666,2666,4a6a943,315051,315377,333687,333787,18.310000,18.636000
179,2653,2653,4a5d941,475051,475377,522286,522386,46.909000,47.235000
179,5633,5633,5601943,577051,577377,595471,595571,18.094000,18.420000
179,3112,3112,4c28942,546050,546376,615147,615247,68.771000,69.097000
179,6574,6574,59ae943,696051,696385,714722,714822,18.337000,18.671000
179,5027,5027,53a3943,717051,717377,729036,729136,11.659000,11.985000
179,6505,6505,5969941,715344,715670,741531,741631,25.861000,26.187000
179,5055,5055,53bf940,756051,756385,769075,769175,12.690000,13.024000
179,3849,3849,4f09943,721051,721377,774492,774592,53.115000,53.441000
179,7222,7222,5c36942,814265,814591,838164,838264,23.573000,23.899000
179,7327,7327,5c9f941,874275,874601,880323,880423,5.722000,6.048000
179,6546,6546,5992942,882366,882692,910611,910711,27.919000,28.245000
179,5903,5903,570f943,915051,915385,932427,932527,17.042000,17.376000
179,6009,6009,5779941,882051,882385,1036493,1036594,154.108000,154.442000
179,5292,5292,54ac941,892051,892385,1052739,1052839,160.354000,160.688000
179,6614,6614,59d6942,1112051,1112377,1132594,1132694,20.217000,20.543000
179,8205,8205,600d940,1141051,1141385,1159175,1159275,17.790000,18.124000
179,5473,5473,5561942,1174051,1174385,1184627,1184727,10.242000,10.576000
179,7531,7531,5d6b943,1156682,1157016,1222095,1222195,65.079000,65.413000
179,8896,8896,62c0942,1322051,1322377,1336965,1337065,14.588000,14.914000
179,7727,7727,5e2f943,1318051,1318377,1350687,1350787,32.310000,32.636000
179,8210,8210,6012942,1356051,1356385,1367419,1367519,11.034000,11.368000
179,7931,7931,5efb940,1424051,1424385,1454375,1454475,29.990000,30.324000
179,7412,7412,5cf4941,1527051,1527385,1556063,1556163,28.678000,29.012000
179,7694,7694,5e0e942,1577051,1577385,1605461,1605561,28.076000,28.410000
179,10056,10056,6748940,1759051,1759385,1784715,1784815,25.330000,25.664000
179,8836,8836,6284943,2145402,2145736,2150528,2150628,4.792000,5.126000
180,431,431,41af941,37051,37385,43887,43987,6.502000,6.836000
180,504,504,41f8943,45051,45377,60916,61016,15.539000,15.865000
180,859,859,435b942,165051,165385,201133,201233,35.748000,36.082000
180,1223,1223,44c7941,206051,206385,241816,241916,35.431000,35.765000
180,1589,1589,4635942,223051,223377,246026,246126,22.649000,22.975000
180,1331,1331,4533943,400051,400377,412659,412759,12.282000,12.608000
180,2198,2198,4896941,403051,403385,429252,429352,25.867000,26.201000
180,3904,3904,4f40941,426398,426732,433610,433710,6.878000,7.212000
180,3790,3790,4ece943,480724,481050,506334,506434,25.284000,25.610000
180,2544,2544,49f0941,495433,495759,518661,518761,22.902000,23.228000
180,3971,3971,4f83941,514050,514385,522915,523016,8.530000,8.865000
180,5081,5081,53d9942,579051,579385,592643,592743,13.258000,13.592000
180,6754,6754,5a62942,633051,633385,655458,655558,22.073000,22.407000
180,5160,5160,5428941,688051,688377,700219,700319,11.842000,12.168000
180,6007,6007,5777941,763051,763377,791259,791359,27.882000,28.208000
180,4367,4367,510f942,766051,766377,796979,797079,30.602000,30.928000
180,5089,5089,53e1940,740791,741117,810305,810405,69.188000,69.514000
180,4672,4672,5240943,723051,723385,815738,815838,92.353000,92.687000
180,8981,8981,6315941,834051,834377,842523,842623,8.146000,8.472000
180,5453,5453,554d941,834446,834780,907886,907986,73.106000,73.440000
180,4167,4167,5047942,930051,930377,951773,951873,21.396000,21.722000
180,6052,6052,57a4941,930051,930377,1030301,1030401,99.924000,100.250000
180,8998,8998,6326942,1045051,1045377,1055129,1055229,9.752000,10.078000
180,9760,9760,6620941,1103051,1103385,1148423,1148523,45.038000,45.372000
180,4957,4957,535d943,1173051,1173377,1178999,1179099,5.622000,5.948000
180,5831,5831,56c7941,1173051,1173377,1184353,1184453,10.976000,11.302000
180,7318,7318,5c96943,962051,962385,1219300,1219400,256.915000,257.249000
180,8385,8385,60c1943,1224051,1224385,1238964,1239064,14.579000,14.913000
180,5906,5906,5712940,1382753,1383087,1402576,1402676,19.489000,19.823000
180,10107,10107,677b943,1446051,1446385,1475359,1475459,28.974000,29.308000
180,6583,6583,59b7942,1492051,1492377,1508360,1508460,15.983000,16.309000
180,10421,10421,68b5943,1519051,1519385,1568090,1568190,48.705000,49.039000
180,10694,10694,69c6942,1692051,1692377,1717343,1717443,24.966000,25.292000
180,10721,10721,69e1941,1716051,1716377,1742867,1742967,26.490000,26.816000
180,6106,6106,57da940,1752051,1752377,1768117,1768217,15.740000,16.066000
180,8142,8142,5fce943,1826051,1826377,1838735,1838835,12.358000,12.684000
180,9477,9477,6505940,1829051,1829377,1843918,1844018,14.541000,14.867000
180,10049,10049,6741942,1841051,1841385,1848133,1848233,6.748000,7.082000
180,9069,9069,636d942,1862051,1862377,1874010,1874110,11.633000,11.959000
180,9916,9916,66bc943,1951051,1951385,1968457,1968557,17.072000,17.406000
180,7709,7709,5e1d940,2181051,2181377,2195063,2195163,13.686000,14.012000
181,512,512,4200943,60409,60743,85520,85620,24.777000,25.111000
181,289,289,4121943,106051,106377,117511,117611,11.134000,11.460000
181,1605,1605,4645941,103051,103377,127419,127519,24.042000,24.368000
181,880,880,4370943,123051,123377,133445,133545,10.068000,10.394000
181,1133,1133,446d943,125051,125377,144718,144818,19.341000,19.667000
181,876,876,436c943,129051,129377,150225,150325,20.848000,21.174000
181,2417,2417,4971942,270051,270377,292981,293081,22.604000,22.930000
181,2589,2589,4a1d942,264051,264377,304768,304868,40.391000,40.717000
181,1898,1898,476a940,373051,373385,378552,378652,5.167000,5.501000
181,4793,4793,52b9940,385431,385757,397684,397784,11.927000,12.253000
181,4315,4315,50db943,405051,405385,427849,427949,22.464000,22.798000
181,2012,2012,47dc941,409051,409385,433362,433462,23.977000,24.311000
181,2365,2365,493d940,500051,500377,518521,518621,18.144000,18.470000
181,5383,5383,5507942,509051,509385,525550,525650,16.165000,16.499000
181,4598,4598,51f6940,553051,553385,600749,600849,47.364000,47.698000
181,3459,3459,4d83942,568051,568385,631726,631826,63.341000,63.675000
181,4279,4279,50b7942,595051,595377,636903,637003,41.526000,41.852000
181,3797,3797,4ed5942,624051,624385,641052,641152,16.667000,17.001000
181,6717,6717,5a3d943,761051,761377,774171,774271,12.794000,13.120000
181,6319,6319,58af942,812446,812780,825889,825989,13.109000,13.443000
181,5133,5133,540d941,826051,826385,840105,840205,13.720000,14.054000
181,5896,5896,5708943,829051,829377,861871,861971,32.494000,32.820000
181,6524,6524,597c941,861026,861352,898459,898559,37.107000,37.433000
181,5463,5463,5557942,905164,905498,1003594,1003694,98.096000,98.430000
181,6432,6432,5920941,1006051,1006377,1027607,1027706,21.230000,21.556000
181,4951,4951,5357940,1091051,1091377,1104585,1104685,13.208000,13.534000
181,5789,5789,569d943,1108051,1108385,1126333,1126433,17.948000,18.282000
181,8029,8029,5f5d942,1166051,1166377,1194160,1194260,27.783000,28.109000
181,5852,5852,56dc940,1189051,1189385,1210474,1210574,21.089000,21.423000
181,9045,9045,6355940,1238438,1238764,1257148,1257248,18.384000,18.710000
181,9324,9324,646c943,1258051,1258385,1298142,1298242,39.757000,40.091000
181,8339,8339,6093940,1362051,1362385,1391200,1391300,28.815000,29.149000
181,8201,8201,6009940,1359825,1360159,1396648,1396748,36.489000,36.823000
181,9284,9284,6444940,1403051,1403377,1450080,1450180,46.703000,47.029000
181,5939,5939,5733943,1429383,1429709,1454279,1454379,24.570000,24.896000
181,8255,8255,603f941,1583051,1583377,1593679,1593779,10.302000,10.628000
181,10008,10008,6718942,1584051,1584377,1599213,1599313,14.836000,15.162000
181,10370,10370,6882942,1633051,1633385,1640707,1640807,7.322000,7.656000
181,10550,10550,6936940,1989157,1989491,2009761,2009861,20.270000,20.604000
181,9141,9141,63b5941,2005051,2005385,2015439,2015539,10.054000,10.388000
181,9826,9826,6662941,2065051,2065385,2080080,2080180,14.695000,15.029000
181,9485,9485,650d942,2337051,2337377,2346520,2346620,9.143000,9.469000
181,8695,8695,61f7940,2357051,2357377,2369126,2369226,11.749000,12.075000
181,10101,10101,6775940,2534051,2534377,2548182,2548282,13.805000,14.131000
182,562,562,4232940,29431,29757,54231,54331,24.474000,24.800000
182,1400,1400,4578942,167051,167377,181938,182038,14.561000,14.887000
182,113,113,4071943,177051,177377,193676,193776,16.299000,16.625000
182,1157,1157,4485941,177409,177743,221103,221203,43.360000,43.694000
182,3678,3678,4e5e942,288051,288385,301934,302034,13.549000,13.883000
182,1401,1401,4579942,339051,339385,348549,348649,9.164000,9.498000
182,1958,1958,47a6940,347051,347385,354778,354878,7.393000,7.727000
182,1033,1033,4409943,336051,336377,359748,359848,23.371000,23.697000
182,2863,2863,4b2f941,402051,402377,409775,409875,7.398000,7.724000
182,3535,3535,4dcf942,401051,401377,442204,442304,40.827000,41.153000
182,3487,3487,4d9f942,466051,466385,472036,472136,5.651000,5.985000
182,2613,2613,4a35943,469051,469377,499916,500016,30.539000,30.865000
182,4419,4419,5143942,502051,502385,515492,515592,13.107000,13.441000
182,3043,3043,4be3943,549977,550303,573861,573961,23.558000,23.884000
182,3005,3005,4bbd940,582051,582377,601294,601394,18.917000,19.243000
182,4397,4397,512d940,587051,587385,606811,606911,19.426000,19.760000
182,4577,4577,51e1940,617051,617377,659891,659991,42.514000,42.840000
182,4708,4708,5264942,659051,659385,665387,665487,6.002000,6.336000
182,5046,5046,53b6942,673461,673795,745800,745900,72.005000,72.339000
182,4936,4936,5348940,731051,731385,789487,789587,58.102000,58.436000
182,2189,2189,488d943,733051,733377,793632,793732,60.255000,60.581000
182,4180,4180,5054943,687051,687385,797822,797922,110.437000,110.771000
182,5539,5539,55a3943,789409,789743,852379,852479,62.636000,62.970000
182,7408,7408,5cf0942,938051,938377,956467,956567,18.090000,18.416000
182,5708,5708,564c943,957051,957385,972998,973098,15.613000,15.947000
182,7132,7132,5bdc940,991051,991377,999624,999724,8.247000,8.573000
182,5077,5077,53d5942,985051,985377,1007344,1007444,21.967000,22.293000
182,9612,9612,658c940,971051,971377,1012881,1012981,41.504000,41.830000
182,6664,6664,5a08941,1017051,1017385,1029857,1029956,12.472000,12.806000
182,6283,6283,588b943,1038051,1038385,1063206,1063306,24.821000,25.155000
182,7115,7115,5bcb941,1275051,1275377,1286616,1286716,11.239000,11.565000
182,9831,9831,6667943,1302051,1302385,1311558,1311658,9.173000,9.507000
182,4896,4896,5320941,1306051,1306377,1328850,1328950,22.473000,22.799000
182,8973,8973,630d943,1429051,1429377,1435869,1435969,6.492000,6.818000
182,9056,9056,6360941,1440334,1440660,1454559,1454659,13.899000,14.225000
182,10367,10367,687f940,1487051,1487377,1504839,1504939,17.462000,17.788000
182,8309,8309,6075943,1518051,1518385,1524827,1524927,6.442000,6.776000
182,10725,10725,69e5940,1627051,1627377,1634779,1634879,7.402000,7.728000
182,10665,10665,69a9942,1637502,1637836,1660095,1660195,22.259000,22.593000
182,8099,8099,5fa3942,1656051,1656385,1669925,1670025,13.540000,13.874000
182,7784,7784,5e68942,1768051,1768385,1778419,1778519,10.034000,10.368000
182,10032,10032,6730943,1791051,1791385,1798730,1798830,7.345000,7.679000
182,10569,10569,6949943,2095051,2095377,2110758,2110858,15.381000,15.707000
183,187,187,40bb943,57051,57385,75382,75482,17.997000,18.331000
183,741,741,42e5943,188051,188377,208053,208153,19.676000,20.002000
183,2739,2739,4ab3942,238051,238385,251143,251243,12.758000,13.092000
183,2330,2330,491a942,284051,284385,295374,295474,10.989000,11.323000
183,2046,2046,47fe940,293051,293377,306342,306442,12.965000,13.291000
183,3119,3119,4c2f942,398051,398377,426782,426882,28.405000,28.731000
183,4246,4246,5096942,476051,476385,499987,500087,23.602000,23.936000
183,1901,1901,476d941,510051,510385,538095,538195,27.710000,28.044000
183,1796,1796,4704942,557051,557377,565676,565776,8.299000,8.625000
183,2954,2954,4b8a941,583051,583377,605692,605792,22.315000,22.641000
183,3585,3585,4e01940,634051,634385,648768,648868,14.383000,14.717000
183,4996,4996,5384940,673051,673377,687943,688043,14.566000,14.892000
183,5623,5623,55f7940,665051,665385,693453,693553,28.068000,28.402000
183,5657,5657,5619942,672244,672570,698927,699027,26.357000,26.683000
183,4750,4750,528e943,766051,766385,784247,784347,17.862000,18.196000
183,4082,4082,4ff2941,792051,792377,799986,800086,7.609000,7.935000
183,5368,5368,54f8940,765439,765765,805306,805406,39.541000,39.867000
183,5086,5086,53de943,792395,792729,835763,835863,43.034000,43.368000
183,5332,5332,54d4942,792876,793202,846842,846942,53.640000,53.966000
183,4589,4589,51ed941,837051,837377,862632,862732,25.255000,25.581000
183,3024,3024,4bd0940,812051,812377,926401,926501,114.024000,114.350000
183,7574,7574,5d96940,922470,922804,954510,954610,31.706000,32.040000
183,6317,6317,58ad941,1000051,1000377,1020107,1020207,19.730000,20.056000
183,5331,5331,54d3943,1025051,1025377,1031046,1031146,5.669000,5.995000
183,5669,5669,5625943,1089051,1089385,1148171,1148271,58.786000,59.120000
183,8781,8781,624d940,1183051,1183385,1204456,1204556,21.071000,21.405000
183,8481,8481,6121943,1164051,1164377,1213567,1213667,49.190000,49.516000
183,7456,7456,5d20942,1266051,1266385,1273726,1273826,7.341000,7.675000
183,10182,10182,67c6942,1338051,1338377,1355946,1356046,17.569000,17.895000
183,7609,7609,5db9943,1379051,1379377,1386708,1386808,7.331000,7.657000
183,7782,7782,5e66941,1529051,1529377,1548974,1549074,19.597000,19.923000
183,10632,10632,6988940,1818051,1818377,1823139,1823239,4.762000,5.088000
183,7184,7184,5c10941,1858051,1858377,1868444,1868544,10.067000,10.393000
183,10041,10041,6739941,2449051,2449377,2455013,2455113,5.636000,5.962000
183,9589,9589,6575940,2673051,2673385,2689791,2689891,16.406000,16.740000
183,10985,10985,6ae9940,3023051,3023377,3039758,3039858,16.381000,16.707000
184,58,58,403a942,64051,64385,73612,73712,9.227000,9.561000
184,1108,1108,4454941,116847,117173,157822,157922,40.649000,40.975000
184,2329,2329,4919941,250546,250880,281193,281293,30.313000,30.647000
184,1805,1805,470d940,274051,274385,307617,307717,33.232000,33.566000
184,1777,1777,46f1943,344051,344377,356839,356939,12.462000,12.788000
184,2498,2498,49c2942,362131,362465,400555,400655,38.090000,38.424000
184,2140,2140,485c942,461051,461385,479795,479895,18.410000,18.744000
184,4018,4018,4fb2941,548051,548377,554807,554907,6.430000,6.756000
184,2069,2069,4815940,576051,576377,599686,599786,23.309000,23.635000
184,3400,3400,4d48942,635051,635385,654026,654126,18.641000,18.975000
184,4511,4511,519f943,670662,670996,681163,681263,10.167000,10.501000
184,3973,3973,4f85943,671051,671385,699764,699864,28.379000,28.713000
184,4674,4674,5242943,698051,698385,714738,714838,16.353000,16.687000
184,4655,4655,522f940,696051,696377,720209,720309,23.832000,24.158000
184,6284,6284,588c941,790051,790385,835856,835956,45.471000,45.805000
184,4904,4904,5328942,904051,904385,920869,920969,16.484000,16.818000
184,8720,8720,6210943,1050051,1050377,1072154,1072254,21.777000,22.103000
184,8527,8527,614f940,1112051,1112377,1158133,1158233,45.756000,46.082000
184,4437,4437,5155943,1233051,1233385,1247121,1247221,13.736000,14.070000
184,10898,10898,6a92942,1319203,1319537,1328791,1328891,9.254000,9.588000
184,6718,6718,5a3e940,1269311,1269645,1333068,1333168,63.423000,63.757000
184,7790,7790,5e6e940,1292416,1292750,1343960,1344060,51.210000,51.544000
184,5324,5324,54cc943,1331051,1331385,1349663,1349763,18.278000,18.612000
184,6353,6353,58d1942,1329051,1329385,1355010,1355110,25.625000,25.959000
184,8397,8397,60cd942,1399051,1399377,1419714,1419814,20.337000,20.663000
184,9369,9369,6499941,1490051,1490385,1508228,1508328,17.843000,18.177000
184,9316,9316,6464941,1496051,1496385,1519232,1519332,22.847000,23.181000
184,10080,10080,6760940,1515409,1515743,1528059,1528159,12.316000,12.650000
184,9140,9140,63b4940,1546051,1546377,1565178,1565278,18.801000,19.127000
184,10015,10015,671f941,1731051,1731377,1752067,1752167,20.690000,21.016000
184,5032,5032,53a8940,1737051,1737385,1757553,1757653,20.168000,20.502000
184,10835,10835,6a53942,1834623,1834949,1858520,1858620,23.571000,23.897000
184,10184,10184,67c8941,1863051,1863377,1882190,1882290,18.813000,19.139000
184,10963,10963,6ad3940,1869051,1869377,1888052,1888152,18.675000,19.001000
184,7039,7039,5b7f940,1881051,1881385,1892261,1892361,10.876000,11.210000
184,9996,9996,670c942,1873051,1873385,1896503,1896603,23.118000,23.452000
184,8686,8686,61ee941,1907051,1907385,1919479,1919579,12.094000,12.428000
184,10337,10337,6861941,2045051,2045377,2051044,2051144,5.667000,5.993000
184,9874,9874,6692941,2062051,2062385,2077885,2077985,15.500000,15.834000
184,10564,10564,6944942,2089051,2089385,2097704,2097804,8.319000,8.653000
185,929,929,43a1941,53051,53385,78153,78253,24.768000,25.102000
185,249,249,40f9942,101051,101385,130227,130327,28.842000,29.176000
185,1431,1431,4597942,173051,173377,191112,191212,17.735000,18.061000
185,2270,2270,48de942,166051,166385,201989,202089,35.604000,35.938000
185,1120,1120,4460941,189051,189377,221689,221789,32.312000,32.638000
185,499,499,41f3943,204051,204377,227199,227299,22.822000,23.148000
185,2076,2076,481c941,174051,174377,232710,232810,58.333000,58.659000
185,1509,1509,45e5943,212457,212783,259916,260016,47.133000,47.459000
185,1858,1858,4742941,322051,322385,353425,353525,31.040000,31.374000
185,1047,1047,4417943,346051,346385,359106,359206,12.721000,13.055000
185,1011,1011,43f3942,348151,348485,365988,366088,17.503000,17.837000
185,947,947,43b3942,416051,416385,440444,440544,24.059000,24.393000
185,2980,2980,4ba4940,435416,435742,479563,479663,43.821000,44.147000
185,5803,5803,56ab942,524164,524490,534564,534664,10.074000,10.400000
185,1953,1953,47a1942,519050,519385,542045,542145,22.660000,22.995000
185,4168,4168,5048941,514050,514385,547536,547636,33.151000,33.486000
185,3114,3114,4c2a940,535579,535913,553179,553279,17.266000,17.600000
185,7356,7356,5cbc942,562051,562385,572406,572506,10.021000,10.355000
185,5409,5409,5521940,661051,661385,689958,690058,28.573000,28.907000
185,3514,3514,4dba943,650594,650920,704068,704168,53.148000,53.474000
185,3921,3921,4f51942,701051,701377,711920,712020,10.543000,10.869000
185,7928,7928,5ef8942,711051,711377,753465,753565,42.088000,42.414000
185,3846,3846,4f06941,812771,813105,842185,842285,29.080000,29.414000
185,5559,5559,55b7941,830528,830854,893498,893598,62.644000,62.970000
185,2041,2041,47f9940,895051,895377,914505,914605,19.128000,19.454000
185,5663,5663,561f943,902051,902385,927061,927161,24.676000,25.010000
185,10220,10220,67ec942,1107051,1107385,1114079,1114179,6.694000,7.028000
185,7514,7514,5d5a942,1097051,1097385,1136824,1136924,39.439000,39.773000
185,7885,7885,5ecd942,1140446,1140780,1164208,1164308,23.428000,23.762000
185,6753,6753,5a61941,1189051,1189385,1203196,1203296,13.811000,14.145000
185,9028,9028,6344942,1217732,1218066,1263032,1263132,44.966000,45.300000
185,9162,9162,63ca942,1250051,1250377,1291736,1291836,41.359000,41.685000
185,9753,9753,6619942,1320051,1320385,1336545,1336645,16.160000,16.494000
185,8211,8211,6013940,1364051,1364377,1376244,1376344,11.867000,12.193000
185,10496,10496,6900942,1383051,1383377,1414622,1414722,31.245000,31.571000
185,10097,10097,6771943,1408051,1408377,1427237,1427337,18.860000,19.186000
185,5497,5497,5579941,1414051,1414385,1454473,1454573,40.088000,40.422000
185,10708,10708,69d4942,1514051,1514385,1530529,1530629,16.144000,16.478000
185,6312,6312,58a8940,1500051,1500377,1535961,1536061,35.584000,35.910000
185,8817,8817,6271941,1568051,1568377,1578998,1579098,10.621000,10.947000
185,10879,10879,6a7f940,1658051,1658377,1671014,1671114,12.637000,12.963000
185,8234,8234,602a940,1702051,1702385,1718665,1718765,16.280000,16.614000
185,9519,9519,652f940,1888051,1888385,1901098,1901198,12.713000,13.047000
185,10923,10923,6aab942,2094416,2094742,2103992,2104092,9.250000,9.576000
185,10181,10181,67c5940,2151051,2151385,2160551,2160651,9.166000,9.500000
185,8596,8596,6194940,2308051,2308377,2323638,2323738,15.261000,15.587000
186,810,810,432a941,43409,43743,67897,67997,24.154000,24.488000
186,673,673,42a1940,160051,160385,180152,180252,19.767000,20.101000
186,446,446,41be942,154051,154377,186573,186673,32.196000,32.522000
186,1608,1608,4648941,292118,292452,317400,317500,24.948000,25.282000
186,2435,2435,4983940,311446,311780,330703,330803,18.923000,19.257000
186,857,857,4359941,323051,323385,336064,336164,12.679000,13.013000
186,989,989,43dd943,356051,356385,374385,374485,18.000000,18.334000
186,2847,2847,4b1f942,483051,483385,527115,527215,43.730000,44.064000
186,3260,3260,4cbc943,719922,720256,737714,737814,17.458000,17.792000
186,4313,4313,50d9943,753051,753377,760727,760827,7.350000,7.676000
186,5148,5148,541c943,789255,789581,811997,812097,22.416000,22.742000
186,3940,3940,4f64942,828051,828385,869509,869609,41.124000,41.458000
186,7953,7953,5f11940,872051,872377,943172,943272,70.795000,71.121000
186,5992,5992,5768941,930051,930377,948629,948729,18.252000,18.578000
186,4074,4074,4fea941,981051,981377,999281,999381,17.904000,18.230000
186,4789,4789,52b5943,1022051,1022377,1037584,1037684,15.207000,15.533000
186,3824,3824,4ef0940,1055051,1055377,1076035,1076135,20.658000,20.984000
186,7323,7323,5c9b943,1068391,1068717,1081526,1081626,12.809000,13.135000
186,4583,4583,51e7940,1165356,1165690,1191447,1191547,25.757000,26.091000
186,5612,5612,55ec942,1182051,1182385,1201909,1202009,19.524000,19.858000
186,7370,7370,5cca942,1186051,1186377,1231376,1231476,44.999000,45.325000
186,8361,8361,60a9942,1353613,1353939,1404301,1404401,50.362000,50.688000
186,9149,9149,63bd940,1364051,1364377,1408446,1408546,44.069000,44.395000
186,9228,9228,640c943,1446051,1446385,1468293,1468393,21.908000,22.242000
186,9712,9712,65f0942,1484051,1484385,1501109,1501209,16.724000,17.058000
186,9690,9690,65da942,1679051,1679377,1688613,1688713,9.236000,9.562000
186,10820,10820,6a44942,1701051,1701377,1721356,1721456,19.979000,20.305000
186,9279,9279,643f943,1837051,1837385,1849135,1849235,11.750000,12.084000
186,8441,8441,60f9941,2082051,2082385,2091586,2091686,9.201000,9.535000
186,10106,10106,677a941,2096051,2096377,2110725,2110825,14.348000,14.674000
186,10242,10242,6802941,2854051,2854385,2876037,2876137,21.652000,21.986000
187,391,391,4187943,22051,22385,36154,36254,13.769000,14.103000
187,333,333,414d941,53051,53385,65210,65310,11.825000,12.159000
187,1935,1935,478f941,240051,240385,246905,247005,6.520000,6.854000
187,795,795,431b943,236051,236377,268685,268785,32.308000,32.634000
187,363,363,416b940,274051,274385,295121,295221,20.736000,21.070000
187,1436,1436,459c942,304051,304385,312992,313092,8.607000,8.941000
187,1733,1733,46c5941,254051,254377,350190,350290,95.813000,96.139000
187,4588,4588,51ec941,432090,432416,465178,465278,32.762000,33.088000
187,2373,2373,4945943,501051,501377,512271,512372,10.894000,11.220000
187,1131,1131,446b940,539051,539377,558284,558384,18.907000,19.233000
187,4201,4201,5069940,615051,615385,621305,621405,5.920000,6.254000
187,3757,3757,4ead943,578453,578779,625524,625624,46.745000,47.071000
187,4403,4403,5133943,631051,631377,690796,690896,59.419000,59.745000
187,4210,4210,5072942,700051,700385,712698,712798,12.313000,12.647000
187,2843,2843,4b1b940,702051,702385,724036,724136,21.651000,21.985000
187,3945,3945,4f69941,733051,733377,743895,743995,10.518000,10.844000
187,5416,5416,5528941,924242,924576,936597,936697,12.021000,12.355000
187,8151,8151,5fd7943,923051,923377,958381,958481,35.004000,35.330000
187,5485,5485,556d941,953051,953385,969256,969356,15.871000,16.205000
187,8086,8086,5f96943,979051,979377,984097,984197,4.720000,5.046000
187,6719,6719,5a3f942,998814,999140,1015392,1015492,16.252000,16.578000
187,6029,6029,578d943,947439,947773,1023939,1024039,76.166000,76.500000
187,5869,5869,56ed941,1011051,1011385,1056893,1056993,45.508000,45.842000
187,10527,10527,691f940,1093051,1093385,1111527,1111627,18.142000,18.476000
187,7993,7993,5f39942,976597,976931,1115721,1115821,138.790000,139.124000
187,6012,6012,577c940,1107051,1107385,1131623,1131723,24.238000,24.572000
187,8178,8178,5ff2943,1148051,1148385,1178213,1178313,29.828000,30.162000
187,7402,7402,5cea941,1233726,1234060,1251457,1251557,17.397000,17.731000
187,10439,10439,68c7940,1252058,1252392,1277654,1277754,25.262000,25.596000
187,7992,7992,5f38943,1317051,1317385,1330069,1330169,12.684000,13.018000
187,4061,4061,4fdd940,1410051,1410377,1439544,1439644,29.167000,29.493000
187,9051,9051,635b943,1429051,1429385,1445062,1445162,15.677000,16.011000
187,10415,10415,68af941,1550051,1550385,1561661,1561761,11.276000,11.610000
187,8691,8691,61f3940,1556051,1556385,1578466,1578566,22.081000,22.415000
187,9846,9846,6676943,1559051,1559385,1583959,1584059,24.574000,24.908000
187,6974,6974,5b3e942,1649051,1649385,1665688,1665788,16.303000,16.637000
187,8365,8365,60ad943,1713051,1713385,1721748,1721848,8.363000,8.697000
187,9778,9778,6632940,1827051,1827377,1844119,1844219,16.742000,17.068000
187,10454,10454,68d6940,2130051,2130377,2144776,2144876,14.399000,14.725000
187,10053,10053,6745942,2454051,2454385,2468066,2468166,13.681000,14.015000
188,571,571,423b940,47051,47385,66863,66963,19.478000,19.812000
188,938,938,43aa941,58051,58377,81632,81732,23.255000,23.581000
188,406,406,4196943,75051,75377,98008,98108,22.631000,22.957000
188,568,568,4238942,124051,124385,133440,133540,9.055000,9.389000
188,55,55,4037943,128051,128384,140141,140241,11.757000,12.090000
188,682,682,42aa941,147051,147385,158613,158713,11.228000,11.562000
188,2137,2137,4859943,173027,173361,201584,201684,28.223000,28.557000
188,868,868,4364941,198051,198377,223511,223611,25.134000,25.460000
188,2326,2326,4916941,281051,281377,310183,310283,28.806000,29.132000
188,552,552,4228940,315051,315385,356466,356566,41.081000,41.415000
188,2251,2251,48cb943,379051,379385,411592,411692,32.207000,32.541000
188,2171,2171,487b940,424051,424377,437078,437178,12.701000,13.027000
188,2705,2705,4a91943,491051,491377,506672,506772,15.295000,15.621000
188,2643,2643,4a53943,484051,484385,512091,512191,27.706000,28.040000
188,1588,1588,4634943,494051,494385,522968,523069,28.583000,28.917000
188,4001,4001,4fa1942,481051,481377,528499,528599,47.122000,47.448000
188,4666,4666,523a940,707051,707385,735283,735383,27.898000,28.232000
188,4826,4826,52da941,764417,764751,786372,786472,21.621000,21.955000
188,3095,3095,4c17940,771051,771385,794054,794154,22.669000,23.003000
188,3659,3659,4e4b940,899051,899377,935513,935613,36.136000,36.462000
188,4024,4024,4fb8941,931051,931385,951927,952027,20.542000,20.876000
188,5542,5542,55a6941,932080,932406,957349,957449,24.943000,25.269000
188,5093,5093,53e5941,991397,991723,1040583,1040683,48.860000,49.186000
188,7152,7152,5bf0940,1052051,1052385,1078949,1079049,26.564000,26.898000
188,3635,3635,4e33940,1024463,1024789,1089865,1089965,65.076000,65.402000
188,9917,9917,66bd943,1139051,1139385,1145001,1145101,5.616000,5.950000
188,6946,6946,5b22940,1140051,1140377,1152351,1152451,11.974000,12.300000
188,8304,8304,6070942,1150051,1150385,1166707,1166807,16.322000,16.656000
188,4518,4518,51a6940,1088051,1088385,1208493,1208593,120.108000,120.442000
188,5712,5712,5650940,1190051,1190377,1216029,1216129,25.652000,25.978000
188,7735,7735,5e37943,1210051,1210385,1228703,1228803,18.318000,18.652000
188,9128,9128,63a8943,1247051,1247385,1293768,1293868,46.383000,46.717000
188,6315,6315,58ab940,1254051,1254385,1327605,1327705,73.220000,73.554000
188,4911,4911,532f940,1363051,1363377,1378639,1378739,15.262000,15.588000
188,8657,8657,61d1943,1415051,1415377,1429036,1429136,13.659000,13.985000
188,5945,5945,5739943,1437051,1437377,1456327,1456427,18.950000,19.276000
188,8254,8254,603e941,1503686,1504020,1516826,1516926,12.806000,13.140000
188,9093,9093,6385940,1556051,1556385,1564662,1564762,8.277000,8.611000
188,8064,8064,5f80941,1549051,1549385,1575558,1575658,26.173000,26.507000
188,10362,10362,687a943,1688051,1688377,1705644,1705744,17.267000,17.593000
188,10088,10088,6768942,2107051,2107377,2112953,2113053,5.576000,5.902000
188,10495,10495,68ff943,2569051,2569377,2582893,2582993,13.516000,13.842000
189,481,481,41e1942,50051,50385,78363,78463,27.978000,28.312000
189,1206,1206,44b6940,150051,150377,171599,171699,21.222000,21.548000
189,1171,1171,4493943,210051,210385,217799,217899,7.414000,7.748000
189,1296,1296,4510942,214051,214385,223192,223292,8.807000,9.141000
189,153,153,4099940,204051,204377,231971,232071,27.594000,27.920000
189,1862,1862,4746943,273051,273385,289164,289264,15.779000,16.113000
189,2811,2811,4afb942,270051,270385,294659,294759,24.274000,24.608000
189,1143,1143,4477943,354051,354377,373788,373888,19.411000,19.737000
189,2228,2228,48b4943,368051,368377,379205,379305,10.828000,11.154000
189,1826,1826,4722940,407051,407385,415557,415657,8.172000,8.506000
189,4165,4165,5045942,679051,679377,686230,686330,6.853000,7.179000
189,5327,5327,54cf942,673051,673377,711579,711679,38.202000,38.528000
189,5693,5693,563d943,715051,715385,726780,726880,11.395000,11.729000
189,5589,5589,55d5941,739051,739385,749474,749574,10.089000,10.423000
189,3231,3231,4c9f942,780051,780385,788690,788790,8.305000,8.639000
189,5549,5549,55ad941,775051,775377,808996,809096,33.619000,33.945000
189,5183,5183,543f940,826051,826385,838355,838455,11.970000,12.304000
189,5816,5816,56b8941,875051,875385,889957,890057,14.572000,14.906000
189,8093,8093,5f9d942,989051,989385,1021854,1021954,32.469000,32.803000
189,4080,4080,4ff0940,1022051,1022385,1039249,1039349,16.864000,17.198000
189,8992,8992,6320940,1036685,1037011,1044648,1044749,7.637000,7.963000
189,6203,6203,583b941,1056051,1056385,1063726,1063826,7.341000,7.675000
189,9211,9211,63fb943,1087836,1088162,1096499,1096599,8.337000,8.663000
189,7376,7376,5cd0942,1129425,1129759,1195295,1195395,65.536000,65.870000
189,7856,7856,5eb0940,1185051,1185385,1217084,1217184,31.699000,32.033000
189,9114,9114,639a943,1312051,1312377,1323397,1323497,11.020000,11.346000
189,6911,6911,5aff940,1390051,1390377,1436087,1436187,45.710000,46.036000
189,8520,8520,6148940,1419051,1419377,1442869,1442969,23.492000,23.818000
189,10618,10618,697a942,1449395,1449721,1467878,1467978,18.157000,18.483000
189,8749,8749,622d940,1454051,1454377,1473358,1473458,18.981000,19.307000
189,8975,8975,630f940,1514051,1514377,1532453,1532553,18.076000,18.402000
189,10209,10209,67e1942,1503051,1503385,1537969,1538069,34.584000,34.918000
189,10103,10103,6777943,1572051,1572385,1595686,1595786,23.301000,23.635000
189,9048,9048,6358942,1666051,1666377,1693144,1693244,26.767000,27.093000
189,9914,9914,66ba943,1694051,1694377,1705259,1705359,10.882000,11.208000
189,10650,10650,699a942,1917051,1917385,1937928,1938028,20.543000,20.877000
189,9626,9626,659a940,1977438,1977764,2001270,2001370,23.506000,23.832000
189,10509,10509,690d943,2028051,2028385,2038469,2038569,10.084000,10.418000
189,9410,9410,64c2941,2060051,2060385,2083613,2083713,23.228000,23.562000
189,7664,7664,5df0941,2102051,2102385,2107099,2107199,4.714000,5.048000
190,226,226,40e2943,72051,72385,86014,86114,13.629000,13.963000
190,1444,1444,45a4943,117051,117377,129417,129516,12.040000,12.366000
190,535,535,4217940,109051,109377,134810,134910,25.433000,25.759000
190,160,160,40a0942,156051,156385,177807,177907,21.422000,21.756000
190,2182,2182,4886941,191754,192080,213936,214036,21.856000,22.182000
190,1425,1425,4591942,222051,222377,227098,227198,4.721000,5.047000
190,2573,2573,4a0d941,235492,235826,268432,268532,32.606000,32.940000
190,2241,2241,48c1941,273824,274158,300365,300465,26.207000,26.541000
190,1559,1559,4617942,241395,241721,311392,311492,69.671000,69.997000
190,1402,1402,457a943,330051,330377,337706,337806,7.329000,7.655000
190,2099,2099,4833940,350051,350385,360716,360816,10.331000,10.665000
190,2225,2225,48b1940,377051,377377,389855,389955,12.478000,12.804000
190,4785,4785,52b1940,435051,435385,446382,446482,10.997000,11.331000
190,1360,1360,4550941,429051,429377,455039,455139,25.662000,25.988000
190,6076,6076,57bc942,567051,567377,574809,574909,7.432000,7.758000
190,2951,2951,4b87941,561051,561377,580176,580276,18.799000,19.125000
190,4507,4507,519b942,577424,577750,632521,632621,54.771000,55.097000
190,7187,7187,5c13942,631051,631385,648734,648834,17.349000,17.683000
190,2982,2982,4ba6942,648051,648385,667660,667760,19.275000,19.609000
190,4089,4089,4ff9940,710051,710377,739850,739950,29.473000,29.799000
190,4595,4595,51f3941,730051,730385,744015,744115,13.630000,13.964000
190,3499,3499,4dab941,741219,741545,765293,765393,23.748000,24.074000
190,4854,4854,52f6943,734051,734385,789278,789378,54.893000,55.227000
190,6146,6146,5802941,771051,771377,805773,805873,34.396000,34.722000
190,3880,3880,4f28943,804051,804385,816809,816909,12.424000,12.758000
190,7551,7551,5d7f942,824051,824385,838343,838443,13.958000,14.292000
190,4041,4041,4fc9941,829156,829490,871182,871282,41.692000,42.026000
190,6544,6544,5990942,852425,852759,880439,880539,27.680000,28.014000
190,6086,6086,57c6942,903051,903385,910683,910783,7.298000,7.632000
190,6179,6179,5823940,971446,971780,1004900,1005000,33.120000,33.454000
190,8054,8054,5f76943,1023051,1023377,1029869,1029970,6.492000,6.818000
190,3857,3857,4f11940,1063051,1063385,1093135,1093235,29.750000,30.084000
190,7303,7303,5c87942,1042051,1042385,1104166,1104266,61.781000,62.115000
190,6863,6863,5acf940,1096674,1097000,1109511,1109611,12.511000,12.837000
190,6877,6877,5add943,1143051,1143385,1157925,1158025,14.540000,14.874000
190,6483,6483,5953943,1156051,1156377,1164592,1164692,8.215000,8.541000
190,9814,9814,6656940,1198438,1198764,1207921,1208021,9.157000,9.483000
190,5523,5523,5593942,1204051,1204377,1217969,1218069,13.592000,13.918000
190,8406,8406,60d6943,1257051,1257377,1277173,1277273,19.796000,20.122000
190,7530,7530,5d6a941,1288944,1289270,1334375,1334475,45.105000,45.431000
190,8885,8885,62b5943,1337604,1337938,1364040,1364140,26.102000,26.436000
190,5365,5365,54f5940,1363051,1363377,1399487,1399587,36.110000,36.436000
190,7347,7347,5cb3942,1427051,1427377,1435083,1435183,7.706000,8.032000
190,8391,8391,60c7941,1514051,1514385,1551455,1551555,37.070000,37.404000
190,9518,9518,652e940,1757051,1757377,1776048,1776148,18.671000,18.997000
190,9037,9037,634d943,1782051,1782385,1793252,1793352,10.867000,11.201000
190,10283,10283,682b941,2164395,2164729,2175693,2175793,10.964000,11.298000
190,10055,10055,6747942,2173051,2173385,2181779,2181879,8.394000,8.728000
190,10719,10719,69df941,2211051,2211385,2225781,2225881,14.396000,14.730000
190,10789,10789,6a25941,2469051,2469377,2483686,2483786,14.309000,14.635000
191,157,157,409d940,33051,33385,51304,51404,17.919000,18.253000
191,873,873,4369943,148051,148377,168166,168266,19.789000,20.115000
191,255,255,40ff941,253051,253377,269946,270046,16.569000,16.895000
191,2079,2079,481f941,299051,299377,311918,312018,12.541000,12.867000
191,2376,2376,4948942,338051,338377,349854,349954,11.477000,11.803000
191,2656,2656,4a60943,395051,395385,411219,411319,15.834000,16.168000
191,813,813,432d943,436051,436385,463199,463299,26.814000,27.148000
191,1729,1729,46c1942,464051,464385,498156,498256,33.771000,34.105000
191,3860,3860,4f14941,488051,488377,503707,503807,15.330000,15.656000
191,2816,2816,4b00942,500051,500385,509177,509277,8.792000,9.126000
191,4152,4152,5038941,521439,521773,567381,567481,45.608000,45.942000
191,2464,2464,49a0941,634051,634377,645264,645364,10.887000,11.213000
191,4602,4602,51fa940,649051,649385,659260,659360,9.875000,10.209000
191,3166,3166,4c5e941,642051,642385,686009,686109,43.624000,43.958000
191,2402,2402,4962940,640051,640377,691460,691560,51.083000,51.409000
191,1282,1282,4502940,680051,680385,705236,705336,24.851000,25.185000
191,7708,7708,5e1c940,764069,764395,794470,794570,30.075000,30.401000
191,4689,4689,5251940,809051,809385,837971,838071,28.586000,28.920000
191,4661,4661,5235941,796051,796385,843434,843534,47.049000,47.383000
191,5142,5142,5416942,851051,851377,857895,857995,6.518000,6.844000
191,5370,5370,54fa943,816051,816385,868822,868922,52.437000,52.771000
191,10982,10982,6ae6942,854051,854385,882810,882910,28.425000,28.759000
191,8379,8379,60bb943,965344,965678,972231,972331,6.553000,6.887000
191,6840,6840,5ab8940,1031051,1031385,1046469,1046569,15.084000,15.418000
191,8392,8392,60c8940,1084446,1084780,1142329,1142429,57.549000,57.883000
191,7409,7409,5cf1942,1163051,1163377,1188162,1188262,24.785000,25.111000
191,7149,7149,5bed940,1184438,1184764,1236903,1237003,52.139000,52.465000
191,8970,8970,630a940,1346051,1346377,1372121,1372221,25.744000,26.070000
191,7153,7153,5bf1943,1415051,1415377,1441550,1441650,26.173000,26.499000
191,7739,7739,5e3b941,1447051,1447385,1488096,1488196,40.711000,41.045000
191,6688,6688,5a20940,1494051,1494377,1520326,1520426,25.949000,26.275000
191,7512,7512,5d58940,1517051,1517385,1532550,1532650,15.165000,15.499000
191,6957,6957,5b2d943,1673051,1673377,1690718,1690818,17.341000,17.667000
191,6345,6345,58c9940,1747051,1747385,1767910,1768010,20.525000,20.859000
191,10826,10826,6a4a941,1893729,1894063,1915113,1915213,21.050000,21.384000
191,8713,8713,6209941,1934051,1934385,1954195,1954295,19.810000,20.144000
191,8132,8132,5fc4943,1953051,1953385,1976378,1976478,22.993000,23.327000
191,10208,10208,67e0942,1989051,1989377,2009086,2009186,19.709000,20.035000
191,9494,9494,6516943,2070051,2070385,2082977,2083077,12.592000,12.926000
191,10084,10084,6764941,2516051,2516385,2525523,2525623,9.138000,9.472000
192,409,409,4199942,32050,32385,71894,71994,39.509000,39.844000
192,50,50,4032941,162051,162385,168487,168587,6.102000,6.436000
192,395,395,418b941,144235,144561,179387,179487,34.826000,35.152000
192,1747,1747,46d3940,186051,186377,224197,224297,37.820000,38.146000
192,2316,2316,490c943,304051,304377,316203,316303,11.826000,12.152000
192,2630,2630,4a46942,310051,310385,336285,336385,25.900000,26.234000
192,531,531,4213940,313051,313377,341763,341863,28.386000,28.712000
192,1807,1807,470f942,367051,367385,381379,381479,13.994000,14.328000
192,3628,3628,4e2c941,373051,373385,403157,403257,29.772000,30.106000
192,1358,1358,454e940,386051,386385,414117,414217,27.732000,28.066000
192,2572,2572,4a0c940,447508,447834,467288,467388,19.454000,19.780000
192,2302,2302,48fe940,446051,446377,478230,478330,31.853000,32.179000
192,2675,2675,4a73943,445731,446065,494579,494679,48.514000,48.848000
192,2812,2812,4afc940,506051,506377,521813,521913,15.436000,15.762000
192,6651,6651,59fb942,513050,513385,527221,527321,13.836000,14.171000
192,2308,2308,4904940,526051,526385,544412,544512,18.027000,18.361000
192,4704,4704,5260942,665330,665656,692452,692552,26.796000,27.122000
192,5412,5412,5524940,694051,694385,725706,725806,31.321000,31.655000
192,3544,3544,4dd8940,748356,748690,766723,766823,18.033000,18.367000
192,7030,7030,5b76943,737399,737733,772163,772263,34.430000,34.764000
192,7499,7499,5d4b941,959051,959377,986537,986637,27.160000,27.486000
192,7258,7258,5c5a943,1025051,1025377,1042589,1042689,17.212000,17.538000
192,8892,8892,62bc942,1061051,1061385,1125645,1125745,64.260000,64.594000
192,8561,8561,6171943,1087051,1087377,1131103,1131203,43.726000,44.052000
192,6196,6196,5834942,1102051,1102385,1142056,1142156,39.671000,40.005000
192,4005,4005,4fa5942,1096315,1096641,1152949,1153049,56.308000,56.634000
192,9696,9696,65e0941,1106051,1106377,1169306,1169406,62.929000,63.255000
192,5435,5435,553b940,1176051,1176377,1191016,1191116,14.639000,14.965000
192,5035,5035,53ab942,1166051,1166377,1203913,1204013,37.536000,37.862000
192,8833,8833,6281943,1188051,1188385,1249357,1249457,60.972000,61.306000
192,7453,7453,5d1d943,1215051,1215385,1282102,1282202,66.717000,67.051000
192,7593,7593,5da9943,1367051,1367385,1375883,1375983,8.498000,8.832000
192,10193,10193,67d1942,1434051,1434377,1458134,1458234,23.757000,24.083000
192,7820,7820,5e8c943,1447051,1447377,1466310,1466410,18.933000,19.259000
192,10641,10641,6991941,1470051,1470377,1507264,1507364,36.887000,37.213000
192,6586,6586,59ba942,1512051,1512377,1541772,1541872,29.395000,29.721000
192,5428,5428,5534940,1562051,1562385,1581891,1581991,19.506000,19.840000
192,10863,10863,6a6f940,1632416,1632750,1642794,1642894,10.044000,10.378000
192,7567,7567,5d8f940,1640418,1640752,1656293,1656393,15.541000,15.875000
192,7188,7188,5c14940,1651051,1651377,1676019,1676119,24.642000,24.968000
192,7400,7400,5ce8940,1696051,1696377,1721346,1721446,24.969000,25.295000
192,5357,5357,54ed941,1786051,1786377,1803525,1803625,17.148000,17.474000
192,8094,8094,5f9e941,1779051,1779385,1809921,1810021,30.536000,30.870000
192,7441,7441,5d11941,1796453,1796779,1815351,1815451,18.572000,18.898000
192,8179,8179,5ff3942,1836051,1836385,1849160,1849260,12.775000,13.109000
192,10394,10394,689a943,1881051,1881377,1902579,1902679,21.202000,21.528000
192,9724,9724,65fc940,1916051,1916377,1952101,1952201,35.724000,36.050000
192,9356,9356,648c943,1959051,1959377,1976728,1976828,17.351000,17.677000
192,9327,9327,646f941,2019051,2019385,2038618,2038718,19.233000,19.567000
193,1241,1241,44d9940,41051,41377,46096,46196,4.719000,5.045000
193,268,268,410c943,121051,121385,131482,131582,10.097000,10.431000
193,2744,2744,4ab8942,228051,228377,275402,275502,47.025000,47.351000
193,977,977,43d1942,258051,258376,283020,283120,24.644000,24.969000
193,1052,1052,441c940,304225,304551,337014,337114,32.463000,32.789000
193,3351,3351,4d17942,378427,378753,390374,390474,11.621000,11.947000
193,2454,2454,4996942,383051,383377,401332,401432,17.955000,18.281000
193,2213,2213,48a5942,382051,382385,417666,417766,35.281000,35.615000
193,2563,2563,4a03941,467051,467377,476605,476705,9.228000,9.554000
193,1723,1723,46bb943,518050,518385,538518,538618,20.133000,20.468000
193,1442,1442,45a2943,508424,508750,549479,549579,40.729000,41.055000
193,3571,3571,4df3940,544051,544377,560758,560858,16.381000,16.707000
193,3057,3057,4bf1941,571051,571377,604599,604699,33.222000,33.548000
193,1270,1270,44f6940,581051,581377,610054,610154,28.677000,29.003000
193,3962,3962,4f7a941,643051,643385,653143,653243,9.758000,10.092000
193,5618,5618,55f2942,633847,634181,667152,667252,32.971000,33.305000
193,5130,5130,540a942,662051,662377,675170,675270,12.793000,13.119000
193,5550,5550,55ae940,673051,673377,696437,696537,23.060000,23.386000
193,4585,4585,51e9941,671051,671385,712898,712998,41.513000,41.847000
193,6529,6529,5981940,813051,813385,846885,846985,33.500000,33.834000
193,5877,5877,56f5940,834051,834377,851072,851172,16.695000,17.021000
193,6584,6584,59b8941,870051,870385,907864,907964,37.479000,37.813000
193,2876,2876,4b3c943,889409,889743,935684,935784,45.941000,46.275000
193,5129,5129,5409940,984051,984377,1007219,1007319,22.842000,23.168000
193,4882,4882,5312940,1007051,1007385,1017456,1017556,10.071000,10.405000
193,3028,3028,4bd4940,919051,919385,1028346,1028445,108.961000,109.295000
193,6381,6381,58ed943,1010395,1010721,1054670,1054770,43.949000,44.275000
193,6129,6129,57f1942,1127051,1127385,1147042,1147142,19.657000,19.991000
193,6514,6514,5972941,1178051,1178385,1191464,1191564,13.079000,13.413000
193,7183,7183,5c0f940,1177051,1177385,1209464,1209564,32.079000,32.413000
193,5384,5384,5508941,1228166,1228500,1240418,1240518,11.918000,12.252000
193,5522,5522,5592943,1332051,1332385,1379951,1380051,47.566000,47.900000
193,6011,6011,577b943,1369051,1369385,1385383,1385483,15.998000,16.332000
193,8188,8188,5ffc941,1368051,1368385,1411374,1411474,42.989000,43.323000
193,6434,6434,5922940,1460051,1460385,1469586,1469686,9.201000,9.535000
193,8269,8269,604d943,1448547,1448881,1480867,1480967,31.986000,32.320000
193,8552,8552,6168940,1538051,1538385,1551960,1552060,13.575000,13.909000
193,7755,7755,5e4b940,1532051,1532377,1562956,1563056,30.579000,30.905000
193,10933,10933,6ab5941,1731051,1731377,1739742,1739842,8.365000,8.691000
193,10656,10656,69a0942,1737395,1737721,1745811,1745911,8.090000,8.416000
193,8984,8984,6318940,1830051,1830377,1844071,1844171,13.694000,14.020000
193,10172,10172,67bc943,1864051,1864377,1887912,1888012,23.535000,23.861000
194,367,367,416f941,132051,132385,166774,166874,34.389000,34.723000
194,772,772,4304941,129453,129778,199560,199660,69.782000,70.107000
194,1479,1479,45c7940,192708,193034,213699,213799,20.665000,20.991000
194,442,442,41ba943,232051,232377,238879,238979,6.502000,6.828000
194,1866,1866,474a941,267051,267377,293439,293539,26.062000,26.388000
194,1391,1391,456f940,306128,306462,316527,316627,10.065000,10.399000
194,2772,2772,4ad4941,406051,406385,427812,427912,21.427000,21.761000
194,2254,2254,48ce940,424051,424385,449686,449786,25.301000,25.635000
194,3189,3189,4c75941,423051,423377,453889,453989,30.512000,30.838000
194,3150,3150,4c4e941,450212,450538,460767,460867,10.229000,10.555000
194,3293,3293,4cdd942,451051,451385,466898,466998,15.513000,15.847000
194,5061,5061,53c5940,504005,504339,534400,534500,30.061000,30.395000
194,2288,2288,48f0941,562051,562385,630854,630954,68.469000,68.803000
194,5056,5056,53c0940,640389,640723,648236,648336,7.513000,7.847000
194,4669,4669,523d941,637051,637385,680166,680266,42.781000,43.115000
194,2915,2915,4b63942,699051,699377,722617,722717,23.240000,23.566000
194,3109,3109,4c25942,772051,772385,807060,807160,34.675000,35.009000
194,5482,5482,556a942,803051,803377,812475,812575,9.098000,9.424000
194,1882,1882,475a940,816051,816385,845451,845551,29.066000,29.400000
194,3160,3160,4c58943,904409,904743,909545,909645,4.802000,5.136000
194,2416,2416,4970943,799051,799385,971285,971385,171.900000,172.234000
194,9034,9034,634a940,1054051,1054385,1062680,1062780,8.295000,8.629000
194,3816,3816,4ee8942,1064051,1064385,1095479,1095579,31.094000,31.428000
194,10324,10324,6854941,1242051,1242377,1279239,1279339,36.862000,37.188000
194,8758,8758,6236941,1253643,1253977,1294548,1294648,40.571000,40.905000
194,7031,7031,5b77940,1306051,1306385,1336647,1336747,30.262000,30.596000
194,9266,9266,6432940,1329051,1329377,1343866,1343966,14.489000,14.815000
194,9292,9292,644c943,1347051,1347377,1352984,1353084,5.607000,5.933000
194,8267,8267,604b940,1321051,1321385,1357225,1357325,35.840000,36.174000
194,5246,5246,547e941,1383051,1383377,1403248,1403348,19.871000,20.197000
194,4940,4940,534c940,1414051,1414385,1420915,1421015,6.530000,6.864000
194,9742,9742,660e942,1455051,1455385,1461011,1461111,5.626000,5.960000
194,5873,5873,56f1943,1460051,1460385,1479831,1479931,19.446000,19.780000
194,7960,7960,5f18941,1505494,1505820,1515919,1516019,10.099000,10.425000
194,7135,7135,5bdf942,1541051,1541385,1568990,1569090,27.605000,27.939000
194,10466,10466,68e2942,1698051,1698377,1718581,1718681,20.204000,20.530000
194,9312,9312,6460942,1707051,1707385,1731794,1731894,24.409000,24.743000
194,10402,10402,68a2941,1774051,1774377,1781694,1781794,7.317000,7.643000
194,6980,6980,5b44941,1775051,1775377,1789109,1789209,13.732000,14.058000
194,7013,7013,5b65941,1851051,1851385,1865040,1865140,13.655000,13.989000
195,137,137,4089940,22051,22385,35256,35356,12.871000,13.205000
195,1273,1273,44f9941,104051,104385,129079,129179,24.694000,25.028000
195,351,351,415f941,124051,124385,140701,140801,16.316000,16.650000
195,592,592,4250941,153051,153385,178837,178937,25.452000,25.786000
195,1885,1885,475d941,206051,206385,212024,212124,5.639000,5.973000
195,1556,1556,4614940,222051,222377,240804,240904,18.427000,18.753000
195,1405,1405,457d943,365051,365377,388046,388146,22.669000,22.995000
195,4439,4439,5157943,446051,446377,460715,460815,14.338000,14.664000
195,1955,1955,47a3941,453051,453377,466154,466254,12.777000,13.103000
195,2770,2770,4ad2941,459051,459385,492462,492562,33.077000,33.411000
195,5867,5867,56eb941,469643,469977,515845,515944,45.868000,46.202000
195,5190,5190,5446940,524107,524433,564885,564985,40.452000,40.778000
195,3453,3453,4d7d940,570051,570377,590909,591009,20.532000,20.858000
195,631,631,4277940,592051,592385,601848,601948,9.463000,9.797000
195,4244,4244,5094943,625051,625377,647061,647161,21.684000,22.010000
195,3772,3772,4ebc942,665051,665385,673980,674080,8.595000,8.929000
195,4309,4309,50d5941,670051,670377,705721,705821,35.344000,35.670000
195,1562,1562,461a940,737051,737377,764517,764617,27.140000,27.466000
195,4637,4637,521d943,715051,715377,791883,791983,76.506000,76.832000
195,3513,3513,4db9943,773980,774314,808269,808369,33.955000,34.289000
195,6585,6585,59b9943,793051,793377,824651,824751,31.274000,31.600000
195,6302,6302,589e942,826051,826377,850554,850654,24.177000,24.503000
195,2567,2567,4a07942,841051,841377,866929,867029,25.552000,25.878000
195,4344,4344,50f8943,951051,951377,1046458,1046558,95.081000,95.407000
195,6442,6442,592a941,1026667,1027002,1061061,1061161,34.059000,34.394000
195,5734,5734,5666942,1063051,1063377,1087712,1087812,24.335000,24.661000
195,7020,7020,5b6c941,1071051,1071377,1094014,1094114,22.637000,22.963000
195,4725,4725,5275942,1108751,1109085,1119200,1119300,10.115000,10.449000
195,4994,4994,5382940,1103051,1103377,1123409,1123509,20.032000,20.358000
195,6503,6503,5967940,1153051,1153385,1165767,1165867,12.382000,12.716000
195,5927,5927,5727941,1148051,1148385,1178447,1178547,30.062000,30.396000
195,7947,7947,5f0b942,1168051,1168385,1209554,1209654,41.169000,41.503000
195,3121,3121,4c31941,1209018,1209352,1231308,1231408,21.956000,22.290000
195,7524,7524,5d64943,1223051,1223377,1251149,1251249,27.772000,28.098000
195,7326,7326,5c9e942,1221051,1221385,1262106,1262206,40.721000,41.055000
195,8051,8051,5f73942,1295051,1295377,1313983,1314083,18.606000,18.932000
195,9718,9718,65f6942,1353051,1353377,1373757,1373857,20.380000,20.706000
195,10175,10175,67bf941,1384051,1384385,1431706,1431806,47.321000,47.655000
195,10149,10149,67a5943,1436051,1436377,1477036,1477136,40.659000,40.985000
195,10061,10061,674d942,1690051,1690385,1708340,1708440,17.955000,18.289000
195,8378,8378,60ba940,1708051,1708385,1726221,1726321,17.836000,18.170000
195,10891,10891,6a8b942,1752051,1752385,1763746,1763846,11.361000,11.695000
195,6976,6976,5b40941,1779051,1779385,1791024,1791124,11.639000,11.973000
195,9540,9540,6544940,1902051,1902377,1916941,1917041,14.564000,14.890000
195,10205,10205,67dd942,1963492,1963826,1968544,1968644,4.718000,5.052000
195,9018,9018,633a941,1974051,1974377,1986694,1986794,12.317000,12.643000
195,7793,7793,5e71940,2002051,2002385,2010547,2010647,8.162000,8.496000
195,10247,10247,6807943,2188051,2188385,2202236,2202336,13.851000,14.185000
196,54,54,4036941,31051,31385,42706,42806,11.321000,11.655000
196,1530,1530,45fa940,211051,211385,217856,217956,6.471000,6.805000
196,1297,1297,4511943,213051,213377,223198,223298,9.821000,10.147000
196,1635,1635,4663942,221402,221736,229069,229169,7.333000,7.667000
196,1967,1967,47af940,284051,284377,292724,292824,8.347000,8.673000
196,3170,3170,4c62940,290051,290377,303188,303288,12.811000,13.137000
196,1497,1497,45d9942,346051,346377,372193,372293,25.816000,26.142000
196,2345,2345,4929941,464051,464385,479887,479987,15.502000,15.836000
196,2267,2267,48db942,565211,565545,598936,599036,33.391000,33.725000
196,5123,5123,5403942,589051,589377,609937,610037,20.560000,20.886000
196,4643,4643,5223941,678866,679192,770245,770345,91.053000,91.379000
196,2993,2993,4bb1940,751051,751385,781146,781246,29.761000,30.095000
196,4108,4108,500c940,776051,776385,786640,786740,10.255000,10.589000
196,5222,5222,5466940,812051,812377,822057,822157,9.680000,10.006000
196,5085,5085,53dd943,701051,701377,843859,843959,142.482000,142.808000
196,4943,4943,534f942,820051,820377,854745,854845,34.368000,34.694000
196,3611,3611,4e1b941,750051,750385,860242,860342,109.857000,110.191000
196,5826,5826,56c2943,834170,834504,872215,872315,37.711000,38.045000
196,6495,6495,595f943,882051,882385,914249,914349,31.864000,32.198000
196,6858,6858,5aca940,915051,915377,930683,930783,15.306000,15.632000
196,6513,6513,5971940,957395,957721,963323,963423,5.602000,5.928000
196,7698,7698,5e12941,940920,941254,967551,967651,26.297000,26.631000
196,6192,6192,5830940,991051,991385,1010782,1010882,19.397000,19.731000
196,3739,3739,4e9b941,1032051,1032377,1078579,1078679,46.202000,46.528000
196,7160,7160,5bf8940,1090051,1090377,1106924,1107024,16.547000,16.873000
196,5676,5676,562c941,1100051,1100377,1139033,1139133,38.656000,38.982000
196,5306,5306,54ba942,1139051,1139385,1154845,1154945,15.460000,15.794000
196,5132,5132,540c940,1195051,1195377,1245284,1245384,49.907000,50.233000
196,6169,6169,5819941,1277051,1277377,1287959,1288059,10.582000,10.908000
196,10674,10674,69b2943,1231051,1231385,1310914,1311014,79.529000,79.863000
196,8192,8192,6000940,1365051,1365385,1375478,1375578,10.093000,10.427000
196,6554,6554,599a941,1351051,1351377,1386169,1386269,34.792000,35.118000
196,10416,10416,68b0940,1472051,1472377,1482801,1482901,10.424000,10.750000
196,9789,9789,663d942,1493051,1493385,1514704,1514804,21.319000,21.653000
196,10480,10480,68f0941,1632051,1632385,1650835,1650935,18.450000,18.784000
196,9930,9930,66ca941,1744051,1744385,1753054,1753154,8.669000,9.003000
196,8474,8474,611a941,1734051,1734385,1760249,1760349,25.864000,26.198000
196,7476,7476,5d34940,1773051,1773385,1787832,1787932,14.447000,14.781000
196,9105,9105,6391941,1871051,1871385,1883326,1883426,11.941000,12.275000
196,8738,8738,6222942,1933051,1933385,1958690,1958790,25.305000,25.639000
196,9498,9498,651a941,2062051,2062385,2076908,2077008,14.523000,14.857000
196,10354,10354,6872940,2616051,2616385,2626356,2626456,9.971000,10.305000
197,1201,1201,44b1942,65051,65377,79024,79124,13.647000,13.973000
197,746,746,42ea941,119051,119385,130581,130681,11.196000,11.530000
197,390,390,4186943,201051,201377,210580,210680,9.203000,9.529000
197,606,606,425e942,209051,209385,218583,218683,9.198000,9.532000
197,1248,1248,44e0943,284051,284377,299262,299362,14.885000,15.211000
197,1366,1366,4556940,383051,383385,395193,395293,11.808000,12.142000
197,4537,4537,51b9940,369051,369385,400656,400756,31.271000,31.605000
197,3882,3882,4f2a941,417834,418160,426043,426143,7.883000,8.209000
197,2977,2977,4ba1941,432051,432377,439676,439776,7.299000,7.625000
197,3253,3253,4cb5942,452402,452736,469911,470011,17.175000,17.509000
197,3083,3083,4c0b941,501271,501605,525116,525216,23.511000,23.845000
197,4351,4351,50ff941,531051,531377,554135,554235,22.758000,23.084000
197,5445,5445,5545943,516194,516528,603243,603343,86.715000,87.049000
197,5010,5010,5392941,636051,636377,668612,668712,32.235000,32.561000
197,3228,3228,4c9c941,660446,660780,679481,679581,18.701000,19.035000
197,4206,4206,506e940,691051,691385,712404,712504,21.019000,21.353000
197,3204,3204,4c84941,752051,752385,792071,792171,39.686000,40.020000
197,4473,4473,5179941,812611,812945,832224,832324,19.279000,19.613000
197,5996,5996,576c940,841051,841385,861892,861992,20.507000,20.841000
197,3498,3498,4daa943,847624,847958,893774,893874,45.816000,46.150000
197,6639,6639,59ef942,968051,968377,987654,987754,19.277000,19.603000
197,3922,3922,4f52943,970051,970385,993549,993649,23.164000,23.498000
197,5566,5566,55be942,995051,995377,1010029,1010129,14.652000,14.978000
197,3690,3690,4e6a943,1047051,1047385,1077284,1077384,29.899000,30.233000
197,6567,6567,59a7943,1012051,1012385,1084618,1084718,72.233000,72.567000
197,9206,9206,63f6942,1035051,1035377,1127044,1127144,91.667000,91.993000
197,7044,7044,5b84943,1133051,1133377,1169356,1169456,35.979000,36.305000
197,7845,7845,5ea5941,1180051,1180385,1189557,1189657,9.172000,9.506000
197,10505,10505,6909942,1235051,1235385,1276459,1276559,41.074000,41.408000
197,8883,8883,62b3942,1238977,1239303,1281804,1281904,42.501000,42.827000
197,7220,7220,5c34941,1298051,1298385,1312874,1312974,14.489000,14.823000
197,5244,5244,547c943,1297051,1297377,1329415,1329515,32.038000,32.364000
197,6403,6403,5903940,1350051,1350385,1373484,1373584,23.099000,23.433000
197,5567,5567,55bf943,1350051,1350377,1378863,1378963,28.486000,28.812000
197,10312,10312,6848943,1344051,1344377,1384381,1384481,40.004000,40.330000
197,9771,9771,662b941,1404051,1404385,1424431,1424531,20.046000,20.380000
197,7839,7839,5e9f941,1512051,1512385,1520892,1520992,8.507000,8.841000
197,9126,9126,63a6943,1516453,1516779,1529828,1529928,13.049000,13.375000
197,9231,9231,640f941,1546918,1547244,1570041,1570141,22.797000,23.123000
197,10144,10144,67a0942,1638051,1638385,1655415,1655515,17.030000,17.364000
197,10743,10743,69f7942,1681051,1681385,1706573,1706673,25.188000,25.522000
197,9594,9594,657a942,1760051,1760385,1766856,1766956,6.471000,6.805000
197,10068,10068,6754941,1875051,1875385,1888140,1888240,12.755000,13.089000
197,7875,7875,5ec3943,1887051,1887385,1898297,1898397,10.912000,11.246000
197,8197,8197,6005940,2092051,2092377,2099791,2099891,7.414000,7.740000
197,10961,10961,6ad1940,2235051,2235377,2251686,2251786,16.309000,16.635000
197,8484,8484,6124940,2265051,2265385,2276261,2276361,10.876000,11.210000
198,169,169,40a9942,47051,47385,62052,62152,14.667000,15.001000
198,436,436,41b4941,64051,64385,77692,77792,13.307000,13.641000
198,132,132,4084941,87051,87377,99205,99305,11.828000,12.154000
198,964,964,43c4942,107051,107377,112952,113052,5.575000,5.901000
198,912,912,4390941,248051,248377,265312,265412,16.935000,17.261000
198,2007,2007,47d7940,311051,311377,327496,327596,16.119000,16.445000
198,2624,2624,4a40942,365051,365377,376624,376724,11.247000,11.573000
198,2546,2546,49f2940,399051,399385,424521,424621,25.136000,25.470000
198,1543,1543,4607942,426282,426608,437612,437712,11.004000,11.330000
198,2738,2738,4ab2943,476051,476385,495361,495461,18.976000,19.310000
198,4333,4333,50ed942,496051,496377,509204,509304,12.827000,13.153000
198,3350,3350,4d16940,523050,523377,547112,547212,23.735000,24.062000
198,2743,2743,4ab7940,538051,538377,558378,558478,20.001000,20.327000
198,3388,3388,4d3c943,572051,572385,577140,577240,4.755000,5.089000
198,5489,5489,5571943,548051,548377,581329,581429,32.952000,33.278000
198,4941,4941,534d941,572051,572385,586718,586818,14.333000,14.667000
198,3448,3448,4d78942,603051,603377,629681,629781,26.304000,26.630000
198,5778,5778,5692943,609051,609385,646389,646489,37.004000,37.338000
198,3893,3893,4f35941,603051,603377,671737,671837,68.360000,68.686000
198,6070,6070,57b6943,705051,705377,764915,765015,59.538000,59.864000
198,5845,5845,56d5943,779051,779385,804094,804194,24.709000,25.043000
198,1738,1738,46ca940,813051,813377,831475,831575,18.098000,18.424000
198,5403,5403,551b940,852051,852377,906753,906853,54.376000,54.702000
198,6525,6525,597d943,844347,844681,923176,923276,78.495000,78.829000
198,5019,5019,539b942,964051,964385,981892,981992,17.507000,17.841000
198,5900,5900,570c943,964757,965083,987402,987502,22.319000,22.645000
198,5440,5440,5540941,992051,992385,1038177,1038278,45.792000,46.126000
198,8880,8880,62b0943,1032051,1032377,1047759,1047859,15.382000,15.708000
198,7781,7781,5e65943,1116051,1116385,1142792,1142892,26.407000,26.741000
198,6039,6039,5797940,1151051,1151385,1159560,1159660,8.175000,8.509000
198,8714,8714,620a940,1262051,1262377,1285436,1285536,23.059000,23.385000
198,10461,10461,68dd942,1309051,1309385,1325168,1325268,15.783000,16.117000
198,8626,8626,61b2943,1353522,1353848,1375601,1375701,21.753000,22.079000
198,10584,10584,6958940,1510051,1510377,1523393,1523493,13.016000,13.342000
198,7751,7751,5e47941,1533051,1533385,1557985,1558085,24.600000,24.934000
198,9821,9821,665d941,1562051,1562385,1592960,1593060,30.575000,30.909000
198,8415,8415,60df942,1593051,1593385,1607925,1608025,14.540000,14.874000
198,10682,10682,69ba942,1642890,1643216,1672006,1672106,28.790000,29.116000
198,8745,8745,6229942,1683051,1683377,1695400,1695500,12.023000,12.349000
198,10073,10073,6759941,1785051,1785377,1802548,1802648,17.171000,17.497000
198,8943,8943,62ef943,1805051,1805377,1813576,1813676,8.199000,8.525000
198,8374,8374,60b6943,1798051,1798385,1819047,1819147,20.662000,20.996000
198,10760,10760,6a08940,2266051,2266377,2281851,2281951,15.474000,15.800000
199,372,372,4174940,25051,25385,43605,43705,18.220000,18.554000
199,69,69,4045940,42051,42385,59904,60004,17.519000,17.853000
199,573,573,423d940,173051,173385,180726,180826,7.341000,7.675000
199,909,909,438d940,224051,224385,244370,244470,19.985000,20.319000
199,679,679,42a7941,233051,233377,249857,249957,16.480000,16.806000
199,1136,1136,4470942,236051,236377,255768,255868,19.391000,19.717000
199,2969,2969,4b99942,256741,257066,261992,262092,4.926000,5.251000
199,1287,1287,4507941,305051,305377,321283,321383,15.906000,16.232000
199,3582,3582,4dfe941,348051,348385,363179,363279,14.794000,15.128000
199,1944,1944,4798941,416434,416768,432503,432603,15.735000,16.069000
199,3340,3340,4d0c941,481051,481385,495409,495509,14.024000,14.358000
199,4662,4662,5236941,495051,495377,516989,517088,21.612000,21.938000
199,3553,3553,4de1943,543522,543856,552173,552273,8.317000,8.651000
199,2890,2890,4b4a942,602051,602385,617667,617767,15.282000,15.616000
199,3034,3034,4bda941,660211,660545,676422,676522,15.877000,16.211000
199,6301,6301,589d943,675051,675385,684453,684553,9.068000,9.402000
199,4618,4618,520a942,677051,677377,705287,705387,27.910000,28.236000
199,3017,3017,4bc9943,715051,715385,724442,724542,9.057000,9.391000
199,5274,5274,549a942,723051,723377,745908,746008,22.531000,22.857000
199,4731,4731,527b940,750206,750540,809283,809383,58.743000,59.077000
199,5762,5762,5682941,854051,854377,862638,862738,8.261000,8.587000
199,5710,5710,564e943,823247,823573,866857,866957,43.284000,43.610000
199,7682,7682,5e02943,863881,864215,890429,890529,26.214000,26.548000
199,4036,4036,4fc4943,879051,879385,894649,894749,15.264000,15.598000
199,4260,4260,50a4942,792051,792385,898873,898973,106.488000,106.822000
199,6926,6926,5b0e942,895645,895979,903361,903461,7.382000,7.716000
199,5230,5230,546e942,860051,860385,907638,907738,47.253000,47.587000
199,6803,6803,5a93942,960051,960385,993606,993706,33.221000,33.555000
199,6871,6871,5ad7943,983021,983355,1004570,1004670,21.215000,21.549000
199,5590,5590,55d6940,1006051,1006377,1026475,1026576,20.098000,20.424000
199,2143,2143,485f940,968051,968377,1053886,1053986,85.509000,85.835000
199,6761,6761,5a69943,1037410,1037735,1087087,1087187,49.352000,49.677000
199,6368,6368,58e0942,1239051,1239385,1250808,1250908,11.423000,11.757000
199,6862,6862,5ace943,1208051,1208377,1259715,1259815,51.338000,51.664000
199,8362,8362,60aa941,1253051,1253377,1281594,1281694,28.217000,28.543000
199,6988,6988,5b4c941,1307051,1307385,1334936,1335036,27.551000,27.885000
199,8562,8562,6172942,1363051,1363377,1389793,1389893,26.416000,26.742000
199,7129,7129,5bd9942,1390051,1390385,1405261,1405361,14.876000,15.210000
199,9339,9339,647b940,1607051,1607377,1619235,1619335,11.858000,12.184000
199,10924,10924,6aac940,1626051,1626385,1647347,1647447,20.962000,21.296000
199,7245,7245,5c4d942,1623051,1623385,1651534,1651634,28.149000,28.483000
199,10886,10886,6a86943,1644425,1644759,1663720,1663820,18.961000,19.295000
199,9533,9533,653d941,1692051,1692377,1702375,1702475,9.998000,10.324000
199,7625,7625,5dc9940,1750051,1750385,1766382,1766482,15.997000,16.331000
199,9377,9377,64a1943,1782051,1782385,1800626,1800726,18.241000,18.575000
199,9457,9457,64f1941,1950051,1950385,1957710,1957810,7.325000,7.659000
199,6592,6592,59c0940,2028051,2028385,2045637,2045737,17.252000,17.586000
199,10727,10727,69e7941,2131424,2131750,2144566,2144666,12.816000,13.142000
199,10827,10827,6a4b943,2320051,2320377,2326967,2327067,6.590000,6.916000
199,10147,10147,67a3941,2831051,2831377,2851250,2851350,19.873000,20.199000
200,128,128,4080942,28051,28385,36721,36821,8.336000,8.670000
200,793,793,4319942,93051,93385,104190,104290,10.805000,11.139000
200,2230,2230,48b6940,85855,86181,128290,128390,42.109000,42.435000
200,84,84,4054940,101051,101377,144812,144912,43.435000,43.761000
200,3449,3449,4d79942,259051,259376,280822,280922,21.446000,21.771000
200,1252,1252,44e4943,271051,271377,284994,285094,13.617000,13.943000
200,417,417,41a1940,291051,291377,313798,313898,22.421000,22.747000
200,2451,2451,4993940,347051,347377,363175,363275,15.798000,16.124000
200,2570,2570,4a0a941,363051,363385,380273,380373,16.888000,17.222000
200,1625,1625,4659941,390051,390385,423323,423423,32.938000,33.272000
200,3056,3056,4bf0940,571021,571347,605968,606068,34.621000,34.947000
200,4670,4670,523e942,616051,616385,638818,638918,22.433000,22.767000
200,1996,1996,47cc943,590051,590377,667414,667514,77.037000,77.363000
200,3750,3750,4ea6941,689051,689377,697757,697857,8.380000,8.706000
200,5747,5747,5673943,734004,734338,753228,753328,18.890000,19.224000
200,3163,3163,4c5b942,731051,731377,777024,777124,45.647000,45.973000
200,7375,7375,5ccf942,818319,818645,842133,842233,23.488000,23.814000
200,6912,6912,5b00942,850847,851181,925098,925198,73.917000,74.251000
200,6216,6216,5848941,944051,944377,954781,954881,10.404000,10.730000
200,6134,6134,57f6940,943051,943377,960474,960574,17.097000,17.423000
200,9073,9073,6371942,979051,979377,997343,997443,17.966000,18.292000
200,4552,4552,51c8943,969051,969385,1002841,1002941,33.456000,33.790000
200,5555,5555,55b3941,1033051,1033377,1042663,1042763,9.286000,9.612000
200,8200,8200,6008942,1053022,1053356,1065327,1065427,11.971000,12.305000
200,3981,3981,4f8d942,1076051,1076385,1085580,1085680,9.195000,9.529000
200,4791,4791,52b7941,1178402,1178736,1193606,1193706,14.870000,15.204000
200,9161,9161,63c9943,1217051,1217385,1237051,1237151,19.666000,20.000000
200,9603,9603,6583942,1290051,1290385,1300324,1300424,9.939000,10.273000
200,8491,8491,612b942,1306051,1306385,1339335,1339435,32.950000,33.284000
200,10611,10611,6973942,1346051,1346385,1361191,1361291,14.806000,15.140000
200,7874,7874,5ec2941,1335042,1335368,1366608,1366708,31.240000,31.566000
200,7315,7315,5c93940,1393051,1393385,1402238,1402338,8.853000,9.187000
200,10375,10375,6887941,1392051,1392385,1415479,1415579,23.094000,23.428000
200,10691,10691,69c3942,1426051,1426377,1435451,1435551,9.074000,9.400000
200,8871,8871,62a7940,1437416,1437750,1459050,1459150,21.300000,21.634000
200,5316,5316,54c4940,1486051,1486377,1518018,1518118,31.641000,31.967000
200,8116,8116,5fb4943,1578051,1578385,1587157,1587257,8.772000,9.106000
200,8181,8181,5ff5940,1680051,1680385,1694068,1694168,13.683000,14.017000
200,9473,9473,6501940,1717439,1717773,1731031,1731131,13.258000,13.592000
200,9955,9955,66e3942,1902051,1902377,1916874,1916974,14.497000,14.823000
200,10239,10239,67ff941,2145051,2145385,2159875,2159975,14.490000,14.824000
200,10009,10009,6719942,2365051,2365385,2376206,2376306,10.821000,11.155000
201,522,522,420a941,49051,49377,80154,80254,30.777000,31.103000
201,700,700,42bc941,81051,81377,100893,100993,19.516000,19.842000
201,814,814,432e943,106051,106377,161338,161438,54.961000,55.287000
201,1782,1782,46f6941,187051,187377,201046,201146,13.669000,13.995000
201,1263,1263,44ef942,232051,232377,237126,237226,4.749000,5.075000
201,800,800,4320941,251051,251385,271699,271799,20.314000,20.648000
201,1251,1251,44e3943,291051,291377,312166,312266,20.789000,21.115000
201,2392,2392,4958943,361051,361385,410015,410115,48.630000,48.964000
201,2146,2146,4862940,413051,413377,419940,420040,6.563000,6.889000
201,2650,2650,4a5a943,440051,440377,448255,448355,7.878000,8.204000
201,1788,1788,46fc942,430051,430377,458573,458673,28.196000,28.522000
201,2413,2413,496d943,445418,445752,464038,464138,18.286000,18.620000
201,2753,2753,4ac1940,457051,457385,485976,486076,28.591000,28.925000
201,2518,2518,49d6942,486051,486385,538023,538123,51.638000,51.972000
201,4654,4654,522e942,593809,594135,624699,624799,30.564000,30.890000
201,3576,3576,4df8942,613051,613377,646556,646656,33.179000,33.505000
201,3082,3082,4c0a941,646051,646385,652094,652194,5.709000,6.043000
201,4169,4169,5049943,641051,641385,656266,656366,14.881000,15.215000
201,4821,4821,52d5943,633051,633377,663027,663127,29.650000,29.976000
201,3801,3801,4ed9942,647051,647377,667158,667258,19.781000,20.107000
201,5182,5182,543e940,705051,705377,715887,715987,10.510000,10.836000
201,3219,3219,4c93942,671051,671377,726884,726984,55.507000,55.833000
201,3392,3392,4d40942,700051,700377,743420,743520,43.043000,43.369000
201,3497,3497,4da9942,730051,730385,802463,802563,72.078000,72.412000
201,3452,3452,4d7c940,784051,784377,813360,813460,28.983000,29.309000
201,4698,4698,525a943,840051,840377,853664,853764,13.287000,13.613000
201,6067,6067,57b3943,884051,884377,935081,935181,50.704000,51.030000
201,6183,6183,5827940,954051,954385,960012,960112,5.627000,5.961000
201,9189,9189,63e5942,992439,992765,1011598,1011698,18.833000,19.159000
201,8167,8167,5fe7940,1027051,1027377,1041277,1041377,13.900000,14.226000
201,3512,3512,4db8942,1065505,1065839,1088464,1088564,22.625000,22.959000
201,4027,4027,4fbb942,1108051,1108385,1143205,1143305,34.820000,35.154000
201,4980,4980,5374940,1120051,1120377,1148702,1148802,28.325000,28.651000
201,7484,7484,5d3c941,1416051,1416385,1434576,1434676,18.191000,18.525000
201,9090,9090,6382942,1528370,1528696,1538017,1538117,9.321000,9.647000
201,6965,6965,5b35943,1501051,1501377,1542348,1542448,40.971000,41.297000
201,10397,10397,689d942,1526051,1526377,1549291,1549391,22.914000,23.240000
201,5879,5879,56f7940,1526051,1526377,1564425,1564525,38.048000,38.374000
201,6992,6992,5b50943,1555051,1555385,1568649,1568749,13.264000,13.598000
201,10400,10400,68a0943,1551051,1551377,1572798,1572898,21.421000,21.747000
201,7281,7281,5c71940,1556051,1556377,1582286,1582386,25.909000,26.235000
201,9618,9618,6592943,1544051,1544377,1593305,1593405,48.928000,49.254000
201,8678,8678,61e6940,1659051,1659385,1725039,1725139,65.654000,65.988000
201,8530,8530,6152942,1816051,1816385,1822887,1822987,6.502000,6.836000
201,8682,8682,61ea942,1904051,1904377,1918035,1918135,13.658000,13.984000
201,9624,9624,6598942,2108051,2108377,2119796,2119896,11.419000,11.745000
202,17,17,4011943,37051,37385,44821,44921,7.436000,7.770000
202,227,227,40e3940,80051,80377,108590,108690,28.213000,28.539000
202,2336,2336,4920943,161051,161385,168746,168846,7.361000,7.695000
202,1758,1758,46de940,160051,160377,192031,192131,31.654000,31.980000
202,958,958,43be941,186051,186377,208389,208489,22.012000,22.338000
202,1035,1035,440b940,209051,209377,225646,225746,16.269000,16.595000
202,1688,1688,4698941,325051,325377,343203,343303,17.826000,18.152000
202,1397,1397,4575943,397051,397385,410122,410222,12.737000,13.071000
202,3266,3266,4cc2942,381051,381385,424340,424440,42.955000,43.289000
202,3953,3953,4f71943,411051,411377,443468,443568,32.091000,32.417000
202,2362,2362,493a940,479051,479377,495121,495221,15.744000,16.070000
202,3934,3934,4f5e942,473731,474065,506052,506152,31.987000,32.321000
202,3441,3441,4d71941,448886,449220,511561,511661,62.341000,62.675000
202,4740,4740,5284941,590425,590759,606805,606905,16.046000,16.380000
202,4134,4134,5026941,594051,594377,610950,611050,16.573000,16.899000
202,5099,5099,53eb943,738051,738385,759104,759204,20.719000,21.053000
202,3615,3615,4e1f942,756051,756385,782349,782449,25.964000,26.298000
202,6436,6436,5924943,834051,834385,848442,848542,14.057000,14.391000
202,2780,2780,4adc940,848051,848385,868102,868202,19.717000,20.051000
202,9412,9412,64c4941,881051,881377,893158,893258,11.781000,12.107000
202,6498,6498,5962942,890416,890742,911040,911140,20.298000,20.624000
202,7951,7951,5f0f942,899051,899377,916565,916665,17.188000,17.514000
202,6935,6935,5b17941,901517,901843,934631,934731,32.788000,33.114000
202,6211,6211,5843941,938051,938385,960556,960656,22.171000,22.505000
202,6894,6894,5aee940,1005051,1005377,1031969,1032069,26.592000,26.918000
202,7290,7290,5c7a941,1067051,1067385,1072094,1072194,4.709000,5.043000
202,5408,5408,5520940,1087051,1087377,1113131,1113231,25.754000,26.080000
202,7598,7598,5dae941,1152051,1152377,1161475,1161575,9.098000,9.424000
202,8560,8560,6170940,1160051,1160377,1186843,1186943,26.466000,26.792000
202,7717,7717,5e25942,1237326,1237652,1266890,1266990,29.238000,29.564000
202,8841,8841,6289942,1272051,1272377,1293136,1293236,20.759000,21.085000
202,7464,7464,5d28940,1312378,1312712,1326319,1326419,13.607000,13.941000
202,9752,9752,6618941,1318051,1318385,1346222,1346322,27.837000,28.171000
202,8154,8154,5fda940,1332051,1332377,1357074,1357174,24.697000,25.023000
202,7832,7832,5e98940,1343051,1343377,1381666,1381766,38.289000,38.615000
202,4160,4160,5040940,1470051,1470385,1496482,1496582,26.097000,26.431000
202,7528,7528,5d68942,1615051,1615385,1628125,1628225,12.740000,13.074000
202,7925,7925,5ef5940,1633051,1633377,1647973,1648073,14.596000,14.922000
202,10227,10227,67f3940,1756051,1756385,1771661,1771761,15.276000,15.610000
202,9449,9449,64e9943,2013409,2013743,2024455,2024555,10.712000,11.046000
203,1649,1649,4671941,135051,135377,147750,147850,12.373000,12.699000
203,2539,2539,49eb942,189051,189385,201209,201309,11.824000,12.158000
203,1082,1082,443a940,177416,177750,212290,212390,34.540000,34.874000
203,922,922,439a941,222438,222764,242086,242186,19.322000,19.648000
203,542,542,421e940,243051,243377,264086,264186,20.709000,21.035000
203,2142,2142,485e941,246416,246742,272681,272781,25.939000,26.265000
203,3935,3935,4f5f940,288051,288377,305617,305717,17.240000,17.566000
203,790,790,4316942,289051,289385,341050,341150,51.665000,51.999000
203,3091,3091,4c13941,351051,351377,365038,365138,13.661000,13.987000
203,1375,1375,455f941,420051,420385,436784,436884,16.399000,16.733000
203,3704,3704,4e78941,467051,467385,472996,473096,5.611000,5.945000
203,1949,1949,479d942,419051,419377,491833,491933,72.456000,72.782000
203,3138,3138,4c42941,551182,551508,581039,581139,29.531000,29.857000
203,4065,4065,4fe1942,697051,697385,719095,719195,21.710000,22.044000
203,4111,4111,500f941,743488,743822,772395,772495,28.573000,28.907000
203,2970,2970,4b9a940,767051,767377,797167,797267,29.790000,30.116000
203,6207,6207,583f940,785230,785556,805785,805885,20.229000,20.555000
203,7215,7215,5c2f943,810051,810377,816054,816154,5.677000,6.003000
203,4421,4421,5145942,793438,793764,820197,820297,26.433000,26.759000
203,8274,8274,6052942,861051,861385,879405,879505,18.020000,18.354000
203,7257,7257,5c59941,832051,832385,899201,899301,66.816000,67.150000
203,4047,4047,4fcf941,947051,947377,1008390,1008490,61.013000,61.339000
203,6332,6332,58bc943,1151051,1151377,1168723,1168823,17.346000,17.672000
203,5150,5150,541e943,1178425,1178759,1192398,1192498,13.639000,13.973000
203,8814,8814,626e942,1210481,1210815,1230365,1230465,19.550000,19.884000
203,3731,3731,4e93943,1200051,1200385,1235879,1235979,35.494000,35.828000
203,7987,7987,5f33940,1224051,1224377,1241375,1241475,16.998000,17.324000
203,7054,7054,5b8e940,1254051,1254385,1273052,1273152,18.667000,19.001000
203,7753,7753,5e49941,1281416,1281742,1299414,1299514,17.672000,17.998000
203,9282,9282,6442942,1323051,1323385,1339094,1339194,15.709000,16.043000
203,7045,7045,5b85941,1398283,1398609,1429492,1429592,30.883000,31.209000
203,10233,10233,67f9940,1463051,1463385,1477029,1477129,13.644000,13.978000
203,10960,10960,6ad0943,1522051,1522377,1530702,1530802,8.325000,8.651000
203,10300,10300,683c940,1587051,1587377,1602172,1602272,14.795000,15.121000
203,8233,8233,6029941,1601051,1601377,1610971,1611071,9.594000,9.920000
203,9151,9151,63bf941,1722051,1722377,1736875,1736975,14.498000,14.824000
203,9660,9660,65bc940,1999051,1999385,2005850,2005950,6.465000,6.799000
203,9698,9698,65e2942,2012051,2012377,2020558,2020658,8.181000,8.507000
203,8572,8572,617c941,2273051,2273377,2279050,2279150,5.673000,5.999000
204,754,754,42f2941,102051,102385,124605,124705,22.220000,22.554000
204,882,882,4372941,151051,151385,175495,175595,24.110000,24.444000
204,1112,1112,4458941,165051,165385,179689,179789,14.304000,14.638000
204,393,393,4189943,165179,165513,229864,229964,64.351000,64.685000
204,1565,1565,461d941,241051,241385,260491,260590,19.106000,19.440000
204,460,460,41cc941,321051,321377,346402,346502,25.025000,25.351000
204,2792,2792,4ae8940,319635,319961,351896,351996,31.935000,32.261000
204,1168,1168,4490942,426051,426385,443529,443629,17.144000,17.478000
204,3232,3232,4ca0940,441051,441377,487056,487156,45.679000,46.005000
204,1763,1763,46e3942,471109,471435,491233,491333,19.798000,20.124000
204,1834,1834,472a942,513050,513377,540362,540462,26.985000,27.312000
204,1621,1621,4655943,509051,509377,545837,545937,36.460000,36.786000
204,4086,4086,4ff6942,550418,550752,556519,556619,5.767000,6.101000
204,7310,7310,5c8e942,537051,537385,560756,560856,23.371000,23.705000
204,4498,4498,5192942,536051,536385,566224,566324,29.839000,30.173000
204,2827,2827,4b0b940,637051,637385,659377,659477,21.992000,22.326000
204,4044,4044,4fcc941,656051,656377,678586,678686,22.209000,22.535000
204,4533,4533,51b5942,691051,691377,711530,711630,20.153000,20.479000
204,3275,3275,4ccb941,714051,714385,730089,730189,15.704000,16.038000
204,6632,6632,59e8942,817051,817385,835603,835703,18.218000,18.552000
204,6153,6153,5809943,899873,900199,913194,913294,12.995000,13.321000
204,5709,5709,564d941,889338,889672,925476,925576,35.804000,36.138000
204,6065,6065,57b1941,897051,897385,941795,941895,44.410000,44.744000
204,3412,3412,4d54940,922051,922385,947325,947425,24.940000,25.274000
204,5878,5878,56f6943,942051,942377,969259,969359,26.882000,27.208000
204,4824,4824,52d8940,975253,975579,1009136,1009236,33.557000,33.883000
204,5450,5450,554a941,1010051,1010377,1035999,1036099,25.622000,25.948000
204,6727,6727,5a47941,1064051,1064377,1096322,1096422,31.945000,32.271000
204,7508,7508,5d54943,1087051,1087385,1101822,1101922,14.437000,14.771000
204,8364,8364,60ac940,1079051,1079377,1118297,1118397,38.920000,39.246000
204,6907,6907,5afb940,1104051,1104377,1138724,1138824,34.347000,34.673000
204,5711,5711,564f942,1111051,1111385,1151317,1151417,39.932000,40.266000
204,8310,8310,6076941,1165051,1165385,1173657,1173757,8.272000,8.606000
204,10608,10608,6970942,1177051,1177385,1187878,1187978,10.493000,10.827000
204,7592,7592,5da8940,1185051,1185377,1195322,1195422,9.945000,10.271000
204,9984,9984,6700942,1207051,1207377,1251590,1251690,44.213000,44.539000
204,5506,5506,5582940,1520051,1520385,1537968,1538068,17.583000,17.917000
204,8466,8466,6112942,1535027,1535361,1554278,1554378,18.917000,19.251000
204,7422,7422,5cfe940,1571051,1571385,1595564,1595664,24.179000,24.513000
204,7155,7155,5bf3942,1609051,1609377,1621886,1621986,12.509000,12.835000
204,10465,10465,68e1942,1606051,1606385,1637756,1637856,31.371000,31.705000
204,7649,7649,5de1940,1626051,1626385,1643285,1643385,16.900000,17.234000
204,8092,8092,5f9c943,1636051,1636385,1654364,1654464,17.979000,18.313000
204,8333,8333,608d940,1707439,1707765,1720999,1721099,13.234000,13.560000
204,10108,10108,677c942,1798051,1798377,1805762,1805862,7.385000,7.711000
204,8056,8056,5f78942,1801051,1801377,1815060,1815160,13.683000,14.009000
204,10764,10764,6a0c942,1842051,1842377,1871878,1871978,29.501000,29.827000
204,7704,7704,5e18942,1893051,1893385,1907721,1907821,14.336000,14.670000
204,10118,10118,6786943,1911884,1912210,1918869,1918969,6.659000,6.985000
205,349,349,415d941,61973,62299,109345,109445,47.046000,47.372000
205,1014,1014,43f6941,219051,219385,233761,233861,14.376000,14.710000
205,257,257,4101943,250051,250385,268956,269056,18.571000,18.905000
205,450,450,41c2940,254051,254377,311239,311339,56.862000,57.188000
205,2319,2319,490f943,323051,323385,338609,338709,15.224000,15.558000
205,3478,3478,4d96941,407439,407773,416834,416934,9.061000,9.395000
205,2634,2634,4a4a943,410051,410385,426208,426308,15.823000,16.157000
205,3261,3261,4cbd940,413051,413385,430380,430480,16.995000,17.329000
205,1322,1322,452a941,388416,388742,437243,437343,48.501000,48.827000
205,3382,3382,4d36942,428051,428385,442757,442857,14.372000,14.706000
205,626,626,4272943,367051,367385,453832,453932,86.447000,86.781000
205,1993,1993,47c9942,451051,451377,486669,486769,35.292000,35.618000
205,3741,3741,4e9d941,476051,476377,511935,512035,35.558000,35.884000
205,1546,1546,460a941,518050,518385,561473,561573,43.088000,43.423000
205,4225,4225,5081943,500019,500353,570414,570514,70.061000,70.395000
205,4887,4887,5317940,550051,550385,596822,596922,46.437000,46.771000
205,2220,2220,48ac941,628051,628377,670629,670729,42.252000,42.578000
205,5334,5334,54d6941,791051,791377,804429,804529,13.052000,13.378000
205,3349,3349,4d15942,799051,799385,815304,815404,15.919000,16.253000
205,3791,3791,4ecf943,825051,825385,844018,844118,18.633000,18.967000
205,7377,7377,5cd1942,839051,839385,874460,874560,35.075000,35.409000
205,5859,5859,56e3941,868051,868385,879893,879993,11.508000,11.842000
205,5490,5490,5572943,851642,851968,885357,885457,33.389000,33.715000
205,4540,4540,51bc942,869051,869385,901804,901904,32.419000,32.753000
205,7981,7981,5f2d940,780051,780377,929102,929202,148.725000,149.051000
205,8146,8146,5fd2940,802002,802336,953859,953959,151.523000,151.857000
205,5620,5620,55f4943,976051,976377,999173,999273,22.796000,23.122000
205,5751,5751,5677943,992051,992385,1029196,1029297,36.811000,37.145000
205,6993,6993,5b51941,1061761,1062087,1072162,1072262,10.075000,10.401000
205,3078,3078,4c06942,1070051,1070385,1096893,1096993,26.508000,26.842000
205,4850,4850,52f2943,1114051,1114377,1136028,1136128,21.651000,21.977000
205,9576,9576,6568941,1113051,1113385,1141525,1141625,28.140000,28.474000
205,6519,6519,5977943,1130051,1130377,1174331,1174431,43.954000,44.280000
205,8189,8189,5ffd941,1190051,1190377,1206204,1206304,15.827000,16.153000
205,8420,8420,60e4942,1377051,1377385,1392676,1392776,15.291000,15.625000
205,9083,9083,637b941,1407051,1407377,1425999,1426099,18.622000,18.948000
205,8400,8400,60d0943,1528051,1528385,1544071,1544171,15.686000,16.020000
205,5512,5512,5588940,1527051,1527377,1548220,1548320,20.843000,21.169000
205,8926,8926,62de942,1572418,1572752,1585567,1585667,12.815000,13.149000
205,10717,10717,69dd940,1593051,1593385,1615552,1615652,22.167000,22.501000
205,10392,10392,6898942,1596051,1596385,1621011,1621111,24.626000,24.960000
205,7279,7279,5c6f941,1634051,1634377,1649950,1650050,15.573000,15.899000
205,9957,9957,66e5943,1652051,1652377,1688593,1688693,36.216000,36.542000
205,8037,8037,5f65941,1836051,1836385,1854103,1854203,17.718000,18.052000
205,8643,8643,61c3940,1923416,1923750,1939177,1939277,15.427000,15.761000
205,9261,9261,642d943,1975051,1975377,1984487,1984587,9.110000,9.436000
205,8440,8440,60f8943,1967051,1967377,1988685,1988785,21.308000,21.634000
205,10949,10949,6ac5943,2167051,2167377,2177469,2177569,10.092000,10.418000
206,502,502,41f6942,48051,48385,82476,82576,34.091000,34.425000
206,786,786,4312941,84051,84377,104387,104487,20.010000,20.336000
206,759,759,42f7943,86051,86385,115327,115427,28.942000,29.276000
206,451,451,41c3942,94051,94385,133522,133622,39.137000,39.471000
206,891,891,437b942,228051,228377,243287,243387,14.910000,15.236000
206,1226,1226,44ca941,280051,280377,286828,286928,6.451000,6.777000
206,2199,2199,4897940,285266,285600,295812,295912,10.212000,10.546000
206,2939,2939,4b7b942,288395,288729,317727,317827,28.998000,29.332000
206,1709,1709,46ad943,408051,408385,428365,428465,19.980000,20.314000
206,1746,1746,46d2940,433051,433377,466949,467049,33.572000,33.898000
206,3575,3575,4df7940,577655,577989,586190,586290,8.201000,8.535000
206,8169,8169,5fe9942,570051,570385,594883,594983,24.498000,24.832000
206,3099,3099,4c1b941,584051,584377,605932,606032,21.555000,21.881000
206,2204,2204,489c940,633051,633385,660356,660456,26.971000,27.305000
206,4948,4948,5354943,685051,685385,701261,701361,15.876000,16.210000
206,3604,3604,4e14942,698051,698385,734060,734160,35.675000,36.009000
206,5875,5875,56f3940,734051,734385,768136,768236,33.751000,34.085000
206,5126,5126,5406940,795051,795377,805670,805770,10.293000,10.619000
206,3522,3522,4dc2940,842051,842377,886556,886656,44.179000,44.505000
206,6259,6259,5873941,1044051,1044377,1054227,1054327,9.850000,10.176000
206,5664,5664,5620942,960051,960385,1071631,1071731,111.246000,111.580000
206,5715,5715,5653943,1094431,1094757,1102201,1102301,7.444000,7.770000
206,7302,7302,5c86942,1106439,1106773,1120504,1120604,13.731000,14.065000
206,5937,5937,5731941,1097051,1097385,1124676,1124776,27.291000,27.625000
206,5192,5192,5448940,1125425,1125759,1153285,1153385,27.526000,27.860000
206,7535,7535,5d6f941,1194439,1194765,1218855,1218955,24.090000,24.416000
206,8551,8551,6167941,1344726,1345052,1380408,1380508,35.356000,35.682000
206,9455,9455,64ef940,1418051,1418385,1441271,1441371,22.886000,23.220000
206,8079,8079,5f8f942,1407051,1407385,1448306,1448406,40.921000,41.255000
206,7983,7983,5f2f941,1464051,1464385,1471751,1471851,7.366000,7.700000
206,7452,7452,5d1c941,1465051,1465385,1477252,1477352,11.867000,12.201000
206,9416,9416,64c8942,1472051,1472377,1496687,1496787,24.310000,24.636000
206,6970,6970,5b3a942,1550051,1550377,1559497,1559597,9.120000,9.446000
206,9135,9135,63af940,1666051,1666385,1688516,1688616,22.131000,22.465000
206,10607,10607,696f943,1699622,1699956,1713701,1713801,13.745000,14.079000
206,7097,7097,5bb9943,1767051,1767377,1786945,1787045,19.568000,19.894000
206,10999,10999,6af7943,2006395,2006721,2017774,2017874,11.053000,11.379000
206,10829,10829,6a4d943,2096051,2096377,2116168,2116268,19.791000,20.117000
207,74,74,404a942,48051,48385,61147,61247,12.762000,13.096000
207,454,454,41c6940,111051,111385,140952,141052,29.567000,29.901000
207,692,692,42b4940,164051,164377,189410,189510,25.033000,25.359000
207,2183,2183,4887942,195051,195377,214516,214616,19.139000,19.465000
207,1845,1845,4735942,197741,198075,229309,229409,31.234000,31.568000
207,1665,1665,4681941,289051,289377,307351,307451,17.974000,18.300000
207,1298,1298,4512942,325051,325385,345270,345370,19.885000,20.219000
207,3366,3366,4d26942,382051,382385,388931,389031,6.546000,6.880000
207,3987,3987,4f93943,428051,428385,437121,437221,8.736000,9.070000
207,2317,2317,490d940,515877,516212,606613,606713,90.401000,90.736000
207,2027,2027,47eb941,578051,578385,622961,623061,44.576000,44.910000
207,3566,3566,4dee943,622051,622377,639278,639378,16.901000,17.227000
207,8153,8153,5fd9942,672051,672385,684140,684240,11.755000,12.089000
207,3418,3418,4d5a943,673051,673377,688284,688384,14.907000,15.233000
207,3269,3269,4cc5940,695592,695926,730613,730713,34.687000,35.021000
207,5320,5320,54c8941,771051,771385,783182,783282,11.797000,12.131000
207,5818,5818,56ba943,774850,775184,789884,789984,14.700000,15.034000
207,5014,5014,5396941,828051,828377,840683,840783,12.306000,12.632000
207,7259,7259,5c5b943,849051,849385,854141,854241,4.756000,5.090000
207,4549,4549,51c5941,819051,819377,884060,884160,64.683000,65.009000
207,8325,8325,6085940,1023051,1023377,1041884,1041984,18.507000,18.833000
207,10363,10363,687b940,1035051,1035385,1066670,1066770,31.285000,31.619000
207,7085,7085,5bad941,1148258,1148592,1178763,1178863,30.171000,30.505000
207,5152,5152,5420942,1230051,1230377,1243161,1243261,12.784000,13.110000
207,9889,9889,66a1943,1266051,1266377,1278872,1278972,12.495000,12.821000
207,6222,6222,584e941,1248753,1249079,1309885,1309985,60.806000,61.132000
207,9296,9296,6450940,1359051,1359385,1380788,1380888,21.403000,21.737000
207,9949,9949,66dd943,1365912,1366246,1391741,1391841,25.495000,25.829000
207,8013,8013,5f4d940,1365051,1365377,1397234,1397334,31.857000,32.183000
207,5319,5319,54c7943,1387051,1387377,1424326,1424426,36.949000,37.275000
207,9711,9711,65ef940,1414410,1414736,1428525,1428625,13.789000,14.115000
207,6148,6148,5804940,1477051,1477377,1497042,1497142,19.665000,19.991000
207,6921,6921,5b09942,1487051,1487377,1502383,1502483,15.006000,15.332000
207,6258,6258,5872941,1498051,1498377,1515727,1515827,17.350000,17.676000
207,8556,8556,616c943,1602051,1602377,1611598,1611698,9.221000,9.547000
207,7523,7523,5d63940,1581881,1582215,1636946,1637046,54.731000,55.065000
207,8115,8115,5fb3941,1631051,1631377,1643965,1644065,12.588000,12.914000
207,10232,10232,67f8943,1645416,1645742,1669884,1669984,24.142000,24.468000
207,7534,7534,5d6e941,1761051,1761377,1776787,1776887,15.410000,15.736000
207,8837,8837,6285940,1944051,1944385,1966121,1966221,21.736000,22.070000
207,10157,10157,67ad943,2022051,2022377,2031611,2031711,9.234000,9.560000
208,282,282,411a943,98051,98385,109305,109405,10.920000,11.254000
208,903,903,4387941,124431,124757,146941,147041,22.184000,22.510000
208,520,520,4208941,158051,158385,174796,174896,16.411000,16.745000
208,2657,2657,4a61940,189051,189377,219454,219554,30.077000,30.403000
208,3589,3589,4e05940,290492,290818,353543,353643,62.725000,63.051000
208,1606,1606,4646942,332051,332377,358921,359021,26.544000,26.870000
208,2073,2073,4819941,368051,368385,427181,427281,58.796000,59.130000
208,3503,3503,4daf942,429051,429385,489936,490036,60.551000,60.885000
208,1266,1266,44f2943,511051,511385,528151,528251,16.766000,17.100000
208,5353,5353,54e9942,505316,505642,539736,539836,34.094000,34.420000
208,2243,2243,48c3942,522357,522691,557423,557523,34.732000,35.066000
208,2829,2829,4b0d940,582051,582377,598900,599000,16.523000,16.849000
208,2859,2859,4b2b943,683051,683385,704226,704326,20.841000,21.175000
208,5179,5179,543b941,678051,678385,709742,709842,31.357000,31.691000
208,2724,2724,4aa4943,783051,783385,826661,826761,43.276000,43.610000
208,3637,3637,4e35941,824801,825127,836964,837064,11.837000,12.163000
208,5237,5237,5475942,870805,871139,894364,894464,23.225000,23.559000
208,3836,3836,4efc940,990051,990385,1007136,1007236,16.751000,17.085000
208,7617,7617,5dc1942,1047677,1048003,1057162,1057262,9.159000,9.485000
208,6226,6226,5852942,1239051,1239377,1277559,1277659,38.182000,38.508000
208,10899,10899,6a93941,1297051,1297377,1321700,1321800,24.323000,24.649000
208,9137,9137,63b1942,1307051,1307385,1327212,1327312,19.827000,20.161000
208,6620,6620,59dc941,1338087,1338413,1394156,1394256,55.743000,56.069000
208,6035,6035,5793941,1366051,1366377,1399574,1399674,33.197000,33.523000
208,10537,10537,6929941,1426654,1426988,1445353,1445453,18.365000,18.699000
208,7665,7665,5df1941,1452051,1452377,1458942,1459042,6.565000,6.891000
208,8222,8222,601e943,1565051,1565377,1593681,1593781,28.304000,28.630000
208,7897,7897,5ed9941,1683051,1683377,1708552,1708652,25.175000,25.501000
208,6690,6690,5a22941,1714051,1714385,1729600,1729700,15.215000,15.549000
208,9709,9709,65ed941,1930416,1930750,1947475,1947575,16.725000,17.059000
208,9371,9371,649b941,2031051,2031385,2048517,2048618,17.132000,17.466000
208,8529,8529,6151942,2142051,2142385,2148852,2148952,6.467000,6.801000
208,10614,10614,6976940,2470051,2470377,2493069,2493169,22.692000,23.018000
209,72,72,4048941,49051,49377,59542,59642,10.165000,10.491000
209,874,874,436a942,115051,115385,143232,143332,27.847000,28.181000
209,1447,1447,45a7940,111409,111743,151487,151587,39.744000,40.078000
209,577,577,4241942,137051,137385,156832,156932,19.447000,19.781000
209,1230,1230,44ce940,231424,231750,255242,255342,23.492000,23.818000
209,1991,1991,47c7941,263051,263385,270795,270895,7.410000,7.744000
209,1044,1044,4414943,275051,275377,292987,293087,17.610000,17.936000
209,1816,1816,4718941,262051,262377,297215,297315,34.838000,35.164000
209,3172,3172,4c64942,330051,330377,376903,377003,46.526000,46.852000
209,2044,2044,47fc942,336873,337199,391134,391234,53.935000,54.261000
209,1353,1353,4549940,386051,386377,395353,395453,8.976000,9.302000
209,3108,3108,4c24941,388051,388385,433414,433514,45.029000,45.363000
209,2917,2917,4b65940,424051,424385,438875,438975,14.490000,14.824000
209,3141,3141,4c45941,461431,461757,494671,494771,32.914000,33.240000
209,851,851,4353940,524409,524743,544832,544932,20.089000,20.423000
209,2276,2276,48e4943,584530,584864,622632,622732,37.768000,38.102000
209,5011,5011,5393942,639051,639377,648569,648669,9.192000,9.518000
209,3386,3386,4d3a942,661051,661377,681481,681581,20.104000,20.430000
209,4932,4932,5344943,704051,704385,710030,710130,5.645000,5.979000
209,6859,6859,5acb942,705051,705377,730273,730373,24.896000,25.222000
209,3259,3259,4cbb940,737051,737377,776341,776441,38.964000,39.290000
209,3545,3545,4dd9942,740051,740377,786974,787074,46.597000,46.923000
209,3176,3176,4c68943,859051,859385,866797,866897,7.412000,7.746000
209,5606,5606,55e6940,855051,855377,877026,877126,21.649000,21.975000
209,3022,3022,4bce942,923051,923377,953447,953547,30.070000,30.396000
209,3984,3984,4f90940,988529,988855,997140,997240,8.285000,8.611000
209,8838,8838,6286940,1025051,1025385,1045619,1045720,20.234000,20.568000
209,8424,8424,60e8943,1163051,1163377,1186814,1186914,23.437000,23.763000
209,5763,5763,5683943,1212409,1212743,1246742,1246842,33.999000,34.333000
209,7722,7722,5e2a943,1225051,1225385,1261867,1261967,36.482000,36.816000
209,7238,7238,5c46941,1194487,1194813,1272775,1272875,77.962000,78.288000
209,9270,9270,6436943,1227051,1227385,1283811,1283911,56.426000,56.760000
209,7369,7369,5cc9943,1248051,1248377,1308969,1309069,60.592000,60.918000
209,10130,10130,6792943,1308051,1308377,1323388,1323488,15.011000,15.337000
209,7175,7175,5c07942,1408051,1408385,1430786,1430886,22.401000,22.735000
209,8259,8259,6043941,1495051,1495377,1541812,1541912,46.435000,46.761000
209,9837,9837,666d940,1600051,1600377,1622084,1622184,21.707000,22.033000
209,10613,10613,6975941,1784345,1784671,1795617,1795717,10.946000,11.272000
209,9878,9878,6696940,1852051,1852377,1860711,1860811,8.334000,8.660000
209,10526,10526,691e940,1983051,1983377,2010628,2010728,27.251000,27.577000
209,10090,10090,676a940,2408051,2408377,2418452,2418552,10.075000,10.401000
209,10937,10937,6ab9940,2679051,2679385,2695655,2695755,16.270000,16.604000
209,10366,10366,687e941,2779051,2779385,2796636,2796736,17.251000,17.585000
209,9974,9974,66f6941,2823051,2823385,2838806,2838906,15.421000,15.755000
209,10807,10807,6a37940,2874051,2874377,2880849,2880949,6.472000,6.798000
210,291,291,4123942,75051,75385,88980,89080,13.595000,13.929000
210,591,591,424f941,103051,103377,116476,116576,13.099000,13.425000
210,225,225,40e1943,99051,99385,121923,122023,22.538000,22.872000
210,463,463,41cf941,120051,120377,139996,140096,19.619000,19.945000
210,2493,2493,49bd943,232051,232377,251784,251884,19.407000,19.733000
210,2809,2809,4af9942,246051,246377,258270,258370,11.893000,12.219000
210,557,557,422d942,261051,261376,275868,275968,14.492000,14.817000
210,360,360,4168940,266051,266377,281384,281484,15.007000,15.333000
210,1924,1924,4784941,276051,276385,300171,300271,23.786000,24.120000
210,5398,5398,5516942,341446,341780,365075,365175,23.295000,23.629000
210,1873,1873,4751943,367051,367377,387017,387117,19.640000,19.966000
210,3597,3597,4e0d943,372051,372377,392439,392539,20.062000,20.388000
210,1570,1570,4622942,265151,265485,410178,410278,144.693000,145.027000
210,4141,4141,502d940,430051,430377,436896,436996,6.519000,6.845000
210,1736,1736,46c8940,424051,424377,456163,456263,31.786000,32.112000
210,2401,2401,4961942,424051,424385,460312,460412,35.927000,36.261000
210,2305,2305,4901941,427876,428210,465673,465773,37.463000,37.797000
210,3404,3404,4d4c942,506051,506377,550282,550382,43.905000,44.231000
210,1600,1600,4640942,548051,548385,568834,568934,20.449000,20.783000
210,2250,2250,48ca942,559780,560106,587908,588008,27.802000,28.128000
210,3761,3761,4eb1941,701051,701385,714268,714368,12.883000,13.217000
210,3964,3964,4f7c940,782051,782377,793284,793384,10.907000,11.233000
210,2883,2883,4b43943,770051,770385,802470,802570,32.085000,32.419000
210,4819,4819,52d3943,779051,779377,835309,835409,55.932000,56.258000
210,4503,4503,5197941,854051,854377,868312,868412,13.935000,14.261000
210,5041,5041,53b1941,850051,850385,944845,944945,94.460000,94.794000
210,7084,7084,5bac943,912051,912377,955825,955925,43.448000,43.774000
210,6799,6799,5a8f943,970051,970385,989410,989510,19.025000,19.359000
210,5995,5995,576b941,983868,984202,999895,999995,15.693000,16.027000
210,4434,4434,5152940,1037051,1037385,1069009,1069109,31.624000,31.958000
210,7189,7189,5c15940,1196051,1196377,1243313,1243413,46.936000,47.262000
210,9167,9167,63cf943,1276051,1276377,1287617,1287717,11.240000,11.566000
210,8286,8286,605e940,1264051,1264377,1293110,1293210,28.733000,29.059000
210,7025,7025,5b71940,1328009,1328343,1374579,1374679,46.236000,46.570000
210,8807,8807,6267941,1399051,1399377,1411241,1411341,11.864000,12.190000
210,10897,10897,6a91941,1458160,1458494,1474763,1474863,16.269000,16.603000
210,9178,9178,63da943,1429989,1430323,1497775,1497875,67.452000,67.786000
210,10430,10430,68be942,1744051,1744385,1767948,1768048,23.563000,23.897000
210,8564,8564,6174941,1865051,1865377,1882662,1882762,17.285000,17.611000
210,8617,8617,61a9941,2002051,2002385,2026845,2026945,24.460000,24.794000
210,7365,7365,5cc5940,2077051,2077385,2086240,2086341,8.855000,9.189000
210,9671,9671,65c7940,2074051,2074385,2099911,2100011,25.526000,25.860000
211,943,943,43af943,74051,74385,100042,100142,25.657000,25.991000
211,1973,1973,47b5942,93051,93377,119656,119756,26.279000,26.605000
211,1619,1619,4653943,158051,158385,166667,166767,8.282000,8.616000
211,2651,2651,4a5b942,207169,207495,219619,219719,12.124000,12.450000
211,1000,1000,43e8942,213051,213377,229013,229113,15.636000,15.962000
211,1696,1696,46a0940,270051,270385,282224,282324,11.839000,12.173000
211,1989,1989,47c5940,285051,285385,300802,300902,15.417000,15.751000
211,1520,1520,45f0941,300051,300377,311856,311956,11.479000,11.805000
211,1523,1523,45f3942,296051,296385,324506,324606,28.121000,28.455000
211,2219,2219,48ab941,301051,301377,329976,330076,28.599000,28.925000
211,2735,2735,4aaf943,366051,366377,399811,399911,33.434000,33.760000
211,936,936,43a8940,411051,411377,426886,426986,15.509000,15.835000
211,4499,4499,5193941,543158,543492,560217,560317,16.725000,17.059000
211,3455,3455,4d7f943,529051,529377,571230,571330,41.853000,42.179000
211,3590,3590,4e06943,577431,577757,586096,586196,8.339000,8.665000
211,1727,1727,46bf943,589051,589377,609153,609253,19.776000,20.102000
211,4153,4153,5039940,588439,588773,621525,621625,32.752000,33.086000
211,4402,4402,5132943,622051,622377,664722,664822,42.345000,42.671000
211,2965,2965,4b95940,627051,627377,673639,673739,46.262000,46.588000
211,2887,2887,4b47943,698051,698385,712016,712116,13.631000,13.965000
211,3338,3338,4d0a942,690449,690775,717567,717667,26.792000,27.118000
211,5725,5725,565d940,710051,710377,726490,726590,16.113000,16.439000
211,6458,6458,593a943,709051,709385,737092,737192,27.707000,28.041000
211,4226,4226,5082940,759051,759385,801621,801721,42.236000,42.570000
211,2223,2223,48af941,875051,875385,901354,901454,25.969000,26.303000
211,5862,5862,56e6941,951051,951377,965223,965323,13.846000,14.172000
211,2324,2324,4914942,938424,938750,982661,982761,43.911000,44.237000
211,2552,2552,49f8942,979051,979385,1040187,1040288,60.802000,61.136000
211,10356,10356,6874940,1004051,1004377,1057470,1057570,53.093000,53.419000
211,5459,5459,5553942,1158051,1158377,1163073,1163173,4.696000,5.022000
211,10388,10388,6894943,1148466,1148792,1174490,1174590,25.698000,26.024000
211,7134,7134,5bde940,1203051,1203377,1222654,1222754,19.277000,19.603000
211,5788,5788,569c940,1204425,1204759,1246601,1246701,41.842000,42.176000
211,9492,9492,6514941,1258051,1258385,1264003,1264103,5.618000,5.952000
211,6149,6149,5805942,1249051,1249385,1273650,1273750,24.265000,24.599000
211,5413,5413,5525943,1311051,1311377,1332887,1332987,21.510000,21.836000
211,6441,6441,5929941,1334051,1334377,1353081,1353181,18.704000,19.030000
211,9200,9200,63f0940,1334051,1334377,1362206,1362306,27.829000,28.155000
211,6219,6219,584b941,1430051,1430385,1445284,1445384,14.899000,15.233000
211,7047,7047,5b87941,1431051,1431377,1450717,1450817,19.340000,19.666000
211,10772,10772,6a14943,1473051,1473385,1484381,1484481,10.996000,11.330000
211,10210,10210,67e2942,1531051,1531385,1543225,1543325,11.840000,12.174000
211,10264,10264,6818943,1530051,1530385,1568781,1568881,38.396000,38.730000
211,8932,8932,62e4941,1582051,1582385,1594311,1594411,11.926000,12.260000
211,6846,6846,5abe942,1596051,1596385,1608227,1608327,11.842000,12.176000
211,8615,8615,61a7940,1712051,1712377,1721620,1721720,9.243000,9.569000
211,5543,5543,55a7940,1775051,1775385,1797402,1797502,22.017000,22.351000
211,10822,10822,6a46942,1843051,1843377,1864726,1864826,21.349000,21.675000
211,8640,8640,61c0942,1858051,1858377,1870161,1870261,11.784000,12.110000
211,10510,10510,690e941,2044446,2044780,2054026,2054126,9.246000,9.580000
211,10762,10762,6a0a942,2438051,2438385,2443975,2444075,5.590000,5.924000
212,250,250,40fa943,23051,23385,31691,31791,8.306000,8.640000
212,523,523,420b943,89051,89377,107816,107916,18.439000,18.765000
212,459,459,41cb940,100051,100377,116426,116526,16.049000,16.375000
212,2465,2465,49a1942,193051,193385,224423,224523,31.038000,31.372000
212,1493,1493,45d5943,200051,200377,229916,230016,29.539000,29.865000
212,2619,2619,4a3b943,368051,368377,398522,398622,30.145000,30.471000
212,1966,1966,47ae940,402416,402750,433972,434072,31.222000,31.556000
212,1396,1396,4574940,538051,538377,552483,552583,14.106000,14.432000
212,3895,3895,4f37942,597051,597377,648691,648791,51.314000,51.640000
212,3491,3491,4da3942,826051,826385,850206,850306,23.821000,24.155000
212,4562,4562,51d2940,849051,849377,854952,855052,5.575000,5.901000
212,3722,3722,4e8a943,859051,859385,870178,870278,10.793000,11.127000
212,3902,3902,4f3e943,870051,870385,885362,885462,14.977000,15.311000
212,5376,5376,5500941,857051,857385,889530,889630,32.145000,32.479000
212,3014,3014,4bc6941,871051,871385,898658,898758,27.273000,27.607000
212,5098,5098,53ea943,937051,937377,958979,959079,21.602000,21.928000
212,8904,8904,62c8941,1010051,1010385,1029357,1029456,18.972000,19.306000
212,3612,3612,4e1c940,1019051,1019385,1034846,1034945,15.461000,15.795000
212,6351,6351,58cf943,1062619,1062953,1090050,1090150,27.097000,27.431000
212,5159,5159,5427940,1068518,1068852,1098689,1098789,29.837000,30.171000
212,5968,5968,5750942,1124051,1124385,1143726,1143826,19.341000,19.675000
212,8398,8398,60ce940,1131051,1131385,1147916,1148016,16.531000,16.865000
212,4989,4989,537d942,1038320,1038654,1178405,1178505,139.751000,140.085000
212,9124,9124,63a4943,1217051,1217385,1235184,1235284,17.799000,18.133000
212,8462,8462,610e940,1294051,1294385,1305369,1305469,10.984000,11.318000
212,5829,5829,56c5942,1289458,1289784,1408788,1408888,119.004000,119.330000
212,8536,8536,6158940,1470051,1470377,1482633,1482733,12.256000,12.582000
212,10075,10075,675b943,2188051,2188377,2199268,2199368,10.891000,11.217000
212,9452,9452,64ec941,2240051,2240385,2251302,2251402,10.917000,11.251000
212,8058,8058,5f7a940,2440051,2440377,2455860,2455960,15.483000,15.809000
213,323,323,4143943,21051,21385,38993,39093,17.608000,17.942000
213,803,803,4323942,23051,23385,44419,44519,21.034000,21.368000
213,405,405,4195942,97051,97377,110348,110448,12.971000,13.297000
213,254,254,40fe940,194051,194385,205345,205445,10.960000,11.294000
213,2779,2779,4adb942,312051,312385,351430,351530,39.045000,39.379000
213,2466,2466,49a2943,382051,382385,389702,389802,7.317000,7.651000
213,3938,3938,4f62941,394506,394840,406995,407095,12.155000,12.489000
213,1627,1627,465b943,420051,420377,431926,432026,11.549000,11.875000
213,2888,2888,4b48940,441051,441377,462463,462563,21.086000,21.412000
213,3714,3714,4e82943,398527,398861,467964,468064,69.103000,69.437000
213,3376,3376,4d30941,544051,544385,560472,560572,16.087000,16.421000
213,2361,2361,4939941,543051,543377,568181,568281,24.804000,25.130000
213,4346,4346,50fa940,563051,563377,572379,572479,9.002000,9.328000
213,5798,5798,56a6942,546529,546863,584504,584604,37.641000,37.975000
213,3949,3949,4f6d941,582051,582385,591434,591534,9.049000,9.383000
213,1979,1979,47bb943,594051,594377,620793,620893,26.416000,26.742000
213,4124,4124,501c942,615051,615385,633224,633324,17.839000,18.173000
213,2608,2608,4a30940,627051,627385,640945,641045,13.560000,13.894000
213,6481,6481,5951943,641051,641377,664013,664113,22.636000,22.962000
213,4017,4017,4fb1941,668051,668377,691279,691379,22.902000,23.228000
213,3593,3593,4e09943,746051,746385,759439,759539,13.054000,13.388000
213,5049,5049,53b9942,718943,719269,767869,767969,48.600000,48.926000
213,6348,6348,58cc940,734051,734377,822224,822324,87.847000,88.173000
213,3972,3972,4f84943,823409,823743,852798,852898,29.055000,29.389000
213,3817,3817,4ee9942,898051,898385,925216,925316,26.831000,27.165000
213,8603,8603,619b943,958427,958753,977645,977745,18.892000,19.218000
213,6609,6609,59d1940,974051,974385,981858,981958,7.473000,7.807000
213,4178,4178,5052941,933051,933377,986048,986148,52.671000,52.997000
213,5421,5421,552d943,1098051,1098385,1111765,1111865,13.380000,13.714000
213,6533,6533,5985941,1090743,1091077,1122642,1122742,31.565000,31.899000
213,5989,5989,5765940,1192424,1192750,1217795,1217895,25.045000,25.371000
213,5947,5947,573b943,1192051,1192377,1223253,1223353,30.876000,31.202000
213,5286,5286,54a6941,1290431,1290757,1319321,1319421,28.564000,28.890000
213,10167,10167,67b7942,1397051,1397385,1419811,1419911,22.426000,22.760000
213,6855,6855,5ac7941,1346425,1346759,1430793,1430893,84.034000,84.368000
213,10451,10451,68d3942,1445735,1446061,1478061,1478161,32.000000,32.326000
213,6335,6335,58bf940,1453051,1453377,1483583,1483683,30.206000,30.532000
213,8043,8043,5f6b941,1474051,1474385,1498244,1498344,23.859000,24.193000
213,9497,9497,6519942,1456051,1456385,1514803,1514903,58.418000,58.752000
213,9400,9400,64b8941,1501416,1501742,1527150,1527250,25.408000,25.734000
213,8486,8486,6126941,1576051,1576377,1589994,1590094,13.617000,13.943000
213,8429,8429,60ed941,1600051,1600385,1605089,1605189,4.704000,5.038000
213,7548,7548,5d7c940,1620051,1620377,1643649,1643749,23.272000,23.598000
213,9853,9853,667d943,1677051,1677385,1682996,1683096,5.611000,5.945000
213,8582,8582,6186940,1672051,1672377,1687190,1687290,14.813000,15.139000
213,9763,9763,6623940,1681405,1681731,1712916,1713016,31.185000,31.511000
213,7834,7834,5e9a940,1736508,1736834,1755113,1755213,18.279000,18.605000
213,8399,8399,60cf942,1777446,1777780,1786910,1787010,9.130000,9.464000
213,9043,9043,6353942,1812051,1812377,1825054,1825154,12.677000,13.003000
213,7746,7746,5e42940,1965051,1965377,1971893,1971993,6.516000,6.842000
213,9239,9239,6417943,1965051,1965377,1983509,1983609,18.132000,18.458000
214,362,362,416a943,45051,45385,52197,52297,6.812000,7.146000
214,318,318,413e942,76051,76377,81167,81267,4.790000,5.116000
214,1026,1026,4402942,128051,128377,142905,143005,14.528000,14.854000
214,1293,1293,450d940,140051,140377,157934,158034,17.557000,17.883000
214,1009,1009,43f1942,158051,158377,166674,166774,8.297000,8.623000
214,560,560,4230942,242051,242377,277504,277604,35.127000,35.453000
214,3572,3572,4df4942,302334,302660,311906,312006,9.246000,9.572000
214,1981,1981,47bd941,334051,334377,344325,344425,9.948000,10.274000
214,2778,2778,4ada942,320051,320385,356097,356197,35.712000,36.046000
214,3182,3182,4c6e943,354051,354385,377976,378076,23.591000,23.925000
214,2047,2047,47ff943,362051,362385,388971,389071,26.586000,26.920000
214,1852,1852,473c941,378400,378734,407218,407318,28.484000,28.818000
214,2671,2671,4a6f941,519050,519377,533687,533787,14.310000,14.637000
214,3620,3620,4e24943,586051,586377,592843,592943,6.466000,6.792000
214,4380,4380,511c942,572051,572385,597604,597704,25.219000,25.553000
214,2405,2405,4965943,593051,593385,619599,619699,26.214000,26.548000
214,6691,6691,5a23942,634051,634377,714779,714879,80.402000,80.728000
214,3932,3932,4f5c941,709051,709385,718910,719010,9.525000,9.859000
214,4765,4765,529d941,609051,609385,723145,723245,113.760000,114.094000
214,3813,3813,4ee5940,669051,669377,736627,736727,67.250000,67.576000
214,3919,3919,4f4f943,748051,748385,769504,769604,21.119000,21.453000
214,4104,4104,5008943,728051,728385,773653,773753,45.268000,45.602000
214,3675,3675,4e5b941,745051,745385,779014,779114,33.629000,33.963000
214,4548,4548,51c4943,821449,821783,843235,843335,21.452000,21.786000
214,4230,4230,5086942,775051,775377,857178,857278,81.801000,82.127000
214,5262,5262,548e941,896051,896385,913161,913261,16.776000,17.110000
214,4454,4454,5166941,950051,950385,969376,969476,18.991000,19.325000
214,3841,3841,4f01942,946051,946377,1001030,1001130,54.653000,54.979000
214,3889,3889,4f31942,978051,978385,1020160,1020260,41.775000,42.109000
214,5037,5037,53ad941,1225051,1225385,1234008,1234108,8.623000,8.957000
214,8589,8589,618d941,1218683,1219009,1263974,1264074,44.965000,45.291000
214,8916,8916,62d4943,1272051,1272377,1301172,1301272,28.795000,29.121000
214,9507,9507,6523942,1345409,1345743,1380379,1380479,34.636000,34.970000
214,6942,6942,5b1e940,1412051,1412385,1432695,1432795,20.310000,20.644000
214,8658,8658,61d2942,1461051,1461377,1473126,1473226,11.749000,12.075000
214,8597,8597,6195940,1459051,1459377,1478841,1478941,19.464000,19.790000
214,5933,5933,572d941,1495051,1495385,1516210,1516310,20.825000,21.159000
214,9055,9055,635f942,1498051,1498377,1539358,1539458,40.981000,41.307000
214,10746,10746,69fa941,1598051,1598377,1617026,1617126,18.649000,18.975000
214,7292,7292,5c7c941,1727051,1727377,1752097,1752197,24.720000,25.046000
214,9703,9703,65e7942,1766051,1766377,1785049,1785149,18.672000,18.998000
214,8577,8577,6181942,1801051,1801377,1814383,1814483,13.006000,13.332000
214,9824,9824,6660940,1826438,1826764,1836885,1836985,10.121000,10.447000
214,10639,10639,698f942,1834051,1834385,1848088,1848188,13.703000,14.037000
215,536,536,4218941,24051,24385,39043,39143,14.658000,14.992000
215,140,140,408c940,115051,115377,124160,124260,8.783000,9.109000
215,992,992,43e0940,143051,143377,156156,156256,12.779000,13.105000
215,1379,1379,4563940,203051,203385,217810,217910,14.425000,14.759000
215,820,820,4334943,260051,260385,285030,285130,24.645000,24.979000
215,2356,2356,4934941,321051,321385,340237,340337,18.852000,19.186000
215,4258,4258,50a2943,429051,429377,438785,438885,9.408000,9.734000
215,3562,3562,4dea941,457946,458280,490787,490887,32.507000,32.841000
215,3220,3220,4c94940,499051,499377,534393,534493,35.016000,35.342000
215,2663,2663,4a67943,569051,569377,591020,591120,21.643000,21.969000
215,2978,2978,4ba2943,652051,652377,664218,664318,11.841000,12.167000
215,4656,4656,5230940,735051,735377,747259,747359,11.882000,12.208000
215,3577,3577,4df9941,719051,719385,752650,752750,33.265000,33.599000
215,3408,3408,4d50941,808051,808385,832075,832175,23.690000,24.024000
215,7843,7843,5ea3943,807425,807759,843043,843143,35.284000,35.618000
215,8308,8308,6074942,849244,849578,873139,873239,23.561000,23.895000
215,6920,6920,5b08942,861447,861773,900951,901051,39.178000,39.504000
215,4058,4058,4fda942,881051,881377,939775,939875,58.398000,58.724000
215,7554,7554,5d82942,935051,935377,944015,944115,8.638000,8.964000
215,5764,5764,5684941,927051,927377,1010958,1011058,83.581000,83.907000
215,7606,7606,5db6941,1050051,1050385,1071250,1071350,20.865000,21.199000
215,5675,5675,562b943,1070051,1070385,1109846,1109946,39.461000,39.795000
215,7949,7949,5f0d943,1050051,1050377,1115377,1115477,65.000000,65.326000
215,8145,8145,5fd1942,1114051,1114377,1120903,1121003,6.526000,6.852000
215,4724,4724,5274942,1123051,1123377,1159283,1159383,35.906000,36.232000
215,9288,9288,6448943,1145051,1145377,1180345,1180445,34.968000,35.294000
215,6773,6773,5a75941,1238051,1238377,1266104,1266204,27.727000,28.053000
215,9823,9823,665f943,1332051,1332377,1346762,1346862,14.385000,14.711000
215,7461,7461,5d25943,1396051,1396377,1408235,1408335,11.858000,12.184000
215,8276,8276,6054940,1478051,1478377,1497980,1498080,19.603000,19.929000
215,7572,7572,5d94941,1507051,1507377,1513861,1513961,6.484000,6.810000
215,5639,5639,5607940,1533051,1533385,1541602,1541702,8.217000,8.551000
215,9825,9825,6661941,1582051,1582385,1592445,1592545,10.060000,10.394000
215,8098,8098,5fa2942,1620410,1620736,1637196,1637296,16.460000,16.786000
215,6692,6692,5a24940,1615051,1615385,1642689,1642789,27.304000,27.638000
215,7406,7406,5cee940,1716051,1716385,1734570,1734670,18.185000,18.519000
215,7268,7268,5c64943,1719051,1719385,1740063,1740163,20.678000,21.012000
215,8493,8493,612d942,1745051,1745377,1761706,1761806,16.329000,16.655000
215,10214,10214,67e6942,2048051,2048377,2066831,2066930,18.454000,18.780000
215,9643,9643,65ab941,2074425,2074758,2087528,2087629,12.770000,13.103000
215,7291,7291,5c7b941,2141051,2141385,2164011,2164111,22.626000,22.960000
215,10270,10270,681e941,2256051,2256377,2266401,2266501,10.024000,10.350000
215,8454,8454,6106940,2511051,2511385,2529509,2529609,18.124000,18.458000
215,10753,10753,6a01941,2649051,2649385,2659410,2659510,10.025000,10.359000
215,10644,10644,6994941,2882051,2882377,2894277,2894377,11.900000,12.226000
216,71,71,4047943,60051,60377,65969,66069,5.592000,5.918000
216,193,193,40c1941,103051,103385,134645,134745,31.260000,31.594000
216,1189,1189,44a5943,122945,123271,173184,173284,49.913000,50.239000
216,683,683,42ab940,237051,237385,255946,256046,18.561000,18.895000
216,2919,2919,4b67942,262051,262377,278227,278327,15.850000,16.176000
216,4237,4237,508d943,353051,353385,391373,391473,37.988000,38.322000
216,3483,3483,4d9b942,391051,391377,413258,413358,21.881000,22.207000
216,2212,2212,48a4940,448051,448377,453968,454068,5.591000,5.917000
216,656,656,4290943,448051,448377,470694,470794,22.317000,22.643000
216,2927,2927,4b6f940,588051,588385,593079,593179,4.694000,5.028000
216,4335,4335,50ef940,598051,598377,617115,617215,18.738000,19.064000
216,6306,6306,58a2942,722051,722385,741289,741389,18.904000,19.238000
216,3295,3295,4cdf943,730741,731067,748589,748689,17.522000,17.848000
216,4034,4034,4fc2943,904051,904385,916614,916714,12.229000,12.563000
216,6040,6040,5798940,908051,908377,920813,920913,12.436000,12.762000
216,3426,3426,4d62943,961181,961507,992693,992793,31.186000,31.512000
216,8223,8223,601f943,989051,989385,1032543,1032644,43.158000,43.492000
216,8496,8496,6130942,1011190,1011524,1038018,1038118,26.494000,26.828000
216,6882,6882,5ae2940,1187051,1187385,1207114,1207214,19.729000,20.063000
216,8138,8138,5fca943,1206051,1206377,1223544,1223644,17.167000,17.493000
216,4173,4173,504d941,1221051,1221377,1232369,1232469,10.992000,11.318000
216,6238,6238,585e942,1219051,1219377,1259715,1259815,40.338000,40.664000
216,7317,7317,5c95942,1226051,1226385,1265253,1265353,38.868000,39.202000
216,6228,6228,5854940,1336051,1336377,1351232,1351332,14.855000,15.181000
216,9285,9285,6445941,1339051,1339377,1372938,1373038,33.561000,33.887000
216,6669,6669,5a0d942,1388783,1389109,1396481,1396581,7.372000,7.698000
216,9169,9169,63d1940,1404051,1404377,1422725,1422825,18.348000,18.674000
216,8627,8627,61b3941,1400051,1400385,1426867,1426967,26.482000,26.816000
216,7500,7500,5d4c943,1466481,1466807,1480449,1480549,13.642000,13.968000
216,9694,9694,65de942,1456010,1456336,1491425,1491525,35.089000,35.415000
216,9244,9244,641c940,1601051,1601385,1614919,1615019,13.534000,13.868000
216,5964,5964,574c940,1708051,1708377,1721018,1721118,12.641000,12.967000
216,8403,8403,60d3942,1788051,1788377,1795206,1795306,6.829000,7.155000
217,712,712,42c8942,36051,36377,45491,45591,9.114000,9.440000
217,239,239,40ef941,64051,64385,74463,74563,10.078000,10.412000
217,471,471,41d7943,69090,69416,96348,96448,26.932000,27.258000
217,116,116,4074941,103051,103385,134641,134741,31.256000,31.590000
217,572,572,423c942,105230,105556,150389,150489,44.833000,45.159000
217,1172,1172,4494943,146051,146377,156764,156864,10.387000,10.713000
217,1151,1151,447f941,172051,172377,187367,187467,14.990000,15.316000
217,1162,1162,448a941,201051,201377,207001,207101,5.624000,5.950000
217,424,424,41a8942,177051,177377,212459,212559,35.082000,35.408000
217,1378,1378,4562940,218763,219089,227429,227529,8.340000,8.666000
217,1421,1421,458d942,270341,270667,297309,297409,26.642000,26.968000
217,1823,1823,471f943,300051,300385,340870,340970,40.485000,40.819000
217,3305,3305,4ce9943,373051,373385,387037,387137,13.652000,13.986000
217,2706,2706,4a92940,378051,378385,405413,405513,27.028000,27.362000
217,2297,2297,48f9940,514050,514385,527386,527486,13.001000,13.336000
217,3674,3674,4e5a940,509051,509377,532899,532999,23.522000,23.848000
217,2689,2689,4a81940,572416,572750,590453,590553,17.703000,18.037000
217,5775,5775,568f941,677051,677385,722168,722268,44.783000,45.117000
217,4106,4106,500a943,744051,744377,760762,760862,16.385000,16.711000
217,5815,5815,56b7942,820051,820385,835029,835129,14.644000,14.978000
217,5652,5652,5614942,900051,900385,923361,923461,22.976000,23.310000
217,7182,7182,5c0e942,1015051,1015377,1040798,1040897,25.421000,25.747000
217,4462,4462,516e943,1042051,1042377,1062325,1062425,19.948000,20.274000
217,7559,7559,5d87943,1092395,1092721,1115433,1115533,22.712000,23.038000
217,7203,7203,5c23941,1156051,1156377,1183198,1183298,26.821000,27.147000
217,3829,3829,4ef5943,1210051,1210385,1220816,1220916,10.431000,10.765000
217,8060,8060,5f7c941,1215051,1215385,1233443,1233543,18.058000,18.392000
217,6163,6163,5813943,1241051,1241377,1255081,1255181,13.704000,14.030000
217,6344,6344,58c8942,1242051,1242377,1301824,1301924,59.447000,59.773000
217,6582,6582,59b6942,1297051,1297385,1307359,1307459,9.974000,10.308000
217,8645,8645,61c5941,1286051,1286385,1318263,1318363,31.878000,32.212000
217,7329,7329,5ca1942,1340051,1340385,1348677,1348777,8.292000,8.626000
217,7284,7284,5c74941,1382051,1382377,1394448,1394548,12.071000,12.397000
217,5649,5649,5611943,1464439,1464773,1471327,1471427,6.554000,6.888000
217,8994,8994,6322943,1538453,1538779,1549534,1549634,10.755000,11.081000
217,10787,10787,6a23942,1601051,1601377,1608847,1608947,7.470000,7.796000
217,9363,9363,6493940,1667679,1668013,1693613,1693713,25.600000,25.934000
217,9053,9053,635d940,1738051,1738377,1766907,1767007,28.530000,28.856000
217,10000,10000,6710941,1779886,1780212,1802722,1802822,22.510000,22.836000
217,10887,10887,6a87942,1893051,1893385,1910997,1911097,17.612000,17.946000
217,8448,8448,6100941,1919402,1919736,1943844,1943944,24.108000,24.442000
217,9572,9572,6564942,2104051,2104385,2126160,2126260,21.775000,22.109000
217,10722,10722,69e2942,2111051,2111385,2131673,2131773,20.288000,20.622000
218,864,864,4360941,40416,40750,58698,58798,17.948000,18.282000
218,1008,1008,43f0942,47051,47377,64172,64272,16.795000,17.121000
218,1551,1551,460f941,44051,44385,80641,80741,36.256000,36.590000
218,643,643,4283940,120051,120385,141434,141534,21.049000,21.383000
218,1048,1048,4418942,136051,136385,156346,156446,19.961000,20.295000
218,347,347,415b941,113255,113581,170921,171021,57.340000,57.666000
218,1190,1190,44a6943,177051,177385,203815,203915,26.430000,26.764000
218,2853,2853,4b25940,213416,213742,247631,247731,33.889000,34.215000
218,2277,2277,48e5943,271054,271388,301232,301332,29.844000,30.178000
218,2764,2764,4acc941,389051,389377,398584,398684,9.207000,9.533000
218,2646,2646,4a56942,447051,447385,480776,480876,33.391000,33.725000
218,3952,3952,4f70942,518418,518752,541032,541132,22.280000,22.614000
218,2524,2524,49dc941,510051,510385,546527,546627,36.142000,36.476000
218,2893,2893,4b4d941,546901,547235,555429,555529,8.194000,8.528000
218,4138,4138,502a940,557051,557377,580713,580813,23.336000,23.662000
218,4353,4353,5101942,538051,538385,586206,586306,47.821000,48.155000
218,6174,6174,581e942,600051,600377,614962,615062,14.585000,14.911000
218,4125,4125,501d941,604051,604377,620479,620579,16.102000,16.428000
218,3001,3001,4bb9941,665167,665501,695857,695957,30.356000,30.690000
218,4140,4140,502c943,693051,693385,702513,702613,9.128000,9.462000
218,2860,2860,4b2c941,740395,740721,823094,823194,82.373000,82.699000
218,7282,7282,5c72943,836051,836385,843840,843940,7.455000,7.789000
218,2605,2605,4a2d943,837051,837377,865802,865902,28.425000,28.751000
218,3364,3364,4d24940,878051,878385,906413,906513,28.028000,28.362000
218,6298,6298,589a943,908051,908385,914832,914932,6.447000,6.781000
218,4288,4288,50c0942,919416,919750,955896,955996,36.146000,36.480000
218,6236,6236,585c942,958051,958377,987105,987205,28.728000,29.054000
218,9059,9059,6363943,991051,991385,1020123,1020223,28.738000,29.072000
218,3439,3439,4d6f940,1019051,1019385,1066696,1066796,47.311000,47.645000
218,6762,6762,5a6a940,1105520,1105854,1124926,1125026,19.072000,19.406000
218,4492,4492,518c940,1305051,1305377,1316937,1317037,11.560000,11.886000
218,4868,4868,5304943,1277592,1277926,1370466,1370566,92.540000,92.874000
218,8168,8168,5fe8940,1400051,1400385,1416998,1417098,16.613000,16.947000
218,8190,8190,5ffe943,1510051,1510377,1522240,1522340,11.863000,12.189000
218,9695,9695,65df941,1565051,1565385,1581860,1581960,16.475000,16.809000
218,6372,6372,58e4940,1565051,1565385,1586028,1586128,20.643000,20.977000
218,7713,7713,5e21942,1585051,1585377,1634514,1634614,49.137000,49.463000
218,10401,10401,68a1941,1732904,1733230,1747832,1747932,14.602000,14.928000
218,9422,9422,64ce943,1855051,1855385,1876142,1876242,20.757000,21.091000
219,154,154,409a941,36051,36385,58900,59000,22.515000,22.849000
219,287,287,411f942,56051,56377,63710,63810,7.333000,7.659000
219,3,3,4003943,67051,67385,86344,86444,18.959000,19.293000
219,898,898,4382943,70409,70743,90569,90669,19.826000,20.160000
219,78,78,404e940,55051,55385,97405,97505,42.020000,42.354000
219,999,999,43e7943,132051,132385,154092,154192,21.707000,22.041000
219,244,244,40f4943,156051,156385,232140,232240,75.755000,76.089000
219,1202,1202,44b2940,272051,272377,285903,286003,13.526000,13.852000
219,1760,1760,46e0943,275051,275377,291411,291511,16.034000,16.360000
219,1751,1751,46d7943,303051,303385,310777,310877,7.392000,7.726000
219,1813,1813,4715943,281051,281385,316149,316249,34.764000,35.098000
219,4905,4905,5329943,445051,445377,450978,451078,5.601000,5.927000
219,2412,2412,496c940,464051,464377,470855,470955,6.478000,6.804000
219,3084,3084,4c0c940,429416,429742,475565,475665,45.823000,46.149000
219,1089,1089,4441940,468051,468385,486531,486631,18.146000,18.480000
219,2139,2139,485b942,475051,475377,492066,492166,16.689000,17.015000
219,1634,1634,4662940,436051,436385,508520,508620,72.135000,72.469000
219,4394,4394,512a940,600051,600385,636722,636822,36.337000,36.671000
219,3072,3072,4c00941,698458,698784,708892,708992,10.108000,10.434000
219,5650,5650,5612941,719051,719377,737085,737185,17.708000,18.034000
219,2014,2014,47de943,724051,724385,753660,753760,29.275000,29.609000
219,6928,6928,5b10941,952051,952377,973189,973289,20.812000,21.138000
219,5592,5592,55d8941,983051,983385,992811,992911,9.426000,9.760000
219,6539,6539,598b943,877887,878213,1003830,1003930,125.617000,125.943000
219,5894,5894,5706943,1029453,1029779,1066205,1066305,36.426000,36.752000
219,4051,4051,4fd3941,1091051,1091385,1111406,1111506,20.021000,20.355000
219,6099,6099,57d3942,1111051,1111377,1127895,1127995,16.518000,16.844000
219,10902,10902,6a96940,1124051,1124377,1133145,1133245,8.768000,9.094000
219,7233,7233,5c41940,1253051,1253377,1284934,1285034,31.557000,31.883000
219,8611,8611,61a3942,1333051,1333385,1350915,1351015,17.530000,17.864000
219,4880,4880,5310940,1386051,1386377,1402992,1403092,16.615000,16.941000
219,7921,7921,5ef1943,1386051,1386385,1419427,1419527,33.042000,33.376000
219,5688,5688,5638940,1360051,1360377,1424863,1424963,64.486000,64.812000
219,7351,7351,5cb7942,1410507,1410833,1435829,1435929,24.996000,25.322000
219,8874,8874,62aa940,1427051,1427385,1457747,1457847,30.362000,30.696000
219,7804,7804,5e7c941,1484051,1484385,1497858,1497958,13.473000,13.807000
219,7473,7473,5d31941,1515051,1515385,1543348,1543448,27.963000,28.297000
219,10423,10423,68b7942,1646051,1646377,1655805,1655905,9.428000,9.754000
219,8250,8250,603a940,1691051,1691377,1696979,1697079,5.602000,5.928000
219,7870,7870,5ebe942,1823051,1823377,1843207,1843307,19.830000,20.156000
219,6602,6602,59ca941,2080051,2080385,2104533,2104633,24.148000,24.482000
219,10143,10143,679f940,2095051,2095377,2109879,2109979,14.502000,14.828000
219,10309,10309,6845941,2128846,2129172,2136591,2136691,7.419000,7.745000
219,9628,9628,659c942,2353051,2353377,2368776,2368876,15.399000,15.725000
220,285,285,411d943,32050,32385,45141,45241,12.756000,13.091000
220,1146,1146,447a940,29051,29385,50508,50608,21.123000,21.457000
220,1247,1247,44df941,81051,81385,108885,108985,27.500000,27.834000
220,751,751,42ef943,149051,149385,171294,171394,21.909000,22.243000
220,338,338,4152942,142051,142385,186008,186108,43.623000,43.957000
220,2258,2258,48d2942,228425,228759,250379,250479,21.620000,21.954000
220,1704,1704,46a8943,228416,228750,255896,255996,27.146000,27.480000
220,3580,3580,4dfc942,331051,331385,363674,363774,32.289000,32.623000
220,2081,2081,4821943,451051,451377,497541,497641,46.164000,46.490000
220,2849,2849,4b21943,479051,479377,502971,503071,23.594000,23.920000
220,3102,3102,4c1e941,655051,655377,695933,696033,40.556000,40.882000
220,4825,4825,52d9942,745051,745385,760254,760354,14.869000,15.203000
220,4277,4277,50b5942,790051,790377,797711,797811,7.334000,7.660000
220,3989,3989,4f95940,825051,825385,848478,848578,23.093000,23.427000
220,4968,4968,5368941,913511,913845,931814,931914,17.969000,18.303000
220,3784,3784,4ec8940,949872,950206,964509,964609,14.303000,14.637000
220,5913,5913,5719940,981051,981385,990586,990686,9.201000,9.535000
220,9071,9071,636f941,1045051,1045377,1064320,1064420,18.943000,19.269000
220,6421,6421,5915943,1052096,1052430,1069810,1069910,17.380000,17.714000
220,6685,6685,5a1d940,1041051,1041377,1075219,1075319,33.842000,34.168000
220,5586,5586,55d2941,1103234,1103560,1114043,1114143,10.483000,10.809000
220,9799,9799,6647943,1131511,1131845,1157718,1157818,25.873000,26.207000
220,5090,5090,53e2940,1146051,1146385,1168688,1168788,22.303000,22.637000
220,5231,5231,546f943,1166051,1166377,1181766,1181866,15.389000,15.715000
220,5382,5382,5506940,1197051,1197385,1208831,1208931,11.446000,11.780000
220,7296,7296,5c80940,1215776,1216110,1228695,1228795,12.585000,12.919000
220,2708,2708,4a94940,1221051,1221377,1247045,1247145,25.668000,25.994000
220,7943,7943,5f07943,1222051,1222385,1257887,1257987,35.502000,35.836000
220,8673,8673,61e1940,1203051,1203385,1269666,1269766,66.281000,66.615000
220,7769,7769,5e59943,1285098,1285424,1301971,1302071,16.547000,16.873000
220,7436,7436,5d0c941,1293051,1293377,1316143,1316243,22.766000,23.092000
220,6661,6661,5a05941,1376051,1376385,1390749,1390849,14.364000,14.698000
220,7863,7863,5eb7940,1369051,1369377,1396201,1396301,26.824000,27.150000
220,7780,7780,5e64942,1422138,1422464,1445424,1445524,22.960000,23.286000
220,9185,9185,63e1941,1460051,1460377,1469387,1469487,9.010000,9.336000
220,8779,8779,624b942,1441051,1441385,1473577,1473677,32.192000,32.526000
220,9909,9909,66b5943,1591051,1591377,1611673,1611773,20.296000,20.622000
220,9544,9544,6548941,1730051,1730377,1753787,1753887,23.410000,23.736000
220,8948,8948,62f4941,1744051,1744385,1759207,1759307,14.822000,15.156000
220,7021,7021,5b6d941,1787051,1787377,1800067,1800167,12.690000,13.016000
220,10565,10565,6945940,1961424,1961750,1980808,1980908,19.058000,19.384000
220,9810,9810,6652942,1981051,1981385,1998156,1998256,16.771000,17.105000
220,10850,10850,6a62942,1986051,1986385,2003705,2003805,17.320000,17.654000
220,10630,10630,6986940,2095051,2095377,2105452,2105552,10.075000,10.401000
220,10740,10740,69f4942,2166051,2166377,2173787,2173887,7.410000,7.736000
221,276,276,4114943,141051,141377,153284,153384,11.907000,12.233000
221,1393,1393,4571942,216051,216377,230528,230628,14.151000,14.477000
221,2348,2348,492c942,267051,267377,317711,317811,50.334000,50.660000
221,423,423,41a7940,314051,314385,355960,356060,41.575000,41.909000
221,2332,2332,491c943,347051,347377,361465,361565,14.088000,14.414000
221,2351,2351,492f942,353051,353377,397385,397485,44.008000,44.334000
221,1406,1406,457e940,372051,372377,432583,432683,60.206000,60.532000
221,4814,4814,52ce943,478051,478385,496284,496384,17.899000,18.233000
221,2998,2998,4bb6940,456051,456385,529248,529348,72.863000,73.197000
221,3036,3036,4bdc941,448051,448377,540306,540406,91.929000,92.255000
221,4310,4310,50d6942,518050,518385,545805,545905,27.420000,27.755000
221,1717,1717,46b5942,493051,493385,551315,551415,57.930000,58.264000
221,3737,3737,4e99943,540051,540377,603076,603176,62.699000,63.025000
221,6293,6293,5895942,622051,622385,638660,638760,16.275000,16.609000
221,5622,5622,55f6942,621051,621385,660540,660640,39.155000,39.489000
221,7737,7737,5e39942,628051,628377,682552,682652,54.175000,54.501000
221,4038,4038,4fc6941,672051,672385,693376,693476,20.991000,21.325000
221,5369,5369,54f9941,697051,697385,718931,719031,21.546000,21.880000
221,4243,4243,5093942,793014,793340,821635,821735,28.295000,28.621000
221,4853,4853,52f5943,841051,841385,848690,848790,7.305000,7.639000
221,7887,7887,5ecf942,834051,834385,855807,855907,21.422000,21.756000
221,5919,5919,571f940,869051,869377,908037,908137,38.660000,38.986000
221,6419,6419,5913943,936453,936779,953066,953166,16.287000,16.613000
221,3685,3685,4e65940,943051,943377,974255,974355,30.878000,31.204000
221,8283,8283,605b943,1069091,1069417,1085176,1085276,15.759000,16.085000
221,4885,4885,5315941,1077131,1077465,1101561,1101661,24.096000,24.430000
221,4939,4939,534b940,1092051,1092385,1114599,1114699,22.214000,22.548000
221,6016,6016,5780943,1160051,1160385,1180639,1180739,20.254000,20.588000
221,3574,3574,4df6943,1185051,1185377,1207877,1207977,22.500000,22.826000
221,8573,8573,617d943,1306051,1306377,1319150,1319250,12.773000,13.099000
221,7752,7752,5e48943,1343375,1343709,1358844,1358944,15.135000,15.469000
221,7234,7234,5c42941,1457051,1457385,1480490,1480590,23.105000,23.439000
221,6951,6951,5b27942,1522051,1522385,1555858,1555958,33.473000,33.807000
221,7611,7611,5dbb943,1544051,1544385,1591863,1591963,47.478000,47.812000
221,6033,6033,5791943,1592051,1592385,1610938,1611038,18.553000,18.887000
221,8353,8353,60a1941,1594051,1594377,1615199,1615299,20.822000,21.148000
221,7263,7263,5c5f941,1624051,1624385,1638942,1639042,14.557000,14.891000
221,6902,6902,5af6940,1663051,1663377,1683999,1684099,20.622000,20.948000
221,9265,9265,6431940,1703051,1703385,1723155,1723255,19.770000,20.104000
221,6864,6864,5ad0942,1719051,1719385,1737741,1737841,18.356000,18.690000
221,7510,7510,5d56942,1784051,1784385,1798777,1798877,14.392000,14.726000
221,5385,5385,5509941,1844051,1844385,1866435,1866535,22.050000,22.384000
221,8898,8898,62c2942,1875051,1875377,1882750,1882850,7.373000,7.699000
221,7904,7904,5ee0942,1907051,1907377,1921706,1921806,14.329000,14.655000
221,10224,10224,67f0941,2123418,2123752,2129425,2129525,5.673000,6.007000
222,1443,1443,45a3943,71051,71377,77914,78014,6.537000,6.863000
222,218,218,40da942,57410,57736,94237,94337,36.501000,36.827000
222,957,957,43bd943,137051,137385,151926,152026,14.541000,14.875000
222,473,473,41d9942,136051,136385,184959,185059,48.574000,48.908000
222,697,697,42b9940,162051,162377,190465,190565,28.088000,28.414000
222,1699,1699,46a3941,215051,215385,220106,220206,4.721000,5.055000
222,1184,1184,44a0940,290051,290377,312005,312105,21.628000,21.954000
222,2312,2312,4908940,366051,366377,386180,386280,19.803000,20.129000
222,2382,2382,494e941,488051,488377,504893,504993,16.516000,16.842000
222,2526,2526,49de942,464051,464377,510493,510593,46.116000,46.442000
222,2538,2538,49ea942,534051,534385,547222,547322,12.837000,13.171000
222,3247,3247,4caf942,532414,532748,552662,552762,19.914000,20.248000
222,2058,2058,480a942,524050,524385,558079,558179,33.694000,34.029000
222,1694,1694,469e942,514603,514930,563534,563634,48.604000,48.931000
222,3474,3474,4d92943,562051,562385,601333,601433,38.948000,39.282000
222,3243,3243,4cab941,621051,621385,631382,631482,9.997000,10.331000
222,3094,3094,4c16941,655051,655377,674985,675085,19.608000,19.934000
222,8067,8067,5f83942,715051,715385,729482,729582,14.097000,14.431000
222,3901,3901,4f3d942,715631,715965,752627,752727,36.662000,36.996000
222,5597,5597,55dd943,724051,724377,774585,774685,50.208000,50.534000
222,5767,5767,5687943,750051,750385,780107,780207,29.722000,30.056000
222,4691,4691,5253943,696051,696377,785606,785706,89.229000,89.555000
222,5321,5321,54c9942,745051,745385,796647,796747,51.262000,51.596000
222,4768,4768,52a0942,800051,800377,819954,820054,19.577000,19.903000
222,7148,7148,5bec943,836051,836377,843745,843845,7.368000,7.694000
222,7636,7636,5dd4942,868436,868762,874401,874501,5.639000,5.965000
222,4359,4359,5107943,956395,956729,964043,964143,7.314000,7.648000
222,5610,5610,55ea943,1041051,1041377,1047806,1047906,6.429000,6.755000
222,6077,6077,57bd943,1003051,1003377,1055506,1055606,52.129000,52.455000
222,7368,7368,5cc8942,1167051,1167377,1172916,1173016,5.539000,5.865000
222,6672,6672,5a10943,1216051,1216377,1254259,1254359,37.882000,38.208000
222,10967,10967,6ad7940,1238051,1238377,1273423,1273523,35.046000,35.372000
222,7648,7648,5de0942,1285051,1285377,1303713,1303813,18.336000,18.662000
222,7411,7411,5cf3943,1313051,1313377,1346114,1346214,32.737000,33.063000
222,8475,8475,611b941,1335051,1335385,1359653,1359753,24.268000,24.602000
222,10023,10023,6727943,1380051,1380377,1395802,1395902,15.425000,15.751000
222,6085,6085,57c5941,1494852,1495178,1513910,1514010,18.732000,19.058000
222,10060,10060,674c943,1513051,1513377,1521607,1521707,8.230000,8.556000
222,8275,8275,6053941,1636051,1636377,1660705,1660805,24.328000,24.654000
222,7681,7681,5e01941,1700051,1700377,1720045,1720145,19.668000,19.994000
222,9004,9004,632c940,1743051,1743385,1766787,1766887,23.402000,23.736000
222,10819,10819,6a43942,1828051,1828385,1851159,1851259,22.774000,23.108000
222,5738,5738,566a941,1878051,1878377,1899809,1899909,21.432000,21.758000
222,10446,10446,68ce941,2174051,2174385,2195067,2195167,20.682000,21.016000
222,10671,10671,69af941,2261051,2261377,2274070,2274170,12.693000,13.019000
223,31,31,401f943,22051,22385,29833,29933,7.448000,7.782000
223,475,475,41db940,38430,38756,58453,58553,19.697000,20.023000
223,853,853,4355943,123051,123385,128977,129077,5.592000,5.926000
223,1471,1471,45bf940,140051,140385,156884,156984,16.499000,16.833000
223,757,757,42f5943,138051,138385,179321,179421,40.936000,41.270000
223,907,907,438b942,248051,248377,253976,254076,5.599000,5.925000
223,1557,1557,4615941,356051,356385,380133,380233,23.748000,24.082000
223,2210,2210,48a2942,460051,460385,466840,466940,6.455000,6.789000
223,1919,1919,477f943,514050,514377,540296,540396,25.919000,26.246000
223,3038,3038,4bde943,553051,553377,582247,582347,28.870000,29.196000
223,3776,3776,4ec0942,545956,546282,586463,586563,40.181000,40.507000
223,3341,3341,4d0d943,533051,533377,593051,593151,59.674000,60.000000
223,2455,2455,4997941,567051,567377,613075,613175,45.698000,46.024000
223,5223,5223,5467942,641051,641377,660529,660629,19.152000,19.478000
223,2456,2456,4998940,641051,641377,682437,682537,41.060000,41.386000
223,7563,7563,5d8b942,691051,691385,712422,712522,21.037000,21.371000
223,2695,2695,4a87942,704051,704385,717940,718040,13.555000,13.889000
223,4818,4818,52d2941,688051,688385,723361,723461,34.976000,35.310000
223,7720,7720,5e28940,794051,794385,828015,828115,33.630000,33.964000
223,3278,3278,4cce940,813051,813377,834325,834425,20.948000,21.274000
223,3391,3391,4d3f943,862051,862377,879520,879620,17.143000,17.469000
223,4581,4581,51e5941,862081,862415,903543,903643,41.128000,41.462000
223,3493,3493,4da5940,884051,884385,923751,923851,39.366000,39.700000
223,3076,3076,4c04941,938939,939265,954686,954786,15.421000,15.747000
223,6618,6618,59da940,958051,958385,979929,980029,21.544000,21.878000
223,9184,9184,63e0943,1002072,1002398,1021056,1021156,18.658000,18.984000
223,7100,7100,5bbc940,1020051,1020377,1052302,1052402,31.925000,32.251000
223,6755,6755,5a63942,976051,976385,1073004,1073104,96.619000,96.953000
223,8604,8604,619c942,1175051,1175377,1195534,1195634,20.157000,20.483000
223,3788,3788,4ecc940,1191051,1191385,1223929,1224029,32.544000,32.878000
223,7661,7661,5ded942,1255296,1255622,1271931,1272031,16.309000,16.635000
223,7853,7853,5ead940,1269051,1269385,1287108,1287208,17.723000,18.057000
223,7517,7517,5d5d941,1318051,1318385,1327507,1327607,9.122000,9.456000
223,10013,10013,671d940,1366051,1366385,1387118,1387218,20.733000,21.067000
223,10531,10531,6923940,1364051,1364377,1409112,1409212,44.735000,45.061000
223,8285,8285,605d940,1410051,1410377,1434794,1434894,24.417000,24.743000
223,10477,10477,68ed942,1509051,1509377,1522663,1522763,13.286000,13.612000
223,7223,7223,5c37940,1506051,1506377,1527581,1527681,21.204000,21.530000
223,10551,10551,6937940,1673051,1673385,1698029,1698129,24.644000,24.978000
223,10003,10003,6713942,1742051,1742385,1757782,1757882,15.397000,15.731000
223,9107,9107,6393942,1779051,1779377,1793307,1793407,13.930000,14.256000
223,8792,8792,6258940,1942051,1942385,1961466,1961566,19.081000,19.415000
223,10867,10867,6a73941,1988051,1988385,2006232,2006332,17.847000,18.181000
223,10731,10731,69eb940,2189051,2189385,2196721,2196821,7.336000,7.670000
223,9359,9359,648f941,2452051,2452377,2467800,2467900,15.423000,15.749000
224,537,537,4219943,99051,99377,106798,106898,7.421000,7.747000
224,652,652,428c941,108051,108385,131816,131916,23.431000,23.765000
224,214,214,40d6940,115051,115385,137235,137335,21.850000,22.184000
224,1104,1104,4450942,110051,110385,164846,164946,54.461000,54.795000
224,846,846,434e943,186051,186385,207951,208051,21.566000,21.900000
224,1107,1107,4453940,209051,209377,220377,220477,11.000000,11.326000
224,1681,1681,4691942,243051,243385,255191,255291,11.806000,12.140000
224,2009,2009,47d9941,333051,333385,348950,349050,15.565000,15.899000
224,1851,1851,473b941,379051,379385,399498,399598,20.113000,20.447000
224,2292,2292,48f4943,601386,601712,639111,639211,37.399000,37.725000
224,2543,2543,49ef942,627051,627377,645254,645354,17.877000,18.203000
224,2550,2550,49f6943,664051,664385,688707,688807,24.322000,24.656000
224,5375,5375,54ff940,673051,673377,740798,740898,67.421000,67.747000
224,6026,6026,578a940,847051,847377,862715,862815,15.338000,15.664000
224,2064,2064,4810940,873051,873377,931065,931165,57.688000,58.014000
224,7669,7669,5df5942,1047051,1047377,1063576,1063676,16.199000,16.525000
224,4254,4254,509e942,1020842,1021168,1068990,1069090,47.822000,48.148000
224,8258,8258,6042940,1056051,1056385,1074523,1074623,18.138000,18.472000
224,6371,6371,58e3942,1079051,1079385,1096898,1096998,17.513000,17.847000
224,10562,10562,6942942,1145051,1145385,1160140,1160240,14.755000,15.089000
224,5812,5812,56b4941,1156938,1157272,1165638,1165738,8.366000,8.700000
224,9233,9233,6411942,1114409,1114743,1181868,1181968,67.125000,67.459000
224,6587,6587,59bb943,1199051,1199377,1221681,1221781,22.304000,22.630000
224,7046,7046,5b86943,1271051,1271385,1301303,1301403,29.918000,30.252000
224,6972,6972,5b3c941,1326051,1326377,1343234,1343334,16.857000,17.183000
224,10980,10980,6ae4942,1332051,1332377,1347376,1347476,14.999000,15.325000
224,6961,6961,5b31941,1345051,1345377,1367790,1367890,22.413000,22.739000
224,9673,9673,65c9942,1364051,1364377,1383076,1383176,18.699000,19.025000
224,6571,6571,59ab940,1402051,1402385,1424898,1424998,22.513000,22.847000
224,6561,6561,59a1942,1360612,1360946,1430383,1430483,69.437000,69.771000
224,8322,8322,6082940,1491051,1491377,1538037,1538137,46.660000,46.986000
224,8912,8912,62d0940,1565051,1565377,1575448,1575548,10.071000,10.397000
224,6556,6556,599c941,1611051,1611377,1628575,1628675,17.198000,17.524000
224,7136,7136,5be0943,1807051,1807385,1814755,1814855,7.370000,7.704000
224,6437,6437,5925940,1826051,1826377,1838196,1838296,11.819000,12.145000
224,9328,9328,6470942,1839051,1839377,1859622,1859722,20.245000,20.571000
224,6998,6998,5b56940,1927051,1927385,1937487,1937587,10.102000,10.436000
224,9248,9248,6420940,1924051,1924377,1959281,1959381,34.904000,35.230000
224,8519,8519,6147940,2154051,2154377,2164385,2164485,10.008000,10.334000
224,10253,10253,680d943,2325051,2325377,2337162,2337262,11.785000,12.111000
225,345,345,4159940,56457,56783,86607,86707,29.824000,30.150000
225,384,384,4180940,93051,93385,119770,119870,26.385000,26.719000
225,152,152,4098943,97051,97377,125268,125368,27.891000,28.217000
225,2719,2719,4a9f943,177051,177377,190959,191059,13.582000,13.908000
225,986,986,43da943,296051,296377,318074,318174,21.697000,22.023000
225,1984,1984,47c0941,309051,309377,327846,327946,18.469000,18.795000
225,1071,1071,442f941,362409,362743,408551,408651,45.808000,46.142000
225,2789,2789,4ae5940,378051,378377,413973,414073,35.596000,35.922000
225,3689,3689,4e69941,383571,383897,419420,419520,35.523000,35.849000
225,2032,2032,47f0943,428051,428385,445169,445269,16.784000,17.118000
225,2166,2166,4876940,486051,486377,517158,517257,30.781000,31.107000
225,6119,6119,57e7943,521553,521886,556709,556809,34.823000,35.156000
225,4395,4395,512b942,547622,547948,577768,577868,29.820000,30.146000
225,2505,2505,49c9940,610498,610824,629988,630088,19.164000,19.490000
225,4867,4867,5303941,695051,695377,720165,720265,24.788000,25.114000
225,6064,6064,57b0941,759438,759764,766315,766415,6.551000,6.877000
225,10890,10890,6a8a942,819051,819385,833571,833671,14.186000,14.520000
225,7938,7938,5f02940,822067,822393,846455,846555,24.062000,24.388000
225,2665,2665,4a69943,842409,842743,894464,894564,51.721000,52.055000
225,4715,4715,526b940,933051,933377,943397,943497,10.020000,10.346000
225,6343,6343,58c7940,998051,998377,1024626,1024725,26.249000,26.575000
225,7009,7009,5b61942,1031051,1031385,1057498,1057598,26.113000,26.447000
225,8669,8669,61dd943,991096,991430,1062770,1062870,71.340000,71.674000
225,5546,5546,55aa943,965434,965760,1096061,1096161,130.301000,130.627000
225,6336,6336,58c0941,1160051,1160377,1175491,1175591,15.114000,15.440000
225,7910,7910,5ee6942,1286051,1286377,1315286,1315386,28.909000,29.235000
225,10777,10777,6a19943,1322051,1322377,1346451,1346551,24.074000,24.400000
225,5258,5258,548a940,1333051,1333377,1351936,1352036,18.559000,18.885000
225,10016,10016,6720943,1352051,1352385,1424080,1424180,71.695000,72.029000
225,10290,10290,6832943,1432051,1432385,1451498,1451598,19.113000,19.447000
225,8472,8472,6118940,1436051,1436377,1488021,1488121,51.644000,51.970000
225,6489,6489,5959943,1449051,1449377,1509817,1509917,60.440000,60.766000
225,8469,8469,6115940,1594051,1594377,1608870,1608970,14.493000,14.819000
225,8605,8605,619d943,1665051,1665385,1682182,1682282,16.797000,17.131000
225,9805,9805,664d940,2017051,2017377,2036158,2036258,18.781000,19.107000
225,9534,9534,653e943,2033410,2033736,2046341,2046441,12.605000,12.931000
226,1032,1032,4408943,155051,155385,174024,174124,18.639000,18.973000
226,1975,1975,47b7943,157051,157385,195894,195994,38.509000,38.843000
226,1854,1854,473e943,190051,190377,213071,213171,22.694000,23.020000
226,993,993,43e1943,227051,227385,251013,251113,23.628000,23.962000
226,1899,1899,476b941,262051,262377,275282,275382,12.905000,13.231000
226,1054,1054,441e943,262051,262377,287715,287815,25.338000,25.664000
226,1175,1175,4497942,296051,296377,311076,311176,14.699000,15.025000
226,2387,2387,4953942,355902,356228,382314,382414,26.086000,26.412000
226,2639,2639,4a4f943,361051,361377,398773,398873,37.396000,37.722000
226,2186,2186,488a940,453051,453377,495909,496009,42.532000,42.858000
226,4429,4429,514d942,575189,575515,599843,599943,24.328000,24.654000
226,4102,4102,5006940,624051,624385,638103,638203,13.718000,14.052000
226,4420,4420,5144943,620051,620377,643647,643747,23.270000,23.596000
226,4458,4458,516a941,613395,613721,655395,655495,41.674000,42.000000
226,8164,8164,5fe4942,685051,685385,691955,692055,6.570000,6.904000
226,2996,2996,4bb4943,689051,689377,709645,709745,20.268000,20.594000
226,4272,4272,50b0940,679739,680073,770453,770553,90.380000,90.714000
226,5433,5433,5539942,762051,762385,775921,776021,13.536000,13.870000
226,3501,3501,4dad941,777690,778024,807102,807202,29.078000,29.412000
226,2788,2788,4ae4942,790439,790765,825340,825440,34.575000,34.901000
226,5468,5468,555c943,835051,835377,882131,882231,46.754000,47.080000
226,4686,4686,524e941,894418,894752,923870,923970,29.118000,29.452000
226,5146,5146,541a943,846051,846377,951179,951279,104.802000,105.128000
226,4406,4406,5136942,810766,811092,962193,962293,151.101000,151.427000
226,4408,4408,5138942,940402,940736,967708,967808,26.972000,27.306000
226,5713,5713,5651941,1079051,1079385,1102750,1102850,23.365000,23.699000
226,10295,10295,6837943,1094051,1094385,1137100,1137200,42.715000,43.049000
226,6060,6060,57ac943,1174051,1174377,1189876,1189976,15.499000,15.825000
226,8028,8028,5f5c943,1189899,1190233,1202157,1202257,11.924000,12.258000
226,6752,6752,5a60940,1201051,1201377,1232919,1233019,31.542000,31.868000
226,5990,5990,5766941,1208051,1208385,1238452,1238552,30.067000,30.401000
226,10462,10462,68de943,1236051,1236377,1254753,1254853,18.376000,18.702000
226,6342,6342,58c6943,1248051,1248385,1263835,1263935,15.450000,15.784000
226,10284,10284,682c943,1289051,1289385,1333008,1333108,43.623000,43.957000
226,6857,6857,5ac9941,1360051,1360377,1374044,1374144,13.667000,13.993000
226,5290,5290,54aa941,1367051,1367385,1380917,1381017,13.532000,13.866000
226,6843,6843,5abb941,1379051,1379385,1394093,1394193,14.708000,15.042000
226,8045,8045,5f6d940,1386112,1386446,1399537,1399637,13.091000,13.425000
226,9897,9897,66a9942,1436453,1436779,1493182,1493282,56.403000,56.729000
226,8546,8546,6162941,1482395,1482729,1516641,1516741,33.912000,34.246000
226,9001,9001,6329943,1522051,1522377,1537877,1537977,15.500000,15.826000
226,7668,7668,5df4942,1525439,1525765,1565329,1565429,39.564000,39.890000
226,6693,6693,5a25940,1561051,1561385,1570767,1570867,9.382000,9.716000
226,7807,7807,5e7f943,1637051,1637385,1655360,1655460,17.975000,18.309000
226,10702,10702,69ce942,1739051,1739377,1779829,1779929,40.452000,40.778000
227,143,143,408f942,78051,78377,85800,85900,7.423000,7.749000
227,164,164,40a4943,94051,94377,110882,110982,16.505000,16.831000
227,1573,1573,4625941,137051,137377,162149,162249,24.772000,25.098000
227,767,767,42ff941,135395,135721,169644,169744,33.923000,34.249000
227,904,904,4388941,179051,179385,207921,208021,28.536000,28.870000
227,1458,1458,45b2941,224051,224377,237126,237226,12.749000,13.075000
227,1963,1963,47ab943,261051,261376,291979,292079,30.603000,30.928000
227,1818,1818,471a941,287051,287385,307309,307409,19.924000,20.258000
227,4303,4303,50cf940,366051,366385,372887,372987,6.502000,6.836000
227,4695,4695,5257940,406051,406377,452995,453095,46.618000,46.944000
227,2315,2315,490b940,448051,448377,474906,475006,26.529000,26.855000
227,4993,4993,5381942,528051,528385,533978,534078,5.593000,5.927000
227,4364,4364,510c940,622051,622385,642508,642608,20.123000,20.457000
227,2478,2478,49ae941,601328,601662,685470,685570,83.808000,84.142000
227,5208,5208,5458941,652051,652385,696474,696574,44.089000,44.423000
227,4365,4365,510d943,683979,684313,701986,702086,17.673000,18.007000
227,4599,4599,51f7940,725051,725377,760844,760944,35.467000,35.793000
227,4285,4285,50bd941,753051,753385,782677,782777,29.292000,29.626000
227,6125,6125,57ed942,881438,881764,907842,907942,26.078000,26.404000
227,4722,4722,5272943,904051,904377,924109,924209,19.732000,20.058000
227,7164,7164,5bfc940,919051,919385,928239,928339,8.854000,9.188000
227,7718,7718,5e26942,980213,980539,990201,990301,9.662000,9.988000
227,5145,5145,5419942,1078051,1078385,1101253,1101353,22.868000,23.202000
227,6958,6958,5b2e943,1125051,1125385,1151027,1151127,25.642000,25.976000
227,8034,8034,5f62943,1132051,1132377,1156552,1156652,24.175000,24.501000
227,6581,6581,59b5942,1137051,1137385,1162048,1162148,24.663000,24.997000
227,6277,6277,5885940,1389051,1389377,1410072,1410172,20.695000,21.021000
227,7586,7586,5da2941,1428051,1428377,1463700,1463800,35.323000,35.649000
227,8767,8767,623f941,1452051,1452385,1469108,1469208,16.723000,17.057000
227,8203,8203,600b943,1477051,1477377,1491898,1491998,14.521000,14.847000
227,8731,8731,621b943,1453051,1453377,1496092,1496192,42.715000,43.041000
227,10163,10163,67b3943,1456051,1456385,1517287,1517387,60.902000,61.236000
227,9118,9118,639e943,1498051,1498377,1528415,1528515,30.038000,30.364000
227,8812,8812,626c941,1685438,1685764,1691904,1692004,6.140000,6.466000
227,7964,7964,5f1c942,1712762,1713088,1722460,1722560,9.372000,9.698000
227,7193,7193,5c19941,1720051,1720385,1744664,1744764,24.279000,24.613000
227,8705,8705,6201943,1782051,1782377,1803711,1803811,21.334000,21.660000
227,8839,8839,6287942,1835425,1835759,1844985,1845085,9.226000,9.560000
227,7638,7638,5dd6940,1846051,1846377,1854638,1854738,8.261000,8.587000
227,9641,9641,65a9940,1829051,1829385,1860118,1860218,30.733000,31.067000
227,10376,10376,6888940,1930051,1930377,1948160,1948260,17.783000,18.109000
227,9530,9530,653a940,1953051,1953385,1976505,1976605,23.120000,23.454000
227,10039,10039,6737941,2050051,2050385,2064892,2064993,14.507000,14.841000
227,9697,9697,65e1943,2368051,2368377,2388223,2388323,19.846000,20.172000
228,392,392,4188943,66051,66377,77116,77216,10.739000,11.065000
228,165,165,40a5941,95051,95385,133155,133255,37.770000,38.104000
228,553,553,4229941,114051,114377,155703,155803,41.326000,41.652000
228,3264,3264,4cc0942,262312,262646,275532,275632,12.886000,13.220000
228,1192,1192,44a8943,303051,303377,361155,361255,57.778000,58.104000
228,2597,2597,4a25940,518050,518385,540745,540845,22.360000,22.695000
228,4786,4786,52b2942,543051,543377,559833,559933,16.456000,16.782000
228,3732,3732,4e94942,574051,574385,589790,589890,15.405000,15.739000
228,4829,4829,52dd943,601051,601385,622623,622723,21.238000,21.572000
228,3500,3500,4dac942,638051,638377,708181,708281,69.804000,70.130000
228,4255,4255,509f942,702051,702385,712318,712418,9.933000,10.267000
228,2831,2831,4b0f942,711051,711385,740897,740997,29.512000,29.846000
228,3823,3823,4eef943,725409,725743,755008,755108,29.265000,29.599000
228,8592,8592,6190943,797051,797385,807442,807542,10.057000,10.391000
228,4590,4590,51ee940,696157,696483,829306,829406,132.823000,133.149000
228,8446,8446,60fe940,889416,889750,921544,921644,31.794000,32.128000
228,6821,6821,5aa5940,910051,910385,974693,974793,64.308000,64.642000
228,3537,3537,4dd1943,1013051,1013377,1063193,1063293,49.816000,50.142000
228,8327,8327,6087943,1030302,1030637,1079573,1079673,48.936000,49.271000
228,6101,6101,57d5942,1022012,1022346,1085379,1085479,63.033000,63.367000
228,8648,8648,61c8943,1081051,1081377,1123740,1123840,42.363000,42.689000
228,10325,10325,6855941,1120410,1120736,1140154,1140254,19.418000,19.744000
228,9541,9541,6545942,1278051,1278385,1323651,1323751,45.266000,45.600000
228,8921,8921,62d9942,1313051,1313385,1332408,1332508,19.023000,19.357000
228,6390,6390,58f6942,1348051,1348377,1382718,1382818,34.341000,34.667000
228,9381,9381,64a5943,1405051,1405377,1430595,1430695,25.218000,25.544000
228,10166,10166,67b6940,1463877,1464203,1472505,1472605,8.302000,8.628000
228,6120,6120,57e8942,1465051,1465377,1488989,1489089,23.612000,23.938000
228,8497,8497,6131943,1489051,1489377,1496542,1496642,7.165000,7.491000
228,8660,8660,61d4943,1543051,1543377,1554150,1554250,10.773000,11.099000
228,5957,5957,5745943,1543051,1543385,1578226,1578326,34.841000,35.175000
228,7644,7644,5ddc940,1637051,1637385,1645606,1645706,8.221000,8.555000
228,8584,8584,6188940,1693051,1693377,1703498,1703598,10.121000,10.447000
228,8594,8594,6192940,1694051,1694385,1709008,1709108,14.623000,14.957000
228,8824,8824,6278943,1835510,1835844,1846962,1847062,11.118000,11.452000
228,10695,10695,69c7943,1959913,1960239,1980398,1980498,20.159000,20.485000
228,8272,8272,6050942,2068410,2068736,2074352,2074452,5.616000,5.942000
228,9562,9562,655a943,2085051,2085377,2098139,2098239,12.762000,13.088000
229,166,166,40a6943,23051,23385,34430,34530,11.045000,11.379000
229,627,627,4273941,131051,131385,155559,155659,24.174000,24.508000
229,1111,1111,4457941,233051,233385,244448,244548,11.063000,11.397000
229,1288,1288,4508942,249051,249377,277242,277342,27.865000,28.191000
229,1985,1985,47c1940,306051,306377,312010,312110,5.633000,5.959000
229,2571,2571,4a0b940,316509,316835,346852,346952,30.017000,30.343000
229,934,934,43a6940,334051,334385,357821,357921,23.436000,23.770000
229,2105,2105,4839942,338051,338385,363266,363366,24.881000,25.215000
229,3422,3422,4d5e940,335159,335485,380223,380323,44.738000,45.064000
229,1964,1964,47ac940,389051,389385,413343,413443,23.958000,24.292000
229,2730,2730,4aaa942,363051,363385,422376,422476,58.991000,59.325000
229,3521,3521,4dc1943,379051,379385,457892,457992,78.507000,78.841000
229,2247,2247,48c7942,493051,493377,535541,535641,42.164000,42.490000
229,2838,2838,4b16941,534051,534385,541037,541137,6.652000,6.986000
229,3306,3306,4cea940,538051,538385,561416,561516,23.031000,23.365000
229,3756,3756,4eac940,551051,551385,566912,567012,15.527000,15.861000
229,2439,2439,4987941,529051,529385,572362,572462,42.977000,43.311000
229,4147,4147,5033943,606051,606385,612929,613029,6.544000,6.878000
229,2813,2813,4afd941,608051,608385,626086,626186,17.701000,18.035000
229,5701,5701,5645943,631051,631377,641457,641557,10.080000,10.406000
229,4317,4317,50dd942,628051,628377,645686,645786,17.309000,17.635000
229,4069,4069,4fe5940,640051,640385,651231,651331,10.846000,11.180000
229,4653,4653,522d943,648051,648385,675827,675927,27.442000,27.776000
229,5094,5094,53e6943,660051,660377,686736,686836,26.359000,26.685000
229,5100,5100,53ec941,689051,689377,708694,708794,19.317000,19.643000
229,3968,3968,4f80943,674051,674377,754826,754926,80.449000,80.775000
229,1643,1643,466b942,730051,730385,769239,769339,38.854000,39.188000
229,5554,5554,55b2940,794051,794377,808351,808451,13.974000,14.300000
229,5481,5481,5569941,850694,851020,870041,870141,19.021000,19.347000
229,5228,5228,546c942,828409,828743,875596,875696,46.853000,47.187000
229,6375,6375,58e7941,1049051,1049385,1073670,1073770,24.285000,24.619000
229,8851,8851,6293940,1046051,1046377,1092053,1092153,45.676000,46.002000
229,7494,7494,5d46941,1117051,1117385,1134522,1134622,17.137000,17.471000
229,7900,7900,5edc943,1188051,1188385,1207779,1207879,19.394000,19.728000
229,6313,6313,58a9941,1185871,1186197,1213273,1213373,27.076000,27.402000
229,9843,9843,6673943,1213051,1213385,1246708,1246808,33.323000,33.657000
229,6700,6700,5a2c943,1237051,1237385,1274941,1275041,37.556000,37.890000
229,9915,9915,66bb940,1283881,1284215,1303440,1303540,19.225000,19.559000
229,6243,6243,5863942,1326051,1326385,1342620,1342720,16.235000,16.569000
229,6171,6171,581b943,1361051,1361377,1409722,1409822,48.345000,48.671000
229,9502,9502,651e941,1414051,1414385,1421783,1421883,7.398000,7.732000
229,8677,8677,61e5941,1451051,1451377,1467931,1468031,16.554000,16.880000
229,6569,6569,59a9943,1509425,1509759,1533530,1533630,23.771000,24.105000
229,10846,10846,6a5e941,1631410,1631736,1651741,1651841,20.005000,20.331000
229,8106,8106,5faa942,1677051,1677385,1697416,1697516,20.031000,20.365000
229,9210,9210,63fa940,1790051,1790385,1811515,1811615,21.130000,21.464000
229,9609,9609,6589941,1816051,1816385,1823747,1823847,7.362000,7.696000
229,9991,9991,6707942,1903410,1903736,1920186,1920286,16.450000,16.776000
229,10955,10955,6acb942,1939051,1939377,1959254,1959354,19.877000,20.203000
229,8858,8858,629a943,1965051,1965385,1974564,1974664,9.179000,9.513000
229,9822,9822,665e943,1971051,1971377,1991791,1991891,20.414000,20.740000
229,10125,10125,678d942,2148453,2148779,2161656,2161756,12.877000,13.203000
230,341,341,4155942,21051,21385,38977,39077,17.592000,17.926000
230,180,180,40b4941,31051,31385,45873,45973,14.488000,14.822000
230,115,115,4073943,35051,35385,51475,51575,16.090000,16.424000
230,698,698,42ba941,98051,98385,117989,118089,19.604000,19.938000
230,1161,1161,4489943,109051,109385,136999,137099,27.614000,27.948000
230,184,184,40b8941,193051,193377,204353,204453,10.976000,11.302000
230,2406,2406,4966941,185051,185385,217283,217383,31.898000,32.232000
230,222,222,40de941,211831,212165,239675,239775,27.510000,27.844000
230,1762,1762,46e2941,280051,280377,299109,299209,18.732000,19.058000
230,2341,2341,4925943,294051,294385,318298,318398,23.913000,24.247000
230,3480,3480,4d98940,387051,387385,420786,420886,33.401000,33.735000
230,2174,2174,487e941,461693,462019,481827,481927,19.808000,20.134000
230,2873,2873,4b39941,538051,538385,554355,554455,15.970000,16.304000
230,3304,3304,4ce8940,588051,588377,603838,603938,15.461000,15.787000
230,3316,3316,4cf4941,615051,615377,625986,626086,10.609000,10.935000
230,4057,4057,4fd9943,638438,638764,651630,651730,12.866000,13.192000
230,4441,4441,5159941,664051,664377,753993,754093,89.616000,89.942000
230,4471,4471,5177941,673395,673729,764782,764882,91.053000,91.387000
230,6078,6078,57be943,859051,859377,864584,864684,5.207000,5.533000
230,3833,3833,4ef9942,832051,832377,868937,869037,36.560000,36.886000
230,8534,8534,6156940,900051,900377,964744,964844,64.367000,64.693000
230,6656,6656,5a00941,1064051,1064385,1070008,1070108,5.623000,5.957000
230,8419,8419,60e3943,1030051,1030385,1074207,1074307,43.822000,44.156000
230,6555,6555,599b942,1056051,1056385,1113532,1113632,57.147000,57.481000
230,8628,8628,61b4942,1181431,1181757,1219223,1219323,37.466000,37.792000
230,4780,4780,52ac941,1202416,1202750,1224547,1224647,21.797000,22.131000
230,7338,7338,5caa943,1297051,1297385,1308865,1308965,11.480000,11.814000
230,8198,8198,6006943,1314051,1314385,1332777,1332877,18.392000,18.726000
230,9204,9204,63f4942,1349051,1349377,1361241,1361341,11.864000,12.190000
230,7899,7899,5edb943,1175638,1175972,1380023,1380123,204.051000,204.385000
230,7980,7980,5f2c940,1369731,1370057,1396281,1396381,26.224000,26.550000
230,6173,6173,581d941,1481051,1481385,1502064,1502164,20.679000,21.013000
230,9667,9667,65c3941,1505051,1505377,1531122,1531222,25.745000,26.071000
230,6036,6036,5794940,1542292,1542626,1569067,1569167,26.441000,26.775000
230,8624,8624,61b0942,1859051,1859385,1875786,1875886,16.401000,16.735000
230,10162,10162,67b2940,1966051,1966377,1987116,1987216,20.739000,21.065000
230,10800,10800,6a30940,2174051,2174385,2194459,2194559,20.074000,20.408000
230,10998,10998,6af6943,2563051,2563385,2573422,2573522,10.037000,10.371000
230,10969,10969,6ad9941,2564051,2564385,2578954,2579054,14.569000,14.903000
231,175,175,40af940,73051,73385,82519,82619,9.134000,9.468000
231,501,501,41f5941,91051,91385,112076,112176,20.691000,21.025000
231,1066,1066,442a943,146051,146385,169225,169325,22.840000,23.174000
231,1145,1145,4479941,175051,175385,208514,208614,33.129000,33.463000
231,1221,1221,44c5941,209051,209385,227582,227682,18.197000,18.531000
231,3238,3238,4ca6942,376051,376377,381098,381198,4.721000,5.047000
231,2513,2513,49d1943,406051,406385,445185,445285,38.800000,39.134000
231,3802,3802,4eda942,593051,593377,613921,614021,20.544000,20.870000
231,4796,4796,52bc942,624051,624377,629910,630010,5.533000,5.859000
231,5881,5881,56f9943,602051,602385,634096,634196,31.711000,32.045000
231,3375,3375,4d2f940,656051,656377,663756,663856,7.379000,7.705000
231,5213,5213,545d941,727051,727377,736740,736840,9.363000,9.689000
231,4954,4954,535a940,720157,720483,761534,761634,41.051000,41.377000
231,6000,6000,5770942,807051,807377,821896,821996,14.519000,14.845000
231,5846,5846,56d6940,801051,801385,827446,827546,26.061000,26.395000
231,5438,5438,553e941,816419,816753,831662,831762,14.909000,15.243000
231,4925,4925,533d942,806051,806385,860542,860642,54.157000,54.491000
231,6020,6020,5784942,852051,852385,879436,879536,27.051000,27.385000
231,5377,5377,5501943,871051,871377,887757,887857,16.380000,16.706000
231,5661,5661,561d940,849051,849385,914787,914887,65.402000,65.736000
231,4196,4196,5064941,901051,901377,951708,951808,50.331000,50.657000
231,3551,3551,4ddf940,916051,916385,968098,968198,51.713000,52.047000
231,4199,4199,5067941,957174,957508,1044658,1044759,87.150000,87.484000
231,7059,7059,5b93941,1031051,1031377,1066634,1066734,35.257000,35.583000
231,8070,8070,5f86940,1054152,1054478,1072447,1072547,17.969000,18.295000
231,7714,7714,5e22941,1024027,1024360,1077692,1077792,53.332000,53.665000
231,3519,3519,4dbf942,1048051,1048377,1105292,1105392,56.915000,57.241000
231,5335,5335,54d7942,1001051,1001377,1143024,1143124,141.647000,141.973000
231,6824,6824,5aa8942,1135051,1135385,1149290,1149390,13.905000,14.239000
231,7502,7502,5d4e940,1137051,1137377,1154731,1154831,17.354000,17.680000
231,10534,10534,6926943,1196051,1196377,1207382,1207482,11.005000,11.331000
231,7113,7113,5bc9941,1289051,1289377,1309242,1309342,19.865000,20.191000
231,9235,9235,6413943,1316051,1316385,1342200,1342300,25.815000,26.149000
231,10058,10058,674a941,1367439,1367765,1413391,1413491,45.626000,45.952000
231,5758,5758,567e940,1430051,1430385,1449363,1449463,18.978000,19.312000
231,8301,8301,606d940,1480051,1480385,1493372,1493472,12.987000,13.321000
231,8108,8108,5fac940,1488051,1488377,1504402,1504502,16.025000,16.351000
231,10403,10403,68a3941,1520051,1520377,1526876,1526976,6.499000,6.825000
231,8367,8367,60af943,1538051,1538377,1557164,1557264,18.787000,19.113000
231,9800,9800,6648942,1558051,1558377,1572873,1572973,14.496000,14.822000
231,10342,10342,6866941,1566051,1566385,1577076,1577176,10.691000,11.025000
231,10660,10660,69a4941,1621051,1621385,1633160,1633260,11.775000,12.109000
231,8208,8208,6010940,1651418,1651752,1671019,1671119,19.267000,19.601000
231,8918,8918,62d6942,1754051,1754377,1775599,1775699,21.222000,21.548000
231,10267,10267,681b940,1892051,1892377,1905102,1905202,12.725000,13.051000
232,195,195,40c3943,46051,46385,54691,54791,8.306000,8.640000
232,430,430,41ae941,98051,98385,113612,113712,15.227000,15.561000
232,16,16,4010942,98051,98385,141088,141188,42.703000,43.037000
232,932,932,43a4941,138223,138557,151960,152060,13.403000,13.737000
232,1337,1337,4539940,183051,183377,201597,201697,18.220000,18.546000
232,1185,1185,44a1941,206460,206794,214112,214212,7.318000,7.652000
232,485,485,41e5943,238051,238377,257525,257626,19.148000,19.474000
232,1921,1921,4781943,299051,299385,326415,326515,27.030000,27.364000
232,2179,2179,4883942,333453,333779,370362,370462,36.583000,36.909000
232,3658,3658,4e4a941,356051,356377,381157,381257,24.780000,25.106000
232,867,867,4363943,368663,368997,403226,403326,34.229000,34.563000
232,4512,4512,51a0940,417051,417377,428241,428341,10.864000,11.190000
232,878,878,436e943,431409,431743,449408,449508,17.665000,17.999000
232,2844,2844,4b1c943,494359,494685,511029,511129,16.344000,16.670000
232,2266,2266,48da942,500051,500377,526135,526235,25.758000,26.084000
232,3767,3767,4eb7940,578051,578377,596007,596107,17.630000,17.956000
232,1945,1945,4799943,641051,641385,657026,657126,15.641000,15.975000
232,5238,5238,5476941,666402,666736,689492,689592,22.756000,23.090000
232,2912,2912,4b60941,687606,687932,694561,694661,6.629000,6.955000
232,3159,3159,4c57941,694051,694377,701711,701811,7.334000,7.660000
232,6443,6443,592b942,774998,775332,800005,800105,24.673000,25.007000
232,4828,4828,52dc941,769051,769385,805492,805592,36.107000,36.441000
232,2902,2902,4b56940,843051,843385,856723,856823,13.338000,13.672000
232,6276,6276,5884942,860051,860385,870379,870479,9.994000,10.328000
232,5381,5381,5505941,863446,863780,885646,885746,21.866000,22.200000
232,3068,3068,4bfc941,880051,880385,896644,896744,16.259000,16.593000
232,5963,5963,574b942,867051,867377,907695,907795,40.318000,40.644000
232,5347,5347,54e3941,927051,927377,940026,940126,12.649000,12.975000
232,5632,5632,5600942,899051,899385,968712,968812,69.327000,69.661000
232,6732,6732,5a4c943,899276,899602,979523,979623,79.921000,80.247000
232,7772,7772,5e5c942,992669,993003,1006034,1006134,13.031000,13.365000
232,5819,5819,56bb942,994051,994385,1011508,1011608,17.123000,17.457000
232,3926,3926,4f56940,975051,975385,1017003,1017103,41.618000,41.952000
232,6339,6339,58c3942,999416,999742,1022477,1022577,22.735000,23.061000
232,4202,4202,506a941,863051,863377,1065958,1066058,202.581000,202.907000
232,7553,7553,5d81940,1144051,1144385,1156329,1156429,11.944000,12.278000
232,6001,6001,5771941,1177051,1177385,1202497,1202597,25.112000,25.446000
232,4119,4119,5017943,1197224,1197558,1213466,1213566,15.908000,16.242000
232,8681,8681,61e9941,1300051,1300385,1308427,1308527,8.042000,8.376000
232,6948,6948,5b24941,1411051,1411377,1417853,1417953,6.476000,6.802000
232,6522,6522,597a940,1399051,1399377,1422058,1422158,22.681000,23.007000
232,6465,6465,5941942,1551051,1551385,1562351,1562451,10.966000,11.300000
232,9971,9971,66f3940,1722051,1722377,1738336,1738436,15.959000,16.285000
232,9052,9052,635c943,1731051,1731385,1743719,1743819,12.334000,12.668000
232,9689,9689,65d9942,1724051,1724385,1749205,1749305,24.820000,25.154000
232,9891,9891,66a3940,1780051,1780385,1794040,1794140,13.655000,13.989000
232,10371,10371,6883941,1822051,1822377,1840981,1841081,18.604000,18.930000
232,7919,7919,5eef943,1878470,1878804,1904637,1904737,25.833000,26.167000
232,9858,9858,6682943,1919051,1919377,1946035,1946135,26.658000,26.984000
232,10432,10432,68c0940,1956051,1956385,1972751,1972851,16.366000,16.700000
232,10794,10794,6a2a943,1976051,1976377,1992825,1992925,16.448000,16.774000
232,10864,10864,6a70941,2114051,2114377,2134377,2134477,20.000000,20.326000
232,10236,10236,67fc940,2414051,2414377,2430791,2430891,16.414000,16.740000
232,9842,9842,6672940,2728051,2728377,2748247,2748347,19.870000,20.196000
233,232,232,40e8940,41416,41742,86215,86315,44.473000,44.799000
233,163,163,40a3941,70051,70385,108089,108189,37.704000,38.038000
233,618,618,426a941,120051,120385,141776,141876,21.391000,21.725000
233,1680,1680,4690940,261051,261376,266957,267057,5.581000,5.906000
233,2355,2355,4933943,235051,235377,278920,279020,43.543000,43.869000
233,1279,1279,44ff942,196051,196385,291589,291689,95.204000,95.538000
233,2123,2123,484b940,333517,333851,417296,417396,83.445000,83.779000
233,2485,2485,49b5942,399051,399385,422826,422926,23.441000,23.775000
233,1740,1740,46cc941,396051,396377,432085,432185,35.708000,36.034000
233,4919,4919,5337941,437585,437919,469819,469919,31.900000,32.234000
233,3110,3110,4c26943,464051,464385,498745,498845,34.360000,34.694000
233,1591,1591,4637942,483051,483377,561179,561279,77.802000,78.128000
233,9704,9704,65e8942,755051,755377,767020,767120,11.643000,11.969000
233,5044,5044,53b4940,829051,829377,878457,878557,49.080000,49.406000
233,6072,6072,57b8943,859051,859385,883957,884057,24.572000,24.906000
233,3000,3000,4bb8943,851051,851377,889478,889578,38.101000,38.427000
233,3638,3638,4e36942,903051,903385,911643,911743,8.258000,8.592000
233,4052,4052,4fd4940,978051,978377,1007936,1008036,29.559000,29.885000
233,6178,6178,5822940,1044051,1044385,1057720,1057820,13.335000,13.669000
233,5884,5884,56fc941,1098344,1098670,1108786,1108886,10.116000,10.442000
233,3740,3740,4e9c942,1123051,1123377,1133384,1133484,10.007000,10.333000
233,7762,7762,5e52942,1117312,1117646,1172416,1172516,54.770000,55.104000
233,5275,5275,549b942,1161051,1161377,1178607,1178707,17.230000,17.556000
233,7053,7053,5b8d943,1171051,1171385,1194896,1194996,23.511000,23.845000
233,8959,8959,62ff942,1122051,1122385,1200481,1200581,78.096000,78.430000
233,7650,7650,5de2943,1221051,1221377,1239821,1239921,18.444000,18.770000
233,5092,5092,53e4943,1232051,1232385,1250593,1250693,18.208000,18.542000
233,4556,4556,51cc943,1245416,1245750,1266962,1267062,21.212000,21.546000
233,9716,9716,65f4943,1261051,1261385,1283453,1283553,22.068000,22.402000
233,9554,9554,6552942,1271051,1271377,1294435,1294535,23.058000,23.384000
233,10171,10171,67bb943,1281570,1281904,1308282,1308382,26.378000,26.712000
233,7937,7937,5f01943,1341051,1341377,1356309,1356409,14.932000,15.258000
233,9484,9484,650c943,1364051,1364377,1400827,1400927,36.450000,36.776000
233,7216,7216,5c30941,1455051,1455377,1461966,1462066,6.589000,6.915000
233,8794,8794,625a940,1490051,1490385,1511805,1511905,21.420000,21.754000
233,10705,10705,69d1940,1509051,1509377,1528104,1528204,18.727000,19.053000
233,8246,8246,6036940,1540051,1540385,1560701,1560801,20.316000,20.650000
233,6986,6986,5b4a943,1539051,1539377,1571664,1571764,32.287000,32.613000
233,7040,7040,5b80942,1618051,1618377,1625801,1625901,7.424000,7.750000
233,10704,10704,69d0943,1660051,1660377,1666857,1666957,6.480000,6.806000
233,10273,10273,6821941,1651051,1651385,1671056,1671156,19.671000,20.005000
233,10821,10821,6a45943,1676402,1676736,1704740,1704840,28.004000,28.338000
233,10136,10136,6798943,1681051,1681385,1710294,1710394,28.909000,29.243000
233,10782,10782,6a1e941,1732051,1732385,1740649,1740749,8.264000,8.598000
233,9802,9802,664a941,1823051,1823385,1842983,1843083,19.598000,19.932000
233,9691,9691,65db942,1843051,1843385,1860481,1860581,17.096000,17.430000
233,9109,9109,6395942,1929051,1929385,1934154,1934254,4.769000,5.103000
233,8905,8905,62c9941,2590051,2590385,2613708,2613808,23.323000,23.657000
234,339,339,4153940,23051,23385,29875,29975,6.490000,6.824000
234,199,199,40c7943,20051,20385,35242,35342,14.857000,15.191000
234,284,284,411c940,28051,28385,39441,39541,11.056000,11.390000
234,919,919,4397940,25416,25742,44787,44887,19.045000,19.371000
234,18,18,4012941,113051,113377,131345,131445,17.968000,18.294000
234,674,674,42a2941,69051,69377,136772,136872,67.395000,67.721000
234,678,678,42a6943,171051,171377,188351,188451,16.974000,17.300000
234,657,657,4291941,160479,160813,199207,199307,38.394000,38.728000
234,204,204,40cc941,206410,206736,218790,218890,12.054000,12.380000
234,472,472,41d8942,220051,220385,241604,241704,21.219000,21.553000
234,1954,1954,47a2942,296051,296385,308205,308305,11.820000,12.154000
234,2272,2272,48e0940,344782,345108,368344,368444,23.236000,23.562000
234,1286,1286,4506942,232351,232677,377140,377240,144.463000,144.789000
234,1271,1271,44f7941,383051,383385,404926,405026,21.541000,21.875000
234,2343,2343,4927943,408462,408788,447319,447419,38.531000,38.857000
234,3818,3818,4eea943,415424,415750,452972,453072,37.222000,37.548000
234,2349,2349,492d941,444051,444385,466334,466434,21.949000,22.283000
234,2681,2681,4a79943,496051,496385,508289,508389,11.904000,12.238000
234,3052,3052,4bec942,587051,587385,601054,601154,13.669000,14.003000
234,2810,2810,4afa940,660051,660377,685774,685874,25.397000,25.723000
234,5023,5023,539f943,689051,689385,716395,716495,27.010000,27.344000
234,6453,6453,5935940,726051,726385,737464,737564,11.079000,11.413000
234,4681,4681,5249942,751783,752109,789611,789711,37.502000,37.828000
234,4714,4714,526a942,757148,757482,795597,795697,38.115000,38.449000
234,3536,3536,4dd0943,802051,802385,819758,819858,17.373000,17.707000
234,5671,5671,5627942,825051,825385,837338,837438,11.953000,12.287000
234,3255,3255,4cb7941,836051,836377,851330,851430,14.953000,15.279000
234,4879,4879,530f941,834051,834385,855713,855813,21.328000,21.662000
234,8575,8575,617f942,845051,845385,861251,861351,15.866000,16.200000
234,7934,7934,5efe943,939051,939385,967815,967915,28.430000,28.764000
234,5776,5776,5690941,934051,934377,978688,978788,44.311000,44.637000
234,3625,3625,4e29940,1024764,1025099,1056711,1056811,31.612000,31.947000
234,3187,3187,4c73940,971051,971377,1062150,1062250,90.773000,91.099000
234,4696,4696,5258943,1051457,1051791,1073223,1073323,21.432000,21.766000
234,4962,4962,5362942,1110630,1110956,1120410,1120510,9.454000,9.780000
234,6003,6003,5773940,1145051,1145377,1160861,1160961,15.484000,15.810000
234,8544,8544,6160941,1232051,1232377,1263252,1263352,30.875000,31.201000
234,7591,7591,5da7941,1332051,1332377,1337993,1338093,5.616000,5.942000
234,6215,6215,5847940,1323051,1323385,1348897,1348997,25.512000,25.846000
234,10234,10234,67fa940,1311051,1311385,1354318,1354418,42.933000,43.267000
234,6975,6975,5b3f940,1385051,1385377,1401527,1401627,16.150000,16.476000
234,8507,8507,613b942,1441051,1441385,1460034,1460134,18.649000,18.983000
234,6883,6883,5ae3941,1459051,1459377,1469490,1469590,10.113000,10.439000
234,10443,10443,68cb942,1440051,1440385,1481889,1481989,41.504000,41.838000
234,9633,9633,65a1942,1445098,1445432,1487410,1487510,41.978000,42.312000
234,9998,9998,670e943,1491051,1491385,1514645,1514745,23.260000,23.594000
234,10452,10452,68d4941,1495051,1495385,1528591,1528691,33.206000,33.540000
234,10797,10797,6a2d942,1593123,1593457,1619726,1619826,26.269000,26.603000
234,7306,7306,5c8a942,1750634,1750960,1768029,1768129,17.069000,17.395000
234,9077,9077,6375943,1926051,1926385,1937260,1937360,10.875000,11.209000
234,6395,6395,58fb941,1978051,1978385,1990217,1990317,11.832000,12.166000
234,10302,10302,683e942,2008051,2008385,2030047,2030147,21.662000,21.996000
234,9138,9138,63b2941,2027051,2027377,2040952,2041052,13.575000,13.901000
234,9556,9556,6554940,2104051,2104377,2117540,2117640,13.163000,13.489000
234,10553,10553,6939940,2213051,2213385,2230580,2230680,17.195000,17.529000
235,328,328,4148940,20051,20385,32257,32358,11.872000,12.206000
235,693,693,42b5942,34051,34385,50596,50696,16.211000,16.545000
235,75,75,404b943,60051,60385,65124,65225,4.739000,5.073000
235,915,915,4393940,147051,147385,167297,167397,19.912000,20.246000
235,168,168,40a8943,158051,158385,171495,171595,13.110000,13.444000
235,559,559,422f941,206051,206377,227549,227649,21.172000,21.498000
235,1080,1080,4438941,218051,218385,232944,233044,14.559000,14.893000
235,540,540,421c942,180051,180377,255004,255104,74.627000,74.953000
235,1910,1910,4776942,252051,252377,279879,279979,27.502000,27.828000
235,1188,1188,44a4941,253051,253377,322470,322570,69.093000,69.419000
235,2974,2974,4b9e941,313395,313721,337395,337495,23.674000,24.000000
235,2418,2418,4972942,443051,443377,451903,452003,8.526000,8.852000
235,5723,5723,565b941,448421,448747,498394,498494,49.647000,49.973000
235,1242,1242,44da942,423051,423377,503901,504001,80.524000,80.850000
235,2979,2979,4ba3943,565051,565377,581468,581568,16.091000,16.417000
235,3062,3062,4bf6943,585051,585385,592720,592820,7.335000,7.669000
235,3446,3446,4d76941,529051,529377,596907,597007,67.530000,67.856000
235,3958,3958,4f76942,575277,575611,602274,602374,26.663000,26.997000
235,3746,3746,4ea2943,582226,582560,610292,610392,27.732000,28.066000
235,3986,3986,4f92943,627437,627771,648554,648654,20.783000,21.117000
235,4267,4267,50ab942,654749,655083,687987,688087,32.904000,33.238000
235,3262,3262,4cbe941,740051,740377,760028,760128,19.651000,19.977000
235,2686,2686,4a7e940,741051,741385,779583,779683,38.198000,38.532000
235,6426,6426,591a942,806168,806494,826504,826604,20.010000,20.336000
235,3607,3607,4e17943,839453,839779,875759,875859,35.980000,36.306000
235,6490,6490,595a943,877051,877385,883010,883110,5.625000,5.959000
235,4030,4030,4fbe941,867051,867385,895435,895535,28.050000,28.384000
235,6733,6733,5a4d941,868740,869066,900802,900902,31.736000,32.062000
235,2952,2952,4b88942,889051,889385,917406,917506,28.021000,28.355000
235,6637,6637,59ed942,893051,893385,944642,944742,51.257000,51.591000
235,7397,7397,5ce5940,884051,884377,955534,955634,71.157000,71.483000
235,5872,5872,56f0941,934051,934385,977756,977856,43.371000,43.705000
235,8383,8383,60bf940,953051,953377,982727,982827,29.350000,29.676000
235,5427,5427,5533940,943051,943377,999235,999335,55.858000,56.184000
235,5410,5410,5522942,994051,994385,1008773,1008873,14.388000,14.722000
235,10523,10523,691b943,1020051,1020385,1054030,1054130,33.645000,33.979000
235,5861,5861,56e5941,1114051,1114385,1124975,1125075,10.590000,10.924000
235,7597,7597,5dad941,1179051,1179385,1191728,1191828,12.343000,12.677000
235,8693,8693,61f5942,1186881,1187215,1214664,1214764,27.449000,27.783000
235,7489,7489,5d41941,1234051,1234377,1253163,1253263,18.786000,19.112000
235,6714,6714,5a3a941,1360051,1360385,1368683,1368783,8.298000,8.632000
235,4869,4869,5305943,1313770,1314096,1375893,1375993,61.797000,62.123000
235,9629,9629,659d942,1405051,1405377,1412779,1412879,7.402000,7.728000
235,7427,7427,5d03940,1450051,1450385,1464166,1464266,13.781000,14.115000
235,9436,9436,64dc941,1475051,1475385,1490769,1490869,15.384000,15.718000
235,7946,7946,5f0a941,1464051,1464385,1501821,1501921,37.436000,37.770000
235,10089,10089,6769941,1621051,1621385,1644975,1645075,23.590000,23.924000
235,9407,9407,64bf941,1640051,1640377,1660367,1660467,19.990000,20.316000
235,8974,8974,630e940,1656783,1657109,1685411,1685511,28.302000,28.628000
235,10635,10635,698b942,1674051,1674385,1691977,1692077,17.592000,17.926000
235,10988,10988,6aec942,1736051,1736385,1779811,1779911,43.426000,43.760000
235,10812,10812,6a3c940,1907438,1907764,1923832,1923932,16.068000,16.394000
235,8199,8199,6007941,1994051,1994385,2013286,2013386,18.901000,19.235000
235,9403,9403,64bb940,2008051,2008377,2027404,2027504,19.027000,19.353000
235,9994,9994,670a940,2074051,2074377,2085464,2085564,11.087000,11.413000
235,9923,9923,66c3940,2127051,2127377,2132161,2132261,4.784000,5.110000
236,639,639,427f940,38416,38742,53397,53497,14.655000,14.981000
236,295,295,4127941,117051,117385,131855,131955,14.470000,14.804000
236,587,587,424b940,105051,105377,138869,138969,33.492000,33.818000
236,2238,2238,48be940,100290,100624,144403,144503,43.779000,44.113000
236,1249,1249,44e1942,120061,120387,148546,148646,28.159000,28.485000
236,3081,3081,4c09940,266051,266377,285468,285568,19.091000,19.417000
236,3979,3979,4f8b941,291051,291385,395234,395334,103.849000,104.183000
236,1236,1236,44d4940,356051,356377,408749,408849,52.372000,52.698000
236,3431,3431,4d67943,434416,434750,470492,470592,35.742000,36.076000
236,2594,2594,4a22943,458725,459059,481446,481546,22.387000,22.721000
236,3454,3454,4d7e943,507051,507377,518336,518435,10.959000,11.285000
236,6896,6896,5af0942,498051,498385,523680,523781,25.295000,25.629000
236,4112,4112,5010942,530051,530385,549976,550076,19.591000,19.925000
236,3103,3103,4c1f942,533452,533786,554204,554304,20.418000,20.752000
236,6725,6725,5a45943,659051,659385,674759,674859,15.374000,15.708000
236,5830,5830,56c6940,698051,698385,707816,707916,9.431000,9.765000
236,7312,7312,5c90943,726051,726385,735545,735645,9.160000,9.494000
236,4287,4287,50bf940,751051,751385,766665,766765,15.280000,15.614000
236,5400,5400,5518941,750051,750385,778053,778153,27.668000,28.002000
236,4521,4521,51a9941,746051,746385,783558,783658,37.173000,37.507000
236,3563,3563,4deb943,789051,789377,808907,809007,19.530000,19.856000
236,6576,6576,59b0941,851051,851377,857019,857119,5.642000,5.968000
236,4487,4487,5187943,870051,870385,883083,883183,12.698000,13.032000
236,6904,6904,5af8941,874172,874506,900068,900168,25.562000,25.896000
236,6071,6071,57b7940,930446,930780,997017,997117,66.237000,66.571000
236,6764,6764,5a6c941,1029051,1029377,1054117,1054217,24.740000,25.066000
236,9165,9165,63cd942,1044051,1044385,1059765,1059865,15.380000,15.714000
236,8784,8784,6250943,1236051,1236377,1249055,1249155,12.678000,13.004000
236,10380,10380,688c940,1309633,1309967,1318085,1318185,8.118000,8.452000
236,10310,10310,6846943,1288547,1288873,1322526,1322626,33.653000,33.979000
236,6105,6105,57d9942,1310051,1310377,1335714,1335814,25.337000,25.663000
236,7821,7821,5e8d940,1306051,1306377,1341176,1341276,34.799000,35.125000
236,9262,9262,642e942,1345051,1345385,1379745,1379845,34.360000,34.694000
236,9950,9950,66de940,1401051,1401377,1437335,1437435,35.958000,36.284000
236,10747,10747,69fb941,1437625,1437951,1451751,1451851,13.800000,14.126000
236,8306,8306,6072943,1450051,1450377,1457710,1457810,7.333000,7.659000
236,9732,9732,6604942,1633051,1633377,1649451,1649551,16.074000,16.400000
236,10684,10684,69bc943,1656051,1656377,1672552,1672652,16.175000,16.501000
236,6168,6168,5818943,1662051,1662385,1685498,1685598,23.113000,23.447000
236,8983,8983,6317941,1652051,1652385,1690927,1691027,38.542000,38.876000
236,9241,9241,6419943,1697051,1697385,1718830,1718930,21.445000,21.779000
236,9104,9104,6390943,1797051,1797377,1810549,1810649,13.172000,13.498000
236,8031,8031,5f5f942,1911416,1911750,1921960,1922060,10.210000,10.544000
236,9577,9577,6569941,1925051,1925377,1935469,1935569,10.092000,10.418000
236,9605,9605,6585940,1920051,1920385,1940937,1941037,20.552000,20.886000
236,9115,9115,639b942,1994796,1995122,2010089,2010189,14.967000,15.293000
236,10872,10872,6a78940,1974051,1974385,2015623,2015723,41.238000,41.572000
236,9880,9880,6698940,2176051,2176377,2189995,2190095,13.618000,13.944000
236,9280,9280,6440941,2386051,2386385,2392972,2393072,6.587000,6.921000
237,320,320,4140941,48051,48385,64644,64743,16.259000,16.593000
237,205,205,40cd941,96051,96377,105590,105690,9.213000,9.539000
237,435,435,41b3940,95051,95377,128349,128450,32.972000,33.298000
237,732,732,42dc940,122051,122385,141946,142046,19.561000,19.895000
237,306,306,4132942,111051,111377,147549,147649,36.172000,36.498000
237,264,264,4108943,148051,148377,163753,163853,15.376000,15.702000
237,1887,1887,475f943,224051,224385,230906,231006,6.521000,6.855000
237,1243,1243,44db942,220051,220385,252056,252156,31.671000,32.005000
237,2610,2610,4a32943,282051,282385,288890,288990,6.505000,6.839000
237,2637,2637,4a4d943,332377,332711,350095,350195,17.384000,17.718000
237,3399,3399,4d47941,369051,369385,378607,378707,9.222000,9.556000
237,1642,1642,466a941,357051,357385,403723,403823,46.338000,46.672000
237,3157,3157,4c55943,373127,373461,414716,414816,41.255000,41.589000
237,1977,1977,47b9940,433051,433377,450017,450117,16.640000,16.966000
237,4781,4781,52ad942,420051,420385,466468,466568,46.083000,46.417000
237,3624,3624,4e28941,381438,381764,482934,483034,101.170000,101.496000
237,2501,2501,49c5942,480051,480377,508107,508207,27.730000,28.056000
237,2006,2006,47d6943,509051,509385,535690,535790,26.305000,26.639000
237,3292,3292,4cdc940,506051,506385,580100,580200,73.715000,74.049000
237,3183,3183,4c6f941,549051,549385,593065,593165,43.680000,44.014000
237,3807,3807,4edf941,553195,553521,634015,634115,80.494000,80.820000
237,4294,4294,50c6943,620051,620385,650430,650530,30.045000,30.379000
237,3960,3960,4f78942,720051,720385,725131,725231,4.746000,5.080000
237,4388,4388,5124942,758051,758377,781819,781919,23.442000,23.768000
237,9168,9168,63d0943,810051,810377,827956,828056,17.579000,17.905000
237,7600,7600,5db0943,853051,853385,859875,859975,6.490000,6.824000
237,9883,9883,669b943,842727,843061,870795,870895,27.734000,28.068000
237,5562,5562,55ba941,860051,860385,898052,898152,37.667000,38.001000
237,5681,5681,5631943,968051,968377,985551,985651,17.174000,17.500000
237,6429,6429,591d941,1030051,1030385,1055209,1055309,24.824000,25.158000
237,4625,4625,5211940,1084051,1084385,1104616,1104716,20.231000,20.565000
237,7198,7198,5c1e941,1097051,1097385,1108801,1108901,11.416000,11.750000
237,9040,9040,6350941,1133051,1133385,1151891,1151991,18.506000,18.840000
237,4806,4806,52c6940,1130051,1130377,1157365,1157465,26.988000,27.314000
237,5218,5218,5462940,1152051,1152377,1187013,1187113,34.636000,34.962000
237,5118,5118,53fe942,1179051,1179385,1192494,1192594,13.109000,13.443000
237,10054,10054,6746943,1201051,1201385,1214282,1214382,12.897000,13.231000
237,6355,6355,58d3940,1177051,1177377,1230705,1230805,53.328000,53.654000
237,6046,6046,579e943,1206051,1206377,1236219,1236319,29.842000,30.168000
237,9693,9693,65dd941,1260555,1260881,1281848,1281948,20.967000,21.293000
237,6482,6482,5952942,1275051,1275385,1287367,1287467,11.982000,12.316000
237,10776,10776,6a18941,1462051,1462385,1474140,1474240,11.755000,12.089000
237,8732,8732,621c942,1467051,1467385,1482994,1483094,15.609000,15.943000
237,10099,10099,6773942,1570051,1570385,1576040,1576140,5.655000,5.989000
237,9007,9007,632f940,1563051,1563385,1581436,1581536,18.051000,18.385000
237,7542,7542,5d76942,1619301,1619627,1630575,1630675,10.948000,11.274000
237,8160,8160,5fe0943,1659051,1659377,1679395,1679495,20.018000,20.344000
237,8137,8137,5fc9941,1705425,1705759,1721301,1721401,15.542000,15.876000
237,7660,7660,5dec940,1739051,1739377,1755597,1755697,16.220000,16.546000
237,9553,9553,6551940,1774051,1774377,1791627,1791727,17.250000,17.576000
237,6616,6616,59d8940,2065051,2065377,2080821,2080921,15.444000,15.770000
237,10932,10932,6ab4940,2117051,2117377,2144343,2144443,26.966000,27.292000
238,343,343,4157942,22051,22385,41492,41592,19.107000,19.441000
238,183,183,40b7940,68051,68377,100533,100633,32.156000,32.482000
238,841,841,4349940,79712,80038,120902,121002,40.864000,41.190000
238,1128,1128,4468941,153051,153377,174998,175098,21.621000,21.947000
238,1214,1214,44be940,182051,182385,201195,201295,18.810000,19.144000
238,1267,1267,44f3941,264995,265329,318239,318339,52.910000,53.244000
238,1567,1567,461f940,375051,375377,398039,398139,22.662000,22.988000
238,1578,1578,462a943,379051,379377,403488,403588,24.111000,24.437000
238,2016,2016,47e0943,387051,387385,409046,409146,21.661000,21.995000
238,1722,1722,46ba940,459051,459377,500219,500319,40.842000,41.168000
238,1314,1314,4522943,503051,503385,529241,529341,25.856000,26.190000
238,3352,3352,4d18940,561051,561385,575253,575353,13.868000,14.202000
238,3969,3969,4f81942,546051,546377,618705,618805,72.328000,72.654000
238,4369,4369,5111940,518050,518385,624186,624286,105.801000,106.136000
238,3012,3012,4bc4943,727051,727377,747959,748059,20.582000,20.908000
238,5575,5575,55c7941,789051,789385,813958,814058,24.573000,24.907000
238,2944,2944,4b80943,811439,811773,825015,825115,13.242000,13.576000
238,6698,6698,5a2a940,867051,867377,888544,888644,21.167000,21.493000
238,6330,6330,58ba943,860051,860385,893934,894034,33.549000,33.883000
238,8612,8612,61a4942,934418,934752,949511,949611,14.759000,15.093000
238,7547,7547,5d7b940,1184051,1184377,1198723,1198823,14.346000,14.672000
238,5533,5533,559d941,1173051,1173385,1215166,1215266,41.781000,42.115000
238,7308,7308,5c8c942,1221051,1221377,1260664,1260764,39.287000,39.613000
238,8656,8656,61d0941,1260051,1260377,1268615,1268715,8.238000,8.564000
238,7229,7229,5c3d941,1276051,1276385,1296439,1296539,20.054000,20.388000
238,9283,9283,6443941,1281051,1281385,1301930,1302030,20.545000,20.879000
238,7675,7675,5dfb942,1341051,1341377,1364323,1364423,22.946000,23.272000
238,7091,7091,5bb3940,1335446,1335780,1372222,1372322,36.442000,36.776000
238,6918,6918,5b06940,1371754,1372080,1377643,1377743,5.563000,5.889000
238,10272,10272,6820940,1438051,1438377,1450993,1451093,12.616000,12.942000
238,10431,10431,68bf942,1452051,1452377,1457088,1457188,4.711000,5.037000
238,10319,10319,684f943,1556446,1556780,1582173,1582273,25.393000,25.727000
238,10315,10315,684b943,1603051,1603377,1617112,1617212,13.735000,14.061000
238,9866,9866,668a941,1670051,1670385,1684882,1684982,14.497000,14.831000
238,10317,10317,684d943,1661051,1661385,1695800,1695900,34.415000,34.749000
238,10043,10043,673b942,1697051,1697385,1712605,1712705,15.220000,15.554000
238,10859,10859,6a6b942,1749051,1749385,1762234,1762334,12.849000,13.183000
238,10128,10128,6790941,1746051,1746385,1773251,1773351,26.866000,27.200000
238,6187,6187,582b940,1873051,1873385,1889724,1889824,16.339000,16.673000
238,8774,8774,6246943,1883051,1883385,1895196,1895296,11.811000,12.145000
238,9421,9421,64cd942,2050051,2050377,2061419,2061519,11.042000,11.368000
238,10617,10617,6979940,2108051,2108377,2128310,2128410,19.933000,20.259000
238,9808,9808,6650942,2110051,2110377,2133805,2133905,23.428000,23.754000
238,10779,10779,6a1b940,2387051,2387377,2399223,2399323,11.846000,12.172000
238,9414,9414,64c6941,2457416,2457750,2473282,2473382,15.532000,15.866000
239,833,833,4341942,92051,92377,124322,124422,31.945000,32.271000
239,538,538,421a940,136051,136377,151022,151122,14.645000,14.971000
239,1001,1001,43e9941,110051,110377,166540,166640,56.163000,56.489000
239,2714,2714,4a9a942,197051,197377,220048,220148,22.671000,22.997000
239,1485,1485,45cd942,226051,226377,236501,236601,10.124000,10.450000
239,1045,1045,4415941,243051,243377,261073,261173,17.696000,18.022000
239,1446,1446,45a6940,196051,196377,282785,282885,86.408000,86.734000
239,2209,2209,48a1940,283051,283377,303068,303168,19.691000,20.017000
239,2180,2180,4884941,374216,374550,402911,403011,28.361000,28.695000
239,812,812,432c942,404424,404750,425422,425522,20.672000,20.998000
239,2200,2200,4898941,415051,415385,460370,460470,44.985000,45.319000
239,2280,2280,48e8941,487051,487385,517405,517505,30.020000,30.354000
239,2235,2235,48bb942,563051,563385,572359,572459,8.974000,9.308000
239,6440,6440,5928943,646051,646377,666855,666955,20.478000,20.804000
239,2747,2747,4abb943,613051,613385,677788,677888,64.403000,64.737000
239,4433,4433,5151941,721051,721377,727833,727933,6.456000,6.782000
239,4145,4145,5031943,707051,707385,738799,738899,31.414000,31.748000
239,6022,6022,5786943,727478,727804,760677,760777,32.873000,33.199000
239,5662,5662,561e942,777051,777377,793461,793561,16.084000,16.410000
239,4450,4450,5162940,800051,800385,823406,823506,23.021000,23.355000
239,6144,6144,5800941,843051,843377,860514,860614,17.137000,17.463000
239,5847,5847,56d7943,845051,845377,891290,891390,45.913000,46.239000
239,5532,5532,559c943,860051,860377,896817,896917,36.440000,36.766000
239,4636,4636,521c942,871895,872229,915372,915472,43.143000,43.477000
239,6358,6358,58d6941,969051,969377,998783,998883,29.406000,29.732000
239,8467,8467,6113940,1005929,1006255,1027429,1027529,21.174000,21.500000
239,5097,5097,53e9941,1081051,1081377,1094105,1094205,12.728000,13.054000
239,3093,3093,4c15941,1192644,1192970,1250476,1250576,57.506000,57.832000
239,8840,8840,6288940,1215051,1215377,1306180,1306280,90.803000,91.129000
239,8113,8113,5fb1941,1371051,1371385,1404507,1404607,33.122000,33.456000
239,6542,6542,598e943,1532453,1532779,1538418,1538518,5.639000,5.965000
239,5215,5215,545f940,1513051,1513377,1543833,1543933,30.456000,30.782000
239,9430,9430,64d6942,1526051,1526385,1564099,1564199,37.714000,38.048000
239,9278,9278,643e940,1591051,1591377,1606671,1606771,15.294000,15.620000
239,6716,6716,5a3c942,1658051,1658385,1673644,1673744,15.259000,15.593000
239,9678,9678,65ce940,1952051,1952385,1984690,1984790,32.305000,32.639000
239,9146,9146,63ba941,2043051,2043377,2064900,2064999,21.523000,21.849000
239,10914,10914,6aa2941,2177051,2177377,2200635,2200735,23.258000,23.584000
240,12,12,400c941,27051,27385,36624,36724,9.239000,9.573000
240,308,308,4134940,39051,39385,62235,62335,22.850000,23.184000
240,3347,3347,4d13943,47051,47385,69125,69225,21.740000,22.074000
240,1110,1110,4456940,201051,201385,219959,220059,18.574000,18.908000
240,2217,2217,48a9941,193051,193385,232300,232400,38.915000,39.249000
240,1636,1636,4664942,197051,197377,237793,237893,40.416000,40.742000
240,498,498,41f2943,218051,218377,243299,243399,24.922000,25.248000
240,585,585,4249941,190051,190377,248708,248808,58.331000,58.657000
240,901,901,4385941,242051,242385,261649,261749,19.264000,19.598000
240,462,462,41ce942,265051,265385,284222,284322,18.837000,19.171000
240,990,990,43de941,301051,301385,322663,322763,21.278000,21.612000
240,2303,2303,48ff941,421409,421743,431066,431166,9.323000,9.657000
240,3297,3297,4ce1942,416051,416385,436456,436556,20.071000,20.405000
240,1163,1163,448b942,451051,451377,508070,508170,56.693000,57.019000
240,3154,3154,4c52941,571051,571385,606090,606190,34.705000,35.039000
240,4042,4042,4fca942,591620,591946,629750,629850,37.804000,38.130000
240,4767,4767,529f940,626051,626385,635197,635297,8.812000,9.146000
240,2889,2889,4b49942,620051,620385,640662,640762,20.277000,20.611000
240,1822,1822,471e943,659540,659866,678798,678898,18.932000,19.258000
240,4291,4291,50c3942,720051,720377,736197,736297,15.820000,16.146000
240,2165,2165,4875940,729051,729377,747129,747229,17.752000,18.078000
240,1859,1859,4743943,706051,706385,752582,752682,46.197000,46.531000
240,4209,4209,5071941,813051,813385,847796,847896,34.411000,34.745000
240,5502,5502,557e941,847198,847524,868644,868744,21.120000,21.446000
240,5668,5668,5624942,915439,915773,959435,959535,43.662000,43.996000
240,6131,6131,57f3943,967051,967385,996163,996263,28.778000,29.112000
240,5169,5169,5431942,963395,963721,1001553,1001653,37.832000,38.158000
240,6225,6225,5851941,1000248,1000574,1007021,1007121,6.447000,6.773000
240,4527,4527,51af943,1001051,1001385,1028482,1028581,27.097000,27.431000
240,4067,4067,4fe3940,901051,901385,1041118,1041219,139.733000,140.067000
240,7131,7131,5bdb940,1048051,1048377,1080791,1080891,32.414000,32.740000
240,3916,3916,4f4c941,1057051,1057385,1092316,1092416,34.931000,35.265000
240,8450,8450,6102942,1084051,1084377,1122851,1122951,38.474000,38.800000
240,5508,5508,5584942,1163051,1163377,1188268,1188368,24.891000,25.217000
240,7214,7214,5c2e941,1189051,1189385,1201109,1201209,11.724000,12.058000
240,8754,8754,6232940,1199425,1199759,1211606,1211706,11.847000,12.181000
240,7139,7139,5be3941,1198051,1198377,1235673,1235773,37.296000,37.622000
240,7603,7603,5db3943,1235051,1235385,1263022,1263122,27.637000,27.971000
240,6687,6687,5a1f941,1245051,1245385,1273787,1273887,28.402000,28.736000
240,7169,7169,5c01942,1267643,1267969,1295717,1295817,27.748000,28.074000
240,7001,7001,5b59941,1272409,1272743,1301175,1301275,28.432000,28.766000
240,6930,6930,5b12941,1291051,1291385,1306611,1306711,15.226000,15.560000
240,5765,5765,5685941,1322051,1322385,1338662,1338762,16.277000,16.611000
240,9384,9384,64a8943,1327051,1327385,1356379,1356479,28.994000,29.328000
240,9461,9461,64f5942,1413748,1414082,1475727,1475827,61.645000,61.979000
240,6636,6636,59ec943,1448051,1448377,1486167,1486267,37.790000,38.116000
240,8757,8757,6235942,1558051,1558377,1606437,1606537,48.060000,48.386000
240,9419,9419,64cb942,1625051,1625377,1650901,1651001,25.524000,25.850000
240,8330,8330,608a942,1738051,1738385,1760438,1760538,22.053000,22.387000
240,8782,8782,624e941,1917051,1917385,1943794,1943894,26.409000,26.743000
240,10675,10675,69b3941,2922051,2922385,2940451,2940551,18.066000,18.400000
241,1566,1566,461e941,88051,88385,105138,105238,16.753000,17.087000
241,408,408,4198940,152051,152385,170299,170399,17.914000,18.248000
241,823,823,4337942,254051,254385,269845,269945,15.460000,15.794000
241,908,908,438c941,276051,276385,307336,307436,30.951000,31.285000
241,1369,1369,4559943,514050,514385,523454,523554,9.069000,9.404000
241,5588,5588,55d4943,697051,697377,746217,746317,48.840000,49.166000
241,3342,3342,4d0e943,736051,736377,751625,751725,15.248000,15.574000
241,5491,5491,5573941,684051,684377,772661,772761,88.284000,88.610000
241,5817,5817,56b9942,814767,815101,828714,828814,13.613000,13.947000
241,4011,4011,4fab942,832051,832385,853508,853608,21.123000,21.457000
241,8931,8931,62e3943,952148,952482,985094,985194,32.612000,32.946000
241,7006,7006,5b5e941,955051,955385,1004359,1004459,48.974000,49.308000
241,8300,8300,606c940,964051,964377,1036382,1036482,72.005000,72.331000
241,6792,6792,5a88942,1050051,1050385,1069280,1069380,18.895000,19.229000
241,6373,6373,58e5940,1040219,1040552,1106635,1106735,66.083000,66.416000
241,7575,7575,5d97940,1259416,1259742,1305258,1305358,45.516000,45.842000
241,7055,7055,5b8f942,1343051,1343377,1368252,1368352,24.875000,25.201000
241,7795,7795,5e73941,1469393,1469719,1478018,1478118,8.299000,8.625000
241,6167,6167,5817942,1478051,1478385,1499764,1499864,21.379000,21.713000
241,8390,8390,60c6942,1481051,1481385,1505236,1505336,23.851000,24.185000
241,10962,10962,6ad2943,1502051,1502385,1518630,1518730,16.245000,16.579000
241,9082,9082,637a940,1490051,1490377,1524102,1524202,33.725000,34.051000
241,8215,8215,6017940,1470051,1470377,1529576,1529676,59.199000,59.525000
241,8894,8894,62be942,1483051,1483385,1549094,1549194,65.709000,66.043000
241,10986,10986,6aea940,1628051,1628385,1634883,1634983,6.498000,6.832000
241,8724,8724,6214943,1701051,1701377,1713122,1713222,11.745000,12.071000
241,7767,7767,5e57941,1793051,1793377,1814466,1814566,21.089000,21.415000
241,9819,9819,665b943,1901051,1901377,1915923,1916023,14.546000,14.872000
241,10294,10294,6836941,1976051,1976377,1988263,1988363,11.886000,12.212000
242,558,558,422e943,29051,29385,51139,51239,21.754000,22.088000
242,111,111,406f940,49051,49385,63003,63103,13.618000,13.952000
242,369,369,4171940,73051,73377,92089,92189,18.712000,19.038000
242,1750,1750,46d6943,133051,133377,185847,185947,52.470000,52.796000
242,1659,1659,467b940,168811,169145,191340,191440,22.195000,22.529000
242,1114,1114,445a940,209051,209385,226517,226617,17.132000,17.466000
242,636,636,427c940,223051,223377,233405,233505,10.028000,10.354000
242,3425,3425,4d61942,270051,270377,296498,296598,26.121000,26.447000
242,861,861,435d942,333051,333385,350526,350626,17.141000,17.475000
242,2839,2839,4b17943,358051,358385,372268,372368,13.883000,14.217000
242,2084,2084,4824940,349051,349385,377738,377838,28.353000,28.687000
242,2638,2638,4a4e941,393051,393385,405032,405132,11.647000,11.981000
242,5138,5138,5412943,490051,490377,531601,531701,41.224000,41.550000
242,2707,2707,4a93940,514050,514377,536990,537090,22.613000,22.940000
242,5250,5250,5482942,649051,649385,661778,661878,12.393000,12.727000
242,6241,6241,5861943,621051,621385,677318,677418,55.933000,56.267000
242,4952,4952,5358942,722051,722377,746359,746459,23.982000,24.308000
242,7915,7915,5eeb943,802051,802377,842654,842754,40.277000,40.603000
242,6501,6501,5965942,874051,874385,904500,904600,30.115000,30.449000
242,7052,7052,5b8c941,836051,836385,941202,941302,104.817000,105.151000
242,5178,5178,543a942,1030051,1030377,1049001,1049101,18.624000,18.950000
242,7505,7505,5d51941,1060409,1060743,1081812,1081912,21.069000,21.403000
242,6802,6802,5a92941,1049051,1049377,1095981,1096081,46.604000,46.930000
242,6204,6204,583c941,1076051,1076377,1109177,1109277,32.800000,33.126000
242,7288,7288,5c78942,1084051,1084385,1114651,1114751,30.266000,30.600000
242,7612,7612,5dbc940,1149996,1150330,1171579,1171679,21.249000,21.583000
242,5731,5731,5663941,1217051,1217377,1261129,1261229,43.752000,44.078000
242,7407,7407,5cef942,1308051,1308377,1314884,1314984,6.507000,6.833000
242,8793,8793,6259940,1296051,1296385,1328412,1328512,32.027000,32.361000
242,8857,8857,6299941,1354051,1354385,1370778,1370878,16.393000,16.727000
242,10226,10226,67f2942,1392051,1392385,1405821,1405921,13.436000,13.770000
242,10464,10464,68e0940,1478051,1478385,1496868,1496968,18.483000,18.817000
242,8778,8778,624a943,1502051,1502377,1537047,1537147,34.670000,34.996000
242,10545,10545,6931941,1523051,1523377,1549660,1549760,26.283000,26.609000
242,8016,8016,5f50941,1528051,1528385,1555221,1555321,26.836000,27.170000
242,8835,8835,6283941,1518051,1518377,1560671,1560771,42.294000,42.620000
242,9209,9209,63f9943,1562051,1562377,1582642,1582742,20.265000,20.591000
242,9662,9662,65be941,1741051,1741385,1775117,1775217,33.732000,34.066000
242,10699,10699,69cb941,1784051,1784385,1823804,1823904,39.419000,39.753000
242,10508,10508,690c941,1822051,1822377,1831529,1831629,9.152000,9.478000
242,8447,8447,60ff943,1930051,1930385,1939562,1939662,9.177000,9.511000
242,10139,10139,679b941,2587051,2587377,2605491,2605591,18.114000,18.440000
243,101,101,4065942,23051,23385,28088,28188,4.703000,5.037000
243,766,766,42fe940,126051,126385,148812,148912,22.427000,22.761000
243,839,839,4347940,123051,123377,157597,157697,34.220000,34.546000
243,1006,1006,43ee941,149213,149539,176060,176160,26.521000,26.847000
243,706,706,42c2941,188051,188385,214377,214477,25.992000,26.326000
243,3385,3385,4d39942,283051,283385,288085,288185,4.700000,5.034000
243,1049,1049,4419940,312051,312377,326078,326178,13.701000,14.027000
243,1714,1714,46b2942,347051,347385,364529,364629,17.144000,17.478000
243,3650,3650,4e42940,354244,354578,396138,396238,41.560000,41.894000
243,1318,1318,4526942,398051,398377,422626,422726,24.249000,24.575000
243,3464,3464,4d88940,474051,474377,511235,511335,36.858000,37.184000
243,4987,4987,537b940,602051,602377,617732,617832,15.355000,15.681000
243,2236,2236,48bc940,631051,631385,637897,637997,6.512000,6.846000
243,5823,5823,56bf943,714009,714335,731526,731626,17.191000,17.517000
243,3087,3087,4c0f943,737051,737385,750621,750721,13.236000,13.570000
243,4630,4630,5216941,802051,802377,816308,816408,13.931000,14.257000
243,5958,5958,5746942,764051,764377,821793,821893,57.416000,57.742000
243,6535,6535,5987941,777165,777499,840014,840114,62.515000,62.849000
243,3890,3890,4f32943,818051,818377,847203,847303,28.826000,29.152000
243,4006,4006,4fa6942,842684,843018,858627,858727,15.609000,15.943000
243,4096,4096,5000941,863051,863377,869879,869979,6.502000,6.828000
243,7141,7141,5be5942,852051,852385,875224,875324,22.839000,23.173000
243,7378,7378,5cd2940,865051,865385,885466,885566,20.081000,20.415000
243,5101,5101,53ed941,911051,911377,930487,930587,19.110000,19.436000
243,6316,6316,58ac943,909051,909377,941439,941539,32.062000,32.388000
243,3864,3864,4f18940,1012051,1012377,1025286,1025386,12.909000,13.235000
243,7615,7615,5dbf942,1035051,1035385,1052705,1052805,17.320000,17.654000
243,5318,5318,54c6941,943051,943377,1058178,1058278,114.801000,115.127000
243,6808,6808,5a98941,1049051,1049385,1071228,1071328,21.843000,22.177000
243,7199,7199,5c1f940,1115051,1115377,1122746,1122846,7.369000,7.695000
243,3406,3406,4d4e943,982051,982377,1168367,1168467,185.990000,186.316000
243,6709,6709,5a35942,1144051,1144377,1173934,1174034,29.557000,29.883000
243,6643,6643,59f3941,1099996,1100330,1189752,1189852,89.422000,89.756000
243,7608,7608,5db8940,1183051,1183377,1195226,1195326,11.849000,12.175000
243,5563,5563,55bb941,1182051,1182377,1201337,1201437,18.960000,19.286000
243,6790,6790,5a86940,1330051,1330377,1347552,1347652,17.175000,17.501000
243,9334,9334,6476942,1340051,1340377,1354039,1354139,13.662000,13.988000
243,4626,4626,5212942,1329051,1329385,1390370,1390470,60.985000,61.319000
243,9912,9912,66b8942,1387051,1387385,1397473,1397573,10.088000,10.422000
243,5784,5784,5698943,1390051,1390385,1459127,1459227,68.742000,69.076000
243,9219,9219,6403941,1506051,1506377,1521385,1521485,15.008000,15.334000
243,4299,4299,50cb940,1542051,1542385,1576069,1576169,33.684000,34.018000
243,8261,8261,6045940,1563051,1563377,1585708,1585808,22.331000,22.657000
243,6649,6649,59f9942,1575051,1575385,1603419,1603519,28.034000,28.368000
243,9505,9505,6521940,1611847,1612181,1622325,1622425,10.144000,10.478000
243,10359,10359,6877943,1732051,1732385,1771879,1771979,39.494000,39.828000
243,10869,10869,6a75940,1994051,1994385,2004487,2004587,10.102000,10.436000
244,2056,2056,4808940,90051,90385,96893,96993,6.508000,6.842000
244,420,420,41a4942,100051,100377,126643,126743,26.266000,26.592000
244,818,818,4332943,112051,112385,139662,139762,27.277000,27.611000
244,1995,1995,47cb940,130644,130978,162124,162224,31.146000,31.480000
244,396,396,418c942,195051,195385,209933,210033,14.548000,14.882000
244,526,526,420e942,204051,204377,239927,240027,35.550000,35.876000
244,2062,2062,480e940,350051,350385,369345,369445,18.960000,19.294000
244,3124,3124,4c34940,362051,362377,380492,380592,18.115000,18.441000
244,2110,2110,483e942,382395,382721,413296,413396,30.575000,30.901000
244,2337,2337,4921941,397051,397377,424326,424426,26.949000,27.275000
244,3248,3248,4cb0942,447051,447377,454777,454877,7.400000,7.726000
244,2601,2601,4a29940,458051,458385,471078,471178,12.693000,13.027000
244,2934,2934,4b76942,466051,466377,484563,484663,18.186000,18.512000
244,3609,3609,4e19942,514050,514385,561726,561826,47.341000,47.676000
244,3143,3143,4c47943,590395,590721,598089,598189,7.368000,7.694000
244,5048,5048,53b8942,588051,588385,607166,607266,18.781000,19.115000
244,3113,3113,4c29940,658051,658377,670461,670561,12.084000,12.410000
244,3773,3773,4ebd942,707051,707385,721850,721950,14.465000,14.799000
244,7103,7103,5bbf943,673051,673377,750429,750529,77.052000,77.378000
244,6820,6820,5aa4940,815051,815385,841030,841130,25.645000,25.979000
244,3683,3683,4e63941,864051,864385,884694,884794,20.309000,20.643000
244,4203,4203,506b941,882051,882385,905888,905988,23.503000,23.837000
244,6615,6615,59d7943,930402,930736,948127,948227,17.391000,17.725000
244,5628,5628,55fc941,960051,960385,981089,981189,20.704000,21.038000
244,5096,5096,53e8940,970227,970553,998006,998106,27.453000,27.779000
244,3539,3539,4dd3940,1031051,1031385,1053109,1053209,21.724000,22.058000
244,4135,4135,5027940,1038051,1038385,1069528,1069628,31.143000,31.477000
244,8360,8360,60a8940,1083051,1083385,1114946,1115046,31.561000,31.895000
244,7143,7143,5be7940,1109051,1109385,1130102,1130202,20.717000,21.051000
244,3899,3899,4f3b940,1025129,1025464,1135555,1135655,110.091000,110.426000
244,8795,8795,625b943,1125051,1125385,1162929,1163029,37.544000,37.878000
244,5704,5704,5648942,1138051,1138385,1171941,1172041,33.556000,33.890000
244,6886,6886,5ae6942,1094051,1094385,1188247,1188347,93.862000,94.196000
244,4942,4942,534e940,1282051,1282385,1293324,1293424,10.939000,11.273000
244,8021,8021,5f55940,1366051,1366377,1372924,1373024,6.547000,6.873000
244,7231,7231,5c3f942,1367051,1367377,1394642,1394742,27.265000,27.591000
244,10199,10199,67d7942,1383051,1383385,1400549,1400649,17.164000,17.498000
244,6604,6604,59cc940,1431051,1431377,1445367,1445467,13.990000,14.316000
244,10749,10749,69fd941,1634051,1634377,1651900,1652000,17.523000,17.849000
244,8073,8073,5f89942,1673051,1673377,1686150,1686250,12.773000,13.099000
244,9049,9049,6359942,1680051,1680385,1697587,1697687,17.202000,17.536000
244,8895,8895,62bf941,1713051,1713385,1726300,1726400,12.915000,13.249000
244,8969,8969,6309943,1718051,1718385,1756153,1756253,37.768000,38.102000
244,8040,8040,5f68940,2040051,2040377,2047780,2047880,7.403000,7.729000
244,10818,10818,6a42941,2115051,2115377,2132621,2132721,17.244000,17.570000
245,118,118,4076942,46051,46385,68867,68967,22.482000,22.816000
245,1216,1216,44c0942,109051,109377,125502,125602,16.125000,16.451000
245,302,302,412e941,141051,141377,178419,178519,37.042000,37.368000
245,610,610,4262941,140051,140377,195935,196035,55.558000,55.884000
245,3123,3123,4c33940,331051,331385,437152,437252,105.767000,106.101000
245,2103,2103,4837940,455051,455377,475922,476022,20.545000,20.871000
245,2857,2857,4b29941,552051,552377,582125,582225,29.748000,30.074000
245,1595,1595,463b943,574051,574385,587586,587686,13.201000,13.535000
245,4838,4838,52e6943,623051,623385,653400,653500,30.015000,30.349000
245,5890,5890,5702943,639051,639377,659167,659267,19.790000,20.116000
245,6124,6124,57ec940,952051,952385,958009,958109,5.624000,5.958000
245,7105,7105,5bc1940,990051,990385,1001688,1001788,11.303000,11.637000
245,10198,10198,67d6943,1175051,1175385,1203134,1203234,27.749000,28.083000
245,10754,10754,6a02942,1285051,1285385,1303441,1303541,18.056000,18.390000
245,9424,9424,64d0940,1309051,1309377,1326644,1326744,17.267000,17.593000
245,8740,8740,6224940,1397051,1397385,1416082,1416182,18.697000,19.031000
245,9887,9887,669f943,1412051,1412377,1438100,1438200,25.723000,26.049000
245,7822,7822,5e8e941,1412051,1412377,1443445,1443545,31.068000,31.394000
245,10071,10071,6757942,1453051,1453385,1474348,1474448,20.963000,21.297000
245,6031,6031,578f943,1476384,1476718,1505561,1505661,28.843000,29.177000
245,9063,9063,6367940,1493051,1493377,1511087,1511187,17.710000,18.036000
245,9938,9938,66d2941,1545051,1545377,1569171,1569271,23.794000,24.120000
245,10575,10575,694f943,1665051,1665385,1674615,1674715,9.230000,9.564000
245,10546,10546,6932940,1768051,1768377,1789947,1790047,21.570000,21.896000
245,9794,9794,6642943,1776051,1776385,1795516,1795616,19.131000,19.465000
245,7745,7745,5e41940,2058051,2058385,2066595,2066696,8.210000,8.544000
245,9458,9458,64f2941,2205804,2206130,2214457,2214557,8.327000,8.653000
245,10076,10076,675c943,2234051,2234385,2244434,2244534,10.049000,10.383000
246,816,816,4330942,162051,162377,174164,174264,11.787000,12.113000
246,1072,1072,4430943,195051,195377,210786,210886,15.409000,15.735000
246,829,829,433d942,226051,226385,242856,242956,16.471000,16.805000
246,858,858,435a940,248425,248759,262499,262599,13.740000,14.074000
246,1526,1526,45f6943,224051,224385,273346,273446,48.961000,49.295000
246,2443,2443,498b942,276051,276385,294476,294576,18.091000,18.425000
246,2338,2338,4922942,311973,312307,324662,324762,12.355000,12.689000
246,1988,1988,47c4941,354051,354377,368792,368892,14.415000,14.741000
246,1994,1994,47ca941,357051,357385,374249,374349,16.864000,17.198000
246,1212,1212,44bc942,362051,362385,385072,385172,22.687000,23.021000
246,2886,2886,4b46940,395051,395377,414417,414517,19.040000,19.366000
246,3743,3743,4e9f940,481051,481385,508981,509081,27.596000,27.930000
246,2769,2769,4ad1942,490301,490635,528085,528185,37.450000,37.784000
246,5064,5064,53c8940,572051,572385,615843,615943,43.458000,43.792000
246,1932,1932,478c943,571051,571385,645565,645665,74.180000,74.514000
246,8783,8783,624f942,678051,678385,705563,705663,27.178000,27.512000
246,6697,6697,5a29941,696051,696377,711097,711197,14.720000,15.046000
246,3995,3995,4f9b943,658051,658377,730240,730340,71.863000,72.189000
246,6758,6758,5a66943,734051,734385,765533,765633,31.148000,31.482000
246,3226,3226,4c9a943,757051,757385,776712,776812,19.327000,19.661000
246,3100,3100,4c1c942,784051,784385,812256,812356,27.871000,28.205000
246,4841,4841,52e9942,823301,823635,850460,850560,26.825000,27.159000
246,6678,6678,5a16942,791051,791385,864316,864416,72.931000,73.265000
246,5514,5514,558a943,913051,913385,954355,954455,40.970000,41.304000
246,6021,6021,5785941,1001051,1001377,1027881,1027981,26.504000,26.830000
246,7518,7518,5d5e943,1004051,1004377,1041504,1041605,37.127000,37.453000
246,5312,5312,54c0942,1043051,1043385,1064793,1064893,21.408000,21.742000
246,4223,4223,507f941,1082687,1083013,1136163,1136263,53.150000,53.476000
246,5313,5313,54c1940,1146051,1146385,1176152,1176252,29.767000,30.101000
246,7465,7465,5d29943,1137051,1137377,1181685,1181785,44.308000,44.634000
246,7217,7217,5c31940,1199051,1199385,1207661,1207761,8.276000,8.610000
246,6832,6832,5ab0942,1233051,1233385,1263257,1263357,29.872000,30.206000
246,5443,5443,5543943,1321051,1321385,1347265,1347365,25.880000,26.214000
246,6713,6713,5a39942,1545051,1545377,1575462,1575562,30.085000,30.411000
246,10918,10918,6aa6941,1661051,1661377,1666121,1666221,4.744000,5.070000
246,10485,10485,68f5942,1643051,1643377,1670299,1670399,26.922000,27.248000
246,6273,6273,5881940,1733051,1733377,1742624,1742724,9.247000,9.573000
246,9552,9552,6550943,1786051,1786377,1810696,1810796,24.319000,24.645000
246,10114,10114,6782941,1923051,1923385,1944162,1944262,20.777000,21.111000
247,114,114,4072941,44051,44385,67997,68097,23.612000,23.946000
247,194,194,40c2942,56051,56377,73422,73522,17.045000,17.371000
247,281,281,4119942,74051,74385,84453,84553,10.068000,10.402000
247,495,495,41ef941,70439,70773,101363,101463,30.590000,30.924000
247,855,855,4357941,178051,178377,187582,187682,9.205000,9.531000
247,104,104,4068940,162051,162377,192961,193061,30.584000,30.910000
247,1697,1697,46a1941,143468,143794,199846,199946,56.052000,56.378000
247,2173,2173,487d943,273051,273377,298299,298399,24.922000,25.248000
247,984,984,43d8942,280051,280385,303810,303910,23.425000,23.759000
247,4362,4362,510a943,301051,301385,313764,313864,12.379000,12.713000
247,3517,3517,4dbd943,297051,297385,317953,318053,20.568000,20.902000
247,1470,1470,45be943,335409,335743,366965,367065,31.222000,31.556000
247,3504,3504,4db0941,376051,376385,404884,404984,28.499000,28.833000
247,2152,2152,4868943,397051,397385,411917,412017,14.532000,14.866000
247,1525,1525,45f5942,398051,398385,419496,419596,21.111000,21.445000
247,1927,1927,4787940,424051,424377,436904,437004,12.527000,12.853000
247,1983,1983,47bf940,497051,497377,525142,525242,27.765000,28.091000
247,3240,3240,4ca8942,521509,521834,541546,541646,19.712000,20.037000
247,1304,1304,4518942,577051,577385,593717,593817,16.332000,16.666000
247,5457,5457,5551940,721051,721377,743057,743157,21.680000,22.006000
247,2908,2908,4b5c941,771051,771385,793202,793302,21.817000,22.151000
247,5647,5647,560f940,761874,762208,806408,806508,44.200000,44.534000
247,4861,4861,52fd940,810110,810436,819826,819926,9.390000,9.716000
247,4326,4326,50e6941,804051,804377,855825,855925,51.448000,51.774000
247,5204,5204,5454941,871186,871512,908093,908193,36.581000,36.907000
247,5466,5466,555a943,937051,937377,963479,963579,26.102000,26.428000
247,9500,9500,651c943,986412,986738,1018156,1018256,31.418000,31.744000
247,7447,7447,5d17942,867051,867377,1040071,1040172,172.694000,173.020000
247,4632,4632,5218943,1048051,1048377,1062002,1062102,13.625000,13.951000
247,7470,7470,5d2e943,1170197,1170523,1332027,1332127,161.504000,161.830000
247,9584,9584,6570940,1340051,1340385,1368220,1368320,27.835000,28.169000
247,8632,8632,61b8942,1371051,1371377,1381481,1381581,10.104000,10.430000
247,10202,10202,67da942,1416051,1416385,1434273,1434373,17.888000,18.222000
247,7948,7948,5f0c943,1549352,1549678,1589330,1589430,39.652000,39.978000
247,10235,10235,67fb940,1881416,1881750,1899608,1899708,17.858000,18.192000
247,9954,9954,66e2943,1949051,1949385,1968400,1968500,19.015000,19.349000
247,6404,6404,5904940,2050051,2050385,2063082,2063182,12.697000,13.031000
247,9962,9962,66ea943,2072051,2072385,2080685,2080785,8.300000,8.634000
248,240,240,40f0941,44051,44377,64963,65063,20.586000,20.912000
248,1338,1338,453a943,167051,167385,181895,181995,14.510000,14.844000
248,1132,1132,446c940,263051,263385,277982,278082,14.597000,14.931000
248,1593,1593,4639943,251051,251377,288943,289043,37.566000,37.892000
248,1449,1449,45a9943,289051,289385,294097,294197,4.712000,5.046000
248,1686,1686,4696940,319416,319750,332714,332814,12.964000,13.298000
248,1820,1820,471c940,337051,337385,354441,354541,17.056000,17.390000
248,2381,2381,494d943,273051,273377,359851,359951,86.474000,86.800000
248,4610,4610,5202940,359051,359377,376629,376729,17.252000,17.578000
248,1698,1698,46a2942,377051,377385,398641,398741,21.256000,21.590000
248,3710,3710,4e7e943,397051,397385,409555,409655,12.170000,12.504000
248,3462,3462,4d86941,407051,407377,420541,420641,13.164000,13.490000
248,2448,2448,4990943,452051,452377,466962,467062,14.585000,14.911000
248,2388,2388,4954943,505051,505385,514525,514625,9.140000,9.474000
248,3838,3838,4efe943,543051,543377,577636,577736,34.259000,34.585000
248,2264,2264,48d8943,603148,603482,629773,629873,26.291000,26.625000
248,4186,4186,505a942,624051,624377,637919,638019,13.542000,13.868000
248,2551,2551,49f7940,623051,623377,646893,646993,23.516000,23.842000
248,3175,3175,4c67942,640051,640377,652405,652505,12.028000,12.354000
248,2495,2495,49bf943,699051,699385,712672,712772,13.287000,13.621000
248,4185,4185,5059940,729051,729385,738345,738445,8.960000,9.294000
248,4847,4847,52ef941,762051,762385,768901,769001,6.516000,6.850000
248,5185,5185,5441943,763051,763377,773077,773177,9.700000,10.026000
248,2894,2894,4b4e942,775051,775377,789904,790004,14.527000,14.853000
248,6257,6257,5871943,795051,795377,811952,812052,16.575000,16.901000
248,3217,3217,4c91942,786051,786377,817424,817524,31.047000,31.373000
248,5161,5161,5429943,767051,767385,828454,828554,61.069000,61.403000
248,4278,4278,50b6943,815051,815385,833926,834026,18.541000,18.875000
248,4510,4510,519e941,889051,889377,903127,903227,13.750000,14.076000
248,6401,6401,5901943,1004230,1004556,1028855,1028955,24.299000,24.625000
248,8119,8119,5fb7943,1037051,1037385,1050787,1050887,13.402000,13.736000
248,7493,7493,5d45940,1010416,1010742,1063289,1063389,52.547000,52.873000
248,4468,4468,5174941,1167051,1167385,1191051,1191151,23.666000,24.000000
248,8516,8516,6144941,1243051,1243377,1256039,1256139,12.662000,12.988000
248,10022,10022,6726943,1244453,1244779,1310389,1310489,65.610000,65.936000
248,9651,9651,65b3941,1302051,1302377,1315855,1315955,13.478000,13.804000
248,6848,6848,5ac0941,1341051,1341377,1410346,1410446,68.969000,69.295000
248,8430,8430,60ee942,1447051,1447377,1453890,1453990,6.513000,6.839000
248,7477,7477,5d35941,1477424,1477750,1487727,1487827,9.977000,10.303000
248,6045,6045,579d940,1570051,1570385,1576037,1576137,5.652000,5.986000
248,9738,9738,660a940,1575424,1575750,1587718,1587818,11.968000,12.294000
248,9337,9337,6479940,1580051,1580377,1609842,1609942,29.465000,29.791000
248,7571,7571,5d93943,1629051,1629377,1638942,1639042,9.565000,9.891000
248,10207,10207,67df941,1797051,1797385,1815508,1815608,18.123000,18.457000
248,10796,10796,6a2c940,1808438,1808764,1822477,1822577,13.713000,14.039000
248,10910,10910,6a9e942,1855399,1855733,1880275,1880375,24.542000,24.876000
248,10154,10154,67aa942,1934453,1934779,1941283,1941383,6.504000,6.830000
249,358,358,4166941,85051,85377,95204,95304,9.827000,10.153000
249,892,892,437c940,96051,96377,106064,106164,9.687000,10.013000
249,315,315,413b943,76051,76385,119967,120067,43.582000,43.916000
249,13,13,400d943,86051,86385,130908,131009,44.523000,44.857000
249,2108,2108,483c943,127818,128144,148131,148231,19.987000,20.313000
249,229,229,40e5942,174051,174377,219679,219779,45.302000,45.628000
249,2017,2017,47e1941,276653,276987,306576,306676,29.589000,29.923000
249,1667,1667,4683940,265051,265377,310769,310869,45.392000,45.718000
249,1952,1952,47a0942,269051,269377,337175,337275,67.798000,68.124000
249,2631,2631,4a47942,423051,423385,438472,438572,15.087000,15.421000
249,4184,4184,5058942,463038,463364,494129,494229,30.765000,31.091000
249,2814,2814,4afe942,486051,486385,499518,499618,13.133000,13.467000
249,3089,3089,4c11943,478051,478385,505165,505265,26.780000,27.114000
249,4988,4988,537c940,501051,501377,514326,514425,12.949000,13.275000
249,2408,2408,4968940,514050,514385,540108,540208,25.723000,26.058000
249,4629,4629,5215943,524050,524377,556584,556684,32.207000,32.534000
249,4956,4956,535c941,562051,562377,578789,578889,16.412000,16.738000
249,1711,1711,46af941,613051,613385,627092,627192,13.707000,14.041000
249,5392,5392,5510942,628410,628736,643788,643888,15.052000,15.378000
249,5625,5625,55f9942,660051,660377,679899,679999,19.522000,19.848000
249,3868,3868,4f1c943,654051,654377,713062,713162,58.685000,59.011000
249,4440,4440,5158940,772051,772377,782495,782595,10.118000,10.444000
249,6715,6715,5a3b941,856439,856773,895736,895836,38.963000,39.297000
249,6184,6184,5828941,924051,924377,952497,952597,28.120000,28.446000
249,7256,7256,5c58942,941051,941385,976208,976308,34.823000,35.157000
249,7805,7805,5e7d941,967051,967377,987256,987356,19.879000,20.205000
249,4459,4459,516b943,989051,989385,1003381,1003481,13.996000,14.330000
249,7913,7913,5ee9941,1032299,1032625,1085547,1085647,52.922000,53.248000
249,6787,6787,5a83941,1135051,1135377,1156911,1157011,21.534000,21.860000
249,7906,7906,5ee2942,1260670,1261004,1278841,1278941,17.837000,18.171000
249,5635,5635,5603941,1250762,1251096,1289828,1289928,38.732000,39.066000
249,10014,10014,671e943,1239051,1239385,1314557,1314657,75.172000,75.506000
249,7170,7170,5c02943,1317051,1317377,1328165,1328265,10.788000,11.114000
249,10140,10140,679c943,1346051,1346385,1367725,1367825,21.340000,21.674000
249,8280,8280,6058942,1385051,1385377,1407236,1407336,21.859000,22.185000
249,6334,6334,58be940,1390915,1391241,1412714,1412814,21.473000,21.799000
249,7171,7171,5c03942,1433437,1433763,1446528,1446628,12.765000,13.091000
249,9944,9944,66d8942,1608051,1608385,1632153,1632253,23.768000,24.102000
249,9833,9833,6669943,1750051,1750377,1763226,1763326,12.849000,13.175000
249,6711,6711,5a37940,1761051,1761385,1774182,1774282,12.797000,13.131000
249,9271,9271,6437940,1763051,1763377,1783333,1783433,19.956000,20.282000
249,9973,9973,66f5942,1964051,1964385,1976195,1976295,11.810000,12.144000
249,9376,9376,64a0942,2042051,2042385,2058764,2058863,16.379000,16.713000
250,737,737,42e1941,70051,70377,93267,93367,22.890000,23.216000
250,68,68,4044941,84051,84385,126587,126687,42.202000,42.536000
250,1272,1272,44f8941,135051,135377,178266,178366,42.889000,43.215000
250,2077,2077,481d943,162431,162757,211022,211122,48.265000,48.591000
250,2593,2593,4a21941,249051,249377,279673,279773,30.296000,30.622000
250,1789,1789,46fd943,302438,302764,357602,357702,54.838000,55.164000
250,1522,1522,45f2942,453051,453385,461708,461808,8.323000,8.657000
250,1480,1480,45c8941,439393,439727,476911,477011,37.184000,37.518000
250,2097,2097,4831940,484487,484813,519757,519858,34.944000,35.270000
250,1613,1613,464d943,561223,561549,576981,577081,15.432000,15.758000
250,5294,5294,54ae940,645819,646145,663426,663526,17.281000,17.607000
250,4426,4426,514a941,689051,689377,726638,726738,37.261000,37.587000
250,6739,6739,5a53941,726263,726597,752212,752312,25.615000,25.949000
250,3700,3700,4e74940,743051,743385,768685,768785,25.300000,25.634000
250,7583,7583,5d9f940,812051,812385,824416,824516,12.031000,12.365000
250,6266,6266,587a943,832051,832377,844109,844209,11.732000,12.058000
250,5915,5915,571b941,875051,875385,891866,891966,16.481000,16.815000
250,2932,2932,4b74943,874051,874385,897273,897373,22.888000,23.222000
250,5680,5680,5630941,916051,916385,935672,935772,19.287000,19.621000
250,5825,5825,56c1941,874051,874377,974052,974152,99.675000,100.001000
250,8260,8260,6044943,1015065,1015391,1046609,1046709,31.218000,31.544000
250,6511,6511,596f941,1003051,1003377,1052083,1052183,48.706000,49.032000
250,4619,4619,520b943,1066676,1067002,1110314,1110414,43.312000,43.638000
250,9299,9299,6453943,1053522,1053856,1132039,1132139,78.183000,78.517000
250,5001,5001,5389941,1135051,1135385,1170557,1170657,35.172000,35.506000
250,8889,8889,62b9942,1162051,1162377,1183969,1184069,21.592000,21.918000
250,9465,9465,64f9942,1277051,1277377,1344286,1344386,66.909000,67.235000
250,6062,6062,57ae941,1328051,1328377,1360567,1360667,32.190000,32.516000
250,5039,5039,53af943,1309051,1309377,1378894,1378994,69.517000,69.843000
250,9277,9277,643d942,1542051,1542377,1551670,1551770,9.293000,9.619000
250,8370,8370,60b2941,1569051,1569385,1593211,1593311,23.826000,24.160000
250,8393,8393,60c9941,1674051,1674385,1687626,1687726,13.241000,13.575000
250,7854,7854,5eae943,1725051,1725377,1763319,1763419,37.942000,38.268000
250,9844,9844,6674943,1888051,1888385,1904692,1904792,16.307000,16.641000
250,8751,8751,622f941,1887051,1887377,1910231,1910331,22.854000,23.180000
250,10077,10077,675d943,1906441,1906775,1917830,1917930,11.055000,11.389000
250,8988,8988,631c941,1907051,1907377,1923324,1923424,15.947000,16.273000
250,9747,9747,6613941,2226051,2226377,2236964,2237064,10.587000,10.913000
251,632,632,4278940,54416,54750,105573,105673,50.823000,51.157000
251,404,404,4194942,53051,53377,109711,109811,56.334000,56.660000
251,928,928,43a0942,171051,171385,209490,209590,38.105000,38.439000
251,1218,1218,44c2941,332691,333017,343812,343912,10.795000,11.121000
251,1506,1506,45e2941,252051,252385,352056,352156,99.671000,100.005000
251,1435,1435,459b941,333051,333385,384164,384264,50.779000,51.113000
251,3098,3098,4c1a940,455836,456162,545399,545499,89.237000,89.563000
251,1122,1122,4462943,517430,517757,550917,551017,33.160000,33.487000
251,1439,1439,459f940,548051,548385,573749,573849,25.364000,25.698000
251,5128,5128,5408940,570052,570386,577875,577975,7.489000,7.823000
251,7667,7667,5df3942,567395,567721,587805,587905,20.084000,20.410000
251,3560,3560,4de8941,626051,626377,643939,644039,17.562000,17.888000
251,6061,6061,57ad940,633051,633377,669350,669450,35.973000,36.299000
251,3251,3251,4cb3941,672051,672385,683333,683433,10.948000,11.282000
251,2936,2936,4b78943,682051,682385,694392,694492,12.007000,12.341000
251,6579,6579,59b3942,672760,673086,710721,710821,37.635000,37.961000
251,5581,5581,55cd943,710051,710377,744443,744543,34.066000,34.392000
251,3284,3284,4cd4941,735051,735377,749870,749970,14.493000,14.819000
251,3804,3804,4edc940,764409,764743,771224,771324,6.481000,6.815000
251,8236,8236,602c942,773051,773377,788836,788936,15.459000,15.785000
251,5839,5839,56cf942,775051,775385,794326,794426,18.941000,19.275000
251,4262,4262,50a6942,765474,765808,864971,865071,99.163000,99.497000
251,3951,3951,4f6f942,910884,911210,989094,989194,77.884000,78.210000
251,8471,8471,6117942,984051,984385,994560,994660,10.175000,10.509000
251,5206,5206,5456941,976051,976385,1016548,1016648,40.163000,40.497000
251,9946,9946,66da943,1017051,1017385,1072295,1072395,54.910000,55.244000
251,8685,8685,61ed940,1235444,1235778,1254047,1254147,18.269000,18.603000
251,6827,6827,5aab941,1261051,1261385,1296590,1296690,35.205000,35.539000
251,7065,7065,5b99943,1291051,1291377,1301588,1301688,10.211000,10.537000
251,9418,9418,64ca941,1362051,1362385,1388418,1388518,26.033000,26.367000
251,7050,7050,5b8a941,1370051,1370385,1395563,1395663,25.178000,25.512000
251,7211,7211,5c2b941,1375051,1375385,1400960,1401060,25.575000,25.909000
251,8569,8569,6179943,1330073,1330407,1410322,1410422,79.915000,80.249000
251,7828,7828,5e94942,1398051,1398385,1415784,1415884,17.399000,17.733000
251,9832,9832,6668940,1633051,1633377,1651377,1651477,18.000000,18.326000
251,8083,8083,5f93942,1696051,1696385,1712311,1712411,15.926000,16.260000
251,8665,8665,61d9942,2147410,2147736,2160428,2160528,12.692000,13.018000
251,10195,10195,67d3940,2496051,2496385,2509914,2510014,13.529000,13.863000
251,10456,10456,68d8940,2703051,2703377,2716934,2717034,13.557000,13.883000
252,28,28,401c941,22051,22385,41482,41582,19.097000,19.431000
252,103,103,4067941,36051,36385,71401,71501,35.016000,35.350000
252,863,863,435f940,78051,78385,103303,103403,24.918000,25.252000
252,1576,1576,4628942,132413,132747,172714,172814,39.967000,40.301000
252,2604,2604,4a2c943,194051,194377,216238,216338,21.861000,22.187000
252,2549,2549,49f5940,208051,208385,240309,240409,31.924000,32.258000
252,954,954,43ba942,226051,226385,245966,246066,19.581000,19.915000
252,2787,2787,4ae3940,237024,237350,275400,275500,38.050000,38.376000
252,2060,2060,480c941,273051,273385,279837,279937,6.452000,6.786000
252,1341,1341,453d942,226051,226377,283963,284063,57.586000,57.912000
252,1459,1459,45b3942,331418,331752,343788,343888,12.036000,12.370000
252,3605,3605,4e15941,331051,331385,370939,371039,39.554000,39.888000
252,1240,1240,44d8940,352051,352385,376477,376577,24.092000,24.426000
252,2273,2273,48e1940,362051,362385,381908,382008,19.523000,19.857000
252,2163,2163,4873940,421051,421385,431482,431582,10.097000,10.431000
252,1029,1029,4405942,386051,386385,447507,447607,61.122000,61.456000
252,2649,2649,4a59942,432051,432377,452897,452997,20.520000,20.846000
252,2734,2734,4aae940,496051,496377,537528,537628,41.151000,41.477000
252,2428,2428,497c943,623051,623377,636161,636261,12.784000,13.110000
252,3862,3862,4f16941,621051,621377,641623,641723,20.246000,20.572000
252,4449,4449,5161943,627733,628059,647140,647240,19.081000,19.407000
252,2502,2502,49c6942,659051,659385,686679,686779,27.294000,27.628000
252,2807,2807,4af7943,664051,664385,692199,692299,27.814000,28.148000
252,4211,4211,5073940,691411,691737,703150,703250,11.413000,11.739000
252,3194,3194,4c7a943,695051,695385,719629,719729,24.244000,24.578000
252,4755,4755,5293943,746142,746468,756526,756626,10.058000,10.384000
252,4014,4014,4fae940,746051,746385,773033,773133,26.648000,26.982000
252,3881,3881,4f29941,784051,784377,804185,804285,19.808000,20.134000
252,5627,5627,55fb942,867293,867619,891362,891462,23.743000,24.069000
252,6680,6680,5a18943,896051,896377,906426,906526,10.049000,10.375000
252,5841,5841,56d1943,1070051,1070377,1109904,1110004,39.527000,39.853000
252,3618,3618,4e22942,1076486,1076812,1115418,1115518,38.606000,38.932000
252,4972,4972,536c941,1089051,1089385,1134336,1134436,44.951000,45.285000
252,8457,8457,6109943,1145051,1145385,1177035,1177135,31.650000,31.984000
252,9795,9795,6643941,1170051,1170385,1192803,1192903,22.418000,22.752000
252,6004,6004,5774941,1299168,1299494,1312447,1312547,12.953000,13.279000
252,10604,10604,696c942,1338051,1338385,1343967,1344067,5.582000,5.916000
252,6875,6875,5adb941,1349051,1349385,1369703,1369803,20.318000,20.652000
252,8936,8936,62e8941,1498051,1498385,1511984,1512084,13.599000,13.933000
252,10756,10756,6a04942,1506051,1506385,1517457,1517557,11.072000,11.406000
252,6094,6094,57ce940,1525051,1525385,1544573,1544673,19.188000,19.522000
252,6721,6721,5a41943,1606051,1606377,1619122,1619222,12.745000,13.071000
252,9459,9459,64f3940,1617051,1617385,1630069,1630169,12.684000,13.018000
252,8888,8888,62b8943,1645051,1645377,1662588,1662688,17.211000,17.537000
252,7956,7956,5f14942,1739051,1739377,1766376,1766476,26.999000,27.325000
252,9488,9488,6510941,2237051,2237385,2251853,2251953,14.468000,14.802000
252,10770,10770,6a12941,2271826,2272160,2292557,2292657,20.397000,20.731000
253,2318,2318,490e943,37051,37377,49276,49376,11.899000,12.225000
253,247,247,40f7942,40051,40377,54655,54755,14.278000,14.604000
253,22,22,4016941,53051,53385,91975,92075,38.590000,38.924000
253,1878,1878,4756942,102051,102385,123591,123691,21.206000,21.540000
253,1149,1149,447d941,204051,204385,212709,212809,8.324000,8.658000
253,917,917,4395943,203051,203385,216847,216947,13.462000,13.796000
253,733,733,42dd940,230051,230377,258457,258556,28.080000,28.406000
253,3793,3793,4ed1940,306051,306385,317437,317537,11.052000,11.386000
253,1524,1524,45f4941,290051,290385,324880,324980,34.495000,34.829000
253,4730,4730,527a943,361051,361377,366929,367029,5.552000,5.878000
253,3290,3290,4cda940,374051,374385,388212,388312,13.827000,14.161000
253,2963,2963,4b93941,495862,496188,501772,501872,5.584000,5.910000
253,8131,8131,5fc3942,557051,557377,570124,570224,12.747000,13.073000
253,3409,3409,4d51941,581051,581377,619585,619685,38.208000,38.534000
253,3092,3092,4c14942,620051,620377,667749,667849,47.372000,47.698000
253,4300,4300,50cc943,674051,674385,700620,700720,26.235000,26.569000
253,4142,4142,502e941,746051,746377,753814,753914,7.437000,7.763000
253,5464,5464,5558942,751051,751385,777140,777240,25.755000,26.089000
253,5874,5874,56f2941,738438,738764,788200,788300,49.436000,49.762000
253,6589,6589,59bd942,811533,811867,841110,841210,29.243000,29.577000
253,5131,5131,540b941,830051,830385,845242,845342,14.857000,15.191000
253,3379,3379,4d33943,842273,842599,866177,866277,23.578000,23.904000
253,3472,3472,4d90940,864051,864385,877076,877176,12.691000,13.025000
253,3282,3282,4cd2943,866051,866385,920843,920943,54.458000,54.792000
253,9021,9021,633d943,929051,929385,936769,936869,7.384000,7.718000
253,6653,6653,59fd942,893257,893591,942251,942351,48.660000,48.994000
253,4541,4541,51bd943,956453,956779,970544,970644,13.765000,14.091000
253,5486,5486,556e941,986051,986377,1007272,1007372,20.895000,21.221000
253,4935,4935,5347943,993365,993699,1067944,1068044,74.245000,74.579000
253,7087,7087,5baf940,1134349,1134683,1147327,1147427,12.644000,12.978000
253,8174,8174,5fee942,1291395,1291729,1310719,1310819,18.990000,19.324000
253,9896,9896,66a8941,1331051,1331377,1345658,1345758,14.281000,14.607000
253,6387,6387,58f3942,1342051,1342377,1359512,1359612,17.135000,17.461000
253,9539,9539,6543943,1351051,1351377,1366002,1366102,14.625000,14.951000
253,5229,5229,546d943,1354051,1354377,1386889,1386989,32.512000,32.838000
253,6666,6666,5a0a942,1375051,1375377,1412179,1412279,36.802000,37.128000
253,6830,6830,5aae942,1395479,1395805,1417673,1417773,21.868000,22.194000
253,7589,7589,5da5942,1407190,1407516,1423200,1423300,15.684000,16.010000
253,10642,10642,6992942,1481051,1481385,1496106,1496206,14.721000,15.055000
253,8607,8607,619f942,1488051,1488385,1505421,1505521,17.036000,17.370000
253,9943,9943,66d7943,1534409,1534743,1552127,1552227,17.384000,17.718000
253,10917,10917,6aa5942,1925051,1925377,1947975,1948075,22.598000,22.924000
253,10926,10926,6aae940,1975051,1975377,1996935,1997035,21.558000,21.884000
253,7616,7616,5dc0940,2167051,2167377,2185637,2185737,18.260000,18.586000
253,9026,9026,6342940,2213051,2213377,2223364,2223464,9.987000,10.313000
254,715,715,42cb941,23051,23385,53204,53304,29.819000,30.153000
254,176,176,40b0941,58051,58377,90500,90600,32.123000,32.449000
254,1511,1511,45e7943,116164,116498,127549,127649,11.051000,11.385000
254,1837,1837,472d940,185125,185459,197658,197758,12.199000,12.533000
254,3323,3323,4cfb941,367199,367533,464090,464190,96.557000,96.891000
254,2054,2054,4806943,471051,471385,484295,484395,12.910000,13.244000
254,2745,2745,4ab9940,492416,492750,524601,524701,31.851000,32.185000
254,2897,2897,4b51942,561051,561377,614070,614170,52.693000,53.019000
254,4154,4154,503a941,629051,629385,635900,636000,6.515000,6.849000
254,7163,7163,5bfb943,693051,693385,720247,720347,26.862000,27.196000
254,6898,6898,5af2942,770051,770385,831352,831452,60.967000,61.301000
254,3416,3416,4d58940,903051,903377,919543,919643,16.166000,16.492000
254,7929,7929,5ef9943,963051,963377,981426,981526,18.049000,18.375000
254,7729,7729,5e31941,1036408,1036743,1062777,1062877,26.034000,26.369000
254,6628,6628,59e4941,1034051,1034377,1087959,1088059,53.582000,53.908000
254,6044,6044,579c943,1116051,1116377,1128570,1128670,12.193000,12.519000
254,6515,6515,5973943,1179051,1179385,1205095,1205195,25.710000,26.044000
254,9610,9610,658a942,1171051,1171377,1210569,1210669,39.192000,39.518000
254,8869,8869,62a5940,1222051,1222377,1234184,1234284,11.807000,12.133000
254,9864,9864,6688940,1252051,1252385,1262326,1262426,9.941000,10.275000
254,7438,7438,5d0e940,1236051,1236385,1267716,1267816,31.331000,31.665000
254,7501,7501,5d4d940,1291051,1291377,1308186,1308286,16.809000,17.135000
254,9905,9905,66b1942,1330051,1330385,1353338,1353438,22.953000,23.287000
254,5865,5865,56e9943,1395051,1395377,1421003,1421103,25.626000,25.952000
254,8514,8514,6142942,1428948,1429282,1438542,1438642,9.260000,9.594000
254,9801,9801,6649942,1491051,1491377,1510138,1510238,18.761000,19.087000
254,10855,10855,6a67940,1494051,1494377,1528935,1529035,34.558000,34.884000
254,9745,9745,6611943,1523051,1523377,1541148,1541248,17.771000,18.097000
254,10748,10748,69fc942,1575051,1575385,1596503,1596603,21.118000,21.452000
254,6566,6566,59a6942,1634051,1634377,1651393,1651493,17.016000,17.342000
254,5820,5820,56bc940,1654051,1654377,1671504,1671604,17.127000,17.453000
254,9573,9573,6565943,1788051,1788385,1802236,1802336,13.851000,14.185000
254,10895,10895,6a8f943,1786051,1786385,1808822,1808922,22.437000,22.771000
254,10847,10847,6a5f941,2320051,2320385,2338439,2338539,18.054000,18.388000
254,10042,10042,673a941,2629051,2629385,2636770,2636870,7.385000,7.719000
255,564,564,4234940,116051,116385,138126,138226,21.741000,22.075000
255,350,350,415e943,149051,149385,175574,175674,26.189000,26.523000
255,1063,1063,4427943,160431,160757,186621,186721,25.864000,26.190000
255,616,616,4268941,174051,174377,191966,192066,17.589000,17.915000
255,1232,1232,44d0941,206051,206385,240292,240392,33.907000,34.241000
255,933,933,43a5941,234051,234377,296017,296117,61.640000,61.966000
255,3529,3529,4dc9943,297051,297377,321011,321111,23.634000,23.960000
255,620,620,426c941,351051,351377,376429,376529,25.052000,25.378000
255,2820,2820,4b04942,411051,411385,479895,479995,68.510000,68.844000
255,4909,4909,532d940,525051,525377,549054,549154,23.677000,24.003000
255,3344,3344,4d10940,539051,539377,565525,565625,26.148000,26.474000
255,1957,1957,47a5941,544051,544377,578645,578745,34.268000,34.594000
255,5557,5557,55b5942,576051,576385,593646,593746,17.261000,17.595000
255,2043,2043,47fb942,659051,659377,673221,673321,13.844000,14.170000
255,6181,6181,5825940,679051,679377,779445,779545,100.068000,100.394000
255,10645,10645,6995942,789051,789377,803802,803902,14.425000,14.751000
255,4151,4151,5037941,778745,779079,812743,812843,33.664000,33.998000
255,5719,5719,5657942,780151,780477,866891,866991,86.414000,86.740000
255,8699,8699,61fb940,936051,936377,994165,994265,57.788000,58.114000
255,7642,7642,5dda940,998051,998377,1017338,1017438,18.961000,19.287000
255,7354,7354,5cba943,1044051,1044385,1057924,1058024,13.539000,13.873000
255,8369,8369,60b1941,1017051,1017377,1062050,1062150,44.673000,44.999000
255,7309,7309,5c8d943,1080693,1081027,1105790,1105890,24.763000,25.097000
255,6744,6744,5a58943,1091051,1091377,1115939,1116039,24.562000,24.888000
255,7321,7321,5c99941,1113051,1113385,1140230,1140330,26.845000,27.179000
255,5191,5191,5447942,1143051,1143385,1156541,1156641,13.156000,13.490000
255,6413,6413,590d942,1436051,1436385,1449093,1449193,12.708000,13.042000
255,6624,6624,59e0940,1438051,1438385,1460863,1460963,22.478000,22.812000
255,7172,7172,5c04940,1465438,1465764,1507089,1507189,41.325000,41.651000
255,5809,5809,56b1940,1537051,1537377,1550097,1550197,12.720000,13.046000
255,10405,10405,68a5943,1621051,1621377,1634148,1634248,12.771000,13.097000
255,9213,9213,63fd941,1638051,1638377,1667036,1667136,28.659000,28.985000
255,8785,8785,6251941,1999051,1999377,2024595,2024695,25.218000,25.544000
255,8800,8800,6260941,2278418,2278752,2287034,2287134,8.282000,8.616000
