port,pkt_seq,original_event_id,tail_flit,head_inject_req_ps,head_ingress_ack_ps,tail_egress_req_ps,tail_capture_ps,per_dest_latency_ns,tmax_component_ns
0,7,7,4007941,73051,73385,79886,79986,6.501000,6.835000
0,1835,1835,472b940,130438,130764,136314,136414,5.550000,5.876000
0,2608,2608,4a30943,242162,242488,253385,253485,10.897000,11.223000
0,1117,1117,445d942,314051,314385,328623,328723,14.238000,14.572000
0,1750,1750,46d6940,378051,378385,387027,387127,8.642000,8.976000
0,2610,2610,4a32940,402051,402377,409257,409357,6.880000,7.206000
0,1409,1409,4581940,386051,386385,414811,414911,28.426000,28.760000
0,2332,2332,491c942,413051,413377,431152,431252,17.775000,18.101000
0,1831,1831,4727942,447051,447377,457400,457500,10.023000,10.349000
0,4790,4790,52b6942,475051,475377,482738,482838,7.361000,7.687000
0,3968,3968,4f80941,513050,513385,524220,524320,10.835000,11.170000
0,3495,3495,4da7943,754051,754377,760933,761033,6.556000,6.882000
0,4544,4544,51c0941,771051,771385,782654,782754,11.269000,11.603000
0,2272,2272,48e0943,775051,775385,788139,788239,12.754000,13.088000
0,3536,3536,4dd0941,804051,804385,837339,837439,32.954000,33.288000
0,3864,3864,4f18940,891051,891377,912346,912446,20.969000,21.295000
0,3893,3893,4f35943,949051,949377,962157,962257,12.780000,13.106000
0,7973,7973,5f25940,989051,989377,1002985,1003085,13.608000,13.934000
0,7012,7012,5b64942,1087481,1087815,1103147,1103247,15.332000,15.666000
0,7190,7190,5c16942,1087051,1087385,1114166,1114266,26.781000,27.115000
0,8388,8388,60c4940,1121418,1121752,1129295,1129395,7.543000,7.877000
0,6107,6107,57db943,1156051,1156385,1169609,1169709,13.224000,13.558000
0,7052,7052,5b8c943,1207051,1207385,1222336,1222436,14.951000,15.285000
0,5586,5586,55d2943,1248051,1248385,1262729,1262829,14.344000,14.678000
0,10296,10296,6838940,1392051,1392377,1407572,1407672,15.195000,15.521000
0,9609,9609,6589942,1620051,1620385,1632083,1632183,11.698000,12.032000
0,9210,9210,63fa943,1664051,1664385,1682219,1682319,17.834000,18.168000
0,8708,8708,6204943,1735051,1735377,1741943,1742043,6.566000,6.892000
0,8543,8543,615f941,1871051,1871377,1880511,1880611,9.134000,9.460000
0,6622,6622,59de940,1953051,1953385,1961652,1961752,8.267000,8.601000
1,130,130,4082940,40051,40385,55355,55455,14.970000,15.304000
1,2451,2451,4993941,122051,122385,130661,130760,8.276000,8.610000
1,2928,2928,4b70942,230051,230377,235129,235229,4.752000,5.078000
1,1005,1005,43ed942,267245,267571,276846,276946,9.275000,9.601000
1,2153,2153,4869943,275051,275385,285490,285590,10.105000,10.439000
1,1073,1073,4431943,324051,324377,339759,339859,15.382000,15.708000
1,2520,2520,49d8942,358033,358359,375075,375175,16.716000,17.042000
1,3758,3758,4eae941,373453,373779,382168,382268,8.389000,8.715000
1,3307,3307,4ceb942,388051,388385,398355,398455,9.970000,10.304000
1,2758,2758,4ac6940,483051,483385,488089,488189,4.704000,5.038000
1,3357,3357,4d1d941,497051,497385,507056,507156,9.671000,10.005000
1,1737,1737,46c9943,547051,547377,556487,556587,9.110000,9.436000
1,2692,2692,4a84942,550051,550385,561805,561905,11.420000,11.754000
1,4085,4085,4ff5940,553051,553377,567134,567234,13.757000,14.083000
1,2698,2698,4a8a940,565051,565377,573527,573627,8.150000,8.476000
1,3302,3302,4ce6940,597051,597377,610322,610422,12.945000,13.271000
1,4065,4065,4fe1941,593051,593377,615847,615947,22.470000,22.796000
1,3157,3157,4c55942,623051,623377,632505,632605,9.128000,9.454000
1,3979,3979,4f8b940,694051,694377,703493,703593,9.116000,9.442000
1,4051,4051,4fd3940,698449,698775,709000,709100,10.225000,10.551000
1,3111,3111,4c27942,722051,722385,732526,732626,10.141000,10.475000
1,5750,5750,5676940,819051,819377,825797,825897,6.420000,6.746000
1,5639,5639,5607940,830051,830385,839445,839545,9.060000,9.394000
1,4081,4081,4ff1943,899051,899385,905007,905107,5.622000,5.956000
1,8683,8683,61eb941,1051051,1051377,1061365,1061465,9.988000,10.314000
1,6162,6162,5812941,1054051,1054385,1065560,1065660,11.175000,11.509000
1,8322,8322,6082940,1103051,1103377,1116808,1116908,13.431000,13.757000
1,9002,9002,632a940,1132051,1132377,1145042,1145142,12.665000,12.991000
1,5669,5669,5625942,1193051,1193385,1201575,1201675,8.190000,8.524000
1,5250,5250,5482942,1197051,1197377,1207079,1207179,9.702000,10.028000
1,5721,5721,5659941,1240051,1240385,1247662,1247762,7.277000,7.611000
1,5318,5318,54c6942,1263051,1263385,1270730,1270830,7.345000,7.679000
1,10601,10601,6969941,1277051,1277385,1287278,1287378,9.893000,10.227000
1,7541,7541,5d75941,1357051,1357385,1362067,1362167,4.682000,5.016000
1,7780,7780,5e64942,1382051,1382385,1393188,1393288,10.803000,11.137000
1,10040,10040,6738942,1522051,1522377,1542941,1543041,20.564000,20.890000
1,8615,8615,61a7943,1601051,1601385,1628156,1628256,26.771000,27.105000
1,8531,8531,6153941,1674051,1674377,1686123,1686223,11.746000,12.072000
1,10985,10985,6ae9943,1672395,1672729,1691649,1691749,18.920000,19.254000
1,9620,9620,6594940,1779051,1779385,1784084,1784184,4.699000,5.033000
1,10746,10746,69fa943,1849051,1849377,1861103,1861203,11.726000,12.052000
1,9616,9616,6590940,2586051,2586377,2593730,2593830,7.353000,7.679000
2,483,483,41e3940,41051,41385,47033,47133,5.648000,5.982000
2,48,48,4030941,53051,53385,78553,78653,25.168000,25.502000
2,597,597,4255940,56051,56385,84036,84136,27.651000,27.985000
2,838,838,4346940,139051,139377,146760,146860,7.383000,7.709000
2,2990,2990,4bae941,148051,148377,160152,160252,11.775000,12.101000
2,1479,1479,45c7940,193051,193377,198941,199041,5.564000,5.890000
2,1206,1206,44b6943,215051,215377,229109,229209,13.732000,14.058000
2,1824,1824,4720942,223051,223377,245449,245549,22.072000,22.398000
2,2210,2210,48a2942,235051,235385,250961,251061,15.576000,15.910000
2,1643,1643,466b941,245051,245377,265558,265658,20.181000,20.507000
2,1460,1460,45b4943,257051,257376,269673,269773,12.297000,12.622000
2,2561,2561,4a01942,273051,273385,284224,284324,10.839000,11.173000
2,2323,2323,4913942,327446,327780,340365,340465,12.585000,12.919000
2,3387,3387,4d3b941,436051,436377,452608,452708,16.231000,16.557000
2,4623,4623,520f942,457051,457385,462920,463020,5.535000,5.869000
2,3505,3505,4db1940,482395,482721,490960,491060,8.239000,8.565000
2,4896,4896,5320941,612051,612377,617931,618031,5.554000,5.880000
2,3742,3742,4e9e940,627438,627764,642956,643056,15.192000,15.518000
2,3947,3947,4f6b943,658431,658757,678876,678976,20.119000,20.445000
2,3053,3053,4bed943,696051,696377,708967,709067,12.590000,12.916000
2,3654,3654,4e46943,713051,713377,748713,748813,35.336000,35.662000
2,4442,4442,515a941,746051,746385,754582,754682,8.197000,8.531000
2,2507,2507,49cb943,810051,810377,816836,816936,6.459000,6.785000
2,4137,4137,5029941,819051,819377,825888,825988,6.511000,6.837000
2,4307,4307,50d3941,844051,844385,850840,850940,6.455000,6.789000
2,3995,3995,4f9b940,843051,843377,854994,855094,11.617000,11.943000
2,4057,4057,4fd9942,933200,933534,943934,944034,10.400000,10.734000
2,3789,3789,4ecd943,936051,936385,949443,949543,13.058000,13.392000
2,5371,5371,54fb941,1045051,1045377,1053939,1054039,8.562000,8.888000
2,7656,7656,5de8943,1136051,1136377,1146338,1146438,9.961000,10.287000
2,7243,7243,5c4b943,1244051,1244377,1253487,1253587,9.110000,9.436000
2,7548,7548,5d7c943,1256051,1256377,1269319,1269419,12.942000,13.268000
2,9072,9072,6370942,1299051,1299377,1304095,1304195,4.718000,5.044000
2,9222,9222,6406942,1326051,1326385,1331055,1331155,4.670000,5.004000
2,7652,7652,5de4943,1325051,1325377,1338850,1338950,13.473000,13.799000
2,10443,10443,68cb943,1369051,1369377,1379366,1379466,9.989000,10.315000
2,5589,5589,55d5942,1387051,1387377,1393851,1393951,6.474000,6.800000
2,10221,10221,67ed940,1391051,1391385,1399556,1399656,8.171000,8.505000
2,6193,6193,5831943,1501051,1501385,1512236,1512336,10.851000,11.185000
2,9753,9753,6619940,1578508,1578834,1586208,1586308,7.374000,7.700000
2,9946,9946,66da942,1608051,1608377,1617535,1617635,9.158000,9.484000
2,9240,9240,6418940,1635051,1635377,1640962,1641062,5.585000,5.911000
2,7349,7349,5cb5941,1712051,1712377,1721450,1721550,9.073000,9.399000
2,8092,8092,5f9c943,1738051,1738385,1745686,1745786,7.301000,7.635000
2,8201,8201,6009940,1787051,1787385,1798277,1798377,10.892000,11.226000
2,10208,10208,67e0941,1943051,1943385,1948931,1949031,5.546000,5.880000
2,10569,10569,6949942,1983051,1983377,1991608,1991708,8.231000,8.557000
2,9762,9762,6622942,2215051,2215385,2222699,2222799,7.314000,7.648000
2,10517,10517,6915941,2207051,2207377,2228224,2228324,20.847000,21.173000
3,389,389,4185943,36051,36385,48665,48765,12.280000,12.614000
3,355,355,4163942,87051,87385,101842,101942,14.457000,14.791000
3,3472,3472,4d90940,196051,196385,207216,207316,10.831000,11.165000
3,3240,3240,4ca8941,206051,206385,217231,217331,10.846000,11.180000
3,1435,1435,459b940,323425,323759,329351,329451,5.592000,5.926000
3,1364,1364,4554943,337051,337385,359681,359781,22.296000,22.630000
3,2988,2988,4bac942,367051,367385,374015,374115,6.630000,6.964000
3,2897,2897,4b51941,471051,471377,482087,482187,10.710000,11.036000
3,4055,4055,4fd7940,481438,481764,499612,499712,17.848000,18.174000
3,4654,4654,522e943,602051,602377,610585,610685,8.208000,8.534000
3,2791,2791,4ae7942,654051,654377,672378,672478,18.001000,18.327000
3,4486,4486,5186942,689051,689385,701149,701249,11.764000,12.098000
3,7209,7209,5c29940,696051,696377,707185,707285,10.808000,11.134000
3,2469,2469,49a5942,711051,711377,719043,719143,7.666000,7.992000
3,4407,4407,5137941,788051,788385,795706,795806,7.321000,7.655000
3,6542,6542,598e940,789051,789377,801191,801291,11.814000,12.140000
3,3075,3075,4c03943,828051,828385,834872,834972,6.487000,6.821000
3,6182,6182,5826941,873051,873385,886194,886294,12.809000,13.143000
3,9208,9208,63f8942,880051,880377,890418,890518,10.041000,10.367000
3,3179,3179,4c6b943,914051,914377,919063,919163,4.686000,5.012000
3,5439,5439,553f941,1108051,1108377,1120135,1120235,11.758000,12.084000
3,8858,8858,629a943,1234051,1234377,1243417,1243517,9.040000,9.366000
3,7149,7149,5bed941,1389051,1389385,1401140,1401240,11.755000,12.089000
3,10306,10306,6842940,1471453,1471779,1479158,1479258,7.379000,7.705000
3,7935,7935,5eff941,1505051,1505377,1514573,1514673,9.196000,9.522000
3,8863,8863,629f942,1533051,1533385,1544292,1544392,10.907000,11.241000
3,8645,8645,61c5943,1546431,1546757,1560358,1560458,13.601000,13.927000
3,10080,10080,6760942,1585051,1585385,1597149,1597249,11.764000,12.098000
3,9173,9173,63d5943,1865051,1865385,1872700,1872800,7.315000,7.649000
3,7108,7108,5bc4943,2183051,2183377,2197815,2197915,14.438000,14.764000
3,9987,9987,6703942,2305051,2305385,2313614,2313714,8.229000,8.563000
4,240,240,40f0941,31431,31757,40087,40187,8.330000,8.656000
4,1181,1181,449d942,122051,122377,128031,128131,5.654000,5.980000
4,316,316,413c942,124051,124377,133439,133539,9.062000,9.388000
4,171,171,40ab941,136051,136385,145509,145609,9.124000,9.458000
4,338,338,4152943,256051,256385,268143,268243,11.758000,12.092000
4,2658,2658,4a62943,301051,301385,310457,310557,9.072000,9.406000
4,3305,3305,4ce9940,418051,418385,430572,430672,12.187000,12.521000
4,2162,2162,4872941,461051,461385,469624,469724,8.239000,8.573000
4,3985,3985,4f91940,485051,485377,492727,492827,7.350000,7.676000
4,5899,5899,570b942,532051,532377,538864,538964,6.487000,6.813000
4,2782,2782,4ade941,549051,549385,559373,559473,9.988000,10.322000
4,4222,4222,507e941,585051,585385,592738,592838,7.353000,7.687000
4,7145,7145,5be9940,628446,628780,638754,638854,9.974000,10.308000
4,5064,5064,53c8941,682051,682385,689744,689844,7.359000,7.693000
4,2299,2299,48fb941,685051,685385,696264,696364,10.879000,11.213000
4,6754,6754,5a62942,689051,689385,701772,701872,12.387000,12.721000
4,2851,2851,4b23942,678051,678385,713650,713750,35.265000,35.599000
4,6144,6144,5800940,724051,724377,737844,737944,13.467000,13.793000
4,5879,5879,56f7941,810051,810377,822967,823067,12.590000,12.916000
4,4039,4039,4fc7941,838051,838377,847487,847587,9.110000,9.436000
4,6672,6672,5a10942,896051,896377,908101,908201,11.724000,12.050000
4,5009,5009,5391941,941769,942103,962194,962294,20.091000,20.425000
4,6593,6593,59c1942,952051,952377,967685,967785,15.308000,15.634000
4,6376,6376,58e8940,1087051,1087377,1100482,1100582,13.105000,13.431000
4,8164,8164,5fe4942,1100051,1100385,1111340,1111440,10.955000,11.289000
4,7212,7212,5c2c941,1100062,1100396,1122331,1122431,21.935000,22.269000
4,10023,10023,6727941,1142051,1142385,1155976,1156076,13.591000,13.925000
4,3277,3277,4ccd940,1161051,1161377,1166109,1166209,4.732000,5.058000
4,8270,8270,604e942,1177051,1177377,1183847,1183947,6.470000,6.796000
4,8137,8137,5fc9940,1175051,1175377,1189219,1189319,13.842000,14.168000
4,7336,7336,5ca8943,1294051,1294385,1306182,1306282,11.797000,12.131000
4,8140,8140,5fcc941,1318051,1318385,1324886,1324986,6.501000,6.835000
4,6270,6270,587e941,1373051,1373377,1381569,1381669,8.192000,8.518000
4,7639,7639,5dd7943,1369051,1369385,1387091,1387191,17.706000,18.040000
4,10630,10630,6986941,1415051,1415385,1422257,1422357,6.872000,7.206000
4,8721,8721,6211942,1627051,1627385,1642746,1642846,15.361000,15.695000
4,9348,9348,6484940,1712051,1712377,1719724,1719824,7.347000,7.673000
4,9567,9567,655f942,1730051,1730385,1737699,1737799,7.314000,7.648000
4,10074,10074,675a943,1976051,1976377,1985470,1985570,9.093000,9.419000
4,10551,10551,6937941,2059051,2059377,2066703,2066803,7.326000,7.652000
4,10690,10690,69c2943,2168051,2168377,2181038,2181138,12.661000,12.987000
4,10604,10604,696c943,2260051,2260377,2265083,2265183,4.706000,5.032000
5,182,182,40b6943,26051,26385,38651,38751,12.266000,12.600000
5,278,278,4116942,70051,70385,81122,81222,10.737000,11.071000
5,297,297,4129943,108252,108578,117670,117770,9.092000,9.418000
5,635,635,427b941,108051,108377,123175,123275,14.798000,15.124000
5,209,209,40d1941,153431,153757,164010,164110,10.253000,10.579000
5,830,830,433e943,175051,175385,191704,191804,16.319000,16.653000
5,719,719,42cf940,177051,177385,197244,197344,19.859000,20.193000
5,3693,3693,4e6d943,343410,343736,375970,376070,32.234000,32.560000
5,3694,3694,4e6e940,388051,388385,401001,401101,12.616000,12.950000
5,2131,2131,4853940,387416,387750,409169,409269,21.419000,21.753000
5,1459,1459,45b3942,438051,438385,443980,444080,5.595000,5.929000
5,2635,2635,4a4b940,445051,445377,454443,454543,9.066000,9.392000
5,4720,4720,5270940,455051,455377,465800,465900,10.423000,10.749000
5,2948,2948,4b84942,540051,540377,551606,551706,11.229000,11.555000
5,4961,4961,5361942,557425,557759,566875,566975,9.116000,9.450000
5,2832,2832,4b10940,558051,558385,571039,571139,12.654000,12.988000
5,4669,4669,523d942,618070,618404,632913,633013,14.509000,14.843000
5,5059,5059,53c3941,651051,651377,657820,657920,6.443000,6.769000
5,4294,4294,50c6941,781051,781377,791225,791325,9.848000,10.174000
5,8379,8379,60bb942,878460,878794,886116,886216,7.322000,7.656000
5,5226,5226,546a943,898051,898385,909192,909292,10.807000,11.141000
5,4561,4561,51d1941,909051,909385,919323,919423,9.938000,10.272000
5,5873,5873,56f1942,1064051,1064377,1070798,1070898,6.421000,6.747000
5,6911,6911,5aff943,1085395,1085729,1093183,1093283,7.454000,7.788000
5,4605,4605,51fd943,1093051,1093385,1106766,1106866,13.381000,13.715000
5,9902,9902,66ae941,1104051,1104385,1111673,1111773,7.288000,7.622000
5,9935,9935,66cf941,1116051,1116377,1123717,1123817,7.340000,7.666000
5,5542,5542,55a6943,1186051,1186377,1194633,1194733,8.256000,8.582000
5,10491,10491,68fb940,1311051,1311377,1321302,1321402,9.925000,10.251000
5,8310,8310,6076943,1380051,1380377,1393857,1393957,13.480000,13.806000
5,10424,10424,68b8940,1405051,1405385,1426869,1426969,21.484000,21.818000
5,4219,4219,507b941,1429051,1429385,1444461,1444561,15.076000,15.410000
5,10723,10723,69e3941,1458051,1458377,1463065,1463165,4.688000,5.014000
5,9993,9993,6709942,1482051,1482377,1494050,1494150,11.673000,11.999000
5,8904,8904,62c8941,1513051,1513385,1526433,1526533,13.048000,13.382000
5,8787,8787,6253940,1537051,1537377,1549111,1549211,11.734000,12.060000
5,9979,9979,66fb940,1553051,1553377,1558086,1558186,4.709000,5.035000
5,7476,7476,5d34941,1596425,1596759,1614839,1614939,18.080000,18.414000
5,10668,10668,69ac940,1806051,1806377,1816372,1816472,9.995000,10.321000
5,10181,10181,67c5943,2066051,2066377,2078086,2078187,11.709000,12.035000
5,10342,10342,6866943,2092051,2092385,2104115,2104215,11.730000,12.064000
6,177,177,40b1942,78051,78377,83980,84080,5.603000,5.929000
6,902,902,4386942,87051,87377,100832,100932,13.455000,13.781000
6,330,330,414a941,199051,199377,204106,204206,4.729000,5.055000
6,1148,1148,447c940,234051,234385,246103,246203,11.718000,12.052000
6,1679,1679,468f940,230051,230385,251754,251854,21.369000,21.703000
6,866,866,4362943,277051,277377,287035,287135,9.658000,9.984000
6,1489,1489,45d1940,357051,357385,371771,371871,14.386000,14.720000
6,3974,3974,4f86940,393051,393377,401294,401394,7.917000,8.243000
6,2852,2852,4b24941,432051,432385,441418,441518,9.033000,9.367000
6,3169,3169,4c61942,433051,433377,446825,446925,13.448000,13.774000
6,4266,4266,50aa942,447051,447385,452972,453072,5.587000,5.921000
6,2992,2992,4bb0941,665051,665377,678197,678297,12.820000,13.146000
6,4109,4109,500d942,736051,736377,741094,741194,4.717000,5.043000
6,5655,5655,5617943,726439,726773,769455,769555,42.682000,43.016000
6,6365,6365,58dd942,773051,773385,782478,782578,9.093000,9.427000
6,9085,9085,637d942,972008,972334,989371,989471,17.037000,17.363000
6,4721,4721,5271943,1069051,1069385,1074988,1075088,5.603000,5.937000
6,7387,7387,5cdb942,1192051,1192385,1197937,1198037,5.552000,5.886000
6,8578,8578,6182940,1237051,1237385,1247359,1247459,9.974000,10.308000
6,9291,9291,644b942,1287402,1287736,1295134,1295234,7.398000,7.732000
6,8566,8566,6176940,1299051,1299385,1316835,1316935,17.450000,17.784000
6,10161,10161,67b1943,1305768,1306094,1323303,1323403,17.209000,17.535000
6,5380,5380,5504942,1319051,1319377,1329306,1329406,9.929000,10.255000
6,6273,6273,5881941,1353051,1353377,1369319,1369419,15.942000,16.268000
6,7737,7737,5e39943,1402051,1402377,1414914,1415014,12.537000,12.863000
6,8051,8051,5f73941,1417051,1417385,1426466,1426566,9.081000,9.415000
6,9870,9870,668e943,1433051,1433377,1440679,1440779,7.302000,7.628000
6,5605,5605,55e5942,1457051,1457385,1481691,1481791,24.306000,24.640000
6,8911,8911,62cf941,1474051,1474385,1487948,1488048,13.563000,13.897000
6,8454,8454,6106942,1483051,1483377,1493277,1493377,9.900000,10.226000
6,6358,6358,58d6941,1528051,1528377,1541833,1541933,13.456000,13.782000
6,7554,7554,5d82941,1549051,1549377,1559324,1559424,9.947000,10.273000
6,10596,10596,6964940,1546051,1546377,1564804,1564904,18.427000,18.753000
6,9162,9162,63ca943,1568051,1568385,1577197,1577297,8.812000,9.146000
6,10027,10027,672b940,1568051,1568377,1582677,1582777,14.300000,14.626000
6,7206,7206,5c26943,1576051,1576385,1588097,1588197,11.712000,12.046000
6,8684,8684,61ec943,1568051,1568385,1593577,1593677,25.192000,25.526000
6,7622,7622,5dc6942,1659051,1659377,1674565,1674665,15.188000,15.514000
6,10808,10808,6a38943,1667051,1667377,1680085,1680185,12.708000,13.034000
6,9526,9526,6536941,1691051,1691377,1711891,1711991,20.514000,20.840000
6,8121,8121,5fb9943,1746051,1746377,1755422,1755522,9.045000,9.371000
6,8522,8522,614a941,1778424,1778750,1790556,1790656,11.806000,12.132000
6,8842,8842,628a943,1801051,1801385,1808701,1808801,7.316000,7.650000
6,9629,9629,659d943,2061439,2061773,2070063,2070162,8.290000,8.624000
7,1283,1283,4503941,40051,40385,46875,46975,6.490000,6.824000
7,525,525,420d942,34051,34385,52197,52297,17.812000,18.146000
7,621,621,426d940,108051,108385,114837,114937,6.452000,6.786000
7,2563,2563,4a03942,109051,109377,120293,120393,10.916000,11.242000
7,31,31,401f941,142051,142385,151506,151606,9.121000,9.455000
7,2843,2843,4b1b942,273051,273385,282454,282554,9.069000,9.403000
7,1357,1357,454d941,296051,296377,311696,311796,15.319000,15.645000
7,1964,1964,47ac941,434051,434385,441708,441808,7.323000,7.657000
7,4047,4047,4fcf943,436051,436385,448951,449051,12.566000,12.900000
7,1759,1759,46df942,465051,465377,483290,483390,17.913000,18.239000
7,5175,5175,5437940,495051,495377,508718,508818,13.341000,13.667000
7,4276,4276,50b4940,561051,561385,566122,566222,4.737000,5.071000
7,3351,3351,4d17942,628418,628752,634338,634438,5.586000,5.920000
7,4750,4750,528e940,701051,701377,707822,707922,6.445000,6.771000
7,4153,4153,5039943,699431,699757,721196,721296,21.439000,21.765000
7,3739,3739,4e9b943,725051,725377,735326,735426,9.949000,10.275000
7,5067,5067,53cb941,812051,812377,821501,821601,9.124000,9.450000
7,5856,5856,56e0942,821051,821377,832467,832567,11.090000,11.416000
7,4568,4568,51d8943,827051,827377,843490,843590,16.113000,16.439000
7,4138,4138,502a941,852051,852385,862355,862455,9.970000,10.304000
7,3150,3150,4c4e943,940051,940377,949469,949569,9.092000,9.418000
7,4653,4653,522d941,959051,959377,970187,970287,10.810000,11.136000
7,2930,2930,4b72941,959051,959377,977531,977631,18.154000,18.480000
7,7094,7094,5bb6941,965051,965377,983076,983176,17.699000,18.025000
7,6234,6234,585a943,1024051,1024385,1029985,1030086,5.600000,5.934000
7,6908,6908,5afc940,1035051,1035385,1064100,1064200,28.715000,29.049000
7,6983,6983,5b47940,1128051,1128377,1140137,1140237,11.760000,12.086000
7,8484,8484,6124940,1131051,1131377,1144331,1144431,12.954000,13.280000
7,8114,8114,5fb2943,1346051,1346377,1355473,1355573,9.096000,9.422000
7,7314,7314,5c92941,1396051,1396385,1406325,1406425,9.940000,10.274000
7,9593,9593,6579942,1397051,1397385,1411692,1411792,14.307000,14.641000
7,9223,9223,6407942,1408051,1408377,1425293,1425393,16.916000,17.242000
7,7426,7426,5d02943,1580051,1580377,1591276,1591376,10.899000,11.225000
7,6069,6069,57b5942,1587051,1587377,1603533,1603633,16.156000,16.482000
7,9152,9152,63c0942,1615051,1615377,1620970,1621070,5.593000,5.919000
7,10513,10513,6911943,1656051,1656385,1665418,1665518,9.033000,9.367000
7,9554,9554,6552943,1700051,1700377,1715364,1715464,14.987000,15.313000
7,8709,8709,6205943,1759051,1759377,1770214,1770314,10.837000,11.163000
7,8604,8604,619c941,1821051,1821377,1835826,1835926,14.449000,14.775000
7,8762,8762,623a941,1892051,1892377,1905878,1905978,13.501000,13.827000
7,9468,9468,64fc943,1927051,1927385,1939028,1939128,11.643000,11.977000
7,10595,10595,6963943,2290051,2290385,2297682,2297782,7.297000,7.631000
8,1642,1642,466a940,90051,90385,97789,97889,7.404000,7.738000
8,2967,2967,4b97940,105051,105385,110110,110210,4.725000,5.059000
8,469,469,41d5943,128051,128384,135985,136085,7.601000,7.934000
8,873,873,4369942,186051,186385,199065,199165,12.680000,13.014000
8,1680,1680,4690940,220051,220377,234686,234786,14.309000,14.635000
8,2287,2287,48ef943,224051,224385,240179,240279,15.794000,16.128000
8,1296,1296,4510941,247051,247377,265784,265884,18.407000,18.733000
8,2237,2237,48bd941,314051,314377,324424,324524,10.047000,10.373000
8,1259,1259,44eb940,298051,298385,335499,335599,37.114000,37.448000
8,2247,2247,48c7941,353051,353377,362093,362193,8.716000,9.042000
8,3436,3436,4d6c940,353051,353377,367578,367678,14.201000,14.527000
8,4799,4799,52bf941,357438,357764,373091,373191,15.327000,15.653000
8,2014,2014,47de940,370155,370489,380420,380520,9.931000,10.265000
8,2619,2619,4a3b943,388395,388721,396326,396426,7.605000,7.931000
8,3504,3504,4db0943,462051,462377,481024,481124,18.647000,18.973000
8,4957,4957,535d942,524050,524377,536228,536328,11.851000,12.178000
8,3824,3824,4ef0941,590051,590385,601163,601263,10.778000,11.112000
8,4002,4002,4fa2942,606051,606377,613764,613864,7.387000,7.713000
8,3326,3326,4cfe940,640051,640385,648653,648753,8.268000,8.602000
8,3929,3929,4f59940,789051,789385,798494,798594,9.109000,9.443000
8,6607,6607,59cf943,802051,802385,808902,809002,6.517000,6.851000
8,8852,8852,6294943,896051,896377,905674,905774,9.297000,9.623000
8,4873,4873,5309940,902051,902385,918959,919059,16.574000,16.908000
8,8501,8501,6135943,957051,957385,965304,965404,7.919000,8.253000
8,4802,4802,52c2942,976051,976385,985512,985612,9.127000,9.461000
8,6532,6532,5984942,995051,995385,1002748,1002848,7.363000,7.697000
8,3565,3565,4ded940,1014051,1014377,1036416,1036516,22.039000,22.365000
8,7435,7435,5d0b940,1077051,1077377,1093517,1093617,16.140000,16.466000
8,4540,4540,51bc940,1081051,1081377,1099019,1099119,17.642000,17.968000
8,6071,6071,57b7940,1093051,1093377,1110004,1110104,16.627000,16.953000
8,3961,3961,4f79942,1107051,1107385,1123278,1123378,15.893000,16.227000
8,7631,7631,5dcf943,1123051,1123377,1144880,1144980,21.503000,21.829000
8,6688,6688,5a20942,1163051,1163377,1170747,1170847,7.370000,7.696000
8,8279,8279,6057941,1182051,1182385,1194775,1194875,12.390000,12.724000
8,8956,8956,62fc943,1203051,1203385,1215910,1216010,12.525000,12.859000
8,8975,8975,630f940,1267051,1267385,1275576,1275676,8.191000,8.525000
8,5551,5551,55af940,1438051,1438377,1453535,1453635,15.158000,15.484000
8,6774,6774,5a76940,1456051,1456377,1467320,1467420,10.943000,11.269000
8,8744,8744,6228942,1571051,1571385,1595669,1595769,24.284000,24.618000
8,8014,8014,5f4e940,1593051,1593385,1602456,1602556,9.071000,9.405000
8,9274,9274,643a943,1594051,1594377,1608005,1608105,13.628000,13.954000
8,6424,6424,5918943,1614051,1614377,1629075,1629175,14.698000,15.024000
8,5577,5577,55c9942,1635051,1635385,1648983,1649083,13.598000,13.932000
8,9908,9908,66b4941,1664051,1664385,1673520,1673620,9.135000,9.469000
8,8565,8565,6175940,1893051,1893377,1898949,1899049,5.572000,5.898000
8,9206,9206,63f6940,1921051,1921385,1940026,1940126,18.641000,18.975000
8,8978,8978,6312940,2140881,2141215,2150291,2150391,9.076000,9.410000
9,315,315,413b940,35051,35377,50469,50569,15.092000,15.418000
9,520,520,4208941,81697,82031,88448,88548,6.417000,6.751000
9,1751,1751,46d7941,96051,96385,109055,109155,12.670000,13.004000
9,1254,1254,44e6943,183051,183385,194279,194379,10.894000,11.228000
9,846,846,434e942,233051,233377,242564,242664,9.187000,9.513000
9,1996,1996,47cc942,302051,302385,315136,315236,12.751000,13.085000
9,998,998,43e6943,349051,349377,362072,362172,12.695000,13.021000
9,2170,2170,487a943,477051,477377,488192,488292,10.815000,11.141000
9,3798,3798,4ed6943,556051,556377,570768,570868,14.391000,14.717000
9,2318,2318,490e940,562051,562377,576277,576377,13.900000,14.226000
9,5887,5887,56ff942,624051,624385,637102,637202,12.717000,13.051000
9,5733,5733,5665943,679051,679385,685077,685177,5.692000,6.026000
9,3571,3571,4df3940,728051,728385,746166,746266,17.781000,18.115000
9,3148,3148,4c4c942,790051,790385,802941,803041,12.556000,12.890000
9,5636,5636,5604942,812051,812385,830318,830418,17.933000,18.267000
9,6592,6592,59c0940,897051,897377,902070,902170,4.693000,5.019000
9,5650,5650,5612940,897051,897385,906244,906344,8.859000,9.193000
9,3740,3740,4e9c941,919733,920067,924751,924851,4.684000,5.018000
9,6605,6605,59cd941,962051,962377,970602,970702,8.225000,8.551000
9,3330,3330,4d02941,1053051,1053377,1064211,1064311,10.834000,11.160000
9,8679,8679,61e7943,1054051,1054385,1068414,1068514,14.029000,14.363000
9,7881,7881,5ec9941,1144051,1144385,1156149,1156249,11.764000,12.098000
9,10944,10944,6ac0943,1156051,1156377,1162869,1162969,6.492000,6.818000
9,8883,8883,62b3940,1164051,1164377,1173458,1173558,9.081000,9.407000
9,6827,6827,5aab941,1183051,1183385,1188992,1189092,5.607000,5.941000
9,7905,7905,5ee1941,1186051,1186377,1196325,1196425,9.948000,10.274000
9,8225,8225,6021942,1216425,1216759,1226752,1226852,9.993000,10.327000
9,8646,8646,61c6942,1231051,1231377,1242277,1242377,10.900000,11.226000
9,8109,8109,5fad941,1271051,1271385,1294216,1294316,22.831000,23.165000
9,10223,10223,67ef941,1380051,1380385,1389797,1389897,9.412000,9.746000
9,8810,8810,626a941,1389051,1389385,1399347,1399447,9.962000,10.296000
9,8269,8269,604d943,1418453,1418779,1431585,1431685,12.806000,13.132000
9,9703,9703,65e7940,1445051,1445377,1454489,1454589,9.112000,9.438000
9,8044,8044,5f6c941,1469051,1469385,1474925,1475025,5.540000,5.874000
9,8786,8786,6252940,1565051,1565377,1576270,1576370,10.893000,11.219000
9,10524,10524,691c942,1625051,1625377,1630946,1631046,5.569000,5.895000
9,6523,6523,597b940,1642051,1642385,1653337,1653437,10.952000,11.286000
9,10125,10125,678d941,1705051,1705385,1717152,1717252,11.767000,12.101000
9,5991,5991,5767942,1728051,1728377,1737503,1737603,9.126000,9.452000
9,10573,10573,694d943,2149051,2149385,2164572,2164672,15.187000,15.521000
9,9716,9716,65f4940,2343051,2343377,2353402,2353502,10.025000,10.351000
10,580,580,4244942,106051,106377,116395,116495,10.018000,10.344000
10,1236,1236,44d4942,212051,212385,227577,227677,15.192000,15.526000
10,465,465,41d1943,229051,229377,239899,239999,10.522000,10.848000
10,1099,1099,444b941,257453,257779,271703,271803,13.924000,14.250000
10,1114,1114,445a943,285051,285385,300181,300281,14.796000,15.130000
10,3642,3642,4e3a943,437051,437377,448206,448306,10.829000,11.155000
10,4319,4319,50df941,450051,450385,456892,456992,6.507000,6.841000
10,3921,3921,4f51941,448418,448752,462363,462463,13.611000,13.945000
10,3280,3280,4cd0942,467051,467385,477320,477420,9.935000,10.269000
10,5228,5228,546c940,478051,478377,492897,492997,14.520000,14.846000
10,1804,1804,470c942,503051,503377,511574,511674,8.197000,8.523000
10,2238,2238,48be940,516050,516377,525695,525795,9.318000,9.645000
10,4079,4079,4fef941,525846,526172,533567,533667,7.395000,7.721000
10,2147,2147,4863942,606051,606377,625511,625611,19.134000,19.460000
10,3247,3247,4caf943,636051,636377,649217,649317,12.840000,13.166000
10,4092,4092,4ffc942,687051,687377,696439,696539,9.062000,9.388000
10,5621,5621,55f5943,790051,790385,798947,799047,8.562000,8.896000
10,7112,7112,5bc8941,803051,803385,813601,813701,10.216000,10.550000
10,8951,8951,62f7943,862051,862377,874819,874919,12.442000,12.768000
10,9865,9865,6689941,895051,895377,923868,923968,28.491000,28.817000
10,8130,8130,5fc2942,1007051,1007377,1017361,1017461,9.984000,10.310000
10,6985,6985,5b49942,1052051,1052385,1065525,1065625,13.140000,13.474000
10,4587,4587,51eb942,1153051,1153385,1161559,1161659,8.174000,8.508000
10,5323,5323,54cb942,1208051,1208377,1219591,1219691,11.214000,11.540000
10,9786,9786,663a942,1228051,1228377,1238308,1238408,9.931000,10.257000
10,7689,7689,5e09943,1245051,1245377,1279148,1279248,33.771000,34.097000
10,5474,5474,5562940,1301051,1301377,1308733,1308833,7.356000,7.682000
10,9499,9499,651b942,1319051,1319385,1326708,1326808,7.323000,7.657000
10,6104,6104,57d8940,1388051,1388377,1395751,1395851,7.374000,7.700000
10,8418,8418,60e2943,1460395,1460721,1471544,1471644,10.823000,11.149000
10,8535,8535,6157943,1460051,1460385,1476904,1477004,16.519000,16.853000
10,6198,6198,5836940,1483051,1483377,1492010,1492110,8.633000,8.959000
10,7422,7422,5cfe941,1490051,1490385,1502937,1503037,12.552000,12.886000
10,10162,10162,67b2940,1515051,1515377,1528422,1528522,13.045000,13.371000
10,10277,10277,6825941,1608424,1608750,1621785,1621885,13.035000,13.361000
10,6562,6562,59a2940,1639051,1639385,1660808,1660908,21.423000,21.757000
10,9391,9391,64af943,1649051,1649385,1671779,1671879,22.394000,22.728000
10,8035,8035,5f63940,1691051,1691377,1702283,1702383,10.906000,11.232000
10,10972,10972,6adc943,1697051,1697385,1721135,1721235,23.750000,24.084000
10,9429,9429,64d5940,1800051,1800377,1806859,1806959,6.482000,6.808000
10,10650,10650,699a940,2072051,2072385,2080593,2080694,8.208000,8.542000
10,9985,9985,6701942,2087051,2087385,2092996,2093095,5.611000,5.945000
10,9708,9708,65ec943,2248453,2248779,2265203,2265303,16.424000,16.750000
10,10789,10789,6a25943,2281439,2281773,2293551,2293651,11.778000,12.112000
11,45,45,402d942,28051,28385,36691,36791,8.306000,8.640000
11,1938,1938,4792941,139051,139385,149274,149374,9.889000,10.223000
11,2817,2817,4b01942,173051,173385,185124,185224,11.739000,12.073000
11,2977,2977,4ba1941,220051,220385,226013,226113,5.628000,5.962000
11,796,796,431c940,210051,210377,230163,230263,19.786000,20.112000
11,4666,4666,523a940,345051,345385,355311,355411,9.926000,10.260000
11,4839,4839,52e7941,399051,399385,415987,416087,16.602000,16.936000
11,1284,1284,4504940,389051,389377,426953,427053,37.576000,37.902000
11,1461,1461,45b5940,426051,426377,438039,438139,11.662000,11.988000
11,2101,2101,4835943,477051,477385,487369,487469,9.984000,10.318000
11,1569,1569,4621942,487051,487385,496528,496628,9.143000,9.477000
11,4800,4800,52c0943,511051,511377,520463,520563,9.086000,9.412000
11,3708,3708,4e7c941,582416,582742,593660,593760,10.918000,11.244000
11,4247,4247,5097942,582051,582385,599114,599214,16.729000,17.063000
11,5700,5700,5644940,595051,595377,604481,604581,9.104000,9.430000
11,3146,3146,4c4a941,587427,587753,609811,609911,22.058000,22.384000
11,2756,2756,4ac4943,649051,649377,661380,661480,12.003000,12.329000
11,3397,3397,4d45941,690051,690377,700990,701090,10.613000,10.939000
11,2399,2399,495f942,717051,717385,724799,724899,7.414000,7.748000
11,5189,5189,5445943,750051,750385,755987,756087,5.602000,5.936000
11,2860,2860,4b2c942,759425,759759,767213,767313,7.454000,7.788000
11,5525,5525,5595941,772051,772377,777993,778093,5.616000,5.942000
11,3331,3331,4d03942,795453,795779,803123,803223,7.344000,7.670000
11,3406,3406,4d4e943,844235,844569,859128,859228,14.559000,14.893000
11,6361,6361,58d9943,922051,922377,929838,929938,7.461000,7.787000
11,6213,6213,5845942,926051,926377,935591,935691,9.214000,9.540000
11,7256,7256,5c58941,1007051,1007377,1018198,1018298,10.821000,11.147000
11,5121,5121,5401942,1032051,1032377,1039766,1039866,7.389000,7.715000
11,6101,6101,57d5941,1045051,1045385,1055329,1055429,9.944000,10.278000
11,5310,5310,54be940,1051051,1051385,1074734,1074834,23.349000,23.683000
11,6695,6695,5a27943,1051051,1051377,1080212,1080312,28.835000,29.161000
11,5433,5433,5539940,1100051,1100385,1119156,1119256,18.771000,19.105000
11,6488,6488,5958942,1115051,1115377,1135593,1135693,20.216000,20.542000
11,9054,9054,635e941,1155051,1155377,1162773,1162873,7.396000,7.722000
11,5084,5084,53dc942,1210051,1210385,1224919,1225019,14.534000,14.868000
11,7742,7742,5e3e940,1243051,1243385,1259480,1259580,16.095000,16.429000
11,6575,6575,59af942,1261446,1261780,1267416,1267516,5.636000,5.970000
11,6247,6247,5867941,1287051,1287385,1308882,1308982,21.497000,21.831000
11,9117,9117,639d940,1303051,1303377,1313047,1313147,9.670000,9.996000
11,10044,10044,673c943,1342051,1342385,1348808,1348908,6.423000,6.757000
11,9503,9503,651f943,1351051,1351377,1358806,1358906,7.429000,7.755000
11,6370,6370,58e2940,1398051,1398385,1412909,1413009,14.524000,14.858000
11,9943,9943,66d7940,1454124,1454458,1460881,1460981,6.423000,6.757000
11,8833,8833,6281940,1480051,1480377,1490367,1490467,9.990000,10.316000
11,6060,6060,57ac940,1486051,1486385,1495845,1495945,9.460000,9.794000
11,8497,8497,6131940,1686754,1687080,1692748,1692848,5.668000,5.994000
11,9927,9927,66c7942,1679051,1679385,1698066,1698166,18.681000,19.015000
11,7466,7466,5d2a940,1860051,1860385,1868584,1868684,8.199000,8.533000
11,9089,9089,6381942,1957051,1957385,1963820,1963920,6.435000,6.769000
12,1221,1221,44c5940,63395,63729,70213,70313,6.484000,6.818000
12,1760,1760,46e0943,105051,105385,118362,118462,12.977000,13.311000
12,1469,1469,45bd943,189051,189385,205735,205835,16.350000,16.684000
12,2605,2605,4a2d941,282051,282377,287962,288062,5.585000,5.911000
12,991,991,43df941,333051,333385,343990,344090,10.605000,10.939000
12,2334,2334,491e943,308446,308780,351744,351844,42.964000,43.298000
12,1593,1593,4639941,346449,346775,362799,362899,16.024000,16.350000
12,2382,2382,494e941,368051,368377,384660,384760,16.283000,16.609000
12,5101,5101,53ed943,394051,394377,401153,401253,6.776000,7.102000
12,2598,2598,4a26941,436431,436757,446812,446912,10.055000,10.381000
12,1869,1869,474d943,463431,463757,473011,473111,9.254000,9.580000
12,1827,1827,4723940,601051,601377,612771,612871,11.394000,11.720000
12,5832,5832,56c8943,695051,695377,701870,701970,6.493000,6.819000
12,4927,4927,533f943,697051,697377,709942,710042,12.565000,12.891000
12,3014,3014,4bc6941,741767,742101,749814,749914,7.713000,8.047000
12,4929,4929,5341940,734425,734759,755330,755430,20.571000,20.905000
12,4981,4981,5375942,750051,750377,759515,759615,9.138000,9.464000
12,5594,5594,55da942,759051,759385,764974,765074,5.589000,5.923000
12,3613,3613,4e1d942,761051,761385,769223,769323,7.838000,8.172000
12,5791,5791,569f941,755051,755377,773350,773450,17.973000,18.299000
12,3891,3891,4f33943,772051,772385,782356,782456,9.971000,10.305000
12,4195,4195,5063943,778051,778377,787807,787907,9.430000,9.756000
12,6554,6554,599a941,874051,874377,884410,884510,10.033000,10.359000
12,7747,7747,5e43941,880051,880385,889442,889542,9.057000,9.391000
12,7250,7250,5c52940,916051,916385,941699,941799,25.314000,25.648000
12,7298,7298,5c82940,951051,951377,963111,963211,11.734000,12.060000
12,5472,5472,5560941,947051,947377,968603,968703,21.226000,21.552000
12,5110,5110,53f6940,1008051,1008377,1020159,1020259,11.782000,12.108000
12,6221,6221,584d943,1027051,1027385,1039981,1040080,12.596000,12.930000
12,4803,4803,52c3941,1094051,1094385,1108275,1108375,13.890000,14.224000
12,5033,5033,53a9941,1168051,1168385,1175680,1175780,7.295000,7.629000
12,5624,5624,55f8941,1232438,1232764,1256954,1257054,24.190000,24.516000
12,5765,5765,5685941,1301438,1301764,1309134,1309234,7.370000,7.696000
12,5529,5529,5599940,1338051,1338385,1344820,1344920,6.435000,6.769000
12,10401,10401,68a1942,1365051,1365377,1376200,1376300,10.823000,11.149000
12,9776,9776,6630942,1432051,1432385,1444944,1445044,12.559000,12.893000
12,6468,6468,5944940,1452051,1452385,1465907,1466007,13.522000,13.856000
12,10109,10109,677d943,1616051,1616385,1623687,1623787,7.302000,7.636000
12,8381,8381,60bd942,1683051,1683377,1691613,1691713,8.236000,8.562000
12,8376,8376,60b8941,1819051,1819385,1826678,1826778,7.293000,7.627000
12,9471,9471,64ff943,1817051,1817385,1832215,1832315,14.830000,15.164000
12,9575,9575,6567940,1839051,1839385,1844073,1844173,4.688000,5.022000
13,120,120,4078942,23051,23385,36087,36187,12.702000,13.036000
13,495,495,41ef940,56395,56721,67889,67989,11.168000,11.494000
13,804,804,4324942,145051,145385,154077,154177,8.692000,9.026000
13,1476,1476,45c4943,188051,188377,194838,194938,6.461000,6.787000
13,488,488,41e8943,201439,201773,207524,207624,5.751000,6.085000
13,2253,2253,48cd943,236051,236377,247239,247339,10.862000,11.188000
13,1980,1980,47bc941,324051,324377,338652,338752,14.275000,14.601000
13,887,887,4377942,333051,333377,344160,344260,10.783000,11.109000
13,4794,4794,52ba940,394051,394385,405687,405787,11.302000,11.636000
13,4333,4333,50ed940,402051,402385,409851,409951,7.466000,7.800000
13,3102,3102,4c1e943,503051,503377,510731,510831,7.354000,7.680000
13,3844,3844,4f04940,522050,522385,531403,531503,9.018000,9.353000
13,2593,2593,4a21943,625051,625377,640681,640781,15.304000,15.630000
13,2744,2744,4ab8941,635051,635385,651505,651605,16.120000,16.454000
13,3469,3469,4d8d943,654051,654385,678681,678781,24.296000,24.630000
13,4676,4676,5244940,675416,675750,704941,705041,29.191000,29.525000
13,6224,6224,5850943,1133051,1133385,1143430,1143530,10.045000,10.379000
13,8091,8091,5f9b943,1196051,1196385,1207199,1207299,10.814000,11.148000
13,9421,9421,64cd942,1207051,1207377,1213825,1213925,6.448000,6.774000
13,8527,8527,614f942,1223051,1223377,1252114,1252214,28.737000,29.063000
13,7184,7184,5c10942,1281051,1281385,1292238,1292338,10.853000,11.187000
13,10179,10179,67c3940,1337511,1337837,1354895,1354995,17.058000,17.384000
13,10384,10384,6890941,1413051,1413377,1418953,1419053,5.576000,5.902000
13,8252,8252,603c943,1413051,1413385,1424449,1424549,11.064000,11.398000
13,4581,4581,51e5942,1453051,1453385,1461603,1461703,8.218000,8.552000
13,9672,9672,65c8943,1484051,1484377,1499667,1499767,15.290000,15.616000
13,9797,9797,6645940,1516395,1516729,1533731,1533831,17.002000,17.336000
13,10025,10025,6729940,1609051,1609377,1617591,1617691,8.214000,8.540000
13,7752,7752,5e48941,1606051,1606377,1621766,1621866,15.389000,15.715000
13,10565,10565,6945943,1671051,1671385,1677823,1677923,6.438000,6.772000
13,10465,10465,68e1942,1681051,1681377,1693406,1693506,12.029000,12.355000
13,6517,6517,5975942,1821051,1821377,1832202,1832302,10.825000,11.151000
13,8458,8458,610a941,1845051,1845377,1851823,1851923,6.446000,6.772000
13,9256,9256,6428941,1999051,1999385,2015490,2015590,16.105000,16.439000
13,10957,10957,6acd943,2104051,2104377,2115251,2115351,10.874000,11.200000
13,9867,9867,668b942,2371051,2371377,2379586,2379686,8.209000,8.535000
14,254,254,40fe941,56051,56385,62872,62972,6.487000,6.821000
14,1689,1689,4699941,87051,87385,92089,92189,4.704000,5.038000
14,246,246,40f6942,95051,95385,100066,100166,4.681000,5.015000
14,351,351,415f943,125051,125385,133556,133656,8.171000,8.505000
14,685,685,42ad940,122479,122813,139082,139182,16.269000,16.603000
14,553,553,4229943,148051,148385,166180,166280,17.795000,18.129000
14,1170,1170,4492941,208870,209204,220033,220133,10.829000,11.163000
14,1826,1826,4722940,358051,358377,380347,380447,21.970000,22.296000
14,2465,2465,49a1943,383051,383385,389852,389952,6.467000,6.801000
14,3542,3542,4dd6941,551051,551377,565066,565166,13.689000,14.015000
14,4340,4340,50f4940,632051,632385,642346,642446,9.961000,10.295000
14,4165,4165,5045942,784051,784385,797924,798024,13.539000,13.873000
14,3289,3289,4cd9942,827051,827377,832975,833075,5.598000,5.924000
14,6251,6251,586b943,882051,882385,887157,887257,4.772000,5.106000
14,7529,7529,5d69942,889905,890231,903682,903782,13.451000,13.777000
14,9001,9001,6329942,961142,961476,975207,975307,13.731000,14.065000
14,3712,3712,4e80942,1022051,1022377,1036713,1036812,14.336000,14.662000
14,9123,9123,63a3941,1170051,1170385,1180340,1180440,9.955000,10.289000
14,6946,6946,5b22942,1184051,1184385,1194337,1194437,9.952000,10.286000
14,7744,7744,5e40941,1180051,1180385,1199863,1199963,19.478000,19.812000
14,10164,10164,67b4943,1271051,1271385,1277854,1277954,6.469000,6.803000
14,7691,7691,5e0b943,1270899,1271233,1288868,1288968,17.635000,17.969000
14,8498,8498,6132941,1411051,1411385,1416964,1417064,5.579000,5.913000
14,6726,6726,5a46941,1468051,1468377,1475946,1476046,7.569000,7.895000
14,10217,10217,67e9943,1523051,1523385,1534210,1534310,10.825000,11.159000
14,8445,8445,60fd942,1688425,1688759,1698806,1698906,10.047000,10.381000
14,10394,10394,689a943,1783051,1783377,1796012,1796112,12.635000,12.961000
14,10236,10236,67fc941,1858051,1858377,1866591,1866691,8.214000,8.540000
14,9146,9146,63ba942,2247051,2247385,2252088,2252188,4.703000,5.037000
14,10537,10537,6929940,2275051,2275385,2286252,2286352,10.867000,11.201000
15,337,337,4151943,28051,28385,38411,38511,10.026000,10.360000
15,227,227,40e3940,35051,35377,54117,54217,18.740000,19.066000
15,434,434,41b2942,111051,111385,117872,117972,6.487000,6.821000
15,733,733,42dd942,137439,137765,152474,152574,14.709000,15.035000
15,1856,1856,4740943,138416,138742,163492,163592,24.750000,25.076000
15,907,907,438b942,144051,144385,168962,169062,24.577000,24.911000
15,1019,1019,43fb942,180456,180782,185474,185574,4.692000,5.018000
15,1389,1389,456d942,208051,208377,218316,218416,9.939000,10.265000
15,1919,1919,477f941,267051,267385,286298,286398,18.913000,19.247000
15,1765,1765,46e5940,362051,362385,371472,371572,9.087000,9.421000
15,1961,1961,47a9941,387051,387377,399930,400030,12.553000,12.879000
15,3966,3966,4f7e941,536051,536377,543719,543819,7.342000,7.668000
15,1638,1638,4666941,547051,547385,556089,556189,8.704000,9.038000
15,4689,4689,5251940,564051,564377,576043,576143,11.666000,11.992000
15,2933,2933,4b75940,623051,623385,641119,641219,17.734000,18.068000
15,1227,1227,44cb941,654790,655116,664199,664299,9.083000,9.409000
15,3480,3480,4d98943,715051,715385,733667,733767,18.282000,18.616000
15,6036,6036,5794943,764611,764937,776819,776919,11.882000,12.208000
15,5452,5452,554c942,846051,846377,858943,859043,12.566000,12.892000
15,7799,7799,5e77941,914051,914377,926082,926182,11.705000,12.031000
15,5799,5799,56a7941,939051,939385,945835,945935,6.450000,6.784000
15,4538,4538,51ba940,959051,959377,971947,972047,12.570000,12.896000
15,6854,6854,5ac6940,960051,960385,998946,999046,38.561000,38.895000
15,10207,10207,67df943,1020051,1020377,1032021,1032120,11.644000,11.970000
15,6061,6061,57ad941,1041051,1041385,1052272,1052372,10.887000,11.221000
15,9470,9470,64fe941,1067051,1067385,1076479,1076579,9.094000,9.428000
15,10827,10827,6a4b943,1068051,1068385,1080619,1080719,12.234000,12.568000
15,7766,7766,5e56940,1168051,1168385,1178303,1178403,9.918000,10.252000
15,9684,9684,65d4943,1194051,1194377,1199949,1200049,5.572000,5.898000
15,8759,8759,6237940,1236464,1236790,1246760,1246860,9.970000,10.296000
15,6775,6775,5a77941,1341051,1341377,1354843,1354943,13.466000,13.792000
15,8462,8462,610e941,1405051,1405377,1411825,1411925,6.448000,6.774000
15,7697,7697,5e11942,1417051,1417385,1434533,1434633,17.148000,17.482000
15,7151,7151,5bef940,1548051,1548385,1560068,1560168,11.683000,12.017000
15,7106,7106,5bc2942,1674051,1674385,1679912,1680012,5.527000,5.861000
15,6665,6665,5a09942,1714051,1714385,1722597,1722697,8.212000,8.546000
15,7158,7158,5bf6942,1724838,1725172,1733351,1733451,8.179000,8.513000
15,10685,10685,69bd941,1736051,1736377,1747254,1747354,10.877000,11.203000
15,10713,10713,69d9941,1760051,1760377,1777054,1777154,16.677000,17.003000
15,10737,10737,69f1941,1793051,1793377,1804211,1804311,10.834000,11.160000
15,10406,10406,68a6941,1920051,1920377,1949564,1949664,29.187000,29.513000
15,10591,10591,695f941,2047051,2047377,2061749,2061850,14.372000,14.698000
16,653,653,428d942,34051,34377,53396,53496,19.019000,19.345000
16,331,331,414b940,31051,31385,58882,58982,27.497000,27.831000
16,702,702,42be943,49336,49662,63101,63201,13.439000,13.765000
16,671,671,429f940,71051,71377,77042,77142,5.665000,5.991000
16,571,571,423b942,201051,201385,213244,213344,11.859000,12.193000
16,2957,2957,4b8d942,245051,245385,251868,251968,6.483000,6.817000
16,302,302,412e941,246051,246385,258054,258154,11.669000,12.003000
16,2217,2217,48a9941,265051,265377,270084,270184,4.707000,5.033000
16,1327,1327,452f941,291410,291736,303610,303710,11.874000,12.200000
16,3525,3525,4dc5942,311051,311385,317887,317987,6.502000,6.836000
16,2189,2189,488d943,309051,309377,322141,322241,12.764000,13.090000
16,1281,1281,4501940,325051,325377,333272,333372,7.895000,8.221000
16,1615,1615,464f941,360424,360750,369901,370001,9.151000,9.477000
16,2161,2161,4871940,372051,372377,380651,380751,8.274000,8.600000
16,2602,2602,4a2a942,381051,381377,397620,397720,16.243000,16.569000
16,4558,4558,51ce941,471051,471377,479690,479790,8.313000,8.639000
16,2805,2805,4af5943,557051,557377,568383,568483,11.006000,11.332000
16,3377,3377,4d31943,561051,561385,572525,572625,11.140000,11.474000
16,3597,3597,4e0d940,649051,649385,658492,658592,9.107000,9.441000
16,3827,3827,4ef3940,693051,693385,698937,699037,5.552000,5.886000
16,1349,1349,4545941,815051,815385,848786,848886,33.401000,33.735000
16,4526,4526,51ae943,842051,842385,855963,856063,13.578000,13.912000
16,6272,6272,5880941,878395,878721,888673,888773,9.952000,10.278000
16,4462,4462,516e941,883051,883377,906118,906218,22.741000,23.067000
16,7589,7589,5da5940,981051,981385,989586,989686,8.201000,8.535000
16,3643,3643,4e3b943,989051,989385,996757,996857,7.372000,7.706000
16,6886,6886,5ae6942,995051,995377,1007532,1007632,12.155000,12.481000
16,5411,5411,5523942,1030288,1030614,1041607,1041706,10.993000,11.319000
16,7514,7514,5d5a942,1119790,1120124,1130061,1130161,9.937000,10.271000
16,5182,5182,543e943,1170488,1170822,1178150,1178250,7.328000,7.662000
16,7757,7757,5e4d943,1231051,1231377,1237900,1238000,6.523000,6.849000
16,9681,9681,65d1941,1349051,1349385,1363036,1363136,13.651000,13.985000
16,8366,8366,60ae940,1406051,1406377,1418192,1418292,11.815000,12.141000
16,10041,10041,6739943,1549051,1549377,1563757,1563857,14.380000,14.706000
16,7389,7389,5cdd943,1567051,1567385,1576548,1576648,9.163000,9.497000
16,9675,9675,65cb940,1569051,1569385,1581880,1581980,12.495000,12.829000
16,10463,10463,68df942,1702051,1702385,1716796,1716896,14.411000,14.745000
16,5476,5476,5564940,1834051,1834385,1841799,1841899,7.414000,7.748000
16,10136,10136,6798942,1902416,1902742,1910092,1910192,7.350000,7.676000
16,10663,10663,69a7943,2306051,2306377,2314652,2314752,8.275000,8.601000
17,199,199,40c7942,23051,23385,29012,29112,5.627000,5.961000
17,623,623,426f943,77051,77385,87475,87575,10.090000,10.424000
17,2683,2683,4a7b941,126051,126377,138128,138228,11.751000,12.077000
17,1480,1480,45c8942,134051,134385,149157,149257,14.772000,15.106000
17,295,295,4127940,149051,149377,154130,154230,4.753000,5.079000
17,543,543,421f940,273051,273385,311385,311485,38.000000,38.334000
17,5829,5829,56c5942,401416,401750,410620,410720,8.870000,9.204000
17,3061,3061,4bf5941,416051,416377,427091,427191,10.714000,11.040000
17,1382,1382,4566943,452051,452385,466782,466882,14.397000,14.731000
17,3967,3967,4f7f940,488051,488377,499503,499603,11.126000,11.452000
17,1670,1670,4686943,500051,500377,521045,521146,20.668000,20.994000
17,6743,6743,5a57940,587051,587385,600109,600209,12.724000,13.058000
17,5276,5276,549c942,610051,610377,622250,622350,11.873000,12.199000
17,3130,3130,4c3a940,644051,644385,660459,660559,16.074000,16.408000
17,3353,3353,4d19941,657051,657385,665934,666034,8.549000,8.883000
17,2753,2753,4ac1943,733051,733377,770661,770761,37.284000,37.610000
17,3840,3840,4f00941,817051,817377,846442,846542,29.065000,29.391000
17,6065,6065,57b1943,855051,855377,864484,864584,9.107000,9.433000
17,5800,5800,56a8942,925051,925385,934565,934665,9.180000,9.514000
17,5851,5851,56db942,970051,970377,979556,979656,9.179000,9.505000
17,6490,6490,595a940,978051,978377,984917,985017,6.540000,6.866000
17,7959,7959,5f17942,1011051,1011385,1024050,1024149,12.665000,12.999000
17,10391,10391,6897942,1010294,1010628,1028268,1028368,17.640000,17.974000
17,6263,6263,5877943,1052051,1052377,1078563,1078663,26.186000,26.512000
17,8074,8074,5f8a942,1087051,1087377,1093009,1093109,5.632000,5.958000
17,7830,7830,5e96943,1150051,1150385,1160372,1160472,9.987000,10.321000
17,8433,8433,60f1940,1154051,1154385,1171427,1171527,17.042000,17.376000
17,7917,7917,5eed940,1211051,1211385,1221345,1221445,9.960000,10.294000
17,8389,8389,60c5942,1212051,1212377,1226937,1227037,14.560000,14.886000
17,6865,6865,5ad1940,1311051,1311385,1328803,1328903,17.418000,17.752000
17,5649,5649,5611943,1371051,1371385,1378737,1378837,7.352000,7.686000
17,6829,6829,5aad942,1426760,1427086,1435302,1435402,8.216000,8.542000
17,10568,10568,6948940,1442051,1442385,1465462,1465562,23.077000,23.411000
17,8450,8450,6102941,1465051,1465377,1478042,1478142,12.665000,12.991000
17,9579,9579,656b943,1472051,1472377,1488873,1488973,16.496000,16.822000
17,10019,10019,6723942,1543051,1543385,1548108,1548208,4.723000,5.057000
17,10057,10057,6749942,1553051,1553377,1568347,1568447,14.970000,15.296000
17,10357,10357,6875940,1570051,1570385,1577782,1577882,7.397000,7.731000
17,9433,9433,64d9941,1836051,1836385,1844707,1844807,8.322000,8.656000
17,10823,10823,6a47943,1880051,1880385,1891230,1891330,10.845000,11.179000
17,10333,10333,685d942,1903051,1903385,1911743,1911843,8.358000,8.692000
17,10093,10093,676d943,1926051,1926385,1932888,1932988,6.503000,6.837000
17,10171,10171,67bb943,1992051,1992385,2001473,2001573,9.088000,9.422000
17,10518,10518,6916943,2044487,2044821,2054909,2055008,10.088000,10.422000
17,10098,10098,6772943,2242051,2242377,2249734,2249834,7.357000,7.683000
18,18,18,4012943,46051,46385,66766,66866,20.381000,20.715000
18,197,197,40c5940,75051,75385,80980,81080,5.595000,5.929000
18,1071,1071,442f940,107765,108099,125331,125431,17.232000,17.566000
18,632,632,4278943,128051,128377,134829,134929,6.452000,6.778000
18,952,952,43b8943,112051,112377,152965,153065,40.588000,40.914000
18,825,825,4339940,170051,170377,175995,176095,5.618000,5.944000
18,1108,1108,4454940,223051,223377,233733,233833,10.356000,10.682000
18,3248,3248,4cb0941,258051,258376,271908,272008,13.532000,13.857000
18,1532,1532,45fc940,267435,267761,276093,276193,8.332000,8.658000
18,3751,3751,4ea7942,309051,309385,317692,317792,8.307000,8.641000
18,1129,1129,4469942,307051,307377,321905,322005,14.528000,14.854000
18,1581,1581,462d941,320051,320377,327735,327835,7.358000,7.684000
18,405,405,4195943,349051,349385,359695,359795,10.310000,10.644000
18,3809,3809,4ee1941,372051,372377,377116,377216,4.739000,5.065000
18,4115,4115,5013943,413051,413377,428587,428687,15.210000,15.536000
18,2569,2569,4a09940,484754,485088,494845,494945,9.757000,10.091000
18,2800,2800,4af0940,531051,531377,537906,538006,6.529000,6.855000
18,5595,5595,55db941,599051,599385,605014,605114,5.629000,5.963000
18,4421,4421,5145940,723051,723385,731635,731735,8.250000,8.584000
18,2847,2847,4b1f943,726051,726385,742357,742457,15.972000,16.306000
18,3228,3228,4c9c940,736051,736377,746604,746704,10.227000,10.553000
18,2774,2774,4ad6943,753051,753385,758097,758197,4.712000,5.046000
18,2993,2993,4bb1943,769051,769377,782060,782160,12.683000,13.009000
18,4423,4423,5147941,794446,794780,801244,801344,6.464000,6.798000
18,7352,7352,5cb8941,825051,825385,831035,831135,5.650000,5.984000
18,6124,6124,57ec943,868051,868377,897610,897710,29.233000,29.559000
18,7894,7894,5ed6941,904425,904759,910511,910611,5.752000,6.086000
18,9713,9713,65f1940,956438,956764,967768,967868,11.004000,11.330000
18,7876,7876,5ec4940,1024051,1024377,1037753,1037853,13.376000,13.702000
18,4490,4490,518a943,1063831,1064157,1071453,1071553,7.296000,7.622000
18,9520,9520,6530942,1065453,1065779,1079352,1079452,13.573000,13.899000
18,5039,5039,53af940,1079051,1079377,1085869,1085969,6.492000,6.818000
18,6819,6819,5aa3941,1086051,1086385,1091122,1091222,4.737000,5.071000
18,9075,9075,6373941,1107051,1107385,1117337,1117437,9.952000,10.286000
18,7186,7186,5c12942,1110051,1110377,1122904,1123004,12.527000,12.853000
18,8350,8350,609e943,1236409,1236743,1241557,1241657,4.814000,5.148000
18,6445,6445,592d943,1287029,1287363,1294771,1294871,7.408000,7.742000
18,8264,8264,6048942,1331051,1331385,1343553,1343653,12.168000,12.502000
18,8286,8286,605e942,1350051,1350377,1358590,1358690,8.213000,8.539000
18,10311,10311,6847940,1369051,1369377,1384002,1384102,14.625000,14.951000
18,5979,5979,575b943,1402051,1402377,1408885,1408985,6.508000,6.834000
18,8586,8586,618a942,1424051,1424385,1440244,1440344,15.859000,16.193000
18,10314,10314,684a940,1478894,1479220,1489497,1489597,10.277000,10.603000
18,10343,10343,6867940,1527051,1527385,1534768,1534868,7.383000,7.717000
18,8191,8191,5fff942,1565051,1565385,1572696,1572796,7.311000,7.645000
18,9475,9475,6503940,1591051,1591385,1606063,1606163,14.678000,15.012000
18,9994,9994,670a941,1684051,1684385,1699225,1699325,14.840000,15.174000
18,9182,9182,63de941,1697051,1697377,1707377,1707477,10.000000,10.326000
18,9430,9430,64d6942,1807051,1807377,1820113,1820213,12.736000,13.062000
18,9399,9399,64b7941,1945051,1945377,1953597,1953697,8.220000,8.546000
18,10638,10638,698e940,1951051,1951385,1957928,1958028,6.543000,6.877000
18,9571,9571,6563943,2144051,2144385,2150917,2151017,6.532000,6.866000
19,6,6,4006943,24051,24385,29124,29224,4.739000,5.073000
19,691,691,42b3941,40051,40385,56091,56191,15.706000,16.040000
19,22,22,4016941,45051,45385,61649,61749,16.264000,16.598000
19,987,987,43db940,185051,185385,196231,196331,10.846000,11.180000
19,3471,3471,4d8f941,243051,243385,253313,253413,9.928000,10.262000
19,1079,1079,4437942,244051,244377,258864,258965,14.487000,14.813000
19,1007,1007,43ef941,259051,259376,265870,265970,6.494000,6.819000
19,1920,1920,4780940,282051,282385,288851,288951,6.466000,6.800000
19,476,476,41dc941,284051,284377,293453,293553,9.076000,9.402000
19,1038,1038,440e943,291051,291377,302384,302484,11.007000,11.333000
19,1661,1661,467d943,439051,439377,453600,453700,14.223000,14.549000
19,4466,4466,5172940,566502,566836,573311,573411,6.475000,6.809000
19,1934,1934,478e942,566051,566377,577473,577573,11.096000,11.422000
19,2938,2938,4b7a940,582051,582377,596566,596666,14.189000,14.515000
19,5557,5557,55b5940,613051,613385,625104,625204,11.719000,12.053000
19,5656,5656,5618941,646051,646377,652825,652925,6.448000,6.774000
19,4445,4445,515d943,678051,678385,694363,694463,15.978000,16.312000
19,6781,6781,5a7d943,709051,709377,723599,723699,14.222000,14.548000
19,4143,4143,502f941,739051,739377,745867,745967,6.490000,6.816000
19,5662,5662,561e941,782051,782385,805747,805847,23.362000,23.696000
19,8799,8799,625f942,829051,829385,836796,836896,7.411000,7.745000
19,5683,5683,5633943,898051,898385,921489,921589,23.104000,23.438000
19,5937,5937,5731943,1057051,1057385,1066396,1066496,9.011000,9.345000
19,4980,4980,5374942,1063051,1063385,1071891,1071991,8.506000,8.840000
19,10805,10805,6a35942,1059051,1059385,1077383,1077483,17.998000,18.332000
19,4014,4014,4fae943,1080439,1080773,1086322,1086422,5.549000,5.883000
19,5016,5016,5398943,1222051,1222377,1227140,1227240,4.763000,5.089000
19,5199,5199,544f943,1277051,1277377,1282073,1282173,4.696000,5.022000
19,7356,7356,5cbc942,1387051,1387377,1395615,1395715,8.238000,8.564000
19,4128,4128,5020940,1450051,1450385,1455111,1455211,4.726000,5.060000
19,9582,9582,656e942,1576702,1577028,1589962,1590062,12.934000,13.260000
19,7940,7940,5f04943,1583051,1583377,1594190,1594290,10.813000,11.139000
19,8113,8113,5fb1943,1643051,1643377,1649823,1649923,6.446000,6.772000
19,10961,10961,6ad1940,1686051,1686385,1695462,1695562,9.077000,9.411000
19,10151,10151,67a7942,1685051,1685377,1700963,1701063,15.586000,15.912000
19,6208,6208,5840940,1891051,1891377,1896111,1896211,4.734000,5.060000
19,10968,10968,6ad8942,2123051,2123377,2131605,2131705,8.228000,8.554000
20,203,203,40cb941,26051,26385,33773,33873,7.388000,7.722000
20,566,566,4236941,53051,53377,71710,71810,18.333000,18.659000
20,989,989,43dd940,163051,163385,171228,171328,7.843000,8.177000
20,114,114,4072941,236051,236377,246346,246446,9.969000,10.295000
20,746,746,42ea940,275051,275377,289404,289504,14.027000,14.353000
20,1168,1168,4490942,290051,290385,301214,301314,10.829000,11.163000
20,3800,3800,4ed8942,314410,314736,321380,321480,6.644000,6.970000
20,2839,2839,4b17942,316051,316377,325551,325651,9.174000,9.500000
20,2402,2402,4962943,350431,350757,366428,366528,15.671000,15.997000
20,4105,4105,5009940,413051,413377,424205,424305,10.828000,11.154000
20,4313,4313,50d9941,495051,495377,504467,504567,9.090000,9.416000
20,5748,5748,5674940,615051,615377,624278,624378,8.901000,9.227000
20,1057,1057,4421943,643051,643377,653269,653369,9.892000,10.218000
20,2503,2503,49c7941,696051,696377,706353,706453,9.976000,10.302000
20,7500,7500,5d4c940,781051,781377,793958,794058,12.581000,12.907000
20,4457,4457,5169942,822051,822385,852097,852197,29.712000,30.046000
20,7729,7729,5e31942,932051,932377,937990,938090,5.613000,5.939000
20,8111,8111,5faf941,1001051,1001377,1006151,1006251,4.774000,5.100000
20,4431,4431,514f943,1041439,1041772,1062369,1062469,20.597000,20.930000
20,4403,4403,5133943,1047051,1047385,1067790,1067890,20.405000,20.739000
20,6844,6844,5abc942,1065051,1065385,1080701,1080801,15.316000,15.650000
20,6610,6610,59d2943,1090051,1090377,1105117,1105217,14.740000,15.066000
20,8579,8579,6183940,1101395,1101721,1115949,1116049,14.228000,14.554000
20,6012,6012,577c943,1113051,1113377,1132380,1132480,19.003000,19.329000
20,5061,5061,53c5941,1125051,1125385,1137909,1138009,12.524000,12.858000
20,8783,8783,624f940,1178051,1178385,1193825,1193925,15.440000,15.774000
20,7053,7053,5b8d940,1179051,1179377,1204806,1204906,25.429000,25.755000
20,6457,6457,5939943,1310051,1310385,1316888,1316988,6.503000,6.837000
20,6768,6768,5a70941,1477051,1477377,1486494,1486594,9.117000,9.443000
20,10106,10106,677a940,1592051,1592377,1600598,1600698,8.221000,8.547000
20,7446,7446,5d16942,1589051,1589377,1606119,1606219,16.742000,17.068000
20,10244,10244,6804942,1820051,1820385,1826866,1826966,6.481000,6.815000
20,9513,9513,6529943,1946051,1946377,1954617,1954717,8.240000,8.566000
20,10656,10656,69a0941,2177051,2177377,2183861,2183961,6.484000,6.810000
20,10774,10774,6a16941,2325051,2325385,2332742,2332842,7.357000,7.691000
21,480,480,41e0943,28456,28782,35321,35421,6.539000,6.865000
21,372,372,4174940,75051,75377,99825,99925,24.448000,24.774000
21,455,455,41c7942,166431,166757,175108,175208,8.351000,8.677000
21,2491,2491,49bb942,190051,190385,195984,196084,5.599000,5.933000
21,1104,1104,4450940,209051,209377,227504,227604,18.127000,18.453000
21,963,963,43c3942,228051,228385,240456,240556,12.071000,12.405000
21,1861,1861,4745942,274051,274385,283516,283616,9.131000,9.465000
21,1707,1707,46ab941,281051,281385,301885,301985,20.500000,20.834000
21,1986,1986,47c2941,424051,424377,432653,432753,8.276000,8.602000
21,3399,3399,4d47941,439130,439456,445951,446051,6.495000,6.821000
21,2127,2127,484f940,440051,440385,451443,451543,11.058000,11.392000
21,3466,3466,4d8a940,451051,451377,459567,459667,8.190000,8.516000
21,2540,2540,49ec943,492051,492377,502339,502439,9.962000,10.288000
21,4998,4998,5386940,530438,530764,545226,545326,14.462000,14.788000
21,3640,3640,4e38940,563051,563377,587396,587496,24.019000,24.345000
21,2512,2512,49d0943,579051,579377,591586,591686,12.209000,12.535000
21,5102,5102,53ee942,594051,594377,602633,602733,8.256000,8.582000
21,3430,3430,4d66943,654051,654385,660867,660967,6.482000,6.816000
21,6322,6322,58b2941,693402,693736,714853,714953,21.117000,21.451000
21,3959,3959,4f77940,755446,755780,777035,777135,21.255000,21.589000
21,4571,4571,51db941,789051,789377,818830,818930,29.453000,29.779000
21,5135,5135,540f942,845051,845385,858521,858621,13.136000,13.470000
21,5366,5366,54f6940,866051,866385,873652,873752,7.267000,7.601000
21,5386,5386,550a940,871424,871750,879205,879305,7.455000,7.781000
21,6870,6870,5ad6943,922051,922377,933287,933387,10.910000,11.236000
21,7214,7214,5c2e942,986051,986385,995472,995572,9.087000,9.421000
21,7448,7448,5d18940,1004051,1004377,1014356,1014456,9.979000,10.305000
21,8045,8045,5f6d940,1034543,1034878,1049453,1049553,14.575000,14.910000
21,7535,7535,5d6f942,1069051,1069385,1076678,1076778,7.293000,7.627000
21,10560,10560,6940942,1066395,1066729,1082198,1082298,15.469000,15.803000
21,6660,6660,5a04943,1161051,1161385,1173932,1174032,12.547000,12.881000
21,9000,9000,6328940,1200051,1200377,1205982,1206082,5.605000,5.931000
21,4912,4912,5330943,1206051,1206385,1213729,1213829,7.344000,7.678000
21,7063,7063,5b97941,1251051,1251377,1258706,1258806,7.329000,7.655000
21,9940,9940,66d4943,1300395,1300729,1310701,1310801,9.972000,10.306000
21,9676,9676,65cc941,1506051,1506385,1514601,1514701,8.216000,8.550000
21,7980,7980,5f2c941,1508051,1508377,1520080,1520180,11.703000,12.029000
21,9090,9090,6382941,1564051,1564385,1580124,1580224,15.739000,16.073000
21,9165,9165,63cd942,1574051,1574377,1586089,1586189,11.712000,12.038000
21,9652,9652,65b4942,1633051,1633377,1645065,1645165,11.688000,12.014000
21,9827,9827,6663941,1651051,1651377,1660458,1660558,9.081000,9.407000
21,10121,10121,6789942,1796051,1796377,1801939,1802039,5.562000,5.888000
21,9236,9236,6414941,1899051,1899385,1910274,1910374,10.889000,11.223000
21,9938,9938,66d2943,1964051,1964385,1973472,1973572,9.087000,9.421000
21,10642,10642,6992943,1988051,1988377,1994059,1994159,5.682000,6.008000
21,9025,9025,6341942,2109051,2109377,2118479,2118579,9.102000,9.428000
21,8254,8254,603e940,2210051,2210385,2215089,2215189,4.704000,5.038000
21,9975,9975,66f7940,2221051,2221385,2235753,2235853,14.368000,14.702000
21,8985,8985,6319940,2546051,2546385,2551104,2551204,4.719000,5.053000
22,371,371,4173943,26431,26757,36884,36984,10.127000,10.453000
22,262,262,4106943,34431,34757,42983,43083,8.226000,8.552000
22,21,21,4015943,53051,53377,66390,66490,13.013000,13.339000
22,999,999,43e7942,121051,121377,131614,131714,10.237000,10.563000
22,1016,1016,43f8941,192051,192377,197985,198085,5.608000,5.934000
22,1516,1516,45ec941,195051,195377,204473,204573,9.096000,9.422000
22,2038,2038,47f6941,246051,246385,254664,254764,8.279000,8.613000
22,3855,3855,4f0f941,253051,253377,262424,262524,9.047000,9.373000
22,2306,2306,4902943,396051,396385,407191,407291,10.806000,11.140000
22,2504,2504,49c8941,530051,530377,546047,546147,15.670000,15.996000
22,2495,2495,49bf943,562051,562385,578232,578332,15.847000,16.181000
22,3210,3210,4c8a943,665051,665385,671865,671965,6.480000,6.814000
22,4077,4077,4fed943,691051,691385,700514,700614,9.129000,9.463000
22,5544,5544,55a8943,703051,703385,713282,713382,9.897000,10.231000
22,5139,5139,5413940,716051,716385,723211,723311,6.826000,7.160000
22,5280,5280,54a0941,706051,706385,727353,727453,20.968000,21.302000
22,7588,7588,5da4940,724051,724385,738201,738301,13.816000,14.150000
22,5473,5473,5561940,748051,748377,757434,757534,9.057000,9.383000
22,6015,6015,577f942,760051,760385,774054,774154,13.669000,14.003000
22,3943,3943,4f67942,854051,854385,865951,866051,11.566000,11.900000
22,8557,8557,616d942,863051,863377,871419,871519,8.042000,8.368000
22,5824,5824,56c0940,901051,901377,909549,909649,8.172000,8.498000
22,9366,9366,6496942,991051,991385,996955,997055,5.570000,5.904000
22,6325,6325,58b5941,1037408,1037743,1050598,1050698,12.855000,13.190000
22,10628,10628,6984943,1047051,1047377,1055702,1055802,8.325000,8.651000
22,4224,4224,5080943,1076418,1076752,1085332,1085432,8.580000,8.914000
22,8745,8745,6229940,1094051,1094377,1100869,1100969,6.492000,6.818000
22,4901,4901,5325942,1135051,1135385,1146290,1146390,10.905000,11.239000
22,5906,5906,5712941,1240051,1240377,1252023,1252123,11.646000,11.972000
22,7849,7849,5ea9942,1238051,1238385,1257522,1257622,19.137000,19.471000
22,7746,7746,5e42943,1232051,1232385,1263979,1264079,31.594000,31.928000
22,6326,6326,58b6941,1286051,1286385,1300431,1300531,14.046000,14.380000
22,6753,6753,5a61943,1301051,1301377,1310532,1310632,9.155000,9.481000
22,10544,10544,6930941,1392051,1392385,1398853,1398953,6.468000,6.802000
22,10331,10331,685b941,1406051,1406377,1411130,1411230,4.753000,5.079000
22,7924,7924,5ef4942,1405051,1405377,1424921,1425021,19.544000,19.870000
22,6721,6721,5a41942,1430051,1430377,1440352,1440452,9.975000,10.301000
22,8790,8790,6256940,1440051,1440385,1451384,1451484,10.999000,11.333000
22,10988,10988,6aec940,1480051,1480377,1498224,1498324,17.847000,18.173000
22,10293,10293,6835942,1669439,1669773,1689595,1689695,19.822000,20.156000
22,9816,9816,6658942,2231051,2231377,2241347,2241447,9.970000,10.296000
23,280,280,4118941,36051,36377,56803,56903,20.426000,20.752000
23,568,568,4238941,65051,65377,81800,81900,16.423000,16.749000
23,958,958,43be942,91051,91385,101308,101408,9.923000,10.257000
23,1989,1989,47c5943,100051,100377,120796,120896,20.419000,20.745000
23,2171,2171,487b941,178051,178385,197665,197765,19.280000,19.614000
23,862,862,435e940,206051,206377,218123,218223,11.746000,12.072000
23,1220,1220,44c4941,207051,207385,228840,228940,21.455000,21.789000
23,1556,1556,4614940,221051,221385,233068,233168,11.683000,12.017000
23,2083,2083,4823943,323340,323666,336802,336902,13.136000,13.462000
23,997,997,43e5940,339051,339385,356084,356184,16.699000,17.033000
23,1927,1927,4787941,478051,478377,493215,493315,14.838000,15.164000
23,3781,3781,4ec5940,482051,482385,498707,498807,16.322000,16.656000
23,2589,2589,4a1d940,514050,514377,521781,521881,7.404000,7.731000
23,5344,5344,54e0941,534051,534377,539946,540046,5.569000,5.895000
23,4706,4706,5262942,552051,552377,560538,560638,8.161000,8.487000
23,2037,2037,47f5941,575051,575385,586250,586350,10.865000,11.199000
23,4492,4492,518c942,600051,600385,606810,606910,6.425000,6.759000
23,5409,5409,5521942,637051,637385,645574,645674,8.189000,8.523000
23,4580,4580,51e4941,686051,686385,697395,697495,11.010000,11.344000
23,2228,2228,48b4943,756051,756377,764568,764668,8.191000,8.517000
23,5178,5178,543a942,850051,850385,855946,856046,5.561000,5.895000
23,6076,6076,57bc942,854051,854377,866942,867042,12.565000,12.891000
23,4843,4843,52eb940,991051,991385,1002108,1002208,10.723000,11.057000
23,6218,6218,584a940,1030051,1030377,1057855,1057955,27.478000,27.804000
23,5992,5992,5768942,1072051,1072385,1077933,1078033,5.548000,5.882000
23,7923,7923,5ef3942,1059051,1059377,1082070,1082170,22.693000,23.019000
23,6741,6741,5a55940,1117051,1117385,1128202,1128302,10.817000,11.151000
23,10952,10952,6ac8940,1146051,1146377,1156382,1156482,10.005000,10.331000
23,8123,8123,5fbb942,1151051,1151385,1161334,1161434,9.949000,10.283000
23,3927,3927,4f57940,1260051,1260385,1266831,1266931,6.446000,6.780000
23,8991,8991,631f940,1269051,1269377,1283899,1283999,14.522000,14.848000
23,8488,8488,6128940,1288051,1288377,1298961,1299061,10.584000,10.910000
23,5100,5100,53ec943,1358439,1358765,1365219,1365319,6.454000,6.780000
23,8016,8016,5f50940,1361051,1361377,1372254,1372354,10.877000,11.203000
23,8804,8804,6264941,1375051,1375377,1384463,1384563,9.086000,9.412000
23,6454,6454,5936943,1391402,1391736,1400083,1400183,8.347000,8.681000
23,9474,9474,6502943,1445051,1445377,1462496,1462596,17.119000,17.445000
23,10103,10103,6777943,1555051,1555385,1567765,1567865,12.380000,12.714000
23,9859,9859,6683940,1668051,1668377,1680069,1680169,11.692000,12.018000
23,10752,10752,6a00940,1837051,1837385,1848220,1848320,10.835000,11.169000
23,10721,10721,69e1943,2270051,2270385,2278633,2278733,8.248000,8.582000
24,52,52,4034941,24051,24385,35314,35414,10.929000,11.263000
24,164,164,40a4943,31051,31385,40721,40821,9.336000,9.670000
24,651,651,428b943,79051,79377,90270,90370,10.893000,11.219000
24,740,740,42e4940,98051,98377,114502,114602,16.125000,16.451000
24,741,741,42e5943,168051,168377,180100,180200,11.723000,12.049000
24,112,112,4070940,196051,196377,203742,203842,7.365000,7.691000
24,1280,1280,4500940,218051,218385,228388,228488,10.003000,10.337000
24,595,595,4253943,222051,222377,244856,244956,22.479000,22.805000
24,1282,1282,4502941,215051,215377,250324,250424,34.947000,35.273000
24,2453,2453,4995943,314051,314377,329101,329201,14.724000,15.050000
24,3007,3007,4bbf940,381051,381385,389620,389720,8.235000,8.569000
24,3303,3303,4ce7940,383051,383385,393848,393948,10.463000,10.797000
24,2312,2312,4908941,438051,438377,456491,456591,18.114000,18.440000
24,2718,2718,4a9e941,531051,531377,540825,540925,9.448000,9.774000
24,1710,1710,46ae941,569051,569377,579447,579547,10.070000,10.396000
24,4100,4100,5004942,671051,671385,676990,677090,5.605000,5.939000
24,4303,4303,50cf941,685051,685377,706220,706320,20.843000,21.169000
24,4455,4455,5167942,702051,702385,720950,721050,18.565000,18.899000
24,4221,4221,507d942,737051,737385,747391,747491,10.006000,10.340000
24,3987,3987,4f93940,785051,785377,803106,803206,17.729000,18.055000
24,4424,4424,5148942,817051,817385,822999,823099,5.614000,5.948000
24,4965,4965,5365943,824051,824385,829941,830041,5.556000,5.890000
24,3934,3934,4f5e942,817051,817385,835260,835360,17.875000,18.209000
24,2970,2970,4b9a940,894051,894385,912524,912624,18.139000,18.473000
24,5701,5701,5645940,952051,952377,960683,960783,8.306000,8.632000
24,5917,5917,571d943,973051,973385,990143,990243,16.758000,17.092000
24,6422,6422,5916942,995051,995377,1001894,1001994,6.517000,6.843000
24,4542,4542,51be940,991051,991377,1007261,1007361,15.884000,16.210000
24,5708,5708,564c943,1012051,1012385,1022471,1022571,10.086000,10.420000
24,3905,3905,4f41941,1064453,1064779,1075787,1075887,11.008000,11.334000
24,8717,8717,620d941,1257051,1257385,1264721,1264821,7.336000,7.670000
24,9060,9060,6364940,1272459,1272785,1280259,1280359,7.474000,7.800000
24,7385,7385,5cd9941,1409051,1409377,1415042,1415142,5.665000,5.991000
24,10310,10310,6846943,1420051,1420385,1431367,1431467,10.982000,11.316000
24,9996,9996,670c942,1475051,1475377,1485450,1485550,10.073000,10.399000
24,7794,7794,5e72943,1669051,1669377,1690277,1690377,20.900000,21.226000
24,10583,10583,6957941,1694395,1694729,1711031,1711131,16.302000,16.636000
24,10727,10727,69e7941,1750051,1750385,1762246,1762346,11.861000,12.195000
24,10392,10392,6898942,1807446,1807780,1823074,1823174,15.294000,15.628000
24,10519,10519,6917941,1941051,1941385,1952270,1952370,10.885000,11.219000
24,8558,8558,616e942,2173051,2173385,2182608,2182708,9.223000,9.557000
24,8649,8649,61c9942,2283051,2283385,2292470,2292570,9.085000,9.419000
25,1277,1277,44fd942,25431,25757,31459,31559,5.702000,6.028000
25,703,703,42bf943,104409,104743,114052,114152,9.309000,9.643000
25,592,592,4250942,138051,138377,149982,150082,11.605000,11.931000
25,2281,2281,48e9942,151051,151385,171527,171627,20.142000,20.476000
25,1721,1721,46b9940,230051,230385,250376,250476,19.991000,20.325000
25,931,931,43a3941,260051,260385,266825,266925,6.440000,6.774000
25,1886,1886,475e942,294051,294377,308776,308876,14.399000,14.725000
25,1446,1446,45a6942,314051,314385,328129,328229,13.744000,14.078000
25,2664,2664,4a68943,377051,377377,385605,385705,8.228000,8.554000
25,4044,4044,4fcc941,535051,535377,540993,541093,5.616000,5.942000
25,3997,3997,4f9d941,541051,541377,550505,550605,9.128000,9.454000
25,5167,5167,542f942,552051,552377,564328,564428,11.951000,12.277000
25,3293,3293,4cdd942,575051,575377,586251,586351,10.874000,11.200000
25,5137,5137,5411941,712051,712377,725023,725123,12.646000,12.972000
25,4383,4383,511f941,742051,742385,750796,750896,8.411000,8.745000
25,3626,3626,4e2a940,745888,746214,756283,756383,10.069000,10.395000
25,5786,5786,569a941,746051,746377,761792,761892,15.415000,15.741000
25,8806,8806,6266943,776051,776385,790296,790396,13.911000,14.245000
25,2757,2757,4ac5943,784051,784377,796594,796694,12.217000,12.543000
25,6558,6558,599e940,811051,811385,822281,822381,10.896000,11.230000
25,3876,3876,4f24940,824876,825202,834896,834996,9.694000,10.020000
25,9230,9230,640e943,828507,828841,840374,840474,11.533000,11.867000
25,5563,5563,55bb941,896051,896377,901122,901222,4.745000,5.071000
25,3487,3487,4d9f942,898051,898385,909405,909505,11.020000,11.354000
25,6718,6718,5a3e941,909051,909385,924472,924572,15.087000,15.421000
25,3839,3839,4eff942,965051,965385,975350,975450,9.965000,10.299000
25,9613,9613,658d940,1234051,1234377,1246955,1247055,12.578000,12.904000
25,7914,7914,5eea943,1330051,1330377,1341291,1341391,10.914000,11.240000
25,9346,9346,6482942,1390051,1390377,1404016,1404116,13.639000,13.965000
25,10421,10421,68b5940,1490051,1490377,1497762,1497862,7.385000,7.711000
25,9354,9354,648a943,1509051,1509377,1523014,1523114,13.637000,13.963000
25,8213,8213,6015942,1520051,1520377,1533929,1534029,13.552000,13.878000
25,7675,7675,5dfb941,1593425,1593759,1605046,1605146,11.287000,11.621000
25,10448,10448,68d0942,1645051,1645385,1659116,1659216,13.731000,14.065000
25,8888,8888,62b8942,1652051,1652385,1665096,1665196,12.711000,13.045000
25,10001,10001,6711940,1696051,1696385,1706416,1706516,10.031000,10.365000
25,9683,9683,65d3940,1857051,1857377,1867349,1867449,9.972000,10.298000
25,9826,9826,6662940,2348446,2348780,2358050,2358150,9.270000,9.604000
26,181,181,40b5940,63051,63385,88375,88475,24.990000,25.324000
26,965,965,43c5941,81418,81752,93888,93988,12.136000,12.470000
26,2047,2047,47ff943,117051,117385,124099,124199,6.714000,7.048000
26,916,916,4394941,156051,156377,163776,163876,7.399000,7.725000
26,2279,2279,48e7942,241051,241377,254574,254674,13.197000,13.523000
26,1653,1653,4675943,244051,244385,258758,258858,14.373000,14.707000
26,1267,1267,44f3943,266051,266385,276345,276445,9.960000,10.294000
26,2485,2485,49b5941,321051,321385,332740,332840,11.355000,11.689000
26,1040,1040,4410940,330051,330377,338131,338231,7.754000,8.080000
26,1451,1451,45ab940,328051,328377,343476,343576,15.099000,15.425000
26,1245,1245,44dd942,350051,350385,355979,356079,5.594000,5.928000
26,2229,2229,48b5943,359051,359377,368498,368598,9.121000,9.447000
26,1901,1901,476d942,383051,383385,393342,393442,9.957000,10.291000
26,4029,4029,4fbd940,446051,446377,451965,452065,5.588000,5.914000
26,1331,1331,4533942,448051,448377,456118,456218,7.741000,8.067000
26,794,794,431a943,468051,468385,485359,485459,16.974000,17.308000
26,5331,5331,54d3940,620051,620377,632792,632892,12.415000,12.741000
26,4086,4086,4ff6941,621051,621377,636977,637077,15.600000,15.926000
26,5782,5782,5696940,632535,632861,641201,641301,8.340000,8.666000
26,5103,5103,53ef942,832051,832377,844159,844259,11.782000,12.108000
26,1953,1953,47a1941,882410,882736,895964,896064,13.228000,13.554000
26,5892,5892,5704941,915051,915385,928529,928629,13.144000,13.478000
26,8156,8156,5fdc941,940479,940805,948190,948290,7.385000,7.711000
26,5089,5089,53e1942,1012051,1012377,1021956,1022056,9.579000,9.905000
26,7335,7335,5ca7941,1010051,1010385,1032852,1032952,22.467000,22.801000
26,7965,7965,5f1d941,1155051,1155377,1166181,1166281,10.804000,11.130000
26,5314,5314,54c2940,1172051,1172377,1178859,1178959,6.482000,6.808000
26,8599,8599,6197942,1221805,1222131,1230339,1230439,8.208000,8.534000
26,10128,10128,6790940,1302051,1302377,1318853,1318953,16.476000,16.802000
26,8312,8312,6078941,1327051,1327377,1335570,1335670,8.193000,8.519000
26,7067,7067,5b9b940,1472416,1472750,1480157,1480257,7.407000,7.741000
26,7479,7479,5d37940,1471051,1471377,1485604,1485704,14.227000,14.553000
26,9710,9710,65ee941,1483051,1483385,1496607,1496707,13.222000,13.556000
26,5501,5501,557d942,1499051,1499377,1518467,1518567,19.090000,19.416000
26,9342,9342,647e941,1532051,1532385,1537973,1538073,5.588000,5.922000
26,4773,4773,52a5942,1529051,1529377,1543318,1543418,13.941000,14.267000
26,10092,10092,676c943,1540051,1540385,1548709,1548809,8.324000,8.658000
26,8830,8830,627e943,1561051,1561385,1571341,1571441,9.956000,10.290000
26,6914,6914,5b02941,1584051,1584377,1592657,1592757,8.280000,8.606000
26,10262,10262,6816943,1626051,1626377,1640238,1640338,13.861000,14.187000
26,8319,8319,607f942,1654051,1654385,1665459,1665559,11.074000,11.408000
26,9952,9952,66e0940,1661051,1661377,1676401,1676501,15.024000,15.350000
26,10053,10053,6745941,1689051,1689377,1698331,1698431,8.954000,9.280000
26,6478,6478,594e942,1784051,1784385,1791713,1791813,7.328000,7.662000
26,9577,9577,6569943,1932051,1932385,1941513,1941613,9.128000,9.462000
26,8921,8921,62d9940,2009051,2009377,2017472,2017572,8.095000,8.421000
26,10719,10719,69df943,2024051,2024385,2033489,2033589,9.104000,9.438000
26,9694,9694,65de940,2065394,2065729,2074135,2074235,8.406000,8.741000
26,8152,8152,5fd8942,2076051,2076377,2086381,2086482,10.004000,10.330000
26,9095,9095,6387940,2264051,2264377,2274339,2274439,9.962000,10.288000
26,10590,10590,695e940,2280395,2280721,2287306,2287406,6.585000,6.911000
26,10610,10610,6972941,2416051,2416377,2424659,2424759,8.282000,8.608000
27,100,100,4064943,55051,55377,65867,65967,10.490000,10.816000
27,282,282,411a941,68711,69045,78244,78344,9.199000,9.533000
27,944,944,43b0940,136051,136377,141919,142019,5.542000,5.868000
27,1791,1791,46ff940,159402,159736,176208,176308,16.472000,16.806000
27,1862,1862,4746943,187051,187385,193864,193964,6.479000,6.813000
27,881,881,4371943,188418,188752,204990,205090,16.238000,16.572000
27,1871,1871,474f942,224051,224377,234367,234467,9.990000,10.316000
27,1370,1370,455a940,282051,282377,289803,289903,7.426000,7.752000
27,1509,1509,45e5940,297051,297385,306909,307009,9.524000,9.858000
27,1189,1189,44a5940,296051,296385,312436,312536,16.051000,16.385000
27,2226,2226,48b2942,358051,358377,363976,364076,5.599000,5.925000
27,2663,2663,4a67942,404051,404377,420648,420748,16.271000,16.597000
27,2762,2762,4aca942,409051,409385,431659,431759,22.274000,22.608000
27,2415,2415,496f941,431051,431385,442732,442832,11.347000,11.681000
27,1627,1627,465b940,431409,431743,448224,448324,16.481000,16.815000
27,3564,3564,4dec943,423051,423377,453774,453874,30.397000,30.723000
27,2438,2438,4986941,455402,455736,476648,476748,20.912000,21.246000
27,5263,5263,548f941,738051,738385,749235,749335,10.850000,11.184000
27,6318,6318,58ae942,791402,791736,807782,807882,16.046000,16.380000
27,9719,9719,65f7943,855410,855736,863824,863924,8.088000,8.414000
27,4639,4639,521f941,905051,905377,915352,915452,9.975000,10.301000
27,8148,8148,5fd4940,966051,966385,972875,972975,6.490000,6.824000
27,6626,6626,59e2941,1078748,1079082,1085577,1085677,6.495000,6.829000
27,8630,8630,61b6940,1110051,1110385,1123792,1123892,13.407000,13.741000
27,6861,6861,5acd943,1174051,1174385,1183494,1183594,9.109000,9.443000
27,5922,5922,5722941,1275051,1275377,1286549,1286649,11.172000,11.498000
27,8342,8342,6096943,1348051,1348377,1359278,1359378,10.901000,11.227000
27,8506,8506,613a941,1356051,1356385,1365466,1365566,9.081000,9.415000
27,9757,9757,661d943,1366051,1366377,1377275,1377375,10.898000,11.224000
27,9459,9459,64f3942,1399051,1399385,1406690,1406790,7.305000,7.639000
27,10269,10269,681d943,1615051,1615385,1625391,1625491,10.006000,10.340000
27,10355,10355,6873942,1706051,1706385,1718159,1718259,11.774000,12.108000
27,8779,8779,624b943,1800051,1800377,1813897,1813997,13.520000,13.846000
27,10743,10743,69f7942,1865051,1865385,1873636,1873736,8.251000,8.585000
28,513,513,4201941,89051,89377,96772,96872,7.395000,7.721000
28,718,718,42ce940,143051,143385,152439,152539,9.054000,9.388000
28,1201,1201,44b1942,147051,147385,158143,158243,10.758000,11.092000
28,1537,1537,4601943,322051,322385,331472,331572,9.087000,9.421000
28,2468,2468,49a4942,327051,327385,356438,356538,29.053000,29.387000
28,4043,4043,4fcb942,375418,375752,389299,389399,13.547000,13.881000
28,3013,3013,4bc5943,379410,379736,394786,394886,15.050000,15.376000
28,814,814,432e941,433051,433385,442254,442354,8.869000,9.203000
28,4779,4779,52ab943,476469,476795,489385,489485,12.590000,12.916000
28,1223,1223,44c7940,484051,484385,511936,512035,27.551000,27.885000
28,4791,4791,52b7940,546051,546385,551124,551224,4.739000,5.073000
28,3395,3395,4d43943,586051,586377,595428,595528,9.051000,9.377000
28,5367,5367,54f7943,616051,616377,622078,622178,5.701000,6.027000
28,3354,3354,4d1a941,632051,632385,643936,644036,11.551000,11.885000
28,4058,4058,4fda941,663424,663750,674661,674761,10.911000,11.237000
28,2643,2643,4a53941,790051,790377,800774,800874,10.397000,10.723000
28,6127,6127,57ef941,786051,786385,804994,805094,18.609000,18.943000
28,6624,6624,59e0940,839051,839377,847586,847686,8.209000,8.535000
28,3139,3139,4c43941,892051,892377,904845,904945,12.468000,12.794000
28,4392,4392,5128942,896439,896765,909011,909111,12.246000,12.572000
28,7014,7014,5b66943,905051,905377,935421,935521,30.044000,30.370000
28,7182,7182,5c0e940,953051,953385,961689,961789,8.304000,8.638000
28,7772,7772,5e5c940,1022438,1022764,1056222,1056322,33.458000,33.784000
28,5901,5901,570d940,1083051,1083377,1101894,1101994,18.517000,18.843000
28,8843,8843,628b943,1131051,1131385,1138800,1138900,7.415000,7.749000
28,5018,5018,539a941,1186051,1186385,1192844,1192944,6.459000,6.793000
28,8591,8591,618f940,1183051,1183385,1198353,1198453,14.968000,15.302000
28,7952,7952,5f10941,1245051,1245385,1261076,1261176,15.691000,16.025000
28,10187,10187,67cb943,1291051,1291377,1298774,1298874,7.397000,7.723000
28,6653,6653,59fd941,1349051,1349377,1355824,1355924,6.447000,6.773000
28,5184,5184,5440942,1396051,1396385,1408950,1409050,12.565000,12.899000
28,10367,10367,687f942,1435051,1435385,1443599,1443699,8.214000,8.548000
28,10068,10068,6754940,1504051,1504385,1512615,1512715,8.230000,8.564000
28,9906,9906,66b2940,1526051,1526385,1533752,1533852,7.367000,7.701000
28,9350,9350,6486941,1559051,1559377,1569474,1569574,10.097000,10.423000
28,7853,7853,5ead942,1560051,1560385,1573603,1573703,13.218000,13.552000
28,9351,9351,6487941,1583051,1583377,1589007,1589107,5.630000,5.956000
28,10432,10432,68c0942,1570051,1570385,1593192,1593292,22.807000,23.141000
28,9316,9316,6464942,1648051,1648385,1659324,1659424,10.939000,11.273000
28,7868,7868,5ebc941,1688051,1688385,1694811,1694911,6.426000,6.760000
28,10329,10329,6859942,1689051,1689377,1700213,1700313,10.836000,11.162000
28,7489,7489,5d41941,1752051,1752377,1758869,1758969,6.492000,6.818000
28,10018,10018,6722941,1782051,1782385,1788067,1788167,5.682000,6.016000
28,8011,8011,5f4b942,1799051,1799377,1807658,1807758,8.281000,8.607000
28,10973,10973,6add941,2054051,2054385,2061794,2061894,7.409000,7.743000
29,856,856,4358942,81051,81377,87866,87966,6.489000,6.815000
29,76,76,404c940,110051,110385,119523,119623,9.138000,9.472000
29,63,63,403f941,141051,141385,147868,147968,6.483000,6.817000
29,1274,1274,44fa940,230051,230385,251894,251994,21.509000,21.843000
29,2983,2983,4ba7940,249051,249385,260260,260359,10.875000,11.209000
29,3329,3329,4d01940,262578,262912,267648,267748,4.736000,5.070000
29,1863,1863,4747943,261051,261385,271853,271953,10.468000,10.802000
29,2120,2120,4848941,291051,291385,299634,299734,8.249000,8.583000
29,3447,3447,4d77940,397051,397385,406636,406736,9.251000,9.585000
29,3141,3141,4c45942,424051,424377,437006,437106,12.629000,12.955000
29,2617,2617,4a39943,441051,441385,447907,448007,6.522000,6.856000
29,2743,2743,4ab7941,441051,441377,453237,453337,11.860000,12.186000
29,2777,2777,4ad9941,450051,450385,459456,459556,9.071000,9.405000
29,3532,3532,4dcc941,510051,510377,523035,523136,12.658000,12.984000
29,4541,4541,51bd943,572051,572377,579713,579813,7.336000,7.662000
29,4242,4242,5092941,599051,599385,621256,621356,21.871000,22.205000
29,4253,4253,509d941,633992,634326,645298,645398,10.972000,11.306000
29,3718,3718,4e86941,644499,644833,656123,656223,11.290000,11.624000
29,4702,4702,525e942,691051,691377,698734,698834,7.357000,7.683000
29,5751,5751,5677942,697051,697385,709547,709647,12.162000,12.496000
29,7679,7679,5dff942,709051,709377,721051,721151,11.674000,12.000000
29,3507,3507,4db3942,717051,717377,726659,726759,9.282000,9.608000
29,3679,3679,4e5f943,738051,738377,747450,747550,9.073000,9.399000
29,7038,7038,5b7e941,746409,746743,752780,752880,6.037000,6.371000
29,3574,3574,4df6942,751051,751385,760459,760559,9.074000,9.408000
29,5769,5769,5689943,814051,814377,820887,820987,6.510000,6.836000
29,6168,6168,5818941,820051,820385,827737,827837,7.352000,7.686000
29,5055,5055,53bf942,819051,819385,833186,833286,13.801000,14.135000
29,6054,6054,57a6943,867051,867385,873834,873934,6.449000,6.783000
29,9424,9424,64d0941,913051,913377,933848,933948,20.471000,20.797000
29,6791,6791,5a87941,933796,934122,942583,942683,8.461000,8.787000
29,2630,2630,4a46941,981051,981385,987787,987887,6.402000,6.736000
29,5065,5065,53c9940,1009051,1009377,1027421,1027521,18.044000,18.370000
29,7442,7442,5d12942,1049051,1049377,1062101,1062201,12.724000,13.050000
29,3980,3980,4f8c941,1066051,1066385,1071960,1072060,5.575000,5.909000
29,6285,6285,588d941,1083051,1083385,1095122,1095222,11.737000,12.071000
29,6681,6681,5a19943,1098051,1098385,1113856,1113956,15.471000,15.805000
29,3822,3822,4eee942,1110051,1110377,1119352,1119452,8.975000,9.301000
29,8621,8621,61ad942,1141418,1141752,1148332,1148432,6.580000,6.914000
29,6112,6112,57e0940,1143051,1143385,1156911,1157011,13.526000,13.860000
29,7612,7612,5dbc940,1157051,1157385,1162992,1163092,5.607000,5.941000
29,9183,9183,63df941,1181051,1181377,1190490,1190590,9.113000,9.439000
29,6081,6081,57c1940,1356416,1356750,1363326,1363426,6.576000,6.910000
29,9028,9028,6344940,1422402,1422736,1442542,1442642,19.806000,20.140000
29,8927,8927,62df941,1433051,1433377,1448115,1448215,14.738000,15.064000
29,7227,7227,5c3b941,1460051,1460385,1472083,1472183,11.698000,12.032000
29,10444,10444,68cc942,1539051,1539377,1547286,1547386,7.909000,8.235000
29,10799,10799,6a2f940,1539051,1539377,1552733,1552833,13.356000,13.682000
29,10520,10520,6918941,1606051,1606385,1623677,1623777,17.292000,17.626000
29,7427,7427,5d03940,1625051,1625377,1630071,1630171,4.694000,5.020000
29,9671,9671,65c7943,1662051,1662377,1673225,1673325,10.848000,11.174000
29,9905,9905,66b1940,1675051,1675377,1687052,1687152,11.675000,12.001000
29,7982,7982,5f2e941,1698845,1699179,1706593,1706693,7.414000,7.748000
29,10954,10954,6aca941,2092051,2092377,2102503,2102603,10.126000,10.452000
30,1279,1279,44ff940,92051,92377,103971,104071,11.594000,11.920000
30,1034,1034,440a940,189051,189377,197605,197705,8.228000,8.554000
30,1978,1978,47ba942,255051,255377,263608,263708,8.231000,8.557000
30,3566,3566,4dee940,375051,375385,384981,385081,9.596000,9.930000
30,2418,2418,4972943,407051,407385,412154,412254,4.769000,5.103000
30,3570,3570,4df2943,405051,405377,416283,416383,10.906000,11.232000
30,2266,2266,48da942,439416,439742,444473,444573,4.731000,5.057000
30,1650,1650,4672940,437644,437970,448844,448944,10.874000,11.200000
30,3060,3060,4bf4942,464051,464377,473296,473396,8.919000,9.245000
30,2638,2638,4a4e941,481051,481385,516146,516247,34.761000,35.095000
30,1112,1112,4458941,567051,567385,574759,574859,7.374000,7.708000
30,3996,3996,4f9c942,580051,580377,588665,588765,8.288000,8.614000
30,2904,2904,4b58943,602051,602377,608890,608990,6.513000,6.839000
30,6383,6383,58ef940,605051,605385,630010,630110,24.625000,24.959000
30,6228,6228,5854940,744051,744385,754298,754398,9.913000,10.247000
30,3237,3237,4ca5943,765051,765377,772728,772828,7.351000,7.677000
30,4451,4451,5163940,804051,804385,813508,813608,9.123000,9.457000
30,7596,7596,5dac940,812051,812385,821516,821616,9.131000,9.465000
30,6643,6643,59f3940,859051,859385,869429,869529,10.044000,10.378000
30,6443,6443,592b940,891051,891385,901448,901548,10.063000,10.397000
30,4851,4851,52f3941,918051,918377,927489,927589,9.112000,9.438000
30,6467,6467,5943941,923051,923377,932548,932648,9.171000,9.497000
30,8908,8908,62cc942,953051,953377,963383,963483,10.006000,10.332000
30,4787,4787,52b3942,963051,963385,968160,968260,4.775000,5.109000
30,7785,7785,5e69941,1019051,1019385,1030895,1030994,11.510000,11.844000
30,8041,8041,5f69943,1164051,1164385,1171744,1171844,7.359000,7.693000
30,8499,8499,6133942,1217051,1217377,1222113,1222213,4.736000,5.062000
30,6793,6793,5a89940,1247051,1247385,1257764,1257864,10.379000,10.713000
30,7559,7559,5d87943,1265462,1265788,1282478,1282578,16.690000,17.016000
30,7481,7481,5d39942,1354051,1354377,1367487,1367587,13.110000,13.436000
30,6579,6579,59b3943,1352051,1352385,1372959,1373059,20.574000,20.908000
30,7276,7276,5c6c941,1373051,1373385,1382813,1382913,9.428000,9.762000
30,8739,8739,6223943,1379051,1379385,1389405,1389505,10.020000,10.354000
30,10169,10169,67b9943,1461051,1461385,1469599,1469699,8.214000,8.548000
30,6788,6788,5a84942,1588051,1588377,1593153,1593253,4.776000,5.102000
30,8229,8229,6025941,1622416,1622742,1635545,1635645,12.803000,13.129000
30,10800,10800,6a30942,1638051,1638385,1645744,1645844,7.359000,7.693000
30,8349,8349,609d943,1781051,1781377,1787863,1787963,6.486000,6.812000
30,10389,10389,6895940,1895051,1895385,1906242,1906342,10.857000,11.191000
30,10697,10697,69c9942,1932051,1932385,1941435,1941535,9.050000,9.384000
30,8291,8291,6063940,1987051,1987377,1995591,1995691,8.214000,8.540000
30,10440,10440,68c8942,2101895,2102229,2106930,2107030,4.701000,5.035000
30,9597,9597,657d943,2102453,2102779,2111117,2111217,8.338000,8.664000
30,8987,8987,631b940,2146265,2146591,2160079,2160179,13.488000,13.814000
30,10706,10706,69d2941,2444051,2444385,2450898,2450998,6.513000,6.847000
31,312,312,4138941,54051,54377,61740,61840,7.363000,7.689000
31,437,437,41b5942,78798,79124,94986,95086,15.862000,16.188000
31,666,666,429a941,141051,141377,157116,157216,15.739000,16.065000
31,1246,1246,44de943,163051,163377,173567,173667,10.190000,10.516000
31,2426,2426,497a942,250051,250377,258600,258700,8.223000,8.549000
31,977,977,43d1943,263051,263377,272483,272583,9.106000,9.432000
31,3031,3031,4bd7943,256051,256376,279964,280064,23.588000,23.913000
31,793,793,4319943,297051,297385,302156,302256,4.771000,5.105000
31,1724,1724,46bc942,327051,327377,334719,334819,7.342000,7.668000
31,4609,4609,5201941,352051,352385,363403,363503,11.018000,11.352000
31,2652,2652,4a5c940,405051,405377,417887,417987,12.510000,12.836000
31,5840,5840,56d0943,559402,559736,569730,569830,9.994000,10.328000
31,3725,3725,4e8d941,567051,567385,579971,580071,12.586000,12.920000
31,1809,1809,4711942,601051,601385,613807,613907,12.422000,12.756000
31,6049,6049,57a1940,605051,605385,628539,628639,23.154000,23.488000
31,3396,3396,4d44942,666051,666385,683303,683403,16.918000,17.252000
31,4849,4849,52f1941,722051,722377,738307,738407,15.930000,16.256000
31,5187,5187,5443943,730051,730377,743794,743894,13.417000,13.743000
31,3427,3427,4d63942,782051,782377,797944,798044,15.567000,15.893000
31,5849,5849,56d9943,854438,854764,868362,868462,13.598000,13.924000
31,6123,6123,57eb940,875051,875385,886312,886412,10.927000,11.261000
31,4472,4472,5178940,961051,961385,976576,976676,15.191000,15.525000
31,4362,4362,510a942,953051,953377,983731,983831,30.354000,30.680000
31,3867,3867,4f1b941,1006051,1006377,1013746,1013846,7.369000,7.695000
31,6671,6671,5a0f943,1161051,1161377,1172238,1172338,10.861000,11.187000
31,8915,8915,62d3943,1170051,1170377,1176458,1176558,6.081000,6.407000
31,9030,9030,6346942,1160051,1160377,1180625,1180725,20.248000,20.574000
31,9120,9120,63a0942,1198051,1198377,1213931,1214031,15.554000,15.880000
31,8384,8384,60c0941,1200051,1200377,1219406,1219506,19.029000,19.355000
31,8593,8593,6191940,1206051,1206377,1224736,1224836,18.359000,18.685000
31,7609,7609,5db9942,1228051,1228377,1237438,1237538,9.061000,9.387000
31,6369,6369,58e1940,1320051,1320385,1330293,1330393,9.908000,10.242000
31,7362,7362,5cc2942,1346051,1346385,1355443,1355543,9.058000,9.392000
31,10351,10351,686f940,1344153,1344487,1360978,1361078,16.491000,16.825000
31,7057,7057,5b91941,1342051,1342385,1366453,1366553,24.068000,24.402000
31,8544,8544,6160941,1361051,1361385,1370702,1370802,9.317000,9.651000
31,6204,6204,583c940,1417051,1417385,1428219,1428319,10.834000,11.168000
31,8896,8896,62c0941,1423051,1423385,1432439,1432539,9.054000,9.388000
31,8464,8464,6110941,1433395,1433721,1443001,1443101,9.280000,9.606000
31,8180,8180,5ff4942,1453051,1453385,1463328,1463428,9.943000,10.277000
31,9224,9224,6408941,1524051,1524385,1530943,1531043,6.558000,6.892000
31,10785,10785,6a21941,1686051,1686385,1698039,1698139,11.654000,11.988000
31,9008,9008,6330940,1741051,1741385,1751877,1751977,10.492000,10.826000
31,8082,8082,5f92941,1763051,1763377,1770719,1770819,7.342000,7.668000
31,8524,8524,614c941,1943439,1943765,1952891,1952991,9.126000,9.452000
31,8420,8420,60e4940,2042051,2042385,2051455,2051555,9.070000,9.404000
31,10804,10804,6a34942,2184051,2184385,2189995,2190095,5.610000,5.944000
32,266,266,410a943,34051,34377,47081,47181,12.704000,13.030000
32,544,544,4220943,74051,74377,85323,85423,10.946000,11.272000
32,799,799,431f941,114051,114377,130581,130681,16.204000,16.530000
32,491,491,41eb940,133051,133385,138951,139051,5.566000,5.900000
32,1990,1990,47c6941,230051,230377,236020,236120,5.643000,5.969000
32,1423,1423,458f940,262051,262385,267085,267185,4.700000,5.034000
32,2350,2350,492e943,248051,248377,271288,271388,22.911000,23.237000
32,1474,1474,45c2943,281051,281385,291342,291442,9.957000,10.291000
32,1162,1162,448a941,281051,281377,296916,297016,15.539000,15.865000
32,1496,1496,45d8943,382051,382385,390736,390836,8.351000,8.685000
32,2488,2488,49b8942,384051,384377,402207,402307,17.830000,18.156000
32,2836,2836,4b14941,411801,412127,421260,421360,9.133000,9.459000
32,3107,3107,4c23941,422051,422385,434954,435054,12.569000,12.903000
32,4886,4886,5316940,522050,522377,528858,528958,6.481000,6.808000
32,3122,3122,4c32942,545409,545743,559746,559846,14.003000,14.337000
32,5977,5977,5759942,566051,566385,578562,578662,12.177000,12.511000
32,4412,4412,513c940,784051,784385,813501,813601,29.116000,29.450000
32,5269,5269,5495940,816416,816750,824972,825072,8.222000,8.556000
32,5787,5787,569b943,1040033,1040359,1054220,1054320,13.861000,14.187000
32,5870,5870,56ee942,1047051,1047385,1058378,1058478,10.993000,11.327000
32,4665,4665,5239943,1121051,1121377,1134729,1134829,13.352000,13.678000
32,8394,8394,60ca942,1151051,1151377,1162366,1162466,10.989000,11.315000
32,6899,6899,5af3941,1220051,1220385,1226011,1226111,5.626000,5.960000
32,5999,5999,576f941,1229051,1229377,1242044,1242144,12.667000,12.993000
32,7353,7353,5cb9943,1345051,1345385,1356380,1356480,10.995000,11.329000
32,9039,9039,634f940,1359051,1359377,1367675,1367775,8.298000,8.624000
32,10378,10378,688a941,1414051,1414385,1454918,1455018,40.533000,40.867000
32,9968,9968,66f0942,1491418,1491752,1504556,1504656,12.804000,13.138000
32,6843,6843,5abb942,1616051,1616377,1622907,1623007,6.530000,6.856000
32,7820,7820,5e8c941,1624395,1624721,1629464,1629564,4.743000,5.069000
32,9604,9604,6584942,1652051,1652377,1662426,1662526,10.049000,10.375000
32,9311,9311,645f941,1649051,1649385,1666575,1666675,17.190000,17.524000
32,9315,9315,6463943,1676051,1676385,1687326,1687426,10.941000,11.275000
32,9103,9103,638f941,1688051,1688377,1694042,1694142,5.665000,5.991000
32,10340,10340,6864941,1682382,1682708,1700144,1700244,17.436000,17.762000
32,8460,8460,610c943,1691051,1691385,1711587,1711687,20.202000,20.536000
32,9376,9376,64a0943,1847051,1847377,1857062,1857162,9.685000,10.011000
32,9748,9748,6614943,1855416,1855742,1862280,1862380,6.538000,6.864000
32,10670,10670,69ae943,2014051,2014385,2023510,2023610,9.125000,9.459000
33,306,306,4132940,34051,34385,42647,42747,8.262000,8.596000
33,233,233,40e9940,35051,35385,48054,48154,12.669000,13.003000
33,642,642,4282943,43881,44215,54404,54504,10.189000,10.523000
33,1957,1957,47a5942,98051,98385,106108,106208,7.723000,8.057000
33,299,299,412b941,97051,97385,111612,111712,14.227000,14.561000
33,770,770,4302940,105051,105385,117032,117132,11.647000,11.981000
33,231,231,40e7942,178051,178377,186674,186774,8.297000,8.623000
33,1700,1700,46a4942,177051,177377,190859,190959,13.482000,13.808000
33,721,721,42d1943,245051,245385,257297,257397,11.912000,12.246000
33,2371,2371,4943942,274051,274385,284227,284327,9.842000,10.176000
33,4502,4502,5196943,344051,344385,362317,362417,17.932000,18.266000
33,2902,2902,4b56940,355341,355667,367805,367905,12.138000,12.464000
33,5779,5779,5693940,392051,392385,404208,404308,11.823000,12.157000
33,1983,1983,47bf941,397051,397385,409655,409755,12.270000,12.604000
33,421,421,41a5943,418051,418377,431697,431797,13.320000,13.646000
33,3408,3408,4d50943,445051,445385,453606,453706,8.221000,8.555000
33,2893,2893,4b4d943,455051,455377,464536,464636,9.159000,9.485000
33,2760,2760,4ac8940,466051,466377,473715,473815,7.338000,7.664000
33,4788,4788,52b4942,479051,479377,491095,491195,11.718000,12.044000
33,3434,3434,4d6a943,522050,522377,531480,531580,9.103000,9.430000
33,1688,1688,4698943,528051,528385,542346,542446,13.961000,14.295000
33,1442,1442,45a2943,538051,538385,546544,546644,8.159000,8.493000
33,2667,2667,4a6b940,552051,552385,560243,560343,7.858000,8.192000
33,5670,5670,5626940,656051,656377,661105,661205,4.728000,5.054000
33,2994,2994,4bb2940,693051,693377,712745,712845,19.368000,19.694000
33,2372,2372,4944943,703051,703377,718216,718316,14.839000,15.165000
33,4781,4781,52ad940,728051,728385,736276,736376,7.891000,8.225000
33,4524,4524,51ac942,754051,754377,775227,775327,20.850000,21.176000
33,3673,3673,4e59942,782051,782377,791448,791548,9.071000,9.397000
33,3250,3250,4cb2940,801051,801385,807935,808035,6.550000,6.884000
33,7347,7347,5cb3941,819051,819377,829005,829105,9.628000,9.954000
33,3644,3644,4e3c943,905051,905377,915388,915488,10.011000,10.337000
33,3637,3637,4e35942,927770,928096,939427,939527,11.331000,11.657000
33,6125,6125,57ed940,939446,939780,947152,947252,7.372000,7.706000
33,8899,8899,62c3941,1022051,1022377,1034576,1034676,12.199000,12.525000
33,5024,5024,53a0942,1077051,1077377,1087359,1087459,9.982000,10.308000
33,5095,5095,53e7943,1095051,1095377,1101931,1102031,6.554000,6.880000
33,7594,7594,5daa940,1101051,1101377,1106076,1106176,4.699000,5.025000
33,8243,8243,6033940,1116051,1116377,1124642,1124742,8.265000,8.591000
33,7561,7561,5d89941,1138416,1138742,1165008,1165108,26.266000,26.592000
33,7016,7016,5b68942,1222051,1222377,1231523,1231623,9.146000,9.472000
33,7272,7272,5c68941,1300051,1300385,1307810,1307910,7.425000,7.759000
33,8973,8973,630d940,1298051,1298377,1311967,1312067,13.590000,13.916000
33,7010,7010,5b62941,1321051,1321377,1334020,1334120,12.643000,12.969000
33,8261,8261,6045942,1380051,1380385,1385123,1385223,4.738000,5.072000
33,6254,6254,586e943,1385601,1385935,1391581,1391681,5.646000,5.980000
33,9770,9770,662a940,1419051,1419377,1426836,1426936,7.459000,7.785000
33,10660,10660,69a4941,1725051,1725377,1730112,1730212,4.735000,5.061000
33,9957,9957,66e5942,1744051,1744385,1762577,1762677,18.192000,18.526000
33,8533,8533,6155941,1786051,1786385,1791939,1792039,5.554000,5.888000
33,8343,8343,6097942,1787051,1787385,1797481,1797581,10.096000,10.430000
33,8943,8943,62ef941,1854051,1854385,1864873,1864973,10.488000,10.822000
33,7921,7921,5ef1943,1976051,1976377,1987305,1987405,10.928000,11.254000
34,69,69,4045940,50395,50721,56377,56477,5.656000,5.982000
34,178,178,40b2940,52051,52377,60532,60632,8.155000,8.481000
34,258,258,4102942,60051,60385,71431,71531,11.046000,11.380000
34,534,534,4216941,77051,77385,87252,87352,9.867000,10.201000
34,1914,1914,477a941,91051,91385,101456,101556,10.071000,10.405000
34,1059,1059,4423941,138051,138385,146624,146724,8.239000,8.573000
34,1313,1313,4521942,160051,160385,170482,170582,10.097000,10.431000
34,2807,2807,4af7940,224051,224377,238295,238395,13.918000,14.244000
34,2075,2075,481b942,297051,297377,304693,304793,7.316000,7.642000
34,697,697,42b9943,305051,305377,311900,312000,6.523000,6.849000
34,3274,3274,4cca941,368051,368385,375784,375884,7.399000,7.733000
34,2612,2612,4a34943,653051,653377,666081,666181,12.704000,13.030000
34,3801,3801,4ed9941,660051,660377,671583,671683,11.206000,11.532000
34,5486,5486,556e942,768051,768385,775729,775829,7.344000,7.678000
34,5192,5192,5448941,777051,777377,786709,786809,9.332000,9.658000
34,5789,5789,569d941,928051,928385,936643,936743,8.258000,8.592000
34,6878,6878,5ade943,947051,947377,954761,954861,7.384000,7.710000
34,4532,4532,51b4942,967051,967385,973006,973106,5.621000,5.955000
34,5878,5878,56f6943,1002051,1002377,1010702,1010802,8.325000,8.651000
34,7901,7901,5edd941,1016438,1016764,1026007,1026107,9.243000,9.569000
34,10714,10714,69da940,1018051,1018385,1031514,1031615,13.129000,13.463000
34,5093,5093,53e5943,1077051,1077385,1083002,1083102,5.617000,5.951000
34,7807,7807,5e7f941,1094051,1094385,1107666,1107766,13.281000,13.615000
34,7150,7150,5bee940,1136051,1136385,1150085,1150185,13.700000,14.034000
34,6197,6197,5835942,1197051,1197385,1205579,1205679,8.194000,8.528000
34,7449,7449,5d19940,1202051,1202377,1216380,1216480,14.003000,14.329000
34,9119,9119,639f941,1298051,1298377,1305764,1305864,7.387000,7.713000
34,9956,9956,66e4940,1504051,1504385,1511741,1511841,7.356000,7.690000
34,9286,9286,6446940,1554051,1554385,1561733,1561833,7.348000,7.682000
34,8829,8829,627d943,1575051,1575377,1598119,1598219,22.742000,23.068000
34,9462,9462,64f6943,1590051,1590385,1602318,1602418,11.933000,12.267000
34,8490,8490,612a941,1649051,1649385,1662888,1662988,13.503000,13.837000
34,4985,4985,5379940,1678051,1678385,1684876,1684976,6.491000,6.825000
34,8206,8206,600e943,1686051,1686385,1692842,1692942,6.457000,6.791000
34,5372,5372,54fc940,1733051,1733377,1739888,1739988,6.511000,6.837000
34,9532,9532,653c943,1827051,1827377,1833844,1833944,6.467000,6.793000
34,8402,8402,60d2943,1828051,1828385,1838047,1838147,9.662000,9.996000
34,8694,8694,61f6943,1836051,1836377,1843392,1843492,7.015000,7.341000
34,10762,10762,6a0a943,2051051,2051377,2058723,2058823,7.346000,7.672000
35,138,138,408a940,32050,32385,41548,41648,9.163000,9.498000
35,200,200,40c8941,43051,43385,49907,50007,6.522000,6.856000
35,146,146,4092941,75051,75377,87422,87522,12.045000,12.371000
35,2784,2784,4ae0941,152051,152377,158906,159006,6.529000,6.855000
35,1167,1167,448f940,163051,163377,174162,174262,10.785000,11.111000
35,1182,1182,449e943,234051,234385,242655,242755,8.270000,8.604000
35,1602,1602,4642943,240051,240377,273938,274038,33.561000,33.887000
35,4438,4438,5156940,271424,271750,280853,280953,9.103000,9.429000
35,1372,1372,455c941,266051,266385,286350,286450,19.965000,20.299000
35,1608,1608,4648943,310051,310385,318666,318766,8.281000,8.615000
35,1231,1231,44cf940,311051,311385,324028,324128,12.643000,12.977000
35,1481,1481,45c9941,335051,335377,344025,344125,8.648000,8.974000
35,2699,2699,4a8b941,361051,361377,367890,367990,6.513000,6.839000
35,3583,3583,4dff940,365051,365385,375332,375432,9.947000,10.281000
35,3133,3133,4c3d942,383051,383385,390791,390891,7.406000,7.740000
35,2373,2373,4945943,421051,421385,428773,428873,7.388000,7.722000
35,3479,3479,4d97940,474051,474385,481780,481880,7.395000,7.729000
35,3443,3443,4d73941,472051,472385,489918,490018,17.533000,17.867000
35,2079,2079,481f943,532051,532385,540673,540773,8.288000,8.622000
35,1913,1913,4779940,674051,674377,701408,701508,27.031000,27.357000
35,3398,3398,4d46941,721431,721757,731900,732000,10.143000,10.469000
35,4948,4948,5354942,750051,750385,761309,761409,10.924000,11.258000
35,4960,4960,5360942,799051,799377,815877,815977,16.500000,16.826000
35,5831,5831,56c7940,828051,828377,838623,838723,10.246000,10.572000
35,3955,3955,4f73941,864051,864385,878964,879064,14.579000,14.913000
35,6149,6149,5805942,875051,875377,899859,899959,24.482000,24.808000
35,8710,8710,6206942,880390,880716,905359,905459,24.643000,24.969000
35,3485,3485,4d9d942,899051,899377,926158,926258,26.781000,27.107000
35,5174,5174,5436943,939051,939385,949438,949538,10.053000,10.387000
35,4231,4231,5087943,981051,981385,986981,987081,5.596000,5.930000
35,7931,7931,5efb941,1045051,1045377,1054549,1054649,9.172000,9.498000
35,4731,4731,527b943,1103051,1103377,1108978,1109078,5.601000,5.927000
35,4035,4035,4fc3943,1132051,1132377,1137109,1137209,4.732000,5.058000
35,6235,6235,585b941,1252051,1252377,1259785,1259885,7.408000,7.734000
35,6738,6738,5a52943,1295395,1295729,1304007,1304107,8.278000,8.612000
35,8235,8235,602b940,1310051,1310377,1318670,1318770,8.293000,8.619000
35,6227,6227,5853942,1324051,1324385,1331988,1332088,7.603000,7.937000
35,6884,6884,5ae4943,1362051,1362385,1370624,1370724,8.239000,8.573000
35,4099,4099,5003940,1385051,1385377,1391032,1391132,5.655000,5.981000
35,7583,7583,5d9f941,1428438,1428764,1438749,1438849,9.985000,10.311000
35,8898,8898,62c2943,1450051,1450377,1460377,1460477,10.000000,10.326000
35,10831,10831,6a4f940,1470051,1470385,1482952,1483052,12.567000,12.901000
35,7030,7030,5b76943,1572051,1572377,1582337,1582437,9.960000,10.286000
35,9330,9330,6472942,1587051,1587385,1600846,1600946,13.461000,13.795000
35,7628,7628,5dcc941,1609051,1609377,1622192,1622292,12.815000,13.141000
35,10692,10692,69c4943,1716051,1716377,1721075,1721175,4.698000,5.024000
35,9849,9849,6679943,1736051,1736385,1746453,1746553,10.068000,10.402000
35,8444,8444,60fc943,1762051,1762385,1768882,1768982,6.497000,6.831000
35,6603,6603,59cb943,1802051,1802377,1811523,1811623,9.146000,9.472000
35,10055,10055,6747943,1962051,1962385,1967993,1968093,5.608000,5.942000
35,10686,10686,69be940,2811051,2811377,2817021,2817121,5.644000,5.970000
36,352,352,4160940,34051,34385,43845,43945,9.460000,9.794000
36,605,605,425d942,152051,152385,159739,159839,7.354000,7.688000
36,1595,1595,463b943,236431,236757,243404,243504,6.647000,6.973000
36,2755,2755,4ac3943,255051,255385,277799,277899,22.414000,22.748000
36,2838,2838,4b16940,306051,306377,313712,313812,7.335000,7.661000
36,2408,2408,4968942,323051,323377,330599,330699,7.222000,7.548000
36,2005,2005,47d5943,345051,345385,360039,360139,14.654000,14.988000
36,1241,1241,44d9941,376051,376377,386289,386389,9.912000,10.238000
36,2404,2404,4964940,433051,433377,439081,439181,5.704000,6.030000
36,1269,1269,44f5943,447051,447377,452082,452182,4.705000,5.031000
36,4223,4223,507f940,567051,567377,573032,573132,5.655000,5.981000
36,2116,2116,4844942,581051,581385,591155,591255,9.770000,10.104000
36,7294,7294,5c7e942,758051,758377,767111,767211,8.734000,9.060000
36,5321,5321,54c9940,762051,762377,772478,772578,10.101000,10.427000
36,3535,3535,4dcf940,830416,830750,849386,849486,18.636000,18.970000
36,5613,5613,55ed941,851051,851377,857839,857939,6.462000,6.788000
36,2830,2830,4b0e943,888051,888377,893141,893241,4.764000,5.090000
36,4095,4095,4fff943,922051,922377,931931,932031,9.554000,9.880000
36,2436,2436,4984940,949051,949377,971372,971472,21.995000,22.321000
36,10476,10476,68ec942,1084140,1084466,1093297,1093397,8.831000,9.157000
36,6795,6795,5a8b940,1178438,1178764,1198360,1198460,19.596000,19.922000
36,9215,9215,63ff942,1203051,1203377,1210715,1210815,7.338000,7.664000
36,7511,7511,5d57943,1231051,1231385,1265752,1265852,34.367000,34.701000
36,7433,7433,5d09941,1253051,1253385,1271177,1271277,17.792000,18.126000
36,5773,5773,568d943,1302051,1302377,1310705,1310805,8.328000,8.654000
36,9500,9500,651c942,1344051,1344385,1351725,1351825,7.340000,7.674000
36,5784,5784,5698943,1377431,1377757,1385275,1385375,7.518000,7.844000
36,8746,8746,622a941,1535051,1535377,1542700,1542800,7.323000,7.649000
36,8959,8959,62ff941,1659051,1659385,1666773,1666873,7.388000,7.722000
36,6011,6011,577b943,1679051,1679385,1687628,1687728,8.243000,8.577000
36,9982,9982,66fe942,1759051,1759377,1765888,1765988,6.511000,6.837000
36,7769,7769,5e59941,1781051,1781385,1790431,1790531,9.046000,9.380000
36,10376,10376,6888942,1836051,1836377,1841993,1842093,5.616000,5.942000
36,9091,9091,6383940,2065831,2066165,2078765,2078865,12.600000,12.934000
37,89,89,4059943,24051,24385,30034,30134,5.649000,5.983000
37,457,457,41c9942,30051,30385,36870,36970,6.485000,6.819000
37,127,127,407f941,57051,57385,62133,62233,4.748000,5.082000
37,1209,1209,44b9940,149051,149385,156757,156857,7.372000,7.706000
37,943,943,43af943,173051,173377,184656,184756,11.279000,11.605000
37,2707,2707,4a93941,209051,209385,221118,221218,11.733000,12.067000
37,3481,3481,4d99942,229464,229790,236489,236589,6.699000,7.025000
37,3524,3524,4dc4942,234954,235288,241974,242074,6.686000,7.020000
37,1145,1145,4479941,242416,242750,249210,249310,6.460000,6.794000
37,2586,2586,4a1a942,289051,289377,294958,295058,5.581000,5.907000
37,1178,1178,449a941,293051,293385,306539,306639,13.154000,13.488000
37,3046,3046,4be6943,306438,306764,315025,315125,8.261000,8.587000
37,1877,1877,4755941,331395,331721,337354,337454,5.633000,5.959000
37,832,832,4340943,365051,365377,371880,371980,6.503000,6.829000
37,2541,2541,49ed942,405051,405385,414515,414615,9.130000,9.464000
37,1226,1226,44ca943,432051,432377,439745,439845,7.368000,7.694000
37,5572,5572,55c4940,459464,459798,469762,469862,9.964000,10.298000
37,2780,2780,4adc941,465788,466114,480845,480945,14.731000,15.057000
37,2746,2746,4aba943,472051,472377,485055,485155,12.678000,13.004000
37,5587,5587,55d3940,505586,505920,510708,510808,4.788000,5.122000
37,5118,5118,53fe940,568051,568385,575752,575852,7.367000,7.701000
37,1776,1776,46f0943,569051,569385,581189,581289,11.804000,12.138000
37,3851,3851,4f0b943,623395,623721,629344,629444,5.623000,5.949000
37,5097,5097,53e9940,618416,618750,634044,634144,15.294000,15.628000
37,2722,2722,4aa2943,667051,667385,675638,675738,8.253000,8.587000
37,4314,4314,50da943,681051,681385,690458,690558,9.073000,9.407000
37,6980,6980,5b44942,694453,694779,700445,700545,5.666000,5.992000
37,6232,6232,5858941,822439,822773,830064,830164,7.291000,7.625000
37,6293,6293,5895942,828051,828385,835581,835681,7.196000,7.530000
37,5859,5859,56e3943,847111,847437,863190,863290,15.753000,16.079000
37,4164,4164,5044941,912051,912377,923046,923146,10.669000,10.995000
37,9592,9592,6578940,945438,945764,960433,960533,14.669000,14.995000
37,9699,9699,65e3940,951051,951385,965910,966010,14.525000,14.859000
37,4887,4887,5317942,1022051,1022385,1029694,1029793,7.309000,7.643000
37,7581,7581,5d9d941,1030051,1030377,1037706,1037807,7.329000,7.655000
37,5343,5343,54df941,1029051,1029385,1043241,1043340,13.856000,14.190000
37,5918,5918,571e943,1271051,1271385,1283890,1283990,12.505000,12.839000
37,3945,3945,4f69941,1369051,1369377,1379337,1379437,9.960000,10.286000
37,7696,7696,5e10943,1378051,1378377,1386559,1386659,8.182000,8.508000
37,9463,9463,64f7942,1381051,1381377,1390808,1390908,9.431000,9.757000
37,9010,9010,6332941,1399051,1399385,1404167,1404267,4.782000,5.116000
37,8619,8619,61ab942,1476051,1476385,1485451,1485551,9.066000,9.400000
37,7011,7011,5b63942,1665051,1665377,1675025,1675125,9.648000,9.974000
37,8530,8530,6152941,1788051,1788385,1794014,1794114,5.629000,5.963000
37,9207,9207,63f7943,1820051,1820385,1827798,1827898,7.413000,7.747000
37,10071,10071,6757942,1870051,1870385,1879436,1879536,9.051000,9.385000
37,7403,7403,5ceb940,2185402,2185736,2191458,2191558,5.722000,6.056000
37,10393,10393,6899942,2761051,2761385,2776683,2776783,15.298000,15.632000
38,917,917,4395942,74051,74377,81694,81794,7.317000,7.643000
38,410,410,419a940,82051,82377,88817,88917,6.440000,6.766000
38,1058,1058,4422943,135051,135385,144453,144553,9.068000,9.402000
38,1635,1635,4663942,229402,229736,255503,255603,25.767000,26.101000
38,4277,4277,50b5942,369051,369385,375084,375184,5.699000,6.033000
38,1746,1746,46d2941,377051,377377,384713,384813,7.336000,7.662000
38,3054,3054,4bee943,481051,481385,486151,486251,4.766000,5.100000
38,3266,3266,4cc2943,493051,493377,516713,516813,23.336000,23.662000
38,4235,4235,508b941,561051,561385,567857,567957,6.472000,6.806000
38,2595,2595,4a23941,590051,590377,602100,602200,11.723000,12.049000
38,4188,4188,505c943,643424,643750,653879,653979,10.129000,10.455000
38,5648,5648,5610940,647051,647385,658079,658179,10.694000,11.028000
38,4202,4202,506a941,637831,638165,662257,662357,24.092000,24.426000
38,4614,4614,5206942,673051,673385,681119,681219,7.734000,8.068000
38,3874,3874,4f22941,715051,715377,732524,732624,17.147000,17.473000
38,6328,6328,58b8941,758051,758377,769451,769551,11.074000,11.400000
38,4808,4808,52c8942,794051,794385,799154,799254,4.769000,5.103000
38,5770,5770,568a941,879051,879385,890067,890167,10.682000,11.016000
38,4884,4884,5314941,934051,934377,951229,951329,16.852000,17.178000
38,4488,4488,5188943,957051,957385,965618,965718,8.233000,8.567000
38,6394,6394,58fa941,964051,964385,981125,981225,16.740000,17.074000
38,10295,10295,6837942,986051,986377,992008,992108,5.631000,5.957000
38,4990,4990,537e942,999051,999385,1005169,1005269,5.784000,6.118000
38,7999,7999,5f3f940,1066051,1066385,1079108,1079208,12.723000,13.057000
38,9341,9341,647d940,1067395,1067729,1089866,1089966,22.137000,22.471000
38,7159,7159,5bf7941,1118051,1118377,1123943,1124043,5.566000,5.892000
38,9724,9724,65fc940,1152051,1152377,1162331,1162431,9.954000,10.280000
38,6518,6518,5976943,1154051,1154385,1173845,1173945,19.460000,19.794000
38,8582,8582,6186941,1171051,1171385,1178039,1178139,6.654000,6.988000
38,5930,5930,572a943,1351051,1351385,1362209,1362309,10.824000,11.158000
38,5352,5352,54e8941,1343736,1344070,1373907,1374007,29.837000,30.171000
38,9378,9378,64a2940,1423051,1423377,1428995,1429095,5.618000,5.944000
38,9594,9594,657a942,1433051,1433385,1444986,1445086,11.601000,11.935000
38,6963,6963,5b33942,1434051,1434385,1455962,1456062,21.577000,21.911000
38,9951,9951,66df940,1498051,1498377,1505856,1505956,7.479000,7.805000
38,7527,7527,5d67941,1506051,1506385,1514627,1514727,8.242000,8.576000
38,9016,9016,6338941,1543051,1543385,1552421,1552521,9.036000,9.370000
38,9789,9789,663d940,1601051,1601385,1606995,1607095,5.610000,5.944000
38,8731,8731,621b942,1657051,1657377,1667373,1667473,9.996000,10.322000
38,9606,9606,6586942,1849051,1849385,1857589,1857689,8.204000,8.538000
38,10950,10950,6ac6943,1893051,1893377,1904882,1904982,11.505000,11.831000
38,8820,8820,6274943,1905051,1905385,1912694,1912794,7.309000,7.643000
38,10759,10759,6a07942,2329051,2329377,2338459,2338559,9.082000,9.408000
39,290,290,4122942,117051,117377,128239,128339,10.862000,11.188000
39,518,518,4206940,155051,155377,167792,167892,12.415000,12.741000
39,64,64,4040943,160051,160377,179067,179167,18.690000,19.016000
39,598,598,4256943,192051,192385,204887,204987,12.502000,12.836000
39,905,905,4389940,279051,279385,291074,291174,11.689000,12.023000
39,2277,2277,48e5940,312051,312385,320637,320737,8.252000,8.586000
39,1523,1523,45f3943,311051,311377,324840,324940,13.463000,13.789000
39,4119,4119,5017941,378425,378759,387909,388009,9.150000,9.484000
39,4590,4590,51ee941,493051,493385,499915,500015,6.530000,6.864000
39,1490,1490,45d2941,520050,520385,540708,540808,20.323000,20.658000
39,3630,3630,4e2e941,724051,724385,731803,731903,7.418000,7.752000
39,2570,2570,4a0a943,767051,767385,781869,781969,14.484000,14.818000
39,3730,3730,4e92942,783051,783377,796302,796402,12.925000,13.251000
39,3603,3603,4e13940,811051,811377,825231,825331,13.854000,14.180000
39,2862,2862,4b2e941,842051,842377,854133,854233,11.756000,12.082000
39,10127,10127,678f942,922051,922377,928890,928990,6.513000,6.839000
39,4422,4422,5146940,957051,957385,969444,969544,12.059000,12.393000
39,7591,7591,5da7940,1014051,1014385,1025202,1025301,10.817000,11.151000
39,4934,4934,5346942,1027437,1027763,1042314,1042414,14.551000,14.877000
39,6604,6604,59cc941,1038431,1038757,1047645,1047744,8.888000,9.214000
39,8328,8328,6088940,1096051,1096385,1107238,1107338,10.853000,11.187000
39,6513,6513,5971942,1137051,1137385,1142955,1143055,5.570000,5.904000
39,4656,4656,5230943,1186051,1186377,1199804,1199904,13.427000,13.753000
39,5334,5334,54d6940,1285051,1285377,1303567,1303667,18.190000,18.516000
39,5552,5552,55b0943,1386051,1386377,1395522,1395622,9.145000,9.471000
39,8265,8265,6049942,1403051,1403385,1417146,1417246,13.761000,14.095000
39,8307,8307,6073942,1436051,1436385,1444585,1444685,8.200000,8.534000
39,9007,9007,632f943,1584051,1584377,1589158,1589258,4.781000,5.107000
39,9041,9041,6351941,1603051,1603385,1621311,1621411,17.926000,18.260000
39,10639,10639,698f941,1620051,1620385,1632984,1633084,12.599000,12.933000
39,8308,8308,6074941,1640051,1640385,1649168,1649268,8.783000,9.117000
39,10076,10076,675c941,1675051,1675385,1684682,1684782,9.297000,9.631000
39,6875,6875,5adb941,1695051,1695385,1708127,1708227,12.742000,13.076000
39,8412,8412,60dc943,1726409,1726743,1735833,1735933,9.090000,9.424000
39,10390,10390,6896943,1832051,1832385,1855846,1855946,23.461000,23.795000
39,10270,10270,681e943,1947051,1947377,1960640,1960740,13.263000,13.589000
39,8441,8441,60f9942,1955051,1955385,1970733,1970833,15.348000,15.682000
39,10133,10133,6795943,2013051,2013377,2022488,2022588,9.111000,9.437000
39,10558,10558,693e943,2272460,2272794,2280999,2281099,8.205000,8.539000
40,117,117,4075941,31051,31385,56172,56272,24.787000,25.121000
40,583,583,4247941,123051,123385,131689,131789,8.304000,8.638000
40,1735,1735,46c7941,173051,173385,186981,187081,13.596000,13.930000
40,2665,2665,4a69940,210051,210385,222557,222657,12.172000,12.506000
40,1213,1213,44bd942,246051,246385,255591,255691,9.206000,9.540000
40,1255,1255,44e7942,295051,295377,304526,304626,9.149000,9.475000
40,1037,1037,440d942,322051,322385,333310,333410,10.925000,11.259000
40,2179,2179,4883942,349051,349385,354964,355064,5.579000,5.913000
40,3236,3236,4ca4941,370051,370377,388698,388798,18.321000,18.647000
40,3318,3318,4cf6941,379051,379385,394127,394227,14.742000,15.076000
40,2336,2336,4920940,419051,419385,427760,427860,8.375000,8.709000
40,1433,1433,4599942,467051,467385,473889,473989,6.504000,6.838000
40,2396,2396,495c942,474051,474377,485275,485375,10.898000,11.224000
40,4315,4315,50db942,503051,503377,513399,513499,10.022000,10.348000
40,1377,1377,4561941,526436,526762,545492,545592,18.730000,19.056000
40,2433,2433,4981940,534051,534385,557953,558053,23.568000,23.902000
40,2984,2984,4ba8941,578051,578385,595571,595671,17.186000,17.520000
40,4230,4230,5086943,615051,615385,633344,633444,17.959000,18.293000
40,4606,4606,51fe943,667051,667385,681809,681909,14.424000,14.758000
40,5347,5347,54e3943,759051,759385,766701,766801,7.316000,7.650000
40,4283,4283,50bb940,816051,816385,824554,824654,8.169000,8.503000
40,3025,3025,4bd1941,871051,871377,880552,880652,9.175000,9.501000
40,6766,6766,5a6e941,928416,928750,935261,935361,6.511000,6.845000
40,4879,4879,530f941,945051,945385,950131,950231,4.746000,5.080000
40,6190,6190,582e943,942051,942377,956941,957041,14.564000,14.890000
40,4317,4317,50dd940,986051,986385,994801,994901,8.416000,8.750000
40,8470,8470,6116940,1020051,1020377,1025133,1025233,4.756000,5.082000
40,5646,5646,560e942,1018819,1019153,1029314,1029414,10.161000,10.495000
40,6531,6531,5983943,1046826,1047152,1060108,1060208,12.956000,13.282000
40,6529,6529,5981943,1068051,1068377,1087423,1087523,19.046000,19.372000
40,8502,8502,6136940,1092051,1092377,1097109,1097209,4.732000,5.058000
40,8163,8163,5fe3942,1089051,1089385,1102798,1102898,13.413000,13.747000
40,7392,7392,5ce0942,1092431,1092757,1107022,1107122,14.265000,14.591000
40,7197,7197,5c1d941,1093051,1093377,1117821,1117921,24.444000,24.770000
40,6771,6771,5a73943,1136051,1136377,1150851,1150951,14.474000,14.800000
40,6784,6784,5a80941,1149051,1149385,1156376,1156476,6.991000,7.325000
40,7975,7975,5f27940,1162395,1162721,1179922,1180022,17.201000,17.527000
40,8059,8059,5f7b941,1214051,1214385,1223475,1223575,9.090000,9.424000
40,9310,9310,645e941,1222051,1222377,1228876,1228976,6.499000,6.825000
40,9751,9751,6617941,1222051,1222385,1233049,1233149,10.664000,10.998000
40,9519,9519,652f941,1326323,1326649,1332240,1332340,5.591000,5.917000
40,9961,9961,66e9941,1366051,1366377,1371952,1372052,5.575000,5.901000
40,7659,7659,5deb940,1385051,1385377,1400259,1400359,14.882000,15.208000
40,8770,8770,6242940,1453051,1453385,1464293,1464393,10.908000,11.242000
40,9679,9679,65cf941,1503606,1503940,1510377,1510477,6.437000,6.771000
40,5952,5952,5740943,1518051,1518377,1529279,1529379,10.902000,11.228000
40,10429,10429,68bd942,1578051,1578385,1588381,1588481,9.996000,10.330000
40,10113,10113,6781940,1630051,1630385,1635109,1635209,4.724000,5.058000
40,9423,9423,64cf941,1671051,1671385,1684031,1684131,12.646000,12.980000
40,8110,8110,5fae940,1737051,1737385,1750782,1750882,13.397000,13.731000
40,9417,9417,64c9941,1954051,1954385,1963583,1963683,9.198000,9.532000
41,287,287,411f940,31051,31385,43352,43452,11.967000,12.301000
41,10,10,400a941,83051,83385,88147,88247,4.762000,5.096000
41,326,326,4146940,83051,83385,92292,92392,8.907000,9.241000
41,1134,1134,446e942,143957,144291,149029,149129,4.738000,5.072000
41,575,575,423f941,166051,166377,176121,176221,9.744000,10.070000
41,1260,1260,44ec943,321051,321377,332268,332368,10.891000,11.217000
41,2526,2526,49de941,344416,344750,350381,350481,5.631000,5.965000
41,1597,1597,463d940,355051,355377,361847,361947,6.470000,6.796000
41,2516,2516,49d4943,376051,376377,400283,400383,23.906000,24.232000
41,2575,2575,4a0f943,434051,434377,440013,440113,5.636000,5.962000
41,4121,4121,5019941,553051,553385,558086,558186,4.701000,5.035000
41,2834,2834,4b12940,555051,555385,562280,562380,6.895000,7.229000
41,2892,2892,4b4c940,606424,606750,619063,619163,12.313000,12.639000
41,2820,2820,4b04941,672051,672377,677941,678041,5.564000,5.890000
41,2509,2509,49cd940,683051,683385,698966,699066,15.581000,15.915000
41,3944,3944,4f68940,729051,729377,738869,738969,9.492000,9.818000
41,6051,6051,57a3940,755051,755377,762815,762915,7.438000,7.764000
41,7495,7495,5d47943,772051,772385,783870,783970,11.485000,11.819000
41,5030,5030,53a6942,861051,861377,874070,874170,12.693000,13.019000
41,6973,6973,5b3d941,890051,890385,911742,911842,21.357000,21.691000
41,7198,7198,5c1e940,967051,967377,973865,973965,6.488000,6.814000
41,2604,2604,4a2c941,967051,967377,978007,978107,10.630000,10.956000
41,4924,4924,533c940,978051,978385,987426,987526,9.041000,9.375000
41,7604,7604,5db4941,1055051,1055377,1064583,1064683,9.206000,9.532000
41,4155,4155,503b941,1104051,1104385,1112617,1112717,8.232000,8.566000
41,5710,5710,564e942,1243948,1244282,1252009,1252109,7.727000,8.061000
41,6333,6333,58bd940,1292051,1292385,1301428,1301528,9.043000,9.377000
41,10234,10234,67fa940,1334051,1334377,1345829,1345929,11.452000,11.778000
41,6543,6543,598f940,1457438,1457764,1466030,1466130,8.266000,8.592000
41,9314,9314,6462942,1467051,1467385,1476480,1476580,9.095000,9.429000
41,8560,8560,6170940,1507051,1507385,1516332,1516432,8.947000,9.281000
41,6982,6982,5b46940,1591051,1591385,1598783,1598883,7.398000,7.732000
41,10611,10611,6973942,1597051,1597377,1609849,1609949,12.472000,12.798000
41,7932,7932,5efc940,1637051,1637377,1642082,1642182,4.705000,5.031000
41,10745,10745,69f9942,1624051,1624377,1646222,1646322,21.845000,22.171000
41,8175,8175,5fef943,1772051,1772385,1782434,1782534,10.049000,10.383000
41,7410,7410,5cf2942,1887488,1887822,1896987,1897087,9.165000,9.499000
41,8313,8313,6079940,1898051,1898377,1906582,1906682,8.205000,8.531000
41,8611,8611,61a3942,2231874,2232200,2239527,2239627,7.327000,7.653000
41,10321,10321,6851942,2289051,2289377,2298535,2298635,9.158000,9.484000
41,9742,9742,660e940,2609051,2609385,2618500,2618600,9.115000,9.449000
42,56,56,4038942,110051,110385,120104,120204,9.719000,10.053000
42,519,519,4207940,135051,135377,142747,142847,7.370000,7.696000
42,646,646,4286942,168409,168743,178287,178387,9.544000,9.878000
42,675,675,42a3943,209051,209385,214959,215059,5.574000,5.908000
42,1842,1842,4732943,206051,206377,220320,220420,13.943000,14.269000
42,1452,1452,45ac943,228051,228377,235704,235804,7.327000,7.653000
42,1301,1301,4515940,240051,240385,246898,246998,6.513000,6.847000
42,1830,1830,4726941,253051,253377,259108,259208,5.731000,6.057000
42,2666,2666,4a6a940,255054,255380,264641,264741,9.261000,9.587000
42,2208,2208,48a0943,328051,328385,337365,337465,8.980000,9.314000
42,3599,3599,4e0f943,357051,357377,365704,365804,8.327000,8.653000
42,2414,2414,496e943,371051,371385,377830,377930,6.445000,6.779000
42,4167,4167,5047943,400051,400385,408699,408799,8.314000,8.648000
42,2597,2597,4a25940,430051,430377,439467,439567,9.090000,9.416000
42,2572,2572,4a0c941,435051,435377,445419,445519,10.042000,10.368000
42,5111,5111,53f7943,499051,499377,505874,505974,6.497000,6.823000
42,3098,3098,4c1a942,618051,618377,628224,628324,9.847000,10.173000
42,7033,7033,5b79943,687465,687799,700176,700276,12.377000,12.711000
42,3491,3491,4da3942,751051,751377,760573,760673,9.196000,9.522000
42,5912,5912,5718943,757051,757385,766029,766129,8.644000,8.978000
42,5688,5688,5638942,775051,775385,781015,781115,5.630000,5.964000
42,5983,5983,575f941,787051,787377,796533,796633,9.156000,9.482000
42,5515,5515,558b940,823051,823377,831637,831737,8.260000,8.586000
42,5399,5399,5517942,956051,956377,968129,968229,11.752000,12.078000
42,4919,4919,5337942,992051,992385,997089,997189,4.704000,5.038000
42,4464,4464,5170940,1042051,1042377,1051542,1051642,9.165000,9.491000
42,5823,5823,56bf942,1057051,1057377,1064727,1064827,7.350000,7.676000
42,8580,8580,6184940,1126051,1126385,1132944,1133044,6.559000,6.893000
42,6868,6868,5ad4941,1304051,1304385,1312616,1312716,8.231000,8.565000
42,8861,8861,629d940,1330051,1330385,1336904,1337004,6.519000,6.853000
42,7493,7493,5d45941,1328051,1328385,1343086,1343186,14.701000,15.035000
42,8817,8817,6271941,1383051,1383385,1390685,1390785,7.300000,7.634000
42,6609,6609,59d1940,1497051,1497385,1506659,1506759,9.274000,9.608000
42,9925,9925,66c5941,1541051,1541377,1551267,1551367,9.890000,10.216000
42,10914,10914,6aa2943,1570051,1570385,1575165,1575265,4.780000,5.114000
42,6319,6319,58af942,1633416,1633742,1642875,1642975,9.133000,9.459000
42,10062,10062,674e941,1669051,1669377,1674107,1674207,4.730000,5.056000
42,10229,10229,67f5941,1838051,1838385,1847529,1847629,9.144000,9.478000
42,8550,8550,6166940,1852051,1852385,1862412,1862512,10.027000,10.361000
42,10144,10144,67a0941,1965051,1965377,1978053,1978153,12.676000,13.002000
42,8429,8429,60ed942,2083051,2083385,2092601,2092700,9.216000,9.550000
43,812,812,432c941,50051,50377,59532,59632,9.155000,9.481000
43,737,737,42e1941,67051,67385,73905,74005,6.520000,6.854000
43,1161,1161,4489942,113051,113377,128577,128676,15.200000,15.526000
43,839,839,4347942,127051,127385,132830,132930,5.445000,5.779000
43,1158,1158,4486940,131051,131385,141373,141473,9.988000,10.322000
43,682,682,42aa940,155051,155377,164471,164571,9.094000,9.420000
43,1514,1514,45ea941,190051,190385,198644,198744,8.259000,8.593000
43,584,584,4248943,200051,200377,218570,218670,18.193000,18.519000
43,940,940,43ac941,270051,270377,277650,277750,7.273000,7.599000
43,2012,2012,47dc943,401051,401385,408700,408800,7.315000,7.649000
43,3058,3058,4bf2942,497051,497377,503934,504034,6.557000,6.883000
43,5113,5113,53f9940,512050,512385,519804,519904,7.419000,7.754000
43,4069,4069,4fe5941,579051,579377,586637,586737,7.260000,7.586000
43,4413,4413,513d943,643051,643377,654270,654370,10.893000,11.219000
43,5948,5948,573c943,694051,694385,699981,700081,5.596000,5.930000
43,3816,3816,4ee8940,733051,733377,739856,739956,6.479000,6.805000
43,4264,4264,50a8940,740051,740377,753860,753960,13.483000,13.809000
43,5438,5438,553e943,781051,781377,792274,792374,10.897000,11.223000
43,3830,3830,4ef6942,797051,797377,812421,812521,15.044000,15.370000
43,4337,4337,50f1943,799051,799385,817922,818022,18.537000,18.871000
43,4446,4446,515e941,817051,817377,822976,823076,5.599000,5.925000
43,8658,8658,61d2943,823051,823377,828119,828219,4.742000,5.068000
43,6313,6313,58a9941,841051,841377,851967,852067,10.590000,10.916000
43,3143,3143,4c47941,895051,895385,905277,905377,9.892000,10.226000
43,9864,9864,6688942,994829,995163,1004360,1004460,9.197000,9.531000
43,6241,6241,5861941,1057051,1057377,1062974,1063074,5.597000,5.923000
43,6817,6817,5aa1943,1053051,1053377,1067432,1067532,14.055000,14.381000
43,6151,6151,5807943,1080453,1080779,1090225,1090325,9.446000,9.772000
43,5090,5090,53e2941,1117051,1117377,1128424,1128524,11.047000,11.373000
43,4090,4090,4ffa940,1238051,1238377,1244212,1244312,5.835000,6.161000
43,7041,7041,5b81943,1252051,1252377,1263262,1263362,10.885000,11.211000
43,6664,6664,5a08941,1236051,1236385,1268801,1268901,32.416000,32.750000
43,8681,8681,61e9943,1269051,1269377,1280340,1280440,10.963000,11.289000
43,9559,9559,6557940,1326051,1326385,1331129,1331229,4.744000,5.078000
43,10683,10683,69bb943,1459051,1459385,1466791,1466891,7.406000,7.740000
43,10297,10297,6839941,1453051,1453377,1470946,1471046,17.569000,17.895000
43,9895,9895,66a7943,1469051,1469385,1481149,1481249,11.764000,12.098000
43,8585,8585,6189943,1513051,1513377,1521564,1521664,8.187000,8.513000
43,10436,10436,68c4942,1527051,1527385,1534784,1534884,7.399000,7.733000
43,7429,7429,5d05941,1588051,1588377,1597481,1597581,9.104000,9.430000
43,10372,10372,6884941,1646051,1646385,1653769,1653869,7.384000,7.718000
43,10711,10711,69d7943,1676051,1676385,1686742,1686842,10.357000,10.691000
43,7144,7144,5be8942,1692051,1692377,1714770,1714870,22.393000,22.719000
43,10703,10703,69cf941,1751051,1751385,1756957,1757057,5.572000,5.906000
43,9141,9141,63b5943,1761051,1761377,1768778,1768878,7.401000,7.727000
43,10247,10247,6807941,1962051,1962385,1971499,1971599,9.114000,9.448000
43,10698,10698,69ca942,1974051,1974377,1979985,1980085,5.608000,5.934000
43,8031,8031,5f5f942,1990051,1990385,1998678,1998778,8.293000,8.627000
43,9876,9876,6694943,2001051,2001377,2008699,2008799,7.322000,7.648000
43,10510,10510,690e941,2111051,2111385,2117873,2117973,6.488000,6.822000
43,10873,10873,6a79943,2323051,2323385,2331659,2331759,8.274000,8.608000
44,1564,1564,461c943,99051,99377,105881,105981,6.504000,6.830000
44,2751,2751,4abf942,171051,171385,177859,177959,6.474000,6.808000
44,2527,2527,49df940,220722,221056,226717,226817,5.661000,5.995000
44,2804,2804,4af4943,329051,329385,336681,336781,7.296000,7.630000
44,3306,3306,4cea942,353715,354041,372241,372341,18.200000,18.526000
44,3702,3702,4e76942,370051,370377,377571,377671,7.194000,7.520000
44,1915,1915,477b941,409051,409385,418462,418562,9.077000,9.411000
44,3233,3233,4ca1941,420051,420385,429998,430098,9.613000,9.947000
44,6387,6387,58f3940,470051,470385,482995,483095,12.610000,12.944000
44,3691,3691,4e6b941,515050,515377,520995,521095,5.618000,5.945000
44,2074,2074,481a942,513050,513385,525218,525318,11.833000,12.168000
44,2405,2405,4965941,518050,518385,531894,531994,13.509000,13.844000
44,3787,3787,4ecb941,532051,532385,543266,543366,10.881000,11.215000
44,4471,4471,5177943,605051,605377,616548,616648,11.171000,11.497000
44,2394,2394,495a942,602051,602377,632094,632194,29.717000,30.043000
44,2529,2529,49e1942,629051,629385,637454,637554,8.069000,8.403000
44,3165,3165,4c5d940,677051,677385,685607,685707,8.222000,8.556000
44,4024,4024,4fb8941,723051,723377,742746,742846,19.369000,19.695000
44,4950,4950,5356940,767051,767385,791581,791681,24.196000,24.530000
44,4083,4083,4ff3943,858051,858385,865812,865912,7.427000,7.761000
44,3349,3349,4d15940,876051,876385,881107,881207,4.722000,5.056000
44,4300,4300,50cc942,896742,897076,904456,904556,7.380000,7.714000
44,6614,6614,59d6941,948051,948385,954932,955032,6.547000,6.881000
44,5756,5756,567c941,1010051,1010377,1016839,1016939,6.462000,6.788000
44,6134,6134,57f6940,1034783,1035109,1040767,1040867,5.658000,5.984000
44,6020,6020,5784942,1062409,1062743,1068411,1068511,5.668000,6.002000
44,8482,8482,6122941,1064051,1064377,1072650,1072750,8.273000,8.599000
44,5805,5805,56ad941,1087051,1087377,1095599,1095699,8.222000,8.548000
44,3913,3913,4f49940,1123051,1123377,1128993,1129093,5.616000,5.942000
44,6137,6137,57f9941,1115051,1115377,1138328,1138428,22.951000,23.277000
44,8025,8025,5f59943,1236453,1236779,1254748,1254848,17.969000,18.295000
44,5816,5816,56b8942,1256051,1256377,1262886,1262986,6.509000,6.835000
44,9586,9586,6572942,1255051,1255385,1267073,1267173,11.688000,12.022000
44,5684,5684,5634941,1296051,1296385,1303756,1303856,7.371000,7.705000
44,7825,7825,5e91940,1390507,1390841,1402588,1402688,11.747000,12.081000
44,10614,10614,6976943,1450051,1450377,1456917,1457017,6.540000,6.866000
44,7290,7290,5c7a940,1460051,1460385,1469654,1469754,9.269000,9.603000
44,6649,6649,59f9942,1493051,1493385,1499896,1499996,6.511000,6.845000
44,10612,10612,6974943,1549051,1549385,1559390,1559490,10.005000,10.339000
44,10908,10908,6a9c943,1565051,1565385,1580251,1580351,14.866000,15.200000
44,6344,6344,58c8942,1638804,1639138,1646608,1646708,7.470000,7.804000
44,10201,10201,67d9941,1905453,1905779,1915703,1915803,9.924000,10.250000
44,10152,10152,67a8940,1928395,1928721,1940582,1940682,11.861000,12.187000
44,7388,7388,5cdc942,1965051,1965385,1973568,1973668,8.183000,8.517000
44,10541,10541,692d940,2103051,2103385,2115158,2115258,11.773000,12.107000
45,30,30,401e942,29051,29385,35012,35112,5.627000,5.961000
45,1604,1604,4644941,44051,44377,54196,54296,9.819000,10.145000
45,1517,1517,45ed943,43051,43377,60845,60945,17.468000,17.794000
45,639,639,427f941,61051,61385,71818,71918,10.433000,10.767000
45,2987,2987,4bab940,136051,136377,145561,145661,9.184000,9.510000
45,1062,1062,4426941,134051,134377,152443,152543,18.066000,18.392000
45,1770,1770,46ea940,207431,207757,215075,215175,7.318000,7.644000
45,2067,2067,4813943,208051,208385,223631,223731,15.246000,15.580000
45,790,790,4316940,250051,250377,275040,275140,24.663000,24.989000
45,2523,2523,49db942,284439,284765,292999,293099,8.234000,8.560000
45,5117,5117,53fd940,350416,350742,360856,360956,10.114000,10.440000
45,4356,4356,5104942,482051,482377,490789,490889,8.412000,8.738000
45,5444,5444,5544943,527051,527377,535619,535719,8.242000,8.568000
45,2793,2793,4ae9942,534051,534385,546051,546151,11.666000,12.000000
45,5319,5319,54c7943,597051,597377,608189,608289,10.812000,11.138000
45,3677,3677,4e5d940,670402,670736,682401,682501,11.665000,11.999000
45,4832,4832,52e0942,735051,735385,743634,743734,8.249000,8.583000
45,2821,2821,4b05942,768051,768377,779031,779131,10.654000,10.980000
45,6084,6084,57c4942,788051,788377,793942,794042,5.565000,5.891000
45,4328,4328,50e8941,822051,822385,838124,838224,15.739000,16.073000
45,6482,6482,5952943,833051,833377,846068,846168,12.691000,13.017000
45,5264,5264,5490940,854051,854377,860405,860505,6.028000,6.354000
45,5164,5164,542c942,866409,866743,875836,875936,9.093000,9.427000
45,4368,4368,5110943,872051,872385,881482,881582,9.097000,9.431000
45,4312,4312,50d8942,883051,883385,894065,894165,10.680000,11.014000
45,7217,7217,5c31940,912051,912377,922308,922408,9.931000,10.257000
45,4995,4995,5383942,968506,968832,975392,975492,6.560000,6.886000
45,5506,5506,5582940,1019051,1019385,1032106,1032205,12.721000,13.055000
45,7465,7465,5d29941,1088051,1088385,1099755,1099855,11.370000,11.704000
45,10998,10998,6af6943,1186051,1186385,1192878,1192978,6.493000,6.827000
45,6642,6642,59f2941,1325051,1325385,1330049,1330149,4.664000,4.998000
45,8423,8423,60e7941,1366051,1366385,1371138,1371238,4.753000,5.087000
45,8013,8013,5f4d941,1399051,1399385,1404983,1405083,5.598000,5.932000
45,8655,8655,61cf940,1421051,1421377,1429632,1429732,8.255000,8.581000
45,8534,8534,6156940,1469051,1469377,1486612,1486712,17.235000,17.561000
45,6404,6404,5904942,1526051,1526385,1532915,1533015,6.530000,6.864000
45,7947,7947,5f0b940,1528051,1528377,1541076,1541176,12.699000,13.025000
45,7991,7991,5f37942,1539051,1539377,1546800,1546900,7.423000,7.749000
45,9481,9481,6509940,1526395,1526721,1557355,1557455,30.634000,30.960000
45,6505,6505,5969940,1570051,1570377,1575944,1576044,5.567000,5.893000
45,9187,9187,63e3940,1621425,1621759,1629076,1629176,7.317000,7.651000
45,6879,6879,5adf941,1633051,1633377,1658297,1658397,24.920000,25.246000
45,6661,6661,5a05940,1666051,1666377,1697097,1697197,30.720000,31.046000
45,8491,8491,612b942,1995051,1995385,2001020,2001120,5.635000,5.969000
45,9074,9074,6372940,2061051,2061385,2069642,2069743,8.257000,8.591000
46,83,83,4053943,23051,23385,31698,31798,8.313000,8.647000
46,925,925,439d941,184051,184385,206283,206383,21.898000,22.232000
46,307,307,4133943,214051,214385,223755,223855,9.370000,9.704000
46,2049,2049,4801943,217051,217377,232553,232653,15.176000,15.502000
46,2219,2219,48ab940,266051,266385,272017,272117,5.632000,5.966000
46,2484,2484,49b4940,311051,311377,323986,324086,12.609000,12.935000
46,3559,3559,4de7941,321051,321385,329424,329524,8.039000,8.373000
46,1381,1381,4565943,330409,330743,338916,339016,8.173000,8.507000
46,2636,2636,4a4c943,336051,336385,345433,345533,9.048000,9.382000
46,701,701,42bd941,388051,388377,397531,397631,9.154000,9.480000
46,3665,3665,4e51940,431051,431385,450422,450522,19.037000,19.371000
46,2242,2242,48c2940,514050,514377,526052,526152,11.675000,12.002000
46,2588,2588,4a1c943,552051,552385,557980,558080,5.595000,5.929000
46,4860,4860,52fc943,600051,600385,605149,605249,4.764000,5.098000
46,4845,4845,52ed941,590051,590377,613504,613604,23.127000,23.453000
46,3767,3767,4eb7942,606051,606385,617732,617832,11.347000,11.681000
46,4776,4776,52a8943,605051,605385,621945,622045,16.560000,16.894000
46,5079,5079,53d7943,614051,614377,626118,626218,11.741000,12.067000
46,6148,6148,5804940,643051,643377,655793,655893,12.416000,12.742000
46,7207,7207,5c27940,710051,710385,725487,725587,15.102000,15.436000
46,2934,2934,4b76940,723051,723377,730878,730978,7.501000,7.827000
46,3747,3747,4ea3940,778051,778385,788571,788671,10.186000,10.520000
46,3930,3930,4f5a943,831051,831377,838705,838805,7.328000,7.654000
46,5695,5695,563f941,867051,867385,873042,873142,5.657000,5.991000
46,6056,6056,57a8940,895051,895377,908698,908798,13.321000,13.647000
46,8303,8303,606f940,974051,974377,989826,989926,15.449000,15.775000
46,9574,9574,6566942,989439,989765,996218,996318,6.453000,6.779000
46,8325,8325,6085940,984051,984385,1006163,1006263,21.778000,22.112000
46,6080,6080,57c0942,993051,993385,1012312,1012412,18.927000,19.261000
46,7241,7241,5c49941,1081051,1081377,1092228,1092328,10.851000,11.177000
46,4917,4917,5335942,1129051,1129377,1134131,1134231,4.754000,5.080000
46,8977,8977,6311943,1235051,1235377,1242701,1242801,7.324000,7.650000
46,5847,5847,56d7940,1240051,1240377,1248630,1248730,8.253000,8.579000
46,6826,6826,5aaa941,1281051,1281377,1312811,1312911,31.434000,31.760000
46,6140,6140,57fc940,1391051,1391377,1397845,1397945,6.468000,6.794000
46,6460,6460,593c940,1426051,1426385,1436332,1436432,9.947000,10.281000
46,5798,5798,56a6943,1446051,1446385,1451980,1452080,5.595000,5.929000
46,9280,9280,6440940,1468051,1468385,1492958,1493058,24.573000,24.907000
46,9111,9111,6397941,1503051,1503377,1509869,1509969,6.492000,6.818000
46,7600,7600,5db0941,1531051,1531377,1544474,1544574,13.097000,13.423000
46,6936,6936,5b18940,1585051,1585385,1595323,1595423,9.938000,10.272000
46,10990,10990,6aee943,1591051,1591377,1599481,1599581,8.104000,8.430000
46,10273,10273,6821941,1604051,1604385,1614347,1614447,9.962000,10.296000
46,8263,8263,6047941,1660051,1660385,1672142,1672242,11.757000,12.091000
46,9126,9126,63a6940,1746395,1746721,1753342,1753442,6.621000,6.947000
46,8718,8718,620e943,1789051,1789385,1799692,1799792,10.307000,10.641000
46,10226,10226,67f2942,1890051,1890377,1912614,1912714,22.237000,22.563000
46,10970,10970,6ada941,1909051,1909385,1918021,1918121,8.636000,8.970000
47,1163,1163,448b941,90051,90377,99636,99736,9.259000,9.585000
47,36,36,4024942,96051,96385,104587,104687,8.202000,8.536000
47,868,868,4364943,95051,95377,113040,113140,17.663000,17.989000
47,368,368,4170940,126051,126385,137214,137314,10.829000,11.163000
47,2011,2011,47db942,303051,303385,316057,316157,12.672000,13.006000
47,2087,2087,4827943,308051,308377,321596,321696,13.219000,13.545000
47,2059,2059,480b942,331051,331377,357113,357213,25.736000,26.062000
47,1640,1640,4668942,485051,485385,494415,494515,9.030000,9.364000
47,3615,3615,4e1f942,504051,504385,513597,513697,9.212000,9.546000
47,5395,5395,5513940,537051,537377,548297,548397,10.920000,11.246000
47,2124,2124,484c942,598051,598385,607394,607494,9.009000,9.343000
47,4834,4834,52e2941,613051,613377,621299,621399,7.922000,8.248000
47,3854,3854,4f0e942,810051,810385,816935,817035,6.550000,6.884000
47,4125,4125,501d942,806051,806377,821077,821177,14.700000,15.026000
47,4552,4552,51c8941,882051,882385,894930,895030,12.545000,12.879000
47,4157,4157,503d940,906051,906385,930501,930601,24.116000,24.450000
47,4576,4576,51e0943,946051,946385,951096,951196,4.711000,5.045000
47,4906,4906,532a942,981410,981736,991674,991774,9.938000,10.264000
47,6536,6536,5988943,1045051,1045377,1050984,1051084,5.607000,5.933000
47,6552,6552,5998943,1067051,1067385,1072916,1073016,5.531000,5.865000
47,6167,6167,5817943,1113438,1113764,1133436,1133536,19.672000,19.998000
47,6535,6535,5987943,1149051,1149377,1154126,1154226,4.749000,5.075000
47,7586,7586,5da2941,1152051,1152385,1165796,1165896,13.411000,13.745000
47,8437,8437,60f5943,1172439,1172765,1189700,1189800,16.935000,17.261000
47,10353,10353,6871943,1189453,1189779,1200915,1201015,11.136000,11.462000
47,7327,7327,5c9f940,1187051,1187385,1207005,1207105,19.620000,19.954000
47,8199,8199,6007941,1228960,1229294,1236699,1236799,7.405000,7.739000
47,9525,9525,6535940,1372051,1372385,1387564,1387664,15.179000,15.513000
47,9270,9270,6436943,1445051,1445385,1452716,1452816,7.331000,7.665000
47,6039,6039,5797942,1465051,1465377,1471949,1472049,6.572000,6.898000
47,7749,7749,5e45940,1560051,1560377,1573882,1573982,13.505000,13.831000
47,9528,9528,6538940,1677051,1677377,1685666,1685766,8.289000,8.615000
47,8136,8136,5fc8942,1925051,1925377,1931077,1931177,5.700000,6.026000
47,10016,10016,6720941,1997051,1997377,2003814,2003914,6.437000,6.763000
48,26,26,401a940,41051,41385,50806,50906,9.421000,9.755000
48,109,109,406d941,49051,49385,55015,55115,5.630000,5.964000
48,1864,1864,4748941,205841,206167,211774,211874,5.607000,5.933000
48,885,885,4375943,206051,206377,216440,216540,10.063000,10.389000
48,3661,3661,4e4d942,305051,305377,312779,312879,7.402000,7.728000
48,2324,2324,4914943,380051,380377,416384,416484,36.007000,36.333000
48,3304,3304,4ce8941,397051,397385,420587,420687,23.202000,23.536000
48,2480,2480,49b0943,446051,446385,460068,460168,13.683000,14.017000
48,1802,1802,470a942,460051,460377,466883,466983,6.506000,6.832000
48,3846,3846,4f06941,484051,484385,493529,493629,9.144000,9.478000
48,4324,4324,50e4941,523050,523377,533499,533599,10.122000,10.449000
48,2315,2315,490b943,542051,542377,552476,552576,10.099000,10.425000
48,1984,1984,47c0943,579051,579385,585949,586049,6.564000,6.898000
48,2282,2282,48ea943,661051,661385,668734,668834,7.349000,7.683000
48,5928,5928,5728942,697051,697377,703902,704002,6.525000,6.851000
48,2964,2964,4b94941,716051,716385,728111,728211,11.726000,12.060000
48,4798,4798,52be940,725051,725385,732822,732922,7.437000,7.771000
48,4500,4500,5194940,753051,753377,764353,764453,10.976000,11.302000
48,6260,6260,5874941,774051,774385,783626,783726,9.241000,9.575000
48,5729,5729,5661942,849051,849377,859756,859856,10.379000,10.705000
48,7079,7079,5ba7940,863051,863385,872580,872680,9.195000,9.529000
48,2476,2476,49ac940,954409,954743,977552,977652,22.809000,23.143000
48,4713,4713,5269941,979051,979385,988542,988642,9.157000,9.491000
48,9153,9153,63c1942,980051,980377,992736,992836,12.359000,12.685000
48,10313,10313,6849942,991487,991821,1006190,1006290,14.369000,14.703000
48,6937,6937,5b19943,1038449,1038774,1047907,1048008,9.133000,9.458000
48,6191,6191,582f942,1138051,1138377,1148775,1148875,10.398000,10.724000
48,7084,7084,5bac943,1226051,1226377,1237311,1237411,10.934000,11.260000
48,10034,10034,6732940,1274051,1274377,1279098,1279198,4.721000,5.047000
48,8546,8546,6162943,1319051,1319385,1332302,1332402,12.917000,13.251000
48,7414,7414,5cf6943,1568051,1568385,1578483,1578583,10.098000,10.432000
48,10294,10294,6836942,1572051,1572385,1585915,1586015,13.530000,13.864000
48,8841,8841,6289943,1805446,1805780,1817350,1817450,11.570000,11.904000
48,10620,10620,697c943,2077051,2077377,2084761,2084861,7.384000,7.710000
48,10720,10720,69e0943,2092051,2092385,2099795,2099895,7.410000,7.744000
48,9361,9361,6491942,2176051,2176377,2182857,2182957,6.480000,6.806000
48,10856,10856,6a68943,2308051,2308377,2315780,2315880,7.403000,7.729000
49,106,106,406a941,65051,65385,77558,77658,12.173000,12.507000
49,308,308,4134943,88051,88385,96243,96343,7.858000,8.192000
49,791,791,4317940,132051,132377,141971,142071,9.594000,9.920000
49,855,855,4357941,151051,151385,164478,164578,13.093000,13.427000
49,1734,1734,46c6942,163051,163385,169971,170071,6.586000,6.920000
49,911,911,438f941,218453,218779,229712,229812,10.933000,11.259000
49,530,530,4212940,248051,248377,269090,269190,20.713000,21.039000
49,1193,1193,44a9941,278051,278385,283075,283175,4.690000,5.024000
49,655,655,428f943,276051,276385,288446,288546,12.061000,12.395000
49,1959,1959,47a7943,317938,318272,326490,326590,8.218000,8.552000
49,1342,1342,453e940,321051,321377,330670,330770,9.293000,9.619000
49,914,914,4392943,334051,334377,346152,346252,11.775000,12.101000
49,1138,1138,4472943,342051,342385,356831,356931,14.446000,14.780000
49,2632,2632,4a48940,388051,388385,397220,397320,8.835000,9.169000
49,1574,1574,4626941,452051,452385,458850,458950,6.465000,6.799000
49,4214,4214,5076941,505051,505377,513699,513799,8.322000,8.648000
49,2571,2571,4a0b942,506439,506765,517898,517997,11.133000,11.459000
49,4038,4038,4fc6940,520050,520377,536098,536198,15.721000,16.048000
49,3422,3422,4d5e940,650051,650385,655996,656096,5.611000,5.945000
49,6873,6873,5ad9942,714051,714377,724427,724527,10.050000,10.376000
49,2738,2738,4ab2943,723051,723385,757994,758094,34.609000,34.943000
49,6598,6598,59c6941,835051,835377,844583,844683,9.206000,9.532000
49,4193,4193,5061942,875051,875385,885306,885406,9.921000,10.255000
49,6430,6430,591e940,915051,915385,922811,922911,7.426000,7.760000
49,5120,5120,5400943,919051,919377,933176,933276,13.799000,14.125000
49,5156,5156,5424943,952051,952385,962435,962535,10.050000,10.384000
49,4175,4175,504f943,1071051,1071377,1081504,1081604,10.127000,10.453000
49,7275,7275,5c6b943,1263051,1263385,1278108,1278208,14.723000,15.057000
49,6927,6927,5b0f943,1303051,1303385,1316267,1316367,12.882000,13.216000
49,6619,6619,59db941,1347051,1347385,1356533,1356633,9.148000,9.482000
49,9217,9217,6401943,1397051,1397377,1409228,1409328,11.851000,12.177000
49,10120,10120,6788940,1466051,1466385,1472895,1472995,6.510000,6.844000
49,7441,7441,5d11942,1502051,1502385,1507989,1508089,5.604000,5.938000
49,10090,10090,676a942,1525051,1525377,1532687,1532787,7.310000,7.636000
49,5634,5634,5602943,1566051,1566377,1579327,1579427,12.950000,13.276000
49,6871,6871,5ad7941,1624395,1624721,1631040,1631140,6.319000,6.645000
49,10404,10404,68a4940,1684051,1684385,1691759,1691859,7.374000,7.708000
49,10821,10821,6a45940,1695450,1695784,1706146,1706246,10.362000,10.696000
49,7508,7508,5d54942,1715051,1715377,1720130,1720230,4.753000,5.079000
49,10859,10859,6a6b943,1738051,1738385,1747118,1747218,8.733000,9.067000
49,9339,9339,647b941,1812051,1812385,1826025,1826125,13.640000,13.974000
49,10339,10339,6863943,2118051,2118385,2126652,2126752,8.267000,8.601000
49,10059,10059,674b940,2685051,2685385,2693687,2693787,8.302000,8.636000
50,391,391,4187941,29416,29742,38943,39043,9.201000,9.527000
50,1340,1340,453c940,154416,154742,163029,163129,8.287000,8.613000
50,1454,1454,45ae941,159051,159385,167228,167328,7.843000,8.177000
50,442,442,41ba942,191051,191385,207291,207391,15.906000,16.240000
50,1648,1648,4670942,221051,221377,248297,248397,26.920000,27.246000
50,2182,2182,4886942,340051,340385,346845,346945,6.460000,6.794000
50,784,784,4310943,326051,326377,352324,352424,25.947000,26.273000
50,1860,1860,4744940,357051,357377,366448,366548,9.071000,9.397000
50,1330,1330,4532940,377051,377377,385647,385747,8.270000,8.596000
50,2199,2199,4897942,364051,364377,396486,396586,32.109000,32.435000
50,4054,4054,4fd6943,445862,446188,475590,475690,29.402000,29.728000
50,4267,4267,50ab942,517050,517377,525674,525774,8.297000,8.624000
50,3950,3950,4f6e942,528402,528736,535221,535321,6.485000,6.819000
50,1695,1695,469f943,627051,627385,633010,633110,5.625000,5.959000
50,1659,1659,467b941,647051,647385,653804,653904,6.419000,6.753000
50,4026,4026,4fba941,720425,720759,735293,735393,14.534000,14.868000
50,3611,3611,4e1b943,761051,761385,775741,775841,14.356000,14.690000
50,3269,3269,4cc5943,791051,791377,806654,806754,15.277000,15.603000
50,2824,2824,4b08942,860051,860377,865066,865166,4.689000,5.015000
50,3653,3653,4e45943,876051,876385,884802,884902,8.417000,8.751000
50,6262,6262,5876942,853051,853377,895316,895416,41.939000,42.265000
50,6840,6840,5ab8942,892051,892385,901364,901464,8.979000,9.313000
50,7407,7407,5cef941,914051,914377,926444,926544,12.067000,12.393000
50,5973,5973,5755942,901051,901377,935971,936071,34.594000,34.920000
50,3631,3631,4e2f943,939051,939385,945875,945975,6.490000,6.824000
50,8948,8948,62f4942,964051,964385,977558,977658,13.173000,13.507000
50,8046,8046,5f6e942,1036051,1036377,1056777,1056877,20.400000,20.726000
50,5357,5357,54ed941,1086051,1086385,1091079,1091179,4.694000,5.028000
50,6386,6386,58f2941,1088051,1088377,1097601,1097701,9.224000,9.550000
50,6977,6977,5b41940,1120051,1120385,1127690,1127790,7.305000,7.639000
50,5764,5764,5684942,1205051,1205377,1210198,1210298,4.821000,5.147000
50,8510,8510,613e940,1262051,1262385,1272253,1272353,9.868000,10.202000
50,9663,9663,65bf940,1283051,1283377,1291731,1291831,8.354000,8.680000
50,8036,8036,5f64940,1296446,1296780,1305249,1305349,8.469000,8.803000
50,8625,8625,61b1940,1451051,1451385,1459696,1459796,8.311000,8.645000
50,6115,6115,57e3943,1455439,1455773,1464140,1464240,8.367000,8.701000
50,9569,9569,6561941,1487840,1488166,1495713,1495813,7.547000,7.873000
50,9807,9807,664f941,1517051,1517377,1526452,1526552,9.075000,9.401000
50,10890,10890,6a8a940,1630051,1630377,1643914,1644014,13.537000,13.863000
50,10694,10694,69c6940,1705051,1705385,1711899,1711999,6.514000,6.848000
50,9100,9100,638c941,1801051,1801377,1810555,1810655,9.178000,9.504000
50,10504,10504,6908941,1838051,1838385,1848917,1849017,10.532000,10.866000
50,9815,9815,6657941,1966051,1966377,1972849,1972949,6.472000,6.798000
50,9150,9150,63be941,1975051,1975377,1981043,1981143,5.666000,5.992000
50,10264,10264,6818941,2112051,2112377,2118026,2118126,5.649000,5.975000
51,523,523,420b943,55051,55377,76315,76415,20.938000,21.264000
51,2490,2490,49ba940,172051,172377,181903,182003,9.526000,9.852000
51,1176,1176,4498941,214051,214385,223853,223953,9.468000,9.802000
51,2125,2125,484d942,332051,332385,340572,340672,8.187000,8.521000
51,2053,2053,4805940,338416,338742,346097,346197,7.355000,7.681000
51,1952,1952,47a0941,384051,384377,404668,404768,20.291000,20.617000
51,1917,1917,477d940,436051,436385,446371,446471,9.986000,10.320000
51,507,507,41fb943,461051,461385,468701,468801,7.316000,7.650000
51,3898,3898,4f3a943,569051,569377,575864,575964,6.487000,6.813000
51,2615,2615,4a37943,579051,579385,588494,588594,9.109000,9.443000
51,1975,1975,47b7941,618051,618377,628874,628974,10.497000,10.823000
51,5869,5869,56ed940,660051,660385,669566,669666,9.181000,9.515000
51,6111,6111,57df941,670051,670385,685925,686025,15.540000,15.874000
51,6583,6583,59b7940,683051,683385,696819,696919,13.434000,13.768000
51,5963,5963,574b942,715051,715377,722760,722860,7.383000,7.709000
51,3676,3676,4e5c941,724051,724385,736457,736557,12.072000,12.406000
51,4710,4710,5266943,729051,729377,741956,742056,12.579000,12.905000
51,3166,3166,4c5e940,763710,764036,771388,771488,7.352000,7.678000
51,2885,2885,4b45940,793453,793779,800348,800448,6.569000,6.895000
51,5583,5583,55cf943,786051,786377,809464,809564,23.087000,23.413000
51,3528,3528,4dc8943,805051,805385,816278,816378,10.893000,11.227000
51,4868,4868,5304940,835051,835377,849581,849681,14.204000,14.530000
51,5364,5364,54f4941,867051,867385,873029,873129,5.644000,5.978000
51,5602,5602,55e2940,871438,871764,893477,893577,21.713000,22.039000
51,9881,9881,6699942,899051,899385,918240,918340,18.855000,19.189000
51,7526,7526,5d66942,994051,994377,1007691,1007791,13.314000,13.640000
51,8674,8674,61e2941,1082051,1082385,1091648,1091748,9.263000,9.597000
51,9545,9545,6549940,1399051,1399377,1407597,1407697,8.220000,8.546000
51,9847,9847,6677940,1460051,1460377,1469161,1469261,8.784000,9.110000
51,9841,9841,6671941,1502051,1502385,1510572,1510672,8.187000,8.521000
51,7082,7082,5baa943,1513051,1513377,1520816,1520916,7.439000,7.765000
51,8116,8116,5fb4943,1557051,1557385,1570980,1571080,13.595000,13.929000
51,9347,9347,6483941,1609051,1609385,1615020,1615120,5.635000,5.969000
51,9464,9464,64f8940,1731051,1731385,1742717,1742817,11.332000,11.666000
51,9102,9102,638e943,1814051,1814377,1821023,1821123,6.646000,6.972000
51,8540,8540,615c941,1957051,1957377,1972598,1972698,15.221000,15.547000
51,10276,10276,6824940,2156051,2156377,2170722,2170822,14.345000,14.671000
51,8940,8940,62ec940,2526051,2526377,2532921,2533021,6.544000,6.870000
52,1577,1577,4629941,84051,84385,90894,90994,6.509000,6.843000
52,900,900,4384943,104051,104377,122701,122801,18.324000,18.650000
52,2972,2972,4b9c940,434051,434385,441735,441835,7.350000,7.684000
52,1731,1731,46c3942,432051,432385,445879,445979,13.494000,13.828000
52,2090,2090,482a943,455410,455736,464088,464188,8.352000,8.678000
52,2271,2271,48df943,458051,458385,468308,468408,9.923000,10.257000
52,5570,5570,55c2940,454051,454377,472453,472553,18.076000,18.402000
52,1967,1967,47af941,497051,497385,508216,508316,10.831000,11.165000
52,5801,5801,56a9940,506051,506377,513709,513809,7.332000,7.658000
52,5151,5151,541f942,531051,531385,546860,546960,15.475000,15.809000
52,4805,4805,52c5942,740051,740377,748608,748708,8.231000,8.557000
52,7778,7778,5e62943,876051,876377,907999,908099,31.622000,31.948000
52,8012,8012,5f4c940,899051,899377,912144,912244,12.767000,13.093000
52,4004,4004,4fa4943,944439,944765,955043,955143,10.278000,10.604000
52,6491,6491,595b941,1058051,1058377,1077056,1077156,18.679000,19.005000
52,9664,9664,65c0940,1089051,1089377,1125099,1125199,35.722000,36.048000
52,10945,10945,6ac1940,1122051,1122385,1133709,1133809,11.324000,11.658000
52,6465,6465,5941941,1128051,1128385,1139171,1139271,10.786000,11.120000
52,5313,5313,54c1940,1121051,1121385,1144678,1144778,23.293000,23.627000
52,8010,8010,5f4a940,1225051,1225377,1234427,1234527,9.050000,9.376000
52,9263,9263,642f940,1234051,1234377,1242653,1242753,8.276000,8.602000
52,9958,9958,66e6941,1314051,1314385,1319112,1319212,4.727000,5.061000
52,7192,7192,5c18942,1375051,1375377,1396153,1396253,20.776000,21.102000
52,9741,9741,660d940,1402051,1402377,1408979,1409079,6.602000,6.928000
52,7311,7311,5c8f943,1406051,1406377,1419936,1420036,13.559000,13.885000
52,5993,5993,5769941,1433051,1433377,1454760,1454860,21.383000,21.709000
52,4671,4671,523f941,1462051,1462385,1479392,1479492,17.007000,17.341000
52,8839,8839,6287940,1474051,1474377,1492416,1492516,18.039000,18.365000
52,9255,9255,6427943,1550051,1550385,1558634,1558734,8.249000,8.583000
52,7968,7968,5f20943,1616051,1616385,1621938,1622038,5.553000,5.887000
52,9155,9155,63c3942,1646051,1646385,1653850,1653950,7.465000,7.799000
52,10581,10581,6955940,1690051,1690377,1696940,1697040,6.563000,6.889000
52,10637,10637,698d941,1714051,1714385,1720032,1720132,5.647000,5.981000
52,6109,6109,57dd943,1785051,1785385,1795037,1795137,9.652000,9.986000
52,9747,9747,6613943,1850051,1850385,1856088,1856188,5.703000,6.037000
52,10447,10447,68cf940,2004051,2004377,2019792,2019892,15.415000,15.741000
52,9941,9941,66d5943,2154051,2154377,2159120,2159220,4.743000,5.069000
53,256,256,4100940,81051,81377,98013,98113,16.636000,16.962000
53,698,698,42ba941,103051,103377,108148,108248,4.771000,5.097000
53,781,781,430d941,118051,118377,129206,129306,10.829000,11.155000
53,1567,1567,461f942,180480,180814,194663,194763,13.849000,14.183000
53,2582,2582,4a16942,220409,220743,231880,231980,11.137000,11.471000
53,815,815,432f943,294051,294385,301779,301879,7.394000,7.728000
53,2920,2920,4b68942,343051,343385,349007,349107,5.622000,5.956000
53,2670,2670,4a6e940,415424,415750,421464,421564,5.714000,6.040000
53,2070,2070,4816941,421051,421377,429626,429726,8.249000,8.575000
53,3761,3761,4eb1942,448051,448385,463361,463461,14.976000,15.310000
53,3315,3315,4cf3943,611051,611385,619630,619730,8.245000,8.579000
53,2543,2543,49ef943,615051,615385,624986,625086,9.601000,9.935000
53,3670,3670,4e56943,653051,653385,661630,661730,8.245000,8.579000
53,2416,2416,4970941,708356,708690,717970,718070,9.280000,9.614000
53,3727,3727,4e8f943,758051,758385,780826,780926,22.441000,22.775000
53,2622,2622,4a3e942,779051,779377,785879,785979,6.502000,6.828000
53,5857,5857,56e1941,790856,791190,806221,806321,15.031000,15.365000
53,6693,6693,5a25942,827051,827377,836161,836261,8.784000,9.110000
53,4628,4628,5214940,826051,826385,840563,840663,14.178000,14.512000
53,6747,6747,5a5b943,905051,905385,912783,912883,7.398000,7.732000
53,8887,8887,62b7942,919051,919385,924168,924268,4.783000,5.117000
53,5592,5592,55d8940,942051,942385,954788,954888,12.403000,12.737000
53,6717,6717,5a3d943,1080051,1080377,1086917,1087017,6.540000,6.866000
53,9403,9403,64bb941,1091051,1091377,1101449,1101549,10.072000,10.398000
53,5909,5909,5715943,1101051,1101385,1108825,1108925,7.440000,7.774000
53,7237,7237,5c45942,1138051,1138377,1144025,1144125,5.648000,5.974000
53,8212,8212,6014941,1167051,1167385,1177714,1177814,10.329000,10.663000
53,8125,8125,5fbd943,1362051,1362377,1371501,1371601,9.124000,9.450000
53,10290,10290,6832941,1687051,1687377,1694713,1694813,7.336000,7.662000
53,10695,10695,69c7942,1729438,1729764,1738952,1739052,9.188000,9.514000
53,10919,10919,6aa7942,1742051,1742385,1750629,1750729,8.244000,8.578000
53,10584,10584,6958942,1742051,1742377,1757656,1757756,15.279000,15.605000
53,10282,10282,682a941,1828051,1828377,1833990,1834090,5.613000,5.939000
53,9928,9928,66c8943,1890051,1890377,1898699,1898799,8.322000,8.648000
53,10965,10965,6ad5942,2384051,2384377,2399673,2399773,15.296000,15.622000
53,10814,10814,6a3e943,2503051,2503377,2509837,2509937,6.460000,6.786000
54,172,172,40ac940,101395,101721,124384,124484,22.663000,22.989000
54,606,606,425e943,183051,183377,188989,189089,5.612000,5.938000
54,1589,1589,4635943,237051,237385,244935,245035,7.550000,7.884000
54,892,892,437c943,240051,240385,255837,255937,15.452000,15.786000
54,1786,1786,46fa943,253051,253385,276467,276567,23.082000,23.416000
54,2391,2391,4957940,269416,269750,281834,281934,12.084000,12.418000
54,1694,1694,469e940,325051,325377,337989,338089,12.612000,12.938000
54,2829,2829,4b0d942,337453,337779,343436,343536,5.657000,5.983000
54,4704,4704,5260940,401051,401385,417012,417112,15.627000,15.961000
54,2213,2213,48a5943,446051,446377,453811,453911,7.434000,7.760000
54,4470,4470,5176942,476051,476377,493537,493637,17.160000,17.486000
54,3324,3324,4cfc942,523050,523377,533346,533446,9.969000,10.296000
54,4258,4258,50a2940,574051,574385,584385,584485,10.000000,10.334000
54,2263,2263,48d7943,583051,583385,589893,589993,6.508000,6.842000
54,3577,3577,4df9941,610051,610385,619472,619572,9.087000,9.421000
54,4064,4064,4fe0943,638051,638385,647499,647599,9.114000,9.448000
54,6934,6934,5b16942,725051,725385,734583,734683,9.198000,9.532000
54,4527,4527,51af940,911416,911742,943145,943245,31.403000,31.729000
54,8492,8492,612c940,955051,955377,961870,961970,6.493000,6.819000
54,5200,5200,5450941,952660,952986,966722,966822,13.736000,14.062000
54,4346,4346,50fa941,963051,963385,972447,972547,9.062000,9.396000
54,4637,4637,521d942,972437,972763,980981,981081,8.218000,8.544000
54,4537,4537,51b9940,970051,970385,987416,987516,17.031000,17.365000
54,6129,6129,57f1940,984051,984377,995298,995398,10.921000,11.247000
54,6629,6629,59e5941,996453,996779,1001466,1001566,4.687000,5.013000
54,7445,7445,5d15943,1041051,1041377,1054327,1054427,12.950000,13.276000
54,8100,8100,5fa4941,1230051,1230377,1237712,1237812,7.335000,7.661000
54,3612,3612,4e1c940,1232051,1232377,1241940,1242040,9.563000,9.889000
54,10043,10043,673b941,1263051,1263377,1281551,1281651,18.174000,18.500000
54,6497,6497,5961942,1407051,1407385,1417794,1417894,10.409000,10.743000
54,10907,10907,6a9b940,1526051,1526377,1533685,1533785,7.308000,7.634000
54,10515,10515,6913940,1694051,1694377,1700867,1700967,6.490000,6.816000
54,8301,8301,606d941,1773051,1773385,1782482,1782582,9.097000,9.431000
54,9983,9983,66ff942,1775416,1775742,1786680,1786780,10.938000,11.264000
54,7546,7546,5d7a942,1885051,1885377,1909483,1909583,24.106000,24.432000
54,6933,6933,5b15940,2180051,2180377,2187777,2187877,7.400000,7.726000
54,10776,10776,6a18941,2532051,2532377,2542462,2542562,10.085000,10.411000
55,399,399,418f940,75051,75385,87125,87225,11.740000,12.074000
55,451,451,41c3940,67051,67385,92603,92703,25.218000,25.552000
55,985,985,43d9943,137051,137385,145189,145289,7.804000,8.138000
55,1228,1228,44cc941,118425,118759,150535,150635,31.776000,32.110000
55,1885,1885,475d942,223051,223385,234154,234254,10.769000,11.103000
55,1292,1292,450c940,241051,241385,250032,250132,8.647000,8.981000
55,2550,2550,49f6941,342181,342507,348990,349090,6.483000,6.809000
55,3224,3224,4c98940,344694,345028,359843,359943,14.815000,15.149000
55,604,604,425c941,407051,407385,418192,418292,10.807000,11.141000
55,3276,3276,4ccc942,480051,480377,486131,486231,5.754000,6.080000
55,3483,3483,4d9b940,480051,480377,492182,492282,11.805000,12.131000
55,3641,3641,4e39942,505051,505385,510099,510199,4.714000,5.048000
55,2111,2111,483f941,533051,533385,539943,540043,6.558000,6.892000
55,3042,3042,4be2941,642051,642377,654077,654177,11.700000,12.026000
55,7601,7601,5db1942,681478,681812,689222,689322,7.410000,7.744000
55,2444,2444,498c943,772051,772385,783240,783340,10.855000,11.189000
55,2584,2584,4a18941,775051,775385,789880,789980,14.495000,14.829000
55,4608,4608,5200943,793051,793377,800869,800969,7.492000,7.818000
55,8613,8613,61a5940,807051,807385,819209,819309,11.824000,12.158000
55,4565,4565,51d5942,813051,813385,835309,835409,21.924000,22.258000
55,6225,6225,5851942,889510,889844,898069,898169,8.225000,8.559000
55,9320,9320,6468940,945051,945385,963035,963135,17.650000,17.984000
55,6990,6990,5b4e940,1001051,1001385,1013074,1013174,11.689000,12.023000
55,3862,3862,4f16943,1033051,1033377,1046982,1047081,13.605000,13.931000
55,8455,8455,6107941,1043051,1043377,1052421,1052521,9.044000,9.370000
55,7138,7138,5be2942,1036051,1036385,1057819,1057919,21.434000,21.768000
55,4762,4762,529a942,1069717,1070051,1080101,1080201,10.050000,10.384000
55,5401,5401,5519942,1097051,1097377,1111537,1111637,14.160000,14.486000
55,5058,5058,53c2941,1214051,1214377,1234619,1234719,20.242000,20.568000
55,8251,8251,603b941,1248051,1248385,1256616,1256716,8.231000,8.565000
55,7254,7254,5c56941,1267051,1267377,1273840,1273940,6.463000,6.789000
55,8891,8891,62bb943,1301051,1301385,1315630,1315730,14.245000,14.579000
55,8828,8828,627c940,1329051,1329385,1335884,1335984,6.499000,6.833000
55,9322,9322,646a940,1426051,1426377,1433747,1433847,7.370000,7.696000
55,4752,4752,5290941,1474051,1474377,1492988,1493088,18.611000,18.937000
55,8629,8629,61b5940,1523051,1523377,1533383,1533483,10.006000,10.332000
55,8756,8756,6234942,1552051,1552377,1560628,1560728,8.251000,8.577000
55,10598,10598,6966943,1607051,1607377,1612136,1612236,4.759000,5.085000
55,9723,9723,65fb941,1614424,1614750,1623916,1624016,9.166000,9.492000
55,8135,8135,5fc7943,1670051,1670385,1678983,1679083,8.598000,8.932000
55,8926,8926,62de942,1777852,1778186,1786379,1786479,8.193000,8.527000
55,9796,9796,6644943,1950051,1950385,1956019,1956119,5.634000,5.968000
55,10087,10087,6767943,2026051,2026385,2032906,2033006,6.521000,6.855000
55,10205,10205,67dd943,2039051,2039377,2045892,2045992,6.515000,6.841000
55,9505,9505,6521943,2088439,2088765,2096117,2096217,7.352000,7.678000
56,608,608,4260942,61051,61377,72380,72480,11.003000,11.329000
56,1045,1045,4415940,60051,60385,76827,76927,16.442000,16.776000
56,3096,3096,4c18940,212051,212377,218006,218106,5.629000,5.955000
56,2708,2708,4a94941,260051,260385,265169,265269,4.784000,5.118000
56,2684,2684,4a7c942,299051,299385,307696,307796,8.311000,8.645000
56,1685,1685,4695942,321051,321385,338380,338480,16.995000,17.329000
56,2325,2325,4915943,331446,331780,342560,342660,10.780000,11.114000
56,1963,1963,47ab942,322051,322377,346702,346802,24.325000,24.651000
56,1422,1422,458e941,324051,324377,352044,352144,27.667000,27.993000
56,2596,2596,4a24941,435051,435385,444723,444823,9.338000,9.672000
56,2421,2421,4975940,443425,443759,449380,449480,5.621000,5.955000
56,4615,4615,5207942,516050,516385,527979,528079,11.594000,11.929000
56,4681,4681,5249943,518050,518385,532136,532236,13.751000,14.086000
56,2489,2489,49b9940,579051,579377,587658,587758,8.281000,8.607000
56,2606,2606,4a2e940,583051,583377,593020,593120,9.643000,9.969000
56,4701,4701,525d940,590051,590385,601851,601951,11.466000,11.800000
56,1215,1215,44bf941,649402,649736,658930,659030,9.194000,9.528000
56,5074,5074,53d2943,667051,667377,674743,674843,7.366000,7.692000
56,4206,4206,506e940,679051,679377,687690,687790,8.313000,8.639000
56,3032,3032,4bd8941,890425,890759,896375,896475,5.616000,5.950000
56,4883,4883,5313941,929051,929385,937835,937935,8.450000,8.784000
56,3551,3551,4ddf941,945051,945385,953652,953752,8.267000,8.601000
56,4736,4736,5280943,985051,985385,995463,995563,10.078000,10.412000
56,5415,5415,5527941,997051,997377,1010905,1011005,13.528000,13.854000
56,6719,6719,5a3f943,1031051,1031385,1038818,1038917,7.433000,7.767000
56,7450,7450,5d1a940,1103051,1103385,1113255,1113355,9.870000,10.204000
56,6570,6570,59aa941,1164051,1164385,1181381,1181481,16.996000,17.330000
56,10892,10892,6a8c943,1176051,1176377,1186772,1186872,10.395000,10.721000
56,8119,8119,5fb7941,1240051,1240377,1246898,1246998,6.521000,6.847000
56,6283,6283,588b940,1242051,1242377,1252376,1252476,9.999000,10.325000
56,5232,5232,5470942,1263424,1263750,1285483,1285583,21.733000,22.059000
56,9349,9349,6485941,1317051,1317385,1326032,1326132,8.647000,8.981000
56,7444,7444,5d14943,1387051,1387385,1412789,1412889,25.404000,25.738000
56,8466,8466,6112943,1454051,1454377,1473761,1473861,19.384000,19.710000
56,8515,8515,6143943,1470051,1470385,1480393,1480493,10.008000,10.342000
56,9832,9832,6668941,1542812,1543146,1548857,1548957,5.711000,6.045000
56,7617,7617,5dc1940,1647051,1647385,1663206,1663306,15.821000,16.155000
56,9329,9329,6471941,1651051,1651377,1669191,1669291,17.814000,18.140000
56,8297,8297,6069940,1721051,1721377,1728839,1728939,7.462000,7.788000
56,10004,10004,6714941,1848051,1848385,1857508,1857608,9.123000,9.457000
56,10516,10516,6914941,1887051,1887377,1899225,1899325,11.848000,12.174000
56,10995,10995,6af3942,2008409,2008743,2014497,2014597,5.754000,6.088000
56,10801,10801,6a31941,2061051,2061377,2067872,2067973,6.495000,6.821000
56,10955,10955,6acb941,2591051,2591385,2599760,2599860,8.375000,8.709000
57,400,400,4190941,37051,37385,53281,53381,15.896000,16.230000
57,673,673,42a1940,36051,36385,58672,58772,22.287000,22.621000
57,634,634,427a940,72051,72385,79758,79858,7.373000,7.707000
57,2233,2233,48b9942,109051,109377,117693,117793,8.316000,8.642000
57,2100,2100,4834943,140051,140377,158865,158965,18.488000,18.814000
57,2063,2063,480f943,225051,225385,243137,243237,17.752000,18.086000
57,1998,1998,47ce940,302412,302746,307572,307672,4.826000,5.160000
57,3371,3371,4d2b943,386051,386385,393820,393920,7.435000,7.769000
57,2331,2331,491b942,455051,455385,464558,464658,9.173000,9.507000
57,3772,3772,4ebc940,459051,459385,469912,470012,10.527000,10.861000
57,2239,2239,48bf940,494051,494377,504599,504699,10.222000,10.548000
57,3024,3024,4bd0940,573368,573694,579510,579610,5.816000,6.142000
57,4097,4097,5001940,592051,592377,599840,599940,7.463000,7.789000
57,3124,3124,4c34940,605051,605377,612735,612835,7.358000,7.684000
57,4006,4006,4fa6943,719051,719377,728551,728651,9.174000,9.500000
57,2734,2734,4aae943,716051,716385,732663,732763,16.278000,16.612000
57,5905,5905,5711942,763051,763377,777670,777770,14.293000,14.619000
57,5082,5082,53da940,803051,803385,812129,812229,8.744000,9.078000
57,4370,4370,5112942,826051,826377,837465,837565,11.088000,11.414000
57,3295,3295,4cdf942,828051,828377,848365,848465,19.988000,20.314000
57,4401,4401,5131942,840051,840385,853915,854015,13.530000,13.864000
57,3621,3621,4e25942,881051,881377,899674,899774,18.297000,18.623000
57,3378,3378,4d32943,901051,901385,917111,917211,15.726000,16.060000
57,5396,5396,5514941,1017437,1017771,1022475,1022575,4.704000,5.038000
57,7443,7443,5d13940,1027051,1027377,1034850,1034951,7.473000,7.799000
57,7365,7365,5cc5941,1030051,1030377,1045528,1045628,15.151000,15.477000
57,10498,10498,6902942,1061051,1061377,1071407,1071507,10.030000,10.356000
57,7439,7439,5d0f941,1149051,1149385,1164652,1164752,15.267000,15.601000
57,8757,8757,6235941,1224834,1225168,1232514,1232614,7.346000,7.680000
57,7951,7951,5f0f943,1241051,1241377,1258407,1258507,17.030000,17.356000
57,9811,9811,6653943,1259051,1259377,1269518,1269618,10.141000,10.467000
57,10441,10441,68c9940,1352051,1352377,1357977,1358077,5.600000,5.926000
57,9040,9040,6350941,1481051,1481385,1490536,1490636,9.151000,9.485000
57,7300,7300,5c84940,1503051,1503385,1511763,1511863,8.378000,8.712000
57,9890,9890,66a2940,1546051,1546385,1553820,1553920,7.435000,7.769000
57,9735,9735,6607943,1600051,1600377,1614425,1614525,14.048000,14.374000
57,10374,10374,6886940,1669051,1669377,1676828,1676928,7.451000,7.777000
57,9400,9400,64b8942,1687051,1687377,1698285,1698385,10.908000,11.234000
57,10134,10134,6796941,1914418,1914752,1928233,1928333,13.481000,13.815000
57,9656,9656,65b8943,2243051,2243385,2252591,2252691,9.206000,9.540000
58,453,453,41c5941,25051,25385,34625,34725,9.240000,9.574000
58,105,105,4069943,28416,28742,40004,40104,11.262000,11.588000
58,283,283,411b943,36431,36757,45494,45594,8.737000,9.063000
58,252,252,40fc943,58051,58377,63960,64060,5.583000,5.909000
58,684,684,42ac942,84051,84377,97623,97723,13.246000,13.572000
58,764,764,42fc940,111051,111385,118245,118345,6.860000,7.194000
58,739,739,42e3942,122051,122385,130123,130224,7.738000,8.072000
58,1644,1644,466c942,162051,162377,169712,169812,7.335000,7.661000
58,1303,1303,4517940,160051,160385,178162,178262,17.777000,18.111000
58,1554,1554,4612942,176051,176377,185564,185664,9.187000,9.513000
58,552,552,4228941,182051,182377,190976,191076,8.599000,8.925000
58,2467,2467,49a3942,255416,255750,261388,261488,5.638000,5.972000
58,1720,1720,46b8943,375051,375385,385443,385543,10.058000,10.392000
58,2314,2314,490a942,383453,383779,394816,394916,11.037000,11.363000
58,2392,2392,4958940,438051,438377,451109,451209,12.732000,13.058000
58,2422,2422,4976941,459051,459377,469308,469408,9.931000,10.257000
58,3633,3633,4e31942,476051,476377,481127,481227,4.750000,5.076000
58,1344,1344,4540941,514050,514385,525196,525296,10.811000,11.146000
58,805,805,4325941,523050,523377,533962,534062,10.585000,10.912000
58,3417,3417,4d59940,535051,535377,543684,543784,8.307000,8.633000
58,2121,2121,4849942,538051,538377,549056,549156,10.679000,11.005000
58,4650,4650,522a940,539051,539377,554446,554546,15.069000,15.395000
58,3838,3838,4efe941,607051,607385,618235,618335,10.850000,11.184000
58,4308,4308,50d4942,627051,627385,640150,640250,12.765000,13.099000
58,5369,5369,54f9943,636051,636385,645613,645713,9.228000,9.562000
58,4712,4712,5268941,648051,648377,662040,662140,13.663000,13.989000
58,5576,5576,55c8943,669051,669377,676805,676905,7.428000,7.754000
58,3760,3760,4eb0942,712051,712385,733818,733918,21.433000,21.767000
58,4933,4933,5345942,768875,769201,786482,786582,17.281000,17.607000
58,5219,5219,5463943,782051,782377,790710,790810,8.333000,8.659000
58,5828,5828,56c4941,842051,842385,848860,848960,6.475000,6.809000
58,5523,5523,5593942,847051,847385,863452,863552,16.067000,16.401000
58,10194,10194,67d2943,882636,882962,888634,888734,5.672000,5.998000
58,5437,5437,553d941,989051,989385,994993,995093,5.608000,5.942000
58,6355,6355,58d3943,1011051,1011385,1025734,1025834,14.349000,14.683000
58,7468,7468,5d2c940,1023051,1023385,1036599,1036700,13.214000,13.548000
58,6926,6926,5b0e941,1040408,1040743,1050019,1050119,9.276000,9.611000
58,8227,8227,6023942,1127051,1127385,1135680,1135780,8.295000,8.629000
58,9372,9372,649c942,1169051,1169385,1176734,1176834,7.349000,7.683000
58,7386,7386,5cda941,1193051,1193385,1201688,1201788,8.303000,8.637000
58,6390,6390,58f6940,1200051,1200385,1206007,1206107,5.622000,5.956000
58,5448,5448,5548940,1207051,1207385,1213911,1214011,6.526000,6.860000
58,5933,5933,572d940,1341051,1341377,1350455,1350555,9.078000,9.404000
58,8584,8584,6188941,1363051,1363377,1373328,1373428,9.951000,10.277000
58,9657,9657,65b9940,1437051,1437385,1450216,1450316,12.831000,13.165000
58,8652,8652,61cc941,1498051,1498377,1511283,1511383,12.906000,13.232000
58,7682,7682,5e02940,1530453,1530779,1543125,1543225,12.346000,12.672000
58,10230,10230,67f6943,1552051,1552377,1558016,1558116,5.639000,5.965000
58,10958,10958,6ace942,1606051,1606385,1613691,1613791,7.306000,7.640000
58,10784,10784,6a20940,1748051,1748377,1756717,1756817,8.340000,8.666000
58,8716,8716,620c941,1764051,1764377,1773782,1773882,9.405000,9.731000
58,8141,8141,5fcd942,2179051,2179385,2184945,2185045,5.560000,5.894000
59,142,142,408e943,63051,63385,69580,69680,6.195000,6.529000
59,731,731,42db942,102402,102736,115584,115684,12.848000,13.182000
59,929,929,43a1942,133149,133475,144541,144641,11.066000,11.392000
59,1297,1297,4511941,159051,159385,179953,180053,20.568000,20.902000
59,1844,1844,4734940,212805,213139,219581,219681,6.442000,6.776000
59,1195,1195,44ab942,270051,270385,282270,282370,11.885000,12.219000
59,2562,2562,4a02941,292051,292377,299786,299886,7.409000,7.735000
59,2042,2042,47fa942,305051,305385,313701,313801,8.316000,8.650000
59,2937,2937,4b79941,512050,512385,518910,519010,6.525000,6.860000
59,4364,4364,510c940,531051,531385,538746,538846,7.361000,7.695000
59,4179,4179,5053942,537051,537377,546566,546666,9.189000,9.515000
59,3090,3090,4c12941,616051,616377,629060,629160,12.683000,13.009000
59,3496,3496,4da8941,622051,622385,640267,640367,17.882000,18.216000
59,2033,2033,47f1942,651051,651377,658845,658945,7.468000,7.794000
59,3523,3523,4dc3940,665051,665377,673589,673689,8.212000,8.538000
59,7017,7017,5b69943,682051,682377,687942,688042,5.565000,5.891000
59,5810,5810,56b2940,794051,794377,803637,803737,9.260000,9.586000
59,5234,5234,5472941,869051,869385,877680,877780,8.295000,8.629000
59,4225,4225,5081943,856051,856377,881847,881947,25.470000,25.796000
59,7895,7895,5ed7940,890051,890385,900336,900436,9.951000,10.285000
59,7274,7274,5c6a943,898051,898377,914343,914443,15.966000,16.292000
59,5574,5574,55c6941,963051,963377,971561,971661,8.184000,8.510000
59,5722,5722,565a943,1041051,1041377,1050626,1050726,9.249000,9.575000
59,5389,5389,550d940,1056424,1056750,1083042,1083142,26.292000,26.618000
59,8528,8528,6150941,1082051,1082385,1093045,1093145,10.660000,10.994000
59,7472,7472,5d30941,1198453,1198779,1226028,1226128,27.249000,27.575000
59,7525,7525,5d65943,1231051,1231377,1240585,1240685,9.208000,9.534000
59,10918,10918,6aa6942,1291051,1291385,1308425,1308525,17.040000,17.374000
59,5893,5893,5705942,1328051,1328377,1341073,1341173,12.696000,13.022000
59,10108,10108,677c942,1370051,1370385,1380985,1381085,10.600000,10.934000
59,8812,8812,626c943,1384453,1384779,1395783,1395883,11.004000,11.330000
59,9037,9037,634d943,1392051,1392377,1402320,1402420,9.943000,10.269000
59,8644,8644,61c4941,1403051,1403385,1413396,1413496,10.011000,10.345000
59,9614,9614,658e942,1426051,1426377,1438418,1438518,12.041000,12.367000
59,9276,9276,643c943,1463051,1463377,1472388,1472488,9.011000,9.337000
59,10506,10506,690a940,1797051,1797385,1803864,1803964,6.479000,6.813000
59,9180,9180,63dc941,1801051,1801385,1817586,1817686,16.201000,16.535000
59,8878,8878,62ae943,1869051,1869385,1877388,1877488,8.003000,8.337000
60,322,322,4142941,105051,105377,116480,116580,11.103000,11.429000
60,1851,1851,473b941,132051,132385,142801,142901,10.416000,10.750000
60,517,517,4205941,134051,134385,146974,147074,12.589000,12.923000
60,657,657,4291941,199051,199377,204168,204268,4.791000,5.117000
60,2798,2798,4aee942,308051,308377,316686,316786,8.309000,8.635000
60,2533,2533,49e5942,304395,304729,320845,320945,16.116000,16.450000
60,1753,1753,46d9943,388051,388377,398537,398637,10.160000,10.486000
60,2187,2187,488b942,389051,389385,403992,404092,14.607000,14.941000
60,2849,2849,4b21940,461051,461377,471663,471763,10.286000,10.612000
60,2696,2696,4a88940,472051,472377,493096,493196,20.719000,21.045000
60,4925,4925,533d943,507051,507385,515678,515778,8.293000,8.627000
60,4122,4122,501a940,544425,544759,550382,550482,5.623000,5.957000
60,5194,5194,544a942,602051,602385,625783,625883,23.398000,23.732000
60,2772,2772,4ad4940,678496,678822,683575,683675,4.753000,5.079000
60,5422,5422,552e941,679051,679377,688958,689058,9.581000,9.907000
60,4902,4902,5326941,689051,689385,695914,696014,6.529000,6.863000
60,3375,3375,4d2f942,765051,765377,771937,772037,6.560000,6.886000
60,6066,6066,57b2942,786051,786377,796235,796335,9.858000,10.184000
60,5536,5536,55a0943,811051,811377,816089,816189,4.712000,5.038000
60,6279,6279,5887941,821051,821385,831399,831499,10.014000,10.348000
60,5333,5333,54d5941,826051,826385,835598,835698,9.213000,9.547000
60,6832,6832,5ab0943,842409,842743,850264,850364,7.521000,7.855000
60,3195,3195,4c7b941,917051,917377,924385,924485,7.008000,7.334000
60,9295,9295,644f940,940051,940385,961226,961326,20.841000,21.175000
60,4521,4521,51a9940,983051,983377,1001792,1001892,18.415000,18.741000
60,6986,6986,5b4a941,1074051,1074385,1082580,1082680,8.195000,8.529000
60,8095,8095,5f9f942,1128051,1128385,1142902,1143002,14.517000,14.851000
60,6409,6409,5909940,1165051,1165385,1170986,1171086,5.601000,5.935000
60,8541,8541,615d942,1178051,1178385,1193692,1193792,15.307000,15.641000
60,5470,5470,555e943,1212051,1212385,1218860,1218960,6.475000,6.809000
60,8697,8697,61f9941,1219439,1219765,1229778,1229878,10.013000,10.339000
60,7761,7761,5e51943,1228051,1228385,1236620,1236720,8.235000,8.569000
60,9284,9284,6444943,1293051,1293385,1316891,1316991,23.506000,23.840000
60,8870,8870,62a6943,1339051,1339385,1350290,1350390,10.905000,11.239000
60,7165,7165,5bfd941,1417051,1417377,1430960,1431060,13.583000,13.909000
60,9784,9784,6638940,1448696,1449022,1453761,1453861,4.739000,5.065000
60,9508,9508,6524943,1447051,1447377,1457944,1458044,10.567000,10.893000
60,8088,8088,5f98942,1522051,1522385,1532225,1532325,9.840000,10.174000
60,10870,10870,6a76943,1536051,1536385,1543772,1543872,7.387000,7.721000
60,7175,7175,5c07940,1567051,1567377,1592858,1592958,25.481000,25.807000
60,7005,7005,5b5d941,1594051,1594385,1599090,1599190,4.705000,5.039000
60,7166,7166,5bfe943,1600051,1600377,1615197,1615297,14.820000,15.146000
60,7357,7357,5cbd940,1617051,1617377,1624741,1624841,7.364000,7.690000
60,5726,5726,565e942,1640439,1640765,1651175,1651275,10.410000,10.736000
60,8076,8076,5f8c941,1705051,1705377,1713682,1713782,8.305000,8.631000
60,10677,10677,69b5940,1737051,1737385,1743931,1744031,6.546000,6.880000
60,9046,9046,6356943,1887051,1887377,1893934,1894034,6.557000,6.883000
60,10070,10070,6756940,1923051,1923385,1934282,1934382,10.897000,11.231000
60,10641,10641,6991942,2671051,2671377,2677895,2677995,6.518000,6.844000
61,80,80,4050940,30051,30385,38910,39010,8.525000,8.859000
61,15,15,400f943,33051,33385,65403,65502,32.018000,32.352000
61,1354,1354,454a941,167051,167385,181688,181788,14.303000,14.637000
61,1733,1733,46c5942,189051,189385,208562,208662,19.177000,19.511000
61,2102,2102,4836943,319051,319377,325828,325928,6.451000,6.777000
61,1583,1583,462f941,341051,341385,348693,348793,7.308000,7.642000
61,2009,2009,47d9942,359051,359385,369555,369655,10.170000,10.504000
61,2876,2876,4b3c942,415051,415385,424420,424520,9.035000,9.369000
61,3457,3457,4d81941,419051,419385,429923,430023,10.538000,10.872000
61,3135,3135,4c3f942,444051,444377,453411,453511,9.034000,9.360000
61,3156,3156,4c54943,562051,562385,570622,570722,8.237000,8.571000
61,5607,5607,55e7942,597051,597377,621907,622007,24.530000,24.856000
61,6573,6573,59ad943,623051,623385,630776,630876,7.391000,7.725000
61,2825,2825,4b09940,670051,670385,675099,675199,4.714000,5.048000
61,1676,1676,468c941,677051,677377,686612,686712,9.235000,9.561000
61,2771,2771,4ad3942,754051,754377,760865,760965,6.488000,6.814000
61,5642,5642,560a941,838051,838377,844409,844509,6.032000,6.358000
61,4154,4154,503a940,834051,834377,850740,850840,16.363000,16.689000
61,3580,3580,4dfc942,922051,922377,928900,929000,6.523000,6.849000
61,9278,9278,643e941,1048051,1048377,1058373,1058473,9.996000,10.322000
61,6023,6023,5787942,1098051,1098385,1106599,1106699,8.214000,8.548000
61,5676,5676,562c940,1110051,1110377,1118574,1118674,8.197000,8.523000
61,5002,5002,538a943,1113051,1113385,1123076,1123176,9.691000,10.025000
61,7507,7507,5d53943,1207453,1207779,1216950,1217050,9.171000,9.497000
61,7157,7157,5bf5942,1220051,1220385,1227819,1227919,7.434000,7.768000
61,8134,8134,5fc6940,1224424,1224750,1238249,1238349,13.499000,13.825000
61,5514,5514,558a942,1226051,1226385,1242489,1242589,16.104000,16.438000
61,5898,5898,570a942,1301051,1301385,1308805,1308905,7.420000,7.754000
61,7269,7269,5c65942,1348051,1348377,1357749,1357849,9.372000,9.698000
61,4806,4806,52c6940,1377402,1377736,1383369,1383469,5.633000,5.967000
61,9733,9733,6605943,1504051,1504385,1510850,1510950,6.465000,6.799000
61,9287,9287,6447943,1582051,1582385,1595273,1595373,12.888000,13.222000
61,9106,9106,6392940,1625051,1625377,1637090,1637190,11.713000,12.039000
61,10116,10116,6784940,1633051,1633385,1644393,1644493,11.008000,11.342000
61,8209,8209,6011940,1792431,1792757,1807165,1807265,14.408000,14.734000
61,8807,8807,6267942,1835051,1835377,1842807,1842907,7.430000,7.756000
61,10655,10655,699f941,1870051,1870377,1875968,1876068,5.591000,5.917000
61,10409,10409,68a9940,1924051,1924377,1930882,1930982,6.505000,6.831000
62,121,121,4079942,34431,34757,40397,40497,5.640000,5.966000
62,402,402,4192941,46051,46385,56111,56211,9.726000,10.060000
62,411,411,419b942,50188,50522,66894,66994,16.372000,16.706000
62,638,638,427e940,86051,86385,93722,93822,7.337000,7.671000
62,1140,1140,4474943,134051,134377,140028,140128,5.651000,5.977000
62,329,329,4149943,156051,156385,162854,162954,6.469000,6.803000
62,813,813,432d940,151051,151377,178050,178150,26.673000,26.999000
62,2107,2107,483b941,191051,191377,197944,198044,6.567000,6.893000
62,2019,2019,47e3941,220051,220377,236556,236656,16.179000,16.505000
62,2329,2329,4919941,318051,318385,334038,334138,15.653000,15.987000
62,2908,2908,4b5c943,355051,355377,363599,363699,8.222000,8.548000
62,2579,2579,4a13942,375051,375377,388700,388800,13.323000,13.649000
62,1078,1078,4436942,375051,375377,394187,394287,18.810000,19.136000
62,4406,4406,5136941,373051,373385,399691,399791,26.306000,26.640000
62,2280,2280,48e8943,410051,410385,417795,417895,7.410000,7.744000
62,2654,2654,4a5e940,413051,413385,423971,424071,10.586000,10.920000
62,2879,2879,4b3f943,464051,464377,471753,471853,7.376000,7.702000
62,3182,3182,4c6e943,479051,479377,488710,488810,9.333000,9.659000
62,3158,3158,4c56940,478051,478385,493249,493349,14.864000,15.198000
62,1894,1894,4766942,498051,498377,508820,508920,10.443000,10.769000
62,2872,2872,4b38940,531051,531385,543092,543192,11.707000,12.041000
62,1663,1663,467f942,536051,536385,547293,547393,10.908000,11.242000
62,2524,2524,49dc943,556051,556377,582591,582691,26.214000,26.540000
62,4017,4017,4fb1942,612051,612385,620693,620793,8.308000,8.642000
62,2768,2768,4ad0941,653051,653377,658075,658175,4.698000,5.024000
62,2209,2209,48a1942,706051,706377,711135,711235,4.758000,5.084000
62,3845,3845,4f05940,703051,703385,719241,719341,15.856000,16.190000
62,6893,6893,5aed940,706438,706764,728358,728458,21.594000,21.920000
62,3381,3381,4d35942,832464,832798,837567,837667,4.769000,5.103000
62,5732,5732,5664943,837051,837377,842971,843071,5.594000,5.920000
62,3881,3881,4f29942,856051,856385,865752,865852,9.367000,9.701000
62,7457,7457,5d21942,904051,904385,913280,913380,8.895000,9.229000
62,4244,4244,5094940,941051,941377,956183,956283,14.806000,15.132000
62,7155,7155,5bf3940,952051,952385,967096,967196,14.711000,15.045000
62,6618,6618,59da941,1000051,1000377,1012498,1012598,12.121000,12.447000
62,7777,7777,5e61940,1056051,1056385,1066362,1066462,9.977000,10.311000
62,5349,5349,54e5942,1064051,1064385,1079545,1079645,15.160000,15.494000
62,7076,7076,5ba4942,1234051,1234377,1240799,1240899,6.422000,6.748000
62,7123,7123,5bd3943,1260089,1260423,1270362,1270462,9.939000,10.273000
62,8703,8703,61ff943,1276051,1276385,1283765,1283865,7.380000,7.714000
62,7716,7716,5e24943,1310051,1310377,1317453,1317553,7.076000,7.402000
62,9365,9365,6495940,1349051,1349385,1360189,1360289,10.804000,11.138000
62,9561,9561,6559943,1453402,1453736,1466417,1466517,12.681000,13.015000
62,7543,7543,5d77940,1543455,1543789,1570921,1571021,27.132000,27.466000
62,7981,7981,5f2d941,1617051,1617385,1628238,1628338,10.853000,11.187000
62,10572,10572,694c942,1875572,1875898,1888844,1888944,12.946000,13.272000
62,9860,9860,6684942,2383051,2383385,2392472,2392572,9.087000,9.421000
63,535,535,4217942,27051,27385,46028,46128,18.643000,18.977000
63,395,395,418b940,47051,47385,57001,57101,9.616000,9.950000
63,630,630,4276941,53783,54109,62404,62504,8.295000,8.621000
63,137,137,4089941,73051,73377,82409,82509,9.032000,9.358000
63,1453,1453,45ad942,107051,107385,118283,118383,10.898000,11.232000
63,2296,2296,48f8941,232051,232377,239693,239793,7.316000,7.642000
63,1887,1887,475f940,232051,232385,245179,245279,12.794000,13.128000
63,576,576,4240941,310051,310385,321226,321326,10.841000,11.175000
63,2861,2861,4b2d942,409051,409385,416718,416818,7.333000,7.667000
63,2246,2246,48c6943,474051,474385,480930,481030,6.545000,6.879000
63,4103,4103,5007943,478311,478645,491805,491905,13.160000,13.494000
63,5124,5124,5404943,548051,548385,559174,559274,10.789000,11.123000
63,6089,6089,57c9943,564795,565121,582443,582543,17.322000,17.648000
63,3931,3931,4f5b940,581395,581729,589073,589173,7.344000,7.678000
63,3193,3193,4c79941,599051,599377,611117,611217,11.740000,12.066000
63,5221,5221,5465943,603051,603385,616655,616755,13.270000,13.604000
63,6087,6087,57c7940,663051,663377,672519,672619,9.142000,9.468000
63,5166,5166,542e941,690051,690377,702971,703071,12.594000,12.920000
63,5942,5942,5736942,712051,712377,725578,725678,13.201000,13.527000
63,6010,6010,577a941,743438,743764,761901,762001,18.137000,18.463000
63,5713,5713,5651943,758051,758377,774463,774563,16.086000,16.412000
63,6806,6806,5a96940,749051,749385,785347,785447,35.962000,36.296000
63,4670,4670,523e943,881051,881377,887970,888070,6.593000,6.919000
63,8300,8300,606c941,945837,946171,952647,952747,6.476000,6.810000
63,6966,6966,5b36941,978437,978763,986147,986247,7.384000,7.710000
63,5129,5129,5409942,983051,983385,997004,997104,13.619000,13.953000
63,7221,7221,5c35942,1000409,1000743,1014098,1014198,13.355000,13.689000
63,6195,6195,5833940,1006051,1006385,1019572,1019672,13.187000,13.521000
63,6290,6290,5892943,1036051,1036377,1043741,1043840,7.364000,7.690000
63,5136,5136,5410940,1051051,1051385,1064032,1064132,12.647000,12.981000
63,6711,6711,5a37943,1116051,1116377,1123718,1123818,7.341000,7.667000
63,7800,7800,5e78943,1113051,1113385,1128320,1128420,14.935000,15.269000
63,4648,4648,5228940,1126051,1126385,1138046,1138146,11.661000,11.995000
63,5134,5134,540e943,1123051,1123385,1143524,1143624,20.139000,20.473000
63,9666,9666,65c2941,1210932,1211258,1217755,1217855,6.497000,6.823000
63,10523,10523,691b940,1389051,1389377,1400941,1401041,11.564000,11.890000
63,4432,4432,5150942,1424503,1424837,1430443,1430543,5.606000,5.940000
63,8385,8385,60c1941,1428051,1428385,1435788,1435888,7.403000,7.737000
63,10330,10330,685a940,1834051,1834385,1844332,1844432,9.947000,10.281000
63,10634,10634,698a942,1886463,1886789,1895161,1895261,8.372000,8.698000
63,10268,10268,681c940,2251051,2251377,2267407,2267507,16.030000,16.356000
64,591,591,424f940,63051,63377,74223,74323,10.846000,11.172000
64,394,394,418a941,83051,83377,92504,92604,9.127000,9.453000
64,2339,2339,4923941,100051,100377,120544,120644,20.167000,20.493000
64,768,768,4300942,220051,220377,225994,226094,5.617000,5.943000
64,4386,4386,5122943,301051,301385,318439,318539,17.054000,17.388000
64,1744,1744,46d0941,335051,335385,353397,353497,18.012000,18.346000
64,2141,2141,485d942,347051,347377,357591,357691,10.214000,10.540000
64,3814,3814,4ee6941,410051,410385,422257,422357,11.872000,12.206000
64,1155,1155,4483942,414051,414377,433222,433322,18.845000,19.171000
64,3960,3960,4f78941,446051,446377,453723,453823,7.346000,7.672000
64,3516,3516,4dbc941,477051,477377,485723,485823,8.346000,8.672000
64,2966,2966,4b96942,486051,486377,493749,493849,7.372000,7.698000
64,4619,4619,520b940,489051,489385,499139,499239,9.754000,10.088000
64,2264,2264,48d8941,507051,507385,512156,512257,4.771000,5.105000
64,4618,4618,520a941,531051,531385,539682,539782,8.297000,8.631000
64,3272,3272,4cc8940,583051,583385,588971,589071,5.586000,5.920000
64,3221,3221,4c95943,597051,597377,609243,609343,11.866000,12.192000
64,2136,2136,4858942,620051,620385,651262,651362,30.877000,31.211000
64,4499,4499,5193941,648051,648377,656658,656758,8.281000,8.607000
64,3975,3975,4f87941,665425,665759,672211,672311,6.452000,6.786000
64,4332,4332,50ec943,690051,690377,698692,698792,8.315000,8.641000
64,3634,3634,4e32941,710402,710736,716333,716433,5.597000,5.931000
64,8170,8170,5fea943,759051,759377,773763,773863,14.386000,14.712000
64,7767,7767,5e57940,808051,808385,822784,822884,14.399000,14.733000
64,4550,4550,51c6941,849439,849765,865271,865371,15.506000,15.832000
64,3021,3021,4bcd940,847051,847385,870693,870793,23.308000,23.642000
64,4741,4741,5285943,861051,861385,879812,879912,18.427000,18.761000
64,6297,6297,5899940,889051,889377,900321,900421,10.944000,11.270000
64,6163,6163,5813941,896051,896385,909438,909538,13.053000,13.387000
64,5397,5397,5515941,892051,892377,920255,920355,27.878000,28.204000
64,8075,8075,5f8b941,989051,989385,1000303,1000403,10.918000,11.252000
64,4061,4061,4fdd942,1021051,1021385,1033465,1033565,12.080000,12.414000
64,8507,8507,613b941,1048425,1048759,1059721,1059821,10.962000,11.296000
64,10884,10884,6a84942,1090064,1090398,1100563,1100663,10.165000,10.499000
64,5939,5939,5733943,1090051,1090377,1106074,1106174,15.697000,16.023000
64,8752,8752,6230940,1109051,1109385,1114951,1115051,5.566000,5.900000
64,5520,5520,5590942,1107051,1107377,1120441,1120541,13.064000,13.390000
64,5980,5980,575c941,1195051,1195385,1206272,1206372,10.887000,11.221000
64,5609,5609,55e9941,1210051,1210385,1216889,1216989,6.504000,6.838000
64,7953,7953,5f11943,1243051,1243385,1265675,1265775,22.290000,22.624000
64,7848,7848,5ea8943,1340051,1340385,1352210,1352310,11.825000,12.159000
64,9730,9730,6602940,1382051,1382385,1393307,1393407,10.922000,11.256000
64,10748,10748,69fc941,1374272,1374606,1397474,1397574,22.868000,23.202000
64,5374,5374,54fe943,1385051,1385385,1401662,1401762,16.277000,16.611000
64,8208,8208,6010942,1413051,1413385,1421626,1421726,8.241000,8.575000
64,9443,9443,64e3940,1511051,1511377,1520554,1520654,9.177000,9.503000
64,8539,8539,615b943,1538051,1538377,1550193,1550293,11.816000,12.142000
64,10488,10488,68f8943,1588051,1588385,1601870,1601970,13.485000,13.819000
64,8357,8357,60a5943,1752051,1752385,1767127,1767227,14.742000,15.076000
64,9624,9624,6598943,1767439,1767765,1776154,1776254,8.389000,8.715000
64,9937,9937,66d1941,1815051,1815377,1833353,1833453,17.976000,18.302000
64,10493,10493,68fd941,1856051,1856385,1868215,1868315,11.830000,12.164000
64,9551,9551,654f941,1912051,1912377,1917102,1917202,4.725000,5.051000
64,9357,9357,648d940,2060051,2060377,2077412,2077513,17.035000,17.361000
64,10861,10861,6a6d942,2090051,2090385,2096870,2096970,6.485000,6.819000
64,10702,10702,69ce941,2309051,2309377,2315839,2315939,6.462000,6.788000
64,10332,10332,685c940,2773051,2773377,2783484,2783584,10.107000,10.433000
65,452,452,41c4943,45051,45377,67592,67692,22.215000,22.541000
65,397,397,418d940,96051,96377,109782,109882,13.405000,13.731000
65,211,211,40d3942,161051,161385,176256,176356,14.871000,15.205000
65,709,709,42c5943,183051,183377,199309,199409,15.932000,16.258000
65,1712,1712,46b0940,228051,228377,236683,236783,8.306000,8.632000
65,2915,2915,4b63941,288051,288385,294906,295006,6.521000,6.855000
65,3170,3170,4c62941,301051,301377,307942,308042,6.565000,6.891000
65,5050,5050,53ba940,478051,478385,487348,487448,8.963000,9.297000
65,2531,2531,49e3941,480051,480385,491493,491593,11.108000,11.442000
65,4555,4555,51cb941,518050,518377,525789,525889,7.412000,7.739000
65,2614,2614,4a36943,591051,591385,600579,600679,9.194000,9.528000
65,2633,2633,4a49942,712051,712385,721994,722094,9.609000,9.943000
65,3077,3077,4c05943,771051,771385,783255,783355,11.870000,12.204000
65,3104,3104,4c20943,930051,930385,942144,942244,11.759000,12.093000
65,8508,8508,613c941,931051,931385,947591,947691,16.206000,16.540000
65,3965,3965,4f7d943,963051,963377,971594,971694,8.217000,8.543000
65,6431,6431,591f941,1058051,1058377,1066716,1066816,8.339000,8.665000
65,4975,4975,536f941,1121051,1121377,1127028,1127128,5.651000,5.977000
65,9427,9427,64d3940,1259051,1259385,1265931,1266031,6.546000,6.880000
65,8929,8929,62e1941,1274446,1274780,1287490,1287590,12.710000,13.044000
65,5571,5571,55c3943,1283051,1283377,1295308,1295408,11.931000,12.257000
65,5738,5738,566a942,1309051,1309377,1320849,1320949,11.472000,11.798000
65,7902,7902,5ede941,1330051,1330377,1337834,1337934,7.457000,7.783000
65,9032,9032,6348942,1365051,1365385,1371845,1371945,6.460000,6.794000
65,6483,6483,5953942,1416051,1416377,1422009,1422109,5.632000,5.958000
65,7363,7363,5cc3941,1438389,1438723,1443494,1443594,4.771000,5.105000
65,9035,9035,634b940,1544051,1544385,1553523,1553623,9.138000,9.472000
65,7452,7452,5d1c943,1573453,1573779,1589387,1589487,15.608000,15.934000
65,9267,9267,6433940,1705051,1705385,1713686,1713786,8.301000,8.635000
65,9299,9299,6453941,1727051,1727385,1733960,1734060,6.575000,6.909000
65,9887,9887,669f942,1743051,1743377,1753401,1753501,10.024000,10.350000
65,8401,8401,60d1943,1780051,1780377,1790475,1790575,10.098000,10.424000
65,10157,10157,67ad942,1798051,1798385,1809354,1809454,10.969000,11.303000
65,9759,9759,661f942,1863051,1863377,1869000,1869100,5.623000,5.949000
65,10122,10122,678a941,2090051,2090385,2096001,2096101,5.616000,5.950000
65,10285,10285,682d943,2248051,2248385,2254896,2254996,6.511000,6.845000
66,33,33,4021940,42051,42385,48931,49031,6.546000,6.880000
66,599,599,4257943,38431,38757,54299,54399,15.542000,15.868000
66,418,418,41a2943,44409,44743,58502,58602,13.759000,14.093000
66,930,930,43a2943,102051,102385,115052,115152,12.667000,13.001000
66,1358,1358,454e942,179051,179385,192621,192721,13.236000,13.570000
66,1234,1234,44d2942,195051,195377,200957,201057,5.580000,5.906000
66,2104,2104,4838943,222051,222377,231051,231151,8.674000,9.000000
66,3614,3614,4e1e942,240456,240782,263691,263791,22.909000,23.235000
66,3041,3041,4be1942,348410,348736,356313,356413,7.577000,7.903000
66,2130,2130,4852941,399051,399385,410853,410953,11.468000,11.802000
66,2052,2052,4804940,455051,455377,463601,463701,8.224000,8.550000
66,2221,2221,48ad941,474051,474377,484381,484481,10.004000,10.330000
66,3522,3522,4dc2940,485416,485750,494152,494252,8.402000,8.736000
66,6243,6243,5863942,620409,620743,627247,627347,6.504000,6.838000
66,5677,5677,562d940,643051,643377,655020,655120,11.643000,11.969000
66,5746,5746,5672941,872416,872742,896744,896844,24.002000,24.328000
66,8414,8414,60de941,909913,910239,924092,924192,13.853000,14.179000
66,7232,7232,5c40942,962051,962385,969755,969855,7.370000,7.704000
66,7325,7325,5c9d940,976051,976377,982838,982938,6.461000,6.787000
66,10379,10379,688b942,999359,999685,1016284,1016384,16.599000,16.925000
66,3749,3749,4ea5943,1022051,1022385,1032702,1032801,10.317000,10.651000
66,8568,8568,6178941,1032051,1032385,1040533,1040634,8.148000,8.482000
66,8176,8176,5ff0940,1077051,1077377,1085634,1085734,8.257000,8.583000
66,6183,6183,5827942,1125446,1125780,1132301,1132401,6.521000,6.855000
66,7199,7199,5c1f940,1114051,1114385,1153812,1153912,39.427000,39.761000
66,7324,7324,5c9c941,1159051,1159377,1169488,1169588,10.111000,10.437000
66,5871,5871,56ef941,1227051,1227385,1242973,1243073,15.588000,15.922000
66,6336,6336,58c0943,1290051,1290377,1297682,1297782,7.305000,7.631000
66,6801,6801,5a91940,1353051,1353385,1358996,1359096,5.611000,5.945000
66,10177,10177,67c1941,1456051,1456377,1475971,1476071,19.594000,19.920000
66,7724,7724,5e2c943,1474051,1474385,1481363,1481463,6.978000,7.312000
66,10771,10771,6a13940,1570051,1570377,1576850,1576950,6.473000,6.799000
66,9736,9736,6608942,1635871,1636205,1646211,1646311,10.006000,10.340000
66,7759,7759,5e4f943,1696051,1696377,1702044,1702144,5.667000,5.993000
66,8664,8664,61d8942,1772424,1772750,1777536,1777636,4.786000,5.112000
66,9506,9506,6522942,1858051,1858377,1863065,1863165,4.688000,5.014000
66,8256,8256,6040941,1864051,1864385,1869970,1870070,5.585000,5.919000
66,9971,9971,66f3941,2055051,2055377,2061957,2062057,6.580000,6.906000
67,1584,1584,4630940,210051,210377,223074,223174,12.697000,13.023000
67,1985,1985,47c1940,276051,276377,284663,284763,8.286000,8.612000
67,2963,2963,4b93942,301051,301377,310454,310554,9.077000,9.403000
67,2659,2659,4a63942,328439,328773,345443,345543,16.670000,17.004000
67,2190,2190,488e943,344051,344377,353572,353672,9.195000,9.521000
67,3218,3218,4c92942,381051,381377,389681,389781,8.304000,8.630000
67,1821,1821,471d943,422051,422385,433624,433724,11.239000,11.573000
67,4351,4351,50ff942,464051,464385,473368,473468,8.983000,9.317000
67,2065,2065,4811943,492051,492377,505845,505945,13.468000,13.794000
67,4539,4539,51bb941,493021,493355,511234,511334,17.879000,18.213000
67,2546,2546,49f2940,571051,571377,580474,580574,9.097000,9.423000
67,3701,3701,4e75941,575051,575385,584642,584742,9.257000,9.591000
67,3390,3390,4d3e942,583051,583385,593113,593213,9.728000,10.062000
67,1511,1511,45e7941,569910,570236,598598,598698,28.362000,28.688000
67,4763,4763,529b943,634051,634385,639114,639214,4.729000,5.063000
67,1872,1872,4750943,634051,634377,643312,643412,8.935000,9.261000
67,2903,2903,4b57941,652051,652385,661090,661190,8.705000,9.039000
67,5451,5451,554b941,712051,712377,724541,724641,12.164000,12.490000
67,3316,3316,4cf4941,725051,725385,746828,746928,21.443000,21.777000
67,6401,6401,5901941,765051,765385,778381,778481,12.996000,13.330000
67,3468,3468,4d8c943,810051,810377,823019,823119,12.642000,12.968000
67,4703,4703,525f943,989051,989385,995861,995961,6.476000,6.810000
67,5244,5244,547c941,992051,992385,1001334,1001434,8.949000,9.283000
67,6428,6428,591c943,1033051,1033385,1038946,1039047,5.561000,5.895000
67,9414,9414,64c6942,1060051,1060385,1070361,1070461,9.976000,10.310000
67,7139,7139,5be3943,1146481,1146815,1153411,1153511,6.596000,6.930000
67,5304,5304,54b8943,1239051,1239385,1251958,1252058,12.573000,12.907000
67,8972,8972,630c940,1243051,1243377,1257325,1257425,13.948000,14.274000
67,6974,6974,5b3e940,1291051,1291377,1301476,1301576,10.099000,10.425000
67,10287,10287,682f943,1316673,1317007,1322594,1322694,5.587000,5.921000
67,7663,7663,5def940,1396051,1396377,1412210,1412310,15.833000,16.159000
67,10559,10559,693f942,1409410,1409736,1416383,1416483,6.647000,6.973000
67,5986,5986,5762943,1450051,1450377,1458684,1458784,8.307000,8.633000
67,8946,8946,62f2943,1543395,1543729,1560922,1561022,17.193000,17.527000
67,7833,7833,5e99943,1624051,1624377,1638442,1638542,14.065000,14.391000
67,10563,10563,6943940,1679051,1679385,1687693,1687793,8.308000,8.642000
67,8641,8641,61c1943,1689051,1689385,1698514,1698614,9.129000,9.463000
67,9793,9793,6641940,1828051,1828377,1838423,1838523,10.046000,10.372000
68,1374,1374,455e942,191051,191377,198751,198851,7.374000,7.700000
68,2357,2357,4935942,251051,251377,257883,257984,6.506000,6.832000
68,1293,1293,450d940,273051,273377,281479,281579,8.102000,8.428000
68,1308,1308,451c941,275051,275377,285669,285769,10.292000,10.618000
68,2545,2545,49f1940,392051,392385,401568,401668,9.183000,9.517000
68,1008,1008,43f0943,424051,424385,430918,431018,6.533000,6.867000
68,3547,3547,4ddb942,438425,438759,446284,446384,7.525000,7.859000
68,4727,4727,5277940,552051,552377,557056,557156,4.679000,5.005000
68,4723,4723,5273942,650051,650385,658573,658673,8.188000,8.522000
68,5712,5712,5650941,668453,668779,678016,678116,9.237000,9.563000
68,5827,5827,56c3940,739051,739377,750874,750974,11.497000,11.823000
68,2656,2656,4a60942,778051,778377,783984,784084,5.607000,5.933000
68,4358,4358,5106943,789051,789377,798467,798567,9.090000,9.416000
68,6058,6058,57aa942,872051,872377,888035,888135,15.658000,15.984000
68,4091,4091,4ffb942,904104,904438,911125,911225,6.687000,7.021000
68,6447,6447,592f942,932051,932385,940419,940519,8.034000,8.368000
68,7572,7572,5d94942,962051,962377,971559,971659,9.182000,9.508000
68,4469,4469,5175943,1009454,1009780,1030947,1031048,21.167000,21.493000
68,5353,5353,54e9941,1027051,1027377,1050636,1050736,23.259000,23.585000
68,4672,4672,5240943,1046954,1047280,1067031,1067131,19.751000,20.077000
68,6200,6200,5838943,1161453,1161779,1169133,1169233,7.354000,7.680000
68,4970,4970,536a943,1227051,1227377,1232082,1232182,4.705000,5.031000
68,10839,10839,6a57941,1248051,1248377,1258511,1258611,10.134000,10.460000
68,7093,7093,5bb5943,1254051,1254377,1279771,1279871,25.394000,25.720000
68,5723,5723,565b941,1297051,1297377,1305986,1306086,8.609000,8.935000
68,9447,9447,64e7942,1303051,1303377,1318071,1318171,14.694000,15.020000
68,8514,8514,6142941,1323439,1323765,1330299,1330399,6.534000,6.860000
68,4844,4844,52ec943,1353051,1353385,1359911,1360011,6.526000,6.860000
68,7750,7750,5e46941,1402051,1402377,1415305,1415405,12.928000,13.254000
68,8564,8564,6174942,1435051,1435377,1442739,1442839,7.362000,7.688000
68,9883,9883,669b940,1468051,1468377,1473109,1473209,4.732000,5.058000
68,9449,9449,64e9942,1473051,1473377,1485242,1485342,11.865000,12.191000
68,9916,9916,66bc941,1537051,1537377,1545600,1545700,8.223000,8.549000
68,8122,8122,5fba941,1609051,1609385,1617654,1617754,8.269000,8.603000
68,8017,8017,5f51941,1716051,1716377,1724614,1724714,8.237000,8.563000
68,9408,9408,64c0942,1799051,1799385,1805876,1805976,6.491000,6.825000
68,9914,9914,66ba943,1833051,1833377,1840804,1840904,7.427000,7.753000
68,9140,9140,63b4943,1995051,1995377,2005451,2005551,10.074000,10.400000
68,10806,10806,6a36941,2062051,2062377,2069726,2069825,7.349000,7.675000
69,196,196,40c4943,21051,21385,29676,29776,8.291000,8.625000
69,78,78,404e940,55783,56117,62631,62731,6.514000,6.848000
69,270,270,410e940,61051,61377,70518,70618,9.141000,9.467000
69,55,55,4037941,65051,65385,74708,74808,9.323000,9.657000
69,2062,2062,480e942,239051,239385,247656,247756,8.271000,8.605000
69,1273,1273,44f9940,260051,260385,266789,266889,6.404000,6.738000
69,1420,1420,458c940,318051,318377,325759,325859,7.382000,7.708000
69,1918,1918,477e940,326395,326729,332343,332443,5.614000,5.948000
69,2034,2034,47f2940,333051,333385,338954,339054,5.569000,5.903000
69,3040,3040,4be0940,461051,461377,472485,472585,11.108000,11.434000
69,5618,5618,55f2942,480439,480773,489021,489121,8.248000,8.582000
69,2354,2354,4932941,493051,493385,505203,505303,11.818000,12.152000
69,4937,4937,5349942,569051,569377,592149,592249,22.772000,23.098000
69,1767,1767,46e7943,611051,611377,626572,626672,15.195000,15.521000
69,6736,6736,5a50942,627051,627377,636547,636647,9.170000,9.496000
69,5128,5128,5408940,682051,682385,694204,694304,11.819000,12.153000
69,4954,4954,535a943,745051,745377,752738,752838,7.361000,7.687000
69,3616,3616,4e20943,822051,822377,831510,831610,9.133000,9.459000
69,5866,5866,56ea940,859051,859385,868510,868610,9.125000,9.459000
69,6511,6511,596f941,878051,878377,883982,884082,5.605000,5.931000
69,4600,4600,51f8942,933051,933385,944950,945050,11.565000,11.899000
69,9845,9845,6675940,972051,972377,983214,983314,10.837000,11.163000
69,4574,4574,51de941,1118051,1118377,1125680,1125780,7.303000,7.629000
69,6860,6860,5acc942,1294051,1294385,1301767,1301867,7.382000,7.716000
69,7405,7405,5ced942,1314051,1314377,1323455,1323555,9.078000,9.404000
69,8267,8267,604b940,1318051,1318385,1330168,1330268,11.783000,12.117000
69,10227,10227,67f3941,1383051,1383377,1407067,1407167,23.690000,24.016000
69,9855,9855,667f940,1436051,1436385,1446405,1446505,10.020000,10.354000
69,8979,8979,6313941,1477051,1477377,1483011,1483111,5.634000,5.960000
69,8440,8440,60f8940,1617051,1617377,1628250,1628350,10.873000,11.199000
69,7606,7606,5db6941,1619051,1619385,1632449,1632549,13.064000,13.398000
69,7358,7358,5cbe940,1645051,1645377,1656303,1656403,10.926000,11.252000
69,10710,10710,69d6940,1648051,1648377,1662096,1662196,13.719000,14.045000
69,10778,10778,6a1a942,1662051,1662377,1672971,1673071,10.594000,10.920000
69,7987,7987,5f33941,1685051,1685385,1695217,1695317,9.832000,10.166000
69,9132,9132,63ac943,1722051,1722385,1731785,1731885,9.400000,9.734000
69,9888,9888,66a0941,1809051,1809377,1819453,1819553,10.076000,10.402000
69,9003,9003,632b943,1949051,1949377,1959014,1959114,9.637000,9.963000
69,10141,10141,679d942,2000051,2000377,2007718,2007818,7.341000,7.667000
69,10045,10045,673d943,2008051,2008385,2014886,2014986,6.501000,6.835000
69,10358,10358,6876943,2046051,2046377,2052899,2052999,6.522000,6.848000
69,10673,10673,69b1943,2129418,2129752,2138085,2138185,8.333000,8.667000
69,10362,10362,687a943,2133051,2133385,2142318,2142418,8.933000,9.267000
70,600,600,4258940,63051,63385,74059,74159,10.674000,11.008000
70,798,798,431e941,87051,87377,98263,98363,10.886000,11.212000
70,414,414,419e940,108051,108377,120479,120579,12.102000,12.428000
70,706,706,42c2941,181051,181377,188694,188794,7.317000,7.643000
70,1510,1510,45e6940,208051,208385,216425,216525,8.040000,8.374000
70,1493,1493,45d5943,231051,231385,237924,238024,6.539000,6.873000
70,1087,1087,443f941,237051,237377,242932,243032,5.555000,5.881000
70,1910,1910,4776941,247051,247385,266408,266508,19.023000,19.357000
70,1657,1657,4679942,247051,247377,271906,272006,24.529000,24.855000
70,1348,1348,4544942,306051,306385,316342,316442,9.957000,10.291000
70,1401,1401,4579940,335051,335377,348069,348169,12.692000,13.018000
70,1543,1543,4607941,355051,355385,363763,363863,8.378000,8.712000
70,1799,1799,4707943,363431,363757,368626,368726,4.869000,5.195000
70,2086,2086,4826940,357416,357750,372863,372963,15.113000,15.447000
70,2060,2060,480c943,359051,359377,378331,378431,18.954000,19.280000
70,3526,3526,4dc6940,481051,481385,494774,494874,13.389000,13.723000
70,3273,3273,4cc9941,565051,565385,573623,573723,8.238000,8.572000
70,4419,4419,5143941,574051,574385,585294,585394,10.909000,11.243000
70,2160,2160,4870942,677051,677385,694652,694752,17.267000,17.601000
70,7751,7751,5e47942,711051,711377,720349,720449,8.972000,9.298000
70,7892,7892,5ed4942,758051,758385,765769,765869,7.384000,7.718000
70,7271,7271,5c67941,794051,794385,806301,806401,11.916000,12.250000
70,3161,3161,4c59943,834051,834377,843987,844087,9.610000,9.936000
70,7653,7653,5de5941,894051,894377,904399,904499,10.022000,10.348000
70,6310,6310,58a6941,908051,908377,919295,919395,10.918000,11.244000
70,7177,7177,5c09942,938101,938427,943989,944089,5.562000,5.888000
70,4530,4530,51b2942,941692,942018,949408,949508,7.390000,7.716000
70,8332,8332,608c940,934051,934377,953574,953674,19.197000,19.523000
70,6676,6676,5a14943,1062438,1062772,1069387,1069487,6.615000,6.949000
70,7118,7118,5bce943,1110051,1110377,1118848,1118948,8.471000,8.797000
70,4818,4818,52d2943,1177051,1177385,1183059,1183159,5.674000,6.008000
70,6789,6789,5a85943,1244051,1244377,1254800,1254900,10.423000,10.749000
70,6155,6155,580b942,1260051,1260385,1271197,1271297,10.812000,11.146000
70,9352,9352,6488943,1263051,1263385,1275369,1275469,11.984000,12.318000
70,5822,5822,56be941,1269409,1269743,1279646,1279746,9.903000,10.237000
70,8361,8361,60a9940,1281051,1281377,1292327,1292427,10.950000,11.276000
70,6967,6967,5b37942,1309051,1309377,1315907,1316007,6.530000,6.856000
70,3903,3903,4f3f941,1305051,1305385,1325246,1325346,19.861000,20.195000
70,7969,7969,5f21943,1372051,1372385,1386907,1387007,14.522000,14.856000
70,10492,10492,68fc940,1443051,1443377,1459718,1459818,16.341000,16.667000
70,10684,10684,69bc943,1610051,1610385,1619535,1619635,9.150000,9.484000
70,10540,10540,692c940,1644051,1644377,1653577,1653677,9.200000,9.526000
70,10836,10836,6a54942,1789051,1789385,1800370,1800470,10.985000,11.319000
70,9380,9380,64a4943,1949051,1949377,1955771,1955871,6.394000,6.720000
70,10168,10168,67b8940,2123051,2123385,2130775,2130875,7.390000,7.724000
70,7850,7850,5eaa940,2190795,2191121,2199513,2199613,8.392000,8.718000
71,12,12,400c943,23051,23385,30833,30933,7.448000,7.782000
71,2348,2348,492c940,163051,163377,175709,175809,12.332000,12.658000
71,816,816,4330942,182051,182377,200476,200576,18.099000,18.425000
71,990,990,43de940,190051,190377,212119,212219,21.742000,22.068000
71,2174,2174,487e941,336808,337142,342757,342857,5.615000,5.949000
71,1591,1591,4637942,342051,342377,364427,364527,22.050000,22.376000
71,5685,5685,5635942,396051,396377,446019,446119,49.642000,49.968000
71,2346,2346,492a940,461051,461385,474479,474579,13.094000,13.428000
71,1867,1867,474b943,478051,478385,483202,483302,4.817000,5.151000
71,5845,5845,56d5940,524050,524385,533423,533523,9.038000,9.373000
71,3562,3562,4dea943,546051,546385,563440,563540,17.055000,17.389000
71,2739,2739,4ab3940,574051,574385,586623,586723,12.238000,12.572000
71,4707,4707,5263940,613051,613377,626735,626835,13.358000,13.684000
71,4089,4089,4ff9940,703814,704148,726282,726382,22.134000,22.468000
71,4572,4572,51dc940,717051,717377,731725,731825,14.348000,14.674000
71,7808,7808,5e80942,739051,739385,745001,745101,5.616000,5.950000
71,4072,4072,4fe8943,749051,749385,755796,755896,6.411000,6.745000
71,6021,6021,5785940,934051,934377,945265,945365,10.888000,11.214000
71,4744,4744,5288941,942051,942385,956680,956780,14.295000,14.629000
71,4855,4855,52f7941,973805,974139,986434,986534,12.295000,12.629000
71,5236,5236,5474943,998051,998377,1005031,1005131,6.654000,6.980000
71,10773,10773,6a15940,1023438,1023764,1039453,1039552,15.689000,16.015000
71,8083,8083,5f93940,1040051,1040385,1050385,1050485,10.000000,10.334000
71,4460,4460,516c942,1051051,1051385,1061705,1061805,10.320000,10.654000
71,10037,10037,6735942,1073463,1073797,1084709,1084809,10.912000,11.246000
71,9083,9083,637b940,1141051,1141385,1150456,1150556,9.071000,9.405000
71,7456,7456,5d20940,1234051,1234377,1243153,1243253,8.776000,9.102000
71,8589,8589,618d943,1244051,1244377,1254441,1254541,10.064000,10.390000
71,9161,9161,63c9940,1400051,1400385,1408287,1408387,7.902000,8.236000
71,6978,6978,5b42941,1426051,1426377,1447312,1447412,20.935000,21.261000
71,7673,7673,5df9942,1455051,1455385,1464574,1464674,9.189000,9.523000
71,8242,8242,6032943,1526051,1526385,1532028,1532128,5.643000,5.977000
71,4390,4390,5126940,1572051,1572385,1581575,1581675,9.190000,9.524000
71,9766,9766,6626942,1689051,1689385,1696831,1696931,7.446000,7.780000
71,10850,10850,6a62942,1689051,1689385,1701004,1701104,11.619000,11.953000
71,8687,8687,61ef941,1881051,1881385,1891311,1891411,9.926000,10.260000
71,10320,10320,6850941,2004051,2004377,2017341,2017441,12.964000,13.290000
71,8606,8606,619e940,2278051,2278377,2287568,2287668,9.191000,9.517000
72,23,23,4017941,49051,49385,55907,56007,6.522000,6.856000
72,341,341,4155943,46051,46385,61333,61433,14.948000,15.282000
72,450,450,41c2943,51439,51765,66806,66906,15.041000,15.367000
72,1846,1846,4736943,53051,53377,72227,72327,18.850000,19.176000
72,263,263,4107941,77051,77385,87704,87804,10.319000,10.653000
72,176,176,40b0943,90051,90377,98596,98696,8.219000,8.545000
72,387,387,4183943,99051,99377,112110,112210,12.733000,13.059000
72,497,497,41f1940,119051,119377,127897,127997,8.520000,8.846000
72,1172,1172,4494943,112216,112542,133373,133473,20.831000,21.157000
72,1519,1519,45ef943,198051,198385,211140,211240,12.755000,13.089000
72,1243,1243,44db942,216051,216377,223771,223871,7.394000,7.720000
72,2320,2320,4910941,244798,245124,256231,256330,11.107000,11.433000
72,1939,1939,4793943,259051,259376,265962,266062,6.586000,6.911000
72,3016,3016,4bc8940,348051,348385,359344,359444,10.959000,11.293000
72,2013,2013,47dd940,359051,359377,364764,364864,5.387000,5.713000
72,4690,4690,5252943,370051,370385,379533,379633,9.148000,9.482000
72,3629,3629,4e2d940,389051,389377,405350,405450,15.973000,16.299000
72,3669,3669,4e55940,405051,405377,420646,420746,15.269000,15.595000
72,2043,2043,47fb942,484051,484377,496536,496636,12.159000,12.485000
72,4711,4711,5267943,568051,568377,574915,575015,6.538000,6.864000
72,3770,3770,4eba942,574051,574385,591912,592012,17.527000,17.861000
72,3832,3832,4ef8941,649907,650233,661126,661226,10.893000,11.219000
72,4127,4127,501f942,696051,696377,705268,705368,8.891000,9.217000
72,3900,3900,4f3c940,817051,817385,823019,823119,5.634000,5.968000
72,4774,4774,52a6942,893416,893750,902042,902142,8.292000,8.626000
72,6472,6472,5948941,883051,883385,906191,906291,22.806000,23.140000
72,4020,4020,4fb4942,891051,891385,912879,912979,21.494000,21.828000
72,7753,7753,5e49941,899051,899377,918346,918446,18.969000,19.295000
72,8065,8065,5f81942,901051,901385,922549,922649,21.164000,21.498000
72,5023,5023,539f942,939051,939385,947880,947980,8.495000,8.829000
72,5203,5203,5453942,1110051,1110385,1125028,1125128,14.643000,14.977000
72,7009,7009,5b61943,1132051,1132385,1139789,1139889,7.404000,7.738000
72,5925,5925,5725942,1192395,1192729,1206806,1206906,14.077000,14.411000
72,8663,8663,61d7940,1279051,1279385,1288536,1288636,9.151000,9.485000
72,8734,8734,621e941,1294051,1294377,1299130,1299230,4.753000,5.079000
72,7332,7332,5ca4940,1370051,1370385,1376880,1376980,6.495000,6.829000
72,10452,10452,68d4943,1373051,1373385,1389013,1389113,15.628000,15.962000
72,7602,7602,5db2942,1374051,1374385,1393172,1393272,18.787000,19.121000
72,6209,6209,5841940,1396051,1396385,1406448,1406548,10.063000,10.397000
72,7552,7552,5d80940,1525051,1525385,1533629,1533729,8.244000,8.578000
72,7321,7321,5c99942,1584051,1584377,1590866,1590966,6.489000,6.815000
72,7097,7097,5bb9940,1596431,1596757,1605206,1605306,8.449000,8.775000
72,10459,10459,68db941,1634051,1634385,1640026,1640126,5.641000,5.975000
72,10599,10599,6967941,1651051,1651377,1656963,1657063,5.586000,5.912000
72,8436,8436,60f4940,1681253,1681587,1691773,1691873,10.186000,10.520000
72,8859,8859,629b940,1694051,1694377,1702666,1702766,8.289000,8.615000
73,51,51,4033940,21051,21385,27937,28037,6.552000,6.886000
73,354,354,4162942,20051,20385,32129,32230,11.744000,12.078000
73,8,8,4008943,39051,39385,48637,48737,9.252000,9.586000
73,367,367,416f943,68449,68775,76011,76111,7.236000,7.562000
73,558,558,422e943,88051,88385,94011,94111,5.626000,5.960000
73,464,464,41d0941,78402,78736,98162,98262,19.426000,19.760000
73,1426,1426,4592942,98051,98385,107508,107608,9.123000,9.457000
73,877,877,436d942,116051,116377,122878,122978,6.501000,6.827000
73,96,96,4060942,118051,118385,133125,133225,14.740000,15.074000
73,603,603,425b942,133051,133377,143463,143563,10.086000,10.412000
73,2044,2044,47fc940,248051,248385,258347,258447,9.962000,10.296000
73,2387,2387,4953941,250051,250385,263720,263820,13.335000,13.669000
73,1630,1630,465e943,330051,330377,345427,345527,15.050000,15.376000
73,1485,1485,45cd940,343051,343385,350688,350788,7.303000,7.637000
73,1465,1465,45b9942,335051,335377,354904,355004,19.527000,19.853000
73,4394,4394,512a943,359051,359377,369071,369171,9.694000,10.020000
73,2502,2502,49c6943,374051,374385,387601,387701,13.216000,13.550000
73,2335,2335,491f943,384051,384385,391791,391891,7.406000,7.740000
73,3101,3101,4c1d943,403051,403385,411643,411743,8.258000,8.592000
73,383,383,417f941,410051,410385,417783,417883,7.398000,7.732000
73,743,743,42e7941,461051,461377,469209,469309,7.832000,8.158000
73,6194,6194,5832940,468051,468377,473398,473498,5.021000,5.347000
73,2316,2316,490c943,464051,464385,490248,490348,25.863000,26.197000
73,3281,3281,4cd1942,534051,534385,550339,550439,15.954000,16.288000
73,5021,5021,539d941,653051,653385,662620,662720,9.235000,9.569000
73,3715,3715,4e83940,684051,684385,691735,691835,7.350000,7.684000
73,3006,3006,4bbe941,732051,732377,745073,745173,12.696000,13.022000
73,3309,3309,4ced943,770409,770743,787659,787759,16.916000,17.250000
73,10039,10039,6737943,874051,874385,883250,883350,8.865000,9.199000
73,5974,5974,5756941,869051,869377,887405,887505,18.028000,18.354000
73,6300,6300,589c943,914051,914385,923570,923670,9.185000,9.519000
73,7122,7122,5bd2943,1000051,1000377,1013184,1013284,12.807000,13.133000
73,8193,8193,6001943,1009051,1009377,1020344,1020444,10.967000,11.293000
73,5014,5014,5396942,1080051,1080377,1094243,1094343,13.866000,14.192000
73,7530,7530,5d6a940,1104051,1104385,1112746,1112846,8.361000,8.695000
73,8188,8188,5ffc940,1187051,1187385,1195688,1195788,8.303000,8.637000
73,8071,8071,5f87943,1271051,1271377,1281387,1281487,10.010000,10.336000
73,5777,5777,5691943,1314051,1314377,1326075,1326175,11.698000,12.024000
73,7246,7246,5c4e941,1364051,1364385,1370924,1371024,6.539000,6.873000
73,10860,10860,6a6c943,1464453,1464779,1475825,1475925,11.046000,11.372000
73,9148,9148,63bc940,1572051,1572377,1582501,1582601,10.124000,10.450000
73,8563,8563,6173942,1653051,1653385,1659950,1660050,6.565000,6.899000
73,10795,10795,6a2b941,1707051,1707377,1712165,1712265,4.788000,5.114000
73,9773,9773,662d940,1725051,1725377,1735736,1735836,10.359000,10.685000
73,10411,10411,68ab942,2096410,2096736,2108731,2108831,11.995000,12.321000
73,10148,10148,67a4942,2223051,2223385,2229897,2229997,6.512000,6.846000
74,336,336,4150941,30051,30385,42179,42279,11.794000,12.128000
74,444,444,41bc943,63051,63377,76980,77080,13.603000,13.929000
74,271,271,410f941,116051,116377,123659,123759,7.282000,7.608000
74,2270,2270,48de943,182051,182385,189735,189835,7.350000,7.684000
74,1825,1825,4721940,185051,185385,193897,193997,8.512000,8.846000
74,1662,1662,467e942,184051,184385,198034,198134,13.649000,13.983000
74,284,284,411c941,230051,230385,236923,237023,6.538000,6.872000
74,2898,2898,4b52940,281051,281377,294187,294287,12.810000,13.136000
74,1491,1491,45d3942,312051,312377,319850,319950,7.473000,7.799000
74,1905,1905,4771941,323051,323377,331606,331706,8.229000,8.555000
74,2164,2164,4874943,410051,410377,427436,427536,17.059000,17.385000
74,2085,2085,4825940,595051,595377,601926,602026,6.549000,6.875000
74,3208,3208,4c88941,605051,605385,613702,613802,8.317000,8.651000
74,4533,4533,51b5943,623712,624046,635591,635691,11.545000,11.879000
74,4040,4040,4fc8941,658051,658385,664858,664958,6.473000,6.807000
74,5707,5707,564b941,736051,736377,746204,746304,9.827000,10.153000
74,5112,5112,53f8943,749051,749377,759406,759506,10.029000,10.355000
74,5679,5679,562f942,767051,767377,774846,774946,7.469000,7.795000
74,2905,2905,4b59940,849051,849377,858163,858263,8.786000,9.112000
74,5538,5538,55a2940,876051,876385,888842,888942,12.457000,12.791000
74,4687,4687,524f942,906463,906797,921569,921669,14.772000,15.106000
74,7129,7129,5bd9941,973051,973385,981697,981797,8.312000,8.646000
74,5844,5844,56d4943,1075051,1075385,1086380,1086480,10.995000,11.329000
74,5031,5031,53a7941,1138051,1138377,1145825,1145925,7.448000,7.774000
74,7173,7173,5c05943,1202051,1202385,1213332,1213432,10.947000,11.281000
74,8146,8146,5fd2943,1200051,1200385,1218814,1218914,18.429000,18.763000
74,8882,8882,62b2942,1299051,1299377,1311082,1311182,11.705000,12.031000
74,10199,10199,67d7943,1351051,1351385,1361506,1361606,10.121000,10.455000
74,8314,8314,607a940,1370051,1370377,1379585,1379685,9.208000,9.534000
74,8463,8463,610f943,1428051,1428385,1436626,1436726,8.241000,8.575000
74,6426,6426,591a940,1507051,1507377,1513004,1513104,5.627000,5.953000
74,6708,6708,5a34942,1559051,1559385,1573981,1574081,14.596000,14.930000
74,9122,9122,63a2941,1618051,1618377,1625779,1625879,7.402000,7.728000
74,8643,8643,61c3940,1632051,1632385,1638903,1639003,6.518000,6.852000
74,9850,9850,667a940,1645051,1645385,1651943,1652043,6.558000,6.892000
74,10779,10779,6a1b941,1654051,1654377,1659093,1659193,4.716000,5.042000
74,7838,7838,5e9e940,1675789,1676115,1684498,1684598,8.383000,8.709000
74,8124,8124,5fbc941,1721425,1721759,1735444,1735544,13.685000,14.019000
74,10035,10035,6733940,1754051,1754377,1760901,1761001,6.524000,6.850000
74,9209,9209,63f9943,1769051,1769377,1794623,1794723,25.246000,25.572000
74,10430,10430,68be941,1857051,1857385,1866516,1866616,9.131000,9.465000
74,10255,10255,680f941,1986051,1986385,1996453,1996553,10.068000,10.402000
74,9149,9149,63bd940,2317051,2317385,2324743,2324843,7.358000,7.692000
74,10592,10592,6960941,2402051,2402385,2409779,2409879,7.394000,7.728000
75,67,67,4043940,39051,39385,45897,45997,6.512000,6.846000
75,110,110,406e940,113051,113377,133831,133931,20.454000,20.780000
75,3831,3831,4ef7940,268051,268377,280090,280190,11.713000,12.039000
75,1754,1754,46da940,302453,302779,309749,309849,6.970000,7.296000
75,1356,1356,454c941,315051,315385,323673,323773,8.288000,8.622000
75,2508,2508,49cc941,339051,339377,348539,348639,9.162000,9.488000
75,3334,3334,4d06940,353051,353377,360774,360874,7.397000,7.723000
75,2783,2783,4adf941,373051,373385,380743,380843,7.358000,7.692000
75,3818,3818,4eea940,464431,464757,479495,479595,14.738000,15.064000
75,4088,4088,4ff8942,482051,482385,498492,498592,16.107000,16.441000
75,1448,1448,45a8942,499051,499377,506503,506603,7.126000,7.452000
75,1383,1383,4567941,510051,510377,523915,524015,13.538000,13.864000
75,5740,5740,566c942,629051,629377,641131,641231,11.754000,12.080000
75,5048,5048,53b8941,690439,690773,701687,701787,10.914000,11.248000
75,4377,4377,5119940,783051,783385,795996,796096,12.611000,12.945000
75,9018,9018,633a943,823051,823377,828140,828240,4.763000,5.089000
75,6902,6902,5af6943,838409,838743,855667,855767,16.924000,17.258000
75,6057,6057,57a9940,881439,881765,893351,893451,11.586000,11.912000
75,7354,7354,5cba941,1009051,1009377,1020224,1020324,10.847000,11.173000
75,6119,6119,57e7943,1053416,1053750,1060222,1060322,6.472000,6.806000
75,8477,8477,611d940,1077051,1077385,1086510,1086610,9.125000,9.459000
75,10738,10738,69f2943,1078051,1078377,1090725,1090825,12.348000,12.674000
75,7948,7948,5f0c943,1118416,1118742,1130250,1130350,11.508000,11.834000
75,6537,6537,5989942,1120418,1120752,1137562,1137662,16.810000,17.144000
75,7516,7516,5d5c940,1154051,1154377,1165099,1165199,10.722000,11.048000
75,4745,4745,5289940,1167051,1167377,1186355,1186455,18.978000,19.304000
75,7215,7215,5c2f942,1175051,1175385,1198461,1198561,23.076000,23.410000
75,7491,7491,5d43942,1211051,1211377,1217885,1217985,6.508000,6.834000
75,5143,5143,5417940,1233051,1233377,1245178,1245278,11.801000,12.127000
75,10218,10218,67ea942,1328852,1329186,1338345,1338445,9.159000,9.493000
75,10224,10224,67f0943,1357051,1357377,1366574,1366674,9.197000,9.523000
75,8039,8039,5f67943,1381051,1381377,1393333,1393433,11.956000,12.282000
75,8421,8421,60e5941,1435051,1435377,1446689,1446789,11.312000,11.638000
75,8260,8260,6044943,1448051,1448385,1458408,1458508,10.023000,10.357000
75,6777,6777,5a79941,1503051,1503385,1509919,1510019,6.534000,6.868000
75,10501,10501,6905940,1529051,1529385,1535837,1535937,6.452000,6.786000
75,8895,8895,62bf941,1609051,1609385,1640318,1640418,30.933000,31.267000
75,8449,8449,6101941,1665416,1665742,1673178,1673278,7.436000,7.762000
75,10557,10557,693d941,1671051,1671385,1679626,1679726,8.241000,8.575000
75,10865,10865,6a71940,1762051,1762385,1770679,1770779,8.294000,8.628000
75,9821,9821,665d940,1800051,1800377,1807770,1807870,7.393000,7.719000
75,10863,10863,6a6f941,1864051,1864385,1872550,1872650,8.165000,8.499000
75,9790,9790,663e942,2080051,2080377,2086890,2086990,6.513000,6.839000
75,10747,10747,69fb940,2112051,2112377,2119371,2119471,6.994000,7.320000
75,9530,9530,653a942,2252051,2252385,2258906,2259006,6.521000,6.855000
76,823,823,4337941,72439,72765,80250,80350,7.485000,7.811000
76,984,984,43d8943,81051,81385,87909,88009,6.524000,6.858000
76,836,836,4344941,93051,93377,98998,99098,5.621000,5.947000
76,2899,2899,4b53943,263051,263385,272569,272669,9.184000,9.518000
76,4348,4348,50fc940,278051,278377,285741,285841,7.364000,7.690000
76,3660,3660,4e4c942,283051,283385,289948,290048,6.563000,6.897000
76,3178,3178,4c6a940,286051,286377,294157,294257,7.780000,8.106000
76,2694,2694,4a86940,306051,306385,311131,311231,4.746000,5.080000
76,2691,2691,4a83941,367051,367377,373898,373998,6.521000,6.847000
76,3438,3438,4d6e941,431051,431385,438796,438896,7.411000,7.745000
76,3190,3190,4c76940,477051,477385,491510,491610,14.125000,14.459000
76,1805,1805,470d940,497051,497385,503888,503988,6.503000,6.837000
76,2180,2180,4884942,502051,502385,511019,511119,8.634000,8.968000
76,2560,2560,4a00943,512050,512377,519789,519889,7.412000,7.739000
76,3584,3584,4e00943,515050,515385,525227,525327,9.842000,10.177000
76,2448,2448,4990940,560051,560377,598355,598455,37.978000,38.304000
76,4430,4430,514e941,578051,578385,603782,603882,25.397000,25.731000
76,4523,4523,51ab941,603051,603385,609907,610007,6.522000,6.856000
76,4282,4282,50ba941,694051,694385,704341,704441,9.956000,10.290000
76,4585,4585,51e9942,717051,717377,735434,735534,18.057000,18.383000
76,7610,7610,5dba941,848051,848377,859449,859549,11.072000,11.398000
76,3805,3805,4edd941,925119,925445,934641,934741,9.196000,9.522000
76,4789,4789,52b5942,954051,954377,967496,967596,13.119000,13.445000
76,4904,4904,5328940,989051,989385,1002237,1002337,12.852000,13.186000
76,7590,7590,5da6940,1011051,1011377,1018728,1018828,7.351000,7.677000
76,8432,8432,60f0941,1016051,1016377,1023849,1023949,7.472000,7.798000
76,5417,5417,5529941,1022792,1023118,1029591,1029692,6.473000,6.799000
76,6548,6548,5994941,1069051,1069377,1081997,1082097,12.620000,12.946000
76,10818,10818,6a42943,1143051,1143385,1149437,1149537,6.052000,6.386000
76,5360,5360,54f0941,1191051,1191377,1196096,1196196,4.719000,5.045000
76,5231,5231,546f941,1227051,1227385,1243118,1243218,15.733000,16.067000
76,8358,8358,60a6943,1259051,1259385,1282460,1282560,23.075000,23.409000
76,10246,10246,6806942,1299051,1299385,1307564,1307664,8.179000,8.513000
76,8869,8869,62a5941,1408431,1408757,1416192,1416292,7.435000,7.761000
76,8656,8656,61d0941,1416395,1416721,1424186,1424286,7.465000,7.791000
76,7303,7303,5c87941,1468051,1468377,1480660,1480760,12.283000,12.609000
76,8816,8816,6270943,1494051,1494377,1500853,1500953,6.476000,6.802000
76,10186,10186,67ca943,1525051,1525377,1532782,1532882,7.405000,7.731000
76,6269,6269,587d943,1527051,1527385,1539388,1539488,12.003000,12.337000
76,10142,10142,679e942,1704453,1704779,1712197,1712297,7.418000,7.744000
76,7430,7430,5d06941,1721051,1721385,1727090,1727190,5.705000,6.039000
76,8472,8472,6118941,1826051,1826377,1835610,1835710,9.233000,9.559000
76,9477,9477,6505940,1838051,1838377,1865939,1866039,27.562000,27.888000
76,8961,8961,6301941,1914051,1914377,1920031,1920131,5.654000,5.980000
76,10167,10167,67b7941,2047051,2047385,2060825,2060926,13.440000,13.774000
76,9808,9808,6650942,2358051,2358385,2364063,2364163,5.678000,6.012000
76,10953,10953,6ac9942,2706051,2706385,2712027,2712127,5.642000,5.976000
77,216,216,40d8941,61051,61377,75525,75625,14.148000,14.474000
77,317,317,413d941,87051,87377,97450,97550,10.073000,10.399000
77,663,663,4297940,114051,114377,126378,126478,12.001000,12.327000
77,1379,1379,4563942,121051,121385,130550,130650,9.165000,9.499000
77,687,687,42af941,128453,128778,134744,134844,5.966000,6.291000
77,148,148,4094943,117051,117385,141734,141834,24.349000,24.683000
77,1524,1524,45f4941,191051,191377,200485,200585,9.108000,9.434000
77,906,906,438a941,219051,219377,227612,227712,8.235000,8.561000
77,2140,2140,485c940,262051,262377,267983,268083,5.606000,5.932000
77,2135,2135,4857941,276051,276377,284566,284666,8.189000,8.515000
77,2241,2241,48c1942,342418,342752,363241,363341,20.489000,20.823000
77,1278,1278,44fe942,373051,373385,381709,381809,8.324000,8.658000
77,2010,2010,47da942,378051,378385,385963,386063,7.578000,7.912000
77,2747,2747,4abb943,407051,407377,413852,413952,6.475000,6.801000
77,2333,2333,491d940,462051,462385,483725,483825,21.340000,21.674000
77,3778,3778,4ec2943,522050,522377,537055,537155,14.678000,15.005000
77,5155,5155,5423943,542051,542385,558386,558486,16.001000,16.335000
77,5480,5480,5568942,564051,564385,570000,570100,5.615000,5.949000
77,2268,2268,48dc942,685051,685377,692919,693019,7.542000,7.868000
77,3829,3829,4ef5940,696051,696377,712118,712218,15.741000,16.067000
77,3327,3327,4cff942,708051,708385,716683,716783,8.298000,8.632000
77,4106,4106,500a941,745051,745385,756276,756376,10.891000,11.225000
77,4387,4387,5123941,786439,786773,795945,796045,9.172000,9.506000
77,4209,4209,5071943,794051,794385,801364,801464,6.979000,7.313000
77,3020,3020,4bcc941,885051,885377,892782,892882,7.405000,7.731000
77,5654,5654,5616943,895051,895377,903693,903793,8.316000,8.642000
77,4612,4612,5204941,932051,932385,952097,952197,19.712000,20.046000
77,9127,9127,63a7942,984051,984385,989952,990052,5.567000,5.901000
77,4643,4643,5223941,983051,983377,1001689,1001789,18.312000,18.638000
77,10165,10165,67b5943,997409,997743,1005874,1005974,8.131000,8.465000
77,10632,10632,6988943,1038051,1038385,1049278,1049378,10.893000,11.227000
77,5604,5604,55e4941,1043051,1043385,1053478,1053578,10.093000,10.427000
77,9024,9024,6340940,1034051,1034385,1057656,1057756,23.271000,23.605000
77,5245,5245,547d942,1164051,1164377,1172637,1172737,8.260000,8.586000
77,6762,6762,5a6a940,1241051,1241385,1248824,1248924,7.439000,7.773000
77,6559,6559,599f943,1304051,1304377,1311734,1311834,7.357000,7.683000
77,6608,6608,59d0940,1331051,1331377,1336984,1337084,5.607000,5.933000
77,9337,9337,6479943,1441402,1441736,1449203,1449303,7.467000,7.801000
77,10627,10627,6983942,1452051,1452385,1460194,1460294,7.809000,8.143000
77,9739,9739,660b943,1499051,1499377,1506822,1506922,7.445000,7.771000
77,8824,8824,6278943,1530051,1530377,1540145,1540245,9.768000,10.094000
77,8360,8360,60a8942,1549051,1549385,1561143,1561243,11.758000,12.092000
77,7888,7888,5ed0942,1539051,1539385,1566700,1566800,27.315000,27.649000
77,10819,10819,6a43941,1963431,1963757,1970203,1970303,6.446000,6.772000
77,10193,10193,67d1941,2048051,2048377,2053180,2053281,4.803000,5.129000
77,10934,10934,6ab6940,2583051,2583377,2593363,2593463,9.986000,10.312000
78,749,749,42ed941,62051,62377,76764,76864,14.387000,14.713000
78,2008,2008,47d8941,103051,103377,112059,112159,8.682000,9.008000
78,742,742,42e6942,211051,211377,221132,221232,9.755000,10.081000
78,1803,1803,470b940,239107,239433,246747,246847,7.314000,7.640000
78,1841,1841,4731943,361051,361385,366131,366231,4.746000,5.080000
78,2856,2856,4b28942,376051,376377,387877,387977,11.500000,11.826000
78,5106,5106,53f2941,458051,458385,464007,464107,5.622000,5.956000
78,3108,3108,4c24940,546051,546385,559029,559129,12.644000,12.978000
78,2706,2706,4a92940,622051,622377,632446,632546,10.069000,10.395000
78,4603,4603,51fb943,653051,653377,662971,663071,9.594000,9.920000
78,2138,2138,485a941,640051,640385,668387,668487,28.002000,28.336000
78,2958,2958,4b8e941,707051,707385,712980,713080,5.595000,5.929000
78,5509,5509,5585943,771051,771377,779679,779779,8.302000,8.628000
78,5565,5565,55bd943,780051,780385,786883,786983,6.498000,6.832000
78,3200,3200,4c80942,800489,800815,807347,807447,6.532000,6.858000
78,6816,6816,5aa0943,807431,807757,817766,817866,10.009000,10.335000
78,5535,5535,559f943,812051,812385,821975,822075,9.590000,9.924000
78,6226,6226,5852943,1005051,1005385,1017459,1017559,12.074000,12.408000
78,3755,3755,4eab942,1054051,1054385,1065386,1065486,11.001000,11.335000
78,4880,4880,5310943,1060051,1060377,1069554,1069654,9.177000,9.503000
78,5807,5807,56af940,1133418,1133752,1140219,1140319,6.467000,6.801000
78,6919,6919,5b07942,1164051,1164377,1170867,1170967,6.490000,6.816000
78,8398,8398,60ce943,1291051,1291377,1298750,1298850,7.373000,7.699000
78,5826,5826,56c2940,1297051,1297377,1305606,1305706,8.229000,8.555000
78,9257,9257,6429943,1436051,1436377,1444632,1444732,8.255000,8.581000
78,8775,8775,6247940,1539051,1539377,1551608,1551708,12.231000,12.557000
78,5959,5959,5747940,1593051,1593385,1615726,1615826,22.341000,22.675000
78,9009,9009,6331942,1667051,1667385,1674811,1674911,7.426000,7.760000
78,10726,10726,69e6943,1691051,1691377,1697035,1697135,5.658000,5.984000
78,10946,10946,6ac2941,1805051,1805385,1814468,1814568,9.083000,9.417000
78,10852,10852,6a64941,2113051,2113377,2123347,2123447,9.970000,10.296000
79,125,125,407d943,35051,35385,41027,41127,5.642000,5.976000
79,131,131,4083941,64051,64385,72585,72685,8.200000,8.534000
79,424,424,41a8942,72051,72377,103383,103483,31.006000,31.332000
79,636,636,427c940,157051,157385,163858,163958,6.473000,6.807000
79,126,126,407e941,174051,174385,197580,197680,23.195000,23.529000
79,1535,1535,45ff943,217051,217377,223933,224033,6.556000,6.882000
79,1621,1621,4655943,326051,326377,334707,334807,8.330000,8.656000
79,1314,1314,4522940,357051,357385,373830,373930,16.445000,16.779000
79,4953,4953,5359943,481820,482154,498201,498301,16.047000,16.381000
79,6692,6692,5a24940,527051,527377,537326,537426,9.949000,10.275000
79,3149,3149,4c4d943,554051,554377,563816,563916,9.439000,9.765000
79,4251,4251,509b940,592051,592377,599741,599841,7.364000,7.690000
79,4160,4160,5040940,640051,640385,653482,653582,13.097000,13.431000
79,6577,6577,59b1940,755051,755377,778989,779089,23.612000,23.938000
79,4408,4408,5138940,782051,782377,789909,790009,7.532000,7.858000
79,3850,3850,4f0a940,819416,819750,832604,832704,12.854000,13.188000
79,9312,9312,6460943,833909,834235,842483,842583,8.248000,8.574000
79,8680,8680,61e8943,844051,844385,851747,851847,7.362000,7.696000
79,7484,7484,5d3c943,912051,912385,920546,920646,8.161000,8.495000
79,3462,3462,4d86941,914244,914570,926822,926922,12.252000,12.578000
79,5743,5743,566f943,936051,936385,942815,942915,6.430000,6.764000
79,6952,6952,5b28941,943051,943377,950670,950770,7.293000,7.619000
79,5425,5425,5531941,954051,954385,965219,965319,10.834000,11.168000
79,6019,6019,5783941,1046051,1046385,1057166,1057266,10.781000,11.115000
79,4831,4831,52df942,1045051,1045385,1066736,1066836,21.351000,21.685000
79,8884,8884,62b4941,1131051,1131385,1151265,1151365,19.880000,20.214000
79,3984,3984,4f90940,1199051,1199385,1205850,1205950,6.465000,6.799000
79,6099,6099,57d3942,1217051,1217377,1226502,1226602,9.125000,9.451000
79,5519,5519,558f942,1232051,1232377,1255963,1256063,23.586000,23.912000
79,6885,6885,5ae5940,1361051,1361385,1373261,1373361,11.876000,12.210000
79,9029,9029,6345940,1374051,1374385,1392764,1392864,18.379000,18.713000
79,8603,8603,619b941,1388051,1388377,1398233,1398333,9.856000,10.182000
79,9642,9642,65aa941,1466051,1466377,1478072,1478172,11.695000,12.021000
79,6892,6892,5aec940,1467051,1467377,1482240,1482340,14.863000,15.189000
79,6503,6503,5967940,1540051,1540385,1547785,1547885,7.400000,7.734000
79,8601,8601,6199942,1598051,1598377,1604787,1604887,6.410000,6.736000
79,10289,10289,6831941,1609424,1609750,1618993,1619093,9.243000,9.569000
79,7089,7089,5bb1942,1719395,1719721,1724542,1724642,4.821000,5.147000
79,10575,10575,694f941,1728051,1728377,1740059,1740159,11.682000,12.008000
79,10754,10754,6a02941,1792051,1792377,1804222,1804322,11.845000,12.171000
79,10781,10781,6a1d943,1810051,1810377,1820353,1820453,9.976000,10.302000
79,9778,9778,6632942,2031051,2031385,2041410,2041510,10.025000,10.359000
79,10189,10189,67cd940,2059051,2059377,2071981,2072081,12.604000,12.930000
79,10840,10840,6a58941,2069051,2069385,2081150,2081249,11.765000,12.099000
80,228,228,40e4943,29051,29385,37720,37820,8.335000,8.669000
80,344,344,4158940,57051,57385,69636,69736,12.251000,12.585000
80,865,865,4361943,52051,52377,80569,80669,28.192000,28.518000
80,1031,1031,4407940,96418,96752,110596,110696,13.844000,14.178000
80,585,585,4249940,92051,92377,116015,116115,23.638000,23.964000
80,458,458,41ca940,112051,112385,126922,127022,14.537000,14.871000
80,198,198,40c6942,113051,113377,132341,132441,18.964000,19.290000
80,1732,1732,46c4940,227051,227377,237512,237612,10.135000,10.461000
80,3206,3206,4c86943,229051,229385,246549,246649,17.164000,17.498000
80,1432,1432,4598943,358051,358385,369337,369437,10.952000,11.286000
80,3382,3382,4d36942,375051,375385,384581,384681,9.196000,9.530000
80,2462,2462,499e940,383051,383377,388723,388823,5.346000,5.672000
80,1762,1762,46e2941,390051,390385,395982,396082,5.597000,5.931000
80,3515,3515,4dbb942,395051,395377,407284,407384,11.907000,12.233000
80,4396,4396,512c942,394051,394377,412692,412792,18.315000,18.641000
80,3238,3238,4ca6942,432051,432385,442643,442743,10.258000,10.592000
80,3160,3160,4c58943,462051,462385,483777,483877,21.392000,21.726000
80,5040,5040,53b0940,543051,543377,548940,549040,5.563000,5.889000
80,3560,3560,4de8941,584051,584377,590040,590140,5.663000,5.989000
80,3572,3572,4df4941,619051,619385,624971,625071,5.586000,5.920000
80,7309,7309,5c8d942,699883,700217,711234,711334,11.017000,11.351000
80,1797,1797,4705943,737051,737377,745634,745734,8.257000,8.583000
80,3092,3092,4c14940,754051,754385,766821,766921,12.436000,12.770000
80,6509,6509,596d941,770438,770764,779927,780027,9.163000,9.489000
80,8639,8639,61bf942,776051,776377,790937,791037,14.560000,14.886000
80,3952,3952,4f70942,802051,802377,816420,816520,14.043000,14.369000
80,5512,5512,5588940,821818,822144,831333,831433,9.189000,9.515000
80,3981,3981,4f8d943,833051,833377,845262,845362,11.885000,12.211000
80,3225,3225,4c99943,852051,852377,860668,860768,8.291000,8.617000
80,8590,8590,618e942,869208,869542,889928,890028,20.386000,20.720000
80,6723,6723,5a43943,871051,871385,894085,894185,22.700000,23.034000
80,3010,3010,4bc2943,903051,903385,915710,915810,12.325000,12.659000
80,8856,8856,6298942,913154,913480,926524,926624,13.044000,13.370000
80,6964,6964,5b34941,911051,911385,930729,930829,19.344000,19.678000
80,6391,6391,58f7942,920051,920385,934872,934972,14.487000,14.821000
80,6040,6040,5798941,942051,942377,954055,954155,11.678000,12.004000
80,6698,6698,5a2a942,952051,952385,963284,963384,10.899000,11.233000
80,7681,7681,5e01942,1095051,1095385,1105469,1105569,10.084000,10.418000
80,8275,8275,6053940,1134051,1134377,1143578,1143678,9.201000,9.527000
80,6557,6557,599d942,1131051,1131377,1152518,1152618,21.141000,21.467000
80,7189,7189,5c15943,1222051,1222385,1228952,1229052,6.567000,6.901000
80,8622,8622,61ae940,1333051,1333377,1341672,1341772,8.295000,8.621000
80,8732,8732,621c941,1384051,1384385,1400532,1400632,16.147000,16.481000
80,5772,5772,568c942,1384051,1384377,1409411,1409511,25.034000,25.360000
80,6905,6905,5af9941,1416051,1416377,1437769,1437869,21.392000,21.718000
80,4158,4158,503e940,1455439,1455765,1466728,1466828,10.963000,11.289000
80,7619,7619,5dc3941,1502051,1502377,1510699,1510799,8.322000,8.648000
80,9822,9822,665e940,1622051,1622385,1630621,1630721,8.236000,8.570000
80,9986,9986,6702942,1647051,1647385,1654730,1654830,7.345000,7.679000
80,10483,10483,68f3940,1714051,1714385,1722632,1722732,8.247000,8.581000
80,9092,9092,6384942,1748051,1748377,1754048,1754148,5.671000,5.997000
80,9997,9997,670d943,1761763,1762089,1793784,1793884,31.695000,32.021000
80,9425,9425,64d1942,1807051,1807377,1814765,1814865,7.388000,7.714000
80,10652,10652,699c942,1878051,1878385,1888664,1888764,10.279000,10.613000
80,7103,7103,5bbf943,1927051,1927377,1938303,1938403,10.926000,11.252000
80,10902,10902,6a96942,1945402,1945736,1967218,1967318,21.482000,21.816000
80,10787,10787,6a23943,2335051,2335385,2343667,2343767,8.282000,8.616000
81,101,101,4065941,109051,109385,114145,114245,4.760000,5.094000
81,1141,1141,4475941,153051,153377,160794,160894,7.417000,7.743000
81,415,415,419f942,165051,165385,178210,178310,12.825000,13.159000
81,1672,1672,4688941,200425,200759,207281,207381,6.522000,6.856000
81,1217,1217,44c1941,286051,286385,293802,293902,7.417000,7.751000
81,1316,1316,4524941,320051,320385,336093,336193,15.708000,16.042000
81,3423,3423,4d5f940,328051,328377,341536,341636,13.159000,13.485000
81,3299,3299,4ce3940,363051,363377,373543,373643,10.166000,10.492000
81,1781,1781,46f5940,398051,398377,404019,404119,5.642000,5.968000
81,2640,2640,4a50941,454051,454385,469786,469886,15.401000,15.735000
81,2133,2133,4855940,496051,496377,503759,503859,7.382000,7.708000
81,2002,2002,47d2943,581051,581377,592294,592394,10.917000,11.243000
81,4611,4611,5203940,587051,587377,596493,596593,9.116000,9.442000
81,3234,3234,4ca2940,577051,577385,600635,600735,23.250000,23.584000
81,6219,6219,584b942,615051,615377,623642,623742,8.265000,8.591000
81,6085,6085,57c5942,621051,621385,634923,635023,13.538000,13.872000
81,2445,2445,498d942,637051,637385,642165,642265,4.780000,5.114000
81,3145,3145,4c49940,656051,656377,668182,668282,11.805000,12.131000
81,2249,2249,48c9940,737051,737377,747491,747591,10.114000,10.440000
81,4395,4395,512b940,762051,762385,772926,773026,10.541000,10.875000
81,3290,3290,4cda943,782051,782385,788910,789010,6.525000,6.859000
81,5969,5969,5751943,799051,799385,804972,805072,5.587000,5.921000
81,2498,2498,49c2943,812051,812377,826512,826612,14.135000,14.461000
81,2715,2715,4a9b943,868051,868385,881503,881603,13.118000,13.452000
81,3294,3294,4cde943,886051,886377,892916,893016,6.539000,6.865000
81,5703,5703,5647943,887051,887377,897058,897158,9.681000,10.007000
81,9630,9630,659e943,984051,984377,1004439,1004539,20.062000,20.388000
81,5687,5687,5637941,1032051,1032377,1039761,1039860,7.384000,7.710000
81,7425,7425,5d01940,1045865,1046199,1059948,1060048,13.749000,14.083000
81,6406,6406,5906943,1058051,1058385,1068429,1068529,10.044000,10.378000
81,9678,9678,65ce943,1276395,1276729,1288438,1288538,11.709000,12.043000
81,7228,7228,5c3c942,1446051,1446385,1451996,1452096,5.611000,5.945000
81,9130,9130,63aa941,1482460,1482794,1492864,1492964,10.070000,10.404000
81,7957,7957,5f15941,1503051,1503385,1508980,1509080,5.595000,5.929000
81,5456,5456,5550943,1518051,1518385,1528451,1528551,10.066000,10.400000
81,9995,9995,670b940,1592051,1592385,1602815,1602915,10.430000,10.764000
81,8729,8729,6219943,1753463,1753797,1768263,1768363,14.466000,14.800000
81,10906,10906,6a9a943,2560051,2560385,2570413,2570513,10.028000,10.362000
81,10030,10030,672e940,2621051,2621377,2631459,2631559,10.082000,10.408000
82,662,662,4296942,28431,28757,37115,37215,8.358000,8.684000
82,373,373,4175940,59051,59385,79680,79780,20.295000,20.629000
82,86,86,4056942,66051,66385,83874,83974,17.489000,17.823000
82,135,135,4087943,102051,102385,113947,114047,11.562000,11.896000
82,919,919,4397941,134051,134385,148089,148189,13.704000,14.038000
82,350,350,415e941,157051,157385,169992,170092,12.607000,12.941000
82,1812,1812,4714941,195051,195385,215444,215544,20.059000,20.393000
82,1504,1504,45e0943,198051,198377,220914,221014,22.537000,22.863000
82,1142,1142,4476941,269051,269385,274976,275076,5.591000,5.925000
82,2236,2236,48bc940,322051,322385,332459,332559,10.074000,10.408000
82,2398,2398,495e940,377485,377819,389399,389499,11.580000,11.914000
82,4279,4279,50b7942,386051,386377,393763,393863,7.386000,7.712000
82,1436,1436,459c943,472051,472385,479814,479914,7.429000,7.763000
82,4661,4661,5235942,518050,518377,526680,526780,8.303000,8.630000
82,5569,5569,55c1942,563051,563385,571687,571787,8.302000,8.636000
82,1486,1486,45ce943,582051,582377,594223,594323,11.846000,12.172000
82,3780,3780,4ec4940,681051,681377,699239,699339,17.862000,18.188000
82,3292,3292,4cdc942,745051,745385,750997,751097,5.612000,5.946000
82,3596,3596,4e0c940,793051,793385,799863,799963,6.478000,6.812000
82,4890,4890,531a941,858051,858385,875875,875975,17.490000,17.824000
82,6274,6274,5882940,890051,890385,903028,903128,12.643000,12.977000
82,7842,7842,5ea2941,940453,940779,953133,953233,12.354000,12.680000
82,7734,7734,5e36942,988051,988385,996648,996748,8.263000,8.597000
82,4074,4074,4fea943,995051,995377,1011675,1011775,16.298000,16.624000
82,7614,7614,5dbe941,1011051,1011385,1017824,1017924,6.439000,6.773000
82,4159,4159,503f943,1060205,1060539,1073931,1074031,13.392000,13.726000
82,6965,6965,5b35941,1094623,1094949,1102448,1102548,7.499000,7.825000
82,8224,8224,6020942,1132051,1132377,1144128,1144228,11.751000,12.077000
82,7658,7658,5dea940,1155051,1155385,1163649,1163749,8.264000,8.598000
82,3552,3552,4de0941,1247051,1247377,1252098,1252198,4.721000,5.047000
82,6764,6764,5a6c943,1383051,1383385,1389066,1389166,5.681000,6.015000
82,10645,10645,6995940,1478051,1478377,1484860,1484960,6.483000,6.809000
82,6872,6872,5ad8943,1555051,1555385,1561920,1562020,6.535000,6.869000
82,10188,10188,67cc940,1601051,1601377,1615033,1615133,13.656000,13.982000
82,7739,7739,5e3b942,1684051,1684385,1691197,1691297,6.812000,7.146000
82,8087,8087,5f97942,1740051,1740377,1745137,1745237,4.760000,5.086000
82,10031,10031,672f941,1874051,1874385,1886969,1887069,12.584000,12.918000
82,10750,10750,69fe942,1885051,1885377,1891946,1892046,6.569000,6.895000
83,429,429,41ad942,53416,53750,63628,63728,9.878000,10.212000
83,2211,2211,48a3941,97051,97377,103813,103913,6.436000,6.762000
83,2353,2353,4931940,234446,234780,242172,242272,7.392000,7.726000
83,941,941,43ad943,253051,253377,266839,266939,13.462000,13.788000
83,895,895,437f942,261773,262107,272345,272445,10.238000,10.572000
83,1237,1237,44d5940,280051,280385,290911,291011,10.526000,10.860000
83,1594,1594,463a941,482051,482377,489778,489878,7.401000,7.727000
83,4549,4549,51c5942,498051,498377,504913,505013,6.536000,6.862000
83,2108,2108,483c943,512050,512385,519792,519891,7.407000,7.742000
83,3424,3424,4d60943,524451,524785,544195,544295,19.410000,19.744000
83,2434,2434,4982940,564051,564377,585117,585217,20.740000,21.066000
83,1458,1458,45b2941,604051,604385,609986,610086,5.601000,5.935000
83,2716,2716,4a9c943,643051,643377,650793,650893,7.416000,7.742000
83,2681,2681,4a79943,657051,657377,665742,665842,8.365000,8.691000
83,5516,5516,558c942,659051,659385,676772,676872,17.387000,17.721000
83,7130,7130,5bda940,733051,733385,740823,740923,7.438000,7.772000
83,5888,5888,5700941,740452,740786,750077,750177,9.291000,9.625000
83,2321,2321,4911941,757051,757377,762949,763049,5.572000,5.898000
83,5630,5630,55fe940,758051,758377,771206,771306,12.829000,13.155000
83,5694,5694,563e940,803051,803385,812564,812664,9.179000,9.513000
83,4483,4483,5183941,835051,835377,843685,843785,8.308000,8.634000
83,5825,5825,56c1943,851453,851779,865267,865367,13.488000,13.814000
83,2929,2929,4b71941,903051,903385,908997,909097,5.612000,5.946000
83,4951,4951,5357943,902051,902385,925605,925705,23.220000,23.554000
83,9186,9186,63e2941,1048051,1048385,1058514,1058614,10.129000,10.463000
83,8195,8195,6003942,1115051,1115385,1123731,1123831,8.346000,8.680000
83,5627,5627,55fb941,1125051,1125385,1132798,1132898,7.413000,7.747000
83,3199,3199,4c7f941,1135051,1135377,1145547,1145647,10.170000,10.496000
83,4450,4450,5162943,1165051,1165377,1171966,1172066,6.589000,6.915000
83,8281,8281,6059941,1216051,1216377,1222854,1222954,6.477000,6.803000
83,5817,5817,56b9943,1300051,1300377,1311255,1311355,10.878000,11.204000
83,5537,5537,55a1942,1324416,1324750,1331367,1331467,6.617000,6.951000
83,9233,9233,6411943,1343051,1343385,1350822,1350922,7.437000,7.771000
83,7998,7998,5f3e943,1409051,1409385,1422470,1422570,13.085000,13.419000
83,8461,8461,610d942,1570435,1570761,1575506,1575606,4.745000,5.071000
83,10302,10302,683e941,1614051,1614377,1623060,1623160,8.683000,9.009000
83,7558,7558,5d86942,1619051,1619385,1628499,1628599,9.114000,9.448000
83,8913,8913,62d1941,1632051,1632377,1644886,1644986,12.509000,12.835000
83,10104,10104,6778942,1649051,1649385,1662862,1662962,13.477000,13.811000
83,10838,10838,6a56942,1732051,1732385,1739829,1739929,7.444000,7.778000
83,10585,10585,6959941,1958051,1958385,1974724,1974824,16.339000,16.673000
83,10460,10460,68dc943,2124051,2124377,2133572,2133672,9.195000,9.521000
83,10649,10649,6999941,2146051,2146385,2155566,2155666,9.181000,9.515000
83,10049,10049,6741943,2204051,2204385,2210021,2210121,5.636000,5.970000
84,1882,1882,475a940,150051,150385,160423,160523,10.038000,10.372000
84,1606,1606,4646942,218051,218385,224836,224936,6.451000,6.785000
84,2618,2618,4a3a940,297051,297377,303905,304005,6.528000,6.854000
84,3249,3249,4cb1940,314051,314385,324456,324556,10.071000,10.405000
84,1965,1965,47ad943,334051,334377,344371,344471,9.994000,10.320000
84,1321,1321,4529940,347051,347385,352079,352179,4.694000,5.028000
84,2519,2519,49d7940,366051,366377,375528,375628,9.151000,9.477000
84,1444,1444,45a4942,380051,380385,385959,386059,5.574000,5.908000
84,3403,3403,4d4b943,392051,392377,401188,401288,8.811000,9.137000
84,2528,2528,49e0940,450051,450385,458612,458712,8.227000,8.561000
84,3949,3949,4f6d940,452051,452377,462811,462911,10.434000,10.760000
84,4850,4850,52f2940,592446,592780,603710,603810,10.930000,11.264000
84,3411,3411,4d53940,603051,603385,614113,614213,10.728000,11.062000
84,3558,3558,4de6941,705051,705377,713648,713748,8.271000,8.597000
84,5804,5804,56ac941,732051,732377,746299,746399,13.922000,14.248000
84,8447,8447,60ff942,778446,778780,792148,792248,13.368000,13.702000
84,3924,3924,4f54941,789051,789377,797697,797797,8.320000,8.646000
84,3799,3799,4ed7943,821051,821385,832008,832108,10.623000,10.957000
84,6941,6941,5b1d942,981051,981377,988765,988865,7.388000,7.714000
84,5211,5211,545b942,1032051,1032377,1046046,1046146,13.669000,13.995000
84,4299,4299,50cb943,1036051,1036377,1056924,1057024,20.547000,20.873000
84,4353,4353,5101943,1081910,1082236,1089709,1089809,7.473000,7.799000
84,8548,8548,6164941,1155051,1155377,1163688,1163788,8.311000,8.637000
84,9169,9169,63d1942,1163051,1163385,1169888,1169988,6.503000,6.837000
84,7916,7916,5eec943,1249051,1249377,1257626,1257726,8.249000,8.575000
84,6935,6935,5b17940,1264051,1264385,1277235,1277335,12.850000,13.184000
84,7512,7512,5d58943,1303051,1303385,1312181,1312281,8.796000,9.130000
84,4826,4826,52da941,1479416,1479750,1493994,1494094,14.244000,14.578000
84,9542,9542,6546942,1566051,1566385,1579999,1580099,13.614000,13.948000
84,10942,10942,6abe940,1661051,1661385,1668719,1668819,7.334000,7.668000
84,9442,9442,64e2942,1664051,1664377,1672917,1673017,8.540000,8.866000
84,8142,8142,5fce943,1682051,1682377,1689800,1689900,7.423000,7.749000
84,10661,10661,69a5942,1724051,1724385,1734497,1734597,10.112000,10.446000
84,6724,6724,5a44943,1837051,1837385,1844847,1844947,7.462000,7.796000
84,10455,10455,68d7943,2132051,2132377,2138029,2138129,5.652000,5.978000
85,88,88,4058942,82051,82385,88032,88132,5.647000,5.981000
85,423,423,41a7940,94051,94377,101742,101842,7.365000,7.691000
85,1570,1570,4622942,142051,142377,148815,148915,6.438000,6.764000
85,1416,1416,4588943,233051,233385,242440,242540,9.055000,9.389000
85,4840,4840,52e8942,324439,324773,338630,338730,13.857000,14.191000
85,3773,3773,4ebd941,352051,352385,363281,363381,10.896000,11.230000
85,1030,1030,4406942,391051,391385,399717,399817,8.332000,8.666000
85,2475,2475,49ab941,537051,537377,545621,545721,8.244000,8.570000
85,4030,4030,4fbe940,537051,537385,551041,551141,13.656000,13.990000
85,3992,3992,4f98942,533828,534154,555183,555283,21.029000,21.355000
85,3463,3463,4d87941,585051,585377,595438,595538,10.061000,10.387000
85,4575,4575,51df941,611051,611385,622029,622129,10.644000,10.978000
85,6553,6553,5999940,623051,623377,631378,631478,8.001000,8.327000
85,5053,5053,53bd941,640051,640377,645087,645187,4.710000,5.036000
85,3458,3458,4d82941,657051,657385,669825,669925,12.440000,12.774000
85,1528,1528,45f8943,706051,706385,716804,716904,10.419000,10.753000
85,5622,5622,55f6943,838051,838377,849703,849803,11.326000,11.652000
85,7607,7607,5db7941,864051,864385,876298,876398,11.913000,12.247000
85,6429,6429,591d940,919051,919385,928520,928620,9.135000,9.469000
85,10143,10143,679f942,971051,971385,984365,984465,12.980000,13.314000
85,5692,5692,563c943,1033051,1033385,1042329,1042429,8.944000,9.278000
85,7066,7066,5b9a943,1075051,1075385,1084494,1084594,9.109000,9.443000
85,5566,5566,55be940,1128051,1128377,1138439,1138539,10.062000,10.388000
85,8084,8084,5f94941,1160051,1160385,1165084,1165184,4.699000,5.033000
85,9556,9556,6554940,1281416,1281750,1291833,1291933,10.083000,10.417000
85,7498,7498,5d4a943,1350431,1350757,1360094,1360194,9.337000,9.663000
85,9296,9296,6450941,1387051,1387377,1395672,1395772,8.295000,8.621000
85,8097,8097,5fa1940,1400051,1400385,1411653,1411753,11.268000,11.602000
85,10083,10083,6763943,1400904,1401230,1428637,1428737,27.407000,27.733000
85,8782,8782,624e943,1427051,1427385,1433017,1433117,5.632000,5.966000
85,6888,6888,5ae8943,1500051,1500377,1508650,1508750,8.273000,8.599000
85,10665,10665,69a9940,1617051,1617385,1632831,1632931,15.446000,15.780000
85,9093,9093,6385943,1648051,1648377,1655753,1655853,7.376000,7.702000
85,10602,10602,696a942,1650051,1650377,1662612,1662712,12.235000,12.561000
85,9909,9909,66b5941,1660051,1660377,1666757,1666857,6.380000,6.706000
85,9915,9915,66bb942,1723051,1723377,1731671,1731771,8.294000,8.620000
85,9740,9740,660c943,2054051,2054385,2061756,2061857,7.371000,7.705000
85,10822,10822,6a46943,2128051,2128385,2133962,2134062,5.577000,5.911000
85,10418,10418,68b2941,2164051,2164385,2174484,2174584,10.099000,10.433000
86,59,59,403b942,31051,31385,40544,40644,9.159000,9.493000
86,332,332,414c943,39051,39377,44778,44878,5.401000,5.727000
86,261,261,4105942,48051,48377,57501,57601,9.124000,9.450000
86,947,947,43b3940,154051,154377,164384,164484,10.007000,10.333000
86,1412,1412,4584943,167051,167385,175720,175820,8.335000,8.669000
86,1587,1587,4633940,237051,237385,252136,252236,14.751000,15.085000
86,3188,3188,4c74943,317051,317385,323861,323961,6.476000,6.810000
86,2007,2007,47d7942,323051,323385,328961,329061,5.576000,5.910000
86,1677,1677,468d942,346051,346377,359095,359195,12.718000,13.044000
86,5294,5294,54ae942,380051,380385,391368,391468,10.983000,11.317000
86,772,772,4304943,382416,382742,396866,396966,14.124000,14.450000
86,2340,2340,4924940,380051,380385,424239,424339,43.854000,44.188000
86,1440,1440,45a0941,423051,423377,435196,435296,11.819000,12.145000
86,2725,2725,4aa5942,603051,603385,608932,609032,5.547000,5.881000
86,3106,3106,4c22940,620051,620385,637720,637820,17.335000,17.669000
86,2811,2811,4afb943,622051,622377,643136,643236,20.759000,21.085000
86,3514,3514,4dba941,668051,668377,677630,677730,9.253000,9.579000
86,5686,5686,5636942,676051,676377,684652,684752,8.275000,8.601000
86,4290,4290,50c2941,699051,699385,710384,710484,10.999000,11.333000
86,2158,2158,486e943,751051,751385,759594,759694,8.209000,8.543000
86,2873,2873,4b39943,825051,825385,835440,835540,10.055000,10.389000
86,5345,5345,54e1941,829051,829377,840906,841006,11.529000,11.855000
86,6616,6616,59d8942,910051,910385,919184,919284,8.799000,9.133000
86,6433,6433,5921940,920051,920377,927778,927878,7.401000,7.727000
86,7263,7263,5c5f943,975051,975385,982183,982283,6.798000,7.132000
86,6427,6427,591b942,1082051,1082377,1088950,1089050,6.573000,6.899000
86,5498,5498,557a940,1177051,1177377,1195737,1195837,18.360000,18.686000
86,6316,6316,58ac940,1223051,1223377,1237616,1237716,14.239000,14.565000
86,5308,5308,54bc943,1252051,1252377,1266653,1266753,14.276000,14.602000
86,8581,8581,6185941,1280051,1280377,1285938,1286038,5.561000,5.887000
86,10951,10951,6ac7941,1267051,1267385,1302385,1302485,35.000000,35.334000
86,7883,7883,5ecb941,1345051,1345377,1356119,1356219,10.742000,11.068000
86,8988,8988,631c941,1362051,1362385,1376727,1376827,14.342000,14.676000
86,6802,6802,5a92941,1382051,1382377,1391447,1391547,9.070000,9.396000
86,10623,10623,697f940,1503051,1503385,1508964,1509064,5.579000,5.913000
86,9166,9166,63ce940,1589416,1589750,1606042,1606142,16.292000,16.626000
86,6677,6677,5a15941,1619051,1619385,1629130,1629230,9.745000,10.079000
86,4691,4691,5253940,1612051,1612377,1633307,1633407,20.930000,21.256000
86,10494,10494,68fe943,1630051,1630377,1637510,1637610,7.133000,7.459000
86,9640,9640,65a8942,1630439,1630765,1642855,1642955,12.090000,12.416000
86,8660,8660,61d4943,1701051,1701377,1714814,1714914,13.437000,13.763000
86,7146,7146,5bea942,1757051,1757385,1771979,1772079,14.594000,14.928000
86,9803,9803,664b943,2011051,2011377,2020604,2020704,9.227000,9.553000
86,8696,8696,61f8942,2085051,2085377,2093660,2093761,8.283000,8.609000
86,8791,8791,6257940,2512051,2512385,2521575,2521675,9.190000,9.524000
87,2129,2129,4851940,73051,73377,83734,83834,10.357000,10.683000
87,860,860,435c942,110051,110385,115967,116067,5.582000,5.916000
87,347,347,415b943,131051,131377,141528,141628,10.151000,10.477000
87,618,618,426a940,159051,159385,171142,171242,11.757000,12.091000
87,936,936,43a8941,165051,165377,176563,176663,11.186000,11.512000
87,1588,1588,4634940,174051,174385,180861,180961,6.476000,6.810000
87,459,459,41cb942,214051,214385,222703,222803,8.318000,8.652000
87,3057,3057,4bf1942,368418,368752,378500,378600,9.748000,10.082000
87,1408,1408,4580941,379051,379385,392969,393069,13.584000,13.918000
87,4318,4318,50de941,403051,403385,419658,419758,16.273000,16.607000
87,2175,2175,487f940,412051,412385,425054,425154,12.669000,13.003000
87,1752,1752,46d8942,425612,425946,434257,434357,8.311000,8.645000
87,2212,2212,48a4943,412051,412385,441411,441511,29.026000,29.360000
87,2891,2891,4b4b942,456051,456385,466677,466777,10.292000,10.626000
87,2675,2675,4a73940,476051,476385,493835,493935,17.450000,17.784000
87,4682,4682,524a942,509051,509385,514106,514206,4.721000,5.055000
87,2142,2142,485e942,558051,558377,566619,566719,8.242000,8.568000
87,3717,3717,4e85943,585051,585377,591893,591993,6.516000,6.842000
87,5140,5140,5414942,602051,602385,607097,607197,4.712000,5.046000
87,1906,1906,4772940,608051,608385,618451,618551,10.066000,10.400000
87,3548,3548,4ddc943,633051,633377,638096,638196,4.719000,5.045000
87,3935,3935,4f5f942,641051,641377,646961,647061,5.584000,5.910000
87,3204,3204,4c84941,643051,643385,654337,654437,10.952000,11.286000
87,5838,5838,56ce942,666051,666385,677309,677409,10.924000,11.258000
87,6214,6214,5846940,839051,839377,847705,847805,8.328000,8.654000
87,7323,7323,5c9b942,844051,844385,858550,858650,14.165000,14.499000
87,3569,3569,4df1942,857051,857377,867422,867522,10.045000,10.371000
87,5908,5908,5714942,864051,864385,873437,873537,9.052000,9.386000
87,4163,4163,5043941,872051,872377,884748,884848,12.371000,12.697000
87,3690,3690,4e6a943,910418,910752,919848,919948,9.096000,9.430000
87,6652,6652,59fc940,935051,935377,942755,942855,7.378000,7.704000
87,6451,6451,5933942,933409,933743,972251,972351,38.508000,38.842000
87,6824,6824,5aa8940,992051,992385,1005115,1005215,12.730000,13.064000
87,9680,9680,65d0941,1120051,1120377,1141238,1141338,20.861000,21.187000
87,7844,7844,5ea4943,1173051,1173385,1179004,1179104,5.619000,5.953000
87,10624,10624,6980943,1198051,1198385,1210303,1210403,11.918000,12.252000
87,8240,8240,6030940,1217051,1217377,1223836,1223936,6.459000,6.785000
87,7505,7505,5d51943,1305051,1305377,1311889,1311989,6.512000,6.838000
87,10301,10301,683d942,1581051,1581385,1597228,1597328,15.843000,16.177000
87,5758,5758,567e943,1605051,1605385,1610148,1610248,4.763000,5.097000
87,8509,8509,613d941,1694051,1694385,1703998,1704098,9.613000,9.947000
87,9765,9765,6625943,1790051,1790385,1799466,1799566,9.081000,9.415000
87,9774,9774,662e941,1842051,1842377,1852461,1852561,10.084000,10.410000
87,9754,9754,661a943,1852051,1852385,1864209,1864309,11.824000,12.158000
87,10147,10147,67a3941,1862051,1862377,1875045,1875145,12.668000,12.994000
87,10991,10991,6aef943,1965051,1965377,1978023,1978123,12.646000,12.972000
87,10336,10336,6860943,2103051,2103377,2108107,2108207,4.730000,5.056000
88,150,150,4096943,31051,31385,41527,41627,10.142000,10.476000
88,186,186,40ba942,80051,80385,88610,88710,8.225000,8.559000
88,245,245,40f5940,112051,112377,121537,121637,9.160000,9.486000
88,370,370,4172940,117051,117377,125735,125835,8.358000,8.684000
88,1403,1403,457b941,125051,125377,137174,137274,11.797000,12.123000
88,1512,1512,45e8942,136051,136385,152920,153020,16.535000,16.869000
88,1633,1633,4661942,153051,153377,163503,163603,10.126000,10.452000
88,2439,2439,4987943,245051,245385,251882,251982,6.497000,6.831000
88,1270,1270,44f6940,247051,247385,256035,256135,8.650000,8.984000
88,3084,3084,4c0c942,329051,329377,352975,353075,23.598000,23.924000
88,3454,3454,4d7e942,449416,449750,462868,462968,13.118000,13.452000
88,2581,2581,4a15943,453051,453377,467053,467153,13.676000,14.002000
88,2291,2291,48f3940,500051,500385,506018,506118,5.633000,5.967000
88,3568,3568,4df0941,495051,495385,510216,510316,14.831000,15.165000
88,3882,3882,4f2a940,576051,576377,587363,587463,10.986000,11.312000
88,6188,6188,582c942,612438,612764,625419,625519,12.655000,12.981000
88,3962,3962,4f7a941,629051,629377,634133,634233,4.756000,5.082000
88,7137,7137,5be1940,737051,737385,744832,744932,7.447000,7.781000
88,5400,5400,5518943,742051,742377,761207,761307,18.830000,19.156000
88,2686,2686,4a7e942,782051,782377,797047,797147,14.670000,14.996000
88,6176,6176,5820942,892051,892385,908330,908430,15.945000,16.279000
88,6720,6720,5a40942,925051,925377,941545,941645,16.168000,16.494000
88,7462,7462,5d26943,1077051,1077377,1097590,1097690,20.213000,20.539000
88,6408,6408,5908940,1198051,1198377,1214792,1214892,16.415000,16.741000
88,10156,10156,67ac942,1242416,1242742,1256082,1256182,13.340000,13.666000
88,5865,5865,56e9940,1305051,1305385,1314484,1314584,9.099000,9.433000
88,9585,9585,6571942,1324435,1324761,1331309,1331409,6.548000,6.874000
88,6621,6621,59dd940,1373051,1373377,1378961,1379061,5.584000,5.910000
88,10319,10319,684f941,1504051,1504377,1510899,1510999,6.522000,6.848000
88,8006,8006,5f46941,1567051,1567377,1578218,1578318,10.841000,11.167000
88,10381,10381,688d943,1655051,1655377,1666350,1666450,10.973000,11.299000
88,10427,10427,68bb943,1662051,1662377,1674705,1674805,12.328000,12.654000
88,9034,9034,634a940,1717051,1717377,1731097,1731197,13.720000,14.046000
88,10960,10960,6ad0943,1767051,1767385,1779206,1779306,11.821000,12.155000
88,8521,8521,6149941,1938051,1938385,1946687,1946787,8.302000,8.636000
88,10834,10834,6a52940,1979051,1979377,1990368,1990468,10.991000,11.317000
89,667,667,429b942,48051,48385,58507,58607,10.122000,10.456000
89,1093,1093,4445940,82051,82377,96195,96295,13.818000,14.144000
89,1299,1299,4513940,136051,136377,149759,149859,13.382000,13.708000
89,588,588,424c943,203051,203377,210714,210814,7.337000,7.663000
89,1773,1773,46ed942,226409,226743,236013,236113,9.270000,9.604000
89,767,767,42ff941,252051,252385,261484,261585,9.099000,9.433000
89,2048,2048,4800943,269051,269385,278056,278156,8.671000,9.005000
89,4213,4213,5075940,299051,299385,312026,312126,12.641000,12.975000
89,2728,2728,4aa8942,372051,372377,385031,385131,12.654000,12.980000
89,4753,4753,5291941,459051,459377,468958,469058,9.581000,9.907000
89,2655,2655,4a5f941,502051,502377,508897,508997,6.520000,6.846000
89,1909,1909,4775943,508051,508377,518468,518568,10.091000,10.417000
89,2379,2379,494b940,527051,527385,540370,540470,12.985000,13.319000
89,3177,3177,4c69940,531051,531377,545790,545890,14.413000,14.739000
89,3186,3186,4c72940,614051,614377,622130,622230,7.753000,8.079000
89,2968,2968,4b98941,681051,681385,690716,690816,9.331000,9.665000
89,5967,5967,574f942,730051,730385,740391,740491,10.006000,10.340000
89,7540,7540,5d74941,833051,833385,844600,844700,11.215000,11.549000
89,4429,4429,514d943,862824,863158,878638,878738,15.480000,15.814000
89,6437,6437,5925941,896051,896377,901922,902022,5.545000,5.871000
89,4616,4616,5208942,936051,936385,942931,943031,6.546000,6.880000
89,7829,7829,5e95941,1040616,1040942,1049292,1049392,8.350000,8.676000
89,7809,7809,5e81941,1061051,1061385,1075075,1075175,13.690000,14.024000
89,4012,4012,4fac941,1075051,1075377,1089592,1089692,14.215000,14.541000
89,6157,6157,580d943,1088051,1088385,1106087,1106187,17.702000,18.036000
89,9936,9936,66d0942,1234051,1234385,1243869,1243969,9.484000,9.818000
89,5131,5131,540b942,1237051,1237377,1249199,1249299,11.822000,12.148000
89,7208,7208,5c28943,1314051,1314385,1329025,1329125,14.640000,14.974000
89,4974,4974,536e942,1359051,1359385,1364145,1364245,4.760000,5.094000
89,7621,7621,5dc5942,1359051,1359377,1376230,1376330,16.853000,17.179000
89,8821,8821,6275940,1549051,1549385,1561032,1561132,11.647000,11.981000
89,10646,10646,6996942,1786051,1786385,1796446,1796546,10.061000,10.395000
89,9879,9879,6697940,1925051,1925377,1933658,1933758,8.281000,8.607000
89,9517,9517,652d941,1965051,1965377,1974572,1974672,9.195000,9.521000
89,9494,9494,6516942,1963051,1963385,1980022,1980122,16.637000,16.971000
89,10974,10974,6ade941,1986051,1986377,1993799,1993899,7.422000,7.748000
89,9685,9685,65d5942,2055051,2055377,2068098,2068198,12.721000,13.047000
90,214,214,40d6943,53051,53385,67138,67238,13.753000,14.087000
90,1790,1790,46fe943,145051,145385,155393,155493,10.008000,10.342000
90,2303,2303,48ff940,146051,146385,159609,159709,13.224000,13.558000
90,2225,2225,48b1943,188453,188779,201637,201737,12.858000,13.184000
90,1639,1639,4667941,235051,235385,244574,244674,9.189000,9.523000
90,1173,1173,4495942,246425,246759,251521,251621,4.762000,5.096000
90,1655,1655,4677942,276051,276377,281066,281166,4.689000,5.015000
90,854,854,4356943,316409,316743,325087,325187,8.344000,8.678000
90,1052,1052,441c942,338051,338377,350229,350329,11.852000,12.178000
90,2309,2309,4905943,360051,360377,366873,366973,6.496000,6.822000
90,2801,2801,4af1943,443051,443385,449900,450000,6.515000,6.849000
90,2840,2840,4b18942,460051,460385,476991,477091,16.606000,16.940000
90,2884,2884,4b44941,555051,555377,563674,563774,8.297000,8.623000
90,4376,4376,5118943,560051,560385,573172,573272,12.787000,13.121000
90,3009,3009,4bc1941,563453,563779,578683,578783,14.904000,15.230000
90,6758,6758,5a66943,570275,570609,584193,584293,13.584000,13.918000
90,3709,3709,4e7d942,582051,582377,589835,589935,7.458000,7.784000
90,3782,3782,4ec6942,611438,611764,625452,625552,13.688000,14.014000
90,5484,5484,556c943,700051,700385,713109,713209,12.724000,13.058000
90,5252,5252,5484940,782051,782385,797907,798007,15.522000,15.856000
90,1617,1617,4651941,859051,859377,866737,866837,7.360000,7.686000
90,5911,5911,5717942,870051,870385,878703,878803,8.318000,8.652000
90,4322,4322,50e2942,891763,892089,897746,897846,5.657000,5.983000
90,6363,6363,58db943,969051,969385,988107,988207,18.722000,19.056000
90,10100,10100,6774943,992051,992377,997078,997178,4.701000,5.027000
90,7339,7339,5cab941,1010051,1010385,1016911,1017011,6.526000,6.860000
90,10323,10323,6853942,1048051,1048385,1055789,1055889,7.404000,7.738000
90,8742,8742,6226943,1067051,1067377,1080127,1080227,12.750000,13.076000
90,6527,6527,597f943,1084051,1084377,1094205,1094305,9.828000,10.154000
90,8553,8553,6169941,1106051,1106377,1122582,1122682,16.205000,16.531000
90,6139,6139,57fb940,1173051,1173377,1180420,1180520,7.043000,7.369000
90,8666,8666,61da940,1176051,1176377,1185463,1185563,9.086000,9.412000
90,10897,10897,6a91942,1187051,1187377,1194824,1194924,7.447000,7.773000
90,5105,5105,53f1941,1217051,1217377,1225702,1225802,8.325000,8.651000
90,8198,8198,6006941,1223051,1223377,1237192,1237292,13.815000,14.141000
90,8875,8875,62ab940,1296051,1296385,1306473,1306573,10.088000,10.422000
90,7110,7110,5bc6941,1372051,1372377,1377979,1378079,5.602000,5.928000
90,5534,5534,559e942,1374051,1374385,1389652,1389752,15.267000,15.601000
90,7454,7454,5d1e940,1488051,1488377,1495762,1495862,7.385000,7.711000
90,6898,6898,5af2942,1558051,1558377,1569321,1569421,10.944000,11.270000
90,9866,9866,668a941,1585051,1585385,1592799,1592899,7.414000,7.748000
90,9749,9749,6615943,1597051,1597377,1614655,1614755,17.278000,17.604000
90,9200,9200,63f0940,1631051,1631385,1638739,1638839,7.354000,7.688000
90,9053,9053,635d942,1629051,1629377,1644216,1644316,14.839000,15.165000
90,10473,10473,68e9942,1713051,1713385,1722581,1722681,9.196000,9.530000
90,10327,10327,6857943,1739051,1739377,1745827,1745927,6.450000,6.776000
90,10175,10175,67bf940,1758051,1758377,1766658,1766758,8.281000,8.607000
90,9617,9617,6591941,1814051,1814377,1824014,1824114,9.637000,9.963000
90,7376,7376,5cd0940,1840051,1840377,1846906,1847006,6.529000,6.855000
90,9969,9969,66f1940,1848051,1848385,1855738,1855838,7.353000,7.687000
90,8276,8276,6054940,1853051,1853385,1861708,1861808,8.323000,8.657000
90,9264,9264,6430942,2107051,2107377,2115615,2115715,8.238000,8.564000
90,10020,10020,6724942,2554051,2554377,2562651,2562751,8.274000,8.600000
91,58,58,403a941,30051,30385,39625,39725,9.240000,9.574000
91,909,909,438d941,76051,76377,82888,82988,6.511000,6.837000
91,154,154,409a941,99051,99385,106741,106841,7.356000,7.690000
91,644,644,4284943,94051,94385,110931,111031,16.546000,16.880000
91,515,515,4203943,154051,154385,167356,167456,12.971000,13.305000
91,1388,1388,456c941,176051,176385,184696,184796,8.311000,8.645000
91,938,938,43aa943,182051,182385,190690,190790,8.305000,8.639000
91,1061,1061,4425941,198051,198385,205694,205794,7.309000,7.643000
91,1298,1298,4512940,202051,202385,209883,209983,7.498000,7.832000
91,1879,1879,4757942,206051,206377,215583,215683,9.206000,9.532000
91,3774,3774,4ebe943,234431,234757,242167,242267,7.410000,7.736000
91,910,910,438e943,282051,282385,287140,287240,4.755000,5.089000
91,3155,3155,4c53940,344051,344377,354916,355016,10.539000,10.865000
91,1774,1774,46ee940,429051,429385,444886,444986,15.501000,15.835000
91,3575,3575,4df7942,445051,445377,455821,455921,10.444000,10.770000
91,6835,6835,5ab3943,581051,581377,588770,588870,7.393000,7.719000
91,4218,4218,507a942,658051,658377,670199,670299,11.822000,12.148000
91,4162,4162,5042943,761051,761385,770618,770718,9.233000,9.567000
91,6587,6587,59bb940,763051,763385,779144,779244,15.759000,16.093000
91,2939,2939,4b7b942,797051,797385,810776,810876,13.391000,13.725000
91,4936,4936,5348940,801051,801377,816353,816453,14.976000,15.302000
91,4098,4098,5002942,888051,888377,897290,897390,8.913000,9.239000
91,4786,4786,52b2943,886051,886377,902681,902781,16.304000,16.630000
91,6856,6856,5ac8942,1024051,1024385,1032655,1032754,8.270000,8.604000
91,10709,10709,69d5943,1042051,1042377,1051310,1051410,8.933000,9.259000
91,6669,6669,5a0d941,1050416,1050742,1056456,1056556,5.714000,6.040000
91,5233,5233,5471941,1135051,1135385,1141887,1141987,6.502000,6.836000
91,8293,8293,6065940,1193051,1193377,1216878,1216978,23.501000,23.827000
91,4846,4846,52ee942,1267051,1267377,1272077,1272177,4.700000,5.026000
91,8798,8798,625e942,1287051,1287385,1300456,1300556,13.071000,13.405000
91,5127,5127,5407942,1371051,1371377,1376107,1376207,4.730000,5.056000
91,7088,7088,5bb0943,1378051,1378377,1383081,1383181,4.704000,5.030000
91,10790,10790,6a26942,1414051,1414377,1419974,1420074,5.597000,5.923000
91,9395,9395,64b3940,1520051,1520377,1530420,1530520,10.043000,10.369000
91,10360,10360,6878943,1538051,1538385,1546620,1546720,8.235000,8.569000
91,10932,10932,6ab4943,1627051,1627377,1636546,1636646,9.169000,9.495000
91,9370,9370,649a941,1649051,1649385,1655620,1655720,6.235000,6.569000
91,7565,7565,5d8d940,1669051,1669385,1679017,1679117,9.632000,9.966000
91,7074,7074,5ba2941,1676051,1676377,1688895,1688995,12.518000,12.844000
91,10889,10889,6a89942,1876051,1876377,1884711,1884811,8.334000,8.660000
91,10633,10633,6989941,2050051,2050385,2059532,2059631,9.147000,9.481000
91,10347,10347,686b942,2566051,2566385,2573819,2573919,7.434000,7.768000
92,5,5,4005943,102051,102385,108918,109018,6.533000,6.867000
92,1876,1876,4754943,170794,171128,195977,196077,24.849000,25.183000
92,13,13,400d943,202051,202377,208903,209003,6.526000,6.852000
92,1151,1151,447f942,241051,241377,247860,247960,6.483000,6.809000
92,2680,2680,4a78943,253051,253377,262506,262606,9.129000,9.455000
92,650,650,428a940,276051,276385,282825,282925,6.440000,6.774000
92,1956,1956,47a4943,297051,297385,303859,303959,6.474000,6.808000
92,3176,3176,4c68941,341051,341377,353970,354070,12.593000,12.919000
92,3880,3880,4f28943,413051,413385,418122,418222,4.737000,5.071000
92,2577,2577,4a11940,443051,443385,462829,462929,19.444000,19.778000
92,1053,1053,441d941,496051,496377,506436,506536,10.059000,10.385000
92,5651,5651,5613941,520050,520377,525111,525211,4.734000,5.061000
92,3314,3314,4cf2942,561051,561377,571519,571619,10.142000,10.468000
92,3297,3297,4ce1941,613051,613377,635032,635132,21.655000,21.981000
92,4836,4836,52e4943,656051,656385,663794,663894,7.409000,7.743000
92,5076,5076,53d4941,665051,665377,672799,672899,7.422000,7.748000
92,5503,5503,557f941,688051,688385,694022,694122,5.637000,5.971000
92,6114,6114,57e2941,706051,706377,713782,713882,7.405000,7.731000
92,3602,3602,4e12943,709051,709385,717962,718062,8.577000,8.911000
92,3207,3207,4c87940,736051,736385,749094,749194,12.709000,13.043000
92,2687,2687,4a7f941,805051,805385,815534,815634,10.149000,10.483000
92,4617,4617,5209942,824051,824377,835120,835220,10.743000,11.069000
92,4067,4067,4fe3943,825051,825377,842813,842913,17.436000,17.762000
92,9903,9903,66af943,910051,910385,915257,915357,4.872000,5.206000
92,4507,4507,519b943,912051,912377,920676,920776,8.299000,8.625000
92,7723,7723,5e2b943,981409,981743,989155,989255,7.412000,7.746000
92,7172,7172,5c04941,988051,988385,994725,994825,6.340000,6.674000
92,5915,5915,571b943,1143051,1143385,1148971,1149071,5.586000,5.920000
92,7230,7230,5c3e941,1149051,1149385,1157626,1157726,8.241000,8.575000
92,5393,5393,5511940,1177446,1177780,1187937,1188037,10.157000,10.491000
92,8986,8986,631a942,1242051,1242385,1254898,1254998,12.513000,12.847000
92,7676,7676,5dfc942,1306051,1306385,1314662,1314762,8.277000,8.611000
92,7889,7889,5ed1943,1322051,1322385,1329773,1329873,7.388000,7.722000
92,10046,10046,673e941,1353051,1353385,1359033,1359133,5.648000,5.982000
92,9566,9566,655e943,1353439,1353773,1363235,1363335,9.462000,9.796000
92,10794,10794,6a2a943,1388051,1388377,1394906,1395006,6.529000,6.855000
92,9105,9105,6391941,1427051,1427385,1434638,1434738,7.253000,7.587000
92,9252,9252,6424941,1447051,1447385,1454745,1454845,7.360000,7.694000
92,6913,6913,5b01940,1439051,1439377,1474473,1474573,35.096000,35.422000
92,8338,8338,6092940,1537051,1537385,1546461,1546561,9.076000,9.410000
92,10237,10237,67fd942,1543051,1543385,1551681,1551781,8.296000,8.630000
92,10054,10054,6746942,1559051,1559377,1568589,1568689,9.212000,9.538000
92,8574,8574,617e940,1602051,1602377,1611548,1611648,9.171000,9.497000
92,9635,9635,65a3942,1601051,1601385,1617022,1617122,15.637000,15.971000
92,9926,9926,66c6940,1697051,1697377,1703834,1703934,6.457000,6.783000
92,10643,10643,6993942,1774051,1774377,1786153,1786253,11.776000,12.102000
92,8427,8427,60eb941,1785051,1785385,1797137,1797237,11.752000,12.086000
92,9455,9455,64ef942,1812395,1812729,1820140,1820240,7.411000,7.745000
92,10528,10528,6920940,1939051,1939385,1946784,1946884,7.399000,7.733000
93,1302,1302,4516943,41881,42215,51441,51541,9.226000,9.560000
93,175,175,40af942,51051,51385,56103,56203,4.718000,5.052000
93,1021,1021,43fd942,162051,162377,188588,188688,26.211000,26.537000
93,103,103,4067941,172051,172377,194008,194108,21.631000,21.957000
93,1529,1529,45f9942,236051,236385,249289,249389,12.904000,13.238000
93,2814,2814,4afe942,244051,244377,254725,254825,10.348000,10.674000
93,2041,2041,47f9942,242051,242385,260183,260282,17.798000,18.132000
93,2688,2688,4a80940,257051,257376,265799,265899,8.423000,8.748000
93,2778,2778,4ada941,287051,287377,296546,296646,9.169000,9.495000
93,382,382,417e941,296051,296377,301966,302066,5.589000,5.915000
93,3023,3023,4bcf943,421051,421377,431459,431559,10.082000,10.408000
93,4393,4393,5129943,462051,462377,471205,471305,8.828000,9.154000
93,3784,3784,4ec8942,470051,470377,488302,488402,17.925000,18.251000
93,2024,2024,47e8942,506636,506970,513457,513557,6.487000,6.821000
93,4062,4062,4fde941,541425,541759,548263,548363,6.504000,6.838000
93,5198,5198,544e940,626051,626385,635775,635875,9.390000,9.724000
93,4388,4388,5124942,685051,685377,699343,699443,13.966000,14.292000
93,3521,3521,4dc1942,721051,721377,727900,728000,6.523000,6.849000
93,5880,5880,56f8941,892051,892377,899745,899845,7.368000,7.694000
93,5984,5984,5760942,894051,894377,908299,908399,13.922000,14.248000
93,3683,3683,4e63942,902051,902385,912462,912562,10.077000,10.411000
93,9715,9715,65f3943,901418,901752,916648,916748,14.896000,15.230000
93,7976,7976,5f28941,935051,935385,941918,942018,6.533000,6.867000
93,3896,3896,4f38940,933051,933385,947451,947551,14.066000,14.400000
93,6737,6737,5a51940,995051,995377,1008039,1008139,12.662000,12.988000
93,4907,4907,532b940,1015051,1015377,1020098,1020198,4.721000,5.047000
93,7837,7837,5e9d940,1089051,1089377,1101166,1101266,11.789000,12.115000
93,4955,4955,535b941,1094051,1094385,1106586,1106686,12.201000,12.535000
93,3680,3680,4e60942,1104051,1104385,1112055,1112155,7.670000,8.004000
93,8572,8572,617c941,1119051,1119385,1125337,1125437,5.952000,6.286000
93,4463,4463,516f942,1134051,1134377,1143949,1144049,9.572000,9.898000
93,10101,10101,6775943,1141051,1141377,1151375,1151475,9.998000,10.324000
93,8219,8219,601b942,1151051,1151385,1162367,1162467,10.982000,11.316000
93,3837,3837,4efd942,1159051,1159385,1167713,1167813,8.328000,8.662000
93,9696,9696,65e0943,1203051,1203385,1211677,1211777,8.292000,8.626000
93,5441,5441,5541940,1201051,1201377,1217108,1217208,15.731000,16.057000
93,8844,8844,628c943,1289051,1289385,1295884,1295984,6.499000,6.833000
93,4336,4336,50f0940,1317051,1317377,1323274,1323374,5.897000,6.223000
93,10485,10485,68f5940,1357425,1357759,1372456,1372556,14.697000,15.031000
93,8392,8392,60c8940,1392051,1392385,1397996,1398096,5.611000,5.945000
93,8244,8244,6034943,1455051,1455385,1462764,1462864,7.379000,7.713000
93,7497,7497,5d49941,1452051,1452385,1472743,1472843,20.358000,20.692000
93,6909,6909,5afd942,1469051,1469385,1494596,1494696,25.211000,25.545000
93,8178,8178,5ff2942,1548051,1548385,1561613,1561713,13.228000,13.562000
93,8715,8715,620b942,1560051,1560377,1571283,1571383,10.906000,11.232000
93,9409,9409,64c1941,1603051,1603385,1610720,1610820,7.335000,7.669000
93,8192,8192,6000940,1616051,1616377,1621088,1621188,4.711000,5.037000
93,9265,9265,6431940,1626798,1627124,1631943,1632043,4.819000,5.145000
93,8259,8259,6043940,1783051,1783385,1792570,1792670,9.185000,9.519000
93,10260,10260,6814941,1803051,1803377,1809003,1809103,5.626000,5.952000
93,9709,9709,65ed940,1826051,1826377,1832927,1833027,6.550000,6.876000
93,9454,9454,64ee942,1837051,1837377,1849978,1850078,12.601000,12.927000
93,8346,8346,609a940,1898395,1898729,1918397,1918497,19.668000,20.002000
93,8874,8874,62aa941,1968051,1968385,1979368,1979468,10.983000,11.317000
93,10303,10303,683f942,2091051,2091385,2100633,2100733,9.248000,9.582000
93,8348,8348,609c940,2130051,2130385,2139550,2139650,9.165000,9.499000
93,9875,9875,6693942,2495051,2495385,2501015,2501115,5.630000,5.964000
93,10733,10733,69ed940,2508051,2508385,2517496,2517596,9.111000,9.445000
94,188,188,40bc941,45051,45385,53648,53748,8.263000,8.597000
94,381,381,417d942,108395,108729,122720,122820,13.991000,14.325000
94,888,888,4378941,113418,113752,126997,127097,13.245000,13.579000
94,398,398,418e943,196051,196377,205595,205695,9.218000,9.544000
94,3097,3097,4c19943,198051,198377,216640,216740,18.263000,18.589000
94,1507,1507,45e3942,251810,252136,264820,264920,12.684000,13.010000
94,3883,3883,4f2b943,274051,274385,284499,284599,10.114000,10.448000
94,1463,1463,45b7943,305051,305385,313869,313969,8.484000,8.818000
94,3288,3288,4cd8943,318051,318377,331661,331761,13.284000,13.610000
94,2230,2230,48b6943,337606,337932,347175,347275,9.243000,9.569000
94,2256,2256,48d0943,339051,339385,352366,352466,12.981000,13.315000
94,2265,2265,48d9940,396416,396742,405998,406098,9.256000,9.582000
94,2702,2702,4a8e943,458409,458743,464452,464552,5.709000,6.043000
94,1941,1941,4795940,466051,466385,476289,476389,9.904000,10.238000
94,5215,5215,545f940,468051,468385,481608,481708,13.223000,13.557000
94,4207,4207,506f943,617051,617377,638680,638780,21.303000,21.629000
94,4022,4022,4fb6941,655251,655585,662093,662193,6.508000,6.842000
94,3369,3369,4d29940,652051,652377,671000,671100,18.623000,18.949000
94,4528,4528,51b0942,717051,717385,723028,723128,5.643000,5.977000
94,8056,8056,5f78940,855051,855385,879406,879506,24.021000,24.355000
94,4410,4410,513a941,873051,873377,885183,885283,11.806000,12.132000
94,4652,4652,522c942,888051,888377,899216,899316,10.839000,11.165000
94,6116,6116,57e4943,913051,913377,936412,936512,23.035000,23.361000
94,4717,4717,526d943,973051,973377,979906,980006,6.529000,6.855000
94,10335,10335,685f943,1027051,1027377,1039021,1039120,11.644000,11.970000
94,5938,5938,5732941,1034051,1034377,1043819,1043918,9.442000,9.768000
94,6931,6931,5b13942,1206051,1206385,1211080,1211180,4.695000,5.029000
94,8337,8337,6091943,1307051,1307385,1312112,1312212,4.727000,5.061000
94,8380,8380,60bc941,1335051,1335377,1343790,1343890,8.413000,8.739000
94,5931,5931,572b942,1352051,1352385,1367865,1367965,15.480000,15.814000
94,10487,10487,68f7943,1544051,1544377,1550920,1551020,6.543000,6.869000
94,7670,7670,5df6942,1658051,1658377,1666753,1666853,8.376000,8.702000
94,10451,10451,68d3942,1716051,1716385,1721132,1721232,4.747000,5.081000
94,9812,9812,6654941,1774051,1774385,1780894,1780994,6.509000,6.843000
94,10377,10377,6889940,1863051,1863377,1874332,1874432,10.955000,11.281000
94,10261,10261,6815940,1873051,1873377,1885277,1885377,11.900000,12.226000
94,7180,7180,5c0c942,1882051,1882377,1890730,1890830,8.353000,8.679000
94,10680,10680,69b8940,2068051,2068377,2075709,2075810,7.332000,7.658000
94,10534,10534,6926942,2252446,2252780,2262942,2263042,10.162000,10.496000
94,10163,10163,67b3942,2482051,2482377,2489740,2489840,7.363000,7.689000
95,384,384,4180941,39051,39377,48580,48680,9.203000,9.529000
95,221,221,40dd940,56051,56385,67333,67433,10.948000,11.282000
95,265,265,4109943,79051,79385,86174,86274,6.789000,7.123000
95,327,327,4147942,123431,123757,133004,133104,9.247000,9.573000
95,1202,1202,44b2941,128051,128384,137200,137300,8.816000,9.149000
95,499,499,41f3941,162051,162377,175546,175646,13.169000,13.495000
95,1624,1624,4658941,239051,239385,250259,250359,10.874000,11.208000
95,2400,2400,4960940,275051,275377,287422,287522,12.045000,12.371000
95,1787,1787,46fb942,352631,352965,371494,371594,18.529000,18.863000
95,2200,2200,4898940,391051,391385,401354,401454,9.969000,10.303000
95,4228,4228,5084943,418051,418377,424940,425040,6.563000,6.889000
95,2871,2871,4b37942,425051,425385,436253,436353,10.868000,11.202000
95,1908,1908,4774942,434051,434385,443611,443711,9.226000,9.560000
95,2711,2711,4a97941,450051,450385,456823,456923,6.438000,6.772000
95,2976,2976,4ba0940,504051,504377,516323,516423,11.946000,12.272000
95,5608,5608,55e8943,546051,546385,553717,553817,7.332000,7.666000
95,5230,5230,546e940,569051,569385,576700,576800,7.315000,7.649000
95,5644,5644,560c940,579051,579377,586682,586782,7.305000,7.631000
95,6948,6948,5b24940,592410,592736,603698,603798,10.962000,11.288000
95,2499,2499,49c3941,759051,759377,772109,772209,12.732000,13.058000
95,7153,7153,5bf1940,762051,762377,788621,788721,26.244000,26.570000
95,8547,8547,6163942,795051,795377,810584,810684,15.207000,15.533000
95,5781,5781,5695943,819409,819743,828083,828183,8.340000,8.674000
95,3450,3450,4d7a943,852051,852385,857167,857267,4.782000,5.116000
95,6597,6597,59c5940,891876,892210,901406,901506,9.196000,9.530000
95,4211,4211,5073940,891051,891385,905548,905648,14.163000,14.497000
95,4978,4978,5372942,963782,964116,971553,971653,7.437000,7.771000
95,6668,6668,5a0c943,1201051,1201385,1209003,1209103,7.618000,7.952000
95,10066,10066,6752942,1323478,1323804,1336557,1336657,12.753000,13.079000
95,10170,10170,67ba942,1386051,1386377,1395559,1395659,9.182000,9.508000
95,7140,7140,5be4941,1418051,1418385,1434354,1434454,15.969000,16.303000
95,7261,7261,5c5d941,1479051,1479377,1492071,1492171,12.694000,13.020000
95,6142,6142,57fe942,1487051,1487377,1497533,1497633,10.156000,10.482000
95,9012,9012,6334941,1503051,1503385,1512413,1512513,9.028000,9.362000
95,9466,9466,64fa941,1679051,1679377,1684976,1685076,5.599000,5.925000
95,8390,8390,60c6941,1831439,1831773,1839174,1839274,7.401000,7.735000
96,159,159,409f942,38051,38385,49028,49128,10.643000,10.977000
96,462,462,41ce940,64416,64742,69476,69576,4.734000,5.060000
96,637,637,427d942,74732,75058,86937,87037,11.879000,12.205000
96,425,425,41a9940,91051,91377,100528,100628,9.151000,9.477000
96,951,951,43b7942,94051,94385,106034,106134,11.649000,11.983000
96,1585,1585,4631942,137051,137377,146527,146627,9.150000,9.476000
96,301,301,412d943,209051,209377,220261,220361,10.884000,11.210000
96,1513,1513,45e9941,290051,290377,303990,304090,13.613000,13.939000
96,1566,1566,461e943,350051,350377,369821,369921,19.444000,19.770000
96,4588,4588,51ec942,445051,445377,454584,454684,9.207000,9.533000
96,2411,2411,496b940,449051,449377,460047,460147,10.670000,10.996000
96,2420,2420,4974940,466051,466385,479070,479170,12.685000,13.019000
96,2946,2946,4b82942,511051,511377,524453,524553,13.076000,13.402000
96,3624,3624,4e28940,561051,561377,576678,576778,15.301000,15.627000
96,2115,2115,4843943,626051,626377,634711,634811,8.334000,8.660000
96,2628,2628,4a44940,633051,633385,640748,640848,7.363000,7.697000
96,5579,5579,55cb940,656051,656377,661133,661233,4.756000,5.082000
96,4966,4966,5366941,663051,663385,672596,672696,9.211000,9.545000
96,3914,3914,4f4a942,660051,660385,678039,678139,17.654000,17.988000
96,5745,5745,5671941,664051,664377,683588,683688,19.211000,19.537000
96,5070,5070,53ce941,715051,715377,728977,729077,13.600000,13.926000
96,4625,4625,5211943,778051,778385,797250,797350,18.865000,19.199000
96,5324,5324,54cc941,793051,793385,801495,801595,8.110000,8.444000
96,2685,2685,4a7d943,843051,843385,850748,850848,7.363000,7.697000
96,4899,4899,5323942,829307,829633,856269,856369,26.636000,26.962000
96,6441,6441,5929942,853051,853377,872405,872505,19.028000,19.354000
96,6962,6962,5b32941,878051,878385,883153,883253,4.768000,5.102000
96,5119,5119,53ff943,880051,880377,897832,897932,17.455000,17.781000
96,3035,3035,4bdb943,894051,894385,902041,902141,7.656000,7.990000
96,3216,3216,4c90942,920051,920385,932841,932941,12.456000,12.790000
96,6236,6236,585c941,927051,927377,949219,949319,21.842000,22.168000
96,5637,5637,5605942,929051,929385,967947,968047,38.562000,38.896000
96,5895,5895,5707940,965051,965377,972176,972276,6.799000,7.125000
96,3622,3622,4e26943,965051,965385,983001,983101,17.616000,17.950000
96,7326,7326,5c9e943,992051,992377,1007816,1007916,15.439000,15.765000
96,7380,7380,5cd4943,1015051,1015385,1026337,1026436,10.952000,11.286000
96,5997,5997,576d940,1027051,1027385,1034820,1034921,7.435000,7.769000
96,7822,7822,5e8e942,1139051,1139377,1145052,1145152,5.675000,6.001000
96,5296,5296,54b0942,1156051,1156377,1162882,1162982,6.505000,6.831000
96,5479,5479,5567943,1169051,1169377,1183923,1184023,14.546000,14.872000
96,4941,4941,534d943,1191051,1191385,1203179,1203279,11.794000,12.128000
96,6613,6613,59d5940,1236051,1236385,1250878,1250978,14.493000,14.827000
96,9726,9726,65fe943,1295051,1295377,1301948,1302048,6.571000,6.897000
96,8042,8042,5f6a943,1313051,1313385,1324300,1324400,10.915000,11.249000
96,6792,6792,5a88943,1328051,1328377,1347971,1348071,19.594000,19.920000
96,9333,9333,6475940,1401437,1401771,1415788,1415888,14.017000,14.351000
96,9548,9548,654c940,1477051,1477385,1486591,1486691,9.206000,9.540000
96,8023,8023,5f57940,1541051,1541385,1554897,1554997,13.512000,13.846000
96,8233,8233,6029943,1721051,1721377,1729686,1729786,8.309000,8.635000
96,8271,8271,604f941,1719051,1719377,1737660,1737760,18.283000,18.609000
96,10931,10931,6ab3941,1759051,1759377,1776453,1776553,17.076000,17.402000
96,10682,10682,69ba941,2234051,2234385,2242607,2242707,8.222000,8.556000
97,62,62,403e941,40051,40385,74831,74931,34.446000,34.780000
97,1025,1025,4401941,139051,139385,150164,150264,10.779000,11.113000
97,1065,1065,4429940,144418,144752,155303,155403,10.551000,10.885000
97,864,864,4360940,188051,188377,194900,195000,6.523000,6.849000
97,1810,1810,4712942,231051,231377,243776,243876,12.399000,12.725000
97,876,876,436c942,254051,254377,269537,269637,15.160000,15.486000
97,1149,1149,447d941,262051,262377,274927,275027,12.550000,12.876000
97,1506,1506,45e2943,340051,340385,354061,354161,13.676000,14.010000
97,1628,1628,465c943,453051,453377,465269,465369,11.892000,12.218000
97,2076,2076,481c942,488051,488377,499023,499123,10.646000,10.972000
97,3243,3243,4cab942,503051,503385,508437,508537,5.052000,5.386000
97,3070,3070,4bfe940,529051,529385,541229,541329,11.844000,12.178000
97,4181,4181,5055943,540051,540385,559732,559832,19.347000,19.681000
97,3147,3147,4c4b941,557051,557377,565154,565254,7.777000,8.103000
97,5920,5920,5720942,703051,703385,722381,722481,18.996000,19.330000
97,4366,4366,510e941,710051,710377,727849,727949,17.472000,17.798000
97,7018,7018,5b6a941,741051,741377,762851,762951,21.474000,21.800000
97,2511,2511,49cf942,759051,759385,768383,768483,8.998000,9.332000
97,5052,5052,53bc943,785051,785385,791074,791174,5.689000,6.023000
97,3341,3341,4d0d943,796409,796743,821569,821669,24.826000,25.160000
97,7464,7464,5d28940,886410,886736,902406,902506,15.670000,15.996000
97,8867,8867,62a3940,952051,952377,979767,979867,27.390000,27.716000
97,4759,4759,5297942,993051,993385,999864,999964,6.479000,6.813000
97,4102,4102,5006943,1025051,1025385,1046370,1046471,20.985000,21.319000
97,3920,3920,4f50943,1075051,1075377,1083697,1083797,8.320000,8.646000
97,10826,10826,6a4a942,1078446,1078780,1092435,1092535,13.655000,13.989000
97,7803,7803,5e7b942,1098051,1098377,1109660,1109760,11.283000,11.609000
97,7315,7315,5c93940,1106051,1106385,1118244,1118344,11.859000,12.193000
97,5426,5426,5532941,1188051,1188385,1199345,1199445,10.960000,11.294000
97,9981,9981,66fd940,1221051,1221377,1242008,1242108,20.631000,20.957000
97,8868,8868,62a4941,1235051,1235377,1251668,1251768,16.291000,16.617000
97,9413,9413,64c5940,1276051,1276377,1283800,1283900,7.423000,7.749000
97,9118,9118,639e943,1334051,1334377,1347485,1347585,13.108000,13.434000
97,5466,5466,555a943,1372051,1372385,1381612,1381712,9.227000,9.561000
97,8406,8406,60d6943,1388051,1388385,1397669,1397769,9.284000,9.618000
97,10756,10756,6a04940,1547051,1547385,1555238,1555338,7.853000,8.187000
97,8081,8081,5f91943,1617051,1617377,1629266,1629366,11.889000,12.215000
97,10741,10741,69f5942,1649051,1649385,1654123,1654223,4.738000,5.072000
97,9452,9452,64ec943,1762051,1762385,1771536,1771636,9.151000,9.485000
97,9237,9237,6415943,1773051,1773377,1783473,1783573,10.096000,10.422000
97,9135,9135,63af943,2056051,2056377,2067358,2067457,10.981000,11.307000
97,9080,9080,6378940,2331051,2331385,2349337,2349437,17.952000,18.286000
98,2018,2018,47e2940,49120,49454,58210,58310,8.756000,9.090000
98,946,946,43b2940,118051,118377,134678,134778,16.301000,16.627000
98,2446,2446,498e940,140051,140385,154031,154131,13.646000,13.980000
98,1253,1253,44e5941,164051,164385,175153,175253,10.768000,11.102000
98,569,569,4239942,163051,163377,180654,180754,17.277000,17.603000
98,1130,1130,446a941,189051,189377,196419,196519,7.042000,7.368000
98,1902,1902,476e942,194968,195294,205396,205496,10.102000,10.428000
98,2548,2548,49f4942,215051,215377,231772,231872,16.395000,16.721000
98,4943,4943,534f942,348051,348377,356731,356831,8.354000,8.680000
98,1611,1611,464b943,447051,447385,453936,454036,6.551000,6.885000
98,2515,2515,49d3940,466438,466764,478466,478566,11.702000,12.028000
98,3425,3425,4d61941,495051,495385,510290,510390,14.905000,15.239000
98,3062,3062,4bf6943,515050,515385,520131,520231,4.746000,5.081000
98,5003,5003,538b940,535899,536233,542787,542887,6.554000,6.888000
98,2779,2779,4adb943,528051,528385,547779,547879,19.394000,19.728000
98,2243,2243,48c3943,538051,538377,553292,553392,14.915000,15.241000
98,3067,3067,4bfb942,566295,566629,578693,578793,12.064000,12.398000
98,2425,2425,4979943,569051,569377,584164,584264,14.787000,15.113000
98,2837,2837,4b15940,573051,573377,589662,589762,16.285000,16.611000
98,3648,3648,4e40940,582051,582385,600596,600696,18.211000,18.545000
98,5406,5406,551e940,640051,640377,649591,649691,9.214000,9.540000
98,2787,2787,4ae3942,649051,649377,655031,655131,5.654000,5.980000
98,6728,6728,5a48940,811051,811385,817893,817993,6.508000,6.842000
98,4921,4921,5339943,813439,813773,836199,836299,22.426000,22.760000
98,4176,4176,5050943,853051,853385,868354,868454,14.969000,15.303000
98,3222,3222,4c96940,902051,902385,912514,912614,10.129000,10.463000
98,4684,4684,524c943,978051,978385,990083,990183,11.698000,12.032000
98,8072,8072,5f88941,1047051,1047385,1061002,1061102,13.617000,13.951000
98,6916,6916,5b04941,1084051,1084385,1097887,1097987,13.502000,13.836000
98,7048,7048,5b88942,1097280,1097606,1108761,1108861,11.155000,11.481000
98,7845,7845,5ea5942,1113051,1113385,1122690,1122790,9.305000,9.639000
98,7167,7167,5bff941,1126051,1126385,1139579,1139679,13.194000,13.528000
98,4988,4988,537c943,1236051,1236377,1249147,1249247,12.770000,13.096000
98,8355,8355,60a3941,1246051,1246385,1255591,1255691,9.206000,9.540000
98,9394,9394,64b2942,1286051,1286385,1299387,1299487,13.002000,13.336000
98,10253,10253,680d940,1312051,1312385,1335213,1335313,22.828000,23.162000
98,9044,9044,6354940,1346051,1346385,1353857,1353957,7.472000,7.806000
98,9550,9550,654e942,1486051,1486377,1493831,1493931,7.454000,7.780000
98,10069,10069,6755942,1650051,1650377,1664983,1665083,14.606000,14.932000
98,8476,8476,611c943,1720051,1720385,1730505,1730605,10.120000,10.454000
98,10102,10102,6776941,1747051,1747385,1754817,1754917,7.432000,7.766000
98,8735,8735,621f941,1805051,1805377,1811918,1812018,6.541000,6.867000
98,8751,8751,622f943,1806051,1806385,1818745,1818845,12.360000,12.694000
98,10398,10398,689e941,2015051,2015385,2024640,2024740,9.255000,9.589000
98,10553,10553,6939943,2063051,2063385,2075662,2075762,12.277000,12.611000
98,8957,8957,62fd942,2119431,2119757,2137949,2138049,18.192000,18.518000
98,10765,10765,6a0d943,2888051,2888377,2898485,2898585,10.108000,10.434000
99,878,878,436e941,36877,37211,44771,44871,7.560000,7.894000
99,527,527,420f940,41051,41385,51440,51540,10.055000,10.389000
99,532,532,4214943,41051,41385,62392,62492,21.007000,21.341000
99,546,546,4222942,66051,66377,80894,80994,14.517000,14.843000
99,645,645,4285941,139051,139385,147626,147726,8.241000,8.575000
99,1214,1214,44be940,154051,154377,162744,162844,8.367000,8.693000
99,753,753,42f1942,175092,175418,188140,188240,12.722000,13.048000
99,1820,1820,471c942,199051,199377,206757,206857,7.380000,7.706000
99,213,213,40d5943,200051,200377,210930,211030,10.553000,10.879000
99,560,560,4230940,206051,206377,215158,215258,8.781000,9.107000
99,1968,1968,47b0942,207051,207377,220551,220651,13.174000,13.500000
99,574,574,423e941,205051,205377,226052,226152,20.675000,21.001000
99,2461,2461,499d943,232051,232385,241836,241936,9.451000,9.785000
99,1200,1200,44b0943,424051,424385,431232,431332,6.847000,7.181000
99,4452,4452,5164942,595051,595385,605469,605569,10.084000,10.418000
99,2727,2727,4aa7943,620431,620757,633390,633490,12.633000,12.959000
99,4837,4837,52e5941,640051,640377,646777,646877,6.400000,6.726000
99,5145,5145,5419941,668051,668385,674006,674106,5.621000,5.955000
99,6338,6338,58c2940,669047,669373,683138,683238,13.765000,14.091000
99,5728,5728,5660941,686051,686385,710380,710480,23.995000,24.329000
99,6122,6122,57ea940,699051,699377,717443,717543,18.066000,18.392000
99,3736,3736,4e98940,716051,716385,727191,727291,10.806000,11.140000
99,2082,2082,4822940,726051,726385,735558,735658,9.173000,9.507000
99,3741,3741,4e9d940,750051,750377,760088,760188,9.711000,10.037000
99,4172,4172,504c943,776051,776377,788454,788554,12.077000,12.403000
99,3445,3445,4d75940,825051,825377,855555,855655,30.178000,30.504000
99,5375,5375,54ff940,860051,860385,870488,870588,10.103000,10.437000
99,6038,6038,5796940,905051,905385,915503,915603,10.118000,10.452000
99,7147,7147,5beb940,1022051,1022377,1028013,1028113,5.636000,5.962000
99,8005,8005,5f45940,1087051,1087377,1100032,1100132,12.655000,12.981000
99,6867,6867,5ad3940,1094051,1094377,1105427,1105527,11.050000,11.376000
99,6500,6500,5964943,1141051,1141377,1149764,1149864,8.387000,8.713000
99,6750,6750,5a5e942,1137051,1137385,1153951,1154051,16.566000,16.900000
99,6778,6778,5a7a941,1190051,1190377,1201319,1201419,10.942000,11.268000
99,4729,4729,5279943,1199051,1199385,1206821,1206921,7.436000,7.770000
99,9234,9234,6412940,1226051,1226385,1236469,1236569,10.084000,10.418000
99,8004,8004,5f44941,1238051,1238377,1248349,1248449,9.972000,10.298000
99,9269,9269,6435942,1282051,1282377,1292525,1292625,10.148000,10.474000
99,7515,7515,5d5b942,1347051,1347377,1352988,1353088,5.611000,5.937000
99,4013,4013,4fad940,1355051,1355377,1364595,1364695,9.218000,9.544000
99,9390,9390,64ae941,1379051,1379377,1384999,1385099,5.622000,5.948000
99,9929,9929,66c9940,1407502,1407836,1417897,1417997,10.061000,10.395000
99,10635,10635,698b940,1448416,1448750,1455258,1455358,6.508000,6.842000
99,8318,8318,607e941,1482051,1482377,1496047,1496147,13.670000,13.996000
99,9583,9583,656f941,1504051,1504385,1513621,1513721,9.236000,9.570000
99,5763,5763,5683941,1518051,1518385,1528440,1528540,10.055000,10.389000
99,7627,7627,5dcb941,1534051,1534385,1540897,1540997,6.512000,6.846000
99,8001,8001,5f41943,1545051,1545377,1557216,1557316,11.839000,12.165000
99,10051,10051,6743942,1555051,1555377,1568183,1568283,12.806000,13.132000
99,7346,7346,5cb2941,1591051,1591377,1605924,1606024,14.547000,14.873000
99,9643,9643,65ab940,1684051,1684385,1705830,1705930,21.445000,21.779000
99,9654,9654,65b6943,1806051,1806377,1818179,1818279,11.802000,12.128000
99,9285,9285,6445942,2130051,2130385,2136922,2137022,6.537000,6.871000
99,9718,9718,65f6942,2209438,2209764,2216385,2216485,6.621000,6.947000
99,10490,10490,68fa943,2267051,2267377,2273924,2274024,6.547000,6.873000
100,364,364,416c940,58051,58377,74837,74937,16.460000,16.786000
100,108,108,406c941,98051,98385,105769,105869,7.384000,7.718000
100,1530,1530,45fa942,116051,116385,136343,136443,19.958000,20.292000
100,461,461,41cd942,141051,141377,150982,151082,9.605000,9.931000
100,473,473,41d9941,179051,179377,191224,191324,11.847000,12.173000
100,1778,1778,46f2941,189051,189377,200398,200498,11.021000,11.347000
100,780,780,430c941,213051,213385,218959,219059,5.574000,5.908000
100,915,915,4393940,211416,211750,223157,223257,11.407000,11.741000
100,834,834,4342940,254051,254385,265057,265157,10.672000,11.006000
100,1897,1897,4769943,266051,266377,292841,292941,26.464000,26.790000
100,2717,2717,4a9d942,416051,416385,422029,422129,5.644000,5.978000
100,2789,2789,4ae5942,439395,439729,451468,451568,11.739000,12.073000
100,2295,2295,48f7943,540051,540377,547766,547866,7.389000,7.715000
100,3550,3550,4dde941,682051,682377,690663,690763,8.286000,8.612000
100,4375,4375,5117942,781051,781377,791391,791491,10.014000,10.340000
100,8290,8290,6062940,897379,897713,905154,905254,7.441000,7.775000
100,4582,4582,51e6941,917455,917789,923400,923500,5.611000,5.945000
100,6846,6846,5abe942,923051,923377,935445,935545,12.068000,12.394000
100,6687,6687,5a1f940,930051,930385,940935,941035,10.550000,10.884000
100,7580,7580,5d9c941,935051,935385,946374,946474,10.989000,11.323000
100,5092,5092,53e4941,979170,979496,991060,991160,11.564000,11.890000
100,4573,4573,51dd942,1061051,1061377,1071154,1071254,9.777000,10.103000
100,8750,8750,622e940,1101051,1101385,1108831,1108931,7.446000,7.780000
100,8068,8068,5f84942,1135051,1135377,1145376,1145476,9.999000,10.325000
100,7008,7008,5b60943,1308410,1308736,1316245,1316345,7.509000,7.835000
100,9446,9446,64e6940,1355051,1355385,1363649,1363749,8.264000,8.598000
100,5384,5384,5508943,1358051,1358385,1369042,1369142,10.657000,10.991000
100,9070,9070,636e940,1396051,1396377,1403802,1403902,7.425000,7.751000
100,6666,6666,5a0a942,1421395,1421729,1428270,1428370,6.541000,6.875000
100,6189,6189,582d943,1472051,1472377,1481605,1481705,9.228000,9.554000
100,7860,7860,5eb4942,1517051,1517385,1523850,1523950,6.465000,6.799000
100,6540,6540,598c943,1504051,1504385,1529239,1529339,24.854000,25.188000
100,8960,8960,6300942,1598051,1598385,1604894,1604994,6.509000,6.843000
100,9831,9831,6667941,1646836,1647162,1653636,1653736,6.474000,6.800000
100,7406,7406,5cee942,1672762,1673096,1681449,1681549,8.353000,8.687000
100,8733,8733,621d941,1685051,1685385,1690956,1691056,5.571000,5.905000
100,10410,10410,68aa943,1797051,1797377,1802994,1803094,5.617000,5.943000
100,8850,8850,6292943,1912051,1912377,1924260,1924360,11.883000,12.209000
100,9115,9115,639b943,1967051,1967385,1979282,1979382,11.897000,12.231000
100,9555,9555,6553942,2204051,2204385,2211777,2211877,7.392000,7.726000
101,1033,1033,4409943,23051,23385,29905,30005,6.520000,6.854000
101,433,433,41b1943,100051,100385,107675,107775,7.290000,7.624000
101,377,377,4179941,111051,111385,119597,119697,8.212000,8.546000
101,1526,1526,45f6940,115051,115377,126818,126918,11.441000,11.767000
101,2383,2383,494f942,218051,218377,226718,226818,8.341000,8.667000
101,1875,1875,4753941,407051,407385,423930,424030,16.545000,16.879000
101,3500,3500,4dac942,461051,461377,468801,468901,7.424000,7.750000
101,1784,1784,46f8942,548051,548385,555737,555837,7.352000,7.686000
101,5862,5862,56e6942,568486,568812,587253,587353,18.441000,18.767000
101,4359,4359,5107940,594051,594385,604379,604479,9.994000,10.328000
101,2947,2947,4b83941,602051,602385,623857,623957,21.472000,21.806000
101,6090,6090,57ca940,661507,661841,670942,671042,9.101000,9.435000
101,6185,6185,5829942,668051,668377,676198,676298,7.821000,8.147000
101,4335,4335,50ef940,712416,712742,742778,742878,30.036000,30.362000
101,4007,4007,4fa7940,798051,798385,806628,806728,8.243000,8.577000
101,5148,5148,541c940,866051,866385,881708,881808,15.323000,15.657000
101,3776,3776,4ec0943,865051,865377,887176,887276,21.799000,22.125000
101,8840,8840,6288940,901051,901377,914147,914247,12.770000,13.096000
101,4515,4515,51a3943,938051,938377,952158,952258,13.781000,14.107000
101,4797,4797,52bd941,983051,983377,988067,988167,4.690000,5.016000
101,4862,4862,52fe942,1103051,1103377,1112609,1112709,9.232000,9.558000
101,5596,5596,55dc942,1248051,1248385,1255809,1255909,7.424000,7.758000
101,5028,5028,53a4943,1261051,1261385,1269671,1269771,8.286000,8.620000
101,6314,6314,58aa941,1402051,1402385,1416357,1416457,13.972000,14.306000
101,7847,7847,5ea7941,1457438,1457764,1468757,1468857,10.993000,11.319000
101,7310,7310,5c8e942,1461051,1461377,1474215,1474315,12.838000,13.164000
101,8738,8738,6222942,1475051,1475377,1487455,1487555,12.078000,12.404000
101,9081,9081,6379941,1577051,1577377,1587430,1587530,10.053000,10.379000
101,7279,7279,5c6f943,1635051,1635385,1643672,1643772,8.287000,8.621000
101,7939,7939,5f03940,1671051,1671385,1684123,1684223,12.738000,13.072000
101,8184,8184,5ff8941,1821051,1821377,1829701,1829801,8.324000,8.650000
101,10267,10267,681b940,1921051,1921385,1934952,1935052,13.567000,13.901000
101,8722,8722,6212941,1944051,1944385,1955342,1955442,10.957000,11.291000
101,10933,10933,6ab5943,1987051,1987385,1993845,1993945,6.460000,6.794000
101,6783,6783,5a7f940,2088051,2088385,2097566,2097666,9.181000,9.515000
102,1740,1740,46cc941,49783,50109,54801,54901,4.692000,5.018000
102,913,913,4391941,51051,51377,58978,59078,7.601000,7.927000
102,392,392,4188940,105051,105385,111946,112046,6.561000,6.895000
102,2307,2307,4903941,109051,109385,116050,116150,6.665000,6.999000
102,1250,1250,44e2942,177051,177385,187469,187569,10.084000,10.418000
102,1345,1345,4541940,187051,187385,197322,197422,9.937000,10.271000
102,1375,1375,455f940,178051,178385,202641,202741,24.256000,24.590000
102,1843,1843,4733942,229051,229377,234067,234167,4.690000,5.016000
102,342,342,4156942,266051,266385,274652,274752,8.267000,8.601000
102,2202,2202,489a943,384051,384385,403250,403350,18.865000,19.199000
102,1578,1578,462a940,384051,384377,414256,414356,29.879000,30.205000
102,1579,1579,462b941,408051,408385,430582,430682,22.197000,22.531000
102,1343,1343,453f943,426051,426377,434749,434849,8.372000,8.698000
102,1818,1818,471a941,427051,427377,441563,441663,14.186000,14.512000
102,1235,1235,44d3941,461051,461385,470534,470634,9.149000,9.483000
102,2594,2594,4a22941,459051,459385,479740,479840,20.355000,20.689000
102,4028,4028,4fbc940,509051,509385,516816,516915,7.431000,7.765000
102,3813,3813,4ee5942,528051,528377,534882,534982,6.505000,6.831000
102,4041,4041,4fc9942,560051,560385,567717,567817,7.332000,7.666000
102,5356,5356,54ec941,566051,566385,575562,575662,9.177000,9.511000
102,3785,3785,4ec9941,615424,615750,633098,633198,17.348000,17.674000
102,4853,4853,52f5943,654051,654377,661735,661835,7.358000,7.684000
102,6469,6469,5945942,659051,659377,668530,668630,9.153000,9.479000
102,4508,4508,519c943,831051,831377,837039,837139,5.662000,5.988000
102,3803,3803,4edb942,886051,886377,894610,894710,8.233000,8.559000
102,5362,5362,54f2942,889051,889377,898829,898929,9.452000,9.778000
102,3999,3999,4f9f942,898590,898916,909155,909255,10.239000,10.565000
102,8598,8598,6196942,904051,904385,914606,914706,10.221000,10.555000
102,6639,6639,59ef940,920051,920377,934154,934254,13.777000,14.103000
102,5282,5282,54a2942,929051,929377,940364,940464,10.987000,11.313000
102,5311,5311,54bf943,981051,981377,991407,991507,10.030000,10.356000
102,4439,4439,5157942,1034051,1034377,1042656,1042756,8.279000,8.605000
102,6701,6701,5a2d941,1047051,1047385,1054819,1054919,7.434000,7.768000
102,7104,7104,5bc0942,1093051,1093385,1100725,1100825,7.340000,7.674000
102,7191,7191,5c17942,1114051,1114385,1121807,1121907,7.422000,7.756000
102,7334,7334,5ca6942,1123402,1123736,1143279,1143379,19.543000,19.877000
102,10348,10348,686c941,1121425,1121759,1147495,1147595,25.736000,26.070000
102,8576,8576,6180940,1130051,1130377,1152914,1153014,22.537000,22.863000
102,5045,5045,53b5942,1132051,1132385,1158352,1158452,25.967000,26.301000
102,5821,5821,56bd942,1243051,1243385,1252501,1252601,9.116000,9.450000
102,6932,6932,5b14942,1266901,1267227,1286810,1286910,19.583000,19.909000
102,9439,9439,64df940,1301051,1301385,1312623,1312723,11.238000,11.572000
102,4796,4796,52bc943,1321051,1321377,1329023,1329123,7.646000,7.972000
102,6920,6920,5b08943,1375051,1375377,1382696,1382796,7.319000,7.645000
102,9323,9323,646b940,1412051,1412377,1418902,1419002,6.525000,6.851000
102,7944,7944,5f08943,1482051,1482385,1499252,1499352,16.867000,17.201000
102,8277,8277,6055943,1541051,1541385,1546980,1547080,5.595000,5.929000
102,7945,7945,5f09943,1591051,1591385,1601492,1601592,10.107000,10.441000
102,9502,9502,651e943,1615051,1615377,1626775,1626875,11.398000,11.724000
102,9889,9889,66a1941,1661051,1661385,1672350,1672450,10.965000,11.299000
102,8185,8185,5ff9943,1698051,1698377,1710231,1710331,11.854000,12.180000
102,7501,7501,5d4d941,1749051,1749377,1766567,1766667,17.190000,17.516000
102,8634,8634,61ba943,1803051,1803377,1813143,1813243,9.766000,10.092000
102,8636,8636,61bc943,1810759,1811093,1818574,1818674,7.481000,7.815000
102,10547,10547,6933942,1842051,1842385,1853333,1853433,10.948000,11.282000
102,10365,10365,687d941,1883051,1883377,1896038,1896138,12.661000,12.987000
102,6725,6725,5a45940,2016051,2016377,2026978,2027078,10.601000,10.927000
102,10654,10654,699e943,2066051,2066385,2076530,2076630,10.145000,10.479000
103,413,413,419d943,45051,45385,53525,53625,8.140000,8.474000
103,24,24,4018940,45051,45385,57723,57823,12.338000,12.672000
103,346,346,415a941,63051,63377,88533,88633,25.156000,25.482000
103,1696,1696,46a0942,181051,181385,187133,187233,5.748000,6.082000
103,1004,1004,43ec943,181425,181759,192504,192604,10.745000,11.079000
103,640,640,4280943,235051,235377,247211,247311,11.834000,12.160000
103,1333,1333,4535943,302051,302377,312479,312579,10.102000,10.428000
103,1515,1515,45eb942,329061,329387,343640,343740,14.253000,14.579000
103,2600,2600,4a28941,347602,347936,355434,355534,7.498000,7.832000
103,587,587,424b943,377051,377385,388313,388413,10.928000,11.262000
103,4859,4859,52fb941,438051,438377,448426,448526,10.049000,10.375000
103,3892,3892,4f34942,493051,493385,499863,499963,6.478000,6.812000
103,2203,2203,489b941,526051,526377,542726,542826,16.349000,16.675000
103,5011,5011,5393942,691051,691377,699618,699718,8.241000,8.567000
103,7238,7238,5c46940,688438,688764,719371,719471,30.607000,30.933000
103,7277,7277,5c6d940,761051,761377,772790,772890,11.413000,11.739000
103,5205,5205,5455940,766051,766385,778285,778385,11.900000,12.234000
103,5641,5641,5609942,818051,818377,828766,828866,10.389000,10.715000
103,7645,7645,5ddd940,827051,827385,838243,838343,10.858000,11.192000
103,7677,7677,5dfd940,838051,838377,849232,849332,10.855000,11.181000
103,5320,5320,54c8941,842051,842385,853962,854062,11.577000,11.911000
103,7046,7046,5b86943,960051,960385,968678,968778,8.293000,8.627000
103,5115,5115,53fb941,976051,976385,982895,982995,6.510000,6.844000
103,5510,5510,5586940,1004051,1004385,1016992,1017092,12.607000,12.941000
103,8150,8150,5fd6941,1033051,1033385,1044153,1044253,10.768000,11.102000
103,6229,6229,5855940,1045051,1045385,1056277,1056377,10.892000,11.226000
103,8618,8618,61aa940,1077051,1077385,1087420,1087520,10.035000,10.369000
103,6178,6178,5822942,1120051,1120377,1129507,1129607,9.130000,9.456000
103,5381,5381,5505942,1130051,1130385,1144606,1144706,14.221000,14.555000
103,7582,7582,5d9e943,1220051,1220385,1233795,1233895,13.410000,13.744000
103,10425,10425,68b9940,1291051,1291385,1304906,1305006,13.521000,13.855000
103,9524,9524,6534940,1312051,1312377,1324413,1324513,12.036000,12.362000
103,9734,9734,6606940,1336051,1336385,1346310,1346410,9.925000,10.259000
103,7044,7044,5b84943,1388431,1388757,1401156,1401256,12.399000,12.725000
103,7929,7929,5ef9941,1397051,1397385,1406630,1406730,9.245000,9.579000
103,5884,5884,56fc943,1434051,1434385,1445215,1445315,10.830000,11.164000
103,8792,8792,6258943,1523051,1523377,1536234,1536334,12.857000,13.183000
103,9142,9142,63b6941,1574051,1574377,1580834,1580934,6.457000,6.783000
104,430,430,41ae941,72416,72742,84048,84148,11.306000,11.632000
104,223,223,40df943,149431,149757,169785,169885,20.028000,20.354000
104,1197,1197,44ad940,188051,188385,196678,196778,8.293000,8.627000
104,1969,1969,47b1940,241051,241377,247028,247128,5.651000,5.977000
104,2109,2109,483d940,233051,233377,252464,252564,19.087000,19.413000
104,1590,1590,4636942,246051,246385,258249,258349,11.864000,12.198000
104,2695,2695,4a87940,263051,263385,270810,270910,7.425000,7.759000
104,1949,1949,479d942,279051,279385,290336,290436,10.951000,11.285000
104,2183,2183,4887941,365051,365377,370133,370233,4.756000,5.082000
104,3416,3416,4d58941,418051,418377,431052,431152,12.675000,13.001000
104,1815,1815,4717942,427051,427377,441920,442020,14.543000,14.869000
104,3127,3127,4c37942,432051,432385,452804,452904,20.419000,20.753000
104,3255,3255,4cb7941,443051,443377,458278,458378,14.901000,15.227000
104,2274,2274,48e2943,485051,485377,503708,503808,18.331000,18.657000
104,4321,4321,50e1940,521050,521385,533218,533318,11.833000,12.168000
104,5853,5853,56dd942,601051,601377,611455,611555,10.078000,10.404000
104,5258,5258,548a941,641051,641385,660965,661065,19.580000,19.914000
104,5488,5488,5570943,793051,793385,803482,803582,10.097000,10.431000
104,3368,3368,4d28941,879051,879385,894985,895085,15.600000,15.934000
104,5085,5085,53dd941,948051,948377,953128,953228,4.751000,5.077000
104,7343,7343,5caf940,1003051,1003377,1008144,1008244,4.767000,5.093000
104,10259,10259,6813942,1000188,1000514,1013511,1013611,12.997000,13.323000
104,10736,10736,69f0941,1100051,1100377,1110503,1110603,10.126000,10.452000
104,5582,5582,55ce942,1187051,1187377,1197595,1197695,10.218000,10.544000
104,7821,7821,5e8d943,1189461,1189795,1203112,1203212,13.317000,13.651000
104,4073,4073,4fe9940,1279051,1279377,1289956,1290056,10.579000,10.905000
104,4856,4856,52f8940,1435051,1435377,1445686,1445786,10.309000,10.635000
104,7183,7183,5c0f941,1447051,1447377,1452122,1452222,4.745000,5.071000
104,10456,10456,68d8942,1559051,1559377,1572168,1572268,12.791000,13.117000
104,9767,9767,6627941,1619051,1619377,1644080,1644180,24.703000,25.029000
104,6759,6759,5a67940,1666051,1666377,1675579,1675679,9.202000,9.528000
104,9522,9522,6532940,1729051,1729377,1734100,1734200,4.723000,5.049000
104,9353,9353,6489942,1718051,1718377,1738329,1738429,19.952000,20.278000
104,9262,9262,642e940,1750051,1750385,1762223,1762323,11.838000,12.172000
104,7538,7538,5d72942,1779051,1779385,1790429,1790529,11.044000,11.378000
104,10926,10926,6aae941,1843051,1843385,1851655,1851755,8.270000,8.604000
104,7615,7615,5dbf940,1892051,1892377,1901625,1901725,9.248000,9.574000
104,10042,10042,673a940,2013051,2013385,2021601,2021701,8.216000,8.550000
104,10119,10119,6787942,2207051,2207377,2216580,2216680,9.203000,9.529000
104,8607,8607,619f942,2203051,2203377,2222093,2222193,18.716000,19.042000
105,42,42,402a943,21051,21385,39312,39412,17.927000,18.261000
105,711,711,42c7942,80051,80385,99015,99115,18.630000,18.964000
105,735,735,42df940,111051,111385,123985,124085,12.600000,12.934000
105,187,187,40bb943,144051,144385,161545,161645,17.160000,17.494000
105,1634,1634,4662941,150516,150842,165712,165812,14.870000,15.196000
105,970,970,43ca943,158051,158377,171072,171172,12.695000,13.021000
105,995,995,43e3943,176051,176377,186433,186533,10.056000,10.382000
105,2080,2080,4820940,262051,262385,267110,267210,4.725000,5.059000
105,750,750,42ee942,284051,284377,293535,293635,9.158000,9.484000
105,1488,1488,45d0942,300051,300385,313167,313267,12.782000,13.116000
105,1576,1576,4628943,324051,324385,340995,341095,16.610000,16.944000
105,2471,2471,49a7943,351051,351385,362429,362529,11.044000,11.378000
105,1719,1719,46b7940,362395,362721,376281,376381,13.560000,13.886000
105,4976,4976,5370943,367051,367377,380466,380566,13.089000,13.415000
105,2397,2397,495d940,399051,399385,409474,409574,10.089000,10.423000
105,4983,4983,5377943,489787,490113,496598,496698,6.485000,6.811000
105,2030,2030,47ee942,512016,512342,521605,521704,9.263000,9.589000
105,3860,3860,4f14943,517050,517385,526617,526717,9.232000,9.567000
105,2985,2985,4ba9940,560395,560721,571229,571329,10.508000,10.834000
105,3802,3802,4eda942,646051,646385,651122,651222,4.737000,5.071000
105,4647,4647,5227940,871051,871377,879563,879663,8.186000,8.512000
105,3933,3933,4f5d942,995051,995377,1008170,1008270,12.793000,13.119000
105,5378,5378,5502941,1012051,1012377,1018024,1018124,5.647000,5.973000
105,7858,7858,5eb2940,1049051,1049377,1055031,1055131,5.654000,5.980000
105,5490,5490,5572942,1043051,1043385,1060426,1060526,17.041000,17.375000
105,3705,3705,4e79940,1087051,1087385,1095902,1096002,8.517000,8.851000
105,9673,9673,65c9943,1085051,1085385,1101495,1101595,16.110000,16.444000
105,5591,5591,55d7943,1132051,1132377,1137989,1138089,5.612000,5.938000
105,10240,10240,6800943,1159051,1159377,1170441,1170541,11.064000,11.390000
105,7124,7124,5bd4943,1240051,1240385,1255529,1255629,15.144000,15.478000
105,7170,7170,5c02942,1247051,1247377,1277954,1278054,30.577000,30.903000
105,6814,6814,5a9e940,1340051,1340377,1362057,1362157,21.680000,22.006000
105,8966,8966,6306941,1382051,1382377,1394281,1394381,11.904000,12.230000
105,6181,6181,5825940,1402051,1402385,1411570,1411670,9.185000,9.519000
105,6813,6813,5a9d940,1429051,1429385,1436812,1436912,7.427000,7.761000
105,5240,5240,5478942,1552051,1552385,1567345,1567445,14.960000,15.294000
105,10469,10469,68e5940,1669051,1669377,1676753,1676853,7.376000,7.702000
105,7032,7032,5b78940,1730051,1730377,1738678,1738778,8.301000,8.627000
105,6839,6839,5ab7942,1846051,1846385,1852000,1852100,5.615000,5.949000
106,851,851,4353941,92051,92385,100432,100532,8.047000,8.381000
106,1703,1703,46a7941,119051,119377,125041,125141,5.664000,5.990000
106,1285,1285,4505940,130051,130377,136916,137016,6.539000,6.865000
106,463,463,41cf940,138051,138377,150492,150592,12.115000,12.441000
106,2812,2812,4afc941,183051,183377,197049,197149,13.672000,13.998000
106,867,867,4363942,216425,216759,223319,223419,6.560000,6.894000
106,2974,2974,4b9e941,313051,313385,324373,324473,10.988000,11.322000
106,1501,1501,45dd941,370051,370377,377039,377139,6.662000,6.988000
106,3129,3129,4c39941,392051,392377,399873,399973,7.496000,7.822000
106,3184,3184,4c70941,577051,577385,582126,582226,4.741000,5.075000
106,2554,2554,49fa943,659051,659377,668495,668595,9.118000,9.444000
106,3251,3251,4cb3942,716051,716377,725587,725687,9.210000,9.536000
106,3826,3826,4ef2943,734051,734377,739126,739226,4.749000,5.075000
106,4881,4881,5311943,729051,729385,751057,751157,21.672000,22.006000
106,2454,2454,4996942,771051,771385,782310,782410,10.925000,11.259000
106,5966,5966,574e942,837051,837385,845657,845757,8.272000,8.606000
106,9572,9572,6564943,850051,850385,856551,856651,6.166000,6.500000
106,5265,5265,5491942,1010051,1010377,1018647,1018747,8.270000,8.596000
106,6949,6949,5b25942,1039051,1039377,1054665,1054765,15.288000,15.614000
106,6050,6050,57a2940,1088402,1088736,1104433,1104533,15.697000,16.031000
106,7915,7915,5eeb941,1137051,1137385,1143050,1143150,5.665000,5.999000
106,10190,10190,67ce943,1146402,1146736,1156865,1156965,10.129000,10.463000
106,8086,8086,5f96940,1203051,1203385,1208965,1209065,5.580000,5.914000
106,8785,8785,6251941,1276051,1276377,1281961,1282061,5.584000,5.910000
106,9884,9884,669c942,1318051,1318385,1327638,1327738,9.253000,9.587000
106,8881,8881,62b1941,1408051,1408377,1413950,1414050,5.573000,5.899000
106,7368,7368,5cc8941,1423051,1423385,1432456,1432556,9.071000,9.405000
106,9535,9535,653f940,1490782,1491108,1496766,1496866,5.658000,5.984000
106,8994,8994,6322943,1562051,1562385,1567125,1567225,4.740000,5.074000
106,7355,7355,5cbb940,1595051,1595385,1604615,1604715,9.230000,9.564000
106,7551,7551,5d7f942,1593436,1593770,1610128,1610228,16.358000,16.692000
106,7306,7306,5c8a940,1607051,1607385,1621050,1621150,13.665000,13.999000
106,10566,10566,6946942,1858051,1858377,1872896,1872996,14.519000,14.845000
106,10876,10876,6a7c940,2122051,2122385,2128876,2128976,6.491000,6.825000
106,8391,8391,60c7942,2226418,2226752,2231523,2231623,4.771000,5.105000
106,9721,9721,65f9943,2253841,2254175,2272809,2272909,18.634000,18.968000
106,10886,10886,6a86943,2471051,2471385,2482400,2482500,11.015000,11.349000
107,679,679,42a7940,95051,95377,103671,103771,8.294000,8.620000
107,617,617,4269942,116051,116385,125555,125655,9.170000,9.504000
107,1230,1230,44ce940,127844,128170,141947,142047,13.777000,14.103000
107,840,840,4348942,137051,137377,146331,146431,8.954000,9.280000
107,1814,1814,4716941,164051,164377,172028,172128,7.651000,7.977000
107,787,787,4313943,163051,163385,186518,186618,23.133000,23.467000
107,652,652,428c940,198051,198385,210345,210445,11.960000,12.294000
107,789,789,4315943,237051,237385,248557,248657,11.172000,11.506000
107,401,401,4191943,250051,250385,262259,262359,11.874000,12.208000
107,1840,1840,4730942,269051,269377,288759,288859,19.382000,19.708000
107,2000,2000,47d0941,409051,409385,415891,415991,6.506000,6.840000
107,1337,1337,4539942,413051,413377,434877,434977,21.500000,21.826000
107,2629,2629,4a45940,454051,454377,473256,473356,18.879000,19.205000
107,2703,2703,4a8f942,469051,469385,479405,479505,10.020000,10.354000
107,2953,2953,4b89943,495051,495385,502846,502946,7.461000,7.795000
107,2235,2235,48bb940,526051,526385,543306,543406,16.921000,17.255000
107,3928,3928,4f58941,566051,566385,588397,588497,22.012000,22.346000
107,3875,3875,4f23942,590051,590385,598691,598791,8.306000,8.640000
107,2642,2642,4a52942,590051,590377,612102,612202,21.725000,22.051000
107,4819,4819,52d3943,629696,630022,637480,637580,7.458000,7.784000
107,2549,2549,49f5940,705051,705377,711015,711115,5.638000,5.964000
107,5699,5699,5643941,738051,738385,744923,745023,6.538000,6.872000
107,3508,3508,4db4943,737051,737377,750391,750491,13.014000,13.340000
107,5293,5293,54ad941,776051,776377,786958,787058,10.581000,10.907000
107,2555,2555,49fb941,783051,783385,793527,793627,10.142000,10.476000
107,5958,5958,5746941,800051,800385,806262,806362,5.877000,6.211000
107,4782,4782,52ae941,830051,830377,841341,841441,10.964000,11.290000
107,6533,6533,5985941,849051,849385,866546,866646,17.161000,17.495000
107,4725,4725,5275940,1008051,1008385,1027181,1027281,18.796000,19.130000
107,6371,6371,58e3942,1072051,1072377,1082425,1082525,10.048000,10.374000
107,5955,5955,5743941,1100051,1100385,1107797,1107897,7.412000,7.746000
107,6158,6158,580e943,1107051,1107377,1115684,1115784,8.307000,8.633000
107,7899,7899,5edb942,1117487,1117813,1132100,1132200,14.287000,14.613000
107,7061,7061,5b95943,1189051,1189377,1202638,1202738,13.261000,13.587000
107,5273,5273,5499942,1191051,1191385,1206915,1207015,15.530000,15.864000
107,9492,9492,6514941,1200051,1200377,1212334,1212434,11.957000,12.283000
107,9543,9543,6547941,1205439,1205773,1223317,1223417,17.544000,17.878000
107,5418,5418,552a942,1214791,1215125,1234218,1234318,19.093000,19.427000
107,5814,5814,56b6940,1257051,1257385,1270695,1270795,13.310000,13.644000
107,8216,8216,6018941,1271051,1271385,1278381,1278481,6.996000,7.330000
107,4291,4291,50c3940,1289051,1289385,1295887,1295987,6.502000,6.836000
107,7866,7866,5eba942,1326051,1326377,1334696,1334796,8.319000,8.645000
107,4345,4345,50f9940,1352051,1352385,1358958,1359058,6.573000,6.907000
107,9634,9634,65a2940,1365051,1365377,1373853,1373953,8.476000,8.802000
107,7524,7524,5d64942,1426051,1426377,1435645,1435745,9.268000,9.594000
107,10815,10815,6a3f942,1711051,1711377,1719572,1719672,8.195000,8.521000
107,7056,7056,5b90940,1789051,1789385,1795882,1795982,6.497000,6.831000
107,10939,10939,6abb942,1841051,1841385,1848732,1848832,7.347000,7.681000
107,9437,9437,64dd940,2082051,2082377,2094118,2094218,11.741000,12.067000
107,10056,10056,6748942,2160051,2160385,2168684,2168784,8.299000,8.633000
108,1198,1198,44ae942,115051,115377,121041,121141,5.664000,5.990000
108,954,954,43ba941,161051,161377,171425,171525,10.048000,10.374000
108,1425,1425,4591942,233051,233385,239012,239112,5.627000,5.961000
108,2506,2506,49ca942,299051,299377,304963,305063,5.586000,5.912000
108,3681,3681,4e61941,332051,332377,339614,339714,7.237000,7.563000
108,3118,3118,4c2e941,363051,363385,381139,381239,17.754000,18.088000
108,1123,1123,4463942,423051,423385,429890,429990,6.505000,6.839000
108,3138,3138,4c42943,440051,440385,449439,449539,9.054000,9.388000
108,3000,3000,4bb8940,567952,568286,579308,579408,11.022000,11.356000
108,4378,4378,511a943,580051,580385,587803,587903,7.418000,7.752000
108,5493,5493,5575943,589051,589377,602054,602154,12.677000,13.003000
108,3993,3993,4f99941,631051,631377,637828,637928,6.451000,6.777000
108,3209,3209,4c89940,731051,731377,752695,752795,21.318000,21.644000
108,3231,3231,4c9f942,815051,815385,825434,825534,10.049000,10.383000
108,7330,7330,5ca2942,851051,851377,860419,860519,9.042000,9.368000
108,4809,4809,52c9941,881051,881385,895055,895155,13.670000,14.004000
108,4751,4751,528f942,929051,929385,941902,942002,12.517000,12.851000
108,7369,7369,5cc9940,994051,994385,1009420,1009520,15.035000,15.369000
108,8063,8063,5f7f941,1105051,1105385,1115489,1115589,10.104000,10.438000
108,7412,7412,5cf4941,1114051,1114385,1127452,1127552,13.067000,13.401000
108,7690,7690,5e0a943,1211051,1211377,1233106,1233206,21.729000,22.055000
108,6569,6569,59a9940,1234051,1234385,1250314,1250414,15.929000,16.263000
108,8993,8993,6321943,1262051,1262385,1278597,1278697,16.212000,16.546000
108,8425,8425,60e9940,1404051,1404385,1413600,1413700,9.215000,9.549000
108,8725,8725,6215943,1472627,1472961,1484454,1484554,11.493000,11.827000
108,10893,10893,6a8d943,1554453,1554779,1561402,1561502,6.623000,6.949000
108,7662,7662,5dee941,1575051,1575385,1586410,1586510,11.025000,11.359000
108,7869,7869,5ebd940,1652439,1652765,1660426,1660526,7.661000,7.987000
108,7979,7979,5f2b941,1693424,1693750,1705046,1705146,11.296000,11.622000
108,5811,5811,56b3942,1710051,1710385,1717241,1717341,6.856000,7.190000
108,10930,10930,6ab2942,1791431,1791757,1798403,1798503,6.646000,6.972000
108,8627,8627,61b3941,1889051,1889385,1902049,1902149,12.664000,12.998000
108,10891,10891,6a8b940,1984439,1984773,1993174,1993274,8.401000,8.735000
108,9641,9641,65a9941,1990051,1990385,1998657,1998757,8.272000,8.606000
108,9591,9591,6577942,2015051,2015377,2024591,2024691,9.214000,9.540000
108,10526,10526,691e942,2114051,2114377,2125416,2125516,11.039000,11.365000
109,508,508,41fc940,50051,50377,62590,62690,12.213000,12.539000
109,303,303,412f940,49051,49385,68019,68119,18.634000,18.968000
109,1239,1239,44d7943,67051,67377,73930,74030,6.553000,6.879000
109,971,971,43cb943,74566,74900,82371,82471,7.471000,7.805000
109,1271,1271,44f7940,82051,82377,95109,95209,12.732000,13.058000
109,328,328,4148942,97051,97377,103831,103931,6.454000,6.780000
109,311,311,4137942,120051,120377,128720,128819,8.343000,8.669000
109,762,762,42fa942,158051,158385,167608,167708,9.223000,9.557000
109,1085,1085,443d940,162051,162377,178556,178656,16.179000,16.505000
109,633,633,4279943,169051,169377,200314,200414,30.937000,31.263000
109,1077,1077,4435943,195051,195385,204459,204559,9.074000,9.408000
109,2003,2003,47d3940,177051,177385,208708,208808,31.323000,31.657000
109,493,493,41ed942,200051,200385,212881,212981,12.496000,12.830000
109,533,533,4215941,186051,186385,217123,217223,30.738000,31.072000
109,1121,1121,4461943,302051,302377,307981,308081,5.604000,5.930000
109,2051,2051,4803943,408051,408385,414917,415017,6.532000,6.866000
109,2342,2342,4926941,445051,445385,452742,452842,7.357000,7.691000
109,3328,3328,4d00942,472051,472385,479697,479797,7.312000,7.646000
109,3936,3936,4f60940,472051,472377,490600,490700,18.223000,18.549000
109,3618,3618,4e22943,506051,506385,512057,512156,5.672000,6.006000
109,1257,1257,44e9941,521050,521385,527911,528011,6.526000,6.861000
109,4027,4027,4fbb941,520418,520752,533404,533504,12.652000,12.986000
109,3131,3131,4c3b941,582051,582385,587132,587232,4.747000,5.081000
109,2835,2835,4b13940,601051,601385,614210,614310,12.825000,13.159000
109,7359,7359,5cbf943,629051,629377,647699,647799,18.322000,18.648000
109,7390,7390,5cde943,668051,668385,678441,678541,10.056000,10.390000
109,2407,2407,4967942,688051,688385,693990,694090,5.605000,5.939000
109,2547,2547,49f3942,694051,694385,705637,705737,11.252000,11.586000
109,5144,5144,5418940,746051,746377,756476,756576,10.099000,10.425000
109,2609,2609,4a31942,737051,737385,761886,761986,24.501000,24.835000
109,5664,5664,5620940,785051,785385,808576,808676,23.191000,23.525000
109,8078,8078,5f8e943,837051,837377,844828,844928,7.451000,7.777000
109,3162,3162,4c5a940,841051,841377,850283,850383,8.906000,9.232000
109,5382,5382,5506943,849051,849385,858616,858716,9.231000,9.565000
109,6143,6143,57ff942,890051,890385,895136,895236,4.751000,5.085000
109,8442,8442,60fa943,897051,897385,910453,910553,13.068000,13.402000
109,5658,5658,561a943,907453,907779,922956,923056,15.177000,15.503000
109,4680,4680,5248942,941431,941757,959294,959394,17.537000,17.863000
109,6031,6031,578f940,1025051,1025385,1039885,1039984,14.500000,14.834000
109,5994,5994,576a943,1048051,1048377,1057007,1057107,8.630000,8.956000
109,5043,5043,53b3940,1071051,1071385,1077020,1077120,5.635000,5.969000
109,4694,4694,5256942,1118439,1118773,1128145,1128245,9.372000,9.706000
109,7961,7961,5f19941,1256183,1256509,1261209,1261309,4.700000,5.026000
109,6997,6997,5b55941,1336051,1336377,1347342,1347442,10.965000,11.291000
109,6100,6100,57d4942,1470446,1470780,1490048,1490148,19.268000,19.602000
109,10279,10279,6827941,1674446,1674780,1685716,1685816,10.936000,11.270000
109,9913,9913,66b9941,1688051,1688377,1697596,1697696,9.219000,9.545000
109,9722,9722,65fa940,1698051,1698377,1705715,1705815,7.338000,7.664000
109,10666,10666,69aa941,1704051,1704385,1712607,1712707,8.222000,8.556000
109,8404,8404,60d4940,1787051,1787377,1795295,1795395,7.918000,8.244000
109,8050,8050,5f72942,2036051,2036377,2043833,2043933,7.456000,7.782000
109,8532,8532,6154942,2129051,2129377,2138628,2138728,9.251000,9.577000
110,1135,1135,446f941,92416,92750,103835,103935,11.085000,11.419000
110,360,360,4168942,161051,161377,169598,169698,8.221000,8.547000
110,857,857,4359942,175051,175385,184599,184699,9.214000,9.548000
110,2112,2112,4840943,221051,221385,226103,226203,4.718000,5.052000
110,775,775,4307943,222051,222377,239204,239304,16.827000,17.153000
110,1143,1143,4477941,316051,316377,325465,325565,9.088000,9.414000
110,3080,3080,4c08940,337155,337489,349420,349520,11.931000,12.265000
110,4357,4357,5105940,430051,430377,441320,441420,10.943000,11.269000
110,3895,3895,4f37943,446051,446385,456908,457008,10.523000,10.857000
110,6550,6550,5996940,483051,483385,494270,494370,10.885000,11.219000
110,4344,4344,50f8942,486051,486385,500897,500997,14.512000,14.846000
110,5628,5628,55fc943,554051,554377,571717,571817,17.340000,17.666000
110,1675,1675,468b942,598051,598377,612226,612326,13.849000,14.175000
110,5163,5163,542b941,615051,615385,631160,631260,15.775000,16.109000
110,1205,1205,44b5941,644051,644377,650899,650999,6.522000,6.848000
110,2152,2152,4868943,642051,642385,655058,655158,12.673000,13.007000
110,4835,4835,52e3940,732051,732385,757259,757359,24.874000,25.208000
110,3588,3588,4e04943,755051,755385,764550,764650,9.165000,9.499000
110,5615,5615,55ef942,773449,773775,795735,795835,21.960000,22.286000
110,7194,7194,5c1a941,789051,789377,799912,800012,10.535000,10.861000
110,3444,3444,4d74941,903374,903708,922276,922376,18.568000,18.902000
110,6053,6053,57a5943,1023051,1023385,1029035,1029135,5.650000,5.984000
110,6416,6416,5910940,1092446,1092780,1124811,1124911,32.031000,32.365000
110,5661,5661,561d940,1195051,1195385,1228385,1228485,33.000000,33.334000
110,5881,5881,56f9941,1249051,1249385,1262213,1262313,12.828000,13.162000
110,7908,7908,5ee4940,1312051,1312377,1323392,1323492,11.015000,11.341000
110,8098,8098,5fa2941,1361051,1361377,1367028,1367128,5.651000,5.977000
110,9134,9134,63ae940,1364051,1364385,1378043,1378143,13.658000,13.992000
110,4567,4567,51d7942,1430051,1430377,1436091,1436191,5.714000,6.040000
110,9627,9627,659b941,1494051,1494377,1508634,1508734,14.257000,14.583000
110,6492,6492,595c942,1533051,1533377,1542669,1542769,9.292000,9.618000
110,9397,9397,64b5941,1610051,1610385,1619574,1619674,9.189000,9.523000
110,10202,10202,67da941,1710431,1710757,1716405,1716505,5.648000,5.974000
110,8688,8688,61f0941,1727051,1727385,1735616,1735716,8.231000,8.565000
110,10387,10387,6893943,1753051,1753385,1760734,1760834,7.349000,7.683000
111,281,281,4119940,51051,51385,62295,62395,10.910000,11.244000
111,229,229,40e5941,67051,67385,79198,79298,11.813000,12.147000
111,529,529,4211941,68051,68377,84724,84824,16.347000,16.673000
111,573,573,423d941,132051,132385,140656,140756,8.271000,8.605000
111,1106,1106,4452941,131051,131377,146194,146294,14.817000,15.143000
111,1147,1147,447b943,144051,144385,162592,162692,18.207000,18.541000
111,1242,1242,44da943,160242,160568,168130,168230,7.562000,7.888000
111,1323,1323,452b940,188051,188385,199261,199361,10.876000,11.210000
111,2544,2544,49f0940,253051,253385,265126,265226,11.741000,12.075000
111,2327,2327,4917943,339051,339377,356354,356454,16.977000,17.303000
111,2651,2651,4a5b942,379051,379385,387648,387748,8.263000,8.597000
111,2677,2677,4a75943,482439,482773,498548,498648,15.775000,16.109000
111,3056,3056,4bf0943,502051,502385,511588,511688,9.203000,9.537000
111,3940,3940,4f64943,508051,508377,515737,515837,7.360000,7.686000
111,4104,4104,5008940,539051,539377,546810,546910,7.433000,7.759000
111,3086,3086,4c0e940,576051,576385,587248,587348,10.863000,11.197000
111,3710,3710,4e7e940,705051,705377,716958,717058,11.581000,11.907000
111,3317,3317,4cf5942,705051,705385,722376,722476,16.991000,17.325000
111,5108,5108,53f4941,729051,729385,750155,750255,20.770000,21.104000
111,7937,7937,5f01943,743051,743385,755543,755643,12.158000,12.492000
111,6368,6368,58e0940,753051,753377,761785,761885,8.408000,8.734000
111,3707,3707,4e7b942,766410,766736,778488,778588,11.752000,12.078000
111,2536,2536,49e8942,767051,767377,784034,784134,16.657000,16.983000
111,5718,5718,5656943,848051,848385,863478,863578,15.093000,15.427000
111,7818,7818,5e8a941,852051,852377,869012,869112,16.635000,16.961000
111,5995,5995,576b942,864051,864377,873179,873279,8.802000,9.128000
111,4161,4161,5041940,876051,876377,884876,884976,8.499000,8.825000
111,6851,6851,5ac3941,879051,879377,890579,890679,11.202000,11.528000
111,7646,7646,5dde941,1031051,1031385,1041151,1041251,9.766000,10.100000
111,3473,3473,4d91940,1126051,1126377,1135617,1135717,9.240000,9.566000
111,10085,10085,6765941,1300051,1300377,1314123,1314223,13.746000,14.072000
111,8079,8079,5f8f941,1304051,1304377,1322326,1322426,17.949000,18.275000
111,9406,9406,64be943,1343051,1343385,1352691,1352791,9.306000,9.640000
111,7395,7395,5ce3942,1376051,1376385,1389123,1389223,12.738000,13.072000
111,5141,5141,5415942,1477402,1477736,1489596,1489696,11.860000,12.194000
111,9621,9621,6595940,1513051,1513377,1531280,1531380,17.903000,18.229000
111,5251,5251,5483942,1533051,1533377,1542492,1542592,9.115000,9.441000
111,9840,9840,6670941,1565051,1565377,1583086,1583186,17.709000,18.035000
111,9700,9700,65e4940,1753051,1753385,1766077,1766177,12.692000,13.026000
112,1,1,4001943,33051,33385,48912,49012,15.527000,15.861000
112,403,403,4193943,73051,73385,81169,81269,7.784000,8.118000
112,627,627,4273941,143051,143385,160496,160596,17.111000,17.445000
112,236,236,40ec941,156051,156377,164689,164789,8.312000,8.638000
112,314,314,413a941,167051,167385,175673,175773,8.288000,8.622000
112,343,343,4157942,170051,170377,197598,197698,27.221000,27.547000
112,1853,1853,473d942,182416,182742,202998,203098,20.256000,20.582000
112,1116,1116,445c941,207051,207385,220844,220944,13.459000,13.793000
112,808,808,4328941,219051,219385,230322,230422,10.937000,11.271000
112,2046,2046,47fe940,245051,245377,261729,261828,16.352000,16.678000
112,2255,2255,48cf940,336051,336377,345571,345671,9.194000,9.520000
112,3721,3721,4e89940,344051,344377,354428,354528,10.051000,10.377000
112,1240,1240,44d8943,338051,338377,365235,365335,26.858000,27.184000
112,1545,1545,4609943,372051,372385,396401,396501,24.016000,24.350000
112,822,822,4336943,413051,413377,422600,422700,9.223000,9.549000
112,1889,1889,4761943,487051,487377,499159,499259,11.782000,12.108000
112,3841,3841,4f01941,499051,499377,509426,509526,10.049000,10.375000
112,2754,2754,4ac2941,558051,558385,566603,566703,8.218000,8.552000
112,3132,3132,4c3c941,556051,556385,572112,572212,15.727000,16.061000
112,4635,4635,521b941,694310,694636,705486,705586,10.850000,11.176000
112,3735,3735,4e97940,706051,706385,724413,724513,18.028000,18.362000
112,4994,4994,5382942,722051,722377,749725,749825,27.348000,27.674000
112,5768,5768,5688940,780051,780385,786016,786116,5.631000,5.965000
112,6097,6097,57d1941,817051,817377,826514,826614,9.137000,9.463000
112,6105,6105,57d9942,856051,856377,871778,871878,15.401000,15.727000
112,7128,7128,5bd8940,940051,940385,954346,954446,13.961000,14.295000
112,4722,4722,5272941,968438,968764,978449,978549,9.685000,10.011000
112,9712,9712,65f0942,1020051,1020377,1042654,1042753,22.277000,22.603000
112,6117,6117,57e5941,1033051,1033385,1048105,1048205,14.720000,15.054000
112,8772,8772,6244940,1144051,1144377,1152704,1152804,8.327000,8.653000
112,3520,3520,4dc0941,1150051,1150385,1158118,1158218,7.733000,8.067000
112,5489,5489,5571943,1190051,1190385,1209633,1209733,19.248000,19.582000
112,8409,8409,60d9940,1235051,1235385,1246327,1246427,10.942000,11.276000
112,8919,8919,62d7941,1327051,1327385,1335167,1335267,7.782000,8.116000
112,7295,7295,5c7f940,1378051,1378377,1384941,1385041,6.564000,6.890000
112,10887,10887,6a87943,1473051,1473385,1480817,1480917,7.432000,7.766000
112,6120,6120,57e8942,1512051,1512385,1521527,1521627,9.142000,9.476000
112,6972,6972,5b3c942,1635051,1635385,1644560,1644660,9.175000,9.509000
112,5842,5842,56d2943,1670051,1670377,1683086,1683186,12.709000,13.035000
112,8686,8686,61ee943,1753051,1753377,1764341,1764441,10.964000,11.290000
112,9067,9067,636b943,1871051,1871377,1884966,1885066,13.589000,13.915000
112,10796,10796,6a2c941,1882051,1882377,1896932,1897032,14.555000,14.881000
112,9428,9428,64d4941,1957051,1957385,1963890,1963990,6.505000,6.839000
112,10072,10072,6758941,1975051,1975385,1981912,1982012,6.527000,6.861000
112,10811,10811,6a3b943,2174051,2174385,2184446,2184546,10.061000,10.395000
113,224,224,40e0943,32050,32385,43430,43530,11.045000,11.380000
113,1096,1096,4448942,101051,101377,109667,109767,8.290000,8.616000
113,2390,2390,4956942,250051,250385,263031,263131,12.646000,12.980000
113,874,874,436a943,300051,300385,316029,316129,15.644000,15.978000
113,3456,3456,4d80940,305051,305385,321456,321556,16.071000,16.405000
113,4765,4765,529d942,319051,319377,332414,332514,13.037000,13.363000
113,3652,3652,4e44940,371051,371377,383355,383455,11.978000,12.304000
113,3478,3478,4d96940,384051,384385,393584,393684,9.199000,9.533000
113,2941,2941,4b7d942,560051,560377,574927,575027,14.550000,14.876000
113,5882,5882,56fa942,647051,647377,659845,659945,12.468000,12.794000
113,4434,4434,5152940,648051,648385,669514,669614,21.129000,21.463000
113,2261,2261,48d5943,701051,701385,712297,712397,10.912000,11.246000
113,4257,4257,50a1940,707051,707385,717813,717913,10.428000,10.762000
113,4709,4709,5265943,714051,714385,730618,730718,16.233000,16.567000
113,4792,4792,52b8943,735087,735421,741922,742022,6.501000,6.835000
113,4197,4197,5065941,743051,743377,748146,748246,4.769000,5.095000
113,5833,5833,56c9940,777051,777385,785658,785758,8.273000,8.607000
113,5162,5162,542a940,802051,802385,811584,811684,9.199000,9.533000
113,4398,4398,512e943,803051,803385,835734,835834,32.349000,32.683000
113,6859,6859,5acb941,846051,846385,859087,859187,12.702000,13.036000
113,5434,5434,553a941,872453,872779,888766,888866,15.987000,16.313000
113,4627,4627,5213941,896051,896385,911764,911864,15.379000,15.713000
113,4480,4480,5180942,909497,909823,918092,918192,8.269000,8.595000
113,7360,7360,5cc0942,928051,928385,939311,939411,10.926000,11.260000
113,4971,4971,536b941,935051,935377,944817,944917,9.440000,9.766000
113,6201,6201,5839940,976051,976385,983739,983839,7.354000,7.688000
113,6339,6339,58c3942,991051,991377,1018457,1018557,27.080000,27.406000
113,8700,8700,61fc940,1118051,1118385,1124938,1125038,6.553000,6.887000
113,7213,7213,5c2d943,1170051,1170377,1180420,1180520,10.043000,10.369000
113,9071,9071,636f942,1259743,1260077,1273969,1274069,13.892000,14.226000
113,6903,6903,5af7941,1287051,1287385,1296632,1296732,9.247000,9.581000
113,7765,7765,5e55941,1298051,1298385,1318052,1318152,19.667000,20.001000
113,9151,9151,63bf940,1353051,1353377,1361696,1361796,8.319000,8.645000
113,6259,6259,5873942,1397051,1397377,1404750,1404850,7.373000,7.699000
113,9794,9794,6642941,1494051,1494377,1499106,1499206,4.729000,5.055000
113,8554,8554,616a942,1498051,1498385,1516247,1516347,17.862000,18.196000
113,6267,6267,587b942,1542051,1542377,1550676,1550776,8.299000,8.625000
113,8018,8018,5f52942,1559051,1559377,1565830,1565930,6.453000,6.779000
113,10582,10582,6956942,1578051,1578377,1583990,1584090,5.613000,5.939000
113,7625,7625,5dc9943,1586051,1586385,1599106,1599206,12.721000,13.055000
113,7732,7732,5e34943,1602051,1602377,1609784,1609884,7.407000,7.733000
113,8187,8187,5ffb943,1636051,1636377,1651773,1651873,15.396000,15.722000
113,7977,7977,5f29943,1707051,1707385,1714788,1714888,7.403000,7.737000
113,9589,9589,6575940,1744051,1744377,1761559,1761659,17.182000,17.508000
113,10693,10693,69c5941,1792051,1792385,1799850,1799950,7.465000,7.799000
113,8431,8431,60ef942,1805051,1805377,1812734,1812834,7.357000,7.683000
113,9036,9036,634c943,1822051,1822377,1830733,1830833,8.356000,8.682000
113,10780,10780,6a1c942,2034051,2034385,2048066,2048167,13.681000,14.015000
113,9436,9436,64dc943,2083051,2083385,2092552,2092651,9.167000,9.501000
113,10862,10862,6a6e941,2094051,2094377,2110648,2110748,16.271000,16.597000
113,10577,10577,6951941,2199051,2199377,2207684,2207784,8.307000,8.633000
114,1003,1003,43eb940,98051,98385,110287,110387,11.902000,12.236000
114,993,993,43e1940,125051,125385,144352,144452,18.967000,19.301000
114,151,151,4097942,161051,161385,170592,170692,9.207000,9.541000
114,934,934,43a6941,172051,172377,186900,187000,14.523000,14.849000
114,932,932,43a4942,197051,197385,211709,211809,14.324000,14.658000
114,968,968,43c8941,223908,224242,230817,230917,6.575000,6.909000
114,5214,5214,545e940,286051,286385,293332,293432,6.947000,7.281000
114,2072,2072,4818943,282051,282385,297495,297595,15.110000,15.444000
114,2482,2482,49b2940,349881,350215,363024,363124,12.809000,13.143000
114,2122,2122,484a941,381051,381377,390575,390675,9.198000,9.524000
114,2294,2294,48f6943,492051,492377,506937,507037,14.560000,14.886000
114,2267,2267,48db942,501051,501385,514092,514192,12.707000,13.041000
114,3015,3015,4bc7940,534051,534377,541442,541542,7.065000,7.391000
114,5183,5183,543f942,546051,546377,560023,560123,13.646000,13.972000
114,3561,3561,4de9940,647051,647377,653917,654017,6.540000,6.866000
114,5727,5727,565f941,745051,745385,754154,754254,8.769000,9.103000
114,2361,2361,4939940,788051,788385,799326,799426,10.941000,11.275000
114,5260,5260,548c940,833051,833377,841651,841751,8.274000,8.600000
114,4935,4935,5347942,868051,868377,883183,883283,14.806000,15.132000
114,6389,6389,58f5940,865439,865765,888662,888762,22.897000,23.223000
114,8845,8845,628d940,906051,906385,911957,912057,5.572000,5.906000
114,3748,3748,4ea4943,911051,911377,919715,919815,8.338000,8.664000
114,7708,7708,5e1c941,928051,928385,934000,934100,5.615000,5.949000
114,6627,6627,59e3941,991051,991385,1003849,1003949,12.464000,12.798000
114,4441,4441,5159943,1000439,1000773,1024403,1024503,23.630000,23.964000
114,5201,5201,5451941,1015051,1015385,1029930,1030030,14.545000,14.879000
114,7985,7985,5f31940,1038051,1038385,1044916,1045016,6.531000,6.865000
114,5363,5363,54f3942,1053051,1053385,1070300,1070400,16.915000,17.249000
114,7783,7783,5e67940,1067051,1067385,1081046,1081146,13.661000,13.995000
114,9771,9771,662b940,1063051,1063385,1086487,1086587,23.102000,23.436000
114,4785,4785,52b1941,1074051,1074385,1092001,1092101,17.616000,17.950000
114,5091,5091,53e3940,1084051,1084377,1102370,1102470,17.993000,18.319000
114,6329,6329,58b9943,1223051,1223385,1228145,1228245,4.760000,5.094000
114,5262,5262,548e943,1227051,1227377,1241943,1242043,14.566000,14.892000
114,6842,6842,5aba941,1266051,1266377,1277404,1277504,11.027000,11.353000
114,7069,7069,5b9d941,1383051,1383377,1391708,1391808,8.331000,8.657000
114,7989,7989,5f35940,1429051,1429385,1437699,1437799,8.314000,8.648000
114,6959,6959,5b2f940,1496051,1496385,1520963,1521063,24.578000,24.912000
114,9159,9159,63c7942,1610051,1610377,1617742,1617842,7.365000,7.691000
114,9485,9485,650d942,1625051,1625385,1632766,1632866,7.381000,7.715000
114,6108,6108,57dc943,1689051,1689377,1704892,1704992,15.515000,15.841000
114,10155,10155,67ab941,1976051,1976377,1983840,1983940,7.463000,7.789000
114,10252,10252,680c941,1987051,1987385,1994857,1994957,7.472000,7.806000
114,10178,10178,67c2943,2008051,2008377,2014936,2015036,6.559000,6.885000
115,376,376,4178942,67051,67385,79802,79902,12.417000,12.751000
115,1548,1548,460c941,75051,75377,86362,86462,10.985000,11.311000
115,948,948,43b4943,107431,107757,122302,122402,14.545000,14.871000
115,170,170,40aa941,148051,148385,155813,155913,7.428000,7.762000
115,489,489,41e9942,170410,170736,183617,183717,12.881000,13.207000
115,1366,1366,4556940,185051,185377,194762,194862,9.385000,9.711000
115,3246,3246,4cae941,225051,225377,231886,231986,6.509000,6.835000
115,2573,2573,4a0d941,218051,218385,237254,237354,18.869000,19.203000
115,1777,1777,46f1943,250051,250377,263166,263266,12.789000,13.115000
115,722,722,42d2940,268051,268385,278352,278452,9.967000,10.301000
115,882,882,4372940,271051,271377,283853,283953,12.476000,12.802000
115,2205,2205,489d940,334051,334377,342653,342753,8.276000,8.602000
115,1017,1017,43f9941,431051,431377,443004,443104,11.627000,11.953000
115,3811,3811,4ee3941,491051,491385,503044,503144,11.659000,11.993000
115,3344,3344,4d10943,510051,510377,522207,522307,11.830000,12.156000
115,2470,2470,49a6940,586051,586385,595482,595582,9.097000,9.431000
115,4443,4443,515b941,674051,674377,683471,683571,9.094000,9.420000
115,5872,5872,56f0941,673051,673385,694912,695012,21.527000,21.861000
115,4506,4506,519a941,841051,841377,850939,851039,9.562000,9.888000
115,6463,6463,593f941,847051,847377,856307,856407,8.930000,9.256000
115,6146,6146,5802942,867510,867844,880054,880154,12.210000,12.544000
115,7399,7399,5ce7941,879051,879377,893210,893310,13.833000,14.159000
115,7397,7397,5ce5940,954698,955024,963394,963494,8.370000,8.696000
115,4916,4916,5334941,1020051,1020377,1034306,1034406,13.929000,14.255000
115,4080,4080,4ff0943,1038425,1038759,1047049,1047148,8.290000,8.624000
115,5266,5266,5492941,1097051,1097377,1115647,1115747,18.270000,18.596000
115,7855,7855,5eaf942,1117051,1117377,1133678,1133778,16.301000,16.627000
115,8283,8283,605b943,1178051,1178377,1183119,1183219,4.742000,5.068000
115,7211,7211,5c2b940,1184051,1184385,1190022,1190122,5.637000,5.971000
115,7398,7398,5ce6941,1194051,1194385,1213114,1213214,18.729000,19.063000
115,7762,7762,5e52941,1305439,1305765,1318461,1318561,12.696000,13.022000
115,10009,10009,6719941,1327051,1327377,1338608,1338708,11.231000,11.557000
115,6374,6374,58e6943,1423051,1423385,1430808,1430908,7.423000,7.757000
115,4182,4182,5056940,1481051,1481385,1491415,1491515,10.030000,10.364000
115,5168,5168,5430941,1492488,1492814,1502327,1502427,9.513000,9.839000
115,9836,9836,666c942,1572051,1572377,1582352,1582452,9.975000,10.301000
115,8670,8670,61de942,1616051,1616385,1622885,1622985,6.500000,6.834000
115,10500,10500,6904940,1645051,1645385,1651035,1651135,5.650000,5.984000
115,8103,8103,5fa7943,1682051,1682385,1695726,1695826,13.341000,13.675000
115,8749,8749,622d943,1787051,1787385,1793932,1794032,6.547000,6.881000
115,10941,10941,6abd943,2015051,2015377,2024594,2024694,9.217000,9.543000
115,10913,10913,6aa1943,2312051,2312377,2326030,2326130,13.653000,13.979000
116,128,128,4080942,117051,117385,131731,131831,14.346000,14.680000
116,1551,1551,460f940,136051,136385,142842,142942,6.457000,6.791000
116,2424,2424,4978941,183438,183764,200643,200743,16.879000,17.205000
116,1050,1050,441a941,206051,206385,215580,215680,9.195000,9.529000
116,1026,1026,4402940,235051,235385,242740,242840,7.355000,7.689000
116,1729,1729,46c1942,256051,256385,268022,268122,11.637000,11.971000
116,1219,1219,44c3942,295395,295721,301430,301530,5.709000,6.035000
116,1322,1322,452a943,335051,335385,341895,341995,6.510000,6.844000
116,2437,2437,4985940,344416,344742,354009,354109,9.267000,9.593000
116,1783,1783,46f7943,450051,450385,458660,458760,8.275000,8.609000
116,2073,2073,4819942,470051,470385,478663,478763,8.278000,8.612000
116,4964,4964,5364941,554051,554377,567141,567241,12.764000,13.090000
116,2668,2668,4a6c943,612051,612385,625044,625144,12.659000,12.993000
116,2362,2362,493a943,653051,653377,661718,661818,8.341000,8.667000
116,4513,4513,51a1943,716051,716377,727345,727445,10.968000,11.294000
116,3729,3729,4e91941,733051,733385,742616,742716,9.231000,9.565000
116,3576,3576,4df8943,817051,817377,828368,828468,10.991000,11.317000
116,3071,3071,4bff940,834051,834385,848955,849055,14.570000,14.904000
116,3645,3645,4e3d943,853051,853385,866314,866414,12.929000,13.263000
116,7372,7372,5ccc940,998051,998385,1009331,1009431,10.946000,11.280000
116,6841,6841,5ab9940,1001051,1001377,1014826,1014926,13.449000,13.775000
116,9313,9313,6461942,1018051,1018377,1025788,1025888,7.411000,7.737000
116,7037,7037,5b7d940,1040416,1040742,1064164,1064264,23.422000,23.748000
116,6317,6317,58ad943,1119051,1119385,1127652,1127752,8.267000,8.601000
116,9584,9584,6570940,1146051,1146385,1158150,1158250,11.765000,12.099000
116,5706,5706,564a941,1166051,1166377,1171121,1171221,4.744000,5.070000
116,8768,8768,6240940,1168051,1168385,1178509,1178609,10.124000,10.458000
116,5494,5494,5576941,1264051,1264377,1273521,1273621,9.144000,9.470000
116,6992,6992,5b50941,1285051,1285377,1294572,1294672,9.195000,9.521000
116,6876,6876,5adc943,1300778,1301104,1305836,1305936,4.732000,5.058000
116,9764,9764,6624942,1303051,1303385,1322669,1322769,19.284000,19.618000
116,9626,9626,659a942,1363051,1363377,1375431,1375531,12.054000,12.380000
116,8282,8282,605a942,1421051,1421377,1434564,1434664,13.187000,13.513000
116,9266,9266,6432943,1449051,1449385,1456800,1456900,7.415000,7.749000
116,8727,8727,6217940,1480051,1480377,1494014,1494114,13.637000,13.963000
116,8989,8989,631d942,1525051,1525377,1536372,1536472,10.995000,11.321000
116,7322,7322,5c9a943,1542051,1542385,1553451,1553551,11.066000,11.400000
116,10078,10078,675e940,1585051,1585385,1590160,1590260,4.775000,5.109000
116,7655,7655,5de7943,1577395,1577729,1595578,1595678,17.849000,18.183000
116,9813,9813,6655940,1578051,1578377,1601085,1601185,22.708000,23.034000
116,9157,9157,63c5940,1584051,1584377,1606592,1606692,22.215000,22.541000
116,10715,10715,69db941,1625051,1625385,1634604,1634704,9.219000,9.553000
116,7375,7375,5ccf943,1625051,1625377,1640126,1640226,14.749000,15.075000
116,9509,9509,6525943,1637051,1637377,1645733,1645833,8.356000,8.682000
116,9438,9438,64de940,1646051,1646385,1658152,1658252,11.767000,12.101000
116,9396,9396,64b4942,1706051,1706377,1718975,1719075,12.598000,12.924000
116,10833,10833,6a51940,1783051,1783377,1791752,1791852,8.375000,8.701000
116,10124,10124,678c942,1801418,1801752,1812006,1812106,10.254000,10.588000
116,10936,10936,6ab8941,1804051,1804377,1817531,1817631,13.154000,13.480000
116,9052,9052,635c941,1871051,1871377,1880740,1880840,9.363000,9.689000
117,277,277,4115943,105051,105385,121681,121781,16.296000,16.630000
117,3722,3722,4e8a942,310395,310729,322614,322714,11.885000,12.219000
117,4425,4425,5149942,408051,408385,419356,419456,10.971000,11.305000
117,3230,3230,4c9e940,458051,458377,473539,473639,15.162000,15.488000
117,5631,5631,55ff942,493051,493377,504364,504464,10.987000,11.313000
117,4400,4400,5130940,544051,544385,550885,550985,6.500000,6.834000
117,3089,3089,4c11941,607051,607385,618352,618452,10.967000,11.301000
117,3286,3286,4cd6941,681416,681750,701752,701852,20.002000,20.336000
117,5453,5453,554d940,704051,704377,716225,716325,11.848000,12.174000
117,2492,2492,49bc943,708418,708752,721699,721799,12.947000,13.281000
117,2797,2797,4aed943,713762,714088,727216,727316,13.128000,13.454000
117,7537,7537,5d71942,719418,719752,732690,732790,12.938000,13.272000
117,2381,2381,494d943,712051,712377,738207,738307,25.830000,26.156000
117,4124,4124,501c942,756051,756385,766509,766609,10.124000,10.458000
117,3065,3065,4bf9943,768051,768385,777985,778085,9.600000,9.934000
117,3973,3973,4f85940,768051,768377,783331,783431,14.954000,15.280000
117,4217,4217,5079941,875051,875377,882648,882748,7.271000,7.597000
117,4784,4784,52b0942,948051,948377,958535,958635,10.158000,10.484000
117,7522,7522,5d62942,967453,967779,980700,980800,12.921000,13.247000
117,10337,10337,6861940,977446,977780,986063,986163,8.283000,8.617000
117,4327,4327,50e7943,999051,999377,1007714,1007814,8.337000,8.663000
117,6289,6289,5891940,1035445,1035780,1061655,1061755,25.875000,26.210000
117,3123,3123,4c33941,1058051,1058385,1067582,1067682,9.197000,9.531000
117,8174,8174,5fee940,1102051,1102385,1118904,1119004,16.519000,16.853000
117,10705,10705,69d1940,1116051,1116377,1132649,1132749,16.272000,16.598000
117,6600,6600,59c8940,1173051,1173385,1184312,1184412,10.927000,11.261000
117,7134,7134,5bde942,1241051,1241385,1247808,1247908,6.423000,6.757000
117,8556,8556,616c942,1252051,1252377,1276050,1276150,23.673000,23.999000
117,9045,9045,6355940,1261051,1261385,1281575,1281675,20.190000,20.524000
117,10245,10245,6805942,1404051,1404385,1411756,1411856,7.371000,7.705000
117,6545,6545,5991941,1411051,1411377,1423229,1423329,11.852000,12.178000
117,9610,9610,658a941,1421051,1421385,1434065,1434165,12.680000,13.014000
117,5863,5863,56e7942,1481051,1481377,1491451,1491551,10.074000,10.400000
117,10015,10015,671f942,1521051,1521377,1533151,1533251,11.774000,12.100000
117,9970,9970,66f2942,1770051,1770385,1781319,1781419,10.934000,11.268000
117,10825,10825,6a49941,1785051,1785377,1793667,1793767,8.290000,8.616000
117,10073,10073,6759941,1954051,1954385,1964442,1964542,10.057000,10.391000
117,10105,10105,6779943,2086051,2086377,2096369,2096468,9.992000,10.318000
117,9496,9496,6518940,2580051,2580385,2590445,2590545,10.060000,10.394000
117,10502,10502,6906940,2804051,2804385,2814481,2814581,10.096000,10.430000
118,408,408,4198943,57051,57377,71270,71370,13.893000,14.219000
118,664,664,4298941,113051,113377,129224,129324,15.847000,16.173000
118,752,752,42f0943,174051,174385,181786,181886,7.401000,7.735000
118,3366,3366,4d26940,294051,294377,304615,304715,10.238000,10.564000
118,778,778,430a941,291051,291377,315439,315539,24.062000,24.388000
118,2634,2634,4a4a940,395741,396067,409627,409727,13.560000,13.886000
118,2493,2493,49bd940,478051,478377,491644,491744,13.267000,13.593000
118,3649,3649,4e41941,482109,482435,502861,502961,20.426000,20.752000
118,2621,2621,4a3d943,574051,574377,582696,582796,8.319000,8.645000
118,3402,3402,4d4a943,665051,665385,670103,670203,4.718000,5.052000
118,4545,4545,51c1943,715051,715385,723055,723155,7.670000,8.004000
118,5180,5180,543c941,727051,727377,733002,733102,5.625000,5.951000
118,5027,5027,53a3940,748051,748377,757525,757625,9.148000,9.474000
118,4534,4534,51b6942,809051,809377,817680,817780,8.303000,8.629000
118,2816,2816,4b00943,818051,818377,830212,830312,11.835000,12.161000
118,3723,3723,4e8b942,834051,834385,841985,842085,7.600000,7.934000
118,9279,9279,643f940,911438,911764,922650,922750,10.886000,11.212000
118,5063,5063,53c7943,992051,992377,1004238,1004338,11.861000,12.187000
118,6150,6150,5806942,1077051,1077385,1084730,1084830,7.345000,7.679000
118,6930,6930,5b12943,1090851,1091177,1100485,1100585,9.308000,9.634000
118,7974,7974,5f26941,1102689,1103015,1108716,1108816,5.701000,6.027000
118,6432,6432,5920940,1127051,1127377,1139279,1139379,11.902000,12.228000
118,4863,4863,52ff943,1149395,1149729,1164822,1164922,15.093000,15.427000
118,3494,3494,4da6940,1217051,1217385,1228396,1228496,11.011000,11.345000
118,5940,5940,5734940,1216051,1216385,1233911,1234011,17.526000,17.860000
118,8685,8685,61ed942,1270051,1270385,1293197,1293297,22.812000,23.146000
118,7574,7574,5d96942,1286051,1286377,1298734,1298834,12.357000,12.683000
118,9048,9048,6358940,1317051,1317377,1335353,1335453,17.976000,18.302000
118,6239,6239,585f941,1321051,1321385,1340880,1340980,19.495000,19.829000
118,5564,5564,55bc943,1342051,1342377,1352466,1352566,10.089000,10.415000
118,9514,9514,652a940,1364409,1364743,1375742,1375842,10.999000,11.333000
118,9073,9073,6371942,1389051,1389377,1407389,1407489,18.012000,18.338000
118,10989,10989,6aed940,1425051,1425377,1439843,1439943,14.466000,14.792000
118,7163,7163,5bfb942,1471051,1471377,1486700,1486800,15.323000,15.649000
118,7911,7911,5ee7941,1491051,1491385,1502346,1502446,10.961000,11.295000
118,9695,9695,65df943,1652051,1652385,1658911,1659011,6.526000,6.860000
118,8278,8278,6056941,1653051,1653377,1664395,1664495,11.018000,11.344000
118,8784,8784,6250943,1722051,1722385,1733411,1733511,11.026000,11.360000
118,10938,10938,6aba942,1864051,1864377,1878084,1878184,13.707000,14.033000
118,9110,9110,6396941,1881051,1881385,1892334,1892434,10.949000,11.283000
118,9799,9799,6647942,1897051,1897385,1908398,1908498,11.013000,11.347000
118,10212,10212,67e4942,2021051,2021385,2033295,2033395,11.910000,12.244000
118,8963,8963,6303942,2090416,2090749,2100957,2101057,10.208000,10.541000
118,9004,9004,632c940,2573051,2573377,2584411,2584511,11.034000,11.360000
119,659,659,4293940,41051,41377,50525,50625,9.148000,9.474000
119,144,144,4090942,57051,57385,67470,67570,10.085000,10.419000
119,220,220,40dc940,158051,158377,169239,169339,10.862000,11.188000
119,3271,3271,4cc7940,254438,254764,262225,262325,7.461000,7.787000
119,1769,1769,46e9943,250051,250385,266392,266492,16.007000,16.341000
119,3919,3919,4f4f941,277051,277385,283933,284033,6.548000,6.882000
119,730,730,42da943,310439,310773,320831,320931,10.058000,10.392000
119,2737,2737,4ab1942,469051,469385,477591,477691,8.206000,8.540000
119,2538,2538,49ea943,567051,567385,574801,574901,7.416000,7.750000
119,4060,4060,4fdc940,587051,587385,599071,599171,11.686000,12.020000
119,710,710,42c6943,612051,612385,619701,619801,7.316000,7.650000
119,1527,1527,45f7941,639051,639377,650370,650470,10.993000,11.319000
119,7059,7059,5b93940,828051,828377,836668,836768,8.291000,8.617000
119,7603,7603,5db3941,853051,853377,874747,874847,21.370000,21.696000
119,8410,8410,60da942,883840,884166,892472,892572,8.306000,8.632000
119,3982,3982,4f8e942,888051,888385,905496,905596,17.111000,17.445000
119,4657,4657,5231940,909051,909377,922072,922172,12.695000,13.021000
119,7880,7880,5ec8940,1027051,1027377,1039590,1039690,12.213000,12.539000
119,4551,4551,51c7943,1050051,1050385,1066820,1066920,16.435000,16.769000
119,3433,3433,4d69941,1059051,1059385,1072311,1072411,12.926000,13.260000
119,8104,8104,5fa8942,1087051,1087385,1093031,1093131,5.646000,5.980000
119,7861,7861,5eb5940,1092051,1092385,1101603,1101703,9.218000,9.552000
119,9238,9238,6416940,1209051,1209385,1221155,1221255,11.770000,12.104000
119,8172,8172,5fec942,1287051,1287377,1293044,1293144,5.667000,5.993000
119,7125,7125,5bd5941,1350051,1350377,1355950,1356050,5.573000,5.899000
119,4093,4093,4ffd940,1372051,1372385,1384201,1384301,11.816000,12.150000
119,8493,8493,612d942,1385051,1385377,1390986,1391086,5.609000,5.935000
119,9603,9603,6583940,1426051,1426385,1440671,1440771,14.286000,14.620000
119,8167,8167,5fe7941,1449051,1449385,1455038,1455138,5.653000,5.987000
119,6520,6520,5978943,1491051,1491377,1509537,1509637,18.160000,18.486000
119,4236,4236,508c940,1525051,1525377,1540422,1540522,15.045000,15.371000
119,10145,10145,67a1941,1695051,1695377,1701015,1701115,5.638000,5.964000
119,9318,9318,6466943,2004051,2004385,2014468,2014568,10.083000,10.417000
119,10472,10472,68e8941,2018051,2018377,2030177,2030277,11.800000,12.126000
119,9573,9573,6565942,2048051,2048385,2064720,2064821,16.335000,16.669000
120,93,93,405d940,99051,99385,105902,106002,6.517000,6.851000
120,3047,3047,4be7940,190051,190385,199489,199589,9.104000,9.438000
120,1904,1904,4770941,301051,301385,314844,314944,13.459000,13.793000
120,3253,3253,4cb5942,420424,420750,427216,427316,6.466000,6.792000
120,4254,4254,509e943,471051,471385,477994,478094,6.609000,6.943000
120,3385,3385,4d39943,468051,468377,485988,486088,17.611000,17.937000
120,4140,4140,502c941,589051,589377,599985,600085,10.608000,10.934000
120,4379,4379,511b941,607051,607385,621005,621105,13.620000,13.954000
120,4494,4494,518e942,631051,631377,641464,641564,10.087000,10.413000
120,3359,3359,4d1f940,747051,747385,757513,757613,10.128000,10.462000
120,5903,5903,570f941,796051,796385,804644,804744,8.259000,8.593000
120,6760,6760,5a68942,807051,807377,812995,813095,5.618000,5.944000
120,4087,4087,4ff7940,866051,866385,876074,876174,9.689000,10.023000
120,4495,4495,518f942,862051,862377,882928,883028,20.551000,20.877000
120,6402,6402,5902940,880424,880750,893982,894082,13.232000,13.558000
120,7755,7755,5e4b942,917051,917377,928315,928415,10.938000,11.264000
120,5846,5846,56d6942,1071051,1071377,1088477,1088577,17.100000,17.426000
120,10495,10495,68ff942,1073051,1073377,1093903,1094003,20.526000,20.852000
120,7680,7680,5e00942,1136051,1136377,1149122,1149222,12.745000,13.071000
120,4952,4952,5358940,1147051,1147385,1155698,1155798,8.313000,8.647000
120,7319,7319,5c97941,1179051,1179377,1193030,1193130,13.653000,13.979000
120,7081,7081,5ba9942,1189477,1189803,1198984,1199084,9.181000,9.507000
120,7219,7219,5c33943,1218051,1218385,1230180,1230280,11.795000,12.129000
120,8353,8353,60a1940,1231051,1231385,1241511,1241611,10.126000,10.460000
120,6714,6714,5a3a941,1274051,1274377,1279994,1280094,5.617000,5.943000
120,6686,6686,5a1e941,1354439,1354773,1366759,1366859,11.986000,12.320000
120,10536,10536,6928942,1390051,1390385,1400211,1400311,9.826000,10.160000
120,9171,9171,63d3943,1410051,1410385,1424058,1424158,13.673000,14.007000
120,10817,10817,6a41942,1480051,1480385,1486883,1486983,6.498000,6.832000
120,7843,7843,5ea3940,1536051,1536385,1545624,1545724,9.239000,9.573000
120,5546,5546,55aa942,1617051,1617377,1633679,1633779,16.302000,16.628000
120,9780,9780,6634942,1699051,1699385,1709455,1709555,10.070000,10.404000
120,6809,6809,5a99940,1701051,1701385,1714826,1714926,13.441000,13.775000
120,9014,9014,6336942,1785051,1785385,1796795,1796895,11.410000,11.744000
120,9355,9355,648b942,1799051,1799385,1814822,1814922,15.437000,15.771000
120,10956,10956,6acc942,1983051,1983385,1997654,1997754,14.269000,14.603000
120,10927,10927,6aaf943,2476453,2476779,2490580,2490680,13.801000,14.127000
121,505,505,41f9942,98051,98385,109323,109423,10.938000,11.272000
121,545,545,4221941,118051,118385,130274,130373,11.889000,12.223000
121,2769,2769,4ad1941,131051,131385,156971,157071,25.586000,25.920000
121,2374,2374,4946942,286051,286385,295553,295653,9.168000,9.502000
121,1637,1637,4665940,316051,316385,326492,326592,10.107000,10.441000
121,3196,3196,4c7c940,350051,350385,357800,357900,7.415000,7.749000
121,3779,3779,4ec3940,438051,438385,450267,450367,11.882000,12.216000
121,2882,2882,4b42941,483051,483377,493463,493563,10.086000,10.412000
121,4867,4867,5303943,591051,591385,599701,599801,8.316000,8.650000
121,2521,2521,49d9940,601051,601385,611424,611524,10.039000,10.373000
121,4911,4911,532f941,617051,617377,629283,629383,11.906000,12.232000
121,5272,5272,5498941,661051,661377,674966,675066,13.589000,13.915000
121,2576,2576,4a10942,674051,674377,687083,687183,12.706000,13.032000
121,3245,3245,4cad942,690051,690377,704883,704983,14.506000,14.832000
121,6052,6052,57a4942,770051,770385,775113,775213,4.728000,5.062000
121,5809,5809,56b1943,857051,857377,866569,866669,9.192000,9.518000
121,7447,7447,5d17942,879051,879385,889570,889670,10.185000,10.519000
121,8026,8026,5f5a942,922418,922752,932903,933003,10.151000,10.485000
121,7587,7587,5da3942,1067051,1067385,1080065,1080165,12.680000,13.014000
121,10843,10843,6a5b943,1074051,1074385,1085869,1085969,11.484000,11.818000
121,4114,4114,5012942,1113051,1113377,1132357,1132457,18.980000,19.306000
121,8453,8453,6105943,1158051,1158385,1182204,1182304,23.819000,24.153000
121,7571,7571,5d93943,1189051,1189377,1203891,1203991,14.514000,14.840000
121,7307,7307,5c8b940,1284051,1284385,1297081,1297181,12.696000,13.030000
121,9546,9546,654a943,1348051,1348385,1355753,1355853,7.368000,7.702000
121,8877,8877,62ad942,1365051,1365385,1379984,1380084,14.599000,14.933000
121,7801,7801,5e79942,1379431,1379757,1393880,1393980,14.123000,14.449000
121,7070,7070,5b9e940,1405051,1405377,1417858,1417958,12.481000,12.807000
121,9992,9992,6708943,1404453,1404779,1423301,1423401,18.522000,18.848000
121,9124,9124,63a4942,1447051,1447377,1459276,1459376,11.899000,12.225000
121,7893,7893,5ed5942,1527051,1527385,1537421,1537521,10.036000,10.370000
121,7760,7760,5e50941,1657051,1657377,1667989,1668089,10.612000,10.938000
121,7042,7042,5b82943,1659051,1659385,1673487,1673587,14.102000,14.436000
121,10648,10648,6998943,1714051,1714385,1727990,1728090,13.605000,13.939000
121,10980,10980,6ae4942,2003051,2003377,2011647,2011747,8.270000,8.596000
122,95,95,405f941,49051,49377,60401,60501,11.024000,11.350000
122,298,298,412a940,90051,90385,95971,96071,5.586000,5.920000
122,1558,1558,4616940,154051,154377,160876,160976,6.499000,6.825000
122,869,869,4365940,161051,161377,170557,170657,9.180000,9.506000
122,1549,1549,460d940,164051,164385,176295,176395,11.910000,12.244000
122,2388,2388,4954941,262051,262385,273338,273438,10.953000,11.287000
122,927,927,439f942,301051,301385,308784,308884,7.399000,7.733000
122,1928,1928,4788943,373051,373377,384410,384510,11.033000,11.359000
122,2859,2859,4b2b943,392051,392385,406187,406287,13.802000,14.136000
122,1925,1925,4785942,407051,407377,419229,419329,11.852000,12.178000
122,6187,6187,582b943,610051,610377,616929,617029,6.552000,6.878000
122,4274,4274,50b2941,646051,646377,660160,660260,13.783000,14.109000
122,3313,3313,4cf1943,721051,721385,735734,735834,14.349000,14.683000
122,4497,4497,5191942,772051,772385,788453,788553,16.068000,16.402000
122,4866,4866,5302941,835425,835759,851955,852055,16.196000,16.530000
122,6436,6436,5924943,872438,872764,886019,886119,13.255000,13.581000
122,7896,7896,5ed8940,900051,900377,913929,914029,13.552000,13.878000
122,5430,5430,5536941,963051,963377,972629,972729,9.252000,9.578000
122,5253,5253,5485942,988051,988385,995295,995395,6.910000,7.244000
122,6704,6704,5a30943,1102051,1102385,1107122,1107222,4.737000,5.071000
122,6017,6017,5781942,1112051,1112385,1118977,1119077,6.592000,6.926000
122,4908,4908,532c941,1163051,1163377,1173496,1173596,10.119000,10.445000
122,10346,10346,686a943,1184051,1184385,1195478,1195578,11.093000,11.427000
122,5766,5766,5686941,1224051,1224385,1233559,1233659,9.174000,9.508000
122,4570,4570,51da940,1321051,1321377,1334069,1334169,12.692000,13.018000
122,9227,9227,640b941,1346051,1346377,1358540,1358640,12.163000,12.489000
122,8976,8976,6310940,1353051,1353377,1369665,1369765,16.288000,16.614000
122,6571,6571,59ab940,1431051,1431377,1441456,1441556,10.079000,10.405000
122,8651,8651,61cb941,1445051,1445385,1453717,1453817,8.332000,8.666000
122,5820,5820,56bc943,1568051,1568377,1575744,1575844,7.367000,7.693000
122,8015,8015,5f4f941,1757409,1757743,1770043,1770143,12.300000,12.634000
122,8720,8720,6210943,1825051,1825377,1842021,1842121,16.644000,16.970000
122,9998,9998,670e942,2133051,2133377,2141739,2141839,8.362000,8.688000
122,10829,10829,6a4d943,2303051,2303377,2315289,2315389,11.912000,12.238000
122,10928,10928,6ab0943,2481883,2482217,2494241,2494341,12.024000,12.358000
123,358,358,4166943,88051,88377,96685,96785,8.308000,8.634000
123,363,363,416b942,95051,95377,118068,118168,22.691000,23.017000
123,736,736,42e0942,115051,115377,131852,131952,16.475000,16.801000
123,980,980,43d4941,136051,136385,156090,156190,19.705000,20.039000
123,1268,1268,44f4941,157051,157377,167158,167258,9.781000,10.107000
123,2813,2813,4afd940,300051,300377,311789,311889,11.412000,11.738000
123,4259,4259,50a3941,316453,316779,334858,334958,18.079000,18.405000
123,1180,1180,449c942,374051,374377,394962,395062,20.585000,20.911000
123,2796,2796,4aec941,401051,401385,419440,419540,18.055000,18.389000
123,2916,2916,4b64943,428051,428377,441231,441331,12.854000,13.180000
123,1931,1931,478b942,416051,416385,452072,452172,35.687000,36.021000
123,3671,3671,4e57943,482051,482385,489831,489931,7.446000,7.780000
123,2004,2004,47d4942,482051,482377,494025,494125,11.648000,11.974000
123,5402,5402,551a941,499051,499385,505838,505938,6.453000,6.787000
123,754,754,42f2941,500051,500385,511229,511329,10.844000,11.178000
123,3627,3627,4e2b941,637439,637765,645094,645194,7.329000,7.655000
123,6421,6421,5915942,692051,692377,705795,705895,13.418000,13.744000
123,4596,4596,51f4942,759051,759377,766726,766826,7.349000,7.675000
123,3938,3938,4f62942,779051,779385,785878,785978,6.493000,6.827000
123,6818,6818,5aa2942,836051,836385,841099,841199,4.714000,5.048000
123,5298,5298,54b2942,848884,849218,864083,864183,14.865000,15.199000
123,7068,7068,5b9c943,874418,874752,883902,884002,9.150000,9.484000
123,7671,7671,5df7940,886051,886377,892011,892111,5.634000,5.960000
123,2539,2539,49eb941,898051,898385,915411,915511,17.026000,17.360000
123,7887,7887,5ecf941,946051,946385,955585,955685,9.200000,9.534000
123,7394,7394,5ce2940,943051,943385,961075,961175,17.690000,18.024000
123,7648,7648,5de0943,952051,952385,966606,966706,14.221000,14.555000
123,4757,4757,5295942,956051,956377,972096,972196,15.719000,16.045000
123,5087,5087,53df942,973051,973377,984346,984446,10.969000,11.295000
123,7804,7804,5e7c940,1072410,1072736,1078449,1078549,5.713000,6.039000
123,6705,6705,5a31941,1109051,1109377,1127477,1127577,18.100000,18.426000
123,9410,9410,64c2941,1188051,1188385,1201997,1202097,13.612000,13.946000
123,9199,9199,63ef941,1299439,1299773,1308105,1308205,8.332000,8.666000
123,7329,7329,5ca1940,1301051,1301377,1312273,1312373,10.896000,11.222000
123,10029,10029,672d943,1319051,1319377,1326842,1326942,7.465000,7.791000
123,7268,7268,5c64942,1340051,1340385,1350520,1350620,10.135000,10.469000
123,8096,8096,5fa0942,1589439,1589773,1598099,1598199,8.326000,8.660000
123,9869,9869,668d942,1659051,1659377,1668476,1668576,9.099000,9.425000
123,9602,9602,6582940,1744051,1744385,1750852,1750952,6.467000,6.801000
123,10987,10987,6aeb942,1757051,1757377,1765576,1765676,8.199000,8.525000
123,10922,10922,6aaa940,2251051,2251385,2259853,2259953,8.468000,8.802000
124,1049,1049,4419942,24051,24385,30915,31015,6.530000,6.864000
124,481,481,41e1943,60051,60377,67135,67235,6.758000,7.084000
124,111,111,406f941,81051,81377,102316,102416,20.939000,21.265000
124,318,318,413e941,174051,174377,186267,186367,11.890000,12.216000
124,247,247,40f7943,208051,208385,219541,219641,11.156000,11.490000
124,2513,2513,49d1941,250236,250570,269876,269976,19.306000,19.640000
124,826,826,433a943,311051,311377,319667,319767,8.290000,8.616000
124,3768,3768,4eb8942,337543,337877,343433,343533,5.556000,5.890000
124,2017,2017,47e1942,364424,364750,371309,371409,6.559000,6.885000
124,3954,3954,4f72940,384051,384377,389095,389195,4.718000,5.044000
124,2172,2172,487c942,383051,383377,394485,394585,11.108000,11.434000
124,2888,2888,4b48942,452051,452385,464206,464306,11.821000,12.155000
124,2806,2806,4af6943,480051,480377,488663,488763,8.286000,8.612000
124,4149,4149,5035943,548051,548377,585196,585296,36.819000,37.145000
124,2587,2587,4a1b940,672051,672385,679975,680075,7.590000,7.924000
124,5271,5271,5497941,671051,671385,685435,685535,14.050000,14.384000
124,3308,3308,4cec942,721418,721752,730135,730235,8.383000,8.717000
124,5315,5315,54c3941,729051,729385,740314,740414,10.929000,11.263000
124,3174,3174,4c66942,775051,775385,782754,782854,7.369000,7.703000
124,5976,5976,5758941,856051,856377,862020,862120,5.643000,5.969000
124,3600,3600,4e10943,857436,857762,872269,872369,14.507000,14.833000
124,1660,1660,467c941,877051,877385,884827,884927,7.442000,7.776000
124,5066,5066,53ca942,880051,880385,890463,890563,10.078000,10.412000
124,6673,6673,5a11941,889051,889377,894688,894788,5.311000,5.637000
124,6074,6074,57ba940,926051,926377,948316,948416,21.939000,22.265000
124,8478,8478,611e943,937051,937377,953781,953881,16.404000,16.730000
124,6857,6857,5ac9941,972051,972385,983498,983598,11.113000,11.447000
124,3076,3076,4c04940,981413,981747,989440,989540,7.693000,8.027000
124,5883,5883,56fb942,989051,989377,1003018,1003118,13.641000,13.967000
124,7304,7304,5c88941,999051,999377,1007223,1007323,7.846000,8.172000
124,6062,6062,57ae941,1051438,1051764,1059193,1059293,7.429000,7.755000
124,6786,6786,5a82943,1121051,1121377,1126116,1126216,4.739000,5.065000
124,7545,7545,5d79940,1120051,1120377,1133753,1133853,13.376000,13.702000
124,8671,8671,61df941,1142051,1142377,1148043,1148143,5.666000,5.992000
124,8049,8049,5f71941,1159051,1159377,1168615,1168715,9.238000,9.564000
124,9359,9359,648f943,1267051,1267377,1285019,1285119,17.642000,17.968000
124,9760,9760,6620943,1272051,1272377,1290460,1290560,18.083000,18.409000
124,10007,10007,6717943,1292051,1292385,1301316,1301416,8.931000,9.265000
124,7281,7281,5c71942,1358051,1358377,1369386,1369486,11.009000,11.335000
124,5725,5725,565d940,1367051,1367385,1379247,1379347,11.862000,12.196000
124,10607,10607,696f942,1440438,1440764,1449153,1449253,8.389000,8.715000
124,5491,5491,5573942,1468051,1468385,1478219,1478319,9.834000,10.168000
124,10110,10110,677e943,1505051,1505377,1511972,1512072,6.595000,6.921000
124,9293,9293,644d941,1519051,1519377,1530358,1530458,10.981000,11.307000
124,10006,10006,6716940,1544051,1544377,1558957,1559057,14.580000,14.906000
124,10315,10315,684b941,1555051,1555385,1563061,1563161,7.676000,8.010000
124,9692,9692,65dc941,1661051,1661385,1672345,1672445,10.960000,11.294000
124,8149,8149,5fd5940,1776051,1776377,1793381,1793481,17.004000,17.330000
124,10484,10484,68f4943,1795051,1795385,1804394,1804494,9.009000,9.343000
124,9112,9112,6398943,2097051,2097385,2107467,2107567,10.082000,10.416000
124,9088,9088,6380940,2170051,2170385,2178672,2178772,8.287000,8.621000
124,10272,10272,6820942,2247051,2247377,2257505,2257605,10.128000,10.454000
124,10880,10880,6a80943,2328453,2328779,2339028,2339128,10.249000,10.575000
124,10618,10618,697a942,2512051,2512377,2522517,2522617,10.140000,10.466000
125,774,774,4306941,52051,52385,58029,58129,5.644000,5.978000
125,1845,1845,4735943,161051,161377,173891,173991,12.514000,12.840000
125,956,956,43bc943,209051,209377,223419,223519,14.042000,14.368000
125,1613,1613,464d940,277051,277377,285634,285734,8.257000,8.583000
125,2693,2693,4a85942,300051,300385,315152,315252,14.767000,15.101000
125,1067,1067,442b942,317051,317385,325668,325768,8.283000,8.617000
125,1903,1903,476f943,320051,320377,331068,331168,10.691000,11.017000
125,3144,3144,4c48943,334424,334750,344031,344131,9.281000,9.607000
125,3538,3538,4dd2940,405051,405377,421941,422041,16.564000,16.890000
125,5919,5919,571f940,406051,406377,427406,427506,21.029000,21.355000
125,1541,1541,4605942,442051,442377,453193,453293,10.816000,11.142000
125,1683,1683,4693943,458051,458385,467541,467641,9.156000,9.490000
125,3651,3651,4e43942,461051,461385,472962,473062,11.577000,11.911000
125,4889,4889,5319943,492051,492377,499741,499841,7.364000,7.690000
125,4433,4433,5151942,496051,496385,505258,505358,8.873000,9.207000
125,4592,4592,51f0942,496602,496936,514745,514845,17.809000,18.143000
125,3464,3464,4d88940,546051,546385,555562,555662,9.177000,9.511000
125,3448,3448,4d78941,548051,548377,566486,566586,18.109000,18.435000
125,5379,5379,5503942,592051,592385,598877,598977,6.492000,6.826000
125,2474,2474,49aa943,588051,588385,604373,604473,15.988000,16.322000
125,5307,5307,54bb943,632051,632385,643038,643138,10.653000,10.987000
125,3820,3820,4eec942,630051,630377,654008,654108,23.631000,23.957000
125,5633,5633,5601943,761051,761385,767021,767121,5.636000,5.970000
125,5432,5432,5538943,763051,763385,771839,771939,8.454000,8.788000
125,2921,2921,4b69942,773051,773377,783491,783591,10.114000,10.440000
125,5735,5735,5667942,816051,816377,831681,831781,15.304000,15.630000
125,7712,7712,5e20940,819051,819377,837176,837276,17.799000,18.125000
125,5744,5744,5670943,849051,849377,854959,855059,5.582000,5.908000
125,5968,5968,5750940,878051,878385,888406,888506,10.021000,10.355000
125,4311,4311,50d7942,962051,962377,971580,971680,9.203000,9.529000
125,7721,7721,5e29943,976051,976377,982862,982962,6.485000,6.811000
125,8416,8416,60e0941,985051,985377,993722,993822,8.345000,8.671000
125,4740,4740,5284940,999051,999377,1008522,1008622,9.145000,9.471000
125,6307,6307,58a3941,1088424,1088750,1102609,1102709,13.859000,14.185000
125,8021,8021,5f55941,1225051,1225385,1231015,1231115,5.630000,5.964000
125,8873,8873,62a9940,1310051,1310377,1319580,1319680,9.203000,9.529000
125,6474,6474,594a942,1316051,1316377,1330450,1330550,14.073000,14.399000
125,7922,7922,5ef2940,1317416,1317750,1335934,1336034,18.184000,18.518000
125,6303,6303,589f940,1412051,1412377,1417122,1417222,4.745000,5.071000
125,5420,5420,552c940,1471051,1471377,1479936,1480036,8.559000,8.885000
125,10763,10763,6a0b942,1467051,1467377,1485450,1485550,18.073000,18.399000
125,6632,6632,59e8940,1561051,1561377,1566094,1566194,4.717000,5.043000
125,10446,10446,68ce941,1633051,1633385,1649602,1649702,16.217000,16.551000
125,9848,9848,6678943,1667402,1667736,1673405,1673505,5.669000,6.003000
125,9445,9445,64e5941,1724051,1724377,1740469,1740569,16.092000,16.418000
125,9056,9056,6360943,1744051,1744385,1756993,1757093,12.608000,12.942000
125,8748,8748,622c940,1956051,1956385,1973889,1973989,17.504000,17.838000
125,10647,10647,6997941,2052425,2052758,2061127,2061227,8.369000,8.702000
125,10159,10159,67af940,2439051,2439385,2448576,2448676,9.191000,9.525000
126,173,173,40ad943,34051,34385,43601,43701,9.216000,9.550000
126,145,145,4091942,36051,36385,48946,49046,12.561000,12.895000
126,183,183,40b7941,45051,45385,54336,54436,8.951000,9.285000
126,1001,1001,43e9940,177031,177365,191157,191257,13.792000,14.126000
126,1094,1094,4446942,201051,201377,212909,213009,11.532000,11.858000
126,1697,1697,46a1941,214051,214385,229194,229294,14.809000,15.143000
126,2144,2144,4860940,210051,210377,234680,234780,24.303000,24.629000
126,2427,2427,497b940,282051,282385,292360,292460,9.975000,10.309000
126,2705,2705,4a91942,290051,290385,303098,303198,12.713000,13.047000
126,1807,1807,470f940,292051,292377,310077,310177,17.700000,18.026000
126,2173,2173,487d940,318051,318377,337336,337436,18.959000,19.285000
126,2842,2842,4b1a940,330051,330377,341534,341634,11.157000,11.483000
126,1874,1874,4752943,389051,389377,396734,396834,7.357000,7.683000
126,2410,2410,496a943,365051,365385,401713,401813,36.328000,36.662000
126,2093,2093,482d942,393051,393377,411563,411663,18.186000,18.512000
126,1462,1462,45b6942,421051,421385,431475,431575,10.090000,10.424000
126,1896,1896,4768940,433051,433385,447674,447774,14.289000,14.623000
126,4517,4517,51a5943,473051,473385,482534,482634,9.149000,9.483000
126,4323,4323,50e3943,552051,552377,567103,567203,14.726000,15.052000
126,6947,6947,5b23943,612051,612385,629643,629743,17.258000,17.592000
126,5046,5046,53b6943,671051,671385,677029,677129,5.644000,5.978000
126,3581,3581,4dfd943,709051,709385,721034,721134,11.649000,11.983000
126,6398,6398,58fe940,701051,701385,726508,726608,25.123000,25.457000
126,7337,7337,5ca9943,736051,736377,744660,744760,8.283000,8.609000
126,3285,3285,4cd5940,750051,750385,773052,773152,22.667000,23.001000
126,2911,2911,4b5f942,795051,795385,806159,806259,10.774000,11.108000
126,3608,3608,4e18940,814051,814377,827054,827154,12.677000,13.003000
126,5808,5808,56b0942,837395,837729,842440,842540,4.711000,5.045000
126,7231,7231,5c3f943,835051,835385,851928,852028,16.543000,16.877000
126,2833,2833,4b11943,852051,852377,872256,872356,19.879000,20.205000
126,4273,4273,50b1942,863403,863729,876454,876554,12.725000,13.051000
126,4482,4482,5182941,900051,900377,912719,912819,12.342000,12.668000
126,6304,6304,58a0943,938051,938377,945844,945944,7.467000,7.793000
126,4984,4984,5378943,960051,960377,968976,969076,8.599000,8.925000
126,4949,4949,5355941,973051,973385,982490,982590,9.105000,9.439000
126,7383,7383,5cd7941,983051,983377,999666,999766,16.289000,16.615000
126,5445,5445,5545942,1050051,1050385,1061393,1061493,11.008000,11.342000
126,7826,7826,5e92943,1057051,1057377,1066812,1066912,9.435000,9.761000
126,6413,6413,590d941,1062425,1062759,1077707,1077807,14.948000,15.282000
126,7534,7534,5d6e942,1106051,1106385,1114731,1114831,8.346000,8.680000
126,8207,8207,600f942,1111465,1111791,1120237,1120337,8.446000,8.772000
126,8588,8588,618c941,1111409,1111743,1131159,1131259,19.416000,19.750000
126,7638,7638,5dd6941,1149051,1149377,1154089,1154189,4.712000,5.038000
126,8066,8066,5f82940,1176051,1176377,1188150,1188250,11.773000,12.099000
126,6993,6993,5b51941,1242051,1242377,1249767,1249867,7.390000,7.716000
126,8368,8368,60b0941,1246051,1246377,1257625,1257725,11.248000,11.574000
126,8953,8953,62f9943,1319051,1319377,1335186,1335286,15.809000,16.135000
126,6022,6022,5786940,1351051,1351377,1360536,1360636,9.159000,9.485000
126,10576,10576,6950941,1363051,1363377,1374831,1374931,11.454000,11.780000
126,9756,9756,661c943,1399051,1399385,1410351,1410451,10.966000,11.300000
126,8955,8955,62fb943,1417051,1417385,1422154,1422254,4.769000,5.103000
126,4229,4229,5085942,1419051,1419377,1426339,1426439,6.962000,7.288000
126,9273,9273,6439940,1485409,1485743,1492257,1492357,6.514000,6.848000
126,6678,6678,5a16940,1483051,1483385,1497624,1497724,14.239000,14.573000
126,9402,9402,64ba941,1522051,1522377,1532447,1532547,10.070000,10.396000
126,10341,10341,6865942,1566051,1566385,1579130,1579230,12.745000,13.079000
126,10545,10545,6931940,1728051,1728385,1739310,1739410,10.925000,11.259000
126,9094,9094,6386941,1736051,1736377,1744739,1744839,8.362000,8.688000
126,7864,7864,5eb8940,1946051,1946385,1954713,1954813,8.328000,8.662000
126,9988,9988,6704943,2276051,2276377,2284632,2284732,8.255000,8.581000
126,10578,10578,6952940,2487051,2487377,2497406,2497506,10.029000,10.355000
127,1137,1137,4471940,57051,57385,69201,69301,11.816000,12.150000
127,661,661,4295942,92051,92385,119518,119618,27.133000,27.467000
127,1028,1028,4404940,140051,140385,152500,152600,12.115000,12.449000
127,207,207,40cf943,137051,137385,158037,158137,20.652000,20.986000
127,2341,2341,4925942,161263,161589,174436,174536,12.847000,13.173000
127,3115,3115,4c2b940,336051,336385,351792,351892,15.407000,15.741000
127,1394,1394,4572941,350051,350385,364256,364356,13.871000,14.205000
127,2732,2732,4aac942,407051,407385,418294,418394,10.909000,11.243000
127,4233,4233,5089942,442051,442377,450617,450717,8.240000,8.566000
127,6128,6128,57f0940,445051,445385,464082,464182,18.697000,19.031000
127,4696,4696,5258941,492410,492736,509939,510039,17.203000,17.529000
127,688,688,42b0943,509051,509377,524957,525057,15.580000,15.906000
127,4289,4289,50c1941,558051,558385,567451,567551,9.066000,9.400000
127,4284,4284,50bc940,701051,701385,712367,712467,10.982000,11.316000
127,6896,6896,5af0941,711439,711773,728727,728827,16.954000,17.288000
127,8672,8672,61e0943,873051,873385,886004,886104,12.619000,12.953000
127,5341,5341,54dd941,943051,943385,955154,955254,11.769000,12.103000
127,5436,5436,553c942,965051,965385,973238,973338,7.853000,8.187000
127,5556,5556,55b4940,1076051,1076385,1088456,1088556,12.071000,12.405000
127,7786,7786,5e6a942,1076051,1076377,1093121,1093221,16.744000,17.070000
127,4830,4830,52de940,1095051,1095377,1109794,1109894,14.417000,14.743000
127,7455,7455,5d1f941,1111051,1111377,1118775,1118875,7.398000,7.724000
127,9607,9607,6587941,1265051,1265377,1271860,1271960,6.483000,6.809000
127,5734,5734,5666942,1294051,1294377,1309455,1309555,15.078000,15.404000
127,8363,8363,60ab943,1467051,1467377,1475842,1475942,8.465000,8.791000
127,10280,10280,6828940,1473507,1473841,1489176,1489276,15.335000,15.669000
127,7711,7711,5e1f942,1494051,1494377,1515795,1515895,21.418000,21.744000
127,9868,9868,668c942,1502051,1502377,1521215,1521315,18.838000,19.164000
127,8918,8918,62d6941,1538051,1538377,1548781,1548881,10.404000,10.730000
127,7136,7136,5be0940,1540051,1540377,1559701,1559801,19.324000,19.650000
127,5698,5698,5642942,1615051,1615377,1630938,1631038,15.561000,15.887000
127,6572,6572,59ac942,1669051,1669377,1676786,1676886,7.409000,7.735000
127,10881,10881,6a81943,1697051,1697385,1703034,1703134,5.649000,5.983000
127,8569,8569,6179940,1692207,1692541,1708492,1708592,15.951000,16.285000
127,9076,9076,6374940,1696051,1696385,1715189,1715289,18.804000,19.138000
127,9892,9892,66a4941,1810051,1810385,1833470,1833570,23.085000,23.419000
127,10061,10061,674d942,1867439,1867773,1882397,1882497,14.624000,14.958000
127,9942,9942,66d6942,2266051,2266377,2278062,2278162,11.685000,12.011000
128,844,844,434c941,35051,35377,45458,45558,10.081000,10.407000
128,431,431,41af942,123051,123377,136259,136359,12.882000,13.208000
128,1110,1110,4456941,143051,143385,149847,149947,6.462000,6.796000
128,871,871,4367942,140051,140385,155318,155418,14.933000,15.267000
128,614,614,4266940,184051,184377,190834,190934,6.457000,6.783000
128,1022,1022,43fe942,180051,180385,203484,203584,23.099000,23.433000
128,501,501,41f5941,185051,185385,209000,209100,23.615000,23.949000
128,1068,1068,442c942,207051,207385,218318,218418,10.933000,11.267000
128,1622,1622,4656941,288446,288780,294395,294495,5.615000,5.949000
128,4015,4015,4faf942,354051,354385,373965,374065,19.580000,19.914000
128,3004,3004,4bbc940,428907,429241,443762,443862,14.521000,14.855000
128,1946,1946,479a941,440775,441101,453078,453178,11.977000,12.303000
128,3556,3556,4de4942,523050,523385,533383,533483,9.998000,10.333000
128,3475,3475,4d93941,532395,532721,542692,542792,9.971000,10.297000
128,4449,4449,5161943,590051,590377,605220,605320,14.843000,15.169000
128,2650,2650,4a5a943,629051,629377,642028,642128,12.651000,12.977000
128,4861,4861,52fd942,688051,688385,694890,694990,6.505000,6.839000
128,5000,5000,5388940,796051,796385,813839,813939,17.454000,17.788000
128,6103,6103,57d7943,853051,853377,869530,869630,16.153000,16.479000
128,8339,8339,6093942,889051,889377,902107,902207,12.730000,13.056000
128,4110,4110,500e940,912579,912905,923986,924086,11.081000,11.407000
128,5964,5964,574c941,1047051,1047385,1058275,1058375,10.890000,11.224000
128,6446,6446,592e942,1156051,1156377,1167240,1167340,10.863000,11.189000
128,9078,9078,6376942,1303051,1303377,1317235,1317335,13.858000,14.184000
128,7870,7870,5ebe940,1350051,1350385,1361421,1361521,11.036000,11.370000
128,9857,9857,6681943,1474051,1474377,1488859,1488959,14.482000,14.808000
128,10058,10058,674a940,1489051,1489385,1494249,1494349,4.864000,5.198000
128,7547,7547,5d7b941,1586395,1586721,1604376,1604476,17.655000,17.981000
128,10184,10184,67c8942,1588051,1588377,1609958,1610058,21.581000,21.907000
128,8060,8060,5f7c941,1786051,1786377,1796711,1796811,10.334000,10.660000
128,9669,9669,65c5941,1794051,1794377,1802243,1802343,7.866000,8.192000
128,10803,10803,6a33941,1989051,1989385,2000240,2000340,10.855000,11.189000
129,74,74,404a943,23051,23385,37062,37162,13.677000,14.011000
129,264,264,4108940,152051,152377,158873,158973,6.496000,6.822000
129,1252,1252,44e4943,170051,170377,187083,187183,16.706000,17.032000
129,3391,3391,4d3f943,169051,169377,191317,191417,21.940000,22.266000
129,1160,1160,4488940,222051,222377,241340,241440,18.963000,19.289000
129,1399,1399,4577943,227051,227385,246743,246843,19.358000,19.692000
129,1084,1084,443c943,230051,230377,250942,251042,20.565000,20.891000
129,624,624,4270943,297051,297385,310760,310860,13.375000,13.709000
129,2943,2943,4b7f941,326051,326385,334592,334692,8.207000,8.541000
129,2412,2412,496c940,384100,384434,397135,397235,12.701000,13.035000
129,2330,2330,491a942,445051,445377,450998,451098,5.621000,5.947000
129,3752,3752,4ea8943,471051,471377,476982,477082,5.605000,5.931000
129,1921,1921,4781941,476051,476385,491332,491432,14.947000,15.281000
129,2344,2344,4928942,488051,488385,497534,497634,9.149000,9.483000
129,3137,3137,4c41941,549051,549377,554066,554166,4.689000,5.015000
129,4341,4341,50f5943,575051,575385,597342,597442,21.957000,22.291000
129,4505,4505,5199940,623051,623385,639506,639606,16.121000,16.455000
129,2565,2565,4a05941,634051,634385,647494,647594,13.109000,13.443000
129,4036,4036,4fc4941,654395,654729,663041,663141,8.312000,8.646000
129,5270,5270,5496940,728051,728377,735725,735825,7.348000,7.674000
129,3557,3557,4de5941,781051,781385,788821,788921,7.436000,7.770000
129,9277,9277,643d941,802051,802385,810328,810428,7.943000,8.277000
129,3418,3418,4d5a942,807051,807385,817885,817985,10.500000,10.834000
129,9649,9649,65b1941,808012,808338,822100,822200,13.762000,14.088000
129,4227,4227,5083942,794739,795065,828877,828977,33.812000,34.138000
129,4133,4133,5025943,819051,819377,834292,834392,14.915000,15.241000
129,4895,4895,531f940,834051,834377,839096,839196,4.719000,5.045000
129,3734,3734,4e96941,834051,834377,843285,843385,8.908000,9.234000
129,4688,4688,5250943,846051,846385,860902,861002,14.517000,14.851000
129,3362,3362,4d22943,844051,844377,878761,878861,34.384000,34.710000
129,4360,4360,5108942,903051,903385,914337,914437,10.952000,11.286000
129,7555,7555,5d83940,984051,984377,989961,990061,5.584000,5.910000
129,7381,7381,5cd5942,1042051,1042377,1053249,1053349,10.872000,11.198000
129,5848,5848,56d8942,1106051,1106377,1121396,1121496,15.019000,15.345000
129,7618,7618,5dc2940,1115051,1115377,1125599,1125699,10.222000,10.548000
129,6740,6740,5a54942,1098051,1098385,1129748,1129848,31.363000,31.697000
129,5875,5875,56f3940,1132051,1132377,1139783,1139883,7.406000,7.732000
129,5188,5188,5444941,1155051,1155385,1160473,1160573,5.088000,5.422000
129,10678,10678,69b6942,1251051,1251385,1257002,1257102,5.617000,5.951000
129,7930,7930,5efa943,1323051,1323385,1331607,1331707,8.222000,8.556000
129,8890,8890,62ba943,1324798,1325124,1337111,1337211,11.987000,12.313000
129,8837,8837,6285942,1337051,1337377,1357611,1357711,20.234000,20.560000
129,6881,6881,5ae1940,1356051,1356385,1371049,1371149,14.664000,14.998000
129,7796,7796,5e74942,1419051,1419385,1427667,1427767,8.282000,8.616000
129,8999,8999,6327942,1707481,1707815,1712557,1712657,4.742000,5.076000
129,9387,9387,64ab940,1706051,1706385,1716684,1716784,10.299000,10.633000
129,8168,8168,5fe8941,1784051,1784377,1796157,1796257,11.780000,12.106000
129,9852,9852,667c941,1868051,1868385,1877474,1877574,9.089000,9.423000
129,10701,10701,69cd940,1950051,1950385,1960351,1960451,9.966000,10.300000
129,10828,10828,6a4c941,2008051,2008377,2017426,2017526,9.049000,9.375000
130,683,683,42ab940,94051,94377,100035,100135,5.658000,5.984000
130,41,41,4029943,106051,106377,113120,113220,6.743000,7.069000
130,879,879,436f942,125051,125377,135369,135469,9.992000,10.318000
130,824,824,4338941,153051,153385,172911,173011,19.526000,19.860000
130,1651,1651,4673943,165427,165753,178341,178441,12.588000,12.914000
130,1816,1816,4718943,176051,176377,190790,190890,14.413000,14.739000
130,756,756,42f4940,176051,176377,196233,196333,19.856000,20.182000
130,2370,2370,4942941,249051,249377,257612,257712,8.235000,8.561000
130,2690,2690,4a82942,255051,255385,263512,263612,8.127000,8.461000
130,1705,1705,46a9942,265918,266252,298478,298578,32.226000,32.560000
130,886,886,4376940,356051,356377,371833,371933,15.456000,15.782000
130,2165,2165,4875940,378641,378967,393755,393855,14.788000,15.114000
130,1131,1131,446b941,409051,409377,416798,416898,7.421000,7.747000
130,6045,6045,579d940,584425,584759,612979,613079,28.220000,28.554000
130,3553,3553,4de1941,617051,617377,628193,628293,10.816000,11.142000
130,3202,3202,4c82942,702051,702385,710584,710684,8.199000,8.533000
130,8299,8299,606b941,744051,744377,756236,756336,11.859000,12.185000
130,4697,4697,5259940,754051,754385,762620,762720,8.235000,8.569000
130,2815,2815,4aff940,739051,739385,776127,776227,36.742000,37.076000
130,6796,6796,5a8c942,770051,770385,781324,781424,10.939000,11.273000
130,5508,5508,5584940,881051,881385,890509,890609,9.124000,9.458000
130,4940,4940,534c941,958403,958737,971728,971828,12.991000,13.325000
130,4252,4252,509c941,976051,976385,982949,983049,6.564000,6.898000
130,5471,5471,555f941,1251051,1251377,1257026,1257126,5.649000,5.975000
130,7882,7882,5eca942,1272051,1272377,1282367,1282467,9.990000,10.316000
130,9838,9838,666e940,1294051,1294385,1307088,1307188,12.703000,13.037000
130,8217,8217,6019943,1293648,1293982,1311271,1311371,17.289000,17.623000
130,8485,8485,6125943,1306051,1306377,1316605,1316705,10.228000,10.554000
130,10869,10869,6a75940,1310885,1311211,1320834,1320934,9.623000,9.949000
130,7971,7971,5f23941,1337051,1337385,1350101,1350201,12.716000,13.050000
130,8726,8726,6216941,1373051,1373377,1385155,1385255,11.778000,12.104000
130,6498,6498,5962941,1491051,1491377,1497853,1497953,6.476000,6.802000
130,8494,8494,612e943,1521051,1521385,1527044,1527144,5.659000,5.993000
130,6082,6082,57c2941,1523051,1523385,1533343,1533443,9.958000,10.292000
130,7285,7285,5c75940,1564051,1564377,1578977,1579077,14.600000,14.926000
130,9057,9057,6361942,1656051,1656377,1663750,1663850,7.373000,7.699000
130,9668,9668,65c4940,1678051,1678377,1687446,1687546,9.069000,9.395000
130,9911,9911,66b7940,1678481,1678815,1691641,1691741,12.826000,13.160000
130,9964,9964,66ec942,1777405,1777731,1791289,1791389,13.558000,13.884000
130,10924,10924,6aac941,2122051,2122377,2130610,2130710,8.233000,8.559000
131,49,49,4031941,24051,24385,30877,30977,6.492000,6.826000
131,1264,1264,44f0941,185051,185377,196176,196276,10.799000,11.125000
131,1464,1464,45b8942,214051,214385,230647,230747,16.262000,16.596000
131,1127,1127,4467943,240051,240385,245964,246064,5.579000,5.913000
131,1393,1393,4571940,332051,332377,341386,341486,9.009000,9.335000
131,4869,4869,5305941,442051,442377,450584,450684,8.207000,8.533000
131,3239,3239,4ca7940,489051,489385,497339,497439,7.954000,8.288000
131,3731,3731,4e93941,555051,555385,566197,566297,10.812000,11.146000
131,3033,3033,4bd9940,622051,622385,631469,631569,9.084000,9.418000
131,4601,4601,51f9940,670051,670377,676824,676924,6.447000,6.773000
131,4011,4011,4fab941,729215,729541,737000,737100,7.459000,7.785000
131,5295,5295,54af942,736051,736385,748830,748930,12.445000,12.779000
131,3426,3426,4d62942,815051,815377,828089,828189,12.712000,13.038000
131,4767,4767,529f941,859051,859385,872300,872400,12.915000,13.249000
131,5541,5541,55a5942,908051,908385,913963,914063,5.578000,5.912000
131,6631,6631,59e7943,925051,925385,936099,936199,10.714000,11.048000
131,7536,7536,5d70941,947051,947385,954819,954919,7.434000,7.768000
131,4686,4686,524e940,1000051,1000385,1010314,1010414,9.929000,10.263000
131,9434,9434,64da942,1133051,1133377,1141628,1141728,8.251000,8.577000
131,4078,4078,4fee940,1150051,1150385,1166640,1166740,16.255000,16.589000
131,6495,6495,595f941,1219051,1219377,1231111,1231211,11.734000,12.060000
131,10213,10213,67e5941,1222858,1223184,1236991,1237091,13.807000,14.133000
131,6255,6255,586f940,1238051,1238377,1247468,1247568,9.091000,9.417000
131,8329,8329,6089943,1314051,1314377,1324362,1324462,9.985000,10.311000
131,9578,9578,656a943,1337051,1337377,1348279,1348379,10.902000,11.228000
131,8166,8166,5fe6940,1479051,1479377,1486699,1486799,7.322000,7.648000
131,6599,6599,59c7941,1502051,1502385,1509708,1509808,7.323000,7.657000
131,7611,7611,5dbb941,1521051,1521385,1534703,1534803,13.318000,13.652000
131,8970,8970,630a941,1531273,1531607,1540023,1540123,8.416000,8.750000
131,9763,9763,6623940,1578051,1578385,1583103,1583203,4.718000,5.052000
131,9732,9732,6604940,1612051,1612377,1625938,1626038,13.561000,13.887000
131,8714,8714,620a940,1656051,1656377,1662864,1662964,6.487000,6.813000
131,8133,8133,5fc5943,1668051,1668385,1679421,1679521,11.036000,11.370000
131,9309,9309,645d940,1734416,1734750,1743066,1743166,8.316000,8.650000
131,9456,9456,64f0943,1937051,1937377,1947443,1947543,10.066000,10.392000
132,149,149,4095940,83805,84139,89736,89836,5.597000,5.931000
132,660,660,4294940,106051,106385,112802,112902,6.417000,6.751000
132,893,893,437d942,114051,114385,127154,127254,12.769000,13.103000
132,1064,1064,4428942,145051,145377,151881,151981,6.504000,6.830000
132,467,467,41d3941,172051,172385,193184,193284,20.799000,21.133000
132,1248,1248,44e0943,223418,223752,228473,228573,4.721000,5.055000
132,2240,2240,48c0940,368051,368377,387554,387654,19.177000,19.503000
132,1728,1728,46c0940,403051,403385,411612,411712,8.227000,8.561000
132,4641,4641,5221943,468481,468815,478940,479040,10.125000,10.459000
132,3012,3012,4bc4941,577051,577385,585618,585718,8.233000,8.567000
132,4481,4481,5181943,589051,589377,600186,600286,10.809000,11.135000
132,5739,5739,566b941,640051,640377,649272,649372,8.895000,9.221000
132,3052,3052,4bec941,668051,668377,676621,676721,8.244000,8.570000
132,3212,3212,4c8c942,670051,670377,687593,687693,17.216000,17.542000
132,5690,5690,563a943,675051,675385,693163,693263,17.778000,18.112000
132,4812,4812,52cc940,721051,721385,726065,726165,4.680000,5.014000
132,4640,4640,5220943,752876,753202,758030,758130,4.828000,5.154000
132,4192,4192,5060942,763488,763822,769429,769529,5.607000,5.941000
132,5578,5578,55ca942,764051,764377,773634,773734,9.257000,9.583000
132,8280,8280,6058942,773051,773377,780775,780875,7.398000,7.724000
132,8272,8272,6050941,782051,782377,788860,788960,6.483000,6.809000
132,5730,5730,5662943,850051,850377,867415,867515,17.038000,17.364000
132,5172,5172,5434942,913051,913385,929572,929672,16.187000,16.521000
132,7223,7223,5c37940,970051,970385,978590,978690,8.205000,8.539000
132,5035,5035,53ab941,982051,982377,990632,990732,8.255000,8.581000
132,7776,7776,5e60943,989051,989385,1001171,1001271,11.786000,12.120000
132,6508,6508,596c941,1031051,1031385,1054822,1054922,23.437000,23.771000
132,8194,8194,6002940,1057446,1057780,1077849,1077949,20.069000,20.403000
132,7789,7789,5e6d942,1078499,1078825,1086430,1086530,7.605000,7.931000
132,8239,8239,602f943,1079051,1079377,1091785,1091885,12.408000,12.734000
132,8538,8538,615a942,1137757,1138091,1149085,1149185,10.994000,11.328000
132,6088,6088,57c8941,1221051,1221385,1235452,1235552,14.067000,14.401000
132,10225,10225,67f1940,1305446,1305780,1318691,1318791,12.911000,13.245000
132,6005,6005,5775943,1316051,1316385,1329222,1329322,12.837000,13.171000
132,6917,6917,5b05940,1374051,1374377,1380887,1380987,6.510000,6.836000
132,10002,10002,6712943,1375051,1375377,1386399,1386499,11.022000,11.348000
132,8647,8647,61c7942,1389051,1389385,1401160,1401260,11.775000,12.109000
132,10867,10867,6a73941,1395446,1395780,1408857,1408957,13.077000,13.411000
132,10275,10275,6823940,1413051,1413377,1423315,1423415,9.938000,10.264000
132,6278,6278,5886941,1453051,1453385,1466234,1466334,12.849000,13.183000
132,10359,10359,6877943,1458051,1458385,1477192,1477292,18.807000,19.141000
132,9369,9369,6499943,1472409,1472743,1482735,1482835,9.992000,10.326000
132,10909,10909,6a9d942,1650051,1650385,1662828,1662928,12.443000,12.777000
132,9725,9725,65fd941,1711051,1711377,1723643,1723743,12.266000,12.592000
132,10126,10126,678e941,1757051,1757377,1766500,1766600,9.123000,9.449000
132,9453,9453,64ed941,1824051,1824377,1835673,1835773,11.296000,11.622000
132,10783,10783,6a1f941,1991721,1992055,2006426,2006526,14.371000,14.705000
133,143,143,408f942,33051,33385,46086,46186,12.701000,13.035000
133,820,820,4334943,147051,147385,159402,159502,12.017000,12.351000
133,928,928,43a0941,161285,161611,170699,170799,9.088000,9.414000
133,1495,1495,45d7943,187051,187377,196892,196992,9.515000,9.841000
133,1763,1763,46e3940,241051,241385,250459,250559,9.074000,9.408000
133,4238,4238,508e940,266051,266385,271999,272099,5.614000,5.948000
133,1387,1387,456b943,305453,305779,311493,311593,5.714000,6.040000
133,1199,1199,44af940,304416,304742,315656,315756,10.914000,11.240000
133,2927,2927,4b6f940,423459,423785,443766,443866,19.981000,20.307000
133,4068,4068,4fe4943,470402,470736,479930,480030,9.194000,9.528000
133,3125,3125,4c35941,476051,476377,485504,485604,9.127000,9.453000
133,4245,4245,5095943,524050,524385,534347,534447,9.962000,10.297000
133,5795,5795,56a3943,573051,573377,583231,583331,9.854000,10.180000
133,5246,5246,547e942,629051,629385,644027,644127,14.642000,14.976000
133,5114,5114,53fa942,833051,833385,840739,840839,7.354000,7.688000
133,6696,6696,5a28943,850051,850377,857705,857805,7.328000,7.654000
133,6585,6585,59b9942,864881,865207,871776,871876,6.569000,6.895000
133,6470,6470,5946941,997051,997377,1007327,1007427,9.950000,10.276000
133,4237,4237,508d940,996051,996377,1018141,1018241,21.764000,22.090000
133,5220,5220,5464940,1019051,1019377,1027599,1027699,8.222000,8.548000
133,7644,7644,5ddc940,1017051,1017385,1033091,1033192,15.706000,16.040000
133,7001,7001,5b59940,1065051,1065377,1070084,1070184,4.707000,5.033000
133,8171,8171,5feb943,1162051,1162377,1171526,1171626,9.149000,9.475000
133,7839,7839,5e9f942,1180395,1180721,1192559,1192659,11.838000,12.164000
133,7793,7793,5e71943,1253789,1254123,1267869,1267969,13.746000,14.080000
133,7280,7280,5c70943,1378051,1378385,1389226,1389326,10.841000,11.175000
133,6942,6942,5b1e941,1403051,1403377,1411636,1411736,8.259000,8.585000
133,6384,6384,58f0940,1416051,1416377,1429494,1429594,13.117000,13.443000
133,8138,8138,5fca943,1453051,1453377,1459856,1459956,6.479000,6.805000
133,8650,8650,61ca940,1663051,1663377,1670694,1670794,7.317000,7.643000
133,9563,9563,655b941,1776320,1776654,1785738,1785838,9.084000,9.418000
133,9662,9662,65be942,1793051,1793385,1803347,1803447,9.962000,10.296000
133,10846,10846,6a5e943,2018051,2018385,2028409,2028509,10.024000,10.358000
133,10511,10511,690f943,2146460,2146794,2157589,2157689,10.795000,11.129000
133,9511,9511,6527943,2290051,2290377,2296897,2296997,6.520000,6.846000
134,27,27,401b943,31051,31385,36131,36231,4.746000,5.080000
134,0,0,4000943,62051,62385,77826,77926,15.441000,15.775000
134,82,82,4052940,78431,78757,86106,86206,7.349000,7.675000
134,1766,1766,46e6940,108051,108377,124682,124782,16.305000,16.631000
134,1722,1722,46ba941,136051,136377,142845,142945,6.468000,6.794000
134,485,485,41e5942,133090,133424,148323,148423,14.899000,15.233000
134,540,540,421c941,194155,194481,215095,215195,20.614000,20.940000
134,845,845,434d940,243051,243377,259709,259809,16.332000,16.658000
134,792,792,4318941,293051,293385,299022,299122,5.637000,5.971000
134,2510,2510,49ce942,309051,309377,324962,325062,15.585000,15.911000
134,3922,3922,4f52941,373051,373377,379920,380020,6.543000,6.869000
134,2574,2574,4a0e943,371051,371377,384135,384235,12.758000,13.084000
134,3388,3388,4d3c940,420051,420385,430378,430478,9.993000,10.327000
134,1605,1605,4645941,430051,430377,441199,441299,10.822000,11.148000
134,2786,2786,4ae2940,475051,475385,484481,484581,9.096000,9.430000
134,2441,2441,4989942,569051,569377,575859,575959,6.482000,6.808000
134,3284,3284,4cd4941,572051,572385,583192,583292,10.807000,11.141000
134,4760,4760,5298943,619051,619385,624990,625090,5.605000,5.939000
134,5447,5447,5547943,638051,638385,646672,646772,8.287000,8.621000
134,4758,4758,5296940,637051,637385,657460,657560,20.075000,20.409000
134,5125,5125,5405942,689051,689377,704083,704183,14.706000,15.032000
134,3414,3414,4d56940,793051,793377,800695,800795,7.318000,7.644000
134,6172,6172,581c943,816051,816377,826379,826479,10.002000,10.328000
134,5965,5965,574d943,839051,839385,844982,845082,5.597000,5.931000
134,4629,4629,5215940,912051,912385,919850,919950,7.465000,7.799000
134,7338,7338,5caa940,921051,921377,937283,937383,15.906000,16.232000
134,9965,9965,66ed941,923051,923385,941986,942086,18.601000,18.935000
134,7413,7413,5cf5940,972051,972377,991092,991192,18.715000,19.041000
134,5793,5793,56a1943,1020051,1020377,1039418,1039519,19.041000,19.367000
134,7741,7741,5e3d940,1052051,1052377,1065898,1065998,13.521000,13.847000
134,6987,6987,5b4b942,1058051,1058385,1071358,1071458,12.973000,13.307000
134,3470,3470,4d8e943,1090051,1090377,1095110,1095210,4.733000,5.059000
134,8552,8552,6168943,1114051,1114385,1130544,1130644,16.159000,16.493000
134,7288,7288,5c78943,1123051,1123385,1136026,1136126,12.641000,12.975000
134,8545,8545,6161942,1180051,1180377,1199533,1199633,19.156000,19.482000
134,7244,7244,5c4c943,1206051,1206385,1215481,1215581,9.096000,9.430000
134,6519,6519,5977940,1206051,1206385,1224760,1224860,18.375000,18.709000
134,9228,9228,640c942,1293051,1293385,1301571,1301671,8.186000,8.520000
134,6852,6852,5ac4940,1270051,1270377,1310521,1310621,40.144000,40.470000
134,6282,6282,588a941,1378051,1378377,1384809,1384909,6.432000,6.758000
134,7684,7684,5e04941,1381051,1381385,1393449,1393549,12.064000,12.398000
134,8302,8302,606e941,1464051,1464385,1480222,1480322,15.837000,16.171000
134,10533,10533,6925942,1633051,1633385,1648601,1648701,15.216000,15.550000
134,7763,7763,5e53940,1872051,1872377,1883228,1883328,10.851000,11.177000
134,10211,10211,67e3942,1904051,1904385,1918906,1919006,14.521000,14.855000
134,8965,8965,6305943,2065051,2065385,2072734,2072834,7.349000,7.683000
134,9912,9912,66b8942,2388395,2388721,2398787,2398887,10.066000,10.392000
135,833,833,4341941,61051,61385,71412,71512,10.027000,10.361000
135,581,581,4245943,75051,75385,98815,98915,23.430000,23.764000
135,321,321,4141943,109051,109377,122313,122413,12.936000,13.262000
135,942,942,43ae943,192051,192377,199702,199802,7.325000,7.651000
135,884,884,4374943,192051,192385,205178,205278,12.793000,13.127000
135,1438,1438,459e940,177822,178148,210654,210754,32.506000,32.832000
135,1119,1119,445f940,251051,251377,271435,271535,20.058000,20.384000
135,2785,2785,4ae1941,272051,272385,279720,279820,7.335000,7.669000
135,2343,2343,4927942,385051,385385,414131,414231,28.746000,29.080000
135,1857,1857,4741940,404051,404377,419669,419769,15.292000,15.618000
135,2192,2192,4890941,426051,426385,438699,438799,12.314000,12.648000
135,2869,2869,4b35940,506051,506377,517875,517975,11.498000,11.824000
135,3489,3489,4da1940,522050,522385,546437,546537,24.052000,24.387000
135,3750,3750,4ea6942,561051,561377,574886,574986,13.509000,13.835000
135,1692,1692,469c941,692051,692385,704213,704313,11.828000,12.162000
135,5071,5071,53cf942,723051,723377,736208,736308,12.831000,13.157000
135,3260,3260,4cbc940,726395,726729,742223,742323,15.494000,15.828000
135,4926,4926,533e940,780051,780377,787694,787794,7.317000,7.643000
135,5022,5022,539e943,833051,833385,848640,848740,15.255000,15.589000
135,4586,4586,51ea941,848051,848377,860972,861072,12.595000,12.921000
135,4302,4302,50ce941,881051,881385,895753,895853,14.368000,14.702000
135,5088,5088,53e0942,940051,940377,953183,953283,12.806000,13.132000
135,7513,7513,5d59941,965051,965385,971813,971913,6.428000,6.762000
135,7006,7006,5b5e941,1048051,1048377,1068451,1068551,20.074000,20.400000
135,8529,8529,6151940,1123051,1123377,1140596,1140696,17.219000,17.545000
135,7960,7960,5f18943,1135051,1135377,1146143,1146243,10.766000,11.092000
135,10220,10220,67ec941,1269051,1269385,1275834,1275934,6.449000,6.783000
135,4959,4959,535f941,1276051,1276377,1290719,1290819,14.342000,14.668000
135,9880,9880,6698940,1300051,1300377,1315595,1315695,15.218000,15.544000
135,5864,5864,56e8940,1343446,1343780,1374954,1375054,31.174000,31.508000
135,8107,8107,5fab941,1376051,1376377,1388136,1388236,11.759000,12.085000
135,9720,9720,65f8943,1482051,1482385,1488063,1488163,5.678000,6.012000
135,8160,8160,5fe0942,1531051,1531377,1546593,1546693,15.216000,15.542000
135,10749,10749,69fd941,1594051,1594377,1626943,1627043,32.566000,32.892000
135,10368,10368,6880942,1602051,1602385,1632463,1632563,30.078000,30.412000
135,8832,8832,6280940,1655051,1655385,1666180,1666280,10.795000,11.129000
135,8480,8480,6120943,1748051,1748377,1754811,1754911,6.434000,6.760000
135,10482,10482,68f2942,1752051,1752377,1771651,1771751,19.274000,19.600000
135,9758,9758,661e943,1887051,1887377,1899071,1899171,11.694000,12.020000
135,10949,10949,6ac5940,1928424,1928750,1936927,1937027,8.177000,8.503000
135,9873,9873,6691940,1936395,1936721,1944125,1944225,7.404000,7.730000
135,9282,9282,6442940,1932446,1932780,1949456,1949556,16.676000,17.010000
135,9531,9531,653b940,1996409,1996743,2008481,2008581,11.738000,12.072000
135,10114,10114,6782943,2086423,2086749,2099387,2099487,12.638000,12.964000
135,10529,10529,6921943,2154051,2154377,2161882,2161982,7.505000,7.831000
136,153,153,4099940,61051,61385,84220,84320,22.835000,23.169000
136,837,837,4345943,151051,151377,172876,172976,21.499000,21.825000
136,717,717,42cd942,185051,185385,209292,209392,23.907000,24.241000
136,324,324,4144941,212051,212377,225020,225120,12.643000,12.969000
136,1854,1854,473e941,226051,226377,235863,235963,9.486000,9.812000
136,2123,2123,484b941,263051,263385,268977,269077,5.592000,5.926000
136,2745,2745,4ab9942,289051,289385,299386,299486,10.001000,10.335000
136,3711,3711,4e7f940,415051,415385,422739,422839,7.354000,7.688000
136,3393,3393,4d41940,423446,423780,435707,435807,11.927000,12.261000
136,2486,2486,49b6943,475051,475385,491636,491736,16.251000,16.585000
136,1859,1859,4743942,485118,485444,497027,497127,11.583000,11.909000
136,4271,4271,50af943,532051,532377,542340,542440,9.963000,10.289000
136,2118,2118,4846943,571051,571377,584027,584127,12.650000,12.976000
136,3310,3310,4cee942,577051,577377,589536,589636,12.159000,12.485000
136,2413,2413,496d940,592439,592773,600256,600356,7.483000,7.817000
136,2442,2442,498a943,594051,594385,610589,610689,16.204000,16.538000
136,3339,3339,4d0b943,663051,663377,676248,676348,12.871000,13.197000
136,3579,3579,4dfb943,679051,679385,692008,692108,12.623000,12.957000
136,5947,5947,573b943,709051,709385,720367,720467,10.982000,11.316000
136,4620,4620,520c942,785051,785377,799090,799190,13.713000,14.039000
136,5711,5711,564f943,841613,841947,848663,848763,6.716000,7.050000
136,3858,3858,4f12942,852051,852377,865068,865168,12.691000,13.017000
136,4031,4031,4fbf942,861051,861377,878356,878456,16.979000,17.305000
136,5267,5267,5493940,869051,869377,882498,882598,13.121000,13.447000
136,8930,8930,62e2943,872051,872377,887817,887917,15.440000,15.766000
136,3688,3688,4e68943,879051,879385,898669,898769,19.284000,19.618000
136,7351,7351,5cb7941,957766,958092,969438,969538,11.346000,11.672000
136,7884,7884,5ecc942,967051,967385,982751,982851,15.366000,15.700000
136,10434,10434,68c2940,1094418,1094752,1105722,1105822,10.970000,11.304000
136,7073,7073,5ba1940,1110051,1110377,1117841,1117941,7.464000,7.790000
136,5099,5099,53eb940,1116051,1116385,1132421,1132521,16.036000,16.370000
136,6265,6265,5879940,1125628,1125954,1143442,1143542,17.488000,17.814000
136,9805,9805,664d940,1151439,1151765,1159117,1159217,7.352000,7.678000
136,9066,9066,636a943,1175051,1175385,1191993,1192093,16.608000,16.942000
136,6388,6388,58f4941,1268051,1268385,1286286,1286386,17.901000,18.235000
136,7718,7718,5e26943,1284051,1284385,1296498,1296598,12.113000,12.447000
136,10832,10832,6a50940,1458051,1458385,1469112,1469212,10.727000,11.061000
136,10038,10038,6736943,1471051,1471377,1481464,1481564,10.087000,10.413000
136,7840,7840,5ea0940,1510051,1510385,1519072,1519172,8.687000,9.021000
136,10929,10929,6ab1943,1535051,1535385,1546243,1546343,10.858000,11.192000
136,8399,8399,60cf941,1537051,1537377,1551760,1551860,14.383000,14.709000
136,9501,9501,651d941,1809051,1809385,1816743,1816843,7.358000,7.692000
136,10198,10198,67d6942,1927051,1927377,1941250,1941350,13.873000,14.199000
137,1044,1044,4414942,112051,112377,120724,120824,8.347000,8.673000
137,1012,1012,43f4940,117051,117385,126514,126614,9.129000,9.463000
137,156,156,409c943,121051,121385,133272,133372,11.887000,12.221000
137,2846,2846,4b1e943,161051,161385,178372,178472,16.987000,17.321000
137,1207,1207,44b7943,181051,181385,192305,192405,10.920000,11.254000
137,1418,1418,458a940,194051,194377,199089,199189,4.712000,5.038000
137,2300,2300,48fc940,214051,214385,224357,224457,9.972000,10.306000
137,1294,1294,450e943,219051,219385,229890,229990,10.505000,10.839000
137,2251,2251,48cb941,234051,234385,253440,253540,19.055000,19.389000
137,2981,2981,4ba5941,294051,294377,299074,299174,4.697000,5.023000
137,2214,2214,48a6940,352051,352377,359809,359909,7.432000,7.758000
137,1979,1979,47bb943,354051,354385,369683,369783,15.298000,15.632000
137,4613,4613,5205941,361804,362138,381982,382082,19.844000,20.178000
137,2313,2313,4909940,397051,397385,415195,415295,17.810000,18.144000
137,2114,2114,4842940,516050,516377,531691,531791,15.314000,15.641000
137,5757,5757,567d940,630051,630377,638612,638712,8.235000,8.561000
137,6047,6047,579f940,691051,691377,699589,699689,8.212000,8.538000
137,5305,5305,54b9943,766051,766385,774609,774709,8.224000,8.558000
137,5405,5405,551d940,852395,852721,859231,859331,6.510000,6.836000
137,4338,4338,50f2942,860051,860377,867740,867840,7.363000,7.689000
137,4171,4171,504b940,884051,884385,901308,901408,16.923000,17.257000
137,4459,4459,516b943,895210,895536,907259,907359,11.723000,12.049000
137,3045,3045,4be5940,891051,891377,911506,911606,20.129000,20.455000
137,6253,6253,586d942,899051,899385,923888,923988,24.503000,24.837000
137,4630,4630,5216941,908051,908385,928106,928206,19.721000,20.055000
137,7114,7114,5bca940,945051,945377,952755,952855,7.378000,7.704000
137,4295,4295,50c7942,998051,998385,1010102,1010202,11.717000,12.051000
137,6730,6730,5a4a942,998051,998385,1015595,1015695,17.210000,17.544000
137,6095,6095,57cf943,1068051,1068377,1083696,1083796,15.319000,15.645000
137,7469,7469,5d2d940,1151051,1151385,1157905,1158005,6.520000,6.854000
137,7051,7051,5b8b940,1164051,1164385,1174329,1174429,9.944000,10.278000
137,7812,7812,5e84941,1216051,1216377,1226792,1226892,10.415000,10.741000
137,7886,7886,5ece940,1234051,1234385,1246254,1246354,11.869000,12.203000
137,6808,6808,5a98943,1259051,1259377,1274678,1274778,15.301000,15.627000
137,7758,7758,5e4e940,1288051,1288377,1298951,1299051,10.574000,10.900000
137,4679,4679,5247941,1302051,1302385,1315017,1315117,12.632000,12.966000
137,9367,9367,6497943,1371051,1371385,1384637,1384737,13.252000,13.586000
137,8562,8562,6172942,1396446,1396780,1405912,1406012,9.132000,9.466000
137,6466,6466,5942940,1412051,1412385,1423297,1423397,10.912000,11.246000
137,10555,10555,693b943,1491051,1491385,1509024,1509124,17.639000,17.973000
137,8864,8864,62a0942,1527051,1527385,1537348,1537448,9.963000,10.297000
137,10644,10644,6994940,1547051,1547377,1554732,1554832,7.355000,7.681000
137,6767,6767,5a6f941,1621051,1621385,1634049,1634149,12.664000,12.998000
137,10013,10013,671d942,1711051,1711377,1732628,1732728,21.251000,21.577000
137,10139,10139,679b943,1840051,1840377,1854846,1854946,14.469000,14.795000
137,10848,10848,6a60940,2552051,2552385,2563231,2563331,10.846000,11.180000
138,1002,1002,43ea940,92051,92377,103182,103282,10.805000,11.131000
138,891,891,437b943,124051,124385,134421,134521,10.036000,10.370000
138,619,619,426b940,180051,180385,187739,187839,7.354000,7.688000
138,3953,3953,4f71943,361431,361757,370554,370654,8.797000,9.123000
138,1445,1445,45a5942,476051,476385,484817,484917,8.432000,8.766000
138,1196,1196,44ac940,474051,474377,490220,490320,15.843000,16.169000
138,3038,3038,4bde941,477051,477385,495603,495703,18.218000,18.552000
138,4604,4604,51fc941,500051,500377,509528,509628,9.151000,9.477000
138,3360,3360,4d20940,535051,535385,547159,547259,11.774000,12.108000
138,2858,2858,4b2a941,551051,551377,556098,556198,4.721000,5.047000
138,4546,4546,51c2943,560051,560385,568648,568748,8.263000,8.597000
138,4478,4478,517e940,574051,574377,579953,580053,5.576000,5.902000
138,3834,3834,4efa943,618051,618385,633638,633738,15.253000,15.587000
138,4963,4963,5363943,668051,668385,684192,684292,15.807000,16.141000
138,4184,4184,5058942,719051,719377,724114,724214,4.737000,5.063000
138,5336,5336,54d8942,743051,743385,754809,754909,11.424000,11.758000
138,6471,6471,5947943,805051,805385,818034,818134,12.649000,12.983000
138,4589,4589,51ed941,845051,845385,853577,853677,8.192000,8.526000
138,6257,6257,5871940,967051,967377,975913,976013,8.536000,8.862000
138,4019,4019,4fb3941,972051,972377,986880,986980,14.503000,14.829000
138,6206,6206,583e941,996051,996377,1012156,1012256,15.779000,16.105000
138,5239,5239,5477942,1040051,1040377,1050307,1050407,9.930000,10.256000
138,7091,7091,5bb3943,1045051,1045377,1056256,1056356,10.879000,11.205000
138,6910,6910,5afe940,1062051,1062385,1067997,1068097,5.612000,5.946000
138,6233,6233,5859943,1224051,1224377,1234336,1234436,9.959000,10.285000
138,6393,6393,58f9940,1249051,1249377,1261173,1261273,11.796000,12.122000
138,6230,6230,5856941,1246669,1247003,1266672,1266772,19.669000,20.003000
138,8220,8220,601c940,1297424,1297750,1305140,1305240,7.390000,7.716000
138,8665,8665,61d9940,1345051,1345377,1356196,1356296,10.819000,11.145000
138,8823,8823,6277940,1354051,1354377,1362686,1362786,8.309000,8.635000
138,9590,9590,6576941,1412051,1412385,1417970,1418070,5.585000,5.919000
138,6799,6799,5a8f943,1474051,1474377,1485310,1485410,10.933000,11.259000
138,6268,6268,587c941,1475051,1475377,1490800,1490900,15.423000,15.749000
138,10195,10195,67d3941,1541051,1541377,1549269,1549369,7.892000,8.218000
138,8780,8780,624c943,1566051,1566385,1572855,1572955,6.470000,6.804000
138,9999,9999,670f943,1811051,1811377,1819578,1819678,8.201000,8.527000
138,10099,10099,6773941,2109051,2109377,2114069,2114169,4.692000,5.018000
139,85,85,4055943,50051,50385,62544,62644,12.159000,12.493000
139,385,385,4181943,66402,66736,71426,71526,4.690000,5.024000
139,16,16,4010942,72051,72385,90423,90523,18.038000,18.372000
139,516,516,4204943,91051,91377,96054,96154,4.677000,5.003000
139,672,672,42a0942,116837,117171,121894,121994,4.723000,5.057000
139,1166,1166,448e942,228051,228377,236583,236683,8.206000,8.532000
139,2679,2679,4a77941,278051,278377,288366,288466,9.989000,10.315000
139,3513,3513,4db9943,390051,390385,399572,399672,9.187000,9.521000
139,2218,2218,48aa940,399051,399385,404984,405084,5.599000,5.933000
139,5190,5190,5446940,417051,417377,425767,425867,8.390000,8.716000
139,3842,3842,4f02943,440051,440385,449045,449145,8.660000,8.994000
139,3049,3049,4be9943,565051,565385,574584,574684,9.199000,9.533000
139,6882,6882,5ae2940,604973,605307,615195,615295,9.888000,10.222000
139,7224,7224,5c38940,610332,610658,620705,620805,10.047000,10.373000
139,4220,4220,507c943,680051,680377,685956,686056,5.579000,5.905000
139,3856,3856,4f10940,674770,675104,691432,691532,16.328000,16.662000
139,4967,4967,5367943,696051,696377,716758,716858,20.381000,20.707000
139,5550,5550,55ae941,717418,717752,724360,724460,6.608000,6.942000
139,3034,3034,4bda943,724051,724385,755107,755207,30.722000,31.056000
139,3628,3628,4e2c941,794051,794385,799972,800072,5.587000,5.921000
139,4563,4563,51d3942,832051,832377,840547,840647,8.170000,8.496000
139,7164,7164,5bfc940,911051,911377,918730,918830,7.353000,7.679000
139,6419,6419,5913943,932051,932377,952883,952983,20.506000,20.832000
139,5573,5573,55c5943,983051,983385,996892,996992,13.507000,13.841000
139,6462,6462,593e942,1001410,1001736,1008421,1008521,6.685000,7.011000
139,9097,9097,6389942,1079051,1079385,1085082,1085182,5.697000,6.031000
139,7102,7102,5bbe942,1110051,1110385,1123866,1123966,13.481000,13.815000
139,5813,5813,56b5941,1134051,1134385,1146024,1146124,11.639000,11.973000
139,7608,7608,5db8942,1146051,1146385,1157122,1157222,10.737000,11.071000
139,8415,8415,60df940,1205051,1205377,1210107,1210207,4.730000,5.056000
139,8330,8330,608a942,1215051,1215377,1225924,1226024,10.547000,10.873000
139,8255,8255,603f940,1271051,1271377,1280463,1280563,9.086000,9.412000
139,8992,8992,6320941,1283051,1283377,1292427,1292527,9.050000,9.376000
139,9930,9930,66ca940,1331051,1331385,1347133,1347233,15.748000,16.082000
139,9247,9247,641f941,1389051,1389377,1396706,1396806,7.329000,7.655000
139,8469,8469,6115943,1467051,1467377,1484163,1484263,16.786000,17.112000
139,8730,8730,621a940,1479051,1479385,1488396,1488496,9.011000,9.345000
139,9560,9560,6558943,1522051,1522385,1533973,1534073,11.588000,11.922000
139,7340,7340,5cac943,1557051,1557377,1575890,1575990,18.513000,18.839000
139,10003,10003,6713940,1631051,1631385,1638755,1638855,7.370000,7.704000
139,10812,10812,6a3c942,1743051,1743385,1753349,1753449,9.964000,10.298000
139,10309,10309,6845943,2003051,2003377,2010707,2010807,7.330000,7.656000
140,174,174,40ae942,42051,42377,51664,51764,9.287000,9.613000
140,133,133,4085943,74051,74377,83482,83582,9.105000,9.431000
140,695,695,42b7940,99051,99377,109267,109367,9.890000,10.216000
140,2150,2150,4866942,140647,140973,153386,153486,12.413000,12.739000
140,1124,1124,4464940,150051,150385,158818,158918,8.433000,8.767000
140,959,959,43bf940,144425,144759,164349,164449,19.590000,19.924000
140,1666,1666,4682941,233051,233377,238992,239092,5.615000,5.941000
140,1756,1756,46dc940,340051,340385,357105,357205,16.720000,17.054000
140,1749,1749,46d5940,354051,354377,362715,362815,8.338000,8.664000
140,1194,1194,44aa940,431051,431377,449879,449979,18.502000,18.828000
140,4714,4714,526a940,455051,455377,469492,469592,14.115000,14.441000
140,4131,4131,5023940,477051,477385,492947,493047,15.562000,15.896000
140,3819,3819,4eeb941,521425,521759,535281,535381,13.522000,13.856000
140,1081,1081,4439942,529051,529377,546188,546288,16.811000,17.137000
140,4059,4059,4fdb943,579431,579757,595304,595404,15.547000,15.873000
140,4352,4352,5100943,588051,588385,600634,600734,12.249000,12.583000
140,4564,4564,51d4942,604846,605180,611768,611868,6.588000,6.922000
140,4129,4129,5021942,643051,643377,653118,653218,9.741000,10.067000
140,3270,3270,4cc6943,654051,654385,665191,665291,10.806000,11.140000
140,4829,4829,52dd941,695051,695377,702735,702835,7.358000,7.684000
140,3899,3899,4f3b940,733051,733377,743005,743105,9.628000,9.954000
140,6670,6670,5a0e940,756051,756385,785181,785281,28.796000,29.130000
140,5653,5653,5615940,776051,776377,791677,791777,15.300000,15.626000
140,3951,3951,4f6f941,845051,845377,851860,851960,6.483000,6.809000
140,6350,6350,58ce940,842051,842385,856058,856158,13.673000,14.007000
140,4373,4373,5115943,868051,868385,883873,883973,15.488000,15.822000
140,4547,4547,51c3942,899051,899385,907619,907719,8.234000,8.568000
140,6803,6803,5a93941,899051,899377,913047,913147,13.670000,13.996000
140,5640,5640,5608941,908051,908385,918556,918656,10.171000,10.505000
140,6131,6131,57f3942,911787,912121,923901,924001,11.780000,12.114000
140,7962,7962,5f1a942,925051,925377,934756,934856,9.379000,9.705000
140,5404,5404,551c941,927051,927385,940079,940179,12.694000,13.028000
140,6242,6242,5862940,915051,915385,944255,944355,28.870000,29.204000
140,5540,5540,55a4940,936051,936385,948392,948492,12.007000,12.341000
140,6440,6440,5928943,958051,958377,977583,977683,19.206000,19.532000
140,6305,6305,58a1940,972051,972385,983067,983167,10.682000,11.016000
140,5539,5539,55a3941,1149051,1149385,1155840,1155940,6.455000,6.789000
140,7258,7258,5c5a943,1255051,1255385,1274959,1275059,19.574000,19.908000
140,8268,8268,604c940,1293402,1293736,1307025,1307125,13.289000,13.623000
140,8922,8922,62da941,1323051,1323385,1331749,1331849,8.364000,8.698000
140,10716,10716,69dc941,1425446,1425780,1434844,1434944,9.064000,9.398000
140,4852,4852,52f4942,1437051,1437377,1445590,1445690,8.213000,8.539000
140,8382,8382,60be943,1457051,1457385,1482880,1482980,25.495000,25.829000
140,8190,8190,5ffe941,1593395,1593721,1602846,1602946,9.125000,9.451000
140,7787,7787,5e6b940,1656051,1656385,1661944,1662044,5.559000,5.893000
140,9800,9800,6648943,1690051,1690377,1701376,1701476,10.999000,11.325000
140,6850,6850,5ac2941,1791051,1791385,1798409,1798509,7.024000,7.358000
140,9660,9660,65bc942,1815051,1815377,1826213,1826313,10.836000,11.162000
141,843,843,434b943,72051,72385,78493,78593,6.108000,6.442000
141,785,785,4311940,153051,153377,160813,160913,7.436000,7.762000
141,2455,2455,4997940,229051,229377,238391,238491,9.014000,9.340000
141,1626,1626,465a940,261051,261385,273364,273464,11.979000,12.313000
141,2522,2522,49da943,340051,340377,346862,346962,6.485000,6.811000
141,3512,3512,4db8943,372051,372377,386223,386323,13.846000,14.172000
141,2661,2661,4a65943,400051,400385,406901,407001,6.516000,6.850000
141,2143,2143,485f940,444051,444385,459157,459257,14.772000,15.106000
141,1973,1973,47b5942,496051,496385,508267,508367,11.882000,12.216000
141,4189,4189,505d943,533051,533385,546319,546419,12.934000,13.268000
141,2269,2269,48dd940,525919,526253,555680,555780,29.427000,29.761000
141,4871,4871,5307943,581303,581629,596096,596196,14.467000,14.793000
141,6939,6939,5b1b942,722051,722377,733199,733299,10.822000,11.148000
141,4293,4293,50c5940,726051,726377,738606,738706,12.229000,12.555000
141,8662,8662,61d6943,850051,850385,856867,856967,6.482000,6.816000
141,6072,6072,57b8942,925051,925385,935335,935435,9.950000,10.284000
141,6014,6014,577e942,936051,936385,946376,946476,9.991000,10.325000
141,3703,3703,4e77943,990051,990377,998588,998688,8.211000,8.537000
141,2766,2766,4ace942,1011051,1011377,1019648,1019748,8.271000,8.597000
141,4269,4269,50ad941,1015453,1015779,1029048,1029147,13.269000,13.595000
141,4082,4082,4ff2940,1022051,1022385,1035012,1035112,12.627000,12.961000
141,7423,7423,5cff940,1037051,1037385,1044388,1044489,7.003000,7.337000
141,5673,5673,5629942,1060051,1060377,1068625,1068725,8.248000,8.574000
141,6787,6787,5a83941,1075051,1075377,1082695,1082795,7.318000,7.644000
141,9185,9185,63e1943,1079051,1079385,1088015,1088115,8.630000,8.964000
141,5326,5326,54ce940,1194051,1194377,1205238,1205338,10.861000,11.187000
141,5158,5158,5426943,1231051,1231385,1239630,1239730,8.245000,8.579000
141,4342,4342,50f6941,1239051,1239377,1256116,1256216,16.739000,17.065000
141,7815,7815,5e87940,1283051,1283377,1291645,1291745,8.268000,8.594000
141,10292,10292,6834942,1319051,1319377,1326796,1326896,7.419000,7.745000
141,9460,9460,64f4943,1386051,1386377,1400464,1400564,14.087000,14.413000
141,8189,8189,5ffd943,1412051,1412377,1421477,1421577,9.100000,9.426000
141,10503,10503,6907943,1442894,1443228,1453216,1453316,9.988000,10.322000
141,9059,9059,6363940,1458051,1458385,1469187,1469287,10.802000,11.136000
141,8487,8487,6127943,1474402,1474736,1498111,1498211,23.375000,23.709000
141,9834,9834,666a942,1505051,1505377,1515078,1515178,9.701000,10.027000
141,9921,9921,66c1941,1516051,1516377,1525457,1525557,9.080000,9.406000
141,6684,6684,5a1c941,1527051,1527385,1545093,1545193,17.708000,18.042000
141,8090,8090,5f9a942,1597051,1597385,1609921,1610021,12.536000,12.870000
141,9190,9190,63e6940,1656051,1656377,1670047,1670147,13.670000,13.996000
141,6925,6925,5b0d942,1718395,1718729,1727809,1727909,9.080000,9.414000
141,8657,8657,61d1943,1764051,1764385,1769961,1770061,5.576000,5.910000
141,10664,10664,69a8942,1884051,1884377,1894363,1894463,9.986000,10.312000
142,163,163,40a3941,21051,21385,33208,33308,11.823000,12.157000
142,157,157,409d942,81051,81377,100231,100331,18.854000,19.180000
142,1352,1352,4548943,187051,187377,195644,195744,8.267000,8.593000
142,1325,1325,452d942,271051,271385,279571,279671,8.186000,8.520000
142,727,727,42d7941,274051,274385,290438,290538,16.053000,16.387000
142,2088,2088,4828941,326051,326377,331098,331198,4.721000,5.047000
142,4910,4910,532e942,503051,503377,514664,514764,11.287000,11.613000
142,4982,4982,5376942,494051,494385,521278,521377,26.893000,27.227000
142,6411,6411,590b940,522050,522385,531509,531609,9.124000,9.459000
142,4667,4667,523b943,539051,539377,551049,551149,11.672000,11.998000
142,3866,3866,4f1a943,545051,545377,556603,556703,11.226000,11.552000
142,3439,3439,4d6f940,539425,539759,572759,572859,33.000000,33.334000
142,3904,3904,4f40941,611051,611377,619603,619703,8.226000,8.552000
142,2459,2459,499b940,621051,621377,626968,627068,5.591000,5.917000
142,4756,4756,5294943,620051,620385,631108,631208,10.723000,11.057000
142,6212,6212,5844940,832051,832377,851106,851206,18.729000,19.055000
142,5647,5647,560f940,900051,900377,909887,909987,9.510000,9.836000
142,7418,7418,5cfa943,910051,910377,922133,922233,11.756000,12.082000
142,5496,5496,5578941,1003051,1003385,1012548,1012648,9.163000,9.497000
142,6674,6674,5a12943,1015051,1015385,1024455,1024556,9.070000,9.404000
142,6580,6580,59b4940,1033051,1033377,1045122,1045222,11.745000,12.071000
142,5297,5297,54b1941,1066439,1066773,1081066,1081166,14.293000,14.627000
142,4270,4270,50ae941,1121051,1121377,1131364,1131464,9.987000,10.313000
142,7710,7710,5e1e942,1224051,1224377,1232092,1232192,7.715000,8.041000
142,9611,9611,658b943,1259051,1259385,1264987,1265087,5.602000,5.936000
142,6364,6364,58dc943,1262051,1262385,1273189,1273289,10.804000,11.138000
142,8743,8743,6227940,1315051,1315377,1328069,1328169,12.692000,13.018000
142,4255,4255,509f942,1390051,1390385,1406668,1406768,16.283000,16.617000
142,8089,8089,5f99943,1414409,1414743,1426450,1426550,11.707000,12.041000
142,7075,7075,5ba3940,1530051,1530377,1541757,1541857,11.380000,11.706000
142,6733,6733,5a4d942,1542424,1542750,1552687,1552787,9.937000,10.263000
142,7202,7202,5c22940,1616051,1616385,1629914,1630014,13.529000,13.863000
142,5926,5926,5726942,1729051,1729385,1738486,1738586,9.101000,9.435000
142,9704,9704,65e8942,1762051,1762377,1777718,1777818,15.341000,15.667000
142,9729,9729,6601941,1824431,1824757,1847363,1847463,22.606000,22.932000
142,8822,8822,6276941,1844051,1844377,1858329,1858429,13.952000,14.278000
142,10464,10464,68e0942,1900051,1900385,1907703,1907803,7.318000,7.652000
142,9388,9388,64ac941,1926051,1926377,1936335,1936435,9.958000,10.284000
142,10659,10659,69a3941,1934051,1934377,1941814,1941914,7.437000,7.763000
143,28,28,401c941,54051,54385,69182,69282,14.797000,15.131000
143,835,835,4343942,87051,87377,124103,124203,36.726000,37.052000
143,555,555,422b940,114051,114377,129632,129732,15.255000,15.581000
143,714,714,42ca942,124051,124377,140627,140727,16.250000,16.576000
143,440,440,41b8941,150051,150377,159495,159595,9.118000,9.444000
143,1046,1046,4416943,152395,152721,183375,183475,30.654000,30.980000
143,1391,1391,456f940,180051,180385,188716,188816,8.331000,8.665000
143,1470,1470,45be940,246051,246385,268286,268386,21.901000,22.235000
143,1625,1625,4659942,255782,256108,279359,279459,23.251000,23.577000
143,1993,1993,47c9940,307051,307385,323702,323802,16.317000,16.651000
143,1355,1355,454b941,360439,360773,379565,379665,18.792000,19.126000
143,1795,1795,4703943,369051,369385,385057,385157,15.672000,16.006000
143,2613,2613,4a35943,381418,381752,389220,389320,7.468000,7.802000
143,2919,2919,4b67940,384438,384764,401866,401966,17.102000,17.428000
143,3518,3518,4dbe940,403051,403385,425290,425390,21.905000,22.239000
143,3336,3336,4d08940,418051,418377,430747,430847,12.370000,12.696000
143,2648,2648,4a58942,442051,442377,449694,449794,7.317000,7.643000
143,2326,2326,4916941,458051,458385,465680,465780,7.295000,7.629000
143,3461,3461,4d85940,540453,540779,559679,559779,18.900000,19.226000
143,4414,4414,513e942,584326,584652,608758,608858,24.106000,24.432000
143,3484,3484,4d9c942,634051,634385,644878,644978,10.493000,10.827000
143,5177,5177,5439943,646051,646385,657190,657290,10.805000,11.139000
143,4739,4739,5283942,723051,723385,732447,732547,9.062000,9.396000
143,4108,4108,500c941,721051,721377,743385,743485,22.008000,22.334000
143,8419,8419,60e3943,765051,765377,776603,776703,11.226000,11.552000
143,2298,2298,48fa942,791051,791385,802155,802255,10.770000,11.104000
143,3724,3724,4e8c941,858051,858385,869189,869289,10.804000,11.138000
143,3502,3502,4dae941,921051,921385,936141,936241,14.756000,15.090000
143,3902,3902,4f3e943,925051,925385,945144,945244,19.759000,20.093000
143,4700,4700,525c940,936051,936377,949286,949386,12.909000,13.235000
143,8754,8754,6232943,958051,958385,963943,964043,5.558000,5.892000
143,3793,3793,4ed1941,961051,961377,972174,972274,10.797000,11.123000
143,6381,6381,58ed942,980051,980377,998235,998335,17.858000,18.184000
143,3203,3203,4c83943,1026051,1026377,1041820,1041920,15.443000,15.769000
143,4305,4305,50d1940,1074051,1074377,1087221,1087321,12.844000,13.170000
143,7121,7121,5bd1943,1162051,1162377,1175878,1175978,13.501000,13.827000
143,7087,7087,5baf940,1201051,1201377,1216603,1216703,15.226000,15.552000
143,8614,8614,61a6941,1276051,1276377,1290388,1290488,14.011000,14.337000
143,6659,6659,5a03941,1280812,1281138,1297188,1297288,16.050000,16.376000
143,5457,5457,5551941,1401714,1402040,1420236,1420336,18.196000,18.522000
143,10433,10433,68c1941,1470051,1470377,1475965,1476065,5.588000,5.914000
143,7553,7553,5d81941,1472051,1472377,1480586,1480686,8.209000,8.535000
143,7898,7898,5eda941,1492051,1492385,1500587,1500687,8.202000,8.536000
143,6654,6654,59fe942,1537051,1537385,1548224,1548324,10.839000,11.173000
143,8165,8165,5fe5941,1588051,1588385,1600122,1600222,11.737000,12.071000
143,8374,8374,60b6941,1628051,1628385,1643603,1643703,15.218000,15.552000
143,8797,8797,625d943,1717051,1717385,1723868,1723968,6.483000,6.817000
143,9174,9174,63d6941,1769051,1769385,1782758,1782858,13.373000,13.707000
143,9405,9405,64bd943,1783453,1783779,1794307,1794407,10.528000,10.854000
143,10619,10619,697b941,1948051,1948377,1954838,1954938,6.461000,6.787000
143,8304,8304,6070942,2035051,2035377,2046190,2046290,10.813000,11.139000
144,470,470,41d6942,44051,44377,69378,69478,25.001000,25.327000
144,215,215,40d7942,66051,66377,78828,78928,12.451000,12.777000
144,34,34,4022942,73051,73385,91818,91918,18.433000,18.767000
144,1503,1503,45df940,165051,165377,198365,198465,32.988000,33.314000
144,1075,1075,4433940,193051,193377,213616,213716,20.239000,20.565000
144,1400,1400,4578942,212431,212757,222940,223040,10.183000,10.509000
144,3606,3606,4e16941,363416,363742,369374,369474,5.632000,5.958000
144,1275,1275,44fb943,393051,393385,400797,400897,7.412000,7.746000
144,2637,2637,4a4d941,427051,427377,437445,437545,10.068000,10.394000
144,2773,2773,4ad5943,449051,449385,456753,456853,7.368000,7.702000
144,4754,4754,5292943,493051,493385,504711,504811,11.326000,11.660000
144,1944,1944,4798943,585051,585385,596323,596423,10.938000,11.272000
144,3672,3672,4e58940,669426,669752,678965,679065,9.213000,9.539000
144,3978,3978,4f8a940,704416,704750,712093,712193,7.343000,7.677000
144,4827,4827,52db943,774051,774377,781760,781860,7.383000,7.709000
144,4938,4938,534a940,793051,793385,801939,802039,8.554000,8.888000
144,6486,6486,5956942,939051,939385,946736,946836,7.351000,7.685000
144,5062,5062,53c6942,1003438,1003764,1010268,1010368,6.504000,6.830000
144,5665,5665,5621940,1035051,1035385,1044523,1044624,9.138000,9.472000
144,4769,4769,52a1941,1056051,1056385,1065562,1065662,9.177000,9.511000
144,7260,7260,5c5c941,1081051,1081385,1089656,1089756,8.271000,8.605000
144,5841,5841,56d1941,1138051,1138377,1143990,1144090,5.613000,5.939000
144,5623,5623,55f7943,1233051,1233385,1259015,1259115,25.630000,25.964000
144,7568,7568,5d90941,1268051,1268377,1279294,1279394,10.917000,11.243000
144,8246,8246,6036942,1338051,1338377,1351859,1351959,13.482000,13.808000
144,10383,10383,688f943,1433051,1433385,1442553,1442653,9.168000,9.502000
144,8917,8917,62d5942,1440409,1440743,1456245,1456345,15.502000,15.836000
144,8920,8920,62d8943,1450051,1450385,1460426,1460526,10.041000,10.375000
144,8952,8952,62f8942,1448051,1448385,1464620,1464720,16.235000,16.569000
144,5749,5749,5675941,1451051,1451377,1468835,1468935,17.458000,17.784000
144,8495,8495,612f943,1525051,1525377,1545227,1545327,19.850000,20.176000
144,8525,8525,614d943,1548051,1548377,1554893,1554993,6.516000,6.842000
144,7867,7867,5ebb940,1605438,1605764,1614563,1614663,8.799000,9.125000
144,9154,9154,63c2941,1665051,1665385,1680871,1680971,15.486000,15.820000
144,10531,10531,6923940,1748051,1748377,1757962,1758062,9.585000,9.911000
144,9510,9510,6526942,1773051,1773377,1784883,1784983,11.506000,11.832000
144,9404,9404,64bc940,1794051,1794385,1806845,1806945,12.460000,12.794000
144,7494,7494,5d46940,1799409,1799743,1812367,1812467,12.624000,12.958000
144,9667,9667,65c3941,1900051,1900385,1914923,1915023,14.538000,14.872000
144,8693,8693,61f5940,1946051,1946377,1958193,1958293,11.816000,12.142000
144,10917,10917,6aa5942,1958051,1958385,1972658,1972758,14.273000,14.607000
144,10739,10739,69f3941,2060051,2060377,2069515,2069615,9.138000,9.464000
144,10875,10875,6a7b940,2140051,2140377,2147787,2147887,7.410000,7.736000
145,378,378,417a943,96051,96385,118169,118269,21.784000,22.118000
145,1455,1455,45af942,117051,117377,134758,134858,17.381000,17.707000
145,1305,1305,4519940,158051,158377,166625,166725,8.248000,8.574000
145,609,609,4261940,207051,207377,217334,217434,9.957000,10.283000
145,1738,1738,46ca941,226051,226377,231096,231196,4.719000,5.045000
145,548,548,4224942,261424,261758,267749,267849,5.991000,6.325000
145,1386,1386,456a940,304051,304385,313481,313581,9.096000,9.430000
145,1599,1599,463f940,338140,338474,350141,350241,11.667000,12.001000
145,3258,3258,4cba942,343051,343385,363865,363965,20.480000,20.814000
145,1936,1936,4790942,355051,355377,369225,369325,13.848000,14.174000
145,2457,2457,4999942,441051,441377,446989,447089,5.612000,5.938000
145,4261,4261,50a5943,451051,451385,460474,460574,9.089000,9.423000
145,2417,2417,4971941,449051,449377,466010,466110,16.633000,16.959000
145,3923,3923,4f53942,454051,454377,476363,476463,21.986000,22.312000
145,4288,4288,50c0942,481051,481385,495944,496044,14.559000,14.893000
145,3756,3756,4eac941,548051,548385,555716,555816,7.331000,7.665000
145,4448,4448,5160943,556051,556377,564627,564727,8.250000,8.576000
145,3663,3663,4e4f943,603051,603377,612609,612709,9.232000,9.558000
145,3877,3877,4f25942,645051,645385,651078,651178,5.693000,6.027000
145,7348,7348,5cb4942,641150,641476,656844,656944,15.368000,15.694000
145,4556,4556,51cc940,710051,710377,721995,722095,11.618000,11.944000
145,5289,5289,54a9941,774051,774377,779940,780040,5.563000,5.889000
145,6216,6216,5848943,793576,793910,803903,804003,9.993000,10.327000
145,5858,5858,56e2941,861731,862065,874686,874786,12.621000,12.955000
145,8937,8937,62e9941,906051,906385,911124,911224,4.739000,5.073000
145,4474,4474,517a942,983051,983377,993441,993541,10.064000,10.390000
145,6651,6651,59fb943,1034051,1034385,1043287,1043387,8.902000,9.236000
145,5098,5098,53ea943,1051051,1051385,1061303,1061403,9.918000,10.252000
145,6240,6240,5860940,1084051,1084377,1094432,1094532,10.055000,10.381000
145,7593,7593,5da9943,1104051,1104377,1110932,1111032,6.555000,6.881000
145,6461,6461,593d942,1172051,1172385,1177960,1178060,5.575000,5.909000
145,7421,7421,5cfd943,1184051,1184377,1192584,1192684,8.207000,8.533000
145,6175,6175,581f940,1199409,1199743,1209835,1209935,10.092000,10.426000
145,6455,6455,5937941,1205051,1205377,1214025,1214125,8.648000,8.974000
145,6321,6321,58b1943,1246051,1246377,1267049,1267149,20.672000,20.998000
145,6991,6991,5b4f941,1316051,1316377,1329807,1329907,13.430000,13.756000
145,9980,9980,66fc943,1327436,1327762,1335178,1335278,7.416000,7.742000
145,7817,7817,5e89942,1321051,1321385,1341746,1341846,20.361000,20.695000
145,7907,7907,5ee3941,1337051,1337377,1364648,1364748,27.271000,27.597000
145,6324,6324,58b4940,1491051,1491377,1500531,1500631,9.154000,9.480000
145,10395,10395,689b940,1621051,1621377,1628771,1628871,7.394000,7.720000
145,9441,9441,64e1942,1715051,1715377,1720963,1721063,5.586000,5.912000
145,10014,10014,671e940,2494051,2494385,2509697,2509797,15.312000,15.646000
146,689,689,42b1942,32050,32385,40722,40822,8.337000,8.672000
146,87,87,4057943,85051,85385,95368,95468,9.983000,10.317000
146,848,848,4350941,107051,107377,128384,128484,21.007000,21.333000
146,1171,1171,4493942,277439,277773,289596,289696,11.823000,12.157000
146,3415,3415,4d57941,321051,321385,327861,327961,6.476000,6.810000
146,1891,1891,4763942,398051,398385,407550,407650,9.165000,9.499000
146,2262,2262,48d6941,440051,440385,445108,445208,4.723000,5.057000
146,2430,2430,497e941,448051,448385,453962,454062,5.577000,5.911000
146,1997,1997,47cd941,446242,446576,459281,459381,12.705000,13.039000
146,2297,2297,48f9943,473051,473377,489547,489647,16.170000,16.496000
146,1097,1097,4449941,489051,489377,496849,496949,7.472000,7.798000
146,3925,3925,4f55943,495051,495377,509183,509283,13.806000,14.132000
146,3094,3094,4c16940,564051,564377,570891,570991,6.514000,6.840000
146,4023,4023,4fb7941,578051,578377,585709,585809,7.332000,7.658000
146,1758,1758,46de940,598051,598385,604855,604955,6.470000,6.804000
146,2822,2822,4b06943,638978,639304,645008,645108,5.704000,6.030000
146,4543,4543,51bf940,813051,813377,821718,821818,8.341000,8.667000
146,5877,5877,56f5940,823051,823377,829876,829976,6.499000,6.825000
146,5204,5204,5454940,853223,853557,864469,864569,10.912000,11.246000
146,4355,4355,5103941,865051,865377,870084,870184,4.707000,5.033000
146,5507,5507,5583941,948051,948385,965363,965463,16.978000,17.312000
146,4489,4489,5189941,964051,964385,976351,976451,11.966000,12.300000
146,6634,6634,59ea942,1044051,1044377,1052372,1052472,7.995000,8.321000
146,6041,6041,5799942,1183051,1183377,1205492,1205592,22.115000,22.441000
146,9096,9096,6388943,1212410,1212744,1233018,1233118,20.274000,20.608000
146,8794,8794,625a943,1232051,1232385,1244142,1244242,11.757000,12.091000
146,8605,8605,619d941,1272051,1272377,1286981,1287081,14.604000,14.930000
146,7717,7717,5e25940,1577867,1578193,1584713,1584813,6.520000,6.846000
146,8131,8131,5fc3940,1615051,1615385,1622200,1622300,6.815000,7.149000
146,7745,7745,5e41941,1699051,1699385,1704995,1705095,5.610000,5.944000
146,7862,7862,5eb6940,1701051,1701377,1712191,1712291,10.814000,11.140000
146,8711,8711,6207940,1729051,1729377,1735842,1735942,6.465000,6.791000
146,9507,9507,6523942,1739051,1739385,1756176,1756276,16.791000,17.125000
146,10442,10442,68ca941,1846051,1846385,1852863,1852963,6.478000,6.812000
146,10052,10052,6744940,1954051,1954377,1960032,1960132,5.655000,5.981000
146,10962,10962,6ad2942,1979051,1979385,1991978,1992078,12.593000,12.927000
146,10593,10593,6961943,2056051,2056377,2072744,2072843,16.367000,16.693000
146,10905,10905,6a99941,2084446,2084780,2092124,2092224,7.344000,7.678000
146,10982,10982,6ae6941,2112051,2112377,2119766,2119866,7.389000,7.715000
146,9955,9955,66e3940,2400051,2400377,2412270,2412370,11.893000,12.219000
147,1380,1380,4564943,160051,160385,169342,169442,8.957000,9.291000
147,2137,2137,4859940,262051,262385,268965,269065,6.580000,6.914000
147,852,852,4354940,350051,350385,371295,371395,20.910000,21.244000
147,2029,2029,47ed941,368051,368385,375496,375596,7.111000,7.445000
147,1483,1483,45cb941,451051,451377,456993,457093,5.616000,5.942000
147,2500,2500,49c4941,457051,457377,463845,463945,6.468000,6.794000
147,3197,3197,4c7d940,453051,453377,469207,469307,15.830000,16.156000
147,3591,3591,4e07940,457051,457385,485547,485647,28.162000,28.496000
147,3027,3027,4bd3942,483051,483385,491026,491126,7.641000,7.975000
147,2931,2931,4b73941,541051,541377,547850,547950,6.473000,6.799000
147,2729,2729,4aa9943,556051,556385,563828,563928,7.443000,7.777000
147,3775,3775,4ebf940,600051,600385,605172,605272,4.787000,5.121000
147,4778,4778,52aa943,625051,625385,650213,650313,24.828000,25.162000
147,3635,3635,4e33940,699051,699377,709346,709446,9.969000,10.295000
147,3766,3766,4eb6942,710051,710385,720302,720402,9.917000,10.251000
147,3117,3117,4c2d942,793051,793385,806031,806131,12.646000,12.980000
147,6332,6332,58bc943,814051,814385,821738,821838,7.353000,7.687000
147,3356,3356,4d1c943,820051,820385,838119,838219,17.734000,18.068000
147,6342,6342,58c6941,906051,906377,913434,913534,7.057000,7.383000
147,6135,6135,57f7942,925051,925377,936266,936366,10.889000,11.215000
147,4923,4923,533b940,969051,969377,979400,979500,10.023000,10.349000
147,6311,6311,58a7943,1059051,1059377,1064934,1065034,5.557000,5.883000
147,8537,8537,6159940,1072051,1072385,1079820,1079920,7.435000,7.769000
147,5771,5771,568b941,1090051,1090377,1098603,1098703,8.226000,8.552000
147,8371,8371,60b3943,1111051,1111385,1118808,1118908,7.423000,7.757000
147,8847,8847,628f943,1185051,1185385,1190173,1190273,4.788000,5.122000
147,5370,5370,54fa941,1219051,1219385,1224979,1225079,5.594000,5.928000
147,10231,10231,67f7941,1242051,1242385,1252124,1252224,9.739000,10.073000
147,9218,9218,6402943,1290051,1290385,1295137,1295237,4.752000,5.086000
147,8257,8257,6041942,1359051,1359385,1369377,1369477,9.992000,10.326000
147,8077,8077,5f8d941,1358051,1358385,1374898,1374998,16.513000,16.847000
147,8642,8642,61c2942,1368051,1368385,1380422,1380522,12.037000,12.371000
147,6628,6628,59e4942,1382051,1382385,1402229,1402329,19.844000,20.178000
147,10317,10317,684d943,1564660,1564986,1575050,1575150,10.064000,10.390000
147,9145,9145,63b9942,1563051,1563385,1581796,1581896,18.411000,18.745000
147,9529,9529,6539943,1823051,1823385,1830731,1830831,7.346000,7.680000
147,10616,10616,6978943,1829051,1829385,1836172,1836272,6.787000,7.121000
147,9697,9697,65e1940,1864051,1864385,1871946,1872046,7.561000,7.895000
147,9809,9809,6651943,2007395,2007721,2015969,2016069,8.248000,8.574000
147,10788,10788,6a24943,2089051,2089385,2096693,2096793,7.308000,7.642000
148,123,123,407b940,28051,28385,37543,37643,9.158000,9.492000
148,291,291,4123943,164051,164385,172176,172276,7.791000,8.125000
148,472,472,41d8943,177051,177385,188383,188483,10.998000,11.332000
148,361,361,4169942,212051,212385,223400,223500,11.015000,11.349000
148,745,745,42e9943,231051,231377,254560,254660,23.183000,23.509000
148,1477,1477,45c5941,283051,283377,289865,289965,6.488000,6.814000
148,1741,1741,46cd941,287051,287377,296503,296603,9.126000,9.452000
148,2714,2714,4a9a943,346051,346385,356332,356432,9.947000,10.281000
148,3595,3595,4e0b943,382439,382765,390232,390332,7.467000,7.793000
148,3453,3453,4d7d940,443051,443377,454368,454468,10.991000,11.317000
148,4361,4361,5109943,512050,512377,524117,524218,11.740000,12.067000
148,2360,2360,4938941,535051,535385,543597,543697,8.212000,8.546000
148,3843,3843,4f03940,612051,612377,621455,621555,9.078000,9.404000
148,3797,3797,4ed5943,666051,666377,681210,681310,14.833000,15.159000
148,5147,5147,541b943,706409,706743,717706,717806,10.963000,11.297000
148,3847,3847,4f07941,711051,711377,721884,721984,10.507000,10.833000
148,5348,5348,54e4943,720051,720385,726902,727002,6.517000,6.851000
148,3008,3008,4bc0942,724051,724385,735282,735382,10.897000,11.231000
148,4504,4504,5198941,772051,772385,786723,786823,14.338000,14.672000
148,5036,5036,53ac943,788051,788385,795116,795216,6.731000,7.065000
148,4577,4577,51e1941,796051,796377,803748,803848,7.371000,7.697000
148,5924,5924,5724943,791484,791818,809151,809251,17.333000,17.667000
148,4042,4042,4fca943,846051,846385,873590,873690,27.205000,27.539000
148,6222,6222,584e941,907051,907377,917376,917476,9.999000,10.325000
148,6739,6739,5a53943,922051,922385,935025,935125,12.640000,12.974000
148,7142,7142,5be6942,926051,926377,940524,940624,14.147000,14.473000
148,4597,4597,51f5940,945051,945377,957945,958045,12.568000,12.894000
148,5910,5910,5716941,947051,947385,968873,968973,21.488000,21.822000
148,4177,4177,5051943,951438,951764,974405,974505,22.641000,22.967000
148,7556,7556,5d84943,976051,976377,982901,983001,6.524000,6.850000
148,7986,7986,5f32940,1091051,1091377,1098725,1098825,7.348000,7.674000
148,5762,5762,5682940,1121051,1121385,1128694,1128794,7.309000,7.643000
148,7544,7544,5d78942,1132051,1132377,1138898,1138998,6.521000,6.847000
148,5460,5460,5554943,1153513,1153839,1167629,1167729,13.790000,14.116000
148,7328,7328,5ca0943,1179005,1179339,1184282,1184382,4.943000,5.277000
148,8923,8923,62db943,1268051,1268377,1280895,1280995,12.518000,12.844000
148,8151,8151,5fd7942,1307395,1307721,1318704,1318804,10.983000,11.309000
148,10903,10903,6a97943,1393416,1393750,1411932,1412032,18.182000,18.516000
148,6186,6186,582a940,1463051,1463385,1470837,1470937,7.452000,7.786000
148,9837,9837,666d943,1506051,1506377,1517254,1517354,10.877000,11.203000
148,9688,9688,65d8942,1549051,1549385,1555833,1555933,6.448000,6.782000
148,8608,8608,61a0942,1580051,1580377,1591251,1591351,10.874000,11.200000
148,7828,7828,5e94940,1600051,1600385,1608604,1608704,8.219000,8.553000
148,10586,10586,695a943,1669051,1669377,1679395,1679495,10.018000,10.344000
148,8331,8331,608b940,1685051,1685385,1693618,1693718,8.233000,8.567000
148,9176,9176,63d8941,1858051,1858377,1863943,1864043,5.566000,5.892000
148,10173,10173,67bd941,1931051,1931385,1941415,1941515,10.030000,10.364000
148,10399,10399,689f940,1987051,1987385,1999177,1999277,11.792000,12.126000
149,237,237,40ed942,21051,21385,37988,38088,16.603000,16.937000
149,225,225,40e1943,95051,95377,103576,103676,8.199000,8.525000
149,1047,1047,4417943,116051,116385,125425,125525,9.040000,9.374000
149,2232,2232,48b8940,314051,314385,327610,327710,13.225000,13.559000
149,3714,3714,4e82943,330051,330385,339471,339571,9.086000,9.420000
149,1948,1948,479c943,333051,333385,344499,344599,11.114000,11.448000
149,2501,2501,49c5943,388051,388385,394886,394986,6.501000,6.835000
149,3026,3026,4bd2940,439051,439377,449344,449444,9.967000,10.293000
149,2896,2896,4b50940,447051,447385,453539,453639,6.154000,6.488000
149,3105,3105,4c21942,505051,505377,513588,513688,8.211000,8.537000
149,2672,2672,4a70942,589051,589377,600243,600343,10.866000,11.192000
149,5513,5513,5589942,620416,620742,632074,632174,11.332000,11.658000
149,5761,5761,5681940,693876,694202,702559,702659,8.357000,8.683000
149,4848,4848,52f0940,787051,787377,806407,806507,19.030000,19.356000
149,5075,5075,53d3943,917051,917385,927136,927236,9.751000,10.085000
149,6179,6179,5823941,921051,921385,935018,935118,13.633000,13.967000
149,3420,3420,4d5c943,933051,933377,940753,940853,7.376000,7.702000
149,6170,6170,581a940,927051,927385,946224,946324,18.839000,19.173000
149,4888,4888,5318943,1005051,1005377,1011924,1012024,6.547000,6.873000
149,7373,7373,5ccd943,1035886,1036212,1045375,1045474,9.163000,9.489000
149,4453,4453,5165940,1085051,1085385,1097964,1098064,12.579000,12.913000
149,7434,7434,5d0a940,1102051,1102385,1108025,1108125,5.640000,5.974000
149,6656,6656,5a00942,1116093,1116419,1128455,1128555,12.036000,12.362000
149,8511,8511,613f940,1171051,1171385,1181369,1181469,9.984000,10.318000
149,6989,6989,5b4d942,1201051,1201385,1206154,1206254,4.769000,5.103000
149,6805,6805,5a95940,1298410,1298736,1309585,1309685,10.849000,11.175000
149,9478,9478,6506943,1304051,1304377,1314970,1315070,10.593000,10.919000
149,7252,7252,5c54942,1315051,1315377,1321907,1322007,6.530000,6.856000
149,7027,7027,5b73940,1339051,1339377,1344995,1345095,5.618000,5.944000
149,7920,7920,5ef0941,1386438,1386764,1397204,1397304,10.440000,10.766000
149,9476,9476,6504942,1445051,1445377,1460345,1460445,14.968000,15.294000
149,8249,8249,6039942,1452446,1452780,1465925,1466025,13.145000,13.479000
149,9467,9467,64fb943,1496051,1496377,1503737,1503837,7.360000,7.686000
149,9804,9804,664c942,1515051,1515385,1524521,1524621,9.136000,9.470000
149,10967,10967,6ad7940,1562051,1562377,1570581,1570681,8.204000,8.530000
149,10525,10525,691d941,1581051,1581377,1589586,1589686,8.209000,8.535000
149,10574,10574,694e943,1914051,1914385,1923468,1923568,9.083000,9.417000
149,10382,10382,688e941,1941856,1942190,1951245,1951345,9.055000,9.389000
149,10542,10542,692e941,1961051,1961385,1979334,1979434,17.949000,18.283000
149,9944,9944,66d8940,1979438,1979764,1995566,1995666,15.802000,16.128000
150,113,113,4071943,33051,33385,44430,44530,11.045000,11.379000
150,506,506,41fa942,38431,38757,48572,48672,9.815000,10.141000
150,90,90,405a940,51051,51385,60485,60585,9.100000,9.434000
150,234,234,40ea943,59051,59385,71468,71568,12.083000,12.417000
150,362,362,416a940,82051,82377,88900,89000,6.523000,6.849000
150,60,60,403c941,118051,118385,130955,131055,12.570000,12.904000
150,1413,1413,4585943,139051,139385,152907,153007,13.522000,13.856000
150,396,396,418c942,256051,256376,264651,264751,8.275000,8.600000
150,2151,2151,4867940,306051,306385,317280,317380,10.895000,11.229000
150,4199,4199,5067941,537051,537385,548094,548194,10.709000,11.043000
150,3044,3044,4be4940,617051,617377,630643,630743,13.266000,13.592000
150,5078,5078,53d6940,831416,831750,846811,846911,15.061000,15.395000
150,6538,6538,598a940,847051,847385,858214,858314,10.829000,11.163000
150,4034,4034,4fc2942,856051,856385,864607,864707,8.222000,8.556000
150,7841,7841,5ea1942,873051,873377,882544,882644,9.167000,9.493000
150,7120,7120,5bd0941,924051,924377,931303,931403,6.926000,7.252000
150,4930,4930,5342943,1019051,1019385,1026710,1026810,7.325000,7.659000
150,5132,5132,540c941,1138051,1138377,1155333,1155433,16.956000,17.282000
150,7200,7200,5c20941,1152051,1152385,1162350,1162450,9.965000,10.299000
150,7467,7467,5d2b943,1232051,1232377,1241742,1241842,9.365000,9.691000
150,7871,7871,5ebf943,1283051,1283377,1290752,1290852,7.375000,7.701000
150,6515,6515,5973940,1291051,1291377,1306140,1306240,14.763000,15.089000
150,8296,8296,6068943,1392051,1392385,1403613,1403713,11.228000,11.562000
150,9177,9177,63d9943,1457051,1457377,1466491,1466591,9.114000,9.440000
150,7402,7402,5cea941,1581051,1581385,1589625,1589725,8.240000,8.574000
150,8037,8037,5f65941,1674051,1674385,1688079,1688179,13.694000,14.028000
150,9907,9907,66b3941,1856051,1856377,1869831,1869931,13.454000,13.780000
150,10403,10403,68a3940,1926051,1926385,1933723,1933823,7.338000,7.672000
150,9750,9750,6616943,2002051,2002385,2013293,2013393,10.908000,11.242000
150,6539,6539,598b943,2036051,2036385,2042024,2042124,5.639000,5.973000
150,9304,9304,6458943,2223051,2223377,2229851,2229951,6.474000,6.800000
150,8617,8617,61a9943,2525051,2525377,2531025,2531125,5.648000,5.974000
150,9473,9473,6501943,2835051,2835377,2841017,2841117,5.640000,5.966000
151,274,274,4112941,25051,25385,32763,32864,7.378000,7.712000
151,921,921,4399943,49051,49385,62111,62211,12.726000,13.060000
151,477,477,41dd942,63051,63377,76119,76219,12.742000,13.068000
151,35,35,4023943,48051,48385,81622,81722,33.237000,33.571000
151,1916,1916,477c942,93051,93385,99012,99112,5.627000,5.961000
151,294,294,4126942,73051,73385,103464,103564,30.079000,30.413000
151,975,975,43cf942,103051,103385,115140,115240,11.755000,12.089000
151,166,166,40a6942,125051,125385,132681,132781,7.296000,7.630000
151,705,705,42c1943,135051,135385,145358,145458,9.973000,10.307000
151,1427,1427,4593941,154051,154377,172971,173071,18.594000,18.920000
151,924,924,439c943,214051,214377,227271,227371,12.894000,13.220000
151,2918,2918,4b66943,221885,222219,232725,232825,10.506000,10.840000
151,1858,1858,4742940,217051,217385,239208,239308,21.823000,22.157000
151,1128,1128,4468943,255051,255377,260155,260256,4.778000,5.104000
151,3541,3541,4dd5941,333051,333377,346557,346657,13.180000,13.506000
151,2305,2305,4901940,333051,333377,352033,352133,18.656000,18.982000
151,2857,2857,4b29940,346567,346893,357509,357609,10.616000,10.942000
151,3666,3666,4e52943,389051,389385,407765,407865,18.380000,18.714000
151,2645,2645,4a55940,410051,410385,434043,434143,23.658000,23.992000
151,4743,4743,5287940,595439,595765,613589,613689,17.824000,18.150000
151,3120,3120,4c30940,608457,608783,617734,617834,8.951000,9.277000
151,2443,2443,498b942,638051,638385,644787,644887,6.402000,6.736000
151,2671,2671,4a6f941,671388,671714,677353,677453,5.639000,5.965000
151,4833,4833,52e1943,690051,690385,704217,704317,13.832000,14.166000
151,3091,3091,4c13941,694051,694377,708415,708515,14.038000,14.364000
151,3890,3890,4f32942,717051,717385,726443,726543,9.058000,9.392000
151,5929,5929,5729942,802938,803272,820838,820938,17.566000,17.900000
151,6782,6782,5a7e942,880051,880385,889556,889656,9.171000,9.505000
151,3907,3907,4f43940,890051,890385,900368,900468,9.983000,10.317000
151,5458,5458,5552943,919051,919377,926727,926827,7.350000,7.676000
151,5836,5836,56cc942,944051,944385,950021,950121,5.636000,5.970000
151,10532,10532,6924941,986051,986377,996436,996536,10.059000,10.385000
151,5916,5916,571c941,1003051,1003377,1019922,1020022,16.545000,16.871000
151,7117,7117,5bcd943,1030425,1030759,1041706,1041807,10.947000,11.281000
151,6238,6238,585e943,1051051,1051385,1062046,1062146,10.661000,10.995000
151,5629,5629,55fd942,1082409,1082743,1087441,1087541,4.698000,5.032000
151,5248,5248,5480942,1079051,1079385,1091603,1091703,12.218000,12.552000
151,7637,7637,5dd5940,1125739,1126065,1133549,1133649,7.484000,7.810000
151,3486,3486,4d9e943,1133051,1133385,1138940,1139040,5.555000,5.889000
151,8777,8777,6249941,1143439,1143765,1149356,1149456,5.591000,5.917000
151,6657,6657,5a01941,1221051,1221385,1227947,1228047,6.562000,6.896000
151,9491,9491,6513942,1248051,1248385,1264412,1264512,16.027000,16.361000
151,6506,6506,596a941,1398051,1398385,1409911,1410011,11.526000,11.860000
151,10096,10096,6770943,1627051,1627385,1642452,1642552,15.067000,15.401000
151,9195,9195,63eb943,1640051,1640377,1653376,1653476,12.999000,13.325000
151,8668,8668,61dc940,1734051,1734385,1740834,1740934,6.449000,6.783000
152,496,496,41f0942,28051,28385,39336,39436,10.951000,11.285000
152,2,2,4002942,44051,44385,54374,54474,9.989000,10.323000
152,37,37,4025943,60051,60385,69578,69678,9.193000,9.527000
152,204,204,40cc940,68416,68742,88874,88974,20.132000,20.458000
152,1032,1032,4408943,130051,130377,144742,144842,14.365000,14.691000
152,937,937,43a9941,128051,128384,148935,149035,20.551000,20.884000
152,541,541,421d941,166051,166377,175491,175591,9.114000,9.440000
152,819,819,4333942,171416,171742,186293,186393,14.551000,14.877000
152,1632,1632,4660943,171051,171385,191764,191864,20.379000,20.713000
152,1995,1995,47cb943,187958,188292,197390,197490,9.098000,9.432000
152,1376,1376,4560940,192439,192765,202882,202982,10.117000,10.443000
152,1955,1955,47a3943,203409,203743,217409,217509,13.666000,14.000000
152,669,669,429d941,236051,236377,246435,246535,10.058000,10.384000
152,1482,1482,45ca943,288302,288628,296039,296139,7.411000,7.737000
152,3610,3610,4e1a943,295051,295385,305432,305532,10.047000,10.381000
152,2863,2863,4b2f943,301051,301385,324812,324912,23.427000,23.761000
152,2472,2472,49a8942,341439,341765,365541,365641,23.776000,24.102000
152,747,747,42eb942,491188,491522,500763,500863,9.241000,9.575000
152,3093,3093,4c15941,530051,530377,540341,540441,9.964000,10.290000
152,2956,2956,4b8c941,590051,590377,604244,604344,13.867000,14.193000
152,3737,3737,4e99942,643051,643377,654376,654476,10.999000,11.325000
152,3762,3762,4eb2942,648395,648729,659850,659950,11.121000,11.455000
152,3863,3863,4f17942,683051,683377,696722,696822,13.345000,13.671000
152,3364,3364,4d24943,742051,742377,753307,753407,10.930000,11.256000
152,5923,5923,5723943,772483,772817,781972,782072,9.155000,9.489000
152,6551,6551,5997943,775766,776092,787468,787568,11.376000,11.702000
152,1999,1999,47cf942,784051,784377,792851,792951,8.474000,8.800000
152,4644,4644,5224940,847833,848159,853748,853848,5.589000,5.915000
152,5526,5526,5596940,865051,865377,890242,890342,24.865000,25.191000
152,6025,6025,5789942,894051,894377,900859,900959,6.482000,6.808000
152,5006,5006,538e940,898051,898377,905046,905146,6.669000,6.995000
152,6822,6822,5aa6940,928051,928377,935803,935903,7.426000,7.752000
152,7023,7023,5b6f941,1088051,1088377,1097556,1097656,9.179000,9.505000
152,7039,7039,5b7f941,1102051,1102385,1113845,1113945,11.460000,11.794000
152,4454,4454,5166942,1154051,1154377,1168799,1168899,14.422000,14.748000
152,6645,6645,59f5941,1184051,1184377,1196583,1196683,12.206000,12.532000
152,6205,6205,583d943,1187051,1187385,1202099,1202199,14.714000,15.048000
152,5759,5759,567f941,1197699,1198025,1207570,1207670,9.545000,9.871000
152,8698,8698,61fa943,1230051,1230377,1240414,1240514,10.037000,10.363000
152,7077,7077,5ba5943,1379051,1379377,1393491,1393591,14.114000,14.440000
152,8321,8321,6081942,1434051,1434377,1444340,1444440,9.963000,10.289000
152,6943,6943,5b1f940,1440051,1440377,1458041,1458141,17.664000,17.990000
152,8422,8422,60e6942,1450051,1450377,1465791,1465891,15.414000,15.740000
152,9432,9432,64d8942,1512051,1512385,1522376,1522476,9.991000,10.325000
152,10219,10219,67eb942,1566051,1566377,1575619,1575719,9.242000,9.568000
152,9168,9168,63d0943,1566051,1566385,1582478,1582578,16.093000,16.427000
152,6145,6145,5801942,1592395,1592729,1604340,1604440,11.611000,11.945000
152,10356,10356,6874941,1698051,1698385,1722081,1722181,23.696000,24.030000
152,7531,7531,5d6b941,1756051,1756385,1773124,1773224,16.739000,17.073000
152,8052,8052,5f74942,1767051,1767385,1781872,1781972,14.487000,14.821000
152,10481,10481,68f1941,1782051,1782377,1788021,1788121,5.644000,5.970000
152,10617,10617,6979941,1852051,1852385,1858873,1858973,6.488000,6.822000
152,10900,10900,6a94943,1901051,1901385,1916705,1916805,15.320000,15.654000
153,273,273,4111941,39051,39385,46757,46857,7.372000,7.706000
153,244,244,40f4940,41051,41385,53142,53242,11.757000,12.091000
153,165,165,40a5941,59051,59377,65869,65969,6.492000,6.818000
153,134,134,4086941,62051,62385,71192,71292,8.807000,9.141000
153,140,140,408c943,90051,90377,98957,99057,8.580000,8.906000
153,539,539,421b942,85051,85385,104392,104492,19.007000,19.341000
153,994,994,43e2941,182051,182385,202117,202217,19.732000,20.066000
153,1203,1203,44b3942,269051,269377,274122,274222,4.745000,5.071000
153,1693,1693,469d941,326051,326385,338170,338270,11.785000,12.119000
153,1730,1730,46c2943,336051,336377,359949,360049,23.572000,23.898000
153,1714,1714,46b2942,387051,387377,408833,408933,21.456000,21.782000
153,2215,2215,48a7941,443051,443377,459498,459598,16.121000,16.447000
153,4301,4301,50cd940,492051,492377,498015,498115,5.638000,5.964000
153,4178,4178,5052943,506051,506385,514635,514735,8.250000,8.584000
153,1645,1645,466d943,522430,522757,536291,536391,13.534000,13.861000
153,4033,4033,4fc1942,530051,530377,540890,540990,10.513000,10.839000
153,2077,2077,481d943,543051,543385,555659,555759,12.274000,12.608000
153,3759,3759,4eaf940,610051,610385,615939,616039,5.554000,5.888000
153,4642,4642,5222942,610338,610664,620128,620228,9.464000,9.790000
153,5146,5146,541a943,610051,610377,624283,624383,13.906000,14.232000
153,2895,2895,4b4f940,724051,724377,731801,731901,7.424000,7.750000
153,5243,5243,547b942,798051,798385,810182,810282,11.797000,12.131000
153,4663,4663,5237941,829051,829377,837655,837755,8.278000,8.604000
153,4440,4440,5158940,841051,841385,851447,851547,10.062000,10.396000
153,4187,4187,505b941,850446,850780,855646,855746,4.866000,5.200000
153,6969,6969,5b39943,869051,869377,878504,878604,9.127000,9.453000
153,5041,5041,53b1940,906416,906750,911555,911655,4.805000,5.139000
153,4655,4655,522f941,898051,898377,917441,917541,19.064000,19.390000
153,6769,6769,5a71943,943051,943385,959320,959420,15.935000,16.269000
153,10622,10622,697e943,1020051,1020385,1030452,1030551,10.067000,10.401000
153,6362,6362,58da941,1041051,1041385,1052335,1052435,10.950000,11.284000
153,8132,8132,5fc4943,1167051,1167385,1179014,1179114,11.629000,11.963000
153,10979,10979,6ae3940,1193051,1193385,1202512,1202612,9.127000,9.461000
153,7790,7790,5e6e940,1219051,1219385,1224108,1224208,4.723000,5.057000
153,8204,8204,600c943,1286431,1286757,1303646,1303746,16.889000,17.215000
153,7997,7997,5f3d940,1298679,1299005,1307819,1307919,8.814000,9.140000
153,7176,7176,5c08942,1305051,1305385,1312758,1312858,7.373000,7.707000
153,10450,10450,68d2940,1309051,1309385,1319648,1319748,10.263000,10.597000
153,6780,6780,5a7c941,1307051,1307377,1323867,1323967,16.490000,16.816000
153,8486,8486,6126942,1343168,1343502,1349141,1349241,5.639000,5.973000
153,9175,9175,63d7943,1345051,1345377,1355504,1355604,10.127000,10.453000
153,8173,8173,5fed943,1419782,1420108,1430319,1430419,10.211000,10.537000
153,7963,7963,5f1b943,1453051,1453377,1459908,1460008,6.531000,6.857000
153,9953,9953,66e1943,1598410,1598736,1609747,1609847,11.011000,11.337000
153,7764,7764,5e54942,1602051,1602377,1620732,1620832,18.355000,18.681000
153,8969,8969,6309942,1659051,1659385,1668491,1668591,9.106000,9.440000
153,7835,7835,5e9b940,1752051,1752377,1759740,1759840,7.363000,7.689000
153,9701,9701,65e5943,1791051,1791385,1802276,1802376,10.891000,11.225000
153,8387,8387,60c3940,1800051,1800385,1807781,1807881,7.396000,7.730000
153,7459,7459,5d23942,1888051,1888385,1894022,1894122,5.637000,5.971000
153,9302,9302,6456941,1891051,1891385,1903158,1903258,11.773000,12.107000
153,10757,10757,6a05941,2054051,2054385,2061800,2061900,7.415000,7.749000
154,677,677,42a5943,124051,124385,148404,148504,24.019000,24.353000
154,2423,2423,4977942,188051,188385,200146,200246,11.761000,12.095000
154,557,557,422d942,196051,196385,208111,208211,11.726000,12.060000
154,1709,1709,46ad941,233051,233377,241630,241730,8.253000,8.579000
154,1868,1868,474c941,257051,257385,264183,264283,6.798000,7.132000
154,1884,1884,475c940,275051,275377,281033,281133,5.656000,5.982000
154,3745,3745,4ea1941,285424,285750,298499,298599,12.749000,13.075000
154,3446,3446,4d76941,325425,325759,330561,330661,4.802000,5.136000
154,2308,2308,4904940,349051,349377,360205,360305,10.828000,11.154000
154,2193,2193,4891942,443051,443385,451643,451743,8.258000,8.592000
154,1757,1757,46dd942,670051,670377,675122,675222,4.745000,5.071000
154,5500,5500,557c941,679051,679377,705800,705900,26.423000,26.749000
154,4491,4491,518b940,698051,698385,721369,721469,22.984000,23.318000
154,5567,5567,55bf943,856051,856377,870183,870283,13.806000,14.132000
154,4962,4962,5362941,869051,869385,881093,881193,11.708000,12.042000
154,5483,5483,556b943,965051,965377,980564,980664,15.187000,15.513000
154,7810,7810,5e82940,1073051,1073377,1083440,1083540,10.063000,10.389000
154,7249,7249,5c51942,1148051,1148385,1162724,1162824,14.339000,14.673000
154,8724,8724,6214941,1199051,1199377,1204120,1204220,4.743000,5.069000
154,7649,7649,5de1942,1241051,1241377,1250551,1250651,9.174000,9.500000
154,8853,8853,6295941,1260051,1260385,1276781,1276881,16.396000,16.730000
154,9415,9415,64c7941,1346051,1346377,1351078,1351178,4.701000,5.027000
154,7641,7641,5dd9943,1388051,1388377,1405145,1405245,16.768000,17.094000
154,9219,9219,6403941,1424051,1424377,1436202,1436302,11.825000,12.151000
154,10871,10871,6a77941,1498634,1498960,1514496,1514596,15.536000,15.862000
154,9576,9576,6568943,1641051,1641377,1655787,1655887,14.410000,14.736000
154,10631,10631,6987942,1873051,1873385,1885198,1885298,11.813000,12.147000
154,7664,7664,5df0940,1980051,1980377,1992040,1992140,11.663000,11.989000
154,10408,10408,68a8942,2127051,2127385,2136468,2136568,9.083000,9.417000
154,10866,10866,6a72941,2173051,2173377,2178962,2179062,5.585000,5.911000
155,903,903,4387942,95051,95377,104535,104635,9.158000,9.484000
155,1101,1101,444d942,137051,137385,144841,144941,7.456000,7.790000
155,880,880,4370943,135051,135385,148986,149086,13.601000,13.935000
155,725,725,42d5943,149395,149721,159860,159960,10.139000,10.465000
155,620,620,426c942,166051,166385,178332,178432,11.947000,12.281000
155,1667,1667,4683943,176431,176757,189321,189421,12.564000,12.890000
155,622,622,426e941,183051,183377,194662,194762,11.285000,11.611000
155,2393,2393,4959943,204051,204385,213319,213419,8.934000,9.268000
155,1351,1351,4547942,313051,313385,320795,320895,7.410000,7.744000
155,1368,1368,4558942,333051,333385,345140,345240,11.755000,12.089000
155,3807,3807,4edf940,447051,447377,454773,454873,7.396000,7.722000
155,2097,2097,4831940,441438,441772,458922,459022,17.150000,17.484000
155,4151,4151,5037943,484051,484385,489970,490070,5.585000,5.919000
155,2730,2730,4aaa941,494051,494385,500878,500978,6.493000,6.827000
155,4369,4369,5111942,486051,486377,508990,509090,22.613000,22.939000
155,3605,3605,4e15941,516050,516377,522870,522970,6.493000,6.820000
155,4557,4557,51cd941,663051,663385,672117,672217,8.732000,9.066000
155,3908,3908,4f44940,737051,737385,743870,743970,6.485000,6.819000
155,4136,4136,5028941,742051,742377,748882,748982,6.505000,6.831000
155,4200,4200,5068941,748051,748377,759733,759833,11.356000,11.682000
155,4535,4535,51b7942,754051,754385,765172,765272,10.787000,11.121000
155,5197,5197,544d942,771051,771385,785409,785509,14.024000,14.358000
155,5329,5329,54d1941,876051,876377,887626,887726,11.249000,11.575000
155,5303,5303,54b7940,946051,946385,957511,957611,11.126000,11.460000
155,3586,3586,4e02943,965051,965385,974557,974657,9.172000,9.506000
155,6027,6027,578b942,1054051,1054385,1064466,1064566,10.081000,10.415000
155,4363,4363,510b940,1136051,1136385,1150721,1150821,14.336000,14.670000
155,9461,9461,64f5943,1226051,1226385,1233834,1233934,7.449000,7.783000
155,9042,9042,6352942,1220051,1220377,1238027,1238127,17.650000,17.976000
155,8333,8333,608d941,1258051,1258385,1271165,1271265,12.780000,13.114000
155,8451,8451,6103942,1276051,1276377,1283757,1283857,7.380000,7.706000
155,7584,7584,5da0943,1276051,1276377,1289218,1289318,12.841000,13.167000
155,10700,10700,69cc940,1380051,1380385,1386904,1387004,6.519000,6.853000
155,7720,7720,5e28941,1422051,1422385,1430617,1430717,8.232000,8.566000
155,9901,9901,66ad942,1434051,1434385,1449110,1449210,14.725000,15.059000
155,5025,5025,53a1942,1472051,1472377,1477942,1478042,5.565000,5.891000
155,10478,10478,68ee940,1504051,1504385,1512624,1512724,8.239000,8.573000
155,10423,10423,68b7941,1519051,1519377,1527628,1527728,8.251000,8.577000
155,6152,6152,5808940,1576051,1576385,1586388,1586488,10.003000,10.337000
155,9393,9393,64b1942,1600051,1600377,1605983,1606083,5.606000,5.932000
155,7702,7702,5e16943,1655051,1655385,1660146,1660246,4.761000,5.095000
155,9976,9976,66f8943,1747051,1747385,1757990,1758090,10.605000,10.939000
155,10898,10898,6a92941,1862051,1862377,1869746,1869846,7.369000,7.695000
155,7970,7970,5f22942,1903051,1903377,1921563,1921663,18.186000,18.512000
155,9931,9931,66cb943,2058051,2058385,2063144,2063245,4.759000,5.093000
155,10254,10254,680e942,2555051,2555377,2560983,2561083,5.606000,5.932000
156,38,38,4026942,37051,37385,47484,47584,10.099000,10.433000
156,647,647,4287941,45051,45377,55343,55443,9.966000,10.292000
156,1940,1940,4794940,204051,204377,215848,215948,11.471000,11.797000
156,1616,1616,4650940,252051,252385,260559,260659,8.174000,8.508000
156,1347,1347,4543942,270051,270385,277690,277790,7.305000,7.639000
156,2092,2092,482c942,323051,323377,336783,336883,13.406000,13.732000
156,1276,1276,44fc942,391051,391385,396965,397065,5.580000,5.914000
156,4553,4553,51c9942,441051,441385,454486,454586,13.101000,13.435000
156,2252,2252,48cc940,449424,449750,462791,462891,13.041000,13.367000
156,5116,5116,53fc941,567051,567385,577314,577414,9.929000,10.263000
156,4726,4726,5276942,604051,604385,610959,611059,6.574000,6.908000
156,3082,3082,4c0a943,608051,608377,615130,615230,6.753000,7.079000
156,5044,5044,53b4941,712216,712542,717396,717496,4.854000,5.180000
156,6396,6396,58fc943,761051,761377,773501,773601,12.124000,12.450000
156,7161,7161,5bf9940,852051,852385,860603,860703,8.218000,8.552000
156,5672,5672,5628942,859051,859385,864996,865096,5.611000,5.945000
156,7542,7542,5d76941,957768,958094,971254,971354,13.160000,13.486000
156,5160,5160,5428940,967051,967385,993182,993282,25.797000,26.131000
156,3976,3976,4f88941,1115051,1115385,1124498,1124598,9.113000,9.447000
156,7451,7451,5d1b940,1175051,1175377,1184502,1184602,9.125000,9.451000
156,6199,6199,5837941,1197051,1197377,1217906,1218006,20.529000,20.855000
156,4621,4621,520d940,1227051,1227377,1232053,1232153,4.676000,5.002000
156,7270,7270,5c66943,1232051,1232377,1238829,1238929,6.452000,6.778000
156,9761,9761,6621940,1257051,1257385,1262928,1263028,5.543000,5.877000
156,8022,8022,5f56940,1292051,1292385,1300573,1300673,8.188000,8.522000
156,4651,4651,522b942,1376051,1376377,1383728,1383828,7.351000,7.677000
156,9212,9212,63fc942,1512051,1512377,1518859,1518959,6.482000,6.808000
156,9065,9065,6369943,1505051,1505377,1523101,1523201,17.724000,18.050000
156,7669,7669,5df5940,1536770,1537104,1544375,1544475,7.271000,7.605000
156,8954,8954,62fa942,1613051,1613377,1623357,1623457,9.980000,10.306000
156,6761,6761,5a69942,1683051,1683385,1690719,1690819,7.334000,7.668000
156,8408,8408,60d8941,1838051,1838385,1847461,1847561,9.076000,9.410000
156,10422,10422,68b6942,2023453,2023779,2034733,2034833,10.954000,11.280000
156,10008,10008,6718940,2086051,2086377,2097221,2097321,10.844000,11.170000
156,10911,10911,6a9f940,2218051,2218385,2229225,2229325,10.840000,11.174000
156,10687,10687,69bf943,2325051,2325377,2331000,2331100,5.623000,5.949000
157,779,779,430b940,54416,54742,79643,79743,24.901000,25.227000
157,841,841,4349942,75051,75385,85011,85111,9.626000,9.960000
157,334,334,414e943,95431,95757,101523,101623,5.766000,6.092000
157,992,992,43e0943,206051,206385,212006,212106,5.621000,5.955000
157,2763,2763,4acb943,253051,253385,261625,261725,8.240000,8.574000
157,3112,3112,4c28941,259051,259376,272465,272565,13.089000,13.414000
157,3257,3257,4cb9940,360051,360385,374522,374622,14.137000,14.471000
157,949,949,43b5940,390051,390377,403826,403926,13.449000,13.775000
157,3064,3064,4bf8942,510460,510794,517215,517314,6.421000,6.755000
157,4120,4120,5018942,534051,534385,540042,540142,5.657000,5.991000
157,3810,3810,4ee2940,613051,613377,618077,618177,4.700000,5.026000
157,4234,4234,508a942,623051,623385,628975,629075,5.590000,5.924000
157,4579,4579,51e3943,750051,750385,759545,759645,9.160000,9.494000
157,7550,7550,5d7e943,796051,796377,802833,802933,6.456000,6.782000
157,2961,2961,4b91942,816051,816385,826339,826439,9.954000,10.288000
157,7661,7661,5ded943,994051,994385,1003478,1003578,9.093000,9.427000
157,6349,6349,58cd942,1035051,1035377,1040129,1040230,4.752000,5.078000
157,4559,4559,51cf941,1043051,1043385,1055597,1055697,12.212000,12.546000
157,6713,6713,5a39941,1068051,1068377,1090973,1091073,22.596000,22.922000
157,6763,6763,5a6b942,1096491,1096825,1103325,1103425,6.500000,6.834000
157,7225,7225,5c39942,1118051,1118377,1127523,1127623,9.146000,9.472000
157,8438,8438,60f6943,1260051,1260377,1272255,1272355,11.878000,12.204000
157,7262,7262,5c5e942,1263418,1263752,1276468,1276568,12.716000,13.050000
157,6675,6675,5a13940,1350051,1350377,1358541,1358641,8.164000,8.490000
157,8702,8702,61fe940,1356051,1356385,1362770,1362870,6.385000,6.719000
157,8400,8400,60d0942,1390051,1390385,1408694,1408794,18.309000,18.643000
157,8865,8865,62a1940,1542051,1542377,1551494,1551594,9.117000,9.443000
157,8998,8998,6326943,1667051,1667377,1675598,1675698,8.221000,8.547000
157,10242,10242,6802943,1705051,1705377,1713621,1713721,8.244000,8.570000
157,8592,8592,6190940,1894051,1894377,1906070,1906170,11.693000,12.019000
157,10457,10457,68d9942,2177051,2177377,2187421,2187521,10.044000,10.370000
157,9830,9830,6666942,2221051,2221377,2229609,2229709,8.232000,8.558000
157,9064,9064,6368942,2253051,2253377,2260797,2260897,7.420000,7.746000
157,9245,9245,641d940,2435051,2435385,2448890,2448990,13.505000,13.839000
158,293,293,4125942,44051,44385,49125,49225,4.740000,5.074000
158,2660,2660,4a64943,138051,138377,143971,144071,5.594000,5.920000
158,1018,1018,43fa941,202051,202385,210648,210748,8.263000,8.597000
158,359,359,4167940,191051,191377,214792,214892,23.415000,23.741000
158,1441,1441,45a1940,226051,226377,231945,232045,5.568000,5.894000
158,4380,4380,511c942,218665,218999,236112,236212,17.113000,17.447000
158,2995,2995,4bb3941,222051,222377,240306,240406,17.929000,18.255000
158,1937,1937,4791941,243051,243385,255077,255177,11.692000,12.026000
158,1561,1561,4619941,318051,318385,324040,324140,5.655000,5.989000
158,2117,2117,4845943,352051,352385,361456,361556,9.071000,9.405000
158,3394,3394,4d42940,534051,534377,561184,561284,26.807000,27.133000
158,5047,5047,53b7941,546051,546385,566544,566644,20.159000,20.493000
158,2435,2435,4983941,566424,566750,582870,582970,16.120000,16.446000
158,4747,4747,528b940,586051,586385,598914,599014,12.529000,12.863000
158,3796,3796,4ed4941,649051,649385,654991,655091,5.606000,5.940000
158,2932,2932,4b74941,667051,667385,682090,682190,14.705000,15.039000
158,5317,5317,54c5943,703051,703385,710753,710853,7.368000,7.702000
158,3988,3988,4f94941,720051,720385,728597,728697,8.212000,8.546000
158,2194,2194,4892943,756424,756750,780517,780617,23.767000,24.093000
158,4987,4987,537b940,847051,847385,853837,853937,6.452000,6.786000
158,3437,3437,4d6d940,851051,851385,863980,864080,12.595000,12.929000
158,9488,9488,6510940,860051,860377,869406,869506,9.029000,9.355000
158,7148,7148,5bec943,880051,880385,885140,885240,4.755000,5.089000
158,8179,8179,5ff3943,902051,902385,908019,908119,5.634000,5.968000
158,5774,5774,568e943,988453,988779,998821,998921,10.042000,10.368000
158,6249,6249,5869941,1012842,1013168,1018838,1018938,5.670000,5.996000
158,5350,5350,54e6940,1055051,1055385,1072802,1072902,17.417000,17.751000
158,6847,6847,5abf942,1123431,1123757,1128466,1128566,4.709000,5.035000
158,7715,7715,5e23942,1155051,1155385,1165065,1165165,9.680000,10.014000
158,9201,9201,63f1941,1188051,1188385,1201996,1202096,13.611000,13.945000
158,6192,6192,5830940,1194051,1194377,1210725,1210825,16.348000,16.674000
158,7725,7725,5e2d940,1195051,1195377,1216263,1216363,20.886000,21.212000
158,7483,7483,5d3b940,1240051,1240377,1253158,1253258,12.781000,13.107000
158,8635,8635,61bb941,1253718,1254044,1266895,1266995,12.851000,13.177000
158,8048,8048,5f70943,1272051,1272377,1279703,1279803,7.326000,7.652000
158,8443,8443,60fb941,1269051,1269385,1285200,1285300,15.815000,16.149000
158,6434,6434,5922941,1273051,1273385,1290667,1290767,17.282000,17.616000
158,6456,6456,5938941,1294051,1294385,1303485,1303585,9.100000,9.434000
158,8395,8395,60cb942,1304051,1304377,1320376,1320476,15.999000,16.325000
158,4876,4876,530c941,1386051,1386377,1400418,1400518,14.041000,14.367000
158,7966,7966,5f1e941,1391051,1391377,1411271,1411371,19.894000,20.220000
158,5668,5668,5624943,1454051,1454385,1460840,1460940,6.455000,6.789000
158,4992,4992,5380942,1453051,1453385,1466211,1466311,12.826000,13.160000
158,9307,9307,645b942,1473051,1473385,1478076,1478176,4.691000,5.025000
158,8378,8378,60ba943,1475051,1475385,1486221,1486321,10.836000,11.170000
158,10316,10316,684c941,1597051,1597377,1607386,1607486,10.009000,10.335000
158,10579,10579,6953942,1836051,1836377,1841125,1841225,4.748000,5.074000
158,10629,10629,6985942,1890051,1890385,1911956,1912056,21.571000,21.905000
158,10562,10562,6942942,1914051,1914377,1922629,1922729,8.252000,8.578000
158,10548,10548,6934940,2025051,2025377,2034476,2034576,9.099000,9.425000
159,349,349,415d942,43051,43385,49009,49109,5.624000,5.958000
159,978,978,43d2941,87858,88184,97416,97516,9.232000,9.558000
159,388,388,4184941,88051,88377,101614,101714,13.237000,13.563000
159,1498,1498,45da941,99051,99385,112407,112507,13.022000,13.356000
159,1395,1395,4573943,122051,122385,134289,134389,11.904000,12.238000
159,2337,2337,4921943,229761,230095,244649,244749,14.554000,14.888000
159,1612,1612,464c942,251051,251385,262016,262116,10.631000,10.965000
159,2865,2865,4b31942,280051,280385,287712,287812,7.327000,7.661000
159,1478,1478,45c6940,295051,295377,309755,309855,14.378000,14.704000
159,3828,3828,4ef4941,351051,351385,367134,367234,15.749000,16.083000
159,2384,2384,4950943,372051,372377,400939,401039,28.562000,28.888000
159,1596,1596,463c943,414051,414385,419078,419178,4.693000,5.027000
159,1834,1834,472a941,517050,517377,528187,528287,10.810000,11.137000
159,3682,3682,4e62942,525914,526240,532406,532506,6.166000,6.492000
159,5255,5255,5487940,522050,522385,536579,536679,14.194000,14.529000
159,3942,3942,4f66941,588051,588377,597513,597613,9.136000,9.462000
159,6752,6752,5a60940,595051,595377,613355,613455,17.978000,18.304000
159,5478,5478,5566941,639416,639750,650642,650742,10.892000,11.226000
159,5185,5185,5441942,725410,725736,730479,730579,4.743000,5.069000
159,5376,5376,5500942,807051,807377,814682,814782,7.305000,7.631000
159,3455,3455,4d7f942,835395,835729,845711,845811,9.982000,10.316000
159,7834,7834,5e9a941,1057051,1057385,1068235,1068335,10.850000,11.184000
159,7291,7291,5c7b942,1068051,1068385,1080984,1081084,12.599000,12.933000
159,5450,5450,554a942,1108051,1108385,1121819,1121919,13.434000,13.768000
159,8200,8200,6008941,1142051,1142385,1152432,1152532,10.047000,10.381000
159,9835,9835,666b940,1193051,1193385,1208732,1208832,15.347000,15.681000
159,6524,6524,597c942,1389051,1389377,1402876,1402976,13.499000,13.825000
159,10166,10166,67b6943,1398051,1398385,1408386,1408486,10.001000,10.335000
159,4825,4825,52d9942,1399051,1399385,1413886,1413986,14.501000,14.835000
159,8245,8245,6035943,1430051,1430385,1442783,1442883,12.398000,12.732000
159,7384,7384,5cd8941,1484402,1484736,1506665,1506765,21.929000,22.263000
159,10603,10603,696b941,1546051,1546385,1554574,1554674,8.189000,8.523000
159,8413,8413,60dd942,1577051,1577377,1591872,1591972,14.495000,14.821000
159,10033,10033,6731940,1721051,1721385,1728791,1728891,7.406000,7.740000
159,10999,10999,6af7942,1839051,1839377,1845829,1845929,6.452000,6.778000
159,9398,9398,64b6943,1909446,1909780,1923403,1923503,13.623000,13.957000
160,189,189,40bd943,90410,90736,112719,112819,21.983000,22.309000
160,91,91,405b942,103051,103377,120399,120499,17.022000,17.348000
160,890,890,437a942,164051,164377,174382,174482,10.005000,10.331000
160,435,435,41b3941,167051,167385,178550,178650,11.165000,11.499000
160,1179,1179,449b943,221051,221377,235014,235114,13.637000,13.963000
160,1711,1711,46af940,243051,243377,269430,269530,26.053000,26.379000
160,2227,2227,48b3942,288409,288743,298843,298943,10.100000,10.434000
160,2704,2704,4a90941,306051,306385,318706,318806,12.321000,12.655000
160,1224,1224,44c8941,305051,305385,324096,324196,18.711000,19.045000
160,1806,1806,470e942,312051,312377,329595,329695,17.218000,17.544000
160,1912,1912,4778940,331051,331377,338781,338881,7.404000,7.730000
160,2700,2700,4a8c940,485051,485377,501476,501576,16.099000,16.425000
160,4256,4256,50a0940,669051,669385,681014,681114,11.629000,11.963000
160,5951,5951,573f942,730416,730742,739029,739129,8.287000,8.613000
160,4203,4203,506b941,799227,799553,817530,817630,17.977000,18.303000
160,4496,4496,5190940,813051,813385,828905,829005,15.520000,15.854000
160,7047,7047,5b87942,869051,869385,879379,879479,9.994000,10.328000
160,5950,5950,573e941,878051,878377,887524,887624,9.147000,9.473000
160,3095,3095,4c17943,909211,909537,946100,946200,36.563000,36.889000
160,7748,7748,5e44941,963189,963523,972689,972789,9.166000,9.500000
160,7623,7623,5dc7943,1085051,1085377,1111361,1111461,25.984000,26.310000
160,5593,5593,55d9943,1105439,1105773,1115616,1115716,9.843000,10.177000
160,10380,10380,688c942,1245845,1246179,1255351,1255451,9.172000,9.506000
160,7885,7885,5ecd941,1232825,1233159,1259492,1259592,26.333000,26.667000
160,9298,9298,6452943,1351051,1351377,1359633,1359733,8.256000,8.582000
160,8909,8909,62cd940,1415051,1415385,1420078,1420178,4.693000,5.027000
160,8474,8474,611a941,1492051,1492385,1498003,1498103,5.618000,5.952000
160,8616,8616,61a8943,1586910,1587244,1597221,1597321,9.977000,10.311000
160,8577,8577,6181943,1651051,1651377,1658799,1658899,7.422000,7.748000
160,9828,9828,6664941,1743899,1744233,1751565,1751665,7.332000,7.666000
160,8196,8196,6004940,1762051,1762385,1778439,1778539,16.054000,16.388000
160,9058,9058,6362940,1843051,1843377,1851673,1851773,8.296000,8.622000
160,10554,10554,693a942,1877051,1877385,1884800,1884900,7.415000,7.749000
160,10626,10626,6982943,1903051,1903377,1910747,1910847,7.370000,7.696000
160,10667,10667,69ab943,1962051,1962377,1973900,1974000,11.523000,11.849000
160,10975,10975,6adf942,2035051,2035377,2042727,2042827,7.350000,7.676000
161,594,594,4252942,42051,42385,49717,49817,7.332000,7.666000
161,454,454,41c6943,54051,54377,66225,66325,11.848000,12.174000
161,586,586,424a942,174051,174385,179980,180080,5.595000,5.929000
161,1547,1547,460b942,180424,180750,190760,190860,10.010000,10.336000
161,1115,1115,445b941,241051,241385,252303,252403,10.918000,11.252000
161,1122,1122,4462940,245051,245377,257626,257726,12.249000,12.575000
161,872,872,4368940,282051,282377,288010,288110,5.633000,5.959000
161,1647,1647,466f943,292051,292385,304366,304466,11.981000,12.315000
161,3350,3350,4d16940,309051,309385,329619,329719,20.234000,20.568000
161,1449,1449,45a9940,344051,344385,350932,351032,6.547000,6.881000
161,2986,2986,4baa940,360806,361140,375082,375182,13.942000,14.276000
161,2662,2662,4a66942,363051,363377,380515,380615,17.138000,17.464000
161,3686,3686,4e66941,408051,408385,413109,413209,4.724000,5.058000
161,3347,3347,4d13940,426051,426377,433691,433791,7.314000,7.640000
161,3650,3650,4e42942,430051,430377,439219,439319,8.842000,9.168000
161,3404,3404,4d4c940,530051,530377,537796,537896,7.419000,7.745000
161,5495,5495,5577942,570051,570377,580414,580514,10.037000,10.363000
161,3549,3549,4ddd942,620051,620377,626015,626115,5.638000,5.964000
161,1971,1971,47b3941,634051,634377,646451,646551,12.074000,12.400000
161,4367,4367,510f940,703051,703385,712560,712660,9.175000,9.509000
161,5443,5443,5543942,756051,756377,769338,769438,12.961000,13.287000
161,8778,8778,624a941,786395,786721,792343,792443,5.622000,5.948000
161,4003,4003,4fa3943,881051,881377,887050,887150,5.673000,5.999000
161,5274,5274,549a940,966051,966385,982636,982736,16.251000,16.585000
161,5778,5778,5692942,1103051,1103385,1115984,1116084,12.599000,12.933000
161,6625,6625,59e1940,1104051,1104377,1120182,1120282,15.805000,16.131000
161,9457,9457,64f1941,1211922,1212248,1220616,1220716,8.368000,8.694000
161,5056,5056,53c0941,1329051,1329385,1346361,1346461,16.976000,17.310000
161,8364,8364,60ac943,1418051,1418377,1424847,1424947,6.470000,6.796000
161,6970,6970,5b3a942,1414051,1414377,1430177,1430277,15.800000,16.126000
161,10744,10744,69f8943,1442051,1442377,1448018,1448118,5.641000,5.967000
161,7685,7685,5e05940,1441051,1441385,1452147,1452247,10.762000,11.096000
161,7264,7264,5c60940,1464724,1465058,1472410,1472510,7.352000,7.686000
161,6716,6716,5a3c942,1577051,1577385,1597551,1597651,20.166000,20.500000
161,8316,8316,607c942,1691051,1691385,1697888,1697988,6.503000,6.837000
161,10183,10183,67c7942,1711051,1711385,1716995,1717095,5.610000,5.944000
161,10115,10115,6783942,1829051,1829385,1842104,1842204,12.719000,13.053000
161,7995,7995,5f3b940,1893051,1893377,1903370,1903470,9.993000,10.319000
161,10984,10984,6ae8943,1908439,1908773,1915352,1915452,6.579000,6.913000
161,8496,8496,6130940,1920051,1920377,1930422,1930522,10.045000,10.371000
161,10137,10137,6799940,1958051,1958377,1967559,1967659,9.182000,9.508000
161,8914,8914,62d2940,2060410,2060736,2069077,2069177,8.341000,8.667000
162,602,602,425a943,64051,64385,73484,73584,9.099000,9.433000
162,1618,1618,4652942,206051,206385,221231,221331,14.846000,15.180000
162,2078,2078,481e942,370051,370377,375144,375244,4.767000,5.093000
162,3790,3790,4ece942,375051,375385,384525,384625,9.140000,9.474000
162,1450,1450,45aa943,424051,424385,433541,433641,9.156000,9.490000
162,2625,2625,4a41941,455051,455385,463966,464066,8.581000,8.915000
162,2317,2317,490d940,536051,536377,548059,548159,11.682000,12.008000
162,2134,2134,4856942,537051,537385,553506,553606,16.121000,16.455000
162,6126,6126,57ee942,620051,620385,627772,627872,7.387000,7.721000
162,5545,5545,55a9943,643439,643765,658186,658286,14.421000,14.747000
162,3220,3220,4c94940,657051,657377,666548,666648,9.171000,9.497000
162,2855,2855,4b27942,658051,658385,670746,670846,12.361000,12.695000
162,4347,4347,50fb941,670051,670385,677742,677842,7.357000,7.691000
162,5946,5946,573a943,722051,722377,730654,730754,8.277000,8.603000
162,3573,3573,4df5943,776051,776377,791005,791105,14.628000,14.954000
162,6002,6002,5772941,858051,858385,869081,869181,10.696000,11.030000
162,5812,5812,56b4942,881051,881377,890581,890681,9.204000,9.530000
162,6256,6256,5870942,1040051,1040377,1045935,1046035,5.558000,5.884000
162,8678,8678,61e6941,1115051,1115377,1126013,1126113,10.636000,10.962000
162,9019,9019,633b943,1179051,1179385,1193594,1193694,14.209000,14.543000
162,5241,5241,5479940,1249051,1249385,1259716,1259816,10.331000,10.665000
162,6489,6489,5959940,1293051,1293385,1302635,1302735,9.250000,9.584000
162,8910,8910,62ce940,1297051,1297377,1309108,1309208,11.731000,12.057000
162,5181,5181,543d940,1400051,1400385,1413111,1413211,12.726000,13.060000
162,7874,7874,5ec2940,1419051,1419385,1429383,1429483,9.998000,10.332000
162,9824,9824,6660943,1415051,1415377,1440582,1440682,25.205000,25.531000
162,9292,9292,644c941,1431418,1431752,1446087,1446187,14.335000,14.669000
162,10324,10324,6854943,1446051,1446385,1452867,1452967,6.482000,6.816000
162,7488,7488,5d40941,1515051,1515377,1521000,1521100,5.623000,5.949000
162,10209,10209,67e1943,1542051,1542385,1551469,1551569,9.084000,9.418000
162,9612,9612,658c942,1581051,1581385,1588684,1588784,7.299000,7.633000
162,8573,8573,617d941,1593051,1593377,1598936,1599036,5.559000,5.885000
162,7585,7585,5da1941,1605051,1605385,1614478,1614578,9.093000,9.427000
162,8934,8934,62e6941,1610874,1611208,1619996,1620096,8.788000,9.122000
162,8426,8426,60ea942,1702051,1702377,1708018,1708118,5.641000,5.967000
162,8228,8228,6024943,1725453,1725779,1734970,1735070,9.191000,9.517000
162,10067,10067,6753941,1734051,1734385,1740019,1740119,5.634000,5.968000
162,9321,9321,6469940,1735051,1735377,1744473,1744573,9.096000,9.422000
162,9283,9283,6443943,1751051,1751377,1760755,1760855,9.378000,9.704000
162,9444,9444,64e4941,1765438,1765764,1776011,1776111,10.247000,10.573000
162,10123,10123,678b940,2060051,2060385,2070359,2070459,9.974000,10.308000
162,7499,7499,5d4b943,2232051,2232377,2242492,2242592,10.115000,10.441000
163,417,417,41a1940,39051,39385,60538,60638,21.153000,21.487000
163,492,492,41ec942,133051,133377,142892,142992,9.515000,9.841000
163,475,475,41db940,135051,135385,147494,147594,12.109000,12.443000
163,1258,1258,44ea941,139051,139377,151643,151743,12.266000,12.592000
163,550,550,4226940,154456,154782,163026,163126,8.244000,8.570000
163,116,116,4074940,159051,159377,173962,174062,14.585000,14.911000
163,690,690,42b2941,193051,193377,210823,210923,17.446000,17.772000
163,2673,2673,4a71941,308051,308377,316561,316661,8.184000,8.510000
163,2740,2740,4ab4941,324051,324377,330847,330947,6.470000,6.796000
163,3338,3338,4d0a941,351051,351385,359581,359681,8.196000,8.530000
163,1324,1324,452c940,461051,461385,473804,473904,12.419000,12.753000
163,1417,1417,4589943,489051,489377,494109,494209,4.732000,5.058000
163,3322,3322,4cfa940,502051,502385,513230,513329,10.845000,11.179000
163,2222,2222,48ae940,504051,504377,517458,517558,13.081000,13.407000
163,2169,2169,4879942,518050,518385,525736,525836,7.351000,7.686000
163,3490,3490,4da2941,533726,534052,543146,543246,9.094000,9.420000
163,4196,4196,5064942,538051,538377,548659,548759,10.282000,10.608000
163,3029,3029,4bd5942,620051,620385,628296,628396,7.911000,8.245000
163,5306,5306,54ba943,688051,688385,694880,694980,6.495000,6.829000
163,5932,5932,572c940,794051,794385,801786,801886,7.401000,7.735000
163,5142,5142,5416941,860051,860377,890428,890528,30.051000,30.377000
163,6343,6343,58c7942,940051,940385,950364,950464,9.979000,10.313000
163,7193,7193,5c19943,976051,976377,993542,993642,17.165000,17.491000
163,4278,4278,50b6941,997051,997377,1004821,1004921,7.444000,7.770000
163,5533,5533,559d940,1062051,1062377,1069692,1069792,7.315000,7.641000
163,8632,8632,61b8943,1075051,1075385,1087726,1087826,12.341000,12.675000
163,6555,6555,599b942,1099641,1099967,1107462,1107562,7.495000,7.821000
163,8600,8600,6198943,1119410,1119736,1131652,1131752,11.916000,12.242000
163,5954,5954,5742942,1176051,1176385,1187272,1187372,10.887000,11.221000
163,10077,10077,675d941,1209051,1209377,1215863,1215963,6.486000,6.812000
163,6812,6812,5a9c940,1307051,1307385,1312134,1312234,4.749000,5.083000
163,6341,6341,58c5940,1391051,1391385,1396976,1397076,5.591000,5.925000
163,10222,10222,67ee943,1393051,1393385,1412306,1412406,18.921000,19.255000
163,9068,9068,636c943,1391051,1391377,1417753,1417853,26.376000,26.702000
163,6869,6869,5ad5941,1405051,1405385,1423266,1423366,17.881000,18.215000
163,7496,7496,5d48942,1419051,1419385,1427434,1427534,8.049000,8.383000
163,5904,5904,5710940,1559051,1559385,1572271,1572371,12.886000,13.220000
163,8223,8223,601f942,1615051,1615377,1638379,1638479,23.002000,23.328000
163,10835,10835,6a53942,1703051,1703385,1708132,1708232,4.747000,5.081000
163,9303,9303,6457943,1758843,1759169,1767572,1767672,8.403000,8.729000
163,8967,8967,6307940,1832051,1832377,1840764,1840864,8.387000,8.713000
163,10091,10091,676b941,1902051,1902377,1907969,1908069,5.592000,5.918000
163,10896,10896,6a90942,1956416,1956750,1963318,1963418,6.568000,6.902000
163,10883,10883,6a83941,2135051,2135377,2145359,2145459,9.982000,10.308000
163,10606,10606,696e943,2202051,2202377,2209779,2209879,7.402000,7.728000
163,9645,9645,65ad943,2845051,2845385,2854552,2854652,9.167000,9.501000
164,259,259,4103942,45051,45385,51880,51980,6.495000,6.829000
164,305,305,4131940,80051,80385,89579,89679,9.194000,9.528000
164,167,167,40a7941,144051,144377,153456,153556,9.079000,9.405000
164,448,448,41c0942,148051,148377,158960,159060,10.583000,10.909000
164,1656,1656,4678940,211051,211385,224240,224340,12.855000,13.189000
164,979,979,43d3943,233051,233385,241609,241709,8.224000,8.558000
164,2015,2015,47df940,222416,222742,247099,247199,24.357000,24.683000
164,1353,1353,4549943,241051,241385,255070,255170,13.685000,14.019000
164,1000,1000,43e8941,262051,262377,274353,274453,11.976000,12.302000
164,2206,2206,489e940,264051,264377,279838,279938,15.461000,15.787000
164,1036,1036,440c941,330051,330377,335982,336082,5.605000,5.931000
164,681,681,42a9943,341051,341385,347017,347117,5.632000,5.966000
164,1153,1153,4481942,352051,352385,362686,362786,10.301000,10.635000
164,3527,3527,4dc7943,390051,390377,402246,402346,11.869000,12.195000
164,4397,4397,512d942,491051,491385,501042,501142,9.657000,9.991000
164,4838,4838,52e6943,564051,564385,570805,570905,6.420000,6.754000
164,3540,3540,4dd4941,576446,576780,581522,581622,4.742000,5.076000
164,3079,3079,4c07940,622425,622759,628368,628468,5.609000,5.943000
164,2627,2627,4a43940,642051,642385,656321,656421,13.936000,14.270000
164,2913,2913,4b61942,695051,695377,710431,710531,15.054000,15.380000
164,7160,7160,5bf8941,726051,726377,739913,740013,13.536000,13.862000
164,2925,2925,4b6d943,742051,742385,749806,749906,7.421000,7.755000
164,5073,5073,53d1940,754051,754377,766278,766378,11.901000,12.227000
164,3609,3609,4e19942,849051,849377,856544,856644,7.167000,7.493000
164,6507,6507,596b940,883051,883377,891654,891754,8.277000,8.603000
164,7282,7282,5c72942,876051,876385,902477,902577,26.092000,26.426000
164,10978,10978,6ae2941,943051,943385,951594,951694,8.209000,8.543000
164,6284,6284,588c940,968051,968385,982952,983052,14.567000,14.901000
164,6858,6858,5aca941,1039051,1039385,1047686,1047786,8.301000,8.635000
164,4947,4947,5353941,1061453,1061779,1066572,1066672,4.793000,5.119000
164,4746,4746,528a943,1056051,1056385,1070715,1070815,14.330000,14.664000
164,8728,8728,6218941,1138051,1138385,1144722,1144822,6.337000,6.671000
164,6887,6887,5ae7940,1175446,1175780,1187510,1187610,11.730000,12.064000
164,7078,7078,5ba6941,1186051,1186377,1197361,1197461,10.984000,11.310000
164,7154,7154,5bf2942,1228051,1228385,1244694,1244794,16.309000,16.643000
164,8944,8944,62f0942,1379051,1379377,1384961,1385061,5.584000,5.910000
164,9031,9031,6347941,1426051,1426377,1434651,1434751,8.274000,8.600000
164,10445,10445,68cd943,1490051,1490385,1497815,1497915,7.430000,7.764000
164,9426,9426,64d2940,1799051,1799385,1804105,1804205,4.720000,5.054000
165,57,57,4039941,29416,29742,42424,42524,12.682000,13.008000
165,809,809,4329941,31416,31742,48169,48269,16.427000,16.753000
165,92,92,405c942,57051,57385,65604,65704,8.219000,8.553000
165,567,567,4237940,87425,87759,99014,99114,11.255000,11.589000
165,807,807,4327942,114051,114377,130007,130107,15.630000,15.956000
165,98,98,4062941,141051,141377,152215,152315,10.838000,11.164000
165,1678,1678,468e940,167051,167385,175586,175686,8.201000,8.535000
165,2568,2568,4a08943,216431,216757,228891,228991,12.134000,12.460000
165,1006,1006,43ee943,239051,239377,246797,246897,7.420000,7.746000
165,759,759,42f7942,272051,272377,280599,280699,8.222000,8.548000
165,2641,2641,4a51943,337051,337377,346149,346249,8.772000,9.098000
165,1055,1055,441f941,366051,366385,372754,372854,6.369000,6.703000
165,783,783,430f943,381051,381377,387871,387971,6.494000,6.820000
165,2364,2364,493c941,399233,399559,411289,411389,11.730000,12.056000
165,2027,2027,47eb943,438051,438385,444868,444968,6.483000,6.817000
165,4841,4841,52e9942,470051,470385,476870,476970,6.485000,6.819000
165,2021,2021,47e5941,501051,501377,518091,518191,16.714000,17.040000
165,2823,2823,4b07942,534051,534385,542896,542996,8.511000,8.845000
165,5449,5449,5549940,549051,549385,568519,568619,19.134000,19.468000
165,7169,7169,5c01941,702051,702377,711563,711663,9.186000,9.512000
165,5797,5797,56a5941,706051,706377,715708,715808,9.331000,9.657000
165,6834,6834,5ab2941,719051,719385,728434,728534,9.049000,9.383000
165,6110,6110,57de943,786051,786377,795903,796003,9.526000,9.852000
165,3912,3912,4f48941,813051,813377,818075,818175,4.698000,5.024000
165,4607,4607,51ff940,815051,815377,824503,824603,9.126000,9.452000
165,5517,5517,558d940,890051,890385,903424,903524,13.039000,13.373000
165,3865,3865,4f19942,905051,905385,911885,911985,6.500000,6.834000
165,6407,6407,5907943,1021051,1021377,1027888,1027988,6.511000,6.837000
165,6853,6853,5ac5941,1035051,1035377,1055294,1055394,19.917000,20.243000
165,5720,5720,5658940,1064051,1064377,1071199,1071299,6.822000,7.148000
165,5580,5580,55cc943,1076051,1076385,1088764,1088864,12.379000,12.713000
165,6765,6765,5a6d942,1127036,1127370,1138549,1138649,11.179000,11.513000
165,8803,8803,6263941,1266051,1266377,1273788,1273888,7.411000,7.737000
165,6000,6000,5770940,1290051,1290377,1295976,1296076,5.599000,5.925000
165,9693,9693,65dd943,1357051,1357385,1364774,1364874,7.389000,7.723000
165,9746,9746,6612940,1345051,1345385,1370276,1370376,24.891000,25.225000
165,10063,10063,674f943,1365051,1365377,1375821,1375921,10.444000,10.770000
165,7698,7698,5e12942,1439051,1439385,1448510,1448610,9.125000,9.459000
165,8512,8512,6140942,1514410,1514736,1520544,1520644,5.808000,6.134000
165,10521,10521,6919942,1537051,1537377,1551021,1551121,13.644000,13.970000
165,6248,6248,5868943,1583051,1583385,1590808,1590908,7.423000,7.757000
165,10094,10094,676e942,1830051,1830385,1838631,1838731,8.246000,8.580000
165,10729,10729,69e9940,1923051,1923385,1928090,1928190,4.705000,5.039000
165,10761,10761,6a09941,1973051,1973385,1983979,1984079,10.594000,10.928000
165,10286,10286,682e941,1989051,1989385,1995057,1995157,5.672000,6.006000
165,9945,9945,66d9940,2106051,2106385,2114603,2114703,8.218000,8.552000
165,10470,10470,68e6943,2876051,2876377,2883781,2883881,7.404000,7.730000
166,195,195,40c3943,30051,30377,41946,42046,11.569000,11.895000
166,14,14,400e941,51051,51385,65100,65200,13.715000,14.049000
166,1118,1118,445e940,122051,122377,140340,140440,17.963000,18.289000
166,1265,1265,44f1940,226051,226385,235599,235699,9.214000,9.548000
166,1922,1922,4782940,252772,253106,263420,263520,10.314000,10.648000
166,1407,1407,457f943,259051,259376,270210,270310,10.834000,11.159000
166,1238,1238,44d6940,254051,254385,274409,274509,20.024000,20.358000
166,1332,1332,4534943,406051,406377,411970,412070,5.593000,5.919000
166,3319,3319,4cf7940,412051,412377,420562,420662,8.185000,8.511000
166,1664,1664,4680940,481051,481377,492224,492324,10.847000,11.173000
166,4173,4173,504d942,523050,523385,535037,535137,11.652000,11.987000
166,3849,3849,4f09940,633051,633377,639851,639951,6.474000,6.800000
166,3519,3519,4dbf943,681051,681377,688752,688852,7.375000,7.701000
166,5388,5388,550c942,682051,682377,694097,694197,11.720000,12.046000
166,4770,4770,52a2943,738051,738377,752452,752552,14.075000,14.401000
166,3337,3337,4d09942,754051,754377,766935,767035,12.558000,12.884000
166,5316,5316,54c4943,762051,762377,771097,771197,8.720000,9.046000
166,3383,3383,4d37943,808051,808377,814812,814912,6.435000,6.761000
166,5196,5196,544c940,850051,850377,856899,856999,6.522000,6.848000
166,6102,6102,57d6942,874051,874385,884330,884430,9.945000,10.279000
166,4999,4999,5387942,917051,917385,924723,924823,7.338000,7.672000
166,3638,3638,4e36943,938439,938773,947207,947307,8.434000,8.768000
166,5340,5340,54dc943,941051,941385,951423,951523,10.038000,10.372000
166,8211,8211,6013942,977051,977385,983869,983969,6.484000,6.818000
166,5149,5149,541d941,1032051,1032385,1042192,1042291,9.807000,10.141000
166,10730,10730,69ea941,1083051,1083377,1093461,1093561,10.084000,10.410000
166,5123,5123,5403943,1138051,1138377,1148349,1148449,9.972000,10.298000
166,8626,8626,61b2940,1212051,1212385,1224070,1224170,11.685000,12.019000
166,6067,6067,57b3943,1232051,1232377,1242349,1242449,9.972000,10.298000
166,9254,9254,6426943,1235051,1235385,1246586,1246686,11.201000,11.535000
166,9978,9978,66fa940,1269051,1269377,1284737,1284837,15.360000,15.686000
166,8069,8069,5f85942,1302051,1302385,1314112,1314212,11.727000,12.061000
166,7478,7478,5d36940,1379492,1379826,1386303,1386403,6.477000,6.811000
166,10249,10249,6809941,1390051,1390377,1397218,1397318,6.841000,7.167000
166,7934,7934,5efe943,1387051,1387377,1408813,1408913,21.436000,21.762000
166,8536,8536,6158942,1552051,1552385,1557177,1557277,4.792000,5.126000
166,7592,7592,5da8941,1628051,1628377,1635765,1635865,7.388000,7.714000
166,7956,7956,5f14941,1687051,1687385,1699158,1699258,11.773000,12.107000
166,9991,9991,6707943,1742051,1742377,1749745,1749845,7.368000,7.694000
166,10386,10386,6892943,1781051,1781377,1788785,1788885,7.408000,7.734000
166,10420,10420,68b4942,1853051,1853377,1862543,1862643,9.166000,9.492000
166,9891,9891,66a3940,1974051,1974385,1990096,1990196,15.711000,16.045000
166,10797,10797,6a2d940,2132051,2132385,2138926,2139026,6.541000,6.875000
166,10948,10948,6ac4940,2245051,2245377,2252778,2252878,7.401000,7.727000
167,210,210,40d2943,25051,25385,37284,37384,11.899000,12.233000
167,185,185,40b9942,45051,45385,55347,55447,9.962000,10.296000
167,84,84,4054940,62051,62385,69769,69869,7.384000,7.718000
167,1082,1082,443a940,68051,68385,81150,81250,12.765000,13.099000
167,551,551,4227940,78051,78385,91734,91834,13.349000,13.683000
167,1014,1014,43f6942,94814,95140,108057,108157,12.917000,13.243000
167,960,960,43c0943,161051,161385,172041,172141,10.656000,10.990000
167,802,802,4322943,176051,176385,181097,181197,4.712000,5.046000
167,1665,1665,4681940,254051,254377,265261,265361,10.884000,11.210000
167,2149,2149,4865942,286051,286377,298025,298125,11.648000,11.974000
167,1726,1726,46be943,297453,297779,310169,310269,12.390000,12.716000
167,1536,1536,4600942,335051,335385,358650,358750,23.265000,23.599000
167,1428,1428,4594942,361051,361377,369644,369744,8.267000,8.593000
167,1063,1063,4427943,372051,372377,377064,377164,4.687000,5.013000
167,3365,3365,4d25940,387051,387377,396089,396189,8.712000,9.038000
167,2409,2409,4969941,408051,408385,423442,423542,15.057000,15.391000
167,2505,2505,49c9941,579051,579385,594644,594744,15.259000,15.593000
167,5547,5547,55ab942,687446,687780,697796,697896,10.016000,10.350000
167,3764,3764,4eb4941,705051,705385,717883,717983,12.498000,12.832000
167,3103,3103,4c1f941,706051,706377,723404,723504,17.027000,17.353000
167,6582,6582,59b6943,831051,831377,841301,841401,9.924000,10.250000
167,6958,6958,5b2e943,862051,862385,871478,871578,9.093000,9.427000
167,4001,4001,4fa1942,954051,954377,966843,966943,12.466000,12.792000
167,4146,4146,5032942,962051,962377,973225,973325,10.848000,11.174000
167,7312,7312,5c90940,967051,967377,982340,982440,14.963000,15.289000
167,7301,7301,5c85940,1016051,1016385,1033070,1033170,16.685000,17.019000
167,5638,5638,5606941,1083051,1083377,1088983,1089083,5.606000,5.932000
167,7305,7305,5c89942,1075439,1075773,1094803,1094903,19.030000,19.364000
167,5663,5663,561f941,1149051,1149385,1156789,1156889,7.404000,7.738000
167,7897,7897,5ed9941,1229051,1229385,1244143,1244243,14.758000,15.092000
167,9184,9184,63e0941,1317051,1317377,1324735,1324835,7.358000,7.684000
167,10005,10005,6715943,1365051,1365377,1370161,1370261,4.784000,5.110000
167,10753,10753,6a01942,1489051,1489377,1501258,1501358,11.881000,12.207000
167,6564,6564,59a4940,1547051,1547377,1555599,1555699,8.222000,8.548000
167,9011,9011,6333941,1548051,1548377,1559839,1559939,11.462000,11.788000
167,7792,7792,5e70941,1548051,1548377,1563996,1564096,15.619000,15.945000
167,9204,9204,63f4940,1564416,1564750,1578309,1578409,13.559000,13.893000
167,8587,8587,618b940,1628051,1628385,1634798,1634898,6.413000,6.747000
167,9364,9364,6494941,1673028,1673362,1683467,1683567,10.105000,10.439000
167,8827,8827,627b942,1711051,1711385,1724009,1724109,12.624000,12.958000
167,8879,8879,62af943,1735051,1735385,1746238,1746338,10.853000,11.187000
167,10857,10857,6a69941,1786051,1786385,1798176,1798276,11.791000,12.125000
167,10366,10366,687e942,1817051,1817385,1823906,1824006,6.521000,6.855000
167,8871,8871,62a7943,1943051,1943385,1951621,1951721,8.236000,8.570000
167,10265,10265,6819942,2026438,2026764,2042240,2042340,15.476000,15.802000
167,10904,10904,6a98941,2079051,2079377,2084986,2085086,5.609000,5.935000
168,68,68,4044943,52051,52385,63430,63530,11.045000,11.379000
168,202,202,40ca943,80051,80385,91393,91493,11.008000,11.342000
168,1218,1218,44c2943,224051,224377,235915,236015,11.538000,11.864000
168,1673,1673,4689941,302051,302377,308908,309008,6.531000,6.857000
168,2105,2105,4839942,297051,297377,313075,313175,15.698000,16.024000
168,863,863,435f941,363051,363385,370152,370252,6.767000,7.101000
168,4063,4063,4fdf941,356416,356742,375656,375756,18.914000,19.240000
168,3194,3194,4c7a940,376051,376385,386552,386652,10.167000,10.501000
168,1421,1421,458d942,377051,377377,396101,396201,18.724000,19.050000
168,4372,4372,5114943,381431,381757,401042,401142,19.285000,19.611000
168,537,537,4219941,390051,390385,405215,405315,14.830000,15.164000
168,2611,2611,4a33940,440051,440385,447816,447916,7.431000,7.765000
168,2720,2720,4aa0942,459051,459377,480879,480979,21.502000,21.828000
168,1359,1359,454f941,479051,479377,495403,495503,16.026000,16.352000
168,1801,1801,4709941,479051,479385,499632,499732,20.247000,20.581000
168,2479,2479,49af943,562129,562455,573325,573425,10.870000,11.196000
168,3181,3181,4c6d942,615051,615385,627216,627316,11.831000,12.165000
168,5191,5191,5447942,714051,714377,735133,735233,20.756000,21.082000
168,2850,2850,4b22942,739051,739385,746724,746824,7.339000,7.673000
168,7054,7054,5b8e940,829051,829377,840299,840399,10.922000,11.248000
168,7774,7774,5e5e940,857051,857385,862944,863044,5.559000,5.893000
168,5854,5854,56de942,886051,886377,910164,910264,23.787000,24.113000
168,6459,6459,593b940,936051,936385,943705,943805,7.320000,7.654000
168,5210,5210,545a941,984051,984385,993483,993583,9.098000,9.432000
168,7308,7308,5c8c943,994051,994385,1010048,1010148,15.663000,15.997000
168,5788,5788,569c943,1013051,1013385,1027171,1027271,13.786000,14.120000
168,8523,8523,614b942,1043051,1043377,1049880,1049980,6.503000,6.829000
168,5042,5042,53b2941,1061051,1061377,1069668,1069768,8.291000,8.617000
168,7248,7248,5c50942,1057051,1057385,1075176,1075276,17.791000,18.125000
168,7918,7918,5eee943,1138051,1138385,1147087,1147187,8.702000,9.036000
168,10894,10894,6a8e943,1212051,1212385,1219790,1219890,7.405000,7.739000
168,8230,8230,6026941,1219051,1219377,1224157,1224257,4.780000,5.106000
168,7533,7533,5d6d942,1222051,1222377,1229744,1229844,7.367000,7.693000
168,6590,6590,59be941,1274051,1274385,1284881,1284981,10.496000,10.830000
168,6998,6998,5b56943,1295051,1295385,1307426,1307526,12.041000,12.375000
168,7539,7539,5d73942,1290051,1290385,1311585,1311685,21.200000,21.534000
168,9518,9518,652e941,1341051,1341385,1348762,1348862,7.377000,7.711000
168,5678,5678,562e940,1338051,1338377,1357626,1357726,19.249000,19.575000
168,6475,6475,594b941,1362051,1362385,1388940,1389040,26.555000,26.889000
168,10026,10026,672a941,1384051,1384385,1393125,1393225,8.740000,9.074000
168,9686,9686,65d6941,1414051,1414377,1422701,1422801,8.324000,8.650000
168,9189,9189,63e5942,1435051,1435377,1445473,1445573,10.096000,10.422000
168,7370,7370,5cca942,1467051,1467377,1480038,1480138,12.661000,12.987000
168,9950,9950,66de942,1488438,1488764,1495264,1495364,6.500000,6.826000
168,7563,7563,5d8b941,1527051,1527385,1537167,1537267,9.782000,10.116000
168,10130,10130,6792942,1541051,1541385,1551403,1551503,10.018000,10.352000
168,8295,8295,6067941,1577051,1577377,1587131,1587231,9.754000,10.080000
168,8855,8855,6297943,1575051,1575385,1592550,1592650,17.165000,17.499000
168,8288,8288,6060943,1580051,1580377,1598105,1598205,17.728000,18.054000
168,6779,6779,5a7b942,1713051,1713377,1719837,1719937,6.460000,6.786000
168,9163,9163,63cb943,1732051,1732385,1738900,1739000,6.515000,6.849000
168,8356,8356,60a4943,1732051,1732377,1747279,1747379,14.902000,15.228000
168,10233,10233,67f9940,1782051,1782385,1795240,1795340,12.855000,13.189000
168,8147,8147,5fd3941,1794051,1794377,1806166,1806266,11.789000,12.115000
168,9972,9972,66f4942,1829453,1829779,1840827,1840927,11.048000,11.374000
168,10600,10600,6968942,1851051,1851377,1864054,1864154,12.677000,13.003000
168,10396,10396,689c940,1878051,1878385,1890141,1890241,11.756000,12.090000
168,10064,10064,6750941,2000051,2000377,2012091,2012191,11.714000,12.040000
169,1070,1070,442e943,30051,30385,41426,41526,11.041000,11.375000
169,289,289,4121943,42051,42377,48876,48976,6.499000,6.825000
169,1272,1272,44f8942,184051,184385,196057,196157,11.672000,12.006000
169,136,136,4088942,232051,232385,237169,237269,4.784000,5.118000
169,986,986,43da943,314051,314385,332897,332997,18.512000,18.846000
169,2302,2302,48fe942,336051,336385,352834,352934,16.449000,16.783000
169,3534,3534,4dce940,368051,368385,374856,374956,6.471000,6.805000
169,976,976,43d0941,376051,376385,385727,385827,9.342000,9.676000
169,2709,2709,4a95943,386783,387109,394743,394843,7.634000,7.960000
169,2535,2535,49e7940,445051,445377,454928,455028,9.551000,9.877000
169,2310,2310,4906941,478051,478385,489407,489507,11.022000,11.356000
169,612,612,4264942,482051,482377,493623,493723,11.246000,11.572000
169,926,926,439e940,511051,511385,519694,519794,8.309000,8.643000
169,2845,2845,4b1d941,529051,529385,536846,536946,7.461000,7.795000
169,4724,4724,5274942,538439,538773,547020,547120,8.247000,8.581000
169,4817,4817,52d1941,552439,552765,560279,560379,7.514000,7.840000
169,3946,3946,4f6a942,562051,562377,570632,570732,8.255000,8.581000
169,5599,5599,55df940,605051,605377,612816,612916,7.439000,7.765000
169,3662,3662,4e4e940,639092,639426,645862,645962,6.436000,6.770000
169,5998,5998,576e941,712051,712385,726834,726934,14.449000,14.783000
169,4232,4232,5088941,767051,767385,774756,774856,7.371000,7.705000
169,4569,4569,51d9943,817051,817385,827431,827531,10.046000,10.380000
169,6836,6836,5ab4940,1018051,1018377,1026604,1026704,8.227000,8.553000
169,7099,7099,5bbb940,1062051,1062385,1068891,1068991,6.506000,6.840000
169,6078,6078,57be942,1084051,1084385,1093512,1093612,9.127000,9.461000
169,5554,5554,55b2941,1092051,1092385,1098872,1098972,6.487000,6.821000
169,4287,4287,50bf943,1085051,1085377,1104213,1104313,18.836000,19.162000
169,8067,8067,5f83941,1134051,1134377,1144425,1144525,10.048000,10.374000
169,7233,7233,5c41941,1284051,1284377,1291717,1291817,7.340000,7.666000
169,10937,10937,6ab9940,1337051,1337377,1343809,1343909,6.432000,6.758000
169,9243,9243,641b941,1339051,1339385,1349277,1349377,9.892000,10.226000
169,8459,8459,610b943,1387728,1388062,1394529,1394629,6.467000,6.801000
169,8964,8964,6304942,1410051,1410377,1416912,1417012,6.535000,6.861000
169,8369,8369,60b1943,1436113,1436439,1449729,1449829,13.290000,13.616000
169,8503,8503,6137943,1461051,1461385,1468742,1468842,7.357000,7.691000
169,9358,9358,648e942,1478479,1478805,1497344,1497444,18.539000,18.865000
169,8317,8317,607d941,1513051,1513385,1521654,1521754,8.269000,8.603000
169,9138,9138,63b2943,1556051,1556377,1566368,1566468,9.991000,10.317000
169,8761,8761,6239941,1580051,1580385,1588637,1588737,8.252000,8.586000
169,9225,9225,6409940,1624051,1624377,1631737,1631837,7.360000,7.686000
169,7728,7728,5e30940,1640051,1640377,1646919,1647019,6.542000,6.868000
169,7802,7802,5e7a941,1873051,1873385,1879057,1879157,5.672000,6.006000
169,10388,10388,6894941,1923051,1923377,1930758,1930858,7.381000,7.707000
169,10775,10775,6a17943,2011051,2011385,2018714,2018814,7.329000,7.663000
170,1899,1899,476b940,205051,205377,212702,212802,7.325000,7.651000
170,3836,3836,4efc943,276571,276897,288597,288697,11.700000,12.026000
170,1865,1865,4749943,294051,294377,309101,309201,14.724000,15.050000
170,3419,3419,4d5b942,299416,299750,317685,317785,17.935000,18.269000
170,1126,1126,4466941,400051,400385,410607,410707,10.222000,10.556000
170,2973,2973,4b9d941,425051,425385,430106,430206,4.721000,5.055000
170,5543,5543,55a7943,425051,425385,434304,434404,8.919000,9.253000
170,4309,4309,50d5940,442012,442346,449664,449764,7.318000,7.652000
170,2678,2678,4a76942,462051,462377,469797,469897,7.420000,7.746000
170,2375,2375,4947940,492051,492385,498848,498948,6.463000,6.797000
170,4194,4194,5062942,600051,600377,609606,609706,9.229000,9.555000
170,3213,3213,4c8d942,634051,634385,657289,657389,22.904000,23.238000
170,4842,4842,52ea943,808051,808377,820242,820342,11.865000,12.191000
170,4477,4477,517d941,817051,817385,825667,825767,8.282000,8.616000
170,5060,5060,53c4943,831438,831764,848456,848556,16.692000,17.018000
170,7955,7955,5f13940,882051,882377,889742,889842,7.365000,7.691000
170,7111,7111,5bc7941,923051,923385,931723,931823,8.338000,8.672000
170,5421,5421,552d943,939051,939385,954212,954312,14.827000,15.161000
170,5645,5645,560d942,992051,992377,1005037,1005137,12.660000,12.986000
170,6309,6309,58a5942,996051,996385,1010803,1010903,14.418000,14.752000
170,7972,7972,5f24941,1055051,1055377,1060064,1060164,4.687000,5.013000
170,3511,3511,4db7942,1092051,1092385,1104184,1104284,11.799000,12.133000
170,10461,10461,68dd943,1127051,1127377,1133786,1133886,6.409000,6.735000
170,6821,6821,5aa5940,1158051,1158385,1166439,1166539,8.054000,8.388000
170,7133,7133,5bdd942,1286051,1286377,1294647,1294747,8.270000,8.596000
170,7523,7523,5d63941,1293051,1293385,1298950,1299050,5.565000,5.899000
170,4241,4241,5091940,1286051,1286385,1303166,1303266,16.781000,17.115000
170,6086,6086,57c6942,1306051,1306385,1314618,1314718,8.233000,8.567000
170,9896,9896,66a8941,1315051,1315377,1327794,1327894,12.417000,12.743000
170,7636,7636,5dd4941,1333051,1333377,1340786,1340886,7.409000,7.735000
170,7400,7400,5ce8940,1383480,1383814,1406555,1406655,22.741000,23.075000
170,9116,9116,639c942,1423051,1423385,1431634,1431734,8.249000,8.583000
170,9109,9109,6395942,1493051,1493377,1499008,1499108,5.631000,5.957000
170,10274,10274,6822942,1499147,1499473,1504353,1504453,4.880000,5.206000
170,6855,6855,5ac7943,1501051,1501385,1510553,1510653,9.168000,9.502000
170,6690,6690,5a22941,1578051,1578377,1588409,1588509,10.032000,10.358000
170,9368,9368,6498942,1588425,1588759,1598823,1598923,10.064000,10.398000
170,9615,9615,658f942,1605446,1605780,1611420,1611520,5.640000,5.974000
170,10810,10810,6a3a941,1716051,1716385,1722882,1722982,6.497000,6.831000
170,9069,9069,636d942,1734051,1734385,1748578,1748678,14.193000,14.527000
170,9745,9745,6611942,1773051,1773385,1782553,1782653,9.168000,9.502000
170,9362,9362,6492941,2005051,2005377,2011863,2011963,6.486000,6.812000
170,10858,10858,6a6a941,2145051,2145385,2155425,2155525,10.040000,10.374000
170,9239,9239,6417942,2255051,2255377,2270822,2270922,15.445000,15.771000
171,912,912,4390943,202051,202385,207096,207196,4.711000,5.045000
171,2752,2752,4ac0943,213051,213377,219838,219938,6.461000,6.787000
171,1706,1706,46aa940,216051,216385,226116,226216,9.731000,10.065000
171,217,217,40d9940,239051,239377,245858,245958,6.481000,6.807000
171,1419,1419,458b943,267051,267385,294199,294299,26.814000,27.148000
171,795,795,431b941,287051,287385,299732,299832,12.347000,12.681000
171,2139,2139,485b940,296051,296377,311810,311910,15.433000,15.759000
171,169,169,40a9942,381051,381377,391259,391359,9.882000,10.208000
171,1361,1361,4551943,420051,420385,428535,428635,8.150000,8.484000
171,7253,7253,5c55943,536051,536385,541138,541238,4.753000,5.087000
171,1192,1192,44a8942,561051,561385,579500,579600,18.115000,18.449000
171,4979,4979,5373943,602051,602385,607965,608065,5.580000,5.914000
171,2776,2776,4ad8941,619051,619385,626738,626838,7.353000,7.687000
171,4111,4111,500f940,646051,646377,661728,661828,15.351000,15.677000
171,6083,6083,57c3943,714439,714773,722349,722449,7.576000,7.910000
171,4201,4201,5069941,724051,724385,731748,731848,7.363000,7.697000
171,5069,5069,53cd940,759051,759377,764986,765086,5.609000,5.935000
171,2949,2949,4b85942,798051,798377,809296,809396,10.919000,11.245000
171,6706,6706,5a32942,943395,943721,962185,962285,18.464000,18.790000
171,6147,6147,5803941,956051,956377,968726,968826,12.349000,12.675000
171,5796,5796,56a4940,955416,955750,979685,979785,23.935000,24.269000
171,6320,6320,58b0940,1024051,1024385,1031774,1031875,7.389000,7.723000
171,4107,4107,500b940,1085051,1085377,1094513,1094613,9.136000,9.462000
171,4874,4874,530a942,1091051,1091377,1124613,1124713,33.236000,33.562000
171,6351,6351,58cf941,1123051,1123377,1129899,1129999,6.522000,6.848000
171,7374,7374,5cce942,1128782,1129108,1135639,1135739,6.531000,6.857000
171,7879,7879,5ec7943,1291051,1291385,1299656,1299756,8.271000,8.605000
171,8517,8517,6145940,1302845,1303179,1309727,1309827,6.548000,6.882000
171,8692,8692,61f4940,1306051,1306385,1313932,1314032,7.547000,7.881000
171,9385,9385,64a9941,1394446,1394780,1405779,1405879,10.999000,11.333000
171,7877,7877,5ec5941,1407051,1407385,1418431,1418531,11.046000,11.380000
171,8912,8912,62d0943,1416051,1416385,1422612,1422712,6.227000,6.561000
171,10416,10416,68b0941,1465051,1465385,1473892,1473992,8.507000,8.841000
171,10238,10238,67fe943,1474051,1474377,1487923,1488023,13.546000,13.872000
171,8274,8274,6052941,1541051,1541385,1551361,1551461,9.976000,10.310000
171,10621,10621,697d940,1809051,1809385,1820121,1820221,10.736000,11.070000
171,10131,10131,6793943,1828051,1828385,1833999,1834099,5.614000,5.948000
171,10587,10587,695b941,1891051,1891385,1896992,1897092,5.607000,5.941000
171,10597,10597,6965941,1908409,1908743,1915303,1915403,6.560000,6.894000
171,10986,10986,6aea940,1922051,1922377,1936763,1936863,14.386000,14.712000
171,10550,10550,6936940,2146051,2146385,2157541,2157641,11.156000,11.490000
171,8719,8719,620f940,2276051,2276385,2287252,2287352,10.867000,11.201000
171,9251,9251,6423940,2456051,2456377,2467273,2467373,10.896000,11.222000
172,478,478,41de941,26051,26385,32915,33015,6.530000,6.864000
172,1467,1467,45bb941,131907,132241,140800,140900,8.559000,8.893000
172,44,44,402c941,145051,145377,168085,168185,22.708000,23.034000
172,1312,1312,4520940,162051,162377,172305,172405,9.928000,10.254000
172,1713,1713,46b1942,177051,177377,184818,184918,7.441000,7.767000
172,1107,1107,4453941,203439,203765,211263,211363,7.498000,7.824000
172,155,155,409b942,271051,271385,284778,284878,13.393000,13.727000
172,950,950,43b6940,395425,395759,407485,407585,11.726000,12.060000
172,2389,2389,4955941,408051,408385,416746,416846,8.361000,8.695000
172,2166,2166,4876942,479051,479385,485841,485941,6.456000,6.790000
172,1768,1768,46e8941,481051,481385,496671,496771,15.286000,15.620000
172,5227,5227,546b940,558051,558385,565682,565782,7.297000,7.631000
172,1779,1779,46f3942,697051,697385,703078,703178,5.693000,6.027000
172,3191,3191,4c77943,724409,724743,746685,746785,21.942000,22.276000
172,4292,4292,50c4941,882416,882750,893265,893365,10.515000,10.849000
172,6833,6833,5ab1940,939051,939385,944109,944209,4.724000,5.058000
172,6541,6541,598d941,937410,937736,948276,948376,10.540000,10.866000
172,5029,5029,53a5941,1037051,1037385,1053856,1053956,16.471000,16.805000
172,7205,7205,5c25942,1050051,1050377,1059343,1059443,8.966000,9.292000
172,8372,8372,60b4940,1060051,1060385,1065097,1065197,4.712000,5.046000
172,5431,5431,5537941,1071812,1072138,1080452,1080552,8.314000,8.640000
172,6874,6874,5ada941,1092051,1092377,1099701,1099801,7.324000,7.650000
172,7235,7235,5c43941,1110051,1110377,1115144,1115244,4.767000,5.093000
172,7257,7257,5c59942,1211051,1211385,1216975,1217075,5.590000,5.924000
172,7463,7463,5d27942,1255051,1255377,1267529,1267629,12.152000,12.478000
172,8907,8907,62cb942,1353944,1354278,1361699,1361799,7.421000,7.755000
172,4075,4075,4feb942,1366051,1366377,1371956,1372056,5.579000,5.905000
172,6033,6033,5791941,1456051,1456385,1464572,1464672,8.187000,8.521000
172,10256,10256,6810940,1504051,1504377,1511685,1511785,7.308000,7.634000
172,9061,9061,6365940,1571051,1571385,1589535,1589635,18.150000,18.484000
172,10349,10349,686d942,1659051,1659377,1670842,1670942,11.465000,11.791000
172,9632,9632,65a0940,1687051,1687385,1696573,1696673,9.188000,9.522000
172,7168,7168,5c00941,1691051,1691377,1701768,1701868,10.391000,10.717000
172,9241,9241,6419940,1764051,1764377,1772532,1772632,8.155000,8.481000
172,10060,10060,674c943,1776051,1776385,1784584,1784684,8.199000,8.533000
173,1210,1210,44ba943,35431,35757,43277,43377,7.520000,7.846000
173,43,43,402b943,53051,53385,58987,59087,5.602000,5.936000
173,426,426,41aa940,67431,67757,78674,78774,10.917000,11.243000
173,1225,1225,44c9942,131051,131385,139536,139636,8.151000,8.485000
173,748,748,42ec941,125051,125377,143754,143854,18.377000,18.703000
173,1013,1013,43f5940,153248,153582,159261,159361,5.679000,6.013000
173,1565,1565,461d943,199409,199743,207226,207326,7.483000,7.817000
173,1552,1552,4610942,288051,288377,295651,295751,7.274000,7.600000
173,2188,2188,488c940,293051,293385,301608,301708,8.223000,8.557000
173,3675,3675,4e5b940,381051,381377,391313,391413,9.936000,10.262000
173,3367,3367,4d27940,360051,360377,395529,395629,35.152000,35.478000
173,4715,4715,526b940,492439,492765,498327,498427,5.562000,5.888000
173,2585,2585,4a19942,528051,528377,537479,537579,9.102000,9.428000
173,4594,4594,51f2943,565431,565757,573071,573171,7.314000,7.640000
173,3223,3223,4c97941,627051,627385,632126,632226,4.741000,5.075000
173,3886,3886,4f2e942,633051,633377,640718,640818,7.341000,7.667000
173,4512,4512,51a0943,711051,711385,718795,718895,7.410000,7.744000
173,4698,4698,525a942,750395,750729,757390,757490,6.661000,6.995000
173,4205,4205,506d941,748460,748794,769006,769106,20.212000,20.546000
173,5985,5985,5761942,821051,821377,831304,831404,9.927000,10.253000
173,5383,5383,5507941,836439,836773,841504,841604,4.731000,5.065000
173,6252,6252,586c940,886051,886385,907947,908047,21.562000,21.896000
173,6810,6810,5a9a940,968441,968775,980491,980591,11.716000,12.050000
173,6118,6118,57e6943,1082051,1082385,1091503,1091603,9.118000,9.452000
173,5391,5391,550f941,1087051,1087377,1096946,1097046,9.569000,9.895000
173,7949,7949,5f0d941,1155051,1155377,1163610,1163710,8.233000,8.559000
173,7474,7474,5d32941,1203051,1203377,1209002,1209102,5.625000,5.951000
173,8906,8906,62ca943,1218051,1218377,1224882,1224982,6.505000,6.831000
173,8007,8007,5f47941,1238317,1238643,1248820,1248920,10.177000,10.503000
173,6901,6901,5af5940,1356051,1356385,1363726,1363826,7.341000,7.675000
173,5325,5325,54cd942,1362051,1362385,1371408,1371508,9.023000,9.357000
173,9588,9588,6574941,1422051,1422377,1429751,1429851,7.374000,7.700000
173,10842,10842,6a5a940,1447051,1447377,1455596,1455696,8.219000,8.545000
173,10539,10539,692b943,1498051,1498385,1506631,1506731,8.246000,8.580000
173,6485,6485,5955940,1524051,1524385,1537838,1537938,13.453000,13.787000
173,10413,10413,68ad941,1556051,1556385,1563746,1563846,7.361000,7.695000
173,8367,8367,60af943,1711051,1711377,1718803,1718903,7.426000,7.752000
173,6617,6617,59d9940,1720051,1720377,1735688,1735788,15.311000,15.637000
173,10722,10722,69e2943,1729051,1729377,1741191,1741291,11.814000,12.140000
173,9878,9878,6696941,1806051,1806385,1811168,1811268,4.783000,5.117000
173,10963,10963,6ad3942,2041051,2041377,2049644,2049745,8.267000,8.593000
173,7703,7703,5e17942,2111051,2111377,2117848,2117948,6.471000,6.797000
173,10910,10910,6a9e941,2368051,2368377,2389892,2389992,21.515000,21.841000
173,10350,10350,686e942,2750051,2750377,2756881,2756981,6.504000,6.830000
174,563,563,4233940,53446,53780,82345,82445,28.565000,28.899000
174,500,500,41f4941,70431,70757,87668,87768,16.911000,17.237000
174,547,547,4223941,87051,87385,100994,101094,13.609000,13.943000
174,1405,1405,457d942,139051,139385,150185,150285,10.800000,11.134000
174,1211,1211,44bb940,157051,157377,166500,166600,9.123000,9.449000
174,849,849,4351941,158051,158385,170742,170842,12.357000,12.691000
174,1962,1962,47aa940,192051,192385,204864,204964,12.479000,12.813000
174,696,696,42b8942,202051,202385,215688,215788,13.303000,13.637000
174,2386,2386,4952943,298051,298385,305742,305842,7.357000,7.691000
174,1039,1039,440f941,318051,318385,331202,331302,12.817000,13.151000
174,1434,1434,459a942,314051,314377,336694,336794,22.317000,22.643000
174,3449,3449,4d79941,344051,344377,353556,353656,9.179000,9.505000
174,4045,4045,4fcd942,351051,351377,366115,366215,14.738000,15.064000
174,3048,3048,4be8942,532051,532385,537171,537271,4.786000,5.120000
174,3342,3342,4d0e943,576051,576385,589267,589367,12.882000,13.216000
174,4144,4144,5030940,590424,590750,604251,604351,13.501000,13.827000
174,3619,3619,4e23942,637051,637377,648981,649081,11.604000,11.930000
174,3744,3744,4ea0941,633051,633377,664975,665075,31.598000,31.924000
174,2844,2844,4b1c942,666051,666377,675782,675882,9.405000,9.731000
174,6308,6308,58a4940,721051,721385,733215,733315,11.830000,12.164000
174,6999,6999,5b57940,808051,808385,817506,817606,9.121000,9.455000
174,10791,10791,6a27942,844051,844385,854832,854932,10.447000,10.781000
174,3986,3986,4f92943,884439,884765,898770,898870,14.005000,14.331000
174,5359,5359,54ef943,910051,910385,921170,921270,10.785000,11.119000
174,8028,8028,5f5c942,1212051,1212385,1221531,1221631,9.146000,9.480000
174,6156,6156,580c943,1232051,1232385,1240587,1240687,8.202000,8.536000
174,9156,9156,63c4941,1278051,1278385,1295265,1295365,16.880000,17.214000
174,6702,6702,5a2e941,1301051,1301385,1313965,1314065,12.580000,12.914000
174,8765,8765,623d943,1410051,1410377,1417717,1417817,7.340000,7.666000
174,8836,8836,6284940,1417051,1417377,1430150,1430250,12.773000,13.099000
174,10299,10299,683b942,1787051,1787377,1796553,1796653,9.176000,9.502000
174,9833,9833,6669941,1829782,1830116,1851109,1851209,20.993000,21.327000
174,10477,10477,68ed943,1857051,1857385,1867339,1867439,9.954000,10.288000
174,10338,10338,6862942,2655051,2655385,2662739,2662839,7.354000,7.688000
175,208,208,40d0943,20051,20385,28684,28784,8.299000,8.633000
175,526,526,420e940,48051,48377,61955,62055,13.578000,13.904000
175,11,11,400b943,84051,84385,103744,103844,19.359000,19.693000
175,1261,1261,44ed941,105051,105385,122296,122396,16.911000,17.245000
175,1406,1406,457e940,185438,185764,194250,194350,8.486000,8.812000
175,1499,1499,45db941,215051,215385,222009,222109,6.624000,6.958000
175,1288,1288,4508942,234051,234377,249304,249404,14.927000,15.253000
175,2494,2494,49be940,248051,248385,255661,255761,7.276000,7.610000
175,1534,1534,45fe941,261051,261385,273279,273379,11.894000,12.228000
175,3392,3392,4d40942,318846,319172,330013,330113,10.841000,11.167000
175,1970,1970,47b2942,341318,341644,355592,355692,13.948000,14.274000
175,3159,3159,4c57941,335051,335377,360922,361022,25.545000,25.871000
175,2466,2466,49a2943,477051,477377,496570,496670,19.193000,19.519000
175,2646,2646,4a56940,609051,609377,620181,620281,10.804000,11.130000
175,4636,4636,521c941,694051,694385,700858,700958,6.473000,6.807000
175,2176,2176,4880943,740051,740385,764476,764576,24.091000,24.425000
175,6473,6473,5949943,766425,766759,780637,780737,13.878000,14.212000
175,4191,4191,505f943,826051,826385,838993,839093,12.608000,12.942000
175,4742,4742,5286940,833051,833377,844467,844567,11.090000,11.416000
175,5719,5719,5657941,868884,869218,894421,894521,25.203000,25.537000
175,6549,6549,5995941,891051,891385,900494,900594,9.109000,9.443000
175,3848,3848,4f08943,904051,904377,927306,927406,22.929000,23.255000
175,6357,6357,58d5941,929051,929377,934991,935091,5.614000,5.940000
175,7022,7022,5b6e941,942831,943165,953110,953210,9.945000,10.279000
175,6453,6453,5935940,1029395,1029721,1045781,1045881,16.060000,16.386000
175,6352,6352,58d0941,1060051,1060377,1077714,1077814,17.337000,17.663000
175,7204,7204,5c24943,1072051,1072385,1090936,1091036,18.551000,18.885000
175,8169,8169,5fe9943,1101439,1101773,1108794,1108894,7.021000,7.355000
175,7824,7824,5e90940,1150051,1150377,1160438,1160538,10.061000,10.387000
175,7519,7519,5d5f940,1178051,1178385,1191734,1191834,13.349000,13.683000
175,5527,5527,5597943,1213431,1213757,1221122,1221222,7.365000,7.691000
175,7805,7805,5e7d942,1293410,1293736,1298467,1298567,4.731000,5.057000
175,6556,6556,599c943,1313051,1313377,1324327,1324427,10.950000,11.276000
175,7813,7813,5e85941,1322051,1322385,1332349,1332449,9.964000,10.298000
175,8377,8377,60b9942,1340051,1340377,1345932,1346032,5.555000,5.881000
175,8218,8218,601a940,1350051,1350377,1357780,1357880,7.403000,7.729000
175,8561,8561,6171942,1380051,1380385,1385965,1386065,5.580000,5.914000
175,9939,9939,66d3943,1579051,1579377,1591082,1591182,11.705000,12.031000
175,5890,5890,5702942,1628051,1628385,1638468,1638568,10.083000,10.417000
175,9260,9260,642c940,1675051,1675385,1695915,1696015,20.530000,20.864000
175,9191,9191,63e7941,1711051,1711377,1717917,1718017,6.540000,6.866000
175,10793,10793,6a29943,1767051,1767377,1775589,1775689,8.212000,8.538000
175,8549,8549,6165942,1763051,1763377,1780694,1780794,17.317000,17.643000
175,10594,10594,6962942,1765051,1765385,1787186,1787286,21.801000,22.135000
175,10369,10369,6881941,1842051,1842377,1852384,1852484,10.007000,10.333000
175,10872,10872,6a78943,1872051,1872377,1880562,1880662,8.185000,8.511000
175,9411,9411,64c3942,2382410,2382736,2390943,2391043,8.207000,8.533000
176,192,192,40c0942,57051,57377,65745,65845,8.368000,8.694000
176,141,141,408d940,56051,56377,71781,71881,15.404000,15.730000
176,1290,1290,450a943,96051,96377,115833,115933,19.456000,19.782000
176,1987,1987,47c3943,158051,158377,189275,189375,30.898000,31.224000
176,1652,1652,4674941,208051,208377,217334,217434,8.957000,9.283000
176,656,656,4290943,218051,218377,227542,227642,9.165000,9.491000
176,2163,2163,4873943,225051,225377,239604,239704,14.227000,14.553000
176,610,610,4262943,235479,235805,253970,254070,18.165000,18.491000
176,1500,1500,45dc942,242051,242377,258137,258237,15.760000,16.086000
176,3072,3072,4c00941,271051,271377,276929,277029,5.552000,5.878000
176,1775,1775,46ef942,292051,292385,304927,305027,12.542000,12.876000
176,2126,2126,484e942,337051,337377,343844,343944,6.467000,6.793000
176,3413,3413,4d55940,461051,461377,471440,471540,10.063000,10.389000
176,5133,5133,540d942,515050,515377,530494,530594,15.117000,15.444000
176,4381,4381,511d940,724051,724385,729057,729157,4.672000,5.006000
176,2887,2887,4b47943,728051,728385,744647,744747,16.262000,16.596000
176,4718,4718,526e941,724051,724385,758700,758800,34.315000,34.649000
176,5462,5462,5556943,779051,779385,794679,794779,15.294000,15.628000
176,6382,6382,58ee941,796051,796377,816667,816767,20.290000,20.616000
176,7909,7909,5ee5942,844051,844377,854391,854491,10.014000,10.340000
176,7247,7247,5c4f942,996051,996385,1005560,1005660,9.175000,9.509000
176,7726,7726,5e2e941,990051,990385,1017826,1017926,27.441000,27.775000
176,8153,8153,5fd9941,1056051,1056385,1064673,1064773,8.288000,8.622000
176,4498,4498,5192941,1116051,1116377,1123726,1123826,7.349000,7.675000
176,7240,7240,5c48941,1182730,1183064,1187829,1187929,4.765000,5.099000
176,3821,3821,4eed943,1177051,1177385,1192022,1192122,14.637000,14.971000
176,8945,8945,62f1943,1199051,1199385,1212863,1212963,13.478000,13.812000
176,8370,8370,60b2943,1207051,1207377,1218326,1218426,10.949000,11.275000
176,6412,6412,590c943,1229409,1229743,1246196,1246296,16.453000,16.787000
176,5767,5767,5687941,1280051,1280377,1290386,1290486,10.009000,10.335000
176,7055,7055,5b8f941,1302051,1302385,1333289,1333389,30.904000,31.238000
176,6611,6611,59d3940,1481051,1481377,1486084,1486184,4.707000,5.033000
176,9819,9819,665b943,1501425,1501759,1508317,1508417,6.558000,6.892000
176,8347,8347,609b940,1559051,1559385,1567677,1567777,8.292000,8.626000
176,10530,10530,6922943,1563418,1563752,1580503,1580603,16.751000,17.085000
176,9382,9382,64a6940,1687051,1687377,1695706,1695806,8.329000,8.655000
176,8661,8661,61d5940,1700051,1700377,1709523,1709623,9.146000,9.472000
176,9420,9420,64cc940,1780051,1780377,1787844,1787944,7.467000,7.793000
176,10672,10672,69b0943,1977051,1977385,1985679,1985779,8.294000,8.628000
176,9306,9306,645a942,2132424,2132750,2149976,2150076,17.226000,17.552000
177,631,631,4277943,43051,43377,67342,67442,23.965000,24.291000
177,935,935,43a7942,75051,75377,81851,81951,6.474000,6.800000
177,487,487,41e7943,106799,107125,127402,127502,20.277000,20.603000
177,726,726,42d6940,162051,162385,170646,170746,8.261000,8.595000
177,896,896,4380941,208051,208377,221114,221214,12.737000,13.063000
177,918,918,4396942,271051,271377,278804,278904,7.427000,7.753000
177,1136,1136,4470943,325051,325377,353036,353136,27.659000,27.985000
177,2356,2356,4934940,341051,341377,358403,358503,17.026000,17.352000
177,559,559,422f941,343051,343377,362626,362726,19.249000,19.575000
177,1051,1051,441b941,372051,372385,386839,386939,14.454000,14.788000
177,4049,4049,4fd1943,405051,405385,412748,412848,7.363000,7.697000
177,1698,1698,46a2942,458051,458385,463964,464064,5.579000,5.913000
177,2345,2345,4929942,471051,471377,483149,483249,11.772000,12.098000
177,3533,3533,4dcd941,500051,500385,505099,505199,4.714000,5.048000
177,4695,4695,5257943,517395,517728,530538,530638,12.810000,13.143000
177,2456,2456,4998940,534051,534377,539089,539189,4.712000,5.038000
177,3028,3028,4bd4942,534051,534385,546838,546938,12.453000,12.787000
177,3452,3452,4d7c941,570051,570377,596937,597037,26.560000,26.886000
177,1950,1950,479e942,616051,616377,621985,622085,5.608000,5.934000
177,2742,2742,4ab6943,631051,631385,640500,640600,9.115000,9.449000
177,2058,2058,480a941,640679,641013,658273,658373,17.260000,17.594000
177,5291,5291,54ab942,666051,666385,671963,672063,5.578000,5.912000
177,5691,5691,563b943,680439,680765,690900,691000,10.135000,10.461000
177,4898,4898,5322943,777051,777377,796854,796954,19.477000,19.803000
177,4522,4522,51aa942,793051,793377,801057,801157,7.680000,8.006000
177,6035,6035,5793943,794051,794385,813162,813262,18.777000,19.111000
177,4932,4932,5344941,813051,813385,823999,824099,10.614000,10.948000
177,8483,8483,6123942,826051,826385,837409,837509,11.024000,11.358000
177,4503,4503,5197941,943051,943385,956380,956480,12.995000,13.329000
177,5385,5385,5509940,962051,962385,970702,970802,8.317000,8.651000
177,6397,6397,58fd941,973051,973385,983689,983789,10.304000,10.638000
177,6825,6825,5aa9941,988416,988750,994347,994447,5.597000,5.931000
177,3911,3911,4f47940,1029051,1029377,1035046,1035146,5.669000,5.995000
177,6288,6288,5890941,1119051,1119385,1126779,1126879,7.394000,7.728000
177,8575,8575,617f940,1136051,1136377,1143805,1143905,7.428000,7.754000
177,5209,5209,5459940,1186051,1186377,1192016,1192116,5.639000,5.965000
177,7567,7567,5d8f941,1201051,1201385,1213594,1213694,12.209000,12.543000
177,9250,9250,6422943,1216051,1216377,1232228,1232328,15.851000,16.177000
177,6264,6264,5878940,1283051,1283385,1299099,1299199,15.714000,16.048000
177,6663,6663,5a07940,1311051,1311385,1320489,1320589,9.104000,9.438000
177,6449,6449,5931942,1338051,1338377,1353812,1353912,15.435000,15.761000
177,7633,7633,5dd1942,1394051,1394385,1399976,1400076,5.591000,5.925000
177,7647,7647,5ddf942,1469051,1469377,1474942,1475042,5.565000,5.891000
177,9963,9963,66eb942,1496051,1496377,1501084,1501184,4.707000,5.033000
177,10691,10691,69c3943,1509051,1509385,1519448,1519548,10.063000,10.397000
177,5475,5475,5563943,1544051,1544385,1556224,1556324,11.839000,12.173000
177,9974,9974,66f6942,1578051,1578385,1592988,1593088,14.603000,14.937000
177,6070,6070,57b6940,1610051,1610377,1624048,1624148,13.671000,13.997000
177,8058,8058,5f7a942,1670051,1670377,1677844,1677944,7.467000,7.793000
177,10397,10397,689d942,1832051,1832385,1843374,1843474,10.989000,11.323000
177,9374,9374,649e943,1871051,1871385,1879659,1879759,8.274000,8.608000
177,7428,7428,5d04943,1942051,1942385,1957769,1957869,15.384000,15.718000
177,7967,7967,5f1f943,2377051,2377377,2389278,2389378,11.901000,12.227000
178,704,704,42c0942,79051,79385,85856,85956,6.471000,6.805000
178,268,268,410c940,89203,89529,96042,96142,6.513000,6.839000
178,625,625,4271943,108051,108377,121225,121325,12.848000,13.174000
178,20,20,4014942,162051,162385,167096,167196,4.711000,5.045000
178,1972,1972,47b4943,181409,181743,193727,193827,11.984000,12.318000
178,2355,2355,4933941,334051,334377,341687,341787,7.310000,7.636000
178,1468,1468,45bc940,361416,361750,380123,380223,18.373000,18.707000
178,4465,4465,5171940,500051,500385,512233,512333,11.848000,12.182000
178,2982,2982,4ba6940,554051,554385,561749,561849,7.364000,7.698000
178,4771,4771,52a3940,642438,642764,651917,652017,9.153000,9.479000
178,4094,4094,4ffe940,709824,710150,717507,717607,7.357000,7.683000
178,4371,4371,5113940,718051,718377,725707,725807,7.330000,7.656000
178,5590,5590,55d6942,757051,757377,762097,762197,4.720000,5.046000
178,7013,7013,5b65943,915051,915377,925039,925139,9.662000,9.988000
178,7050,7050,5b8a943,933051,933385,941618,941718,8.233000,8.567000
178,3114,3114,4c2a943,932051,932377,945846,945946,13.469000,13.795000
178,4864,4864,5300943,969051,969377,975539,975639,6.162000,6.488000
178,4516,4516,51a4941,987051,987385,994740,994840,7.355000,7.689000
178,4814,4814,52ce941,1016051,1016385,1022939,1023039,6.554000,6.888000
178,3689,3689,4e69943,1025051,1025385,1033670,1033770,8.285000,8.619000
178,4894,4894,531e940,1033051,1033377,1044089,1044189,10.712000,11.038000
178,7782,7782,5e66942,1062409,1062743,1079027,1079127,16.284000,16.618000
178,6638,6638,59ee942,1105094,1105428,1118487,1118587,13.059000,13.393000
178,7950,7950,5f0e940,1120051,1120385,1126871,1126971,6.486000,6.820000
178,6921,6921,5b09942,1263051,1263385,1270791,1270891,7.406000,7.740000
178,7259,7259,5c5b943,1265051,1265377,1275462,1275562,10.085000,10.411000
178,7344,7344,5cb0942,1285051,1285377,1290691,1290791,5.314000,5.640000
178,7988,7988,5f34941,1285051,1285385,1296015,1296115,10.630000,10.964000
178,9389,9389,64ad943,1316051,1316385,1325518,1325618,9.133000,9.467000
178,10203,10203,67db943,1360051,1360385,1365960,1366060,5.575000,5.909000
178,5435,5435,553b940,1367051,1367377,1373862,1373962,6.485000,6.811000
178,6504,6504,5968940,1387051,1387385,1395600,1395700,8.215000,8.549000
178,7216,7216,5c30940,1407051,1407385,1428754,1428854,21.369000,21.703000
178,9319,9319,6467940,1435051,1435377,1440991,1441091,5.614000,5.940000
178,8428,8428,60ec941,1472051,1472377,1477120,1477220,4.743000,5.069000
178,10180,10180,67c4942,1530051,1530385,1540348,1540448,9.963000,10.297000
178,10735,10735,69ef941,1587051,1587385,1600004,1600104,12.619000,12.953000
178,9131,9131,63ab942,1742051,1742385,1749064,1749164,6.679000,7.013000
178,9706,9706,65ea940,1763051,1763385,1771468,1771568,8.083000,8.417000
178,7577,7577,5d99940,1814051,1814377,1820835,1820935,6.458000,6.784000
178,10959,10959,6acf941,1820051,1820385,1831347,1831447,10.962000,11.296000
179,1156,1156,4484942,100303,100637,108888,108988,8.251000,8.585000
179,300,300,412c940,121114,121448,136672,136772,15.224000,15.558000
179,1793,1793,4701941,194051,194385,200856,200956,6.471000,6.805000
179,1384,1384,4568943,192051,192377,206201,206301,13.824000,14.150000
179,1334,1334,4536943,239051,239377,251293,251393,11.916000,12.242000
179,1338,1338,453a941,267051,267377,280087,280187,12.710000,13.036000
179,416,416,41a0940,276051,276377,291032,291132,14.655000,14.981000
179,920,920,4398941,326051,326377,333227,333327,6.850000,7.176000
179,1360,1360,4550940,335051,335377,340996,341096,5.619000,5.945000
179,5005,5005,538d940,343051,343385,364199,364299,20.814000,21.148000
179,1852,1852,473c940,382051,382377,392362,392462,9.985000,10.311000
179,3678,3678,4e5e942,464051,464377,478441,478541,14.064000,14.390000
179,1932,1932,478c940,505051,505385,517826,517925,12.441000,12.775000
179,4905,4905,5329942,522050,522385,529803,529903,7.418000,7.753000
179,2351,2351,492f943,519050,519377,535196,535296,15.819000,16.146000
179,2867,2867,4b33940,541051,541377,554630,554730,13.253000,13.579000
179,3226,3226,4c9a943,610051,610385,634703,634803,24.318000,24.652000
179,6029,6029,578d941,631051,631385,638874,638974,7.489000,7.823000
179,5034,5034,53aa940,731416,731742,750836,750936,19.094000,19.420000
179,4820,4820,52d4941,743051,743377,755008,755108,11.631000,11.957000
179,2978,2978,4ba2943,777051,777385,782144,782244,4.759000,5.093000
179,5261,5261,548d940,821051,821385,830972,831072,9.587000,9.921000
179,4816,4816,52d0941,826051,826385,838358,838458,11.973000,12.307000
179,4972,4972,536c941,834051,834377,843464,843564,9.087000,9.413000
179,5020,5020,539c942,847051,847385,854746,854846,7.361000,7.695000
179,4735,4735,527f943,854051,854377,871192,871292,16.815000,17.141000
179,6894,6894,5aee940,862051,862377,876635,876735,14.258000,14.584000
179,6547,6547,5993940,864051,864377,882113,882213,17.736000,18.062000
179,6712,6712,5a38941,912782,913116,926157,926257,13.041000,13.375000
179,4677,4677,5245941,932051,932385,940029,940129,7.644000,7.978000
179,6423,6423,5917942,973051,973377,987311,987411,13.934000,14.260000
179,5413,5413,5525942,1070051,1070377,1080387,1080487,10.010000,10.336000
179,8157,8157,5fdd943,1140455,1140789,1150846,1150946,10.057000,10.391000
179,6073,6073,57b9940,1194051,1194377,1200834,1200934,6.457000,6.783000
179,5839,5839,56cf943,1274051,1274377,1286409,1286509,12.032000,12.358000
179,9962,9962,66ea942,1434051,1434385,1441982,1442082,7.597000,7.931000
179,7517,7517,5d5d941,1439051,1439385,1448180,1448280,8.795000,9.129000
179,9755,9755,661b943,1458051,1458385,1465746,1465846,7.361000,7.695000
179,9242,9242,641a942,1518051,1518385,1526652,1526752,8.267000,8.601000
179,8942,8942,62ee942,1560051,1560385,1566006,1566106,5.621000,5.955000
179,7283,7283,5c73940,1572446,1572780,1580266,1580366,7.486000,7.820000
179,7178,7178,5c0a941,1676051,1676377,1689914,1690014,13.537000,13.863000
179,10308,10308,6844942,1746051,1746385,1754618,1754718,8.233000,8.567000
179,9047,9047,6357941,1743051,1743377,1760081,1760181,16.704000,17.030000
179,10679,10679,69b7941,1994051,1994377,2015827,2015927,21.450000,21.776000
179,10522,10522,691a943,2134051,2134377,2141722,2141822,7.345000,7.671000
179,9482,9482,650a943,2228402,2228736,2234406,2234506,5.670000,6.004000
180,894,894,437e941,109051,109377,118567,118667,9.190000,9.516000
180,369,369,4171942,126051,126377,132870,132970,6.493000,6.819000
180,1977,1977,47b9942,211051,211377,219676,219776,8.299000,8.625000
180,1188,1188,44a4941,257051,257376,263864,263964,6.488000,6.813000
180,2721,2721,4aa1942,325051,325385,334493,334593,9.108000,9.442000
180,1424,1424,4590943,333051,333385,342554,342654,9.169000,9.503000
180,1520,1520,45f0940,335051,335377,348089,348189,12.712000,13.038000
180,4268,4268,50ac943,477051,477377,483821,483921,6.444000,6.770000
180,2713,2713,4a99942,476051,476377,489262,489362,12.885000,13.211000
180,2676,2676,4a74942,476395,476729,494721,494821,17.992000,18.326000
180,2184,2184,4888941,576051,576385,583803,583903,7.418000,7.752000
180,4374,4374,5116941,711051,711377,721408,721508,10.031000,10.357000
180,3598,3598,4e0e942,782051,782385,789799,789899,7.414000,7.748000
180,3517,3517,4dbd942,787051,787385,799989,800089,12.604000,12.938000
180,4991,4991,537f941,796051,796385,811087,811187,14.702000,15.036000
180,6096,6096,57d0943,801673,801999,816588,816688,14.589000,14.915000
180,5202,5202,5452940,916051,916385,925264,925364,8.879000,9.213000
180,4989,4989,537d940,956051,956377,961629,961729,5.252000,5.578000
180,4156,4156,503c941,981051,981377,987015,987115,5.638000,5.964000
180,4385,4385,5121942,1014051,1014377,1023432,1023532,9.055000,9.381000
180,7408,7408,5cf0941,1089051,1089377,1097586,1097686,8.209000,8.535000
180,5682,5682,5632941,1168051,1168377,1174841,1174941,6.464000,6.790000
180,7492,7492,5d44942,1197051,1197377,1204753,1204853,7.376000,7.702000
180,8801,8801,6261943,1268051,1268385,1278654,1278754,10.269000,10.603000
180,8996,8996,6324943,1295051,1295377,1303672,1303772,8.295000,8.621000
180,8667,8667,61db943,1311051,1311377,1322441,1322541,11.064000,11.390000
180,7471,7471,5d2f941,1326051,1326377,1332847,1332947,6.470000,6.796000
180,7933,7933,5efd943,1373051,1373377,1379923,1380023,6.546000,6.872000
180,10885,10885,6a85941,1374051,1374377,1385405,1385505,11.028000,11.354000
180,7431,7431,5d07940,1430051,1430377,1439235,1439335,8.858000,9.184000
180,8479,8479,611f942,1509051,1509385,1516822,1516922,7.437000,7.771000
180,8741,8741,6225942,1606051,1606385,1615475,1615575,9.090000,9.424000
180,9139,9139,63b3940,1674051,1674385,1682944,1683044,8.559000,8.893000
180,9687,9687,65d7940,1739849,1740175,1748565,1748665,8.390000,8.716000
180,10755,10755,6a03942,1818051,1818385,1827504,1827604,9.119000,9.453000
180,9948,9948,66dc942,1825051,1825385,1832779,1832879,7.394000,7.728000
180,10742,10742,69f6943,1826051,1826385,1838292,1838392,11.907000,12.241000
180,10609,10609,6971943,1875051,1875385,1883655,1883755,8.270000,8.604000
180,10769,10769,6a11943,1904051,1904377,1912649,1912749,8.272000,8.598000
180,9328,9328,6470943,2674453,2674779,2684056,2684156,9.277000,9.603000
181,734,734,42de943,81051,81385,92072,92172,10.687000,11.021000
181,129,129,4081942,105051,105385,116379,116479,10.994000,11.328000
181,803,803,4323940,151051,151377,162324,162424,10.947000,11.273000
181,1208,1208,44b8941,159160,159494,177452,177552,17.958000,18.292000
181,1318,1318,4526942,175051,175385,185298,185398,9.913000,10.247000
181,1873,1873,4751942,260051,260385,266825,266925,6.440000,6.774000
181,2765,2765,4acd943,260410,260736,272522,272622,11.786000,12.112000
181,788,788,4314940,298857,299183,307389,307489,8.206000,8.532000
181,2132,2132,4854940,310051,310385,321377,321477,10.992000,11.326000
181,1796,1796,4704942,346051,346377,352899,352999,6.522000,6.848000
181,1120,1120,4460942,368051,368377,380244,380344,11.867000,12.193000
181,2157,2157,486d940,410051,410377,424677,424777,14.300000,14.626000
181,3198,3198,4c7e942,495051,495377,513466,513566,18.089000,18.415000
181,4824,4824,52d8943,521050,521385,528692,528792,7.307000,7.642000
181,2006,2006,47d6941,510051,510377,532908,533008,22.531000,22.857000
181,4411,4411,513b940,525051,525385,538327,538427,12.942000,13.276000
181,3459,3459,4d83941,564051,564385,575200,575300,10.815000,11.149000
181,4993,4993,5381943,596051,596385,603976,604076,7.591000,7.925000
181,6032,6032,5790942,614051,614377,620015,620115,5.638000,5.964000
181,2841,2841,4b19942,612051,612385,635854,635954,23.469000,23.803000
181,2989,2989,4bad943,641051,641377,650803,650903,9.426000,9.752000
181,5283,5283,54a3942,645051,645377,656127,656227,10.750000,11.076000
181,3543,3543,4dd7941,655051,655377,668131,668231,12.754000,13.080000
181,4399,4399,512f943,671409,671743,680020,680120,8.277000,8.611000
181,2914,2914,4b62941,726051,726377,733671,733771,7.294000,7.620000
181,4298,4298,50ca943,742051,742377,750664,750764,8.287000,8.613000
181,5485,5485,556d942,770051,770385,780377,780477,9.992000,10.326000
181,6075,6075,57bb943,857051,857385,864732,864832,7.347000,7.681000
181,5671,5671,5627943,870051,870385,883912,884012,13.527000,13.861000
181,6417,6417,5911940,923051,923377,931637,931737,8.260000,8.586000
181,5868,5868,56ec942,937051,937377,945657,945757,8.280000,8.606000
181,8040,8040,5f68943,951410,951736,960979,961079,9.243000,9.569000
181,3674,3674,4e5a943,958051,958377,965212,965312,6.835000,7.161000
181,7293,7293,5c7d940,988051,988377,1009647,1009747,21.270000,21.596000
181,9557,9557,6555940,1136051,1136385,1144632,1144732,8.247000,8.581000
181,6785,6785,5a81941,1270051,1270385,1290664,1290764,20.279000,20.613000
181,9275,9275,643b940,1292051,1292377,1302418,1302518,10.041000,10.367000
181,7943,7943,5f07943,1295051,1295385,1306945,1307045,11.560000,11.894000
181,7573,7573,5d95942,1342051,1342385,1351608,1351708,9.223000,9.557000
181,8916,8916,62d4941,1411051,1411385,1417824,1417924,6.439000,6.773000
181,6345,6345,58c9943,1441051,1441377,1446980,1447080,5.603000,5.929000
181,9493,9493,6515942,1523416,1523742,1539198,1539298,15.456000,15.782000
181,8769,8769,6241940,1546051,1546377,1558429,1558529,12.052000,12.378000
181,9989,9989,6705942,1604051,1604377,1611826,1611926,7.449000,7.775000
181,7978,7978,5f2a942,1614051,1614377,1625843,1625943,11.466000,11.792000
181,10508,10508,690c940,1607730,1608064,1641017,1641117,32.953000,33.287000
181,8699,8699,61fb941,1666051,1666377,1671142,1671242,4.765000,5.091000
181,8935,8935,62e7940,1690051,1690377,1695066,1695166,4.689000,5.015000
181,6438,6438,5926940,1726051,1726377,1733711,1733811,7.334000,7.660000
181,8411,8411,60db940,1849051,1849385,1861096,1861196,11.711000,12.045000
181,10097,10097,6771941,1953051,1953377,1959925,1960025,6.548000,6.874000
181,10613,10613,6975940,1995051,1995377,2000105,2000205,4.728000,5.054000
182,1251,1251,44e3940,181051,181377,192145,192245,10.768000,11.094000
182,1139,1139,4473942,173051,173385,201780,201880,28.395000,28.729000
182,1369,1369,4559943,201051,201385,207100,207200,5.715000,6.049000
182,570,570,423a942,201177,201503,211290,211390,9.787000,10.113000
182,1571,1571,4623942,232051,232377,246085,246185,13.708000,14.034000
182,1086,1086,443e940,235051,235385,251556,251656,16.171000,16.505000
182,693,693,42b5940,262051,262385,271486,271586,9.101000,9.435000
182,2026,2026,47ea941,256051,256376,280708,280808,24.332000,24.657000
182,3214,3214,4c8e943,295051,295377,301007,301107,5.630000,5.956000
182,4501,4501,5195943,311051,311377,316985,317085,5.608000,5.934000
182,2054,2054,4806942,311051,311385,327785,327885,16.400000,16.734000
182,2819,2819,4b03940,337051,337385,347084,347184,9.699000,10.033000
182,1559,1559,4617942,422051,422377,433193,433293,10.816000,11.142000
182,2894,2894,4b4e941,472051,472377,483237,483337,10.860000,11.186000
182,4780,4780,52ac943,501051,501377,509596,509696,8.219000,8.545000
182,2367,2367,493f943,504051,504377,515055,515155,10.678000,11.004000
182,2912,2912,4b60942,508051,508385,520545,520645,12.160000,12.494000
182,3563,3563,4deb941,516050,516377,525869,525969,9.492000,9.819000
182,3440,3440,4d70941,527051,527385,542753,542853,15.368000,15.702000
182,5949,5949,573d940,580051,580377,591652,591752,11.275000,11.601000
182,5327,5327,54cf942,605416,605742,616716,616816,10.974000,11.300000
182,2128,2128,4850941,615051,615385,623583,623683,8.198000,8.532000
182,3646,3646,4e3e940,620051,620377,637990,638090,17.613000,17.939000
182,3926,3926,4f56940,654416,654742,669626,669726,14.884000,15.210000
182,2328,2328,4918943,656051,656377,673825,673925,17.448000,17.774000
182,4084,4084,4ff4940,660051,660385,679170,679270,18.785000,19.119000
182,5001,5001,5389940,732051,732377,746234,746334,13.857000,14.183000
182,7131,7131,5bdb942,802051,802385,807940,808040,5.555000,5.889000
182,5921,5921,5721940,836849,837175,850583,850683,13.408000,13.734000
182,5806,5806,56ae940,887051,887377,902297,902397,14.920000,15.246000
182,6323,6323,58b3941,898051,898385,908320,908420,9.935000,10.269000
182,4885,4885,5315940,1037051,1037377,1045580,1045681,8.203000,8.529000
182,6837,6837,5ab5942,1025051,1025377,1049780,1049880,24.403000,24.729000
182,5278,5278,549e941,1066883,1067217,1072849,1072949,5.632000,5.966000
182,8222,8222,601e940,1102051,1102385,1113365,1113465,10.980000,11.314000
182,9714,9714,65f2940,1149051,1149377,1158432,1158532,9.055000,9.381000
182,9373,9373,649d940,1228051,1228385,1240241,1240341,11.856000,12.190000
182,9534,9534,653e940,1309051,1309377,1320332,1320432,10.955000,11.281000
182,9099,9099,638b942,1321051,1321385,1330534,1330634,9.149000,9.483000
182,7964,7964,5f1c943,1332051,1332377,1340569,1340669,8.192000,8.518000
182,8424,8424,60e8942,1350051,1350377,1360511,1360611,10.134000,10.460000
182,8638,8638,61be943,1351051,1351377,1364753,1364853,13.376000,13.702000
182,9113,9113,6399943,1367051,1367385,1375677,1375777,8.292000,8.626000
182,8737,8737,6221940,1483051,1483385,1493372,1493472,9.987000,10.321000
182,10868,10868,6a74940,1487051,1487377,1498764,1498864,11.387000,11.713000
182,8158,8158,5fde941,1499051,1499377,1509369,1509469,9.992000,10.318000
182,9570,9570,6562941,1555051,1555385,1562747,1562847,7.362000,7.696000
182,9885,9885,669d940,1594051,1594377,1602670,1602770,8.293000,8.619000
182,8559,8559,616f940,1644051,1644385,1649961,1650061,5.576000,5.910000
182,10283,10283,682b942,1770051,1770377,1776906,1777006,6.529000,6.855000
182,9923,9923,66c3942,1772051,1772385,1781073,1781173,8.688000,9.022000
182,10129,10129,6791943,2106051,2106385,2119972,2120072,13.587000,13.921000
183,409,409,4199942,130051,130384,137705,137805,7.321000,7.654000
183,964,964,43c4942,138051,138385,144941,145041,6.556000,6.890000
183,180,180,40b4941,174051,174377,208182,208282,33.805000,34.131000
183,2276,2276,48e4941,220051,220377,229483,229583,9.106000,9.432000
183,2028,2028,47ec940,325051,325385,333603,333703,8.218000,8.552000
183,3126,3126,4c36941,375051,375377,381879,381979,6.502000,6.828000
183,1185,1185,44a1943,386051,386377,398338,398438,11.961000,12.287000
183,1900,1900,476c940,443051,443385,450738,450838,7.353000,7.687000
183,1833,1833,4729941,469051,469377,478527,478627,9.150000,9.476000
183,4942,4942,534e942,484051,484385,491822,491922,7.437000,7.771000
183,1951,1951,479f943,512050,512385,520718,520818,8.333000,8.668000
183,2069,2069,4815941,517050,517377,527281,527381,9.904000,10.231000
183,3585,3585,4e01942,520439,520773,538660,538760,17.887000,18.221000
183,3189,3189,4c75941,525051,525385,549262,549362,23.877000,24.211000
183,3852,3852,4f0c940,649051,649385,659376,659476,9.991000,10.325000
183,3113,3113,4c29941,735051,735385,748149,748249,12.764000,13.098000
183,4509,4509,519d940,910051,910385,919863,919963,9.478000,9.812000
183,5242,5242,547a940,1067051,1067385,1079146,1079246,11.761000,12.095000
183,7665,7665,5df1942,1202446,1202780,1212829,1212929,10.049000,10.383000
183,9886,9886,669e942,1235051,1235385,1241028,1241128,5.643000,5.977000
183,9172,9172,63d4942,1347051,1347377,1361691,1361791,14.314000,14.640000
183,9308,9308,645c942,1424051,1424385,1431726,1431826,7.341000,7.675000
183,5492,5492,5574940,1451051,1451385,1465769,1465869,14.384000,14.718000
183,10185,10185,67c9943,1483051,1483377,1494182,1494282,10.805000,11.131000
183,9272,9272,6438943,1498051,1498385,1504834,1504934,6.449000,6.783000
183,9326,9326,646e941,1530051,1530377,1538609,1538709,8.232000,8.558000
183,10608,10608,6970942,1599051,1599377,1607916,1608016,8.539000,8.865000
183,9977,9977,66f9942,1608051,1608385,1613083,1613183,4.698000,5.032000
183,9055,9055,635f940,1620051,1620377,1635362,1635462,14.985000,15.311000
183,9769,9769,6629941,1624051,1624385,1640649,1640749,16.264000,16.598000
183,8691,8691,61f3941,1684051,1684377,1696998,1697098,12.621000,12.947000
183,8405,8405,60d5941,1808051,1808385,1820156,1820256,11.771000,12.105000
183,9682,9682,65d2940,1960051,1960377,1973846,1973946,13.469000,13.795000
183,7409,7409,5cf1943,2196051,2196385,2202901,2203001,6.516000,6.850000
183,10307,10307,6843940,2251051,2251385,2260514,2260614,9.129000,9.463000
183,10496,10496,6900943,2881409,2881743,2888243,2888343,6.500000,6.834000
184,761,761,42f9940,116051,116377,131974,132074,15.597000,15.923000
184,1146,1146,447a940,121051,121377,137381,137481,16.004000,16.330000
184,1880,1880,4758940,172051,172385,179227,179327,6.842000,7.176000
184,1430,1430,4596940,209051,209385,221149,221249,11.764000,12.098000
184,3081,3081,4c09942,308051,308377,328546,328646,20.169000,20.495000
184,1817,1817,4719942,335051,335385,341904,342004,6.519000,6.853000
184,2591,2591,4a1f940,357395,357721,362487,362587,4.766000,5.092000
184,2234,2234,48ba940,362438,362764,368408,368508,5.644000,5.970000
184,3639,3639,4e37941,378051,378377,389814,389914,11.437000,11.763000
184,2564,2564,4a04940,380051,380385,407396,407496,27.011000,27.345000
184,2790,2790,4ae6943,488051,488377,504650,504750,16.273000,16.599000
184,4633,4633,5219942,505966,506292,513699,513799,7.407000,7.733000
184,4005,4005,4fa5941,623051,623377,628988,629088,5.611000,5.937000
184,5815,5815,56b7943,654051,654377,662632,662732,8.255000,8.581000
184,5225,5225,5469943,721051,721377,728759,728859,7.382000,7.708000
184,7827,7827,5e93942,752051,752377,759772,759872,7.395000,7.721000
184,4436,4436,5154941,779051,779385,791250,791350,11.865000,12.199000
184,6299,6299,589b943,842051,842377,849755,849855,7.378000,7.704000
184,5855,5855,56df941,876051,876377,894236,894336,17.859000,18.185000
184,6697,6697,5a29943,884051,884377,898417,898517,14.040000,14.366000
184,6815,6815,5a9f943,882051,882377,903819,903919,21.442000,21.768000
184,9661,9661,65bd940,985051,985385,998171,998271,12.786000,13.120000
184,7188,7188,5c14940,1013051,1013377,1022586,1022686,9.209000,9.535000
184,5299,5299,54b3940,1050051,1050385,1063456,1063556,13.071000,13.405000
184,6745,6745,5a59942,1103051,1103385,1118842,1118942,15.457000,15.791000
184,6612,6612,59d4942,1118051,1118385,1131430,1131530,13.045000,13.379000
184,6291,6291,5893941,1178051,1178385,1184018,1184118,5.633000,5.967000
184,8362,8362,60aa941,1224409,1224743,1235162,1235262,10.419000,10.753000
184,6079,6079,57bf941,1215051,1215385,1240552,1240652,25.167000,25.501000
184,8062,8062,5f7e942,1245051,1245377,1253691,1253791,8.314000,8.640000
184,8430,8430,60ee940,1258051,1258385,1270047,1270147,11.662000,11.996000
184,9164,9164,63cc941,1305051,1305385,1313718,1313818,8.333000,8.667000
184,8215,8215,6017943,1317051,1317385,1330896,1330996,13.511000,13.845000
184,7692,7692,5e0c942,1344051,1344377,1359992,1360092,15.615000,15.941000
184,6981,6981,5b45943,1380402,1380736,1400683,1400783,19.947000,20.281000
184,7085,7085,5bad941,1498051,1498385,1506612,1506712,8.227000,8.561000
184,10471,10471,68e7943,1597051,1597385,1608095,1608195,10.710000,11.044000
184,9851,9851,667b942,1617051,1617385,1626538,1626638,9.153000,9.487000
184,8941,8941,62ed943,1658051,1658385,1669406,1669506,11.021000,11.355000
184,7788,7788,5e6c942,1661051,1661377,1674762,1674862,13.385000,13.711000
184,9489,9489,6511943,1664051,1664385,1680164,1680264,15.779000,16.113000
184,10772,10772,6a14943,1771051,1771385,1782425,1782525,11.040000,11.374000
184,8984,8984,6318940,2219051,2219385,2227652,2227752,8.267000,8.601000
184,8740,8740,6224940,2286051,2286377,2293750,2293850,7.373000,7.699000
185,1098,1098,444a942,44051,44377,56257,56357,11.880000,12.206000
185,152,152,4098941,70051,70385,76061,76161,5.676000,6.010000
185,490,490,41ea940,90051,90385,108112,108212,17.727000,18.061000
185,596,596,4254941,98051,98385,112302,112402,13.917000,14.251000
185,446,446,41be943,131051,131385,139644,139744,8.259000,8.593000
185,1319,1319,4527942,131774,132108,145179,145279,13.071000,13.405000
185,670,670,429e941,171395,171729,178215,178315,6.486000,6.820000
185,2980,2980,4ba4942,193410,193736,204894,204994,11.158000,11.484000
185,1191,1191,44a7942,223051,223385,231308,231408,7.923000,8.257000
185,1043,1043,4413942,263051,263377,277851,277951,14.474000,14.800000
185,771,771,4303941,317051,317385,326543,326643,9.158000,9.492000
185,1542,1542,4606940,357051,357385,363911,364011,6.526000,6.860000
185,1295,1295,450f941,377395,377729,386112,386212,8.383000,8.717000
185,1560,1560,4618942,415051,415377,435953,436053,20.576000,20.902000
185,4071,4071,4fe7941,438051,438385,443952,444052,5.567000,5.901000
185,3698,3698,4e72942,458051,458377,465726,465826,7.349000,7.675000
185,2245,2245,48c5942,473051,473377,484822,484922,11.445000,11.771000
185,4382,4382,511e943,539051,539377,548451,548551,9.074000,9.400000
185,5354,5354,54ea940,599051,599377,606807,606907,7.430000,7.756000
185,3429,3429,4d65942,615051,615385,620123,620223,4.738000,5.072000
185,2799,2799,4aef942,624051,624385,630010,630110,5.625000,5.959000
185,3939,3939,4f63942,654051,654377,666182,666282,11.805000,12.131000
185,2647,2647,4a57940,679051,679385,692286,692386,12.901000,13.235000
185,4997,4997,5385941,706746,707080,716423,716523,9.343000,9.677000
185,8439,8439,60f7940,710051,710377,720610,720710,10.233000,10.559000
185,5259,5259,548b941,725051,725385,730117,730217,4.732000,5.066000
185,3991,3991,4f97941,726051,726377,739031,739131,12.654000,12.980000
185,3667,3667,4e53943,775051,775385,783657,783757,8.272000,8.606000
185,5193,5193,5449941,821051,821385,833844,833944,12.459000,12.793000
185,4281,4281,50b9940,837051,837377,842096,842196,4.719000,5.045000
185,4467,4467,5173943,955051,955377,963648,963748,8.271000,8.597000
185,6160,6160,5810943,979051,979377,987696,987796,8.319000,8.645000
185,6512,6512,5970941,1072051,1072385,1078084,1078184,5.699000,6.033000
185,4645,4645,5225942,1099051,1099385,1108813,1108913,9.428000,9.762000
185,7992,7992,5f38941,1260051,1260377,1268701,1268801,8.324000,8.650000
185,9049,9049,6359941,1268051,1268377,1277515,1277615,9.138000,9.464000
185,8030,8030,5f5e941,1432051,1432377,1437047,1437147,4.670000,4.996000
185,10770,10770,6a12942,1573453,1573779,1579396,1579496,5.617000,5.943000
185,9487,9487,650f943,1789051,1789385,1800820,1800920,11.435000,11.769000
185,10688,10688,69c0942,1889051,1889385,1900407,1900507,11.022000,11.356000
185,9862,9862,6686942,1971051,1971385,1983137,1983237,11.752000,12.086000
185,9856,9856,6680940,2025051,2025385,2031820,2031920,6.435000,6.769000
186,97,97,4061940,30051,30385,37808,37908,7.423000,7.757000
186,443,443,41bb942,42410,42736,52919,53019,10.183000,10.509000
186,3428,3428,4d64943,261424,261758,268172,268272,6.414000,6.748000
186,1159,1159,4487941,273051,273385,299049,299149,25.664000,25.998000
186,1572,1572,4624941,290051,290385,304539,304639,14.154000,14.488000
186,2250,2250,48ca940,367866,368200,375564,375664,7.364000,7.698000
186,1649,1649,4671942,393051,393385,404299,404399,10.914000,11.248000
186,1341,1341,453d942,426051,426377,444038,444138,17.661000,17.987000
186,2248,2248,48c8942,507051,507377,518262,518362,10.885000,11.211000
186,2731,2731,4aab943,582051,582385,589706,589806,7.321000,7.655000
186,2259,2259,48d3940,589051,589385,595849,595949,6.464000,6.798000
186,3704,3704,4e78941,608051,608377,615769,615869,7.392000,7.718000
186,4168,4168,5048941,685264,685590,692958,693058,7.368000,7.694000
186,3835,3835,4efb942,709410,709736,721282,721382,11.546000,11.872000
186,6359,6359,58d7943,732051,732385,752432,752532,20.047000,20.381000
186,4025,4025,4fb9942,790051,790377,797726,797826,7.349000,7.675000
186,6420,6420,5914940,807051,807385,815649,815749,8.264000,8.598000
186,4944,4944,5350941,868051,868377,873956,874056,5.579000,5.905000
186,6772,6772,5a74941,901051,901377,907005,907105,5.628000,5.954000
186,6063,6063,57af943,926051,926385,940273,940373,13.888000,14.222000
186,4664,4664,5238941,1051539,1051865,1056642,1056742,4.777000,5.103000
186,5026,5026,53a2941,1051051,1051377,1060809,1060909,9.432000,9.758000
186,7460,7460,5d24941,1116051,1116385,1123820,1123920,7.435000,7.769000
186,7616,7616,5dc0941,1110453,1110779,1129217,1129317,18.438000,18.764000
186,6481,6481,5951943,1128051,1128377,1134655,1134755,6.278000,6.604000
186,7071,7071,5b9f943,1160051,1160377,1165990,1166090,5.613000,5.939000
186,7317,7317,5c95942,1173051,1173385,1179932,1180032,6.547000,6.881000
186,5972,5972,5754941,1206051,1206385,1212403,1212503,6.018000,6.352000
186,6900,6900,5af4941,1231051,1231385,1237155,1237255,5.770000,6.104000
186,7143,7143,5be7943,1238051,1238385,1246096,1246196,7.711000,8.045000
186,7756,7756,5e4c942,1288051,1288385,1297341,1297441,8.956000,9.290000
186,6691,6691,5a23940,1290051,1290385,1306240,1306340,15.855000,16.189000
186,9129,9129,63a9943,1358051,1358377,1364892,1364992,6.515000,6.841000
186,5481,5481,5569940,1387051,1387385,1393876,1393976,6.491000,6.825000
186,9665,9665,65c1941,1390051,1390377,1398043,1398143,7.666000,7.992000
186,7872,7872,5ec0943,1409051,1409377,1416659,1416759,7.282000,7.608000
186,6606,6606,59ce943,1476051,1476377,1493602,1493702,17.225000,17.551000
186,8024,8024,5f58943,1500051,1500385,1510921,1511021,10.536000,10.870000
186,9844,9844,6674942,1519051,1519377,1528529,1528629,9.152000,9.478000
186,10640,10640,6990942,1586453,1586779,1599633,1599733,12.854000,13.180000
186,9647,9647,65af942,1726051,1726377,1736428,1736528,10.051000,10.377000
186,8747,8747,622b942,1729051,1729385,1740600,1740700,11.215000,11.549000
186,9158,9158,63c6943,1781051,1781377,1788962,1789062,7.585000,7.911000
186,6770,6770,5a72942,1821051,1821385,1826109,1826209,4.724000,5.058000
186,7132,7132,5bdc942,1955051,1955377,1964552,1964652,9.175000,9.501000
186,9636,9636,65a4940,1977051,1977377,1984754,1984854,7.377000,7.703000
187,692,692,42b4943,84051,84385,89125,89225,4.740000,5.074000
187,249,249,40f9943,90051,90385,103871,103971,13.486000,13.820000
187,1291,1291,450b942,161051,161377,168563,168663,7.186000,7.512000
187,2623,2623,4a3f940,373231,373557,381948,382048,8.391000,8.717000
187,2481,2481,49b1943,379051,379385,402456,402556,23.071000,23.405000
187,3791,3791,4ecf943,401051,401377,407847,407947,6.470000,6.796000
187,3217,3217,4c91943,430051,430385,439415,439515,9.030000,9.364000
187,3311,3311,4cef942,475006,475332,486289,486389,10.957000,11.283000
187,4634,4634,521a941,487051,487385,496500,496600,9.115000,9.449000
187,3771,3771,4ebb942,489051,489377,501856,501956,12.479000,12.805000
187,3254,3254,4cb6942,507051,507385,512131,512231,4.746000,5.080000
187,3720,3720,4e88943,550051,550377,560383,560483,10.006000,10.332000
187,3604,3604,4e14941,582051,582385,588921,589021,6.536000,6.870000
187,3275,3275,4ccb941,571051,571377,599781,599881,28.404000,28.730000
187,3815,3815,4ee7942,617660,617994,636322,636422,18.328000,18.662000
187,5818,5818,56ba940,648051,648385,655768,655868,7.383000,7.717000
187,6565,6565,59a5942,694051,694385,708007,708107,13.622000,13.956000
187,6354,6354,58d2941,771051,771377,779358,779458,7.981000,8.307000
187,6009,6009,5779943,852569,852903,859436,859536,6.533000,6.867000
187,4813,4813,52cd941,917051,917385,928764,928864,11.379000,11.713000
187,5206,5206,5456940,950051,950377,958693,958793,8.316000,8.642000
187,6425,6425,5919942,1018051,1018385,1027523,1027624,9.138000,9.472000
187,5286,5286,54a6941,1119051,1119385,1128503,1128603,9.118000,9.452000
187,10845,10845,6a5d940,1323051,1323385,1330757,1330857,7.372000,7.706000
187,6630,6630,59e6941,1326051,1326377,1334975,1335075,8.598000,8.924000
187,9431,9431,64d7943,1326051,1326385,1339154,1339254,12.769000,13.103000
187,9605,9605,6585941,1362051,1362385,1368945,1369045,6.560000,6.894000
187,9817,9817,6659941,1365051,1365377,1373130,1373230,7.753000,8.079000
187,9825,9825,6661943,1445051,1445385,1454509,1454609,9.124000,9.458000
187,9580,9580,656c943,1450439,1450773,1469306,1469406,18.533000,18.867000
187,7695,7695,5e0f942,1487051,1487385,1496579,1496679,9.194000,9.528000
187,9203,9203,63f3940,1643051,1643385,1650828,1650928,7.443000,7.777000
187,10312,10312,6848940,1720051,1720377,1726903,1727003,6.526000,6.852000
187,10375,10375,6887941,1846051,1846385,1852017,1852117,5.632000,5.966000
187,9874,9874,6692943,1913051,1913385,1932385,1932485,19.000000,19.334000
187,10996,10996,6af4941,2114402,2114736,2123017,2123117,8.281000,8.615000
188,248,248,40f8942,43051,43385,62393,62493,19.008000,19.342000
188,474,474,41da940,59051,59377,69426,69526,10.049000,10.375000
188,118,118,4076941,88051,88385,94842,94942,6.457000,6.791000
188,2431,2431,497f940,197051,197377,205618,205718,8.241000,8.567000
188,3244,3244,4cac940,270051,270377,278571,278671,8.194000,8.520000
188,2868,2868,4b34940,285051,285385,305442,305542,20.057000,20.391000
188,2878,2878,4b3e943,312051,312377,319623,319723,7.246000,7.572000
188,1582,1582,462e942,319051,319377,329310,329410,9.933000,10.259000
188,3168,3168,4c60943,329051,329377,336798,336898,7.421000,7.747000
188,2514,2514,49d2940,352051,352385,360667,360767,8.282000,8.616000
188,3301,3301,4ce5940,367051,367385,373823,373923,6.438000,6.772000
188,1023,1023,43ff940,375051,375377,384493,384593,9.116000,9.442000
188,2965,2965,4b95940,415051,415385,424598,424698,9.213000,9.547000
188,1518,1518,45ee941,427051,427377,433875,433975,6.498000,6.824000
188,1456,1456,45b0941,432051,432385,438027,438127,5.642000,5.976000
188,2380,2380,494c942,467051,467377,480529,480629,13.152000,13.478000
188,2110,2110,483e942,480051,480385,491701,491801,11.316000,11.650000
188,3100,3100,4c1c942,614051,614385,620868,620968,6.483000,6.817000
188,4046,4046,4fce941,628409,628743,636084,636184,7.341000,7.675000
188,3873,3873,4f21942,659051,659377,676762,676862,17.385000,17.711000
188,3358,3358,4d1e943,703051,703385,714227,714327,10.842000,11.176000
188,4272,4272,50b0941,754051,754377,760848,760948,6.471000,6.797000
188,5511,5511,5587942,749051,749377,766357,766457,16.980000,17.306000
188,6064,6064,57b0943,782051,782377,794570,794670,12.193000,12.519000
188,4956,4956,535c940,819051,819385,835440,835540,16.055000,16.389000
188,4148,4148,5034943,868051,868385,875762,875862,7.377000,7.711000
188,6280,6280,5888942,948051,948377,954871,954971,6.494000,6.820000
188,4728,4728,5278941,946051,946377,980476,980576,34.099000,34.425000
188,6373,6373,58e5942,970051,970385,985838,985938,15.453000,15.787000
188,6679,6679,5a17943,977051,977385,996722,996822,19.337000,19.671000
188,3578,3578,4dfa940,1007051,1007377,1012144,1012244,4.767000,5.093000
188,6207,6207,583f943,1112051,1112385,1125163,1125263,12.778000,13.112000
188,5238,5238,5476941,1112051,1112377,1129350,1129450,16.973000,17.299000
188,6138,6138,57fa943,1161051,1161377,1170610,1170710,9.233000,9.559000
188,7925,7925,5ef5942,1163409,1163743,1174793,1174893,11.050000,11.384000
188,6026,6026,578a941,1159051,1159377,1181451,1181551,22.074000,22.400000
188,8788,8788,6254941,1215051,1215385,1223666,1223766,8.281000,8.615000
188,7626,7626,5dca940,1235051,1235377,1245346,1245446,9.969000,10.295000
188,6650,6650,59fa940,1265051,1265377,1274557,1274657,9.180000,9.506000
188,7852,7852,5eac943,1281051,1281377,1289601,1289701,8.224000,8.550000
188,9334,9334,6476943,1368051,1368385,1374858,1374958,6.473000,6.807000
188,9785,9785,6639942,1372051,1372377,1379826,1379926,7.449000,7.775000
188,9497,9497,6519941,1378395,1378721,1398218,1398318,19.497000,19.823000
188,6862,6862,5ace941,1417051,1417385,1422111,1422211,4.726000,5.060000
188,7296,7296,5c80942,1548051,1548385,1557524,1557624,9.139000,9.473000
188,10032,10032,6730942,1664051,1664385,1671795,1671895,7.410000,7.744000
188,10154,10154,67aa942,1859051,1859385,1868393,1868493,9.008000,9.342000
188,9412,9412,64c4940,1911051,1911385,1916946,1917046,5.561000,5.895000
188,10182,10182,67c6942,2018051,2018385,2027426,2027526,9.041000,9.375000
188,8774,8774,6246940,2080051,2080377,2085129,2085229,4.752000,5.078000
189,365,365,416d943,61051,61377,68784,68884,7.407000,7.733000
189,786,786,4312943,120051,120385,138497,138597,18.112000,18.446000
189,1484,1484,45cc940,125051,125377,150073,150173,24.696000,25.022000
189,962,962,43c2940,160051,160385,175126,175226,14.741000,15.075000
189,2119,2119,4847943,237051,237377,254697,254797,17.320000,17.646000
189,1060,1060,4424940,302051,302385,314971,315071,12.586000,12.920000
189,4208,4208,5070942,318966,319292,324923,325023,5.631000,5.957000
189,593,593,4251940,354051,354377,378234,378334,23.857000,24.183000
189,1309,1309,451d941,382872,383198,387944,388044,4.746000,5.072000
189,3531,3531,4dcb940,446051,446377,457172,457272,10.795000,11.121000
189,1609,1609,4649943,467051,467377,473012,473112,5.635000,5.961000
189,2464,2464,49a0942,465051,465385,478211,478311,12.826000,13.160000
189,5301,5301,54b5940,484425,484759,493992,494092,9.233000,9.567000
189,3116,3116,4c2c942,515050,515377,522795,522896,7.418000,7.745000
189,2726,2726,4aa6940,536838,537172,560758,560858,23.586000,23.920000
189,1392,1392,4570940,576051,576385,583793,583893,7.408000,7.742000
189,2971,2971,4b9b940,568051,568377,588119,588219,19.742000,20.068000
189,4389,4389,5125942,576051,576385,599033,599133,22.648000,22.982000
189,3817,3817,4ee9943,624196,624530,630988,631088,6.458000,6.792000
189,4384,4384,5120941,623051,623385,636436,636536,13.051000,13.385000
189,2689,2689,4a81941,725051,725385,733111,733211,7.726000,8.060000
189,3073,3073,4c01942,749813,750147,768413,768513,18.266000,18.600000
189,6574,6574,59ae941,885051,885385,894493,894593,9.108000,9.442000
189,5674,5674,562a940,946051,946377,955552,955652,9.175000,9.501000
189,7404,7404,5cec942,1134156,1134490,1141889,1141989,7.399000,7.733000
189,7179,7179,5c0b942,1143051,1143377,1150829,1150929,7.452000,7.778000
189,5956,5956,5744941,1179051,1179377,1185037,1185137,5.660000,5.986000
189,5553,5553,55b1941,1191051,1191385,1204124,1204224,12.739000,13.073000
189,7630,7630,5dce941,1203051,1203385,1208298,1208398,4.913000,5.247000
189,6710,6710,5a36942,1208051,1208385,1215722,1215822,7.337000,7.671000
189,7297,7297,5c81940,1221051,1221385,1232234,1232334,10.849000,11.183000
189,8352,8352,60a0942,1248051,1248385,1257041,1257141,8.656000,8.990000
189,7954,7954,5f12943,1346051,1346385,1351944,1352044,5.559000,5.893000
189,6975,6975,5b3f942,1410051,1410385,1424302,1424402,13.917000,14.251000
189,4683,4683,524b942,1425051,1425377,1436162,1436262,10.785000,11.111000
189,9026,9026,6342942,1433051,1433377,1440390,1440490,7.013000,7.339000
189,9325,9325,646d942,1484051,1484385,1489150,1489250,4.765000,5.099000
189,9910,9910,66b6943,1543051,1543377,1561074,1561174,17.697000,18.023000
189,9504,9504,6520942,1581051,1581385,1588787,1588887,7.402000,7.736000
189,9086,9086,637e943,1769051,1769377,1775030,1775130,5.653000,5.979000
189,8889,8889,62b9941,1770051,1770385,1779220,1779320,8.835000,9.169000
189,7700,7700,5e14940,2063051,2063385,2075090,2075189,11.705000,12.039000
189,9300,9300,6454940,2474051,2474385,2486102,2486202,11.717000,12.051000
189,9343,9343,647f943,2727051,2727385,2739231,2739331,11.846000,12.180000
190,565,565,4235940,35051,35385,41847,41947,6.462000,6.796000
190,124,124,407c943,67051,67385,76097,76197,8.712000,9.046000
190,853,853,4355940,71416,71742,103059,103159,31.317000,31.643000
190,973,973,43cd940,83051,83385,119403,119503,36.018000,36.352000
190,348,348,415c942,99051,99385,123602,123702,24.217000,24.551000
190,729,729,42d9940,122051,122377,137053,137153,14.676000,15.002000
190,205,205,40cd940,196051,196385,204646,204746,8.261000,8.595000
190,1497,1497,45d9941,209051,209377,218510,218610,9.133000,9.459000
190,502,502,41f6941,253051,253377,262485,262585,9.108000,9.434000
190,933,933,43a5943,272051,272377,282415,282515,10.038000,10.364000
190,1164,1164,448c940,380446,380780,395025,395125,14.245000,14.579000
190,4882,4882,5312942,407051,407385,412089,412189,4.704000,5.038000
190,2145,2145,4861940,499051,499385,506684,506784,7.299000,7.633000
190,3211,3211,4c8b941,492051,492377,517497,517597,25.120000,25.446000
190,3957,3957,4f75940,511255,511581,534295,534395,22.714000,23.040000
190,3300,3300,4ce4941,546051,546377,559401,559501,13.024000,13.350000
190,5218,5218,5462941,634051,634377,642583,642683,8.206000,8.532000
190,2877,2877,4b3d940,655051,655385,669542,669642,14.157000,14.491000
190,5328,5328,54d0942,727051,727385,732378,732478,4.993000,5.327000
190,6237,6237,585d940,827416,827742,842193,842293,14.451000,14.777000
190,4875,4875,530b940,901051,901377,916274,916374,14.897000,15.223000
190,7004,7004,5b5c942,973051,973385,985968,986068,12.583000,12.917000
190,7045,7045,5b85941,1023051,1023385,1038887,1038987,15.502000,15.836000
190,6435,6435,5923942,1175051,1175377,1181821,1181921,6.444000,6.770000
190,8070,8070,5f86941,1248331,1248665,1254244,1254344,5.579000,5.913000
190,8936,8936,62e8941,1255051,1255377,1265393,1265493,10.016000,10.342000
190,7654,7654,5de6943,1358051,1358385,1372866,1372966,14.481000,14.815000
190,7984,7984,5f30943,1396051,1396377,1411095,1411195,14.718000,15.044000
190,9179,9179,63db940,1436051,1436377,1448112,1448212,11.735000,12.061000
190,10305,10305,6841941,1444051,1444385,1453458,1453558,9.073000,9.407000
190,9677,9677,65cd942,1631051,1631377,1641362,1641462,9.985000,10.311000
190,8448,8448,6100942,1648051,1648377,1664222,1664322,15.845000,16.171000
190,10065,10065,6751943,1684051,1684377,1694343,1694443,9.966000,10.292000
190,10107,10107,677b942,1827051,1827385,1833827,1833927,6.442000,6.776000
190,8805,8805,6265940,1899425,1899759,1915667,1915767,15.908000,16.242000
190,8335,8335,608f943,2003051,2003385,2019614,2019714,16.229000,16.563000
190,10191,10191,67cf942,2528051,2528385,2536703,2536803,8.318000,8.652000
191,875,875,436b942,53051,53377,59013,59113,5.636000,5.962000
191,859,859,435b941,82493,82827,93662,93762,10.835000,11.169000
191,3492,3492,4da4941,280051,280385,291450,291550,11.065000,11.399000
191,528,528,4210941,307051,307385,315557,315657,8.172000,8.506000
191,3617,3617,4e21941,352051,352385,371561,371661,19.176000,19.510000
191,1144,1144,4478941,394051,394377,403465,403565,9.088000,9.414000
191,3620,3620,4e24940,446051,446377,452864,452964,6.487000,6.813000
191,2818,2818,4b02942,506051,506377,517866,517966,11.489000,11.815000
191,3151,3151,4c4f943,519050,519377,528729,528829,9.352000,9.679000
191,3011,3011,4bc3943,556051,556385,578261,578361,21.876000,22.210000
191,5705,5705,5649940,652051,652385,658879,658979,6.494000,6.828000
191,5256,5256,5488942,722051,722377,735295,735395,12.918000,13.244000
191,5179,5179,543b941,737946,738272,747577,747677,9.305000,9.631000
191,5981,5981,575d941,745051,745385,754465,754565,9.080000,9.414000
191,5424,5424,5530941,731051,731377,758712,758812,27.335000,27.661000
191,4624,4624,5210943,778051,778377,784947,785047,6.570000,6.896000
191,4456,4456,5168941,811051,811377,817930,818030,6.553000,6.879000
191,4329,4329,50e9940,805051,805377,822079,822179,16.702000,17.028000
191,3746,3746,4ea2940,913051,913377,931972,932072,18.595000,18.921000
191,5927,5927,5727943,927051,927385,938988,939088,11.603000,11.937000
191,7203,7203,5c23943,953051,953377,962465,962565,9.088000,9.414000
191,6287,6287,588f942,955051,955377,966633,966733,11.256000,11.582000
191,6042,6042,579a940,966051,966377,977275,977375,10.898000,11.224000
191,5169,5169,5431940,980051,980377,990301,990401,9.924000,10.250000
191,7486,7486,5d3e941,1004051,1004385,1014399,1014499,10.014000,10.348000
191,6018,6018,5782943,1004879,1005205,1018548,1018648,13.343000,13.669000
191,5032,5032,53a8941,1061051,1061385,1073146,1073246,11.761000,12.095000
191,6845,6845,5abd942,1075051,1075377,1086264,1086364,10.887000,11.213000
191,7065,7065,5b99941,1086051,1086377,1097275,1097375,10.898000,11.224000
191,4591,4591,51ef943,1118051,1118385,1131050,1131150,12.665000,12.999000
191,8359,8359,60a7941,1156051,1156377,1163689,1163789,7.312000,7.638000
191,4132,4132,5024943,1146051,1146385,1176590,1176690,30.205000,30.539000
191,8143,8143,5fcf942,1185051,1185377,1190959,1191059,5.582000,5.908000
191,6327,6327,58b7941,1185051,1185377,1196359,1196459,10.982000,11.308000
191,8886,8886,62b6941,1269051,1269377,1302079,1302179,32.702000,33.028000
191,8825,8825,6279942,1338051,1338377,1345794,1345894,7.417000,7.743000
191,6864,6864,5ad0941,1532051,1532385,1559311,1559411,26.926000,27.260000
191,6976,6976,5b40940,1582051,1582377,1599078,1599178,16.701000,17.027000
191,9258,9258,642a941,1792051,1792377,1801523,1801623,9.146000,9.472000
191,9327,9327,646f940,1890051,1890377,1898581,1898681,8.204000,8.530000
191,10117,10117,6785942,2397051,2397385,2411074,2411174,13.689000,14.023000
192,75,75,404b940,55051,55385,65439,65539,10.054000,10.388000
192,889,889,4379940,70051,70385,76366,76466,5.981000,6.315000
192,1157,1157,4485941,99051,99385,109427,109527,10.042000,10.376000
192,561,561,4231941,115051,115377,122668,122768,7.291000,7.617000
192,1244,1244,44dc941,154051,154385,161680,161780,7.295000,7.629000
192,649,649,4289943,176051,176377,184670,184770,8.293000,8.619000
192,811,811,432b941,255051,255385,265222,265322,9.837000,10.171000
192,1603,1603,4643940,359051,359377,372738,372838,13.361000,13.687000
192,3412,3412,4d54941,406051,406377,411973,412073,5.596000,5.922000
192,1522,1522,45f2943,419051,419385,427666,427766,8.281000,8.615000
192,2429,2429,497d942,434051,434377,445766,445866,11.389000,11.715000
192,2936,2936,4b78942,451051,451377,457866,457966,6.489000,6.815000
192,1772,1772,46ec943,509051,509385,525826,525926,16.441000,16.775000
192,2917,2917,4b65940,537051,537377,554478,554578,17.101000,17.427000
192,1619,1619,4653943,549051,549385,560012,560112,10.627000,10.961000
192,3379,3379,4d33941,554051,554377,564197,564297,9.820000,10.146000
192,1718,1718,46b6941,565051,565385,576287,576387,10.902000,11.236000
192,3825,3825,4ef1941,649051,649377,654990,655090,5.613000,5.939000
192,2204,2204,489c941,655051,655377,666327,666427,10.950000,11.276000
192,5558,5558,55b6943,761051,761385,782971,783071,21.586000,21.920000
192,5702,5702,5646943,772051,772377,788456,788556,16.079000,16.405000
192,3340,3340,4d0c942,841051,841377,851489,851589,10.112000,10.438000
192,6215,6215,5847943,885051,885377,905607,905707,20.230000,20.556000
192,5126,5126,5406943,932051,932377,942441,942541,10.064000,10.390000
192,7025,7025,5b71942,920051,920377,953384,953484,33.007000,33.333000
192,7287,7287,5c77941,947051,947377,958802,958902,11.425000,11.751000
192,7668,7668,5df4940,993051,993385,998114,998214,4.729000,5.063000
192,4147,4147,5033941,1010051,1010385,1023066,1023166,12.681000,13.015000
192,6244,6244,5864942,1008051,1008377,1028455,1028555,20.078000,20.404000
192,7092,7092,5bb4942,1057051,1057377,1065666,1065766,8.289000,8.615000
192,4248,4248,5098940,1087051,1087385,1093288,1093388,5.903000,6.237000
192,5549,5549,55ad943,1100051,1100377,1109613,1109713,9.236000,9.562000
192,5935,5935,572f942,1105051,1105377,1113800,1113900,8.423000,8.749000
192,8452,8452,6104942,1109051,1109385,1118604,1118704,9.219000,9.553000
192,9077,9077,6375940,1155051,1155385,1162758,1162858,7.373000,7.707000
192,7946,7946,5f0a940,1164051,1164377,1169124,1169224,4.747000,5.073000
192,7667,7667,5df3941,1206453,1206779,1216892,1216992,10.113000,10.439000
192,7101,7101,5bbd941,1234527,1234853,1248854,1248954,14.001000,14.327000
192,7731,7731,5e33943,1249051,1249385,1262590,1262690,13.205000,13.539000
192,7687,7687,5e07942,1258051,1258377,1268034,1268134,9.657000,9.983000
192,9213,9213,63fd940,1314051,1314385,1327716,1327816,13.331000,13.665000
192,9639,9639,65a7940,1333051,1333377,1349625,1349725,16.248000,16.574000
192,7958,7958,5f16940,1449051,1449377,1454941,1455041,5.564000,5.890000
192,5885,5885,56fd940,1507051,1507377,1516534,1516634,9.157000,9.483000
192,10228,10228,67f4942,1567051,1567377,1579469,1579569,12.092000,12.418000
192,9919,9919,66bf940,1717051,1717377,1727794,1727894,10.417000,10.743000
192,9959,9959,66e7941,1853051,1853377,1859845,1859945,6.468000,6.794000
192,8102,8102,5fa6943,2406051,2406385,2419966,2420066,13.581000,13.915000
193,1555,1555,4613943,144431,144757,154987,155087,10.230000,10.556000
193,1247,1247,44df940,148051,148385,166084,166184,17.699000,18.033000
193,898,898,4382942,182051,182385,205736,205836,23.351000,23.685000
193,1828,1828,4724942,206051,206385,213802,213902,7.417000,7.751000
193,2283,2283,48eb943,209051,209385,220325,220425,10.940000,11.274000
193,1544,1544,4608941,216051,216385,225661,225761,9.276000,9.610000
193,1601,1601,4641941,226036,226362,231070,231170,4.708000,5.034000
193,357,357,4165941,233431,233757,259491,259590,25.734000,26.060000
193,2159,2159,486f941,270395,270721,275433,275533,4.712000,5.038000
193,1727,1727,46bf941,293826,294152,300612,300712,6.460000,6.786000
193,3059,3059,4bf3942,333051,333377,345292,345392,11.915000,12.241000
193,1895,1895,4767940,408051,408377,422131,422231,13.754000,14.080000
193,2991,2991,4baf942,524050,524377,535151,535251,10.774000,11.101000
193,1600,1600,4640943,538051,538377,548141,548241,9.764000,10.090000
193,4562,4562,51d2942,566051,566377,572911,573011,6.534000,6.860000
193,3205,3205,4c85943,584051,584377,595425,595525,11.048000,11.374000
193,3268,3268,4cc4941,729051,729377,740328,740428,10.951000,11.277000
193,4420,4420,5144940,748051,748385,755768,755868,7.383000,7.717000
193,4198,4198,5066943,760051,760385,767285,767385,6.900000,7.234000
193,3355,3355,4d1b943,756051,756377,778153,778253,21.776000,22.102000
193,5522,5522,5592943,765051,765377,789017,789117,23.640000,23.966000
193,3917,3917,4f4d941,790051,790385,801481,801581,11.096000,11.430000
193,5004,5004,538c941,872051,872385,878868,878968,6.483000,6.817000
193,4391,4391,5127941,872051,872385,883036,883136,10.651000,10.985000
193,6662,6662,5a06941,939446,939780,944509,944609,4.729000,5.063000
193,7913,7913,5ee9943,946051,946385,958228,958328,11.843000,12.177000
193,7278,7278,5c6e942,967051,967385,977047,977147,9.662000,9.996000
193,7058,7058,5b92940,974051,974385,987960,988060,13.575000,13.909000
193,5442,5442,5542942,1018051,1018385,1028801,1028901,10.416000,10.750000
193,8248,8248,6038943,1020410,1020736,1036261,1036360,15.525000,15.851000
193,5632,5632,5600942,1094140,1094474,1103751,1103851,9.277000,9.611000
193,9418,9418,64ca942,1105051,1105385,1113672,1113772,8.287000,8.621000
193,8481,8481,6121940,1121051,1121377,1131185,1131285,9.808000,10.134000
193,9192,9192,63e8942,1124051,1124385,1136600,1136700,12.215000,12.549000
193,9858,9858,6682940,1154446,1154780,1163909,1164009,9.129000,9.463000
193,5355,5355,54eb941,1153051,1153385,1169254,1169354,15.869000,16.203000
193,7706,7706,5e1a943,1179051,1179385,1185882,1185982,6.497000,6.831000
193,8764,8764,623c940,1220051,1220377,1225986,1226086,5.609000,5.935000
193,5709,5709,564d941,1242051,1242385,1251252,1251352,8.867000,9.201000
193,8866,8866,62a2942,1346051,1346385,1352904,1353004,6.519000,6.853000
193,8032,8032,5f60943,1407051,1407385,1415651,1415751,8.266000,8.600000
193,10997,10997,6af5940,1451051,1451377,1459684,1459784,8.307000,8.633000
193,9344,9344,6480943,1467051,1467377,1473906,1474006,6.529000,6.855000
193,8760,8760,6238940,1553446,1553780,1561169,1561269,7.389000,7.723000
193,6169,6169,5819940,1642051,1642385,1650659,1650759,8.274000,8.608000
193,9623,9623,6597940,1839051,1839377,1845814,1845914,6.437000,6.763000
193,10915,10915,6aa3940,1938416,1938742,1945316,1945416,6.574000,6.900000
193,8186,8186,5ffa942,1974051,1974385,1987022,1987122,12.637000,12.971000
193,10467,10467,68e3943,2105051,2105385,2115431,2115531,10.046000,10.380000
194,589,589,424d941,26051,26385,38062,38162,11.677000,12.011000
194,738,738,42e2940,53051,53377,61722,61822,8.345000,8.671000
194,9,9,4009941,84051,84385,90909,91009,6.524000,6.858000
194,676,676,42a4942,108051,108385,114839,114939,6.454000,6.788000
194,438,438,41b6940,123051,123377,131616,131716,8.239000,8.565000
194,1742,1742,46ce940,124051,124377,135844,135944,11.467000,11.793000
194,514,514,4202942,152051,152377,157141,157241,4.764000,5.090000
194,1598,1598,463e941,174051,174385,179072,179172,4.687000,5.021000
194,1048,1048,4418942,232051,232377,240734,240834,8.357000,8.683000
194,1133,1133,446d940,260051,260385,268555,268655,8.170000,8.504000
194,1836,1836,472c942,275051,275385,280927,281027,5.542000,5.876000
194,2792,2792,4ae8942,365051,365377,373763,373863,8.386000,8.712000
194,2749,2749,4abd940,391051,391385,397828,397928,6.443000,6.777000
194,5302,5302,54b6941,587051,587385,595688,595788,8.303000,8.637000
194,3601,3601,4e11940,604051,604385,610857,610957,6.472000,6.806000
194,3030,3030,4bd6942,669051,669377,686511,686611,17.134000,17.460000
194,3474,3474,4d92942,719051,719385,735846,735946,16.461000,16.795000
194,2196,2196,4894940,765051,765377,772712,772812,7.335000,7.661000
194,3017,3017,4bc9942,772051,772377,782432,782532,10.055000,10.381000
194,6477,6477,594d941,868051,868385,878359,878459,9.974000,10.308000
194,4185,4185,5059943,900051,900385,906874,906974,6.489000,6.823000
194,10082,10082,6762941,918051,918385,923099,923199,4.714000,5.048000
194,5962,5962,574a942,985051,985377,1001107,1001207,15.730000,16.056000
194,4708,4708,5264940,1047425,1047759,1074502,1074602,26.743000,27.077000
194,5611,5611,55eb941,1124395,1124721,1137425,1137525,12.704000,13.030000
194,9043,9043,6353940,1179446,1179780,1192746,1192846,12.966000,13.300000
194,4738,4738,5282943,1181051,1181385,1203640,1203740,22.255000,22.589000
194,7781,7781,5e65942,1197051,1197385,1208359,1208459,10.974000,11.308000
194,5988,5988,5764940,1215051,1215385,1225286,1225386,9.901000,10.235000
194,8704,8704,6200942,1285051,1285385,1290080,1290180,4.695000,5.029000
194,8108,8108,5fac943,1282051,1282385,1295472,1295572,13.087000,13.421000
194,9727,9727,65ff943,1298051,1298377,1308466,1308566,10.089000,10.415000
194,6944,6944,5b20941,1327051,1327385,1335453,1335553,8.068000,8.402000
194,7640,7640,5dd8942,1326051,1326377,1347145,1347245,20.768000,21.094000
194,6174,6174,581e940,1366051,1366377,1372025,1372125,5.648000,5.974000
194,8962,8962,6302942,1376051,1376385,1384744,1384844,8.359000,8.693000
194,7719,7719,5e27942,1531051,1531377,1538835,1538935,7.458000,7.784000
194,10589,10589,695d942,1647051,1647377,1653008,1653108,5.631000,5.957000
194,10535,10535,6927942,1832051,1832385,1847908,1848008,15.523000,15.857000
194,8659,8659,61d3940,1933051,1933385,1940725,1940825,7.340000,7.674000
194,9375,9375,649f941,1937888,1938214,1951449,1951549,13.235000,13.561000
194,10734,10734,69ee943,1991051,1991377,1996982,1997082,5.605000,5.931000
194,10993,10993,6af1941,2133051,2133385,2143516,2143616,10.131000,10.465000
195,510,510,41fe940,22051,22385,28013,28113,5.628000,5.962000
195,732,732,42dc943,23051,23385,33359,33459,9.974000,10.308000
195,577,577,4241940,37051,37377,42970,43070,5.593000,5.919000
195,72,72,4048941,57051,57385,63032,63132,5.647000,5.981000
195,1658,1658,467a941,211051,211377,226114,226214,14.737000,15.063000
195,2748,2748,4abc943,404051,404385,431118,431218,26.733000,27.067000
195,1892,1892,4764941,435416,435750,441354,441454,5.604000,5.938000
195,2304,2304,4900943,418051,418377,445539,445639,27.162000,27.488000
195,1378,1378,4562940,441051,441377,450960,451060,9.583000,9.909000
195,3857,3857,4f11943,460051,460385,488359,488459,27.974000,28.308000
195,3529,3529,4dc9942,482051,482377,493701,493801,11.324000,11.650000
195,3142,3142,4c46942,489051,489385,501246,501346,11.861000,12.195000
195,3728,3728,4e90941,523050,523385,533215,533315,9.830000,10.165000
195,3410,3410,4d52940,565051,565377,573624,573724,8.247000,8.573000
195,4112,4112,5010940,603051,603385,612582,612682,9.197000,9.531000
195,3312,3312,4cf0943,612051,612385,636800,636900,24.415000,24.749000
195,4404,4404,5134940,660438,660764,668258,668358,7.494000,7.820000
195,6682,6682,5a1a942,669866,670192,676739,676839,6.547000,6.873000
195,7990,7990,5f36941,754051,754385,763576,763676,9.191000,9.525000
195,4749,4749,528d943,763051,763385,770820,770920,7.435000,7.769000
195,5057,5057,53c1940,826051,826385,833843,833943,7.458000,7.792000
195,6444,6444,592c941,1002051,1002377,1017845,1017945,15.468000,15.794000
195,8043,8043,5f6b943,1069051,1069377,1078575,1078675,9.198000,9.524000
195,7779,7779,5e63943,1103416,1103742,1110224,1110324,6.482000,6.808000
195,9863,9863,6687943,1116051,1116385,1133746,1133846,17.361000,17.695000
195,4973,4973,536d940,1155051,1155385,1168800,1168900,13.415000,13.749000
195,9143,9143,63b7940,1245051,1245385,1252759,1252859,7.374000,7.708000
195,9595,9595,657b940,1331051,1331377,1338712,1338812,7.335000,7.661000
195,9448,9448,64e8943,1380051,1380377,1388715,1388815,8.338000,8.664000
195,7416,7416,5cf8943,1385051,1385377,1394069,1394169,8.692000,9.018000
195,9823,9823,665f943,1404051,1404385,1432448,1432548,28.063000,28.397000
195,7983,7983,5f2f941,1426051,1426385,1437491,1437591,11.106000,11.440000
195,8106,8106,5faa943,1447595,1447921,1453544,1453644,5.623000,5.949000
195,6956,6956,5b2c940,1444051,1444385,1457786,1457886,13.401000,13.735000
195,8519,8519,6147941,1619051,1619385,1627950,1628050,8.565000,8.899000
195,10943,10943,6abf942,1779051,1779377,1785036,1785136,5.659000,5.985000
195,7195,7195,5c1b940,1794051,1794377,1799124,1799224,4.747000,5.073000
195,9261,9261,642d941,1813395,1813721,1821162,1821262,7.441000,7.767000
195,10853,10853,6a65941,1899051,1899385,1907719,1907819,8.334000,8.668000
195,7043,7043,5b83943,2046860,2047194,2067229,2067330,20.035000,20.369000
196,139,139,408b941,26051,26385,38299,38399,11.914000,12.248000
196,191,191,40bf942,39051,39385,45846,45946,6.461000,6.795000
196,828,828,433c940,102051,102385,107945,108045,5.560000,5.894000
196,1837,1837,472d943,208051,208377,213078,213178,4.701000,5.027000
196,1947,1947,479b940,214051,214377,222611,222711,8.234000,8.560000
196,2016,2016,47e0942,290051,290377,299345,299445,8.968000,9.294000
196,1782,1782,46f6940,317051,317377,322125,322225,4.748000,5.074000
196,2864,2864,4b30940,355051,355385,360139,360239,4.754000,5.088000
196,2460,2460,499c942,385051,385377,390997,391097,5.620000,5.946000
196,1620,1620,4654943,381378,381704,395163,395263,13.459000,13.785000
196,2551,2551,49f7943,438051,438377,446701,446801,8.324000,8.650000
196,3994,3994,4f9a940,471051,471377,483157,483257,11.780000,12.106000
196,3154,3154,4c52940,578051,578377,590128,590228,11.751000,12.077000
196,3119,3119,4c2f940,603051,603385,609009,609109,5.624000,5.958000
196,3121,3121,4c31943,606653,606987,624323,624423,17.336000,17.670000
196,5598,5598,55de942,625760,626094,635766,635866,9.672000,10.006000
196,3870,3870,4f1e941,739051,739385,745008,745108,5.623000,5.957000
196,6448,6448,5930943,798964,799290,804002,804102,4.712000,5.038000
196,6286,6286,588e941,785051,785385,809557,809657,24.172000,24.506000
196,5459,5459,5553941,818437,818763,826100,826200,7.337000,7.663000
196,5086,5086,53de940,835051,835377,841907,842007,6.530000,6.856000
196,6133,6133,57f5940,839416,839750,852895,852995,13.145000,13.479000
196,7181,7181,5c0d940,911051,911385,920251,920351,8.866000,9.200000
196,7031,7031,5b77940,921051,921377,932321,932421,10.944000,11.270000
196,3901,3901,4f3d943,946051,946385,960774,960874,14.389000,14.723000
196,5775,5775,568f941,958626,958952,977157,977257,18.205000,18.531000
196,5277,5277,549d940,974910,975236,983625,983725,8.389000,8.715000
196,7642,7642,5dda941,983051,983377,1009838,1009938,26.461000,26.787000
196,6890,6890,5aea940,1072051,1072385,1081456,1081556,9.071000,9.405000
196,7482,7482,5d3a942,1074051,1074385,1086963,1087063,12.578000,12.912000
196,3361,3361,4d21943,1074051,1074385,1091210,1091310,16.825000,17.159000
196,6400,6400,5900942,1086051,1086385,1098352,1098452,11.967000,12.301000
196,6586,6586,59ba943,1143051,1143377,1149057,1149157,5.680000,6.006000
196,8595,8595,6193943,1150051,1150385,1159590,1159690,9.205000,9.539000
196,7598,7598,5dae943,1218051,1218385,1224644,1224744,6.259000,6.593000
196,6924,6924,5b0c943,1260051,1260377,1274085,1274185,13.708000,14.034000
196,7320,7320,5c98943,1277907,1278241,1294554,1294654,16.313000,16.647000
196,4444,4444,515c941,1456051,1456377,1469174,1469274,12.797000,13.123000
196,8713,8713,6209940,1559051,1559377,1568530,1568630,9.153000,9.479000
196,8475,8475,611b943,1576051,1576385,1582840,1582940,6.455000,6.789000
196,10011,10011,671b943,1594051,1594385,1601758,1601858,7.373000,7.707000
196,7994,7994,5f3a942,1645051,1645385,1654565,1654665,9.180000,9.514000
196,8677,8677,61e5940,1676051,1676385,1683844,1683944,7.459000,7.793000
196,9289,9289,6449941,1760051,1760385,1768704,1768804,8.319000,8.653000
196,9810,9810,6652942,1862051,1862377,1879718,1879818,17.341000,17.667000
196,10786,10786,6a22940,1980051,1980377,1989494,1989594,9.117000,9.443000
196,10543,10543,692f943,2214051,2214385,2226321,2226421,11.936000,12.270000
197,1813,1813,4715943,81051,81385,95312,95412,13.927000,14.261000
197,471,471,41d7940,126051,126385,136349,136449,9.964000,10.298000
197,1686,1686,4696942,212051,212385,222282,222382,9.897000,10.231000
197,3069,3069,4bfd941,292051,292385,305015,305115,12.630000,12.964000
197,1881,1881,4759941,344405,344731,359962,360062,15.231000,15.557000
197,2848,2848,4b20941,454409,454743,460314,460414,5.571000,5.905000
197,3554,3554,4de2941,603051,603377,609043,609143,5.666000,5.992000
197,3506,3506,4db2940,603051,603385,613214,613314,9.829000,10.163000
197,4761,4761,5299943,613051,613377,624090,624190,10.713000,11.039000
197,6644,6644,59f4942,664507,664841,669626,669726,4.785000,5.119000
197,2091,2091,482b940,712051,712385,724232,724332,11.847000,12.181000
197,3906,3906,4f42941,718051,718385,729706,729806,11.321000,11.655000
197,3345,3345,4d11942,755051,755377,762831,762931,7.454000,7.780000
197,5080,5080,53d8943,767051,767377,782997,783097,15.620000,15.946000
197,6588,6588,59bc943,788051,788377,795773,795873,7.396000,7.722000
197,5989,5989,5765942,817051,817385,824767,824867,7.382000,7.716000
197,5235,5235,5473940,811051,811377,830187,830287,18.810000,19.136000
197,6476,6476,594c942,859425,859759,879325,879425,19.566000,19.900000
197,5012,5012,5394940,877051,877385,887176,887276,9.791000,10.125000
197,5394,5394,5512943,892051,892385,910610,910710,18.225000,18.559000
197,6301,6301,589d941,912425,912759,921113,921213,8.354000,8.688000
197,4599,4599,51f7943,950051,950385,956853,956953,6.468000,6.802000
197,7730,7730,5e32943,1019051,1019377,1025029,1025128,5.652000,5.978000
197,6655,6655,59ff942,1146051,1146377,1152819,1152919,6.442000,6.768000
197,8814,8814,626e941,1160051,1160385,1167004,1167104,6.619000,6.953000
197,5601,5601,55e1940,1153051,1153377,1171175,1171275,17.798000,18.124000
197,8950,8950,62f6943,1305051,1305377,1311034,1311134,5.657000,5.983000
197,8129,8129,5fc1940,1310051,1310377,1326217,1326317,15.840000,16.166000
197,9689,9689,65d9943,1439051,1439377,1452259,1452359,12.882000,13.208000
197,10798,10798,6a2e943,1458051,1458377,1467655,1467755,9.278000,9.604000
197,9674,9674,65ca942,1489051,1489377,1497658,1497758,8.281000,8.607000
197,10768,10768,6a10943,1678051,1678377,1685748,1685848,7.371000,7.697000
197,9900,9900,66ac940,1687051,1687385,1695637,1695737,8.252000,8.586000
197,6525,6525,597d943,1797051,1797377,1806528,1806628,9.151000,9.477000
197,10088,10088,6768942,1802051,1802377,1812548,1812648,10.171000,10.497000
197,10538,10538,692a942,1915051,1915377,1926363,1926463,10.986000,11.312000
197,10300,10300,683c940,2117051,2117377,2124803,2124903,7.426000,7.752000
198,1800,1800,4708943,42051,42377,48896,48996,6.519000,6.845000
198,899,899,4383943,197051,197377,217025,217125,19.648000,19.974000
198,1669,1669,4685942,225051,225385,231913,232013,6.528000,6.862000
198,1792,1792,4700942,293051,293385,299828,299928,6.443000,6.777000
198,1494,1494,45d6940,349453,349779,357173,357273,7.394000,7.720000
198,1723,1723,46bb940,390051,390385,400097,400197,9.712000,10.046000
198,4897,4897,5321942,476051,476377,484502,484602,8.125000,8.451000
198,2558,2558,49fe941,561051,561377,566943,567043,5.566000,5.892000
198,3109,3109,4c25940,559051,559385,572572,572672,13.187000,13.521000
198,5342,5342,54de941,594051,594377,606173,606273,11.796000,12.122000
198,2045,2045,47fd940,625051,625377,636314,636414,10.937000,11.263000
198,6838,6838,5ab6942,630804,631138,641736,641836,10.598000,10.932000
198,4066,4066,4fe2940,655051,655385,665373,665473,9.988000,10.322000
198,2809,2809,4af9943,758051,758377,766671,766771,8.294000,8.620000
198,4166,4166,5046941,816051,816385,821104,821204,4.719000,5.053000
198,3232,3232,4ca0942,822051,822385,827139,827239,4.754000,5.088000
198,4510,4510,519e940,847051,847377,854818,854918,7.441000,7.767000
198,8435,8435,60f3940,885051,885377,903766,903866,18.389000,18.715000
198,7171,7171,5c03943,910051,910385,916835,916935,6.450000,6.784000
198,6735,6735,5a4f940,913051,913377,928447,928547,15.070000,15.396000
198,7564,7564,5d8c943,928051,928377,939283,939383,10.906000,11.232000
198,6098,6098,57d2942,933051,933385,943498,943598,10.113000,10.447000
198,7028,7028,5b74940,977051,977377,988542,988642,11.165000,11.491000
198,5407,5407,551f940,997051,997377,1005701,1005801,8.324000,8.650000
198,6707,6707,5a33943,1025051,1025377,1032718,1032818,7.341000,7.667000
198,3937,3937,4f61940,1036051,1036385,1054933,1055033,18.548000,18.882000
198,8309,8309,6075943,1084051,1084385,1091734,1091834,7.349000,7.683000
198,6544,6544,5990942,1164051,1164385,1171860,1171960,7.475000,7.809000
198,8518,8518,6146940,1165051,1165377,1182778,1182878,17.401000,17.727000
198,6776,6776,5a78940,1241457,1241783,1263375,1263475,21.592000,21.918000
198,8323,8323,6083943,1254051,1254385,1267578,1267678,13.193000,13.527000
198,9707,9707,65eb942,1298406,1298732,1303631,1303731,4.899000,5.225000
198,9332,9332,6474943,1347051,1347385,1353007,1353107,5.622000,5.956000
198,9752,9752,6618942,1406051,1406385,1414616,1414716,8.231000,8.565000
198,6984,6984,5b48941,1416051,1416385,1427304,1427404,10.919000,11.253000
198,7743,7743,5e3f942,1468051,1468377,1474957,1475057,6.580000,6.906000
198,8723,8723,6213940,1548051,1548377,1554864,1554964,6.487000,6.813000
198,8897,8897,62c1941,1598416,1598750,1607934,1608034,9.184000,9.518000
198,6929,6929,5b11941,1638446,1638780,1648801,1648901,10.021000,10.355000
198,8933,8933,62e5942,1725051,1725377,1731968,1732068,6.591000,6.917000
198,9781,9781,6635941,1733051,1733385,1742537,1742637,9.152000,9.486000
198,10371,10371,6883943,1759051,1759385,1771999,1772099,12.614000,12.948000
198,10837,10837,6a55942,1951051,1951377,1962413,1962513,11.036000,11.362000
199,19,19,4013940,24051,24385,33625,33725,9.240000,9.574000
199,40,40,4028940,27051,27385,37767,37867,10.382000,10.716000
199,2103,2103,4837943,67051,67377,73045,73145,5.668000,5.994000
199,232,232,40e8940,104051,104385,124344,124444,19.959000,20.293000
199,222,222,40de943,137439,137765,156728,156828,18.963000,19.289000
199,810,810,432a941,143449,143783,164606,164706,20.823000,21.157000
199,449,449,41c1940,163051,163385,178865,178965,15.480000,15.814000
199,1266,1266,44f2943,195051,195385,212828,212928,17.443000,17.777000
199,1819,1819,471b942,216233,216559,224743,224843,8.184000,8.510000
199,2385,2385,4951940,247051,247385,258294,258395,10.909000,11.243000
199,1473,1473,45c1942,382051,382385,388843,388943,6.458000,6.792000
199,3808,3808,4ee0942,402051,402385,408882,408982,6.497000,6.831000
199,2377,2377,4949941,416051,416385,427141,427241,10.756000,11.090000
199,5229,5229,546d941,455051,455385,464410,464510,9.025000,9.359000
199,5130,5130,540a942,562395,562729,567414,567514,4.685000,5.019000
199,3384,3384,4d38941,579051,579385,584907,585007,5.522000,5.856000
199,3871,3871,4f1f940,588051,588377,601803,601903,13.426000,13.752000
199,4096,4096,5000940,622051,622377,635008,635108,12.631000,12.957000
199,5287,5287,54a7942,711051,711377,727143,727243,15.766000,16.092000
199,3262,3262,4cbe943,716051,716377,732555,732655,16.178000,16.504000
199,4675,4675,5243942,798051,798385,809040,809140,10.655000,10.989000
199,6220,6220,584c942,848051,848377,862176,862276,13.799000,14.125000
199,5754,5754,567a941,854870,855204,866343,866443,11.139000,11.473000
199,5332,5332,54d4941,854051,854377,870511,870611,16.134000,16.460000
199,4435,4435,5153941,868051,868377,875169,875269,6.792000,7.118000
199,5502,5502,557e941,978051,978377,983948,984048,5.571000,5.897000
199,5322,5322,54ca943,1035286,1035619,1050322,1050422,14.703000,15.036000
199,8980,8980,6314941,1184051,1184385,1193213,1193313,8.828000,9.162000
199,8396,8396,60cc943,1194051,1194385,1207085,1207185,12.700000,13.034000
199,9015,9015,6337942,1242051,1242385,1251536,1251636,9.151000,9.485000
199,8701,8701,61fd941,1300051,1300385,1307693,1307793,7.308000,7.642000
199,4610,4610,5202943,1302051,1302385,1311891,1311991,9.506000,9.840000
199,7770,7770,5e5a943,1312051,1312385,1330176,1330276,17.791000,18.125000
199,10132,10132,6794941,1357051,1357385,1362988,1363088,5.603000,5.937000
199,4783,4783,52af943,1427051,1427377,1434849,1434949,7.472000,7.798000
199,7036,7036,5b7c941,1450051,1450377,1456835,1456935,6.458000,6.784000
199,7107,7107,5bc3941,1459051,1459377,1474349,1474449,14.972000,15.298000
199,9917,9917,66bd943,1543051,1543385,1548944,1549044,5.559000,5.893000
199,8567,8567,6177943,1583051,1583385,1593447,1593547,10.062000,10.396000
199,7863,7863,5eb7940,1595051,1595377,1604587,1604687,9.210000,9.536000
199,9990,9990,6706940,1603051,1603385,1613436,1613536,10.051000,10.385000
199,8571,8571,617b941,1605479,1605805,1618076,1618176,12.271000,12.597000
199,6732,6732,5a4c941,1612051,1612385,1645351,1645451,32.966000,33.300000
199,6337,6337,58c1940,1657051,1657377,1669520,1669620,12.143000,12.469000
199,10172,10172,67bc942,1895051,1895377,1912874,1912974,17.497000,17.823000
199,10636,10636,698c941,1976051,1976385,1988751,1988851,12.366000,12.700000
199,10912,10912,6aa0940,2136051,2136377,2152717,2152817,16.340000,16.666000
199,9144,9144,63b8940,2163051,2163377,2169811,2169911,6.434000,6.760000
200,2244,2244,48c4942,149051,149385,155902,156002,6.517000,6.851000
200,46,46,402e940,157457,157783,171971,172071,14.188000,14.514000
200,3,3,4003940,179051,179385,189170,189270,9.785000,10.119000
200,1411,1411,4583943,269051,269377,281213,281313,11.836000,12.162000
200,3376,3376,4d30943,348051,348377,358507,358607,10.130000,10.456000
200,1687,1687,4697942,373051,373385,383412,383512,10.027000,10.361000
200,5731,5731,5663943,430439,430765,451667,451767,20.902000,21.228000
200,2113,2113,4841943,449051,449377,461248,461348,11.871000,12.197000
200,3636,3636,4e34943,465051,465385,477197,477297,11.812000,12.146000
200,2273,2273,48e1943,472051,472377,482633,482733,10.256000,10.582000
200,6405,6405,5905940,512050,512377,523919,524019,11.542000,11.869000
200,3296,3296,4ce0941,557051,557377,569682,569782,12.305000,12.631000
200,3769,3769,4eb9941,657051,657385,667219,667319,9.834000,10.168000
200,3757,3757,4ead943,652051,652377,673784,673884,21.407000,21.733000
200,3153,3153,4c51941,708051,708385,716693,716793,8.308000,8.642000
200,5015,5015,5397942,720051,720385,732298,732398,11.913000,12.247000
200,6399,6399,58ff941,739051,739377,756506,756606,17.129000,17.455000
200,1992,1992,47c8942,757051,757385,764831,764931,7.446000,7.780000
200,4734,4734,527e941,764051,764377,771772,771872,7.395000,7.721000
200,2997,2997,4bb5943,757051,757385,777291,777391,19.906000,20.240000
200,6068,6068,57b4941,846051,846385,857269,857369,10.884000,11.218000
200,4215,4215,5077940,894808,895134,911187,911287,16.053000,16.379000
200,6633,6633,59e9940,963051,963377,968964,969064,5.587000,5.913000
200,6091,6091,57cb941,971051,971385,979717,979817,8.332000,8.666000
200,6897,6897,5af1942,981051,981377,1002882,1002982,21.505000,21.831000
200,4475,4475,517b943,1021051,1021377,1034866,1034965,13.489000,13.815000
200,7273,7273,5c69940,1033051,1033377,1062569,1062669,29.192000,29.518000
200,5423,5423,552f940,1070051,1070377,1076820,1076920,6.443000,6.769000
200,5619,5619,55f3942,1068051,1068377,1082040,1082140,13.663000,13.989000
200,6403,6403,5903942,1069051,1069385,1092919,1093019,23.534000,23.868000
200,5660,5660,561c941,1077051,1077385,1098416,1098516,21.031000,21.365000
200,7890,7890,5ed2943,1096051,1096377,1112477,1112577,16.100000,16.426000
200,7678,7678,5dfe941,1116051,1116385,1123753,1123853,7.368000,7.702000
200,5207,5207,5457943,1194051,1194377,1206200,1206300,11.823000,12.149000
200,6312,6312,58a8941,1247051,1247377,1262387,1262487,15.010000,15.336000
200,7878,7878,5ec6940,1288051,1288385,1308023,1308123,19.638000,19.972000
200,10712,10712,69d8940,1349499,1349825,1355455,1355555,5.630000,5.956000
200,9136,9136,63b0941,1378051,1378385,1384943,1385043,6.558000,6.892000
200,9108,9108,6394942,1386051,1386385,1395451,1395551,9.066000,9.400000
200,10352,10352,6870941,1389453,1389779,1400985,1401085,11.206000,11.532000
200,8247,8247,6037940,1411051,1411377,1418822,1418922,7.445000,7.771000
200,9802,9802,664a943,1508051,1508385,1517814,1517914,9.429000,9.763000
200,6560,6560,59a0940,1528051,1528377,1534804,1534904,6.427000,6.753000
200,8073,8073,5f89943,1534051,1534377,1548197,1548297,13.820000,14.146000
200,10480,10480,68f0942,1839051,1839385,1846737,1846837,7.352000,7.686000
200,10449,10449,68d1940,1938051,1938377,1959868,1959968,21.491000,21.817000
200,10135,10135,6797941,2023051,2023385,2039682,2039782,16.297000,16.631000
200,8341,8341,6095942,2114051,2114385,2120905,2121005,6.520000,6.854000
200,9861,9861,6685942,2245051,2245385,2251881,2251981,6.496000,6.830000
200,10556,10556,693c942,2767051,2767377,2774752,2774852,7.375000,7.701000
201,310,310,4136940,46051,46385,56057,56157,9.672000,10.006000
201,4,4,4004942,113051,113385,119157,119257,5.772000,6.106000
201,728,728,42d8942,132051,132385,152003,152103,19.618000,19.952000
201,1190,1190,44a6940,164051,164377,171213,171313,6.836000,7.162000
201,955,955,43bb941,186051,186385,194723,194823,8.338000,8.672000
201,2599,2599,4a27941,243051,243377,254519,254619,11.142000,11.468000
201,641,641,4281942,315051,315377,337807,337907,22.430000,22.756000
201,2020,2020,47e4943,325051,325385,342251,342351,16.866000,17.200000
201,2146,2146,4862941,332051,332385,347773,347873,15.388000,15.722000
201,3971,3971,4f83942,342051,342385,351945,352045,9.560000,9.894000
201,1320,1320,4528941,394051,394385,400844,400944,6.459000,6.793000
201,1848,1848,4738940,438051,438377,446641,446741,8.264000,8.590000
201,2349,2349,492d943,459051,459377,470381,470481,11.004000,11.330000
201,2770,2770,4ad2942,490462,490796,498322,498422,7.526000,7.860000
201,1540,1540,4604943,504051,504385,512655,512755,8.270000,8.604000
201,3887,3887,4f2f942,523050,523385,533666,533766,10.281000,10.616000
201,3152,3152,4c50942,534253,534579,543915,544015,9.336000,9.662000
201,2942,2942,4b7e942,552051,552377,573773,573873,21.396000,21.722000
201,2631,2631,4a47941,583051,583377,591617,591717,8.240000,8.566000
201,3977,3977,4f89941,630051,630385,642134,642234,11.749000,12.083000
201,6380,6380,58ec940,679051,679377,687644,687744,8.267000,8.593000
201,5038,5038,53ae941,713051,713377,722691,722791,9.314000,9.640000
201,7707,7707,5e1b942,741051,741385,747010,747110,5.625000,5.959000
201,4169,4169,5049943,772051,772377,781651,781751,9.274000,9.600000
201,6006,6006,5776941,783051,783377,793396,793496,10.019000,10.345000
201,6709,6709,5a35943,781051,781385,797564,797664,16.179000,16.513000
201,4142,4142,502e942,934051,934385,941720,941820,7.335000,7.669000
201,6807,6807,5a97942,1005446,1005780,1012869,1012969,7.089000,7.423000
201,6037,6037,5795942,1023051,1023377,1032539,1032638,9.162000,9.488000
201,8038,8038,5f66941,1083051,1083385,1091597,1091697,8.212000,8.546000
201,10878,10878,6a7e943,1201051,1201377,1214695,1214795,13.318000,13.644000
201,6883,6883,5ae3941,1207051,1207377,1228024,1228124,20.647000,20.973000
201,7562,7562,5d8a943,1217051,1217385,1233568,1233668,16.183000,16.517000
201,10239,10239,67ff940,1257051,1257385,1262079,1262179,4.694000,5.028000
201,6591,6591,59bf941,1264051,1264385,1275013,1275113,10.628000,10.962000
201,7302,7302,5c86943,1436051,1436377,1455673,1455773,19.296000,19.622000
201,7722,7722,5e2a940,1504051,1504377,1521302,1521402,16.925000,17.251000
201,7364,7364,5cc4943,1556051,1556385,1567108,1567208,10.723000,11.057000
201,9486,9486,650e943,1920259,1920585,1928048,1928148,7.463000,7.789000
201,10615,10615,6977940,2005051,2005385,2014466,2014566,9.081000,9.415000
202,374,374,4176943,65051,65385,78357,78457,12.972000,13.306000
202,65,65,4041943,84051,84377,95063,95163,10.686000,11.012000
202,1396,1396,4574943,127989,128315,133065,133165,4.750000,5.076000
202,2719,2719,4a9f943,147051,147385,161917,162017,14.532000,14.866000
202,1103,1103,444f940,181051,181377,189695,189795,8.318000,8.644000
202,1336,1336,4538942,219051,219377,229400,229500,10.023000,10.349000
202,1994,1994,47ca941,252051,252385,265158,265258,12.773000,13.107000
202,1306,1306,451a942,285051,285377,294474,294574,9.097000,9.423000
202,2064,2064,4810942,314051,314385,320009,320109,5.624000,5.958000
202,2487,2487,49b7942,296051,296385,332476,332576,36.091000,36.425000
202,2368,2368,4940941,315051,315385,337844,337944,22.459000,22.793000
202,1525,1525,45f5943,388051,388377,405240,405340,16.863000,17.189000
202,2996,2996,4bb4941,428051,428377,434889,434989,6.512000,6.838000
202,3868,3868,4f1c941,427051,427377,439074,439174,11.697000,12.023000
202,1671,1671,4687941,462051,462385,469750,469850,7.365000,7.699000
202,2923,2923,4b6b942,505051,505377,511932,512031,6.555000,6.881000
202,1076,1076,4434941,559051,559377,567679,567779,8.302000,8.628000
202,2311,2311,4907941,566051,566385,576353,576453,9.968000,10.302000
202,3352,3352,4d18941,627051,627385,633872,633972,6.487000,6.821000
202,5894,5894,5706940,646051,646385,651971,652071,5.586000,5.920000
202,3019,3019,4bcb941,687051,687377,695596,695696,8.219000,8.545000
202,3983,3983,4f8f942,727051,727385,733853,733953,6.468000,6.802000
202,3370,3370,4d2a941,734395,734729,747878,747978,13.149000,13.483000
202,5216,5216,5460942,772051,772377,778944,779044,6.567000,6.893000
202,6522,6522,597a940,919359,919693,927994,928094,8.301000,8.635000
202,5659,5659,561b942,1006051,1006385,1014741,1014841,8.356000,8.690000
202,4493,4493,518d942,1223051,1223385,1236368,1236468,12.983000,13.317000
202,3421,3421,4d5d942,1277051,1277377,1283071,1283171,5.694000,6.020000
202,8253,8253,603d942,1286051,1286377,1294681,1294781,8.304000,8.630000
202,5309,5309,54bd940,1289051,1289377,1300012,1300112,10.635000,10.961000
202,8974,8974,630e942,1396299,1396633,1405688,1405788,9.055000,9.389000
202,9655,9655,65b7941,1443051,1443385,1450792,1450892,7.407000,7.741000
202,10468,10468,68e4941,1619416,1619742,1624543,1624643,4.801000,5.127000
202,9783,9783,6637942,1731051,1731377,1741345,1741445,9.968000,10.294000
202,7401,7401,5ce9941,1739051,1739385,1752376,1752476,12.991000,13.325000
202,8905,8905,62c9940,2186051,2186377,2193810,2193910,7.433000,7.759000
203,296,296,4128941,31051,31385,40321,40421,8.936000,9.270000
203,335,335,414f943,47439,47773,54285,54385,6.512000,6.846000
203,339,339,4153941,73782,74108,81503,81603,7.395000,7.721000
203,292,292,4124940,109051,109385,116755,116855,7.370000,7.704000
203,1855,1855,473f943,196051,196385,201990,202090,5.605000,5.939000
203,1521,1521,45f1941,246051,246377,252017,252117,5.640000,5.966000
203,1439,1439,459f941,241730,242056,260064,260164,18.008000,18.334000
203,1539,1539,4603941,257051,257376,274185,274285,16.809000,17.134000
203,564,564,4234940,282051,282385,290363,290463,7.978000,8.312000
203,3163,3163,4c5b941,299507,299841,308059,308159,8.218000,8.552000
203,1020,1020,43fc941,355051,355377,361911,362011,6.534000,6.860000
203,2552,2552,49f8941,375051,375377,381054,381154,5.677000,6.003000
203,1890,1890,4762943,376051,376377,385233,385333,8.856000,9.182000
203,3227,3227,4c9b941,414051,414377,434765,434865,20.388000,20.714000
203,3002,3002,4bba941,453741,454075,459756,459856,5.681000,6.015000
203,3432,3432,4d68943,454409,454743,464059,464159,9.316000,9.650000
203,3958,3958,4f76940,453051,453385,475019,475119,21.634000,21.968000
203,4511,4511,519f943,552051,552377,561576,561676,9.199000,9.525000
203,4766,4766,529e943,629051,629377,636732,636832,7.355000,7.681000
203,3833,3833,4ef9941,702051,702377,714287,714387,11.910000,12.236000
203,9188,9188,63e4942,810051,810385,815992,816092,5.607000,5.941000
203,5361,5361,54f1941,831051,831377,837895,837995,6.518000,6.844000
203,5518,5518,558e942,883051,883377,893562,893662,10.185000,10.511000
203,9638,9638,65a6940,965051,965377,970152,970252,4.775000,5.101000
203,7378,7378,5cd2943,972051,972385,977091,977191,4.706000,5.040000
203,9181,9181,63dd943,963405,963731,981517,981617,17.786000,18.112000
203,5339,5339,54db943,994051,994377,1000010,1000110,5.633000,5.959000
203,6957,6957,5b2d941,1010051,1010385,1016889,1016989,6.504000,6.838000
203,7135,7135,5bdf942,1037051,1037385,1043860,1043961,6.475000,6.809000
203,6130,6130,57f2943,1059051,1059385,1064936,1065036,5.551000,5.885000
203,6154,6154,580a941,1175051,1175385,1184642,1184742,9.257000,9.591000
203,4479,4479,517f940,1184051,1184385,1190935,1191035,6.550000,6.884000
203,9017,9017,6339940,1203051,1203377,1209017,1209117,5.640000,5.966000
203,7236,7236,5c44943,1272453,1272779,1282829,1282929,10.050000,10.376000
203,8753,8753,6231942,1306051,1306377,1312927,1313027,6.550000,6.876000
203,7299,7299,5c83943,1407051,1407385,1414776,1414876,7.391000,7.725000
203,10364,10364,687c943,1437453,1437779,1442505,1442605,4.726000,5.052000
203,9670,9670,65c6941,1436051,1436385,1447836,1447936,11.451000,11.785000
203,10328,10328,6858941,1543438,1543764,1556749,1556849,12.985000,13.311000
203,8872,8872,62a8941,1593051,1593385,1600768,1600868,7.383000,7.717000
203,7487,7487,5d3f943,1596051,1596377,1604986,1605086,8.609000,8.935000
203,8924,8924,62dc943,1610051,1610377,1617759,1617859,7.382000,7.708000
203,9659,9659,65bb943,1932051,1932385,1938738,1938838,6.353000,6.687000
203,9512,9512,6528940,1929051,1929385,1942887,1942987,13.502000,13.836000
203,9211,9211,63fb941,1928051,1928385,1948248,1948348,19.863000,20.197000
203,8029,8029,5f5d940,2141051,2141377,2150416,2150516,9.039000,9.365000
204,345,345,4159941,34051,34385,41772,41872,7.387000,7.721000
204,323,323,4143940,38609,38935,51023,51123,12.088000,12.414000
204,1035,1035,440b942,77051,77385,103881,103981,26.496000,26.830000
204,821,821,4335942,112051,112377,118833,118933,6.456000,6.782000
204,428,428,41ac941,106051,106385,124194,124294,17.809000,18.143000
204,2322,2322,4912942,156051,156377,166271,166371,9.894000,10.220000
204,2473,2473,49a9942,231051,231385,237014,237114,5.629000,5.963000
204,1929,1929,4789941,246439,246765,252461,252561,5.696000,6.022000
204,1233,1233,44d1941,371427,371753,382573,382673,10.820000,11.146000
204,1870,1870,474e942,429051,429377,434997,435097,5.620000,5.946000
204,4693,4693,5255943,570805,571139,575930,576030,4.791000,5.125000
204,5975,5975,5757941,585051,585377,592780,592880,7.403000,7.729000
204,2290,2290,48f2941,645438,645764,652252,652352,6.488000,6.814000
204,1893,1893,4765941,659051,659385,666795,666895,7.410000,7.744000
204,2620,2620,4a3c940,659051,659377,672263,672363,12.886000,13.212000
204,3658,3658,4e4a943,668051,668385,677567,677667,9.182000,9.516000
204,6804,6804,5a94942,712051,712385,723111,723211,10.726000,11.060000
204,3242,3242,4caa940,726051,726385,738666,738766,12.281000,12.615000
204,4487,4487,5187941,741051,741385,757462,757562,16.077000,16.411000
204,2866,2866,4b32942,765051,765377,776354,776454,10.977000,11.303000
204,3915,3915,4f4b940,770051,770377,785340,785440,14.963000,15.289000
204,5996,5996,576c941,822051,822377,830740,830840,8.363000,8.689000
204,5987,5987,5763942,865051,865385,878694,878794,13.309000,13.643000
204,4212,4212,5074941,877051,877377,889566,889666,12.189000,12.515000
204,6940,6940,5b1c941,955051,955377,964459,964559,9.082000,9.408000
204,6159,6159,580f942,960051,960385,968643,968743,8.258000,8.592000
204,7341,7341,5cad940,988051,988385,1002044,1002144,13.659000,13.993000
204,7560,7560,5d88943,1044051,1044377,1050862,1050962,6.485000,6.811000
204,5675,5675,562b943,1218843,1219177,1227452,1227552,8.275000,8.609000
204,9197,9197,63ed941,1273409,1273743,1279387,1279487,5.644000,5.978000
204,5860,5860,56e4942,1277051,1277377,1285615,1285715,8.238000,8.564000
204,8876,8876,62ac941,1267051,1267385,1289864,1289964,22.479000,22.813000
204,10028,10028,672c940,1389051,1389377,1430763,1430863,41.386000,41.712000
204,8115,8115,5fb3941,1484051,1484377,1495481,1495581,11.104000,11.430000
204,9050,9050,635a941,1546051,1546385,1557383,1557483,10.998000,11.332000
204,9104,9104,6390940,1567051,1567385,1573933,1574033,6.548000,6.882000
204,8932,8932,62e4940,1606439,1606773,1613272,1613372,6.499000,6.833000
204,8809,8809,6269941,1801051,1801385,1810513,1810613,9.128000,9.462000
204,10438,10438,68c6941,1956051,1956385,1965518,1965618,9.133000,9.467000
204,10994,10994,6af2943,2018051,2018385,2036534,2036634,18.149000,18.483000
204,10920,10920,6aa8940,2057051,2057385,2062084,2062185,4.699000,5.033000
205,1132,1132,446c941,114051,114385,128402,128502,14.017000,14.351000
205,923,923,439b940,318051,318377,332778,332878,14.401000,14.727000
205,2959,2959,4b8f943,319032,319366,337007,337107,17.641000,17.975000
205,2483,2483,49b3941,347051,347377,356571,356671,9.194000,9.520000
205,2803,2803,4af3941,506051,506377,512067,512167,5.690000,6.016000
205,2428,2428,497c943,533051,533385,546667,546767,13.282000,13.616000
205,3263,3263,4cbf941,534051,534385,550843,550943,16.458000,16.792000
205,3348,3348,4d14942,576051,576377,590105,590205,13.728000,14.054000
205,1371,1371,455b940,591051,591385,603612,603712,12.227000,12.561000
205,4662,4662,5236943,599051,599385,608957,609057,9.572000,9.906000
205,1404,1404,457c940,596424,596750,614348,614448,17.598000,17.924000
205,3632,3632,4e30940,585051,585385,619693,619793,34.308000,34.642000
205,3175,3175,4c67942,650051,650377,656883,656983,6.506000,6.832000
205,3363,3363,4d23941,651051,651377,662717,662817,11.340000,11.666000
205,5173,5173,5435941,797051,797385,824396,824496,27.011000,27.345000
205,5530,5530,559a943,844051,844377,850886,850986,6.509000,6.835000
205,8266,8266,604a940,902051,902385,910641,910741,8.256000,8.590000
205,6261,6261,5875940,910784,911110,922302,922402,11.192000,11.518000
205,2883,2883,4b43940,976048,976374,982966,983066,6.592000,6.918000
205,6689,6689,5a21941,1012051,1012385,1026945,1027045,14.560000,14.894000
205,4048,4048,4fd0940,1062051,1062385,1073690,1073790,11.305000,11.639000
205,4334,4334,50ee942,1133051,1133377,1140701,1140801,7.324000,7.650000
205,6727,6727,5a47943,1249051,1249385,1258083,1258183,8.698000,9.032000
205,9598,9598,657e942,1269051,1269377,1286585,1286685,17.208000,17.534000
205,7735,7735,5e37943,1299051,1299377,1307593,1307693,8.216000,8.542000
205,9128,9128,63a8941,1330051,1330377,1336036,1336136,5.659000,5.985000
205,8682,8682,61ea942,1348570,1348896,1358954,1359054,10.058000,10.384000
205,7342,7342,5cae943,1456051,1456385,1465629,1465729,9.244000,9.578000
205,10036,10036,6734941,1462051,1462385,1469772,1469872,7.387000,7.721000
205,9340,9340,647c940,1521051,1521385,1531365,1531465,9.980000,10.314000
205,7686,7686,5e06943,1526051,1526385,1535558,1535658,9.173000,9.507000
205,8118,8118,5fb6940,1585051,1585377,1590980,1591080,5.603000,5.929000
205,9383,9383,64a7941,1783051,1783377,1789920,1790020,6.543000,6.869000
206,922,922,439a940,34051,34385,40870,40970,6.485000,6.819000
206,193,193,40c1940,67051,67377,86034,86134,18.657000,18.983000
206,353,353,4161940,83051,83377,91354,91454,7.977000,8.303000
206,2039,2039,47f7943,88051,88377,96651,96751,8.274000,8.600000
206,439,439,41b7942,106051,106377,119667,119767,13.290000,13.616000
206,1538,1538,4602940,93051,93377,123967,124067,30.590000,30.916000
206,286,286,411e943,135051,135377,141038,141138,5.661000,5.987000
206,939,939,43ab940,129051,129377,146435,146535,17.058000,17.384000
206,751,751,42ef942,159051,159385,165939,166039,6.554000,6.888000
206,257,257,4101941,197051,197385,202988,203088,5.603000,5.937000
206,1091,1091,4443941,212051,212377,224804,224904,12.427000,12.753000
206,3716,3716,4e84943,238804,239130,251839,251939,12.709000,13.035000
206,2750,2750,4abe940,281051,281377,288713,288813,7.336000,7.662000
206,2154,2154,486a943,300051,300385,309787,309887,9.402000,9.736000
206,3185,3185,4c71941,320051,320377,331362,331462,10.985000,11.311000
206,1823,1823,471f942,369051,369377,375928,376028,6.551000,6.877000
206,3051,3051,4beb940,369051,369377,387067,387167,17.690000,18.016000
206,2258,2258,48d2941,417051,417377,425719,425819,8.342000,8.668000
206,3083,3083,4c0b942,423051,423377,435084,435184,11.707000,12.033000
206,2155,2155,486b942,434051,434377,440946,441046,6.569000,6.895000
206,3594,3594,4e0a940,439051,439377,447939,448039,8.562000,8.888000
206,3664,3664,4e50940,451402,451736,463754,463854,12.018000,12.352000
206,4891,4891,531b940,463051,463385,473230,473330,9.845000,10.179000
206,2378,2378,494a942,484438,484764,493116,493216,8.352000,8.678000
206,3589,3589,4e05940,508051,508377,538935,539035,30.558000,30.884000
206,3567,3567,4def943,604051,604377,611706,611806,7.329000,7.655000
206,3321,3321,4cf9941,664051,664385,672704,672804,8.319000,8.653000
206,4010,4010,4faa941,678051,678385,684938,685038,6.553000,6.887000
206,3713,3713,4e81942,671051,671385,689078,689178,17.693000,18.027000
206,8311,8311,6077940,695051,695385,700949,701049,5.564000,5.898000
206,5051,5051,53bb942,724455,724789,734844,734944,10.055000,10.389000
206,6680,6680,5a18943,740051,740377,751332,751432,10.955000,11.281000
206,5337,5337,54d9943,896051,896377,907894,907994,11.517000,11.843000
206,7318,7318,5c96940,943051,943385,949949,950049,6.564000,6.898000
206,6296,6296,5898943,990051,990377,1000241,1000341,9.864000,10.190000
206,7797,7797,5e75940,1059051,1059385,1067647,1067747,8.262000,8.596000
206,6699,6699,5a2b942,1091051,1091377,1096143,1096243,4.766000,5.092000
206,6602,6602,59ca941,1133051,1133385,1139750,1139850,6.365000,6.699000
206,5440,5440,5540942,1139665,1139991,1167081,1167181,27.090000,27.416000
206,7035,7035,5b7b943,1267051,1267385,1275234,1275334,7.849000,8.183000
206,8112,8112,5fb0943,1285051,1285385,1290131,1290231,4.746000,5.080000
206,7613,7613,5dbd941,1298416,1298742,1310220,1310320,11.478000,11.804000
206,7119,7119,5bcf941,1310051,1310377,1321797,1321897,11.420000,11.746000
206,8250,8250,603a942,1327051,1327385,1345189,1345289,17.804000,18.138000
206,8802,8802,6262942,1370051,1370377,1379479,1379579,9.102000,9.428000
206,7936,7936,5f00941,1382051,1382385,1392368,1392468,9.983000,10.317000
206,9469,9469,64fd942,1453051,1453385,1469491,1469591,16.106000,16.440000
206,8767,8767,623f943,1651051,1651377,1657917,1658017,6.540000,6.866000
206,10507,10507,690b943,1651051,1651377,1662135,1662235,10.758000,11.084000
206,6700,6700,5a2c942,1667051,1667377,1680295,1680395,12.918000,13.244000
206,10976,10976,6ae0942,1679051,1679385,1685943,1686043,6.558000,6.892000
206,8009,8009,5f49943,1690051,1690377,1696040,1696140,5.663000,5.989000
206,8202,8202,600a942,1693051,1693385,1700249,1700349,6.864000,7.198000
206,9235,9235,6413940,1714051,1714385,1722636,1722736,8.251000,8.585000
206,7239,7239,5c47942,1848051,1848385,1857002,1857102,8.617000,8.951000
206,9051,9051,635b941,1976051,1976385,1988283,1988383,11.898000,12.232000
206,10206,10206,67de942,2045051,2045377,2055345,2055445,9.968000,10.294000
206,9618,9618,6592942,2472051,2472385,2481606,2481706,9.221000,9.555000
207,524,524,420c942,55051,55377,65317,65417,9.940000,10.266000
207,436,436,41b4941,96051,96385,112697,112797,16.312000,16.646000
207,54,54,4036943,108051,108377,119421,119521,11.044000,11.370000
207,1838,1838,472e942,163051,163377,169801,169901,6.424000,6.750000
207,2231,2231,48b7941,268431,268757,282351,282451,13.594000,13.920000
207,3043,3043,4be3941,327051,327385,337347,337447,9.962000,10.296000
207,2096,2096,4830940,345051,345377,359301,359401,13.924000,14.250000
207,2999,2999,4bb7943,433051,433377,439913,440013,6.536000,6.862000
207,2567,2567,4a07940,436051,436385,445466,445566,9.081000,9.415000
207,2289,2289,48f1941,452051,452377,459786,459886,7.409000,7.735000
207,2761,2761,4ac9942,501051,501377,507915,508015,6.538000,6.864000
207,3037,3037,4bdd941,499051,499377,513337,513437,13.960000,14.286000
207,1839,1839,472f943,517050,517377,527298,527398,9.921000,10.248000
207,1641,1641,4669940,517050,517377,543381,543481,26.004000,26.331000
207,1580,1580,462c940,523050,523385,548871,548971,25.486000,25.821000
207,3501,3501,4dad940,554051,554385,567067,567167,12.682000,13.016000
207,5077,5077,53d5942,658051,658377,663120,663220,4.743000,5.069000
207,6048,6048,57a0940,683051,683377,703069,703169,19.692000,20.018000
207,4674,4674,5242940,752051,752385,769481,769581,17.096000,17.430000
207,5446,5446,5546942,885051,885385,896279,896379,10.894000,11.228000
207,5072,5072,53d0941,909051,909385,920221,920321,10.836000,11.170000
207,8800,8800,6260940,940051,940385,956299,956399,15.914000,16.248000
207,5982,5982,575e940,993051,993377,1006060,1006160,12.683000,13.009000
207,6953,6953,5b29943,1058464,1058798,1067096,1067196,8.298000,8.632000
207,7115,7115,5bcb941,1088051,1088377,1101719,1101819,13.342000,13.668000
207,6685,6685,5a1d942,1149051,1149385,1156722,1156822,7.337000,7.671000
207,10192,10192,67d0940,1262477,1262803,1271206,1271306,8.403000,8.729000
207,7597,7597,5dad941,1381051,1381377,1390489,1390589,9.112000,9.438000
207,9854,9854,667e940,1450416,1450750,1467080,1467180,16.330000,16.664000
207,5561,5561,55b9942,1540051,1540385,1554789,1554889,14.404000,14.738000
207,7361,7361,5cc1940,1627051,1627385,1635674,1635774,8.289000,8.623000
207,7784,7784,5e68940,1667051,1667377,1678189,1678289,10.812000,11.138000
207,10361,10361,6879943,1695051,1695385,1705340,1705440,9.955000,10.289000
207,10251,10251,680b941,1807051,1807377,1816450,1816550,9.073000,9.399000
207,9788,9788,663c940,1992051,1992377,2003201,2003301,10.824000,11.150000
207,10204,10204,67dc942,2039051,2039385,2050209,2050310,10.824000,11.158000
207,10696,10696,69c8942,2147051,2147377,2159358,2159458,11.981000,12.307000
207,9231,9231,640f940,2372051,2372377,2384947,2385047,12.570000,12.896000
208,73,73,4049940,73051,73385,83447,83547,10.062000,10.396000
208,50,50,4032943,132051,132385,141536,141636,9.151000,9.485000
208,456,456,41c8942,152051,152385,159597,159697,7.212000,7.546000
208,1304,1304,4518941,173051,173385,190956,191056,17.571000,17.905000
208,1829,1829,4725942,289051,289377,301234,301334,11.857000,12.183000
208,1789,1789,46fd941,321051,321385,329673,329773,8.288000,8.622000
208,2056,2056,4808941,373438,373764,381986,382086,8.222000,8.548000
208,1263,1263,44ef940,426051,426377,432885,432985,6.508000,6.834000
208,3050,3050,4bea943,457051,457377,468350,468450,10.973000,11.299000
208,2802,2802,4af2942,528051,528385,543162,543262,14.777000,15.111000
208,4560,4560,51d0943,603051,603385,611700,611800,8.315000,8.649000
208,4659,4659,5233942,597051,597377,615873,615973,18.496000,18.822000
208,2260,2260,48d4943,601051,601385,620062,620162,18.677000,19.011000
208,3655,3655,4e47943,618852,619178,637661,637761,18.483000,18.809000
208,3482,3482,4d9a941,678051,678377,683962,684062,5.585000,5.911000
208,3134,3134,4c3e940,721051,721377,729676,729776,8.299000,8.625000
208,4216,4216,5078940,748051,748377,756690,756790,8.313000,8.639000
208,6530,6530,5982943,821051,821385,831503,831603,10.118000,10.452000
208,4246,4246,5096942,854418,854752,868686,868786,13.934000,14.268000
208,3545,3545,4dd9943,849579,849905,874158,874258,24.253000,24.579000
208,5330,5330,54d2940,1074051,1074377,1088739,1088839,14.362000,14.688000
208,5562,5562,55ba942,1088773,1089099,1105061,1105161,15.962000,16.288000
208,5626,5626,55fa941,1130439,1130765,1143545,1143645,12.780000,13.106000
208,9360,9360,6490940,1186051,1186377,1199227,1199327,12.850000,13.176000
208,9791,9791,663f942,1205051,1205377,1220112,1220212,14.735000,15.061000
208,9691,9691,65db943,1308051,1308385,1320220,1320320,11.835000,12.169000
208,6246,6246,5866941,1314051,1314377,1324449,1324549,10.072000,10.398000
208,8403,8403,60d3942,1332051,1332377,1340651,1340751,8.274000,8.600000
208,10766,10766,6a0e943,1441051,1441377,1448746,1448846,7.369000,7.695000
208,10089,10089,6769943,1445051,1445377,1459558,1459658,14.181000,14.507000
208,10764,10764,6a0c943,1547439,1547765,1556077,1556177,8.312000,8.638000
208,10571,10571,694b943,1588051,1588385,1611000,1611100,22.615000,22.949000
208,8854,8854,6296942,1628051,1628385,1641097,1641197,12.712000,13.046000
208,6561,6561,59a1940,1734051,1734385,1742642,1742742,8.257000,8.591000
208,10200,10200,67d8940,1758395,1758721,1768773,1768873,10.052000,10.378000
208,9924,9924,66c4941,1861051,1861385,1868756,1868856,7.371000,7.705000
208,9440,9440,64e0943,1857051,1857385,1874213,1874313,16.828000,17.162000
208,9533,9533,653d943,1922051,1922377,1934094,1934194,11.717000,12.043000
208,10816,10816,6a40941,2071051,2071385,2082321,2082421,10.936000,11.270000
209,212,212,40d4941,228051,228385,239378,239478,10.993000,11.327000
209,1988,1988,47c4941,235051,235385,250341,250441,14.956000,15.290000
209,1346,1346,4542941,248051,248377,265664,265764,17.287000,17.613000
209,2025,2025,47e9940,252051,252377,269892,269992,17.515000,17.841000
209,1907,1907,4773942,283051,283377,289810,289910,6.433000,6.759000
209,2301,2301,48fd942,321051,321385,327873,327973,6.488000,6.822000
209,1991,1991,47c7940,368051,368385,381897,381997,13.512000,13.846000
209,3743,3743,4e9f942,393051,393385,399817,399917,6.432000,6.766000
209,3963,3963,4f7b942,398453,398779,405375,405475,6.596000,6.922000
209,2148,2148,4864943,429395,429729,439901,440001,10.172000,10.506000
209,1798,1798,4706942,443051,443385,459164,459264,15.779000,16.113000
209,1981,1981,47bd940,491051,491377,498729,498829,7.352000,7.678000
209,3343,3343,4d0f940,523050,523385,539746,539846,16.361000,16.696000
209,3859,3859,4f13940,571051,571385,577807,577907,6.422000,6.756000
209,2191,2191,488f943,571051,571377,582321,582421,10.944000,11.270000
209,3885,3885,4f2d943,576051,576385,593209,593309,16.824000,17.158000
209,5037,5037,53ad941,597051,597385,602107,602207,4.722000,5.056000
209,5970,5970,5752943,651051,651385,663693,663793,12.308000,12.642000
209,2590,2590,4a1e941,665051,665385,680025,680125,14.640000,14.974000
209,2764,2764,4acc942,692051,692377,708007,708107,15.630000,15.956000
209,4141,4141,502d940,686051,686385,713486,713586,27.101000,27.435000
209,5186,5186,5442940,758051,758385,773532,773632,15.147000,15.481000
209,4692,4692,5254940,757438,757764,784433,784533,26.669000,26.995000
209,2775,2775,4ad7940,795051,795385,802794,802894,7.409000,7.743000
209,6059,6059,57ab943,817051,817377,826590,826690,9.213000,9.539000
209,6276,6276,5884940,825051,825377,833721,833821,8.344000,8.670000
209,4755,4755,5293943,813051,813377,844603,844703,31.226000,31.552000
209,8880,8880,62b0942,894409,894743,909494,909594,14.751000,15.085000
209,3998,3998,4f9e940,903051,903385,915002,915102,11.617000,11.951000
209,4877,4877,530d941,921051,921377,930549,930649,9.172000,9.498000
209,7709,7709,5e1d940,955051,955385,968201,968301,12.816000,13.150000
209,6928,6928,5b10942,973051,973385,983390,983490,10.005000,10.339000
209,6275,6275,5883943,975051,975377,988761,988861,13.384000,13.710000
209,8766,8766,623e942,1011051,1011377,1019694,1019794,8.317000,8.643000
209,7509,7509,5d55942,1044051,1044377,1058909,1059009,14.532000,14.858000
209,7477,7477,5d35943,1049051,1049385,1064383,1064483,14.998000,15.332000
209,4892,4892,531c943,1101051,1101377,1126616,1126716,25.239000,25.565000
209,8258,8258,6042943,1170051,1170377,1180429,1180529,10.052000,10.378000
209,8653,8653,61cd943,1182051,1182377,1199173,1199273,16.796000,17.122000
209,9651,9651,65b3943,1271051,1271377,1289896,1289996,18.519000,18.845000
209,9922,9922,66c2943,1548435,1548761,1558817,1558917,10.056000,10.382000
209,8773,8773,6245940,1607051,1607385,1612962,1613062,5.577000,5.911000
209,8796,8796,625c942,1609051,1609377,1621188,1621288,11.811000,12.137000
209,9324,9324,646c941,1784051,1784385,1793466,1793566,9.081000,9.415000
209,7651,7651,5de3940,1826395,1826729,1834106,1834206,7.377000,7.711000
209,9619,9619,6593943,1940051,1940385,1946881,1946981,6.496000,6.830000
209,10651,10651,699b943,2207507,2207841,2214314,2214414,6.473000,6.807000
209,10849,10849,6a61943,2331431,2331757,2341040,2341140,9.283000,9.609000
210,119,119,4077942,20051,20385,25126,25226,4.741000,5.075000
210,504,504,41f8942,33051,33385,42566,42666,9.181000,9.515000
210,626,626,4272941,176051,176385,182895,182995,6.510000,6.844000
210,1592,1592,4638941,188051,188377,206415,206515,18.038000,18.364000
210,1811,1811,4713940,209416,209742,229439,229539,19.697000,20.023000
210,2440,2440,4988941,293051,293385,305441,305541,12.056000,12.390000
210,512,512,4200940,287897,288231,309586,309686,21.355000,21.689000
210,870,870,4366942,312051,312385,320658,320758,8.273000,8.607000
210,1287,1287,4507942,320051,320377,328624,328724,8.247000,8.573000
210,1289,1289,4509942,347051,347385,359024,359124,11.639000,11.973000
210,3685,3685,4e65942,469409,469743,484845,484945,15.102000,15.436000
210,3252,3252,4cb4942,621958,622284,642285,642385,20.001000,20.327000
210,4174,4174,504e942,726051,726377,732001,732101,5.624000,5.950000
210,4484,4484,5184940,736051,736377,743778,743878,7.401000,7.727000
210,5007,5007,538f940,826051,826377,831975,832075,5.598000,5.924000
210,4473,4473,5179943,883051,883377,889911,890011,6.534000,6.860000
210,3733,3733,4e95943,893654,893988,899562,899662,5.574000,5.908000
210,4204,4204,506c943,920051,920377,928438,928538,8.061000,8.387000
210,6907,6907,5afb943,947051,947377,959286,959386,11.909000,12.235000
210,5454,5454,554e943,1007051,1007385,1013910,1014010,6.525000,6.859000
210,5971,5971,5753942,1063051,1063385,1069923,1070023,6.538000,6.872000
210,4996,4996,5384940,1071051,1071385,1077860,1077960,6.475000,6.809000
210,6945,6945,5b21942,1101893,1102219,1136731,1136831,34.512000,34.838000
210,9084,9084,637c943,1412051,1412385,1421583,1421683,9.198000,9.532000
210,10966,10966,6ad6943,1463402,1463736,1472966,1473066,9.230000,9.564000
210,10024,10024,6728942,1647051,1647385,1659219,1659319,11.834000,12.168000
210,8105,8105,5fa9940,1646051,1646385,1665340,1665440,18.955000,19.289000
210,9843,9843,6673940,1677051,1677377,1692905,1693005,15.528000,15.854000
210,9133,9133,63ad943,1766051,1766377,1774357,1774457,7.980000,8.306000
210,9098,9098,638a941,1844051,1844385,1850921,1851021,6.536000,6.870000
210,10767,10767,6a0f942,1943051,1943377,1948143,1948243,4.766000,5.092000
210,9967,9967,66ef940,2175051,2175377,2181927,2182027,6.550000,6.876000
210,10901,10901,6a95940,2204051,2204377,2213569,2213669,9.192000,9.518000
211,61,61,403d940,42051,42385,48013,48113,5.628000,5.962000
211,1186,1186,44a2942,67051,67377,78251,78351,10.874000,11.200000
211,542,542,421e942,97051,97377,103855,103955,6.478000,6.804000
211,1300,1300,4514942,104424,104750,110362,110462,5.612000,5.938000
211,1674,1674,468a942,168051,168385,189222,189322,20.837000,21.171000
211,1847,1847,4737942,214051,214385,220845,220945,6.460000,6.794000
211,2071,2071,4817941,235051,235385,245423,245523,10.038000,10.372000
211,2068,2068,4814940,283051,283385,291330,291430,7.945000,8.279000
211,1883,1883,475b940,300051,300385,308688,308788,8.303000,8.637000
211,1212,1212,44bc943,300051,300385,314200,314300,13.815000,14.149000
211,972,972,43cc942,350051,350385,359558,359658,9.173000,9.507000
211,1317,1317,4525943,380051,380385,389555,389655,9.170000,9.504000
211,3074,3074,4c02943,391051,391377,396934,397034,5.557000,5.883000
211,2644,2644,4a54940,452051,452377,465309,465409,12.932000,13.258000
211,3812,3812,4ee4941,476051,476377,483788,483888,7.411000,7.737000
211,2955,2955,4b8b940,520050,520377,528689,528789,8.312000,8.639000
211,4468,4468,5174942,533051,533377,540841,540941,7.464000,7.790000
211,2032,2032,47f0941,536051,536377,550911,551011,14.534000,14.860000
211,2319,2319,490f942,559051,559377,567390,567490,8.013000,8.339000
211,2198,2198,4896941,591051,591377,604084,604184,12.707000,13.033000
211,6106,6106,57da941,688051,688377,698910,699010,10.533000,10.859000
211,2945,2945,4b81942,734051,734385,747176,747276,12.791000,13.125000
211,4145,4145,5031941,784051,784385,793535,793635,9.150000,9.484000
211,6295,6295,5897943,807127,807461,812996,813096,5.535000,5.869000
211,6950,6950,5b26942,848051,848377,854868,854968,6.491000,6.817000
211,5377,5377,5501942,854051,854377,867531,867631,13.154000,13.480000
211,4631,4631,5217940,981051,981377,988818,988918,7.441000,7.767000
211,7162,7162,5bfa941,1041051,1041377,1047007,1047107,5.630000,5.956000
211,4822,4822,52d6942,1045051,1045377,1053704,1053804,8.327000,8.653000
211,6271,6271,587f942,1144051,1144385,1154545,1154645,10.160000,10.494000
211,5170,5170,5432943,1136051,1136377,1158785,1158885,22.408000,22.734000
211,8925,8925,62dd940,1145051,1145385,1175147,1175247,29.762000,30.096000
211,5292,5292,54ac941,1174051,1174377,1186045,1186145,11.668000,11.994000
211,6729,6729,5a49941,1295051,1295377,1310691,1310791,15.314000,15.640000
211,7040,7040,5b80941,1434051,1434385,1444492,1444592,10.107000,10.441000
211,5913,5913,5719940,1564439,1564765,1570457,1570557,5.692000,6.018000
211,8294,8294,6066941,1582051,1582377,1598492,1598592,16.115000,16.441000
211,8237,8237,602d940,1712051,1712385,1730944,1731044,18.559000,18.893000
211,10724,10724,69e4941,1749258,1749584,1755185,1755285,5.601000,5.927000
211,9216,9216,6400941,1771051,1771377,1779719,1779819,8.342000,8.668000
211,6889,6889,5ae9940,1802051,1802385,1807961,1808061,5.576000,5.910000
211,9147,9147,63bb941,1849051,1849385,1859443,1859543,10.058000,10.392000
211,10318,10318,684e941,1881051,1881385,1888731,1888831,7.346000,7.680000
212,269,269,410d940,25051,25385,33738,33838,8.353000,8.687000
212,782,782,430e943,70431,70757,86387,86487,15.630000,15.956000
212,102,102,4066943,85051,85385,93659,93759,8.274000,8.608000
212,219,219,40db941,94051,94377,101793,101893,7.416000,7.742000
212,1102,1102,444e943,108051,108377,119369,119469,10.992000,11.318000
212,945,945,43b1941,200051,200377,208675,208775,8.298000,8.624000
212,3187,3187,4c73941,225402,225736,234103,234203,8.367000,8.701000
212,3607,3607,4e17943,271051,271385,278943,279043,7.558000,7.892000
212,2359,2359,4937941,342051,342377,351522,351622,9.145000,9.471000
212,1933,1933,478d941,391051,391385,402361,402461,10.976000,11.310000
212,4076,4076,4fec942,520050,520385,526896,526996,6.511000,6.846000
212,4265,4265,50a9943,571051,571385,578058,578158,6.673000,7.007000
212,2952,2952,4b88943,611051,611377,617851,617951,6.474000,6.800000
212,4310,4310,50d6942,611051,611377,628857,628957,17.480000,17.806000
212,3972,3972,4f84941,737051,737377,743029,743129,5.652000,5.978000
212,8505,8505,6139940,753051,753377,774529,774629,21.152000,21.478000
212,8707,8707,6203942,885051,885377,893675,893775,8.298000,8.624000
212,3916,3916,4f4c940,886051,886385,899636,899736,13.251000,13.585000
212,2901,2901,4b55943,885051,885385,903835,903935,18.450000,18.784000
212,5284,5284,54a4940,954051,954377,961768,961868,7.391000,7.717000
212,5961,5961,5749943,973051,973385,994219,994319,20.834000,21.168000
212,4339,4339,50f3943,991051,991385,999678,999778,8.293000,8.627000
212,7705,7705,5e19943,1098051,1098385,1104865,1104965,6.480000,6.814000
212,6231,6231,5857941,1099051,1099377,1110350,1110450,10.973000,11.299000
212,7791,7791,5e6f943,1108828,1109162,1115798,1115898,6.636000,6.970000
212,8434,8434,60f2943,1103051,1103377,1121276,1121376,17.899000,18.225000
212,7100,7100,5bbc943,1169051,1169377,1182456,1182556,13.079000,13.405000
212,7034,7034,5b7a942,1192051,1192377,1202419,1202519,10.042000,10.368000
212,7379,7379,5cd3942,1197051,1197377,1220031,1220131,22.654000,22.980000
212,7440,7440,5d10942,1311051,1311385,1320781,1320881,9.396000,9.730000
212,9538,9538,6542943,1406051,1406377,1418422,1418522,12.045000,12.371000
212,5464,5464,5558943,1527051,1527377,1538378,1538478,11.001000,11.327000
212,8315,8315,607b940,1586051,1586385,1592006,1592106,5.621000,5.955000
212,10344,10344,6868941,1808051,1808377,1816649,1816749,8.272000,8.598000
212,10479,10479,68ef941,2046051,2046377,2061723,2061823,15.346000,15.672000
213,766,766,42fe943,80416,80742,86414,86514,5.672000,5.998000
213,1216,1216,44c0942,99051,99385,106720,106820,7.335000,7.669000
213,858,858,435a943,105051,105377,112841,112941,7.464000,7.790000
213,1232,1232,44d0941,146537,146863,152559,152659,5.696000,6.022000
213,806,806,4326940,172051,172385,177450,177550,5.065000,5.399000
213,850,850,4352943,216051,216377,228675,228775,12.298000,12.624000
213,1011,1011,43f3943,244395,244729,254896,254996,10.167000,10.501000
213,1508,1508,45e4943,365051,365377,371861,371961,6.484000,6.810000
213,3265,3265,4cc1943,405051,405377,415447,415547,10.070000,10.396000
213,1390,1390,456e941,416051,416385,421088,421188,4.703000,5.037000
213,2081,2081,4821943,424051,424377,430870,430970,6.493000,6.819000
213,5338,5338,54da943,546051,546385,552918,553018,6.533000,6.867000
213,2810,2810,4afa943,548051,548385,558290,558390,9.905000,10.239000
213,5528,5528,5598941,550051,550377,563786,563886,13.409000,13.735000
213,1780,1780,46f4941,570410,570736,578169,578269,7.433000,7.759000
213,5990,5990,5766942,654051,654377,659130,659230,4.753000,5.079000
213,3625,3625,4e29940,659051,659385,670932,671032,11.547000,11.881000
213,5504,5504,5580940,683051,683377,697258,697358,13.881000,14.207000
213,3786,3786,4eca941,702051,702385,719634,719734,17.249000,17.583000
213,6277,6277,5885940,728051,728385,735721,735821,7.336000,7.670000
213,3783,3783,4ec7941,739051,739385,757856,757956,18.471000,18.805000
213,5614,5614,55ee941,864051,864385,874711,874811,10.326000,10.660000
213,6995,6995,5b53940,888446,888780,900678,900778,11.898000,12.232000
213,7220,7220,5c34943,907051,907385,918536,918636,11.151000,11.485000
213,7660,7660,5dec943,969051,969385,977695,977795,8.310000,8.644000
213,6217,6217,5849942,1078051,1078377,1087518,1087618,9.141000,9.467000
213,8981,8981,6315940,1174051,1174377,1194149,1194249,19.772000,20.098000
213,7229,7229,5c3d941,1212051,1212385,1217963,1218063,5.578000,5.912000
213,6493,6493,595d940,1224051,1224377,1239910,1240010,15.533000,15.859000
213,8851,8851,6293943,1319454,1319788,1327123,1327223,7.335000,7.669000
213,7201,7201,5c21940,1361051,1361377,1369055,1369155,7.678000,8.004000
213,9407,9407,64bf940,1366051,1366377,1380041,1380141,13.664000,13.990000
213,7234,7234,5c42941,1429051,1429385,1438479,1438579,9.094000,9.428000
213,9021,9021,633d942,1453439,1453765,1463134,1463234,9.369000,9.695000
213,7105,7105,5bc1940,1492051,1492385,1506922,1507022,14.537000,14.871000
213,9214,9214,63fe942,1507051,1507377,1515571,1515671,8.194000,8.520000
213,9653,9653,65b5942,1558051,1558385,1564948,1565048,6.563000,6.897000
213,9973,9973,66f5942,1582051,1582385,1590680,1590780,8.295000,8.629000
213,6502,6502,5966941,1604051,1604377,1620778,1620878,16.401000,16.727000
213,9539,9539,6543942,1632051,1632385,1640647,1640747,8.262000,8.596000
213,10232,10232,67f8940,1631051,1631385,1644894,1644994,13.509000,13.843000
213,9792,9792,6640941,1738438,1738764,1746172,1746272,7.408000,7.734000
213,9194,9194,63ea941,1786051,1786377,1795503,1795603,9.126000,9.452000
213,10150,10150,67a6941,1928051,1928385,1945123,1945223,16.738000,17.072000
213,10923,10923,6aab940,2310051,2310377,2315974,2316074,5.597000,5.923000
214,194,194,40c2942,24051,24385,30931,31031,6.546000,6.880000
214,1668,1668,4684940,163446,163780,172928,173028,9.148000,9.482000
214,708,708,42c4943,172051,172385,179757,179857,7.372000,7.706000
214,53,53,4035942,178051,178377,188478,188578,10.101000,10.427000
214,1771,1771,46eb941,182051,182377,199346,199446,16.969000,17.295000
214,2095,2095,482f943,211051,211385,221642,221742,10.257000,10.591000
214,1684,1684,4694941,267051,267385,278655,278755,11.270000,11.604000
214,2366,2366,493e941,282051,282385,290607,290707,8.222000,8.556000
214,1410,1410,4582943,299051,299377,304979,305079,5.602000,5.928000
214,720,720,42d0940,285051,285385,312273,312373,26.888000,27.222000
214,1169,1169,4491940,299051,299385,317711,317811,18.326000,18.660000
214,445,445,41bd940,311051,311385,323200,323300,11.815000,12.149000
214,3465,3465,4d89943,377051,377385,384804,384904,7.419000,7.753000
214,2369,2369,4941941,388051,388377,397957,398057,9.580000,9.906000
214,4180,4180,5054942,473051,473377,479957,480057,6.580000,6.906000
214,4113,4113,5011941,500051,500377,516091,516191,15.714000,16.040000
214,2458,2458,499a943,570051,570385,580584,580684,10.199000,10.533000
214,2889,2889,4b49943,581051,581377,589661,589761,8.284000,8.610000
214,3476,3476,4d94941,635051,635385,644486,644586,9.101000,9.435000
214,2657,2657,4a61941,670051,670377,675116,675216,4.739000,5.065000
214,6330,6330,58ba941,713051,713377,722525,722625,9.148000,9.474000
214,7265,7265,5c61941,737051,737385,755017,755117,17.632000,17.966000
214,4331,4331,50eb940,749051,749377,760221,760321,10.844000,11.170000
214,4226,4226,5082941,753847,754173,774408,774508,20.235000,20.561000
214,6258,6258,5872941,758051,758377,785431,785531,27.054000,27.380000
214,8397,8397,60cd941,781051,781385,790850,790950,9.465000,9.799000
214,5403,5403,551b940,822051,822377,833509,833609,11.132000,11.458000
214,4350,4350,50fe942,865051,865377,870096,870196,4.719000,5.045000
214,5109,5109,53f5941,887051,887377,897389,897489,10.012000,10.338000
214,6418,6418,5912941,936051,936385,946455,946555,10.070000,10.404000
214,5176,5176,5438940,1114051,1114377,1120811,1120911,6.434000,6.760000
214,10580,10580,6954941,1247439,1247765,1257045,1257145,9.280000,9.606000
214,5138,5138,5412941,1338385,1338711,1347846,1347946,9.135000,9.461000
214,10216,10216,67e8943,1343051,1343385,1364542,1364642,21.157000,21.491000
214,10288,10288,6830943,1353783,1354109,1371981,1372081,17.872000,18.198000
214,8526,8526,614e940,1390051,1390377,1403574,1403674,13.197000,13.523000
214,8306,8306,6072943,1469051,1469377,1475844,1475944,6.467000,6.793000
214,8789,8789,6255941,1570051,1570377,1576841,1576941,6.464000,6.790000
214,8542,8542,615e943,1581416,1581742,1589238,1589338,7.496000,7.822000
214,7733,7733,5e35943,1586051,1586385,1593436,1593536,7.051000,7.385000
214,8241,8241,6031941,1620051,1620385,1649190,1649290,28.805000,29.139000
214,10160,10160,67b0941,1795051,1795385,1805426,1805526,10.041000,10.375000
214,9846,9846,6676940,1839051,1839377,1851144,1851244,11.767000,12.093000
214,9451,9451,64eb941,1967051,1967377,1972098,1972198,4.721000,5.047000
215,817,817,4331942,49684,50018,61126,61226,11.108000,11.442000
215,648,648,4288941,105787,106113,112602,112702,6.489000,6.815000
215,160,160,40a0941,104051,104385,117126,117226,12.741000,13.075000
215,582,582,4246943,136395,136721,141458,141558,4.737000,5.063000
215,982,982,43d6941,198395,198721,217322,217422,18.601000,18.927000
215,1832,1832,4728943,216051,216385,225490,225590,9.105000,9.439000
215,1363,1363,4553941,250051,250385,260525,260625,10.140000,10.474000
215,3894,3894,4f36940,254051,254377,273355,273455,18.978000,19.304000
215,1785,1785,46f9942,273051,273385,286133,286233,12.748000,13.082000
215,2001,2001,47d1942,358051,358377,366604,366704,8.227000,8.553000
215,2710,2710,4a96940,382051,382377,398923,399023,16.546000,16.872000
215,2432,2432,4980940,417051,417385,431725,431825,14.340000,14.674000
215,4536,4536,51b8943,463051,463377,468173,468273,4.796000,5.122000
215,2278,2278,48e6941,450051,450377,473571,473671,23.194000,23.520000
215,1607,1607,4647943,462051,462377,479105,479205,16.728000,17.054000
215,2910,2910,4b5e943,603051,603385,612584,612684,9.199000,9.533000
215,4660,4660,5234942,615051,615385,620108,620208,4.723000,5.057000
215,3493,3493,4da5941,768051,768377,778443,778543,10.066000,10.392000
215,4349,4349,50fd941,778051,778385,784012,784112,5.627000,5.961000
215,7666,7666,5df2942,773051,773377,789971,790071,16.594000,16.920000
215,3320,3320,4cf8940,803051,803377,810803,810903,7.426000,7.752000
215,5902,5902,570e943,832051,832377,840508,840608,8.131000,8.457000
215,5753,5753,5679942,848051,848385,857638,857738,9.253000,9.587000
215,6863,6863,5acf943,886051,886385,892936,893036,6.551000,6.885000
215,3407,3407,4d4f940,923051,923377,936086,936186,12.709000,13.035000
215,4737,4737,5281941,953052,953378,961565,961665,8.187000,8.513000
215,7436,7436,5d0c941,952395,952729,967004,967104,14.275000,14.609000
215,7267,7267,5c63943,971051,971385,980475,980575,9.090000,9.424000
215,6751,6751,5a5f941,983051,983377,993016,993116,9.639000,9.965000
215,5693,5693,563d942,1096051,1096385,1105451,1105551,9.066000,9.400000
215,6180,6180,5824940,1108051,1108385,1128312,1128412,19.927000,20.261000
215,8894,8894,62be943,1176051,1176377,1182896,1182996,6.519000,6.845000
215,6773,6773,5a75942,1233051,1233377,1239848,1239948,6.471000,6.797000
215,7420,7420,5cfc941,1245464,1245798,1252307,1252407,6.509000,6.843000
215,6372,6372,58e4941,1266051,1266385,1284036,1284136,17.651000,17.985000
215,9038,9038,634e942,1311051,1311385,1336546,1336646,25.161000,25.495000
215,9232,9232,6410942,1395051,1395385,1406287,1406387,10.902000,11.236000
215,9160,9160,63c8942,1488051,1488377,1494953,1495053,6.576000,6.902000
215,9648,9648,65b0940,1557051,1557377,1569175,1569275,11.798000,12.124000
215,9646,9646,65ae940,1562051,1562377,1576895,1576995,14.518000,14.844000
215,10373,10373,6885942,1822416,1822742,1832098,1832198,9.356000,9.682000
215,9705,9705,65e9943,1952051,1952377,1960566,1960666,8.189000,8.515000
215,10363,10363,687b941,1970051,1970385,1978623,1978723,8.238000,8.572000
215,10215,10215,67e7943,2310051,2310377,2321306,2321406,10.929000,11.255000
216,122,122,407a943,27051,27385,38430,38530,11.045000,11.379000
216,32,32,4020941,29051,29385,43775,43875,14.390000,14.724000
216,230,230,40e6941,67051,67385,74387,74487,7.002000,7.336000
216,366,366,416e942,81051,81377,90566,90666,9.189000,9.515000
216,572,572,423c942,134051,134385,141759,141859,7.374000,7.708000
216,908,908,438c943,194051,194377,205306,205406,10.929000,11.255000
216,2181,2181,4885942,268051,268377,273999,274099,5.622000,5.948000
216,2254,2254,48ce942,306425,306759,314115,314215,7.356000,7.690000
216,3668,3668,4e54941,410051,410385,417755,417855,7.370000,7.704000
216,1623,1623,4657941,432446,432780,447121,447221,14.341000,14.675000
216,1472,1472,45c0941,445051,445377,451795,451895,6.418000,6.744000
216,4297,4297,50c9940,499051,499377,508339,508439,8.962000,9.288000
216,4811,4811,52cb942,511324,511658,517410,517510,5.752000,6.086000
216,5427,5427,5533943,529431,529757,537239,537339,7.482000,7.808000
216,3765,3765,4eb5943,563051,563377,577062,577162,13.685000,14.011000
216,5667,5667,5623940,644051,644385,652726,652826,8.341000,8.675000
216,5467,5467,555b943,658453,658779,680191,680291,21.412000,21.738000
216,6281,6281,5889940,701051,701385,709617,709717,8.232000,8.566000
216,4415,4415,513f941,817051,817385,822993,823093,5.608000,5.942000
216,9335,9335,6477940,850051,850385,863068,863168,12.683000,13.017000
216,6034,6034,5792942,930051,930385,940480,940580,10.095000,10.429000
216,6385,6385,58f1941,932051,932385,947193,947293,14.808000,15.142000
216,5889,5889,5701942,946051,946385,960082,960182,13.697000,14.031000
216,5154,5154,5422943,994434,994760,1013148,1013248,18.388000,18.714000
216,5285,5285,54a5942,1038051,1038377,1056339,1056439,17.962000,18.288000
216,9386,9386,64aa940,1087051,1087377,1093908,1094008,6.531000,6.857000
216,6734,6734,5a4e942,1095051,1095377,1106177,1106277,10.800000,11.126000
216,6746,6746,5a5a940,1132051,1132377,1139864,1139964,7.487000,7.813000
216,7811,7811,5e83943,1155051,1155377,1161936,1162036,6.559000,6.885000
216,8162,8162,5fe2940,1195051,1195385,1207311,1207411,11.926000,12.260000
216,6563,6563,59a3941,1220453,1220779,1247808,1247908,27.029000,27.355000
216,6667,6667,5a0b941,1293051,1293385,1303499,1303599,10.114000,10.448000
216,8597,8597,6195942,1408051,1408377,1429315,1429415,20.938000,21.264000
216,7693,7693,5e0d943,1433051,1433377,1440787,1440887,7.410000,7.736000
216,5600,5600,55e0942,1482051,1482377,1489840,1489940,7.463000,7.789000
216,7629,7629,5dcd942,1502051,1502385,1515787,1515887,13.402000,13.736000
216,8862,8862,629e941,1520402,1520736,1534424,1534524,13.688000,14.022000
216,8516,8516,6144941,1533051,1533377,1545310,1545410,11.933000,12.259000
216,9772,9772,662c942,1568051,1568385,1574949,1575049,6.564000,6.898000
216,5780,5780,5694942,1570051,1570385,1580368,1580468,9.983000,10.317000
216,9338,9338,647a943,1631051,1631377,1638866,1638966,7.489000,7.815000
216,7714,7714,5e22943,1641051,1641385,1653270,1653370,11.885000,12.219000
216,7503,7503,5d4f940,1806051,1806385,1811958,1812058,5.573000,5.907000
216,9622,9622,6596941,1819051,1819385,1824958,1825058,5.573000,5.907000
216,8127,8127,5fbf940,1968051,1968377,1976720,1976820,8.343000,8.669000
217,158,158,409e943,102051,102385,113253,113353,10.868000,11.202000
217,250,250,40fa941,114051,114377,123612,123712,9.235000,9.561000
217,422,422,41a6942,130051,130377,141917,142017,11.540000,11.866000
217,1505,1505,45e1942,167051,167385,177517,177617,10.132000,10.466000
217,2338,2338,4922943,188051,188377,196049,196149,7.672000,7.998000
217,1083,1083,443b943,212051,212377,222073,222173,9.696000,10.022000
217,1090,1090,4442941,213051,213377,238596,238696,25.219000,25.545000
217,3544,3544,4dd8943,233402,233736,244086,244186,10.350000,10.684000
217,1069,1069,442d943,240051,240377,248295,248395,7.918000,8.244000
217,1954,1954,47a2940,312051,312385,332156,332256,19.771000,20.105000
217,1487,1487,45cf943,439051,439377,446759,446859,7.382000,7.708000
217,4878,4878,530e943,720051,720377,729540,729640,9.163000,9.489000
217,5505,5505,5581942,795051,795385,811988,812088,16.603000,16.937000
217,6568,6568,59a8942,945051,945385,953695,953795,8.310000,8.644000
217,7019,7019,5b6b942,992051,992377,998015,998115,5.638000,5.964000
217,5874,5874,56f2943,1073051,1073377,1087043,1087143,13.666000,13.992000
217,8053,8053,5f75941,1125051,1125377,1134559,1134659,9.182000,9.508000
217,10499,10499,6903943,1133051,1133385,1142750,1142850,9.365000,9.699000
217,8020,8020,5f54940,1168051,1168385,1182150,1182250,13.765000,14.099000
217,2944,2944,4b80942,1191051,1191377,1198787,1198887,7.410000,7.736000
217,7575,7575,5d97942,1239051,1239385,1247066,1247166,7.681000,8.015000
217,9137,9137,63b1942,1439051,1439385,1451061,1451161,11.676000,12.010000
217,10414,10414,68ae941,1484051,1484377,1494534,1494634,10.157000,10.483000
217,5736,5736,5668940,1594051,1594385,1603581,1603681,9.196000,9.530000
217,9882,9882,669a942,1622439,1622765,1632932,1633032,10.167000,10.493000
217,8596,8596,6194941,1639051,1639385,1644964,1645064,5.579000,5.913000
217,10111,10111,677f942,1664051,1664377,1674493,1674593,10.116000,10.442000
217,8669,8669,61dd943,1695439,1695773,1706780,1706880,11.007000,11.341000
217,9894,9894,66a6943,1756051,1756385,1763247,1763347,6.862000,7.196000
217,9248,9248,6420940,1769454,1769788,1778052,1778152,8.264000,8.598000
217,9558,9558,6556943,1767051,1767385,1783413,1783513,16.028000,16.362000
217,10266,10266,681a941,1833051,1833385,1839039,1839139,5.654000,5.988000
217,9101,9101,638d940,1916051,1916377,1921142,1921242,4.765000,5.091000
217,10081,10081,6761940,2133051,2133385,2138084,2138184,4.699000,5.033000
217,8673,8673,61e1940,2235051,2235377,2241857,2241957,6.480000,6.806000
218,420,420,41a4940,56051,56385,65582,65682,9.197000,9.531000
218,226,226,40e2940,85051,85385,98908,99008,13.523000,13.857000
218,668,668,429c941,97051,97377,107872,107972,10.495000,10.821000
218,162,162,40a2943,108051,108385,114888,114988,6.503000,6.837000
218,827,827,433b940,131431,131757,157372,157472,25.615000,25.941000
218,1533,1533,45fd940,156582,156908,163419,163519,6.511000,6.837000
218,1066,1066,442a943,181051,181385,189727,189827,8.342000,8.676000
218,1866,1866,474a941,287051,287377,294765,294865,7.388000,7.714000
218,2022,2022,47e6942,296051,296385,317155,317255,20.770000,21.104000
218,2106,2106,483a943,303051,303377,322500,322600,19.123000,19.449000
218,1691,1691,469b943,320558,320884,326709,326809,5.825000,6.151000
218,2293,2293,48f5941,424416,424742,430451,430551,5.709000,6.035000
218,2197,2197,4895942,439451,439785,451292,451392,11.507000,11.841000
218,4183,4183,5057940,487051,487385,494794,494894,7.409000,7.743000
218,1311,1311,451f940,490051,490377,498960,499060,8.583000,8.909000
218,7064,7064,5b98943,507051,507377,518294,518394,10.917000,11.243000
218,2808,2808,4af8942,528051,528385,538481,538581,10.096000,10.430000
218,1764,1764,46e4941,549051,549377,555878,555978,6.501000,6.827000
218,4518,4518,51a6940,668051,668385,677588,677688,9.203000,9.537000
218,3989,3989,4f95940,731424,731750,743291,743391,11.541000,11.867000
218,5104,5104,53f0942,733783,734117,747501,747601,13.384000,13.718000
218,5049,5049,53b9943,744051,744385,754435,754535,10.050000,10.384000
218,4730,4730,527a943,784051,784385,797114,797214,12.729000,13.063000
218,4417,4417,5141941,814051,814377,820024,820124,5.647000,5.973000
218,4595,4595,51f3943,827051,827377,845639,845739,18.262000,18.588000
218,4777,4777,52a9940,875051,875377,884598,884698,9.221000,9.547000
218,5222,5222,5466940,886051,886377,893771,893871,7.394000,7.720000
218,5867,5867,56eb943,945768,946102,953509,953609,7.407000,7.741000
218,6030,6030,578e940,956051,956385,965585,965685,9.200000,9.534000
218,6797,6797,5a8d942,1112951,1113277,1120763,1120863,7.486000,7.812000
218,5643,5643,560b940,1160051,1160385,1167696,1167796,7.311000,7.645000
218,6534,6534,5986940,1211431,1211757,1220072,1220172,8.315000,8.641000
218,7771,7771,5e5b941,1223051,1223377,1235215,1235315,11.838000,12.164000
218,6798,6798,5a8e943,1242051,1242385,1251810,1251910,9.425000,9.759000
218,8061,8061,5f7d942,1359051,1359385,1364123,1364223,4.738000,5.072000
218,9738,9738,660a941,1373051,1373385,1379907,1380007,6.522000,6.856000
218,8324,8324,6084942,1378051,1378377,1384149,1384249,5.772000,6.098000
218,5760,5760,5680941,1408710,1409044,1420465,1420565,11.421000,11.755000
218,10751,10751,69ff940,1426051,1426377,1433842,1433942,7.465000,7.791000
218,6906,6906,5afa940,1429051,1429385,1438161,1438261,8.776000,9.110000
218,9288,9288,6448942,1461051,1461377,1472033,1472133,10.656000,10.982000
218,7419,7419,5cfb943,1480051,1480377,1489681,1489781,9.304000,9.630000
218,10625,10625,6981943,1553051,1553377,1561667,1561767,8.290000,8.616000
218,9422,9422,64ce940,1555051,1555377,1565911,1566011,10.534000,10.860000
218,10419,10419,68b3941,1614051,1614385,1620020,1620120,5.635000,5.969000
218,10112,10112,6780942,1669410,1669736,1680759,1680859,11.023000,11.349000
218,8610,8610,61a2941,1745051,1745377,1753696,1753796,8.319000,8.645000
218,7672,7672,5df8942,1908051,1908385,1914077,1914177,5.692000,6.026000
218,10417,10417,68b1941,1906051,1906385,1919494,1919594,13.109000,13.443000
218,8000,8000,5f40941,1937051,1937385,1946644,1946744,9.259000,9.593000
218,10022,10022,6726941,1987051,1987385,1994769,1994869,7.384000,7.718000
218,10567,10567,6947941,1998051,1998377,2003976,2004076,5.599000,5.925000
218,8846,8846,628e940,2291484,2291818,2299171,2299271,7.353000,7.687000
219,800,800,4320942,122181,122507,131660,131760,9.153000,9.479000
219,1466,1466,45ba941,125051,125377,137154,137254,11.777000,12.103000
219,1100,1100,444c940,145051,145385,150986,151086,5.601000,5.935000
219,2935,2935,4b77941,136051,136385,155184,155284,18.799000,19.133000
219,1475,1475,45c3941,171051,171385,180540,180640,9.155000,9.489000
219,2537,2537,49e9941,262840,263166,280481,280581,17.315000,17.641000
219,4037,4037,4fc5941,311051,311385,318728,318828,7.343000,7.677000
219,1682,1682,4692941,368051,368377,394263,394363,25.886000,26.212000
219,2616,2616,4a38942,442051,442385,447993,448093,5.608000,5.942000
219,3264,3264,4cc0943,613446,613780,620318,620418,6.538000,6.872000
219,3386,3386,4d3a941,632464,632790,648375,648475,15.585000,15.911000
219,3498,3498,4daa940,630051,630377,653855,653955,23.478000,23.804000
219,4130,4130,5022941,657051,657377,669789,669889,12.412000,12.738000
219,5497,5497,5579940,665051,665385,683552,683652,18.167000,18.501000
219,4118,4118,5016943,758051,758385,766606,766706,8.221000,8.555000
219,3587,3587,4e03941,766051,766377,777557,777657,11.180000,11.506000
219,5785,5785,5699941,785416,785742,794173,794273,8.431000,8.757000
219,5159,5159,5427942,801051,801377,809676,809776,8.299000,8.625000
219,6748,6748,5a5c940,904051,904377,916121,916221,11.744000,12.070000
219,4903,4903,5327943,925051,925385,931851,931951,6.466000,6.800000
219,5704,5704,5648943,951051,951377,976912,977012,25.535000,25.861000
219,6584,6584,59b8941,981051,981377,990078,990178,8.701000,9.027000
219,7557,7557,5d85940,1035051,1035377,1040964,1041064,5.587000,5.913000
219,7643,7643,5ddb940,1018051,1018377,1053008,1053108,34.631000,34.957000
219,5819,5819,56bb941,1029051,1029377,1058495,1058595,29.118000,29.444000
219,9599,9599,657f943,1091051,1091377,1098829,1098929,7.452000,7.778000
219,7292,7292,5c7c942,1107399,1107733,1116101,1116201,8.368000,8.702000
219,7566,7566,5d8e941,1125051,1125385,1130980,1131080,5.595000,5.929000
219,8637,8637,61bd940,1162051,1162385,1168954,1169054,6.569000,6.903000
219,6077,6077,57bd941,1173051,1173385,1179826,1179926,6.441000,6.775000
219,6683,6683,5a1b943,1174051,1174377,1185187,1185287,10.810000,11.136000
219,7411,7411,5cf3943,1184051,1184377,1197284,1197384,12.907000,13.233000
219,8838,8838,6286940,1281051,1281377,1287462,1287562,6.085000,6.411000
219,6722,6722,5a42941,1304051,1304377,1311833,1311933,7.456000,7.782000
219,9458,9458,64f2941,1373051,1373385,1388498,1388598,15.113000,15.447000
219,8101,8101,5fa5940,1395051,1395385,1406376,1406476,10.991000,11.325000
219,6979,6979,5b43942,1434051,1434377,1440882,1440982,6.505000,6.831000
219,7002,7002,5b5a941,1452402,1452736,1460148,1460248,7.412000,7.746000
219,8457,8457,6109940,1448051,1448385,1465634,1465734,17.249000,17.583000
219,5681,5681,5631940,1478051,1478385,1485772,1485872,7.387000,7.721000
219,6004,6004,5774942,1522051,1522377,1532621,1532721,10.244000,10.570000
219,5742,5742,566e940,1599431,1599757,1611300,1611400,11.543000,11.869000
219,8417,8417,60e1941,1654051,1654385,1661819,1661919,7.434000,7.768000
219,9633,9633,65a1943,1885051,1885377,1893739,1893839,8.362000,8.688000
219,10820,10820,6a44943,1982051,1982377,1988936,1989036,6.559000,6.885000
219,8931,8931,62e3940,2323051,2323377,2331556,2331656,8.179000,8.505000
220,81,81,4051940,29051,29385,41026,41126,11.641000,11.975000
220,132,132,4084942,61051,61385,76693,76793,15.308000,15.642000
220,654,654,428e942,67051,67377,82113,82213,14.736000,15.062000
220,842,842,434a942,85410,85736,92317,92417,6.581000,6.907000
220,468,468,41d4942,79051,79385,96511,96611,17.126000,17.460000
220,724,724,42d4943,101051,101377,126491,126591,25.114000,25.440000
220,179,179,40b3941,143051,143385,150742,150842,7.357000,7.691000
220,2168,2168,4878943,143881,144215,154903,155003,10.688000,11.022000
220,39,39,4027940,152051,152385,161693,161793,9.308000,9.642000
220,1072,1072,4430943,159051,159377,175602,175702,16.225000,16.551000
220,1636,1636,4664940,185051,185385,190173,190273,4.788000,5.122000
220,1329,1329,4531941,232051,232385,258767,258867,26.382000,26.716000
220,4520,4520,51a8942,382051,382377,388881,388981,6.504000,6.830000
220,3537,3537,4dd1942,390446,390780,404382,404482,13.602000,13.936000
220,2186,2186,488a941,522050,522377,530687,530787,8.310000,8.637000
220,3460,3460,4d84941,522050,522385,534929,535029,12.544000,12.879000
220,3763,3763,4eb3942,632402,632736,655350,655450,22.614000,22.948000
220,1924,1924,4784941,670051,670377,678690,678790,8.313000,8.639000
220,5943,5943,5737943,689051,689385,700394,700494,11.009000,11.343000
220,4485,4485,5185942,719051,719377,726773,726873,7.396000,7.722000
220,3990,3990,4f96941,735051,735385,745009,745109,9.624000,9.958000
220,5346,5346,54e2941,762051,762385,768933,769033,6.548000,6.882000
220,3291,3291,4cdb940,788051,788385,796743,796843,8.358000,8.692000
220,4668,4668,523c941,834418,834752,846382,846482,11.630000,11.964000
220,6749,6749,5a5d942,959051,959377,972079,972179,12.702000,13.028000
220,6866,6866,5ad2941,1030051,1030385,1041744,1041845,11.359000,11.693000
220,3909,3909,4f45943,1030051,1030385,1047222,1047321,16.837000,17.171000
220,6994,6994,5b52942,1172051,1172385,1178034,1178134,5.649000,5.983000
220,7727,7727,5e2f940,1167051,1167377,1194163,1194263,26.786000,27.112000
220,8712,8712,6208942,1220439,1220773,1227967,1228067,7.194000,7.528000
220,5891,5891,5703943,1224245,1224571,1232176,1232276,7.605000,7.931000
220,6514,6514,5972940,1259051,1259385,1267385,1267485,8.000000,8.334000
220,6008,6008,5778941,1265051,1265377,1276096,1276196,10.719000,11.045000
220,9384,9384,64a8940,1341861,1342195,1354515,1354615,12.320000,12.654000
220,9416,9416,64c8943,1448051,1448377,1468131,1468231,19.754000,20.080000
220,9244,9244,641c940,1571051,1571377,1588903,1589003,17.526000,17.852000
220,9547,9547,654b942,1585051,1585377,1594409,1594509,9.032000,9.358000
220,7694,7694,5e0e943,1587051,1587377,1599924,1600024,12.547000,12.873000
220,10021,10021,6725942,1631051,1631385,1638763,1638863,7.378000,7.712000
220,9435,9435,64db940,1646051,1646385,1656215,1656315,9.830000,10.164000
220,10284,10284,682c942,1653051,1653385,1662573,1662673,9.188000,9.522000
220,10453,10453,68d5941,1903051,1903377,1909906,1910006,6.529000,6.855000
220,10758,10758,6a06942,1919416,1919750,1929897,1929997,10.147000,10.481000
220,8128,8128,5fc0942,2145051,2145385,2153681,2153781,8.296000,8.630000
220,9814,9814,6656940,2479438,2479764,2488927,2489027,9.163000,9.489000
221,694,694,42b6940,66051,66385,88434,88534,22.049000,22.383000
221,522,522,420a940,106051,106385,112446,112546,6.061000,6.395000
221,466,466,41d2943,96051,96385,118454,118554,22.069000,22.403000
221,847,847,434f943,116051,116377,123876,123976,7.499000,7.825000
221,1447,1447,45a7943,133051,133385,138997,139097,5.612000,5.946000
221,267,267,410b942,136051,136377,144654,144754,8.277000,8.603000
221,801,801,4321940,164051,164377,190343,190443,25.966000,26.292000
221,2284,2284,48ec940,229051,229377,251067,251167,21.690000,22.016000
221,1568,1568,4620940,285051,285377,296318,296418,10.941000,11.267000
221,3878,3878,4f26943,327051,327385,336818,336918,9.433000,9.767000
221,3192,3192,4c78943,335051,335385,342287,342387,6.902000,7.236000
221,5610,5610,55ea940,361051,361377,368391,368491,7.014000,7.340000
221,1350,1350,4546940,361051,361377,373830,373930,12.453000,12.779000
221,1822,1822,471e940,368051,368385,379292,379392,10.907000,11.241000
221,1935,1935,478f943,381455,381789,388211,388311,6.422000,6.756000
221,1878,1878,4756942,408051,408385,416735,416835,8.350000,8.684000
221,2907,2907,4b5b941,446051,446377,456940,457040,10.563000,10.889000
221,996,996,43e4941,466051,466385,471068,471168,4.683000,5.017000
221,2781,2781,4add943,523050,523377,531726,531826,8.349000,8.676000
221,2035,2035,47f3943,550051,550385,569914,570014,19.529000,19.863000
221,2926,2926,4b6e942,554051,554377,575444,575544,21.067000,21.393000
221,4476,4476,517c942,647051,647385,656387,656487,9.002000,9.336000
221,4139,4139,502b942,651701,652035,663212,663312,11.177000,11.511000
221,5616,5616,55f0943,677051,677385,685674,685774,8.289000,8.623000
221,3918,3918,4f4e941,703051,703385,713553,713653,10.168000,10.502000
221,4854,4854,52f6942,722402,722736,747400,747500,24.664000,24.998000
221,5365,5365,54f5942,874051,874385,882750,882850,8.365000,8.699000
221,5465,5465,5559943,1049051,1049385,1058043,1058143,8.658000,8.992000
221,4409,4409,5139942,1138418,1138752,1145307,1145407,6.555000,6.889000
221,7738,7738,5e3a942,1158051,1158377,1166751,1166851,8.374000,8.700000
221,9853,9853,667d940,1187051,1187385,1200542,1200642,13.157000,13.491000
221,6526,6526,597e940,1224051,1224377,1242159,1242259,17.782000,18.108000
221,7415,7415,5cf7943,1240051,1240377,1248728,1248828,8.351000,8.677000
221,8139,8139,5fcb942,1253051,1253385,1262569,1262669,9.184000,9.518000
221,7060,7060,5b94942,1258051,1258377,1266809,1266909,8.432000,8.758000
221,5850,5850,56da942,1264051,1264385,1272652,1272752,8.267000,8.601000
221,10326,10326,6856941,1466051,1466385,1478187,1478287,11.802000,12.136000
221,8287,8287,605f943,1507796,1508122,1515451,1515551,7.329000,7.655000
221,10431,10431,68bf941,1608051,1608377,1614964,1615064,6.587000,6.913000
221,8555,8555,616b941,1608513,1608839,1620394,1620494,11.555000,11.881000
221,8983,8983,6317940,1623051,1623377,1632658,1632758,9.281000,9.607000
221,8758,8758,6236941,1640051,1640377,1654815,1654915,14.438000,14.764000
221,9893,9893,66a5943,1811051,1811377,1818839,1818939,7.462000,7.788000
221,10514,10514,6912942,1844410,1844736,1852035,1852135,7.299000,7.625000
221,10354,10354,6872941,1847051,1847385,1857565,1857665,10.180000,10.514000
221,9331,9331,6473943,1904051,1904377,1912714,1912814,8.337000,8.663000
221,9552,9552,6550942,2038051,2038377,2057858,2057957,19.481000,19.807000
221,10138,10138,679a940,2087051,2087377,2104318,2104418,16.941000,17.267000
221,8795,8795,625b940,2115051,2115385,2125930,2126030,10.545000,10.879000
222,70,70,4046943,124051,124385,130003,130104,5.618000,5.952000
222,629,629,4275943,130051,130384,145106,145206,14.722000,15.055000
222,2352,2352,4930942,161446,161780,172622,172722,10.842000,11.176000
222,3001,3001,4bb9942,198831,199165,212968,213068,13.803000,14.137000
222,1502,1502,45de942,224051,224377,233460,233560,9.083000,9.409000
222,3700,3700,4e74940,259826,260160,277551,277651,17.391000,17.725000
222,1092,1092,4444941,357051,357377,366447,366547,9.070000,9.396000
222,2201,2201,4899942,422051,422385,430595,430695,8.210000,8.544000
222,2557,2557,49fd942,518050,518385,523966,524066,5.581000,5.916000
222,3068,3068,4bfc943,527051,527385,543517,543617,16.132000,16.466000
222,2735,2735,4aaf942,527051,527377,547794,547894,20.417000,20.743000
222,3738,3738,4e9a940,558556,558882,584622,584722,25.740000,26.066000
222,3400,3400,4d48942,594051,594385,606728,606828,12.343000,12.677000
222,8034,8034,5f62943,678051,678385,689241,689341,10.856000,11.190000
222,4008,4008,4fa8940,679051,679377,703604,703704,24.227000,24.553000
222,7458,7458,5d22940,761416,761742,785740,785840,23.998000,24.324000
222,5575,5575,55c7941,780051,780385,791375,791475,10.990000,11.324000
222,9336,9336,6478942,824051,824377,831720,831820,7.343000,7.669000
222,4649,4649,5229941,887867,888193,900971,901071,12.778000,13.104000
222,5122,5122,5402940,961051,961377,968758,968858,7.381000,7.707000
222,7570,7570,5d92943,1014051,1014385,1020847,1020947,6.462000,6.796000
222,4928,4928,5340943,1033051,1033377,1046087,1046186,12.710000,13.036000
222,5657,5657,5619941,1105051,1105377,1114537,1114637,9.160000,9.486000
222,7795,7795,5e73943,1149051,1149377,1162518,1162618,13.141000,13.467000
222,6479,6479,594f940,1176051,1176385,1191749,1191849,15.364000,15.698000
222,8949,8949,62f5941,1218438,1218764,1227742,1227842,8.978000,9.304000
222,7502,7502,5d4e943,1267438,1267764,1283525,1283625,15.761000,16.087000
222,7938,7938,5f02942,1298784,1299118,1305680,1305780,6.562000,6.896000
222,9363,9363,6493942,1380051,1380377,1385162,1385262,4.785000,5.111000
222,8336,8336,6090942,1399051,1399385,1407690,1407790,8.305000,8.639000
222,8995,8995,6323942,1450051,1450377,1459376,1459476,8.999000,9.325000
222,8465,8465,6111940,1449051,1449385,1464877,1464977,15.492000,15.826000
222,8819,8819,6273940,1468051,1468385,1487116,1487216,18.731000,19.065000
222,10149,10149,67a5941,1520051,1520377,1529540,1529640,9.163000,9.489000
222,8811,8811,626b941,1585431,1585757,1594155,1594255,8.398000,8.724000
222,10671,10671,69af943,1667051,1667385,1675703,1675803,8.318000,8.652000
222,8706,8706,6202942,1719051,1719377,1728446,1728546,9.069000,9.395000
222,8755,8755,6233941,1747051,1747385,1767901,1768001,20.516000,20.850000
222,8473,8473,6119940,1817051,1817385,1826524,1826624,9.139000,9.473000
222,10992,10992,6af0942,1958051,1958377,1964903,1965003,6.526000,6.852000
222,10824,10824,6a48942,2333051,2333385,2342571,2342671,9.186000,9.520000
223,218,218,40da942,24051,24385,34477,34577,10.092000,10.426000
223,1154,1154,4482941,53051,53385,62475,62575,9.090000,9.424000
223,983,983,43d7942,208051,208385,216668,216768,8.283000,8.617000
223,2906,2906,4b5a943,225051,225385,232682,232782,7.297000,7.631000
223,1249,1249,44e1941,228051,228377,242010,242110,13.633000,13.959000
223,4977,4977,5371940,319051,319377,331056,331156,11.679000,12.005000
223,2057,2057,4809943,412051,412377,423277,423377,10.900000,11.226000
223,2951,2951,4b87940,466051,466385,481015,481115,14.630000,14.964000
223,883,883,4373940,477051,477377,488367,488467,10.990000,11.316000
223,2365,2365,493d943,496051,496385,511681,511781,15.296000,15.630000
223,3687,3687,4e67940,669051,669377,686691,686791,17.314000,17.640000
223,3431,3431,4d67941,716051,716385,727233,727333,10.848000,11.182000
223,4365,4365,510d943,736051,736377,743783,743883,7.406000,7.732000
223,2395,2395,495b940,738051,738377,759405,759505,21.028000,21.354000
223,5212,5212,545c943,746051,746377,764879,764979,18.502000,18.828000
223,6923,6923,5b0b943,783051,783385,792008,792108,8.623000,8.957000
223,4070,4070,4fe6940,800051,800385,809065,809165,8.680000,9.014000
223,4021,4021,4fb5942,853051,853385,869806,869906,16.421000,16.755000
223,5312,5312,54c0941,858051,858385,875206,875306,16.821000,17.155000
223,4461,4461,516d942,868051,868385,886188,886288,17.803000,18.137000
223,5835,5835,56cb942,880051,880385,902622,902722,22.237000,22.571000
223,4804,4804,52c4940,889051,889385,913680,913780,24.295000,24.629000
223,5469,5469,555d942,923051,923377,929909,930009,6.532000,6.858000
223,6658,6658,5a02942,956051,956377,966128,966228,9.751000,10.077000
223,4914,4914,5332940,1019051,1019377,1043018,1043118,23.641000,23.967000
223,6636,6636,59ec941,1067051,1067385,1073909,1074009,6.524000,6.858000
223,7926,7926,5ef6941,1102051,1102385,1107940,1108040,5.555000,5.889000
223,7683,7683,5e03942,1112051,1112385,1118003,1118103,5.618000,5.952000
223,5279,5279,549f941,1135051,1135385,1145311,1145411,9.926000,10.260000
223,6340,6340,58c4941,1187051,1187377,1199495,1199595,12.118000,12.444000
223,10146,10146,67a2942,1240395,1240721,1266608,1266708,25.887000,26.213000
223,6912,6912,5b00940,1379051,1379377,1385833,1385933,6.456000,6.782000
223,8262,8262,6046943,1377051,1377377,1392386,1392486,15.009000,15.335000
223,10921,10921,6aa9941,1459051,1459385,1466688,1466788,7.303000,7.637000
223,5410,5410,5522943,1491051,1491377,1515632,1515732,24.255000,24.581000
223,8793,8793,6259943,1513191,1513525,1522648,1522748,9.123000,9.457000
223,9806,9806,664e943,1538051,1538377,1547555,1547655,9.178000,9.504000
223,8808,8808,6268943,1599051,1599385,1607656,1607756,8.271000,8.605000
223,8623,8623,61af940,1680051,1680377,1686824,1686924,6.447000,6.773000
223,9202,9202,63f2942,1798051,1798385,1803951,1804051,5.566000,5.900000
223,7851,7851,5eab941,1919051,1919377,1937999,1938099,18.622000,18.948000
223,10084,10084,6764942,1977051,1977377,1983847,1983947,6.470000,6.796000
223,8365,8365,60ad940,2135416,2135742,2152138,2152238,16.396000,16.722000
224,260,260,4104940,45051,45385,52832,52932,7.447000,7.781000
224,1610,1610,464a942,147051,147377,165847,165947,18.470000,18.796000
224,1088,1088,4440941,209051,209385,216825,216925,7.440000,7.774000
224,680,680,42a8943,318051,318377,329275,329375,10.898000,11.224000
224,2603,2603,4a2b941,342051,342377,352485,352585,10.108000,10.434000
224,2358,2358,4936942,390438,390764,396351,396451,5.587000,5.913000
224,2626,2626,4a42942,395796,396130,401806,401906,5.676000,6.010000
224,1976,1976,47b8943,394051,394385,407253,407353,12.868000,13.202000
224,3088,3088,4c10941,495051,495377,500970,501070,5.593000,5.919000
224,4306,4306,50d2942,494051,494385,506054,506154,11.669000,12.003000
224,3219,3219,4c93941,500395,500729,510241,510341,9.512000,9.846000
224,4795,4795,52bb942,557051,557377,570098,570198,12.721000,13.047000
224,2286,2286,48ee943,633051,633377,648776,648876,15.399000,15.725000
224,5249,5249,5481943,633051,633377,660444,660544,27.067000,27.393000
224,3869,3869,4f1d940,680114,680440,690432,690532,9.992000,10.318000
224,4239,4239,508f943,688051,688377,704610,704710,16.233000,16.559000
224,6640,6640,59f0943,810051,810385,826937,827037,16.552000,16.886000
224,6177,6177,5821940,854051,854377,864117,864217,9.740000,10.066000
224,7371,7371,5ccb940,881051,881385,912850,912950,31.465000,31.799000
224,5054,5054,53be943,907051,907377,923815,923915,16.438000,16.764000
224,7086,7086,5bae943,952395,952729,967369,967469,14.640000,14.974000
224,8120,8120,5fb8942,1087051,1087385,1100480,1100580,13.095000,13.429000
224,6211,6211,5843943,1104051,1104377,1118003,1118103,13.626000,13.952000
224,7461,7461,5d25942,1115438,1115764,1126606,1126706,10.842000,11.168000
224,7021,7021,5b6d941,1121051,1121377,1130800,1130900,9.423000,9.749000
224,4316,4316,50dc941,1139051,1139385,1156387,1156487,17.002000,17.336000
224,9777,9777,6631941,1217344,1217678,1234269,1234369,16.591000,16.925000
224,8892,8892,62bc943,1291051,1291377,1308206,1308306,16.829000,17.155000
224,7806,7806,5e7e943,1309051,1309377,1318531,1318631,9.154000,9.480000
224,8273,8273,6051940,1393051,1393377,1399055,1399155,5.678000,6.004000
224,7856,7856,5eb0940,1388845,1389171,1404469,1404569,15.298000,15.624000
224,6464,6464,5940940,1415830,1416164,1423529,1423629,7.365000,7.699000
224,9377,9377,64a1942,1416051,1416377,1434649,1434749,18.272000,18.598000
224,7634,7634,5dd2940,1458051,1458377,1469315,1469415,10.938000,11.264000
224,8997,8997,6325943,1490051,1490385,1508468,1508568,18.083000,18.417000
224,7391,7391,5cdf940,1538051,1538377,1543118,1543218,4.741000,5.067000
224,9949,9949,66dd943,1664051,1664385,1673585,1673685,9.200000,9.534000
224,10174,10174,67be942,1679051,1679377,1691205,1691305,11.828000,12.154000
224,9536,9536,6540941,1716051,1716377,1722022,1722122,5.645000,5.971000
224,10118,10118,6786941,1716402,1716736,1727388,1727488,10.652000,10.986000
224,10291,10291,6833942,1720051,1720377,1734987,1735087,14.610000,14.936000
224,9717,9717,65f5942,1744439,1744765,1765637,1765737,20.872000,21.198000
224,8900,8900,62c4940,1817051,1817385,1825640,1825740,8.255000,8.589000
224,10704,10704,69d0941,1878051,1878377,1885809,1885909,7.432000,7.758000
224,8354,8354,60a2940,2055051,2055385,2064582,2064682,9.197000,9.531000
225,79,79,404f941,39051,39385,45028,45128,5.643000,5.977000
225,607,607,425f942,42051,42377,54187,54287,11.810000,12.136000
225,406,406,4196943,65051,65385,79031,79131,13.646000,13.980000
225,957,957,43bd942,86051,86377,91952,92052,5.575000,5.901000
225,419,419,41a3943,70431,70757,97342,97442,26.585000,26.911000
225,831,831,433f940,111051,111377,121368,121468,9.991000,10.317000
225,773,773,4305941,151051,151377,162442,162542,11.065000,11.391000
225,1024,1024,4400943,187051,187377,196549,196649,9.172000,9.498000
225,1111,1111,4457943,197051,197385,206527,206627,9.142000,9.476000
225,601,601,4259941,249775,250101,276146,276246,26.045000,26.371000
225,1431,1431,4597941,339051,339385,344115,344215,4.730000,5.064000
225,3546,3546,4dda943,337051,337377,352097,352197,14.720000,15.046000
225,1546,1546,460a940,345051,345385,357659,357759,12.274000,12.608000
225,4326,4326,50e6940,488051,488385,495760,495860,7.375000,7.709000
225,1743,1743,46cf942,534051,534385,550722,550822,16.337000,16.671000
225,2828,2828,4b0c942,574051,574377,588642,588742,14.265000,14.591000
225,4262,4262,50a6942,620051,620377,628501,628601,8.124000,8.450000
225,3173,3173,4c65941,619051,619377,637501,637601,18.124000,18.450000
225,5755,5755,567b940,688446,688780,697962,698062,9.182000,9.516000
225,4150,4150,5036940,712051,712377,719766,719866,7.389000,7.715000
225,5275,5275,549b940,789051,789385,796812,796912,7.427000,7.761000
225,3956,3956,4f74941,838051,838377,846659,846759,8.282000,8.608000
225,5697,5697,5641941,849439,849765,857243,857343,7.478000,7.804000
225,6849,6849,5ac1943,993051,993385,1004362,1004462,10.977000,11.311000
225,8602,8602,619a943,1144051,1144385,1154471,1154571,10.086000,10.420000
225,6954,6954,5b2a942,1254051,1254385,1260860,1260960,6.475000,6.809000
225,5737,5737,5669943,1252051,1252385,1266350,1266450,13.965000,14.299000
225,10851,10851,6a63942,1277051,1277377,1296268,1296368,18.891000,19.217000
225,6294,6294,5896940,1324051,1324377,1335381,1335481,11.004000,11.330000
225,9872,9872,6690942,1345051,1345377,1360017,1360117,14.640000,14.966000
225,6360,6360,58d8940,1410435,1410761,1422923,1423023,12.162000,12.488000
225,8232,8232,6028941,1600051,1600385,1605096,1605196,4.711000,5.045000
225,9465,9465,64f9941,1693051,1693385,1699262,1699362,5.877000,6.211000
225,8145,8145,5fd1941,1718051,1718377,1725815,1725915,7.438000,7.764000
225,9933,9933,66cd942,1722051,1722385,1732456,1732556,10.071000,10.405000
225,6601,6601,59c9940,1762051,1762377,1768894,1768994,6.517000,6.843000
225,8203,8203,600b940,1804051,1804377,1809943,1810043,5.566000,5.892000
225,9984,9984,6700940,1941861,1942195,1953135,1953235,10.940000,11.274000
225,6968,6968,5b38943,2041410,2041736,2056334,2056435,14.598000,14.924000
226,616,616,4268941,65051,65385,74563,74663,9.178000,9.512000
226,288,288,4120941,65051,65385,79972,80072,14.587000,14.921000
226,404,404,4194942,72051,72377,85362,85462,12.985000,13.311000
226,758,758,42f6941,95051,95385,107230,107330,11.845000,12.179000
226,549,549,4225941,201051,201385,208789,208889,7.404000,7.738000
226,2023,2023,47e7943,199051,199385,213999,214099,14.614000,14.948000
226,1681,1681,4691940,204051,204385,219370,219470,14.985000,15.319000
226,1015,1015,43f7940,214438,214764,235733,235833,20.969000,21.295000
226,1183,1183,449f943,277051,277377,311756,311856,34.379000,34.705000
226,1850,1850,473a942,337051,337385,345628,345728,8.243000,8.577000
226,2285,2285,48ed941,344051,344377,351784,351884,7.407000,7.733000
226,2275,2275,48e3940,529051,529385,536789,536889,7.404000,7.738000
226,1888,1888,4760943,537051,537377,551045,551145,13.668000,13.994000
226,5715,5715,5653942,577051,577385,586513,586613,9.128000,9.462000
226,5408,5408,5520941,830051,830377,836933,837033,6.556000,6.882000
226,9711,9711,65ef941,849051,849385,855900,856000,6.515000,6.849000
226,5288,5288,54a8941,892402,892736,898408,898508,5.672000,6.006000
226,6250,6250,586a941,916051,916377,923806,923906,7.429000,7.755000
226,4986,4986,537a940,936051,936385,945434,945534,9.049000,9.383000
226,5852,5852,56dc943,939051,939377,950887,950987,11.510000,11.836000
226,6415,6415,590f941,1002051,1002385,1009750,1009850,7.365000,7.699000
226,4828,4828,52dc941,1077051,1077377,1087243,1087343,9.866000,10.192000
226,5843,5843,56d3942,1129051,1129377,1141170,1141270,11.793000,12.119000
226,7518,7518,5d5e941,1121704,1122030,1145338,1145438,23.308000,23.634000
226,9006,9006,632e942,1149051,1149377,1157676,1157776,8.299000,8.625000
226,6567,6567,59a7943,1330051,1330377,1335096,1335196,4.719000,5.045000
226,8238,8238,602e940,1342051,1342385,1349773,1349873,7.388000,7.722000
226,9027,9027,6343941,1658051,1658385,1671750,1671850,13.365000,13.699000
226,10717,10717,69dd940,1861051,1861377,1872175,1872275,10.798000,11.124000
227,482,482,41e2941,58051,58377,66547,66647,8.170000,8.496000
227,239,239,40ef942,62051,62385,75198,75298,12.813000,13.147000
227,707,707,42c3940,144051,144377,156487,156587,12.110000,12.436000
227,715,715,42cb943,149051,149385,167374,167474,17.989000,18.323000
227,279,279,4117943,230051,230385,238719,238819,8.334000,8.668000
227,1385,1385,4569941,238051,238385,251708,251808,13.323000,13.657000
227,699,699,42bb940,252051,252385,258874,258974,6.489000,6.823000
227,590,590,424e941,244319,244653,264911,265011,20.258000,20.592000
227,2556,2556,49fc941,258051,258385,270354,270454,11.969000,12.303000
227,757,757,42f5940,263051,263377,275780,275880,12.403000,12.729000
227,2979,2979,4ba3943,267051,267377,282946,283046,15.569000,15.895000
227,3261,3261,4cbd941,340051,340377,346889,346989,6.512000,6.838000
227,4893,4893,531d941,542438,542764,562851,562951,20.087000,20.413000
227,4732,4732,527c943,571051,571385,593617,593717,22.232000,22.566000
227,1898,1898,476a941,589051,589385,599462,599562,10.077000,10.411000
227,5083,5083,53db943,596051,596377,604852,604952,8.475000,8.801000
227,5560,5560,55b8941,615051,615385,626379,626479,10.994000,11.328000
227,4939,4939,534b943,628051,628377,642845,642945,14.468000,14.794000
227,4240,4240,5090941,659793,660119,666631,666731,6.512000,6.838000
227,7912,7912,5ee8942,668051,668377,678476,678576,10.099000,10.425000
227,3503,3503,4daf942,724410,724736,731395,731495,6.659000,6.985000
227,5387,5387,550b941,799051,799385,807694,807794,8.309000,8.643000
227,3325,3325,4cfd940,800051,800377,811856,811956,11.479000,11.805000
227,3374,3374,4d2e940,808446,808780,816063,816163,7.283000,7.617000
227,5482,5482,556a942,849051,849377,862969,863069,13.592000,13.918000
227,10012,10012,671c941,937051,937377,958441,958541,21.064000,21.390000
227,5837,5837,56cd940,1079051,1079385,1096219,1096319,16.834000,17.168000
227,8947,8947,62f3941,1139051,1139377,1153135,1153235,13.758000,14.084000
227,8690,8690,61f2943,1220051,1220385,1226032,1226132,5.647000,5.981000
227,7532,7532,5d6c942,1222051,1222385,1245838,1245938,23.453000,23.787000
227,4931,4931,5343941,1255051,1255385,1260994,1261094,5.609000,5.943000
227,6346,6346,58ca941,1305051,1305385,1311900,1312000,6.515000,6.849000
227,9379,9379,64a3940,1311051,1311385,1318780,1318880,7.395000,7.729000
227,9484,9484,650c943,1322051,1322385,1331600,1331700,9.215000,9.549000
227,10689,10689,69c1942,1355051,1355377,1362778,1362878,7.401000,7.727000
227,7605,7605,5db5941,1434395,1434721,1441327,1441427,6.606000,6.932000
227,7569,7569,5d91941,1486051,1486377,1495543,1495643,9.166000,9.492000
227,4870,4870,5306943,1509051,1509385,1522099,1522199,12.714000,13.048000
227,10807,10807,6a37943,1543051,1543377,1551657,1551757,8.280000,8.606000
227,10792,10792,6a28943,1568051,1568385,1573064,1573164,4.679000,5.013000
227,8456,8456,6108940,1577051,1577377,1588319,1588419,10.942000,11.268000
227,6347,6347,58cb940,1675051,1675385,1680086,1680186,4.701000,5.035000
227,10658,10658,69a2942,1729051,1729377,1742734,1742834,13.357000,13.683000
227,7521,7521,5d61940,1821051,1821377,1826084,1826184,4.707000,5.033000
227,10676,10676,69b4940,1854051,1854385,1865830,1865930,11.445000,11.779000
227,9775,9775,662f943,2301051,2301385,2309717,2309817,8.332000,8.666000
227,8826,8826,627a943,2546051,2546385,2559134,2559234,12.749000,13.083000
228,412,412,419c942,56051,56385,62004,62104,5.619000,5.953000
228,988,988,43dc940,116416,116750,129560,129659,12.810000,13.144000
228,974,974,43ce943,231051,231385,236103,236203,4.718000,5.052000
228,777,777,4309940,230051,230385,240240,240340,9.855000,10.189000
228,1747,1747,46d3942,264051,264377,273553,273653,9.176000,9.502000
228,2050,2050,4802941,277150,277476,285225,285325,7.749000,8.075000
228,628,628,4274943,284051,284385,302205,302305,17.820000,18.154000
228,1794,1794,4702943,306051,306385,316503,316603,10.118000,10.452000
228,1923,1923,4783942,304051,304385,321939,322039,17.554000,17.888000
228,2224,2224,48b0942,410051,410385,420653,420753,10.268000,10.602000
228,3726,3726,4e8e941,413402,413736,426128,426228,12.392000,12.726000
228,2185,2185,4889942,420051,420385,431550,431650,11.165000,11.499000
228,2788,2788,4ae4941,481051,481385,491435,491535,10.050000,10.384000
228,1553,1553,4611943,498051,498385,507587,507687,9.202000,9.536000
228,4325,4325,50e5943,553051,553377,560797,560897,7.420000,7.746000
228,2530,2530,49e2943,570051,570377,579598,579698,9.221000,9.547000
228,3647,3647,4e3f941,652051,652377,658874,658974,6.497000,6.823000
228,6093,6093,57cd941,645446,645780,664370,664470,18.590000,18.924000
228,5429,5429,5535943,693477,693803,699441,699541,5.638000,5.964000
228,7080,7080,5ba8941,692425,692759,710357,710457,17.598000,17.932000
228,5960,5960,5748943,760051,760377,769078,769178,8.701000,9.027000
228,2733,2733,4aad942,814051,814385,828965,829065,14.580000,14.914000
228,4673,4673,5241941,827051,827385,834700,834800,7.315000,7.649000
228,4529,4529,51b1941,843051,843377,848975,849075,5.598000,5.924000
228,6496,6496,5960940,837051,837385,854396,854496,17.011000,17.345000
228,5936,5936,5730940,903051,903385,913378,913478,9.993000,10.327000
228,6306,6306,58a2943,909051,909377,922467,922567,13.090000,13.416000
228,10437,10437,68c5941,924051,924377,932623,932723,8.246000,8.572000
228,6331,6331,58bb941,916051,916385,939546,939646,23.161000,23.495000
228,6202,6202,583a943,956051,956385,963729,963829,7.344000,7.678000
228,6375,6375,58e7940,962051,962377,979915,980015,17.538000,17.864000
228,6113,6113,57e1941,984051,984385,989996,990096,5.611000,5.945000
228,7026,7026,5b72943,990051,990385,1017056,1017156,26.671000,27.005000
228,8117,8117,5fb5943,1015051,1015385,1026330,1026430,10.945000,11.279000
228,5945,5945,5739942,1023453,1023779,1033133,1033233,9.354000,9.680000
228,5013,5013,5395942,1023051,1023385,1049538,1049638,26.153000,26.487000
228,6452,6452,5934942,1094051,1094377,1105611,1105711,11.234000,11.560000
228,4857,4857,52f9941,1126051,1126385,1137293,1137393,10.908000,11.242000
228,8628,8628,61b4942,1143187,1143513,1172319,1172419,28.806000,29.132000
228,10777,10777,6a19941,1176051,1176385,1188793,1188893,12.408000,12.742000
228,7432,7432,5d08943,1185051,1185377,1197874,1197974,12.497000,12.823000
228,6904,6904,5af8943,1213051,1213385,1231788,1231888,18.403000,18.737000
228,8834,8834,6282940,1222051,1222385,1242807,1242907,20.422000,20.756000
228,7480,7480,5d38940,1343051,1343385,1354349,1354449,10.964000,11.298000
228,10263,10263,6817943,1407051,1407377,1413856,1413956,6.479000,6.805000
228,9779,9779,6633942,1468051,1468377,1474005,1474105,5.628000,5.954000
228,10847,10847,6a5f943,1468051,1468385,1478216,1478316,9.831000,10.165000
228,10486,10486,68f6943,1558051,1558377,1569305,1569405,10.928000,11.254000
228,6292,6292,5894943,1625051,1625377,1637284,1637384,11.907000,12.233000
228,9356,9356,648c941,1630051,1630377,1642674,1642774,12.297000,12.623000
228,9114,9114,639a941,1671503,1671837,1680120,1680220,8.283000,8.617000
228,9743,9743,660f941,1828051,1828385,1834819,1834919,6.434000,6.768000
228,9495,9495,6517941,1835051,1835377,1846417,1846517,11.040000,11.366000
228,9904,9904,66b0940,1877051,1877377,1886908,1887008,9.531000,9.857000
228,10969,10969,6ad9940,2285051,2285385,2291064,2291164,5.679000,6.013000
229,285,285,411d942,38416,38742,51645,51745,12.903000,13.229000
229,380,380,417c941,43051,43385,57047,57147,13.662000,13.996000
229,1849,1849,4739941,265051,265385,273579,273679,8.194000,8.528000
229,3063,3063,4bf7943,317051,317385,323871,323971,6.486000,6.820000
229,1326,1326,452e943,379051,379377,384982,385082,5.605000,5.931000
229,3754,3754,4eaa943,465051,465377,472820,472920,7.443000,7.769000
229,3593,3593,4e09940,468051,468377,478237,478337,9.860000,10.186000
229,2583,2583,4a17941,476051,476377,495150,495250,18.773000,19.099000
229,2682,2682,4a7a942,516050,516377,527057,527157,10.680000,11.007000
229,2257,2257,48d1941,523050,523377,531640,531740,8.263000,8.590000
229,3659,3659,4e4b941,693051,693385,700744,700844,7.359000,7.693000
229,4286,4286,50be941,754051,754377,759135,759235,4.758000,5.084000
229,4913,4913,5331940,766051,766377,773789,773889,7.412000,7.738000
229,7007,7007,5b5f942,785051,785377,791896,791996,6.519000,6.845000
229,4285,4285,50bd942,971051,971385,976966,977066,5.581000,5.915000
229,5153,5153,5421940,974051,974385,983929,984029,9.544000,9.878000
229,3171,3171,4c63943,980051,980385,991342,991442,10.957000,11.291000
229,6615,6615,59d7942,1025051,1025385,1030123,1030223,4.738000,5.072000
229,4733,4733,527d943,1036051,1036377,1044665,1044764,8.288000,8.614000
229,9527,9527,6537940,1077051,1077377,1082994,1083094,5.617000,5.943000
229,6581,6581,59b5943,1128051,1128385,1136693,1136793,8.308000,8.642000
229,5934,5934,572e943,1154051,1154385,1159987,1160087,5.602000,5.936000
229,8958,8958,62fe942,1159051,1159385,1178563,1178663,19.178000,19.512000
229,6377,6377,58e9940,1170051,1170377,1182742,1182842,12.365000,12.691000
229,8182,8182,5ff6943,1212051,1212377,1219837,1219937,7.460000,7.786000
229,9082,9082,637a943,1204453,1204779,1225267,1225367,20.488000,20.814000
229,10605,10605,696d942,1251233,1251559,1260003,1260103,8.444000,8.770000
229,7873,7873,5ec1943,1268051,1268377,1274862,1274962,6.485000,6.811000
229,7900,7900,5edc941,1286051,1286377,1291098,1291198,4.721000,5.047000
229,9596,9596,657c943,1408051,1408385,1414885,1414985,6.500000,6.834000
229,7520,7520,5d60940,1421051,1421377,1429625,1429725,8.248000,8.574000
229,7113,7113,5bc9941,1464402,1464736,1483124,1483224,18.388000,18.722000
229,8620,8620,61ac940,1528051,1528385,1536594,1536694,8.209000,8.543000
229,10017,10017,6721943,1599439,1599765,1606417,1606517,6.652000,6.978000
229,10731,10731,69eb943,1688051,1688377,1719938,1720038,31.561000,31.887000
229,9737,9737,6609940,1931051,1931385,1940556,1940656,9.171000,9.505000
229,9820,9820,665c942,2320051,2320377,2336675,2336775,16.298000,16.624000
229,8938,8938,62ea943,2557051,2557377,2568410,2568510,11.033000,11.359000
230,432,432,41b0941,60051,60377,75635,75735,15.258000,15.584000
230,1702,1702,46a6942,157051,157377,170105,170205,12.728000,13.054000
230,1315,1315,4523943,166051,166385,174278,174378,7.893000,8.227000
230,1982,1982,47be943,203051,203377,208958,209058,5.581000,5.907000
230,2566,2566,4a06941,228051,228377,241795,241895,13.418000,13.744000
230,2525,2525,49dd940,299051,299377,307629,307729,8.252000,8.578000
230,2998,2998,4bb6942,323051,323377,330758,330858,7.381000,7.707000
230,2167,2167,4877942,363446,363780,372057,372157,8.277000,8.611000
230,2195,2195,4893940,367051,367385,378339,378439,10.954000,11.288000
230,2639,2639,4a4f942,437051,437385,442993,443093,5.608000,5.942000
230,2950,2950,4b86942,444760,445086,453453,453553,8.367000,8.693000
230,4126,4126,501e943,486051,486377,499694,499794,13.317000,13.643000
230,4134,4134,5026941,491051,491385,505226,505326,13.841000,14.175000
230,4018,4018,4fb2943,524050,524385,529963,530063,5.578000,5.913000
230,4458,4458,516a942,551051,551377,561176,561276,9.799000,10.125000
230,3018,3018,4bca943,639051,639385,648903,649003,9.518000,9.852000
230,5666,5666,5622940,647880,648214,661266,661366,13.052000,13.386000
230,3684,3684,4e64940,658051,658377,669320,669420,10.943000,11.269000
230,2376,2376,4948941,697431,697757,728815,728915,31.058000,31.384000
230,3872,3872,4f20941,727051,727385,734194,734294,6.809000,7.143000
230,5652,5652,5614943,730051,730385,739584,739684,9.199000,9.533000
230,4900,4900,5324940,726051,726385,744929,745029,18.544000,18.878000
230,3804,3804,4edc940,870051,870377,881573,881673,11.196000,11.522000
230,3582,3582,4dfe943,883051,883377,895094,895194,11.717000,12.043000
230,6024,6024,5788943,964051,964385,976249,976349,11.864000,12.198000
230,6315,6315,58ab941,992051,992377,1000137,1000237,7.760000,8.086000
230,5107,5107,53f3943,1024437,1024763,1040407,1040507,15.644000,15.970000
230,7819,7819,5e8b940,1030051,1030377,1045828,1045927,15.451000,15.777000
230,7438,7438,5d0e943,1106051,1106385,1113795,1113895,7.410000,7.744000
230,4872,4872,5308940,1126051,1126377,1139058,1139158,12.681000,13.007000
230,7688,7688,5e08941,1153051,1153385,1162593,1162693,9.208000,9.542000
230,5559,5559,55b7940,1269051,1269377,1278810,1278910,9.433000,9.759000
230,8019,8019,5f53941,1345051,1345377,1354563,1354663,9.186000,9.512000
230,9731,9731,6603943,1346051,1346385,1359982,1360082,13.597000,13.931000
230,9472,9472,6500942,1453051,1453385,1464398,1464498,11.013000,11.347000
230,7095,7095,5bb7941,1507416,1507742,1519636,1519736,11.894000,12.220000
230,8901,8901,62c5941,1525818,1526144,1539010,1539110,12.866000,13.192000
230,8675,8675,61e3941,1787051,1787377,1797503,1797603,10.126000,10.452000
230,9490,9490,6512943,1964051,1964385,1971813,1971913,7.428000,7.762000
230,7854,7854,5eae943,2337051,2337385,2347445,2347545,10.060000,10.394000
231,235,235,40eb943,36051,36385,47956,48056,11.571000,11.905000
231,242,242,40f2940,29051,29385,52154,52254,22.769000,23.103000
231,251,251,40fb943,73051,73377,90118,90218,16.741000,17.067000
231,1165,1165,448d941,133051,133385,153040,153140,19.655000,19.989000
231,2741,2741,4ab5943,152431,152757,171975,172075,19.218000,19.544000
231,484,484,41e4941,181051,181377,188793,188893,7.416000,7.742000
231,643,643,4283942,225051,225385,237233,237333,11.848000,12.182000
231,2061,2061,480d943,289051,289377,294128,294228,4.751000,5.077000
231,2452,2452,4994940,443051,443385,455222,455322,11.837000,12.171000
231,5461,5461,5555942,504773,505099,528793,528893,23.694000,24.020000
231,2477,2477,49ad943,578222,578548,586065,586165,7.517000,7.843000
231,5390,5390,550e943,588051,588377,594005,594105,5.628000,5.954000
231,4250,4250,509a942,614051,614377,631637,631737,17.260000,17.586000
231,3794,3794,4ed2941,654051,654385,673014,673114,18.629000,18.963000
231,5612,5612,55ec941,700051,700385,708841,708941,8.456000,8.790000
231,4632,4632,5218940,698051,698377,718324,718424,19.947000,20.273000
231,5584,5584,55d0942,725051,725385,734591,734691,9.206000,9.540000
231,4583,4583,51e7943,747446,747780,760628,760728,12.848000,13.182000
231,4260,4260,50a4942,745051,745377,766082,766182,20.705000,21.031000
231,3298,3298,4ce2941,778051,778385,784829,784929,6.444000,6.778000
231,5555,5555,55b3941,804416,804742,817156,817256,12.414000,12.740000
231,6828,6828,5aac943,826410,826736,835929,836029,9.193000,9.519000
231,3861,3861,4f15941,926051,926385,942555,942655,16.170000,16.504000
231,3910,3910,4f46941,959051,959377,973288,973388,13.911000,14.237000
231,8982,8982,6316942,970051,970377,978801,978901,8.424000,8.750000
231,5620,5620,55f4941,984051,984385,996604,996704,12.219000,12.553000
231,4823,4823,52d7940,986418,986752,1002138,1002238,15.386000,15.720000
231,7417,7417,5cf9940,994051,994385,1019578,1019678,25.193000,25.527000
231,7624,7624,5dc8940,1045051,1045385,1053760,1053860,8.375000,8.709000
231,7832,7832,5e98940,1054051,1054385,1068820,1068920,14.435000,14.769000
231,8551,8551,6167943,1122051,1122377,1134747,1134847,12.370000,12.696000
231,7736,7736,5e38942,1178051,1178377,1192136,1192236,13.759000,14.085000
231,6136,6136,57f8942,1224051,1224385,1229976,1230076,5.591000,5.925000
231,7284,7284,5c74941,1239051,1239377,1245794,1245894,6.417000,6.743000
231,6166,6166,5816941,1238051,1238377,1258779,1258879,20.402000,20.728000
231,9801,9801,6649940,1422051,1422377,1442087,1442187,19.710000,20.036000
231,8885,8885,62b5943,1435424,1435750,1447628,1447728,11.878000,12.204000
231,8008,8008,5f48943,1438051,1438385,1451795,1451895,13.410000,13.744000
231,5689,5689,5639942,1423051,1423385,1455947,1456047,32.562000,32.896000
231,7701,7701,5e15941,1576051,1576385,1587363,1587463,10.978000,11.312000
231,9226,9226,640a941,1652051,1652377,1666404,1666504,14.027000,14.353000
231,9829,9829,6665941,1892051,1892385,1901409,1901509,9.024000,9.358000
231,10527,10527,691f941,1970051,1970377,1985043,1985143,14.666000,14.992000
231,10564,10564,6944941,2084051,2084385,2095316,2095417,10.931000,11.265000
232,25,25,4019943,50051,50385,62419,62519,12.034000,12.368000
232,494,494,41ee940,63051,63377,75162,75262,11.785000,12.111000
232,29,29,401d943,69051,69385,84519,84619,15.134000,15.468000
232,744,744,42e8940,90051,90385,100362,100462,9.977000,10.311000
232,447,447,41bf942,91051,91385,109064,109164,17.679000,18.013000
232,861,861,435d940,115051,115385,123687,123787,8.302000,8.636000
232,3451,3451,4d7b943,275051,275377,282786,282886,7.409000,7.735000
232,2580,2580,4a14942,274051,274377,291607,291707,17.230000,17.556000
232,765,765,42fd941,327051,327377,333895,333995,6.518000,6.844000
232,1429,1429,4595941,400051,400385,407761,407861,7.376000,7.710000
232,3499,3499,4dab943,399051,399377,413132,413232,13.755000,14.081000
232,3788,3788,4ecc940,436051,436377,442554,442654,6.177000,6.503000
232,4116,4116,5014943,480051,480377,488684,488784,8.307000,8.633000
232,2701,2701,4a8d941,528439,528773,534470,534570,5.697000,6.031000
232,1105,1105,4451941,564418,564752,573497,573597,8.745000,9.079000
232,2496,2496,49c0942,578051,578385,585836,585936,7.451000,7.785000
232,3897,3897,4f39942,642051,642377,670064,670164,27.687000,28.013000
232,6132,6132,57f4942,675051,675385,681890,681990,6.505000,6.839000
232,5254,5254,5486943,677051,677377,689670,689770,12.293000,12.619000
232,3889,3889,4f31941,681051,681377,701295,701395,19.918000,20.244000
232,6595,6595,59c3941,687051,687377,706820,706920,19.443000,19.769000
232,5521,5521,5591942,799051,799377,815388,815488,16.011000,16.337000
232,6414,6414,590e940,857753,858087,870919,871019,12.832000,13.166000
232,5944,5944,5738940,905425,905759,918538,918638,12.779000,13.113000
232,5468,5468,555c941,939051,939377,948565,948665,9.188000,9.514000
232,5724,5724,565c941,962051,962385,971580,971680,9.195000,9.529000
232,6348,6348,58cc940,976051,976385,982890,982990,6.505000,6.839000
232,6245,6245,5865941,1060051,1060385,1071386,1071486,11.001000,11.335000
232,2826,2826,4b0a942,1077051,1077385,1089300,1089400,11.915000,12.249000
232,8094,8094,5f9e940,1188051,1188377,1201104,1201204,12.727000,13.053000
232,6028,6028,578c940,1210051,1210385,1218641,1218741,8.256000,8.590000
232,7599,7599,5daf941,1211051,1211385,1222809,1222909,11.424000,11.758000
232,7255,7255,5c57943,1212051,1212385,1228199,1228299,15.814000,16.148000
232,8126,8126,5fbe942,1206051,1206377,1233666,1233766,27.289000,27.615000
232,9205,9205,63f5941,1346051,1346377,1355557,1355657,9.180000,9.506000
232,8695,8695,61f7943,1702051,1702377,1715144,1715244,12.767000,13.093000
232,10947,10947,6ac3943,1772431,1772757,1788977,1789077,16.220000,16.546000
232,9170,9170,63d2942,1779051,1779377,1794438,1794538,15.061000,15.387000
232,10864,10864,6a70943,1852051,1852385,1865244,1865344,12.859000,13.193000
232,8305,8305,6071940,2176051,2176385,2181076,2181176,4.691000,5.025000
232,9631,9631,659f942,2283051,2283377,2301496,2301596,18.119000,18.445000
233,304,304,4130942,25051,25385,36431,36531,11.046000,11.380000
233,723,723,42d3940,126051,126385,137303,137403,10.918000,11.252000
233,2518,2518,49d6943,128051,128384,148320,148420,19.936000,20.269000
233,1095,1095,4447940,158051,158377,167474,167574,9.097000,9.423000
233,77,77,404d941,171051,171385,178775,178875,7.390000,7.724000
233,2900,2900,4b54943,207051,207385,217513,217613,10.128000,10.462000
233,665,665,4299940,216051,216385,228547,228647,12.162000,12.496000
233,1414,1414,4586941,233416,233750,250473,250573,16.723000,17.057000
233,427,427,41ab943,280051,280377,294121,294221,13.744000,14.070000
233,3085,3085,4c0d940,294479,294805,301333,301433,6.528000,6.854000
233,562,562,4232943,299051,299385,313808,313908,14.423000,14.757000
233,2223,2223,48af941,331416,331750,354975,355075,23.225000,23.559000
233,3656,3656,4e48943,356051,356385,372087,372187,15.702000,16.036000
233,2759,2759,4ac7940,455051,455385,473423,473523,18.038000,18.372000
233,4418,4418,5142941,466051,466377,477596,477696,11.219000,11.545000
233,2478,2478,49ae943,492051,492385,513422,513521,21.037000,21.371000
233,1471,1471,45bf942,579821,580147,588482,588582,8.335000,8.661000
233,1443,1443,45a3940,587051,587377,599238,599338,11.861000,12.187000
233,3692,3692,4e6c942,599479,599805,614988,615088,15.183000,15.509000
233,2055,2055,4807940,628051,628377,634032,634132,5.655000,5.981000
233,5741,5741,566d943,646051,646385,652872,652972,6.487000,6.821000
233,4514,4514,51a2941,749051,749385,754053,754153,4.668000,5.002000
233,5914,5914,571a942,792051,792385,807402,807502,15.017000,15.351000
233,9249,9249,6421940,827051,827377,835653,835753,8.276000,8.602000
233,5358,5358,54ee941,883051,883377,894319,894419,10.942000,11.268000
233,5150,5150,541e941,894802,895136,909958,910058,14.822000,15.156000
233,5010,5010,5392941,938051,938377,945449,945549,7.072000,7.398000
233,2406,2406,4966940,939051,939385,949677,949777,10.292000,10.626000
233,4945,4945,5351943,960395,960729,966514,966614,5.785000,6.119000
233,4968,4968,5368941,995051,995377,1004601,1004701,9.224000,9.550000
233,7740,7740,5e3c943,1101051,1101385,1115095,1115195,13.710000,14.044000
233,8654,8654,61ce943,1220051,1220385,1226845,1226945,6.460000,6.794000
233,8326,8326,6086943,1491051,1491385,1502371,1502471,10.986000,11.320000
233,9479,9479,6507942,1530051,1530377,1544035,1544135,13.658000,13.984000
233,7674,7674,5dfa941,1542051,1542377,1563402,1563502,21.025000,21.351000
233,8221,8221,601d941,1598850,1599184,1609930,1610030,10.746000,11.080000
233,9966,9966,66ee943,1670051,1670385,1676861,1676961,6.476000,6.810000
233,7859,7859,5eb3942,1677051,1677385,1690023,1690123,12.638000,12.972000
233,8345,8345,6099940,1759051,1759377,1764994,1765094,5.617000,5.943000
233,9568,9568,6560940,1755051,1755385,1771670,1771770,16.285000,16.619000
233,10407,10407,68a7943,1841051,1841377,1847860,1847960,6.483000,6.809000
233,7490,7490,5d42941,1857051,1857377,1866603,1866703,9.226000,9.552000
233,7377,7377,5cd1942,1872436,1872762,1881094,1881194,8.332000,8.658000
233,10855,10855,6a67943,1907051,1907377,1913056,1913156,5.679000,6.005000
233,9565,9565,655d942,1920051,1920385,1929573,1929673,9.188000,9.522000
233,10248,10248,6808940,1988051,1988385,2001085,2001185,12.700000,13.034000
233,10278,10278,6826940,2506051,2506377,2511958,2512058,5.581000,5.907000
234,272,272,4110943,66051,66377,74655,74755,8.278000,8.604000
234,190,190,40be942,86051,86377,95564,95664,9.187000,9.513000
234,755,755,42f3943,75881,76215,101070,101170,24.855000,25.189000
234,1125,1125,4465940,138051,138385,143966,144066,5.581000,5.915000
234,1339,1339,453b943,198051,198377,207569,207669,9.192000,9.518000
234,2909,2909,4b5d941,273782,274116,283392,283492,9.276000,9.610000
234,713,713,42c9941,315051,315377,320974,321074,5.597000,5.923000
234,531,531,4213941,321051,321377,331138,331238,9.761000,10.087000
234,1056,1056,4420940,332051,332385,348621,348721,16.236000,16.570000
234,2207,2207,489f943,443051,443385,448098,448198,4.713000,5.047000
234,2084,2084,4824942,449051,449385,457633,457733,8.248000,8.582000
234,3732,3732,4e94940,452051,452385,470500,470600,18.115000,18.449000
234,2940,2940,4b7c941,626051,626377,638339,638439,11.962000,12.288000
234,4519,4519,51a7940,688051,688377,693997,694097,5.620000,5.946000
234,3948,3948,4f6c943,804051,804377,809165,809265,4.788000,5.114000
234,5524,5524,5594940,826051,826385,841007,841107,14.622000,14.956000
234,3435,3435,4d6b941,897051,897377,907101,907201,9.724000,10.050000
234,7286,7286,5c76940,999051,999385,1021905,1022005,22.520000,22.854000
234,8467,8467,6113940,1097051,1097377,1105665,1105765,8.288000,8.614000
234,5428,5428,5534943,1274051,1274385,1290199,1290299,15.814000,16.148000
234,7029,7029,5b75942,1321051,1321385,1332607,1332707,11.222000,11.556000
234,8344,8344,6098942,1337759,1338085,1349749,1349849,11.664000,11.990000
234,9553,9553,6551943,1395502,1395836,1401447,1401547,5.611000,5.945000
234,9744,9744,6610941,1442051,1442377,1457346,1457446,14.969000,15.295000
234,8648,8648,61c8942,1478051,1478377,1486678,1486778,8.301000,8.627000
234,8860,8860,629c942,1483439,1483773,1492147,1492247,8.374000,8.708000
234,10435,10435,68c3941,1481051,1481385,1513301,1513401,31.916000,32.250000
234,9301,9301,6455942,1574051,1574385,1589129,1589229,14.744000,15.078000
234,9281,9281,6441940,1686051,1686385,1692917,1693017,6.532000,6.866000
234,8047,8047,5f6f943,1728051,1728377,1747464,1747564,19.087000,19.413000
234,10010,10010,671a941,1841051,1841377,1846069,1846169,4.692000,5.018000
235,147,147,4093940,25051,25385,37310,37410,11.925000,12.259000
235,375,375,4177940,27416,27742,42689,42789,14.947000,15.273000
235,1152,1152,4480942,81051,81385,90607,90707,9.222000,9.556000
235,554,554,422a941,81051,81385,101045,101145,19.660000,19.994000
235,503,503,41f7942,119051,119377,125010,125110,5.633000,5.959000
235,1402,1402,457a942,112051,112377,143665,143765,31.288000,31.614000
235,579,579,4243943,230051,230385,238661,238761,8.276000,8.610000
235,904,904,4388942,245051,245377,250078,250178,4.701000,5.027000
235,1229,1229,44cd942,260051,260385,270543,270643,10.158000,10.492000
235,3229,3229,4c9d940,258438,258763,292395,292495,33.632000,33.957000
235,1457,1457,45b1942,322051,322385,330495,330595,8.110000,8.444000
235,829,829,433d940,362051,362385,373458,373558,11.073000,11.407000
235,2532,2532,49e4942,418051,418385,427604,427704,9.219000,9.553000
235,3888,3888,4f30940,505051,505385,512648,512747,7.263000,7.597000
235,4622,4622,520e942,526051,526377,532888,532988,6.511000,6.837000
235,3884,3884,4f2c941,526904,527230,552627,552727,25.397000,25.723000
235,7906,7906,5ee2940,665051,665385,676083,676183,10.698000,11.032000
235,3706,3706,4e7a942,690051,690385,700474,700574,10.089000,10.423000
235,5351,5351,54e7943,708431,708757,722365,722465,13.608000,13.934000
235,4748,4748,528c940,749051,749377,756765,756865,7.388000,7.714000
235,6830,6830,5aae940,774051,774377,782261,782361,7.884000,8.210000
235,4050,4050,4fd2941,773051,773385,786484,786584,13.099000,13.433000
235,4263,4263,50a7943,790051,790377,797824,797924,7.447000,7.773000
235,4428,4428,514c943,889813,890147,894825,894925,4.678000,5.012000
235,6164,6164,5814942,919051,919377,926734,926834,7.357000,7.683000
235,6694,6694,5a26942,938051,938385,943110,943210,4.725000,5.059000
235,2653,2653,4a5d940,959882,960208,972390,972490,12.182000,12.508000
235,4810,4810,52ca941,1076051,1076385,1084751,1084851,8.366000,8.700000
235,6620,6620,59dc943,1102051,1102385,1110657,1110757,8.272000,8.606000
235,6410,6410,590a943,1111051,1111385,1122501,1122601,11.116000,11.450000
235,7816,7816,5e88941,1142051,1142377,1153533,1153633,11.156000,11.482000
235,5834,5834,56ca942,1196051,1196377,1207201,1207301,10.824000,11.150000
235,7814,7814,5e86943,1267051,1267385,1273995,1274095,6.610000,6.944000
235,6823,6823,5aa7943,1318462,1318796,1326220,1326320,7.424000,7.758000
235,10552,10552,6938940,1363051,1363377,1370807,1370907,7.430000,7.756000
235,7996,7996,5f3c940,1371051,1371377,1383859,1383959,12.482000,12.808000
235,6831,6831,5aaf940,1413051,1413377,1419013,1419113,5.636000,5.962000
235,10813,10813,6a3d940,1425051,1425385,1442527,1442627,17.142000,17.476000
235,10882,10882,6a82942,1613051,1613385,1619969,1620069,6.584000,6.918000
235,10079,10079,675f940,1737051,1737385,1749262,1749362,11.877000,12.211000
235,9839,9839,666f942,1824051,1824385,1836278,1836378,11.893000,12.227000
235,6790,6790,5a86942,1837051,1837377,1845715,1845815,8.338000,8.664000
235,10977,10977,6ae1940,2025051,2025377,2035530,2035630,10.153000,10.479000
235,8583,8583,6187940,2062051,2062385,2070698,2070798,8.313000,8.647000
235,9587,9587,6573940,2254051,2254377,2262768,2262868,8.391000,8.717000
235,10489,10489,68f9943,2302051,2302385,2311634,2311734,9.249000,9.583000
236,47,47,402f940,22051,22385,35107,35207,12.722000,13.056000
236,1437,1437,459d941,54051,54377,63026,63126,8.649000,8.975000
236,1042,1042,4412941,82051,82385,87982,88082,5.597000,5.931000
236,1027,1027,4403943,96051,96377,111060,111160,14.683000,15.009000
236,1184,1184,44a0942,104051,104385,116460,116560,12.075000,12.409000
236,1187,1187,44a3941,149051,149377,167975,168075,18.598000,18.924000
236,1646,1646,466e942,260530,260856,281292,281392,20.436000,20.762000
236,511,511,41ff942,294051,294385,300846,300946,6.461000,6.795000
236,1054,1054,441e941,372051,372377,380671,380771,8.294000,8.620000
236,3696,3696,4e70943,403051,403377,416166,416266,12.789000,13.115000
236,1397,1397,4575943,450051,450385,459519,459619,9.134000,9.468000
236,1739,1739,46cb942,472051,472377,483343,483443,10.966000,11.292000
236,1629,1629,465d943,517050,517385,526568,526668,9.183000,9.518000
236,4427,4427,514b943,527051,527377,534741,534841,7.364000,7.690000
236,1492,1492,45d4940,621051,621385,631701,631801,10.316000,10.650000
236,2601,2601,4a29942,630051,630385,636880,636980,6.495000,6.829000
236,2794,2794,4aea942,635431,635757,642353,642453,6.596000,6.922000
236,3719,3719,4e87942,704051,704385,710871,710971,6.486000,6.820000
236,6044,6044,579c943,709051,709377,719521,719621,10.144000,10.470000
236,5152,5152,5420942,791051,791385,802976,803076,11.591000,11.925000
236,5499,5499,557b943,834051,834385,841790,841890,7.405000,7.739000
236,6484,6484,5954943,847395,847729,859843,859943,12.114000,12.448000
236,5783,5783,5697942,864410,864736,874928,875028,10.192000,10.518000
236,4865,4865,5301942,873395,873721,885845,885945,12.124000,12.450000
236,6196,6196,5834941,1027051,1027377,1037125,1037224,9.748000,10.074000
236,5794,5794,56a2943,1042051,1042385,1049738,1049838,7.353000,7.687000
236,7141,7141,5be5941,1047051,1047377,1055250,1055350,7.873000,8.199000
236,6731,6731,5a4b940,1069051,1069385,1084053,1084153,14.668000,15.002000
236,7152,7152,5bf0941,1105051,1105385,1115475,1115575,10.090000,10.424000
236,8183,8183,5ff7941,1112051,1112377,1122377,1122477,10.000000,10.326000
236,8334,8334,608e941,1139439,1139773,1145461,1145561,5.688000,6.022000
236,7090,7090,5bb2943,1165409,1165743,1178659,1178759,12.916000,13.250000
236,7576,7576,5d98940,1186051,1186385,1200498,1200598,14.113000,14.447000
236,5335,5335,54d7943,1208051,1208385,1219506,1219606,11.121000,11.455000
236,9345,9345,6481942,1234051,1234385,1248738,1248838,14.353000,14.687000
236,7632,7632,5dd0941,1372051,1372377,1381424,1381524,9.047000,9.373000
236,9782,9782,6636943,1383051,1383385,1396090,1396190,12.705000,13.039000
236,9795,9795,6643942,1363051,1363377,1401487,1401587,38.110000,38.436000
236,9625,9625,6599941,1449051,1449385,1474496,1474596,25.111000,25.445000
236,10428,10428,68bc941,1501051,1501385,1509663,1509763,8.278000,8.612000
236,10669,10669,69ad941,1572051,1572377,1578931,1579031,6.554000,6.880000
236,7823,7823,5e8f942,1615051,1615385,1621901,1622001,6.516000,6.850000
236,10899,10899,6a93943,1625051,1625377,1641212,1641312,15.835000,16.161000
236,9541,9541,6545940,1673051,1673377,1682649,1682749,9.272000,9.598000
236,10257,10257,6811942,1767051,1767385,1776596,1776696,9.211000,9.545000
236,9954,9954,66e2941,1820051,1820385,1850016,1850116,29.631000,29.965000
236,7510,7510,5d56942,1908051,1908377,1918117,1918217,9.740000,10.066000
236,8407,8407,60d7940,1912051,1912377,1923558,1923658,11.181000,11.507000
236,10140,10140,679c940,2321051,2321385,2328850,2328950,7.465000,7.799000
237,107,107,406b942,27051,27385,33013,33113,5.628000,5.962000
237,578,578,4242943,144051,144385,150003,150103,5.618000,5.952000
237,776,776,4308942,161051,161377,172357,172457,10.980000,11.306000
237,393,393,4189943,202051,202377,208858,208958,6.481000,6.807000
237,3497,3497,4da9943,228051,228377,241076,241176,12.699000,13.025000
237,2962,2962,4b92941,248395,248729,253422,253522,4.693000,5.027000
237,4009,4009,4fa9942,310255,310589,320490,320590,9.901000,10.235000
237,3442,3442,4d72943,391051,391385,398822,398922,7.437000,7.771000
237,1286,1286,4506942,436051,436377,447280,447380,10.903000,11.229000
237,4354,4354,5102940,508051,508385,514485,514584,6.100000,6.434000
237,2924,2924,4b6c940,512050,512377,518653,518752,6.276000,6.603000
237,3879,3879,4f27941,586051,586385,595558,595658,9.173000,9.507000
237,2724,2724,4aa4941,676783,677117,700030,700130,22.913000,23.247000
237,5094,5094,53e6942,702051,702385,708906,709006,6.521000,6.855000
237,1930,1930,478a942,732051,732377,745922,746022,13.545000,13.871000
237,6450,6450,5932940,747051,747377,763932,764032,16.555000,16.881000
237,6184,6184,5828940,822051,822385,833310,833410,10.925000,11.259000
237,3409,3409,4d51942,830051,830377,837454,837554,7.077000,7.403000
237,4909,4909,532d940,848051,848385,857524,857624,9.139000,9.473000
237,6334,6334,58be941,846051,846385,861766,861866,15.381000,15.715000
237,4525,4525,51ad940,842446,842780,867235,867335,24.455000,24.789000
237,7875,7875,5ec3943,852051,852377,878148,878248,25.771000,26.097000
237,5017,5017,5399940,883051,883385,888926,889026,5.541000,5.875000
237,6379,6379,58eb941,862051,862377,893145,893245,30.768000,31.094000
237,5861,5861,56e5941,901051,901385,907917,908017,6.532000,6.866000
237,7222,7222,5c36941,930424,930750,943365,943465,12.615000,12.941000
237,7773,7773,5e5d940,1043876,1044202,1064458,1064558,20.256000,20.582000
237,4123,4123,501b943,1053051,1053377,1089610,1089710,36.233000,36.559000
237,6266,6266,587a940,1137051,1137385,1143000,1143100,5.615000,5.949000
237,8234,8234,602a941,1166051,1166385,1175613,1175713,9.228000,9.562000
237,8327,8327,6087941,1174051,1174385,1195982,1196082,21.597000,21.931000
237,7003,7003,5b5b941,1229051,1229385,1236718,1236818,7.333000,7.667000
237,8161,8161,5fe1940,1305051,1305385,1314613,1314713,9.228000,9.562000
237,8763,8763,623b940,1388051,1388385,1396615,1396715,8.230000,8.564000
237,7218,7218,5c32943,1539051,1539377,1547694,1547794,8.317000,8.643000
237,7350,7350,5cb6943,1574051,1574385,1599637,1599737,25.252000,25.586000
237,9253,9253,6425940,1652051,1652377,1667597,1667697,15.220000,15.546000
237,7993,7993,5f39942,1935051,1935377,1944494,1944594,9.117000,9.443000
237,9842,9842,6672942,1941051,1941377,1948667,1948767,7.290000,7.616000
237,10707,10707,69d3940,2009418,2009752,2019861,2019961,10.109000,10.443000
237,9523,9523,6533942,2157051,2157385,2166549,2166649,9.164000,9.498000
237,10699,10699,69cb940,2326457,2326783,2335076,2335176,8.293000,8.619000
237,9637,9637,65a5942,2477416,2477742,2487911,2488011,10.169000,10.495000
238,658,658,4292943,89051,89377,95885,95985,6.508000,6.834000
238,953,953,43b9940,108051,108385,114826,114926,6.441000,6.775000
238,498,498,41f2942,138673,139007,153657,153757,14.650000,14.984000
238,3401,3401,4d49941,333051,333377,340794,340894,7.417000,7.743000
238,1745,1745,46d1940,378051,378377,388780,388880,10.403000,10.729000
238,2624,2624,4a40942,401051,401377,413137,413237,11.760000,12.086000
238,2578,2578,4a12942,433051,433377,440782,440882,7.405000,7.731000
238,2031,2031,47ef940,477051,477377,486547,486647,9.170000,9.496000
238,4578,4578,51e2940,514816,515141,520725,520824,5.584000,5.909000
238,2419,2419,4973940,531378,531704,548134,548234,16.430000,16.756000
238,3970,3970,4f82943,672051,672385,684591,684691,12.206000,12.540000
238,5161,5161,5429941,732051,732385,742145,742245,9.760000,10.094000
238,5165,5165,542d942,739267,739593,747565,747665,7.972000,8.298000
238,3235,3235,4ca3940,735051,735385,752932,753032,17.547000,17.881000
238,4602,4602,51fa940,731051,731385,757064,757164,25.679000,26.013000
238,4958,4958,535e941,787051,787377,802502,802602,15.125000,15.451000
238,4584,4584,51e8941,888051,888377,900796,900896,12.419000,12.745000
238,6877,6877,5add941,904416,904750,913990,914090,9.240000,9.574000
238,9537,9537,6541940,928051,928385,935846,935946,7.461000,7.795000
238,7289,7289,5c79941,949051,949385,968126,968226,18.741000,19.075000
238,5392,5392,5510943,999492,999826,1006267,1006367,6.441000,6.775000
238,7333,7333,5ca5942,1073424,1073750,1081203,1081303,7.453000,7.779000
238,7579,7579,5d9b942,1112914,1113240,1120901,1121001,7.661000,7.987000
238,6528,6528,5980943,1200051,1200377,1214854,1214954,14.477000,14.803000
238,7313,7313,5c91942,1307051,1307385,1317430,1317530,10.045000,10.379000
238,7242,7242,5c4a943,1350051,1350377,1356883,1356983,6.506000,6.832000
238,9521,9521,6531943,1354051,1354377,1361035,1361135,6.658000,6.984000
238,4554,4554,51ca940,1372051,1372377,1391440,1391540,19.063000,19.389000
238,8027,8027,5f5b943,1401051,1401385,1406145,1406245,4.760000,5.094000
238,8939,8939,62eb942,1420051,1420377,1427735,1427835,7.358000,7.684000
238,6003,6003,5773940,1478051,1478385,1488416,1488516,10.031000,10.365000
238,10740,10740,69f4943,1525051,1525377,1532766,1532866,7.389000,7.715000
238,9419,9419,64cb940,1528418,1528752,1542458,1542558,13.706000,14.040000
238,8835,8835,6283940,1557051,1557385,1568347,1568447,10.962000,11.296000
238,10681,10681,69b9943,1588051,1588385,1594022,1594122,5.637000,5.971000
238,10653,10653,699d942,1595479,1595813,1606914,1607014,11.101000,11.435000
238,9033,9033,6349943,1647051,1647377,1657474,1657574,10.097000,10.423000
238,9628,9628,659c943,1723051,1723377,1731616,1731716,8.239000,8.565000
238,10258,10258,6812942,1743051,1743385,1757288,1757388,13.903000,14.237000
238,10462,10462,68de942,1822051,1822377,1828891,1828991,6.514000,6.840000
238,7595,7595,5dab942,2038051,2038385,2049305,2049406,10.920000,11.254000
239,538,538,421a941,33051,33377,46270,46370,12.893000,13.219000
239,319,319,413f941,68051,68377,77550,77650,9.173000,9.499000
239,356,356,4164943,83051,83377,96503,96603,13.126000,13.452000
239,1109,1109,4455942,121051,121385,129614,129714,8.229000,8.563000
239,2288,2288,48f0942,167051,167377,173944,174044,6.567000,6.893000
239,2449,2449,4991943,304051,304377,309166,309266,4.789000,5.115000
239,1716,1716,46b4942,301051,301377,313339,313439,11.962000,12.288000
239,1736,1736,46c8940,356051,356377,373509,373609,17.132000,17.458000
239,2890,2890,4b4a940,379051,379385,393023,393123,13.638000,13.972000
239,206,206,40ce942,391616,391950,409263,409363,17.313000,17.647000
239,1942,1942,4796940,412051,412377,436300,436400,23.923000,24.249000
239,1701,1701,46a5941,473051,473377,483349,483449,9.972000,10.298000
239,3592,3592,4e08941,480051,480385,494758,494858,14.373000,14.707000
239,4801,4801,52c1943,591051,591377,602758,602858,11.381000,11.707000
239,6161,6161,5811942,607051,607385,621565,621665,14.180000,14.514000
239,4793,4793,52b9942,618051,618385,627562,627662,9.177000,9.511000
239,6335,6335,58bf940,736051,736377,743599,743699,7.222000,7.548000
239,5247,5247,547f942,764051,764377,782065,782165,17.688000,18.014000
239,5792,5792,56a0941,852051,852377,860627,860727,8.250000,8.576000
239,3441,3441,4d71943,868051,868377,881578,881678,13.201000,13.527000
239,6092,6092,57cc941,917051,917385,936252,936352,18.867000,19.201000
239,4566,4566,51d6942,934051,934377,947155,947255,12.778000,13.104000
239,6016,6016,5780942,943051,943377,952650,952750,9.273000,9.599000
239,8320,8320,6080943,942051,942385,958124,958224,15.739000,16.073000
239,5625,5625,55f9942,974051,974385,981778,981878,7.393000,7.727000
239,6494,6494,595e942,985446,985780,1001937,1002037,16.157000,16.491000
239,6442,6442,592a941,1018234,1018568,1029593,1029693,11.025000,11.359000
239,6961,6961,5b31941,1027051,1027377,1038306,1038406,10.929000,11.255000
239,9305,9305,6459942,1098051,1098377,1111113,1111213,12.736000,13.062000
239,4531,4531,51b3942,1241051,1241377,1246931,1247031,5.554000,5.880000
239,9401,9401,64b9940,1247051,1247377,1256520,1256620,9.143000,9.469000
239,5224,5224,5468942,1258051,1258385,1263943,1264043,5.558000,5.892000
239,5208,5208,5458940,1253051,1253385,1268142,1268242,14.757000,15.091000
239,4658,4658,5232940,1264051,1264385,1279776,1279876,15.391000,15.725000
239,6171,6171,581b943,1280610,1280936,1310238,1310338,29.302000,29.628000
239,8154,8154,5fda942,1391051,1391377,1404144,1404244,12.767000,13.093000
239,10214,10214,67e6941,1498051,1498385,1532977,1533077,34.592000,34.926000
239,10830,10830,6a4e943,1528051,1528377,1538408,1538508,10.031000,10.357000
239,9290,9290,644a941,1634051,1634377,1643487,1643587,9.110000,9.436000
239,8054,8054,5f76940,1904051,1904385,1919701,1919801,15.316000,15.650000
239,10546,10546,6932941,1969051,1969385,1978451,1978551,9.066000,9.400000
239,10497,10497,6901941,2052410,2052736,2058328,2058428,5.592000,5.918000
239,9268,9268,6434942,2127051,2127385,2138355,2138455,10.970000,11.304000
239,10983,10983,6ae7942,2822051,2822385,2834210,2834310,11.825000,12.159000
240,1911,1911,4777943,61051,61385,75883,75983,14.498000,14.832000
240,556,556,422c940,87051,87377,95664,95764,8.287000,8.613000
240,509,509,41fd943,87051,87385,101054,101154,13.669000,14.003000
240,460,460,41cc940,149051,149385,155894,155994,6.509000,6.843000
240,320,320,4140941,163051,163377,172219,172319,8.842000,9.168000
240,1654,1654,4676942,171051,171385,198178,198278,26.793000,27.127000
240,1113,1113,4459940,323425,323759,331157,331257,7.398000,7.732000
240,3467,3467,4d8b943,338051,338385,358789,358889,20.404000,20.738000
240,2534,2534,49e6940,367051,367377,373016,373116,5.639000,5.965000
240,2363,2363,493b941,370051,370385,379553,379653,9.168000,9.502000
240,1531,1531,45fb943,378051,378385,396228,396328,17.843000,18.177000
240,3657,3657,4e49943,455051,455385,464529,464629,9.144000,9.478000
240,2922,2922,4b6a943,496051,496385,507311,507411,10.926000,11.260000
240,1761,1761,46e1943,495051,495377,512699,512800,17.322000,17.648000
240,2292,2292,48f4940,525051,525385,539476,539576,14.091000,14.425000
240,4343,4343,50f7940,532051,532377,544912,545012,12.535000,12.861000
240,4280,4280,50b8942,543446,543780,549380,549480,5.600000,5.934000
240,4598,4598,51f6943,701051,701377,712286,712386,10.909000,11.235000
240,5368,5368,54f8943,747051,747385,763013,763113,15.628000,15.962000
240,7049,7049,5b89942,767051,767377,778350,778450,10.973000,11.299000
240,5398,5398,5516940,833051,833377,839908,840008,6.531000,6.857000
240,8902,8902,62c6941,834051,834377,845283,845383,10.906000,11.232000
240,5171,5171,5433940,844051,844385,859546,859646,15.161000,15.495000
240,3128,3128,4c38940,877051,877385,885651,885751,8.266000,8.600000
240,5978,5978,575a940,882051,882385,897373,897473,14.988000,15.322000
240,5886,5886,56fe941,891051,891377,902788,902888,11.411000,11.737000
240,6302,6302,589e943,897051,897385,919240,919340,21.855000,22.189000
240,6173,6173,581d942,928051,928377,935699,935799,7.322000,7.648000
240,7245,7245,5c4d943,941051,941377,947892,947992,6.515000,6.841000
240,5953,5953,5741941,958051,958377,967529,967629,9.152000,9.478000
240,7185,7185,5c11942,1070051,1070377,1079555,1079655,9.178000,9.504000
240,7187,7187,5c13943,1075051,1075377,1085028,1085128,9.651000,9.977000
240,8990,8990,631e943,1152051,1152377,1167708,1167808,15.331000,15.657000
240,8393,8393,60c9941,1211892,1212226,1221486,1221586,9.260000,9.594000
240,7367,7367,5cc7940,1355051,1355385,1367204,1367304,11.819000,12.153000
240,5941,5941,5735940,1405051,1405385,1413662,1413762,8.277000,8.611000
240,9196,9196,63ec940,1561051,1561385,1578598,1578698,17.213000,17.547000
240,10047,10047,673f942,1620051,1620377,1630420,1630520,10.043000,10.369000
240,10345,10345,6869942,1633051,1633385,1648348,1648448,14.963000,15.297000
240,10281,10281,6829941,1936439,1936765,1945057,1945157,8.292000,8.618000
241,1335,1335,4537942,137051,137385,143002,143102,5.617000,5.951000
241,712,712,42c8942,125051,125377,157839,157939,32.462000,32.788000
241,1009,1009,43f1941,189051,189377,194126,194226,4.749000,5.075000
241,797,797,431d941,214051,214385,235614,235714,21.229000,21.563000
241,3087,3087,4c0f941,234051,234385,246682,246782,12.297000,12.631000
241,897,897,4381940,309051,309385,315861,315961,6.476000,6.810000
241,1748,1748,46d4942,333051,333385,339848,339948,6.463000,6.797000
241,3279,3279,4ccf940,354051,354385,362682,362782,8.297000,8.631000
241,2066,2066,4812942,373051,373377,384307,384407,10.930000,11.256000
241,3110,3110,4c26943,400051,400385,409103,409203,8.718000,9.052000
241,1725,1725,46bd940,399051,399377,413297,413397,13.920000,14.246000
241,2094,2094,482e940,408051,408385,419321,419421,10.936000,11.270000
241,1080,1080,4438941,424051,424385,438013,438113,13.628000,13.962000
241,4135,4135,5027943,449051,449385,458525,458625,9.140000,9.474000
241,3699,3699,4e73940,534051,534377,545352,545452,10.975000,11.301000
241,4705,4705,5261942,565051,565385,570129,570229,4.744000,5.078000
241,5237,5237,5475941,617051,617377,623916,624016,6.539000,6.865000
241,5802,5802,56aa943,636051,636377,654926,655026,18.549000,18.875000
241,7903,7903,5edf942,647720,648054,670861,670961,22.807000,23.141000
241,3241,3241,4ca9942,653051,653385,676311,676411,22.926000,23.260000
241,4016,4016,4fb0943,694051,694385,704341,704441,9.956000,10.290000
241,3323,3323,4cfb940,752051,752385,757961,758061,5.576000,5.910000
241,5714,5714,5652942,797051,797377,802670,802770,5.293000,5.619000
241,2827,2827,4b0b940,800416,800742,810069,810169,9.327000,9.653000
241,3555,3555,4de3942,812051,812377,821570,821670,9.193000,9.519000
241,6121,6121,57e9940,820446,820780,829112,829212,8.332000,8.666000
241,5195,5195,544b940,845051,845377,858666,858766,13.289000,13.615000
241,4638,4638,521e943,851051,851377,869436,869536,18.059000,18.385000
241,6938,6938,5b1a940,928446,928780,937088,937188,8.308000,8.642000
241,7316,7316,5c94943,966051,966377,976418,976518,10.041000,10.367000
241,4405,4405,5135942,996051,996385,1025993,1026094,29.608000,29.942000
241,6648,6648,59f8942,1061051,1061385,1071535,1071635,10.150000,10.484000
241,5455,5455,554f942,1077051,1077377,1091006,1091106,13.629000,13.955000
241,8210,8210,6012942,1099051,1099377,1111811,1111911,12.434000,12.760000
241,8513,8513,6141942,1170051,1170385,1178691,1178791,8.306000,8.640000
241,6647,6647,59f7943,1191051,1191377,1206429,1206529,15.052000,15.378000
241,6971,6971,5b3b942,1274051,1274377,1286227,1286327,11.850000,12.176000
241,7891,7891,5ed3943,1281051,1281385,1290406,1290506,9.021000,9.355000
241,7504,7504,5d50942,1273051,1273385,1294595,1294695,21.210000,21.544000
241,10877,10877,6a7d940,1334051,1334385,1345944,1346044,11.559000,11.893000
241,5957,5957,5745940,1365051,1365377,1370984,1371084,5.607000,5.933000
241,6715,6715,5a3b941,1408489,1408815,1429253,1429353,20.438000,20.764000
241,6510,6510,596e940,1421243,1421569,1434720,1434820,13.151000,13.477000
241,8386,8386,60c2943,1468051,1468385,1482380,1482480,13.995000,14.329000
241,5157,5157,5425940,1461051,1461385,1487859,1487959,26.474000,26.808000
241,7657,7657,5de9940,1486051,1486377,1494672,1494772,8.295000,8.621000
241,8446,8446,60fe943,1485051,1485377,1500108,1500208,14.731000,15.057000
241,7024,7024,5b70940,1517051,1517385,1522099,1522199,4.714000,5.048000
241,10475,10475,68eb942,1577051,1577385,1586630,1586730,9.245000,9.579000
241,10981,10981,6ae5943,1615051,1615377,1624521,1624621,9.144000,9.470000
241,10370,10370,6882940,1686051,1686377,1694706,1694806,8.329000,8.655000
241,10210,10210,67e2942,1835424,1835750,1843162,1843262,7.412000,7.738000
241,9498,9498,651a941,1928051,1928385,1942049,1942149,13.664000,13.998000
241,8928,8928,62e0943,1957051,1957377,1971704,1971804,14.327000,14.653000
241,10197,10197,67d5941,1962051,1962377,1977211,1977311,14.834000,15.160000
241,10196,10196,67d4943,1998051,1998377,2011150,2011250,12.773000,13.099000
241,9644,9644,65ac940,2168416,2168750,2177958,2178058,9.208000,9.542000
241,10466,10466,68e2943,2326051,2326385,2337393,2337493,11.008000,11.342000
242,17,17,4011943,114051,114377,121802,121902,7.425000,7.751000
242,275,275,4113942,120051,120385,127227,127327,6.842000,7.176000
242,763,763,42fb940,209051,209385,225756,225856,16.371000,16.705000
242,2089,2089,4829943,294051,294385,301723,301823,7.338000,7.672000
242,1960,1960,47a8942,360409,360743,373782,373882,13.039000,13.373000
242,2881,2881,4b41940,500051,500377,521358,521458,20.981000,21.307000
242,2177,2177,4881942,627051,627385,635637,635737,8.252000,8.586000
242,4243,4243,5093943,697764,698098,709158,709258,11.060000,11.394000
242,4117,4117,5015940,706051,706385,714632,714732,8.247000,8.581000
242,5412,5412,5524942,707051,707377,721029,721129,13.652000,13.978000
242,5414,5414,5526942,742051,742385,760843,760943,18.458000,18.792000
242,3932,3932,4f5c942,758051,758377,768525,768625,10.148000,10.474000
242,3853,3853,4f0d943,866051,866385,875549,875649,9.164000,9.498000
242,6013,6013,577d940,872051,872385,881034,881134,8.649000,8.983000
242,6641,6641,59f1941,934051,934377,940870,940970,6.493000,6.819000
242,7754,7754,5e4a941,1030051,1030377,1042211,1042311,11.834000,12.160000
242,6458,6458,593a941,1076051,1076377,1083283,1083383,6.906000,7.232000
242,4296,4296,50c8941,1083051,1083385,1097211,1097311,13.826000,14.160000
242,5290,5290,54aa941,1103051,1103377,1111655,1111755,8.278000,8.604000
242,6046,6046,579e940,1105424,1105750,1120503,1120603,14.753000,15.079000
242,5081,5081,53d9943,1170409,1170743,1187108,1187208,16.365000,16.699000
242,8340,8340,6094942,1194051,1194385,1199096,1199196,4.711000,5.045000
242,4053,4053,4fd5943,1182439,1182765,1204486,1204586,21.721000,22.047000
242,9246,9246,641e941,1197418,1197752,1216877,1216977,19.125000,19.459000
242,7072,7072,5ba0942,1279395,1279729,1296259,1296359,16.530000,16.864000
242,9544,9544,6548940,1333051,1333385,1344273,1344373,10.888000,11.222000
242,7062,7062,5b96941,1342051,1342377,1348405,1348505,6.028000,6.354000
242,7775,7775,5e5f943,1395820,1396146,1401790,1401890,5.644000,5.970000
242,5617,5617,55f1941,1429051,1429377,1435011,1435111,5.634000,5.960000
242,9798,9798,6646941,1537424,1537750,1563816,1563916,26.066000,26.392000
242,8676,8676,61e4943,1656051,1656377,1662021,1662121,5.644000,5.970000
242,7174,7174,5c06940,1708051,1708385,1716702,1716802,8.317000,8.651000
242,8373,8373,60b5943,1742051,1742385,1754285,1754385,11.900000,12.234000
242,6353,6353,58d1943,1786051,1786385,1800938,1801038,14.553000,14.887000
242,8849,8849,6291940,1809051,1809377,1816801,1816901,7.424000,7.750000
242,10086,10086,6766941,1909051,1909377,1920348,1920448,10.971000,11.297000
242,9125,9125,63a5940,1927051,1927377,1932962,1933062,5.585000,5.911000
242,10725,10725,69e5941,1971733,1972059,1976861,1976961,4.802000,5.128000
242,10176,10176,67c0940,2033051,2033385,2049722,2049822,16.337000,16.671000
242,9220,9220,6404943,2669051,2669385,2683944,2684044,14.559000,14.893000
243,104,104,4068943,22051,22385,27125,27225,4.740000,5.074000
243,379,379,417b942,89051,89385,101795,101895,12.410000,12.744000
243,1177,1177,4499941,150051,150377,162833,162933,12.456000,12.782000
243,1373,1373,455d943,170051,170385,176901,177001,6.516000,6.850000
243,1586,1586,4632942,279051,279385,287624,287724,8.239000,8.573000
243,2347,2347,492b943,435051,435377,440075,440175,4.698000,5.024000
243,2542,2542,49ee942,446395,446729,461550,461650,14.821000,15.155000
243,4000,4000,4fa0941,491051,491385,509447,509547,18.062000,18.396000
243,4821,4821,52d5943,512050,512377,522430,522530,10.053000,10.380000
243,1966,1966,47ae943,564051,564385,575288,575388,10.903000,11.237000
243,3697,3697,4e71942,627051,627377,649259,649359,21.882000,22.208000
243,4320,4320,50e0940,729051,729385,737647,737747,8.262000,8.596000
243,3278,3278,4cce942,726051,726377,743494,743594,17.117000,17.443000
243,2795,2795,4aeb943,739051,739385,759825,759925,20.440000,20.774000
243,4056,4056,4fd8941,758051,758377,763957,764057,5.580000,5.906000
243,5776,5776,5690943,785051,785385,793711,793811,8.326000,8.660000
243,8633,8633,61b9941,788051,788385,800759,800859,12.374000,12.708000
243,5568,5568,55c0941,844051,844385,850895,850995,6.510000,6.844000
243,6378,6378,58ea940,871051,871377,880562,880662,9.185000,9.511000
243,8284,8284,605c942,877051,877385,886581,886681,9.196000,9.530000
243,3941,3941,4f65940,895416,895742,904044,904144,8.302000,8.628000
243,7116,7116,5bcc942,899051,899377,910320,910420,10.943000,11.269000
243,4101,4101,5005941,938051,938385,948450,948550,10.065000,10.399000
243,5096,5096,53e8940,947051,947377,953874,953974,6.497000,6.823000
243,10271,10271,681f941,961051,961385,973246,973346,11.861000,12.195000
243,7798,7798,5e76943,1033051,1033385,1046763,1046863,13.378000,13.712000
243,8351,8351,609f940,1062051,1062377,1067112,1067212,4.735000,5.061000
243,8570,8570,617a941,1082051,1082377,1091635,1091735,9.258000,9.584000
243,5416,5416,5528943,1148027,1148361,1165988,1166088,17.627000,17.961000
243,8226,8226,6022943,1167418,1167752,1182345,1182445,14.593000,14.927000
243,9198,9198,63ee943,1229051,1229377,1241293,1241393,11.916000,12.242000
243,6487,6487,5957941,1292051,1292377,1306991,1307091,14.614000,14.940000
243,8520,8520,6148942,1364395,1364721,1369520,1369620,4.799000,5.125000
243,7266,7266,5c62942,1368051,1368385,1387369,1387469,18.984000,19.318000
243,10400,10400,68a0943,1426051,1426385,1434682,1434782,8.297000,8.631000
243,10844,10844,6a5c940,1443051,1443385,1451649,1451749,8.264000,8.598000
243,9480,9480,6508940,1520051,1520385,1530417,1530517,10.032000,10.366000
243,7470,7470,5d2e943,1534051,1534377,1545339,1545439,10.962000,11.288000
243,10888,10888,6a88943,1611051,1611377,1632079,1632179,20.702000,21.028000
243,9483,9483,650b940,1991051,1991377,1996971,1997071,5.594000,5.920000
243,10298,10298,683a943,2141051,2141377,2146109,2146209,4.732000,5.058000
244,168,168,40a8943,46051,46385,62716,62816,16.331000,16.665000
244,1415,1415,4587940,66051,66385,75500,75600,9.115000,9.449000
244,901,901,4385943,116051,116377,122896,122996,6.519000,6.845000
244,1175,1175,4497940,119051,119377,127089,127189,7.712000,8.038000
244,1717,1717,46b5942,172051,172377,183431,183531,11.054000,11.380000
244,3201,3201,4c81941,304051,304377,328334,328434,23.957000,24.283000
244,2886,2886,4b46940,310051,310377,333786,333886,23.409000,23.735000
244,3099,3099,4c1b940,402051,402377,409825,409925,7.448000,7.774000
244,2874,2874,4b3a940,474051,474385,497729,497829,23.344000,23.678000
244,3005,3005,4bbd940,528051,528385,542256,542356,13.871000,14.205000
244,2592,2592,4a20943,589051,589385,594975,595075,5.590000,5.924000
244,5790,5790,569e942,587051,587385,600364,600464,12.979000,13.313000
244,3389,3389,4d3d942,612051,612385,625158,625258,12.773000,13.107000
244,3332,3332,4d04943,621072,621398,646014,646114,24.616000,24.942000
244,2553,2553,49f9941,692051,692385,705698,705798,13.313000,13.647000
244,3488,3488,4da0941,746051,746377,764494,764594,18.117000,18.443000
244,5068,5068,53cc942,830051,830377,836860,836960,6.483000,6.809000
244,7345,7345,5cb1942,882051,882377,889769,889869,7.392000,7.718000
244,4402,4402,5132941,912051,912377,919717,919817,7.340000,7.666000
244,6744,6744,5a58943,979051,979377,1006937,1007037,27.560000,27.886000
244,10728,10728,69e8941,1016051,1016385,1039444,1039543,23.059000,23.393000
244,4626,4626,5212941,1028051,1028377,1044975,1045076,16.598000,16.924000
244,3964,3964,4f7c940,1066051,1066377,1078194,1078294,11.817000,12.143000
244,4768,4768,52a0941,1073051,1073385,1083663,1083763,10.278000,10.612000
244,6392,6392,58f8940,1046051,1046377,1089063,1089163,42.686000,43.012000
244,8504,8504,6138942,1129051,1129377,1143735,1143835,14.358000,14.684000
244,4815,4815,52cf943,1144051,1144377,1167701,1167801,23.324000,23.650000
244,3590,3590,4e06943,1157051,1157377,1178727,1178827,21.350000,21.676000
244,9062,9062,6366941,1192051,1192377,1209643,1209743,17.266000,17.592000
244,6755,6755,5a63942,1208051,1208377,1238185,1238285,29.808000,30.134000
244,9178,9178,63da941,1309402,1309736,1317096,1317196,7.360000,7.694000
244,8857,8857,6299943,1355051,1355385,1362785,1362885,7.400000,7.734000
244,5680,5680,5630941,1435051,1435385,1442735,1442835,7.350000,7.684000
244,9271,9271,6437941,1448051,1448385,1463781,1463881,15.396000,15.730000
244,7768,7768,5e58942,1516051,1516385,1524671,1524771,8.286000,8.620000
244,8771,8771,6243940,1633051,1633377,1648963,1649063,15.586000,15.912000
244,10505,10505,6909942,1711051,1711385,1720568,1720668,9.183000,9.517000
244,9608,9608,6588943,1871051,1871377,1893286,1893386,21.909000,22.235000
244,9871,9871,668f941,2036051,2036377,2057957,2058057,21.580000,21.906000
244,10000,10000,6710943,2081051,2081385,2086983,2087082,5.598000,5.932000
245,241,241,40f1941,22051,22385,27125,27225,4.740000,5.074000
245,253,253,40fd943,44702,45028,56212,56312,11.184000,11.510000
245,340,340,4154941,85051,85385,92712,92812,7.327000,7.661000
245,325,325,4145941,193051,193385,211886,211986,18.501000,18.835000
245,1550,1550,460e942,234051,234377,243518,243618,9.141000,9.467000
245,1926,1926,4786941,288051,288385,300225,300325,11.840000,12.174000
245,3055,3055,4bef941,358051,358385,371946,372046,13.561000,13.895000
245,3509,3509,4db5943,373051,373385,380766,380866,7.381000,7.715000
245,4426,4426,514a942,502051,502377,511565,511665,9.188000,9.514000
245,5477,5477,5565940,583051,583377,597933,598033,14.556000,14.882000
245,6001,6001,5771940,639051,639385,663493,663593,24.108000,24.442000
245,8093,8093,5f9d942,684051,684385,693506,693606,9.121000,9.455000
245,2697,2697,4a89941,693051,693385,699028,699128,5.643000,5.977000
245,3695,3695,4e6f941,716051,716377,724588,724688,8.211000,8.537000
245,3346,3346,4d12943,731051,731377,737889,737989,6.512000,6.838000
245,3372,3372,4d2c942,760051,760385,780117,780217,19.732000,20.066000
245,7620,7620,5dc4942,790409,790743,798260,798360,7.517000,7.851000
245,3623,3623,4e27940,822051,822385,840387,840487,18.002000,18.336000
245,6501,6501,5965940,848051,848385,871021,871121,22.636000,22.970000
245,3795,3795,4ed3940,951051,951385,964880,964980,13.495000,13.829000
245,10402,10402,68a2940,991051,991377,1006767,1006867,15.390000,15.716000
245,10250,10250,680a943,1004051,1004385,1023320,1023420,18.935000,19.269000
245,4699,4699,525b942,1026051,1026385,1040055,1040155,13.670000,14.004000
245,7941,7941,5f05940,1066051,1066385,1079300,1079400,12.915000,13.249000
245,6366,6366,58de940,1139051,1139385,1147583,1147683,8.198000,8.532000
245,9562,9562,655a942,1197051,1197385,1206573,1206673,9.188000,9.522000
245,6596,6596,59c4942,1217051,1217377,1231582,1231682,14.205000,14.531000
245,7083,7083,5bab940,1233051,1233385,1247233,1247333,13.848000,14.182000
245,8298,8298,606a942,1283051,1283385,1299628,1299728,16.243000,16.577000
245,5747,5747,5673940,1353051,1353385,1360800,1360900,7.415000,7.749000
245,6566,6566,59a6940,1426608,1426942,1443709,1443809,16.767000,17.101000
245,7650,7650,5de2940,1450051,1450385,1456918,1457018,6.533000,6.867000
245,6395,6395,58fb943,1469051,1469385,1478544,1478644,9.159000,9.493000
245,10935,10935,6ab7940,1532051,1532385,1542399,1542499,10.014000,10.348000
245,9920,9920,66c0942,1612579,1612913,1623926,1624026,11.013000,11.347000
245,10439,10439,68c7942,1903051,1903385,1908085,1908185,4.700000,5.034000
245,9259,9259,642b940,1982051,1982385,1988063,1988163,5.678000,6.012000
245,10512,10512,6910940,2114051,2114385,2122641,2122741,8.256000,8.590000
245,8214,8214,6016942,2221051,2221377,2238629,2238729,17.252000,17.578000
246,201,201,40c9941,27051,27385,38144,38244,10.759000,11.093000
246,536,536,4218942,29051,29385,43550,43650,14.165000,14.499000
246,441,441,41b9940,58051,58377,71058,71158,12.681000,13.007000
246,486,486,41e6941,100051,100385,106353,106453,5.968000,6.302000
246,1174,1174,4496941,106051,106385,117251,117351,10.866000,11.200000
246,243,243,40f3941,111051,111377,124033,124133,12.656000,12.982000
246,1029,1029,4405942,133051,133377,142531,142631,9.154000,9.480000
246,1089,1089,4441940,149416,149750,165508,165608,15.758000,16.092000
246,1222,1222,44c6940,183051,183377,206604,206704,23.227000,23.553000
246,1715,1715,46b3942,249051,249377,258556,258657,9.179000,9.505000
246,1943,1943,4797943,284051,284377,294429,294529,10.052000,10.378000
246,2098,2098,4832940,306051,306377,312816,312916,6.439000,6.765000
246,4032,4032,4fc0943,376051,376385,396422,396522,20.037000,20.371000
246,3792,3792,4ed0943,397051,397377,402084,402184,4.707000,5.033000
246,2220,2220,48ac940,411051,411377,423234,423334,11.857000,12.183000
246,3172,3172,4c64942,429051,429385,435020,435120,5.635000,5.969000
246,3373,3373,4d2d940,443051,443385,449877,449977,6.492000,6.826000
246,3036,3036,4bdc940,444402,444736,454038,454138,9.302000,9.636000
246,3215,3215,4c8f942,454051,454385,463566,463666,9.181000,9.515000
246,4186,4186,505a942,457051,457377,469044,469144,11.667000,11.993000
246,1788,1788,46fc941,501051,501385,512387,512487,11.002000,11.336000
246,5213,5213,545d942,528051,528377,536706,536806,8.329000,8.655000
246,2954,2954,4b8a940,552051,552385,564293,564393,11.908000,12.242000
246,2674,2674,4a72941,550051,550377,569789,569889,19.412000,19.738000
246,2497,2497,49c1943,587051,587377,600600,600700,13.223000,13.549000
246,5268,5268,5494942,622051,622385,632477,632577,10.092000,10.426000
246,3267,3267,4cc3941,676051,676377,699118,699218,22.741000,23.067000
246,4275,4275,50b3940,720051,720385,726015,726115,5.630000,5.964000
246,5717,5717,5655943,732051,732385,751307,751407,18.922000,19.256000
246,4548,4548,51c4940,753410,753736,761095,761195,7.359000,7.685000
246,5876,5876,56f4943,771051,771385,781662,781762,10.277000,10.611000
246,6820,6820,5aa4940,924051,924385,940785,940885,16.400000,16.734000
246,5597,5597,55dd941,932051,932377,944981,945081,12.604000,12.930000
246,6637,6637,59ed943,934051,934385,949159,949259,14.774000,15.108000
246,7015,7015,5b67943,959051,959385,968548,968648,9.163000,9.497000
246,6951,6951,5b27940,1015051,1015385,1027196,1027297,11.811000,12.145000
246,6757,6757,5a65941,1079051,1079385,1102061,1102161,22.676000,23.010000
246,7635,7635,5dd3940,1120395,1120729,1132609,1132709,11.880000,12.214000
246,7366,7366,5cc6943,1165051,1165385,1179966,1180066,14.581000,14.915000
246,5281,5281,54a1940,1212051,1212385,1234528,1234628,22.143000,22.477000
246,7704,7704,5e18943,1231051,1231377,1240041,1240141,8.664000,8.990000
246,9063,9063,6367943,1261051,1261377,1274164,1274264,12.787000,13.113000
246,6499,6499,5963940,1396439,1396765,1410865,1410965,14.100000,14.426000
246,8848,8848,6290943,1430051,1430385,1440454,1440554,10.069000,10.403000
246,7156,7156,5bf4941,1501051,1501377,1512390,1512490,11.013000,11.339000
246,10732,10732,69ec943,1547051,1547377,1556592,1556692,9.215000,9.541000
246,6589,6589,59bd940,1560051,1560385,1568697,1568797,8.312000,8.646000
246,10916,10916,6aa4943,1598051,1598385,1603129,1603229,4.744000,5.078000
246,9297,9297,6451941,1663416,1663742,1681578,1681678,17.836000,18.162000
246,8055,8055,5f77943,1720051,1720385,1728677,1728777,8.292000,8.626000
246,9702,9702,65e6942,1799051,1799377,1812607,1812707,13.230000,13.556000
246,10153,10153,67a9942,1882051,1882377,1891606,1891706,9.229000,9.555000
246,9897,9897,66a9941,1897395,1897721,1905102,1905202,7.381000,7.707000
246,9013,9013,6335943,2077051,2077377,2089186,2089285,11.809000,12.135000
246,9022,9022,633e943,2190051,2190385,2202223,2202323,11.838000,12.172000
247,255,255,40ff943,69051,69377,96560,96660,27.183000,27.509000
247,2040,2040,47f8943,222051,222377,243467,243567,21.090000,21.416000
247,161,161,40a1940,237051,237385,247599,247699,10.214000,10.548000
247,4437,4437,5155942,384051,384377,396385,396485,12.008000,12.334000
247,1362,1362,4552941,416051,416385,427372,427472,10.987000,11.321000
247,2767,2767,4acf941,429856,430190,438487,438587,8.297000,8.631000
247,3164,3164,4c5c941,450051,450385,461585,461685,11.200000,11.534000
247,1563,1563,461b940,457051,457385,486344,486444,28.959000,29.293000
247,3510,3510,4db6940,520050,520385,536676,536776,16.291000,16.626000
247,5531,5531,559b943,608051,608385,619877,619977,11.492000,11.826000
247,6210,6210,5842942,625453,625779,637979,638079,12.200000,12.526000
247,3183,3183,4c6f943,688051,688385,704209,704309,15.824000,16.158000
247,3022,3022,4bce941,737051,737385,742953,743053,5.568000,5.902000
247,3256,3256,4cb8941,742395,742721,753843,753943,11.122000,11.448000
247,3777,3777,4ec1942,796794,797120,802750,802850,5.630000,5.956000
247,4946,4946,5352941,882051,882385,900195,900295,17.810000,18.144000
247,5900,5900,570c941,896418,896752,909495,909595,12.743000,13.077000
247,4593,4593,51f1941,943051,943377,957853,957953,14.476000,14.802000
247,7846,7846,5ea6941,968548,968874,985176,985276,16.302000,16.628000
247,7331,7331,5ca3943,987051,987377,994663,994763,7.286000,7.612000
247,7396,7396,5ce4943,1015051,1015377,1033587,1033686,18.210000,18.536000
247,8781,8781,624d942,1084051,1084385,1090864,1090964,6.479000,6.813000
247,7699,7699,5e13941,1159051,1159377,1172102,1172202,12.725000,13.051000
247,7226,7226,5c3a941,1173051,1173377,1190410,1190510,17.033000,17.359000
247,5803,5803,56ab941,1207051,1207385,1217417,1217517,10.032000,10.366000
247,6546,6546,5992943,1300051,1300385,1312270,1312370,11.885000,12.219000
247,10570,10570,694a942,1314051,1314385,1320895,1320995,6.510000,6.844000
247,6756,6756,5a64941,1305051,1305385,1327271,1327371,21.886000,22.220000
247,6703,6703,5a2f941,1339051,1339377,1346905,1347005,7.528000,7.854000
247,7578,7578,5d9a943,1390455,1390789,1399040,1399140,8.251000,8.585000
247,10334,10334,685e943,1422051,1422385,1430695,1430795,8.310000,8.644000
247,5217,5217,5461940,1428051,1428377,1437600,1437700,9.223000,9.549000
247,8080,8080,5f90942,1447051,1447377,1452087,1452187,4.710000,5.036000
247,7127,7127,5bd7940,1455051,1455377,1471550,1471650,16.173000,16.499000
247,7836,7836,5e9c941,1483051,1483377,1511159,1511259,27.782000,28.108000
247,7904,7904,5ee0941,1513051,1513385,1526850,1526950,13.465000,13.799000
247,10405,10405,68a5942,1638431,1638757,1651496,1651596,12.739000,13.065000
247,10809,10809,6a39942,1646051,1646385,1661783,1661883,15.398000,15.732000
247,9516,9516,652c941,1705051,1705385,1718078,1718178,12.693000,13.027000
247,10095,10095,676f940,1753051,1753385,1764374,1764474,10.989000,11.323000
247,10075,10075,675b941,1865051,1865377,1879841,1879941,14.464000,14.790000
247,9221,9221,6405941,1877051,1877377,1885307,1885407,7.930000,8.256000
247,9381,9381,64a5941,1891051,1891385,1901990,1902090,10.605000,10.939000
247,10895,10895,6a8f941,1897051,1897385,1910083,1910183,12.698000,13.032000
247,9918,9918,66be940,1933051,1933385,1954097,1954197,20.712000,21.046000
247,9768,9768,6628940,2050051,2050377,2057765,2057865,7.388000,7.714000
248,238,238,40ee941,68051,68385,82065,82165,13.680000,14.014000
248,700,700,42bc941,75467,75793,87480,87580,11.687000,12.013000
248,769,769,4301941,176462,176796,192216,192316,15.420000,15.754000
248,1150,1150,447e942,250402,250736,257200,257299,6.464000,6.798000
248,2649,2649,4a59940,305051,305377,321046,321146,15.669000,15.995000
248,2178,2178,4882942,424051,424377,437950,438050,13.573000,13.899000
248,1074,1074,4432940,527051,527377,544410,544510,17.033000,17.359000
248,4772,4772,52a4941,547051,547385,553865,553965,6.480000,6.814000
248,1755,1755,46db940,567051,567377,592117,592217,24.740000,25.066000
248,2607,2607,4a2f940,641051,641385,659949,660049,18.564000,18.898000
248,4330,4330,50ea941,650051,650377,665462,665562,15.085000,15.411000
248,2875,2875,4b3b942,792051,792385,801555,801655,9.170000,9.504000
248,5257,5257,5489941,816446,816780,829529,829629,12.749000,13.083000
248,5588,5588,55d4942,901051,901377,909664,909764,8.287000,8.613000
248,6367,6367,58df943,1041445,1041780,1059704,1059804,17.924000,18.259000
248,7096,7096,5bb8943,1099051,1099385,1107114,1107214,7.729000,8.063000
248,6043,6043,579b941,1163051,1163377,1168990,1169090,5.613000,5.939000
248,10802,10802,6a32940,1184051,1184377,1194425,1194525,10.048000,10.374000
248,5419,5419,552b943,1244051,1244377,1259616,1259716,15.239000,15.565000
248,10458,10458,68da940,1278051,1278377,1284848,1284948,6.471000,6.797000
248,6794,6794,5a8a941,1286051,1286377,1294709,1294809,8.332000,8.658000
248,7473,7473,5d31941,1289464,1289798,1300054,1300154,10.256000,10.590000
248,6880,6880,5ae0942,1307051,1307377,1317430,1317530,10.053000,10.379000
248,10050,10050,6742943,1388431,1388757,1409546,1409646,20.789000,21.115000
248,9650,9650,65b2941,1422051,1422377,1436574,1436674,14.197000,14.523000
248,9107,9107,6393942,1432051,1432385,1447921,1448021,15.536000,15.870000
248,10385,10385,6891941,1431051,1431385,1455337,1455437,23.952000,24.286000
248,9818,9818,665a940,1464051,1464377,1471736,1471836,7.359000,7.685000
248,7942,7942,5f06940,1564051,1564385,1571801,1571901,7.416000,7.750000
248,8181,8181,5ff5942,1686803,1687129,1697248,1697348,10.119000,10.445000
248,9564,9564,655c943,1688051,1688385,1707016,1707116,18.631000,18.965000
248,8205,8205,600d942,1719051,1719377,1729402,1729502,10.025000,10.351000
248,10412,10412,68ac943,2092051,2092385,2115234,2115334,22.849000,23.183000
248,9294,9294,644e942,2377051,2377385,2387460,2387560,10.075000,10.409000
249,115,115,4073940,28051,28385,42740,42840,14.355000,14.689000
249,184,184,40b8942,60051,60385,67762,67862,7.377000,7.711000
249,961,961,43c1942,187051,187377,202789,202889,15.412000,15.738000
249,3003,3003,4bbb942,213298,213624,222762,222862,9.138000,9.464000
249,3167,3167,4c5f942,317051,317377,328415,328515,11.038000,11.364000
249,1557,1557,4615942,314051,314385,339395,339495,25.010000,25.344000
249,4190,4190,505e942,388051,388385,394886,394986,6.501000,6.835000
249,3405,3405,4d4d941,408051,408377,419308,419408,10.931000,11.257000
249,4304,4304,50d0943,444051,444385,459040,459140,14.655000,14.989000
249,2669,2669,4a6d941,483860,484186,508762,508862,24.576000,24.902000
249,3753,3753,4ea9943,508051,508385,520235,520334,11.850000,12.184000
249,3333,3333,4d05942,557051,557377,570936,571036,13.559000,13.885000
249,7919,7919,5eef943,628051,628377,640292,640392,11.915000,12.241000
249,4915,4915,5333941,699395,699721,714481,714581,14.760000,15.086000
249,3140,3140,4c44943,719051,719377,725868,725968,6.491000,6.817000
249,4807,4807,52c7941,780051,780385,789723,789823,9.338000,9.672000
249,4685,4685,524d941,793051,793377,802839,802939,9.462000,9.788000
249,4416,4416,5140940,820051,820377,828632,828732,8.255000,8.581000
249,2870,2870,4b36941,840051,840377,847851,847951,7.474000,7.800000
249,7506,7506,5d52943,980051,980377,987703,987803,7.326000,7.652000
249,4764,4764,529c940,1018051,1018385,1026664,1026763,8.279000,8.613000
249,6960,6960,5b30942,1128840,1129174,1150070,1150170,20.896000,21.230000
249,7126,7126,5bd6941,1312439,1312773,1334610,1334710,21.837000,22.171000
249,8033,8033,5f61941,1372051,1372385,1379758,1379858,7.373000,7.707000
249,5223,5223,5467941,1396355,1396689,1404940,1405040,8.251000,8.585000
249,10235,10235,67fb943,1432051,1432385,1439746,1439846,7.361000,7.695000
249,6922,6922,5b0a940,1454051,1454385,1462664,1462764,8.279000,8.613000
249,10841,10841,6a59940,1523051,1523377,1533442,1533542,10.065000,10.391000
249,9947,9947,66db943,1593051,1593385,1599024,1599124,5.639000,5.973000
249,9960,9960,66e8940,1707051,1707385,1719285,1719385,11.900000,12.234000
249,9392,9392,64b0943,1778051,1778385,1787511,1787611,9.126000,9.460000
249,8383,8383,60bf941,1826051,1826377,1846269,1846369,19.892000,20.218000
249,10588,10588,695c942,1881061,1881395,1896817,1896917,15.422000,15.756000
249,10708,10708,69d4941,2081051,2081377,2089622,2089722,8.245000,8.571000
250,407,407,4197942,111437,111763,122112,122212,10.349000,10.675000
250,1365,1365,4555940,131051,131385,137008,137108,5.623000,5.957000
250,1808,1808,4710941,241051,241385,251460,251560,10.075000,10.409000
250,276,276,4114942,280051,280377,287782,287882,7.405000,7.731000
250,3335,3335,4d07942,313418,313752,319394,319494,5.642000,5.976000
250,1945,1945,4799941,304051,304377,329640,329740,25.263000,25.589000
250,3530,3530,4dca942,304796,305122,335146,335246,30.024000,30.350000
250,6223,6223,584f943,498051,498385,508393,508493,10.008000,10.342000
250,5603,5603,55e3940,586051,586385,599216,599316,12.831000,13.165000
250,6007,6007,5777940,695051,695377,701872,701972,6.495000,6.821000
250,3806,3806,4ede940,688051,688385,706082,706182,17.697000,18.031000
250,4922,4922,533a942,695051,695377,710275,710375,14.898000,15.224000
250,4719,4719,526f941,884051,884377,902520,902620,18.143000,18.469000
250,6578,6578,59b2942,931051,931377,936128,936228,4.751000,5.077000
250,6918,6918,5b06941,925051,925385,941499,941599,16.114000,16.448000
250,6165,6165,5815941,999051,999385,1009736,1009836,10.351000,10.685000
250,6996,6996,5b54940,1026051,1026377,1038155,1038254,11.778000,12.104000
250,6141,6141,57fd943,1064457,1064783,1070385,1070485,5.602000,5.928000
250,7098,7098,5bba943,1193051,1193377,1201654,1201754,8.277000,8.603000
250,7910,7910,5ee6943,1197051,1197385,1211040,1211140,13.655000,13.989000
250,6955,6955,5b2b943,1223051,1223377,1230757,1230857,7.380000,7.706000
250,9549,9549,654d941,1244051,1244385,1259081,1259181,14.696000,15.030000
250,8177,8177,5ff1943,1302051,1302377,1316970,1317070,14.593000,14.919000
250,7196,7196,5c1c941,1310051,1310377,1326725,1326825,16.348000,16.674000
250,8903,8903,62c7942,1339051,1339385,1356083,1356183,16.698000,17.032000
250,10657,10657,69a1943,1384051,1384377,1407720,1407820,23.343000,23.669000
250,8612,8612,61a4943,1512051,1512377,1518006,1518106,5.629000,5.955000
250,9229,9229,640d942,1522051,1522385,1537620,1537720,15.235000,15.569000
250,8285,8285,605d943,1558051,1558385,1567545,1567645,9.160000,9.494000
250,8144,8144,5fd0940,1601051,1601377,1609026,1609126,7.649000,7.975000
250,7485,7485,5d3d942,1742051,1742377,1760879,1760979,18.502000,18.828000
250,7000,7000,5b58942,1867051,1867385,1875675,1875775,8.290000,8.624000
250,10674,10674,69b2942,1942051,1942385,1954195,1954295,11.810000,12.144000
251,479,479,41df940,139051,139377,150139,150239,10.762000,11.088000
251,1010,1010,43f2941,177051,177385,193801,193901,16.416000,16.750000
251,1367,1367,4557943,216051,216385,230992,231092,14.607000,14.941000
251,1256,1256,44e8940,226051,226377,237268,237368,10.891000,11.217000
251,1699,1699,46a3943,237051,237377,247420,247520,10.043000,10.369000
251,2156,2156,486c943,262051,262377,287696,287796,25.319000,25.645000
251,1310,1310,451e940,328051,328385,337589,337689,9.204000,9.538000
251,1704,1704,46a8942,337051,337385,346716,346816,9.331000,9.665000
251,2447,2447,498f942,359051,359377,364096,364196,4.719000,5.045000
251,1631,1631,465f940,387051,387385,401620,401720,14.235000,14.569000
251,6203,6203,583b940,396051,396385,407041,407141,10.656000,10.990000
251,1708,1708,46ac942,398453,398779,411250,411350,12.471000,12.797000
251,2831,2831,4b0f941,403051,403385,415492,415592,12.107000,12.441000
251,1974,1974,47b6943,419051,419377,424138,424238,4.761000,5.087000
251,3078,3078,4c06943,456051,456385,472209,472309,15.824000,16.158000
251,2723,2723,4aa3941,581051,581385,595530,595630,14.145000,14.479000
251,3039,3039,4bdf941,584051,584385,600968,601068,16.583000,16.917000
251,4210,4210,5072941,592051,592377,612221,612321,19.844000,20.170000
251,4052,4052,4fd4941,636051,636377,644717,644817,8.340000,8.666000
251,6635,6635,59eb940,822051,822385,830687,830787,8.302000,8.636000
251,5897,5897,5709943,950051,950377,967788,967888,17.411000,17.737000
251,7857,7857,5eb1940,1013051,1013377,1022020,1022120,8.643000,8.969000
251,10561,10561,6941943,1035287,1035620,1049324,1049424,13.704000,14.037000
251,6895,6895,5aef942,1044051,1044377,1054721,1054821,10.344000,10.670000
251,5907,5907,5713943,1083051,1083377,1091705,1091805,8.328000,8.654000
251,7475,7475,5d33941,1121453,1121779,1131930,1132030,10.151000,10.477000
251,7865,7865,5eb9941,1125051,1125385,1137869,1137969,12.484000,12.818000
251,6516,6516,5974941,1139051,1139385,1161554,1161654,22.169000,22.503000
251,8818,8818,6272943,1283051,1283385,1289059,1289159,5.674000,6.008000
251,9317,9317,6465940,1336424,1336750,1349954,1350054,13.204000,13.530000
251,6646,6646,59f6941,1367051,1367385,1379242,1379342,11.857000,12.191000
251,9898,9898,66aa942,1483051,1483385,1493499,1493599,10.114000,10.448000
251,7251,7251,5c53941,1503431,1503757,1509339,1509439,5.582000,5.908000
251,10325,10325,6855942,1581051,1581385,1596781,1596881,15.396000,15.730000
251,8289,8289,6061940,1594051,1594385,1602514,1602614,8.129000,8.463000
251,9023,9023,633f943,1638051,1638377,1645795,1645895,7.418000,7.744000
251,8609,8609,61a1942,1691051,1691385,1696108,1696208,4.723000,5.057000
251,9787,9787,663b942,1806051,1806377,1819151,1819251,12.774000,13.100000
251,9899,9899,66ab940,1864051,1864377,1869130,1869230,4.753000,5.079000
251,10549,10549,6935941,1984051,1984377,1992315,1992415,7.938000,8.264000
251,9932,9932,66cc940,1997051,1997385,2003900,2004000,6.515000,6.849000
252,66,66,4042940,36051,36385,48227,48327,11.842000,12.176000
252,1262,1262,44ee943,68051,68385,89208,89308,20.823000,21.157000
252,611,611,4263940,98051,98377,122830,122930,24.453000,24.779000
252,1041,1041,4411940,129051,129377,142955,143055,13.578000,13.904000
252,1307,1307,451b940,142051,142385,157935,158035,15.550000,15.884000
252,967,967,43c7941,192051,192377,200642,200742,8.265000,8.591000
252,3283,3283,4cd3943,257051,257385,265980,266080,8.595000,8.929000
252,760,760,42f8943,259051,259385,271325,271425,11.940000,12.274000
252,2853,2853,4b25940,255051,255385,276715,276815,21.330000,21.664000
252,2969,2969,4b99940,289051,289385,294096,294196,4.711000,5.045000
252,1614,1614,464e943,310051,310385,321131,321231,10.746000,11.080000
252,4716,4716,526c943,608051,608377,621646,621746,13.269000,13.595000
252,3380,3380,4d34942,613832,614166,627117,627217,12.951000,13.285000
252,3259,3259,4cbb941,640051,640377,646843,646943,6.466000,6.792000
252,4170,4170,504a941,725051,725385,733964,734064,8.579000,8.913000
252,4858,4858,52fa942,728395,728721,739438,739538,10.717000,11.043000
252,3282,3282,4cd2940,772051,772377,782481,782581,10.104000,10.430000
252,7831,7831,5e97943,805051,805385,816326,816426,10.941000,11.275000
252,5300,5300,54b4942,843051,843385,849883,849983,6.498000,6.832000
252,4847,4847,52ef943,839051,839385,855228,855328,15.843000,16.177000
252,7382,7382,5cd6943,900051,900377,912227,912327,11.850000,12.176000
252,2736,2736,4ab0940,965363,965697,979294,979394,13.597000,13.931000
252,6742,6742,5a56940,1059051,1059385,1074836,1074936,15.451000,15.785000
252,7393,7393,5ce1942,1077051,1077377,1090420,1090520,13.043000,13.369000
252,7020,7020,5b6c942,1164051,1164377,1190425,1190525,26.048000,26.374000
252,8197,8197,6005942,1200051,1200385,1208664,1208764,8.279000,8.613000
252,8155,8155,5fdb940,1241051,1241377,1246106,1246206,4.729000,5.055000
252,8776,8776,6248941,1264574,1264908,1272321,1272421,7.413000,7.747000
252,6521,6521,5979941,1259051,1259385,1283318,1283418,23.933000,24.267000
252,7713,7713,5e21940,1280051,1280385,1288663,1288763,8.278000,8.612000
252,7437,7437,5d0d942,1319425,1319759,1339616,1339716,19.857000,20.191000
252,8813,8813,626d942,1329051,1329385,1345038,1345138,15.653000,15.987000
252,9087,9087,637f940,1331051,1331385,1350584,1350684,19.199000,19.533000
252,8085,8085,5f95942,1366051,1366385,1377307,1377407,10.922000,11.256000
252,5581,5581,55cd943,1372051,1372377,1382889,1382989,10.512000,10.838000
252,5548,5548,55ac940,1382051,1382385,1391455,1391555,9.070000,9.404000
252,9601,9601,6581942,1445051,1445377,1453650,1453750,8.273000,8.599000
252,5716,5716,5654940,1483453,1483779,1492053,1492153,8.274000,8.600000
252,10675,10675,69b3940,1534051,1534385,1539125,1539225,4.740000,5.074000
252,8002,8002,5f42942,1542051,1542377,1553280,1553380,10.903000,11.229000
252,9079,9079,6377943,1559051,1559377,1585208,1585308,25.831000,26.157000
252,9934,9934,66ce942,1642051,1642377,1652455,1652555,10.078000,10.404000
252,10964,10964,6ad4942,1657051,1657377,1669842,1669942,12.465000,12.791000
252,9005,9005,632d943,1688051,1688385,1697572,1697672,9.187000,9.521000
252,7927,7927,5ef7943,1695051,1695377,1707188,1707288,11.811000,12.137000
252,6094,6094,57ce942,1770051,1770377,1782931,1783031,12.554000,12.880000
252,10158,10158,67ae943,1986051,1986377,2012237,2012337,25.860000,26.186000
252,10474,10474,68ea940,2138438,2138764,2147932,2148032,9.168000,9.494000
253,818,818,4332940,60051,60377,67798,67898,7.421000,7.747000
253,309,309,4135940,120051,120377,136538,136638,16.161000,16.487000
253,678,678,42a6941,224051,224385,232680,232780,8.295000,8.629000
253,1204,1204,44b4940,235051,235377,247307,247407,11.930000,12.256000
253,99,99,4063941,255051,255377,260124,260224,4.747000,5.073000
253,2450,2450,4992942,272051,272377,280620,280720,8.243000,8.569000
253,1562,1562,461a940,349051,349385,364635,364735,15.250000,15.584000
253,2036,2036,47f4941,402051,402385,411499,411599,9.114000,9.448000
253,6298,6298,589a940,423051,423377,434880,434980,11.503000,11.829000
253,5019,5019,539b940,479051,479377,490248,490348,10.871000,11.197000
253,2463,2463,499f943,462051,462377,495720,495820,33.343000,33.669000
253,3969,3969,4f81943,574051,574385,582673,582773,8.288000,8.622000
253,4646,4646,5226943,632051,632385,645426,645526,13.041000,13.375000
253,4447,4447,515f941,641051,641377,653107,653207,11.730000,12.056000
253,5008,5008,5390943,653051,653385,670476,670576,17.091000,17.425000
253,2960,2960,4b90940,709051,709377,719376,719476,9.999000,10.325000
253,8159,8159,5fdf942,773051,773385,786550,786650,13.165000,13.499000
253,5463,5463,5557943,812051,812377,821556,821656,9.179000,9.505000
253,2403,2403,4963940,852051,852377,873550,873650,21.173000,21.499000
253,8231,8231,6027943,909051,909377,919484,919584,10.107000,10.433000
253,6594,6594,59c2940,952051,952377,964512,964612,12.135000,12.461000
253,8375,8375,60b7942,1036051,1036385,1054272,1054372,17.887000,18.221000
253,6439,6439,5927940,1034051,1034377,1070780,1070880,36.403000,36.729000
253,6891,6891,5aeb940,1136051,1136377,1149093,1149193,12.716000,13.042000
253,6480,6480,5950940,1150051,1150377,1163072,1163172,12.695000,13.021000
253,7424,7424,5d00942,1206051,1206385,1215893,1215993,9.508000,9.842000
253,8631,8631,61b7942,1314051,1314377,1323553,1323653,9.176000,9.502000
253,5635,5635,5603940,1433051,1433377,1445087,1445187,11.710000,12.036000
253,10854,10854,6a66941,1463051,1463377,1469010,1469110,5.633000,5.959000
253,8500,8500,6134940,1458625,1458951,1474463,1474563,15.512000,15.838000
253,8736,8736,6220940,1503051,1503377,1514348,1514448,10.971000,11.297000
253,10304,10304,6840941,1538051,1538385,1554026,1554126,15.641000,15.975000
253,8705,8705,6201943,1562051,1562377,1570628,1570728,8.251000,8.577000
253,8971,8971,630b943,1675051,1675385,1681847,1681947,6.462000,6.796000
253,8624,8624,61b0941,1688051,1688377,1699322,1699422,10.945000,11.271000
253,9193,9193,63e9941,1758051,1758385,1767502,1767602,9.117000,9.451000
253,7928,7928,5ef8940,1884051,1884385,1897010,1897110,12.625000,12.959000
253,10662,10662,69a6941,2057805,2058139,2062832,2062932,4.693000,5.027000
253,9581,9581,656d941,2042051,2042385,2068222,2068322,25.837000,26.171000
253,10243,10243,6803942,2269051,2269385,2286623,2286723,17.238000,17.572000
254,313,313,4139940,31051,31385,50309,50409,18.924000,19.258000
254,94,94,405e940,96051,96385,108990,109090,12.605000,12.939000
254,615,615,4267942,99051,99377,114483,114583,15.106000,15.432000
254,981,981,43d5940,93051,93377,119884,119984,26.507000,26.833000
254,333,333,414d943,150051,150377,156011,156111,5.634000,5.960000
254,613,613,4265942,150051,150377,160179,160279,9.802000,10.128000
254,2099,2099,4833940,138051,138385,164355,164455,25.970000,26.304000
254,716,716,42cc941,223051,223377,232579,232679,9.202000,9.528000
254,390,390,4186940,228051,228385,237458,237558,9.073000,9.407000
254,1690,1690,469a940,352051,352377,384142,384242,31.765000,32.091000
254,2559,2559,49ff940,405657,405983,411545,411645,5.562000,5.888000
254,966,966,43c6941,446051,446377,452563,452663,6.186000,6.512000
254,4969,4969,5369942,519050,519385,525947,526047,6.562000,6.897000
254,1573,1573,4625942,585179,585513,597411,597511,11.898000,12.232000
254,2975,2975,4b9f942,593051,593377,602964,603064,9.587000,9.913000
254,3180,3180,4c6c941,608051,608377,616585,616685,8.208000,8.534000
254,8489,8489,6129940,748051,748385,760242,760342,11.857000,12.191000
254,4249,4249,5099940,753051,753385,776568,776668,23.183000,23.517000
254,5696,5696,5640942,836051,836385,864562,864662,28.177000,28.511000
254,10874,10874,6a7a942,863051,863377,872522,872622,9.145000,9.471000
254,6356,6356,58d4941,899051,899377,905371,905471,5.994000,6.320000
254,5532,5532,559c941,950051,950377,963544,963644,13.167000,13.493000
254,5606,5606,55e6942,978051,978385,997427,997527,19.042000,19.376000
254,6623,6623,59df942,1000051,1000377,1010454,1010554,10.077000,10.403000
254,6576,6576,59b0942,1082051,1082377,1090709,1090809,8.332000,8.658000
254,6153,6153,5809943,1108051,1108385,1115760,1115860,7.375000,7.709000
254,7528,7528,5d68941,1133051,1133385,1147818,1147918,14.433000,14.767000
254,8468,8468,6114943,1142051,1142377,1153348,1153448,10.971000,11.297000
254,8057,8057,5f79941,1133051,1133377,1158839,1158939,25.462000,25.788000
254,4678,4678,5246943,1165051,1165377,1170992,1171092,5.615000,5.941000
254,3287,3287,4cd7942,1198051,1198385,1210218,1210318,11.833000,12.167000
254,8064,8064,5f80941,1213051,1213385,1218042,1218142,4.657000,4.991000
254,9167,9167,63cf943,1256051,1256377,1262857,1262957,6.480000,6.806000
254,7453,7453,5d1d943,1262051,1262385,1274354,1274454,11.969000,12.303000
254,9600,9600,6580942,1279051,1279377,1292115,1292215,12.738000,13.064000
254,5896,5896,5708941,1313051,1313385,1336815,1336915,23.430000,23.764000
254,3823,3823,4eef942,1328051,1328385,1342318,1342418,13.933000,14.267000
254,8236,8236,602c943,1358051,1358377,1363102,1363202,4.725000,5.051000
254,8594,8594,6192942,1357051,1357385,1367291,1367391,9.906000,10.240000
254,9698,9698,65e2941,1435051,1435385,1444592,1444692,9.207000,9.541000
254,6988,6988,5b4c941,1447051,1447377,1455644,1455744,8.267000,8.593000
254,10509,10509,690d943,1453051,1453377,1461113,1461213,7.736000,8.062000
254,8292,8292,6064941,1466051,1466377,1477600,1477700,11.223000,11.549000
254,6055,6055,57a7940,1483416,1483742,1500197,1500297,16.455000,16.781000
254,10241,10241,6801940,1495051,1495385,1505568,1505668,10.183000,10.517000
254,9020,9020,633c943,1591051,1591385,1602336,1602436,10.951000,11.285000
254,9728,9728,6600942,1605051,1605385,1613709,1613809,8.324000,8.658000
254,9690,9690,65da942,1602051,1602377,1626461,1626561,24.084000,24.410000
254,9371,9371,649b942,1611051,1611377,1632933,1633033,21.556000,21.882000
254,10718,10718,69de942,1663051,1663377,1669907,1670007,6.530000,6.856000
254,10454,10454,68d6943,1809051,1809385,1814122,1814222,4.737000,5.071000
254,7210,7210,5c2a942,1827051,1827377,1838286,1838386,10.909000,11.235000
255,386,386,4182942,25051,25385,41691,41791,16.306000,16.640000
255,521,521,4209943,61051,61385,73398,73498,12.013000,12.347000
255,674,674,42a2943,96051,96385,116651,116751,20.266000,20.600000
255,969,969,43c9940,144051,144385,153459,153559,9.074000,9.408000
255,1575,1575,4627943,224410,224736,235682,235782,10.946000,11.272000
255,2712,2712,4a98942,236453,236779,249199,249299,12.420000,12.746000
255,71,71,4047942,246051,246377,253364,253464,6.987000,7.313000
255,1328,1328,4530940,241051,241377,271607,271707,30.230000,30.556000
255,686,686,42ae941,289051,289385,298451,298551,9.066000,9.400000
255,2880,2880,4b40942,294051,294377,302628,302728,8.251000,8.577000
255,1398,1398,4576942,316051,316377,327349,327449,10.972000,11.298000
255,3477,3477,4d95940,379051,379385,400826,400926,21.441000,21.775000
255,1958,1958,47a6941,419051,419385,431171,431271,11.786000,12.120000
255,2517,2517,49d5943,478439,478773,487055,487155,8.282000,8.616000
255,3136,3136,4c40941,505051,505385,526867,526967,21.482000,21.816000
255,5487,5487,556f940,533051,533377,546093,546193,12.716000,13.042000
255,2216,2216,48a8941,561051,561385,571709,571809,10.324000,10.658000
255,2854,2854,4b26943,598051,598377,609893,609993,11.516000,11.842000
255,4918,4918,5336943,637431,637757,646107,646207,8.350000,8.676000
255,4775,4775,52a7942,673051,673385,679027,679127,5.642000,5.976000
255,8099,8099,5fa3940,670431,670757,684422,684522,13.665000,13.991000
255,4152,4152,5038941,677051,677385,697326,697426,19.941000,20.275000
255,6811,6811,5a9b942,697446,697780,711389,711489,13.609000,13.943000
255,3539,3539,4dd3943,684051,684377,716871,716971,32.494000,32.820000
255,3066,3066,4bfa942,744439,744765,755696,755796,10.931000,11.257000
255,5752,5752,5678943,763051,763377,777488,777588,14.111000,14.437000
255,5830,5830,56c6942,775051,775385,784556,784656,9.171000,9.505000
255,6800,6800,5a90942,824051,824377,837970,838070,13.593000,13.919000
255,2401,2401,4961940,832051,832385,843519,843619,11.134000,11.468000
255,5373,5373,54fd941,863395,863721,893435,893535,29.714000,30.040000
255,6848,6848,5ac0940,889051,889385,909983,910083,20.598000,20.932000
255,8640,8640,61c0943,952051,952377,964522,964622,12.145000,12.471000
255,4920,4920,5338942,982051,982385,992315,992415,9.930000,10.264000
255,7109,7109,5bc5940,1158051,1158377,1174661,1174761,16.284000,16.610000
255,6915,6915,5b03943,1177051,1177385,1188358,1188458,10.973000,11.307000
255,9540,9540,6544943,1240051,1240377,1249562,1249662,9.185000,9.511000
255,8003,8003,5f43942,1251051,1251377,1262889,1262989,11.512000,11.838000
255,7549,7549,5d7d943,1314051,1314385,1326201,1326301,11.816000,12.150000
255,8689,8689,61f1942,1371051,1371385,1380543,1380643,9.158000,9.492000
255,9121,9121,63a1941,1368051,1368377,1386013,1386113,17.636000,17.962000
255,8831,8831,627f942,1385438,1385764,1399546,1399646,13.782000,14.108000
255,9450,9450,64ea942,1419051,1419385,1426744,1426844,7.359000,7.693000
255,10415,10415,68af941,1420051,1420377,1432225,1432325,11.848000,12.174000
255,5585,5585,55d1942,1437051,1437377,1442116,1442216,4.739000,5.065000
255,8968,8968,6308942,1470051,1470385,1479585,1479685,9.200000,9.534000
255,10048,10048,6740942,1493782,1494116,1507714,1507814,13.598000,13.932000
255,10971,10971,6adb941,1541051,1541385,1548789,1548889,7.404000,7.738000
255,9658,9658,65ba940,1568051,1568385,1579303,1579403,10.918000,11.252000
255,8893,8893,62bd942,1583051,1583377,1589894,1589994,6.517000,6.843000
255,8471,8471,6117943,1585409,1585743,1595304,1595404,9.561000,9.895000
255,10760,10760,6a08941,1678051,1678385,1688493,1688593,10.108000,10.442000
255,9515,9515,652b943,1699051,1699377,1704129,1704229,4.752000,5.078000
255,9877,9877,6695940,1728051,1728377,1744588,1744688,16.211000,16.537000
255,10925,10925,6aad940,1797051,1797377,1813681,1813781,16.304000,16.630000
255,8815,8815,626f941,1806424,1806750,1817846,1817946,11.096000,11.422000
255,10940,10940,6abc940,1802425,1802759,1824462,1824562,21.703000,22.037000
255,10322,10322,6852940,1857051,1857377,1870159,1870259,12.782000,13.108000
255,10782,10782,6a1e943,1881051,1881385,1888726,1888826,7.341000,7.675000
255,10879,10879,6a7f942,1940051,1940377,1949529,1949629,9.152000,9.478000
255,10426,10426,68ba942,2145051,2145385,2150067,2150167,4.682000,5.016000
