port,pkt_seq,original_event_id,tail_flit,head_inject_req_ps,head_ingress_ack_ps,tail_egress_req_ps,tail_capture_ps,per_dest_latency_ns,tmax_component_ns
0,115,115,4073943,136051,136385,165644,165744,29.259000,29.593000
0,1351,1351,4547940,137789,138115,187454,187554,49.339000,49.665000
0,1137,1137,4471943,190051,190385,204408,204508,14.023000,14.357000
0,984,984,43d8941,206051,206385,214694,214794,8.309000,8.643000
0,1827,1827,4723943,371051,371377,389774,389874,18.397000,18.723000
0,2513,2513,49d1943,396089,396415,402968,403068,6.553000,6.879000
0,3738,3738,4e9a942,456051,456377,470020,470120,13.643000,13.969000
0,6182,6182,5826942,488947,489273,494991,495091,5.718000,6.044000
0,5191,5191,5447942,495051,495377,508448,508548,13.071000,13.397000
0,1400,1400,4578940,495051,495385,525825,525925,30.440000,30.774000
0,3671,3671,4e57943,512600,512925,533969,534069,21.044000,21.369000
0,3920,3920,4f50942,576306,576632,594026,594126,17.394000,17.720000
0,2582,2582,4a16940,600051,600377,612504,612604,12.127000,12.453000
0,5855,5855,56df942,591051,591385,618002,618102,26.617000,26.951000
0,4469,4469,5175941,598416,598742,623456,623556,24.714000,25.040000
0,3301,3301,4ce5941,587051,587377,640819,640919,53.442000,53.768000
0,2287,2287,48ef941,624424,624750,656921,657021,32.171000,32.497000
0,3053,3053,4bed940,641051,641385,662379,662479,20.994000,21.328000
0,1880,1880,4758941,699051,699377,718423,718523,19.046000,19.372000
0,2879,2879,4b3f941,696453,696779,737295,737395,40.516000,40.842000
0,5164,5164,542c941,730051,730385,783225,783325,52.840000,53.174000
0,4445,4445,515d940,798051,798385,815961,816061,17.576000,17.910000
0,7229,7229,5c3d942,847590,847924,857922,858022,9.998000,10.332000
0,2728,2728,4aa8942,853051,853377,864233,864333,10.856000,11.182000
0,3570,3570,4df2940,900051,900377,927130,927230,26.753000,27.079000
0,4261,4261,50a5942,1048051,1048385,1071671,1071771,23.286000,23.620000
0,6727,6727,5a47943,1071051,1071377,1106425,1106525,35.048000,35.374000
0,8835,8835,6283941,1084051,1084385,1129700,1129800,45.315000,45.649000
0,6805,6805,5a95943,1126051,1126377,1140817,1140917,14.440000,14.766000
0,5253,5253,5485942,1171051,1171385,1182212,1182312,10.827000,11.161000
0,6470,6470,5946940,1166051,1166385,1187728,1187828,21.343000,21.677000
0,4640,4640,5220941,1158051,1158385,1196784,1196884,38.399000,38.733000
0,7900,7900,5edc943,1206051,1206385,1214650,1214750,8.265000,8.599000
0,9075,9075,6373942,1225523,1225857,1259634,1259734,33.777000,34.111000
0,7274,7274,5c6a940,1237051,1237385,1265231,1265331,27.846000,28.180000
0,9448,9448,64e8941,1328051,1328377,1342710,1342810,14.333000,14.659000
0,4016,4016,4fb0943,1390051,1390377,1410451,1410551,20.074000,20.400000
0,9832,9832,6668943,1596051,1596385,1612561,1612661,16.176000,16.510000
0,6608,6608,59d0943,1651051,1651385,1672884,1672984,21.499000,21.833000
0,7530,7530,5d6a940,1705051,1705385,1711806,1711906,6.421000,6.755000
0,9833,9833,6669940,1729051,1729385,1742301,1742401,12.916000,13.250000
0,7546,7546,5d7a940,1736051,1736377,1747782,1747882,11.405000,11.731000
0,9516,9516,652c943,1773051,1773385,1793027,1793127,19.642000,19.976000
0,9120,9120,63a0943,1835051,1835377,1845353,1845453,9.976000,10.302000
0,7378,7378,5cd2943,1842051,1842377,1866537,1866637,24.160000,24.486000
0,7539,7539,5d73943,1952418,1952752,1967973,1968073,15.221000,15.555000
0,9513,9513,6529941,2060051,2060385,2074865,2074966,14.480000,14.814000
0,10359,10359,6877941,2125051,2125377,2132677,2132777,7.300000,7.626000
0,9572,9572,6564942,2177416,2177742,2188741,2188841,10.999000,11.325000
0,10543,10543,692f942,2617051,2617385,2631713,2631813,14.328000,14.662000
1,343,343,4157940,35051,35385,49824,49924,14.439000,14.773000
1,493,493,41ed943,56051,56385,115790,115890,59.405000,59.739000
1,1700,1700,46a4942,61051,61385,121306,121406,59.921000,60.255000
1,15,15,400f943,104051,104385,126768,126868,22.383000,22.717000
1,433,433,41b1942,166051,166385,175517,175617,9.132000,9.466000
1,1595,1595,463b942,161051,161385,190649,190749,29.264000,29.598000
1,4043,4043,4fcb942,179051,179385,200200,200300,20.815000,21.149000
1,2430,2430,497e942,206051,206377,239175,239275,32.798000,33.124000
1,1138,1138,4472943,220051,220385,259803,259903,39.418000,39.752000
1,903,903,4387940,263051,263377,278760,278860,15.383000,15.709000
1,3276,3276,4ccc942,283446,283780,294589,294689,10.809000,11.143000
1,1963,1963,47ab942,268051,268385,311196,311296,42.811000,43.145000
1,2837,2837,4b15943,283051,283385,316701,316801,33.316000,33.650000
1,1585,1585,4631942,314051,314385,322148,322248,7.763000,8.097000
1,6002,6002,5772941,312546,312872,337880,337980,25.008000,25.334000
1,3326,3326,4cfe943,321051,321377,348746,348846,27.369000,27.695000
1,1650,1650,4672940,369051,369377,422386,422486,53.009000,53.335000
1,4254,4254,509e941,410051,410385,434293,434393,23.908000,24.242000
1,2951,2951,4b87941,431051,431377,450622,450722,19.245000,19.571000
1,4866,4866,5302942,474443,474777,483222,483322,8.445000,8.779000
1,2229,2229,48b5940,577051,577377,591576,591676,14.199000,14.525000
1,3294,3294,4cde940,588051,588377,596948,597048,8.571000,8.897000
1,5900,5900,570c942,672051,672385,677978,678078,5.593000,5.927000
1,6600,6600,59c8942,758051,758385,774462,774562,16.077000,16.411000
1,3544,3544,4dd8941,765051,765385,793633,793733,28.248000,28.582000
1,3434,3434,4d6a940,793051,793385,800774,800874,7.389000,7.723000
1,2894,2894,4b4e941,925051,925377,933627,933727,8.250000,8.576000
1,5968,5968,5750942,940051,940377,962205,962305,21.828000,22.154000
1,10439,10439,68c7941,933051,933385,967722,967822,34.337000,34.671000
1,5571,5571,55c3943,1010051,1010385,1025699,1025799,15.314000,15.648000
1,8895,8895,62bf943,1046051,1046377,1067604,1067704,21.227000,21.553000
1,5669,5669,5625940,1039453,1039779,1073120,1073220,33.341000,33.667000
1,8033,8033,5f61941,1077051,1077385,1082099,1082199,4.714000,5.048000
1,6140,6140,57fc942,1058051,1058385,1095022,1095122,36.637000,36.971000
1,7158,7158,5bf6943,1091051,1091377,1107418,1107518,16.041000,16.367000
1,7140,7140,5be4943,1162051,1162385,1188725,1188825,26.340000,26.674000
1,9904,9904,66b0940,1230051,1230377,1236882,1236982,6.505000,6.831000
1,8102,8102,5fa6942,1429051,1429377,1445669,1445769,16.292000,16.618000
1,4238,4238,508e942,1451051,1451385,1479068,1479168,27.683000,28.017000
1,7287,7287,5c77940,1499051,1499377,1537310,1537410,37.933000,38.259000
1,6668,6668,5a0c943,1524051,1524385,1542820,1542920,18.435000,18.769000
1,9160,9160,63c8943,1532051,1532377,1557576,1557676,25.199000,25.525000
1,7537,7537,5d71940,1547051,1547377,1583400,1583500,36.023000,36.349000
1,9871,9871,668f941,1600051,1600377,1609485,1609585,9.108000,9.434000
1,8901,8901,62c5943,1719051,1719385,1744577,1744677,25.192000,25.526000
1,6500,6500,5964942,1819439,1819765,1833416,1833516,13.651000,13.977000
1,10855,10855,6a67940,1938051,1938377,1952831,1952931,14.454000,14.780000
1,10584,10584,6958943,1999216,1999542,2006851,2006951,7.309000,7.635000
1,10014,10014,671e941,2113051,2113377,2121651,2121751,8.274000,8.600000
1,10829,10829,6a4d942,2224051,2224377,2231730,2231830,7.353000,7.679000
1,10847,10847,6a5f943,2416051,2416385,2429183,2429283,12.798000,13.132000
1,10093,10093,676d942,2619051,2619377,2643510,2643610,24.133000,24.459000
2,77,77,404d942,39051,39385,44982,45082,5.597000,5.931000
2,27,27,401b940,81051,81385,88711,88811,7.326000,7.660000
2,545,545,4221940,128051,128377,144599,144699,16.222000,16.548000
2,2787,2787,4ae3942,134051,134385,195044,195144,60.659000,60.993000
2,834,834,4342941,229051,229377,235857,235957,6.480000,6.806000
2,2672,2672,4a70943,252051,252377,274614,274714,22.237000,22.563000
2,688,688,42b0942,287051,287377,304859,304959,17.482000,17.808000
2,386,386,4182943,286051,286385,310343,310443,23.958000,24.292000
2,1506,1506,45e2940,321051,321385,362489,362589,41.104000,41.438000
2,2391,2391,4957940,506051,506385,520698,520798,14.313000,14.647000
2,2136,2136,4858941,564051,564385,590556,590656,26.171000,26.505000
2,2948,2948,4b84942,580051,580377,602056,602156,21.679000,22.005000
2,3156,3156,4c54941,582051,582385,607584,607684,25.199000,25.533000
2,2959,2959,4b8f941,598051,598385,612991,613091,14.606000,14.940000
2,3618,3618,4e22941,635051,635385,666747,666847,31.362000,31.696000
2,5576,5576,55c8941,658353,658687,672154,672254,13.467000,13.801000
2,6507,6507,596b942,638051,638385,677682,677782,39.297000,39.631000
2,2870,2870,4b36942,674424,674750,695953,696053,21.203000,21.529000
2,5425,5425,5531941,737051,737385,743910,744010,6.525000,6.859000
2,3374,3374,4d2e940,795051,795377,809098,809198,13.721000,14.047000
2,7767,7767,5e57943,899359,899693,908784,908884,9.091000,9.425000
2,8227,8227,6023943,937051,937377,942095,942195,4.718000,5.044000
2,4643,4643,5223941,945051,945385,956279,956379,10.894000,11.228000
2,6723,6723,5a43941,968051,968377,973949,974049,5.572000,5.898000
2,4486,4486,5186940,1009051,1009377,1015898,1015998,6.521000,6.847000
2,9868,9868,668c942,1067051,1067385,1074826,1074926,7.441000,7.775000
2,4933,4933,5345940,1076051,1076377,1094981,1095081,18.604000,18.930000
2,6934,6934,5b16943,1115051,1115385,1145602,1145702,30.217000,30.551000
2,6782,6782,5a7e942,1136453,1136779,1153314,1153414,16.535000,16.861000
2,4924,4924,533c942,1245051,1245377,1268704,1268804,23.327000,23.653000
2,7621,7621,5dc5942,1319051,1319385,1334628,1334728,15.243000,15.577000
2,8932,8932,62e4941,1317051,1317385,1345595,1345695,28.210000,28.544000
2,9854,9854,667e943,1404051,1404377,1414725,1414825,10.348000,10.674000
2,6886,6886,5ae6941,1451051,1451385,1467595,1467695,16.210000,16.544000
2,9410,9410,64c2943,1450051,1450377,1473143,1473243,22.766000,23.092000
2,10865,10865,6a71941,1557051,1557377,1562108,1562208,4.731000,5.057000
2,10066,10066,6752942,1627051,1627385,1644209,1644309,16.824000,17.158000
2,7493,7493,5d45942,2084051,2084377,2097240,2097340,12.863000,13.189000
2,10399,10399,689f943,2196051,2196385,2218848,2218948,22.463000,22.797000
2,10484,10484,68f4943,2251051,2251377,2273742,2273842,22.365000,22.691000
2,10169,10169,67b9940,2517410,2517736,2525152,2525252,7.416000,7.742000
3,461,461,41cd942,63051,63377,71633,71733,8.256000,8.582000
3,2376,2376,4948940,91456,91782,98667,98767,6.885000,7.211000
3,444,444,41bc943,92051,92385,108006,108106,15.621000,15.955000
3,1219,1219,44c3940,146051,146385,160921,161021,14.536000,14.870000
3,1589,1589,4635940,215823,216149,272407,272507,56.258000,56.584000
3,966,966,43c6940,347051,347385,367022,367122,19.637000,19.971000
3,3396,3396,4d44942,398051,398385,416442,416542,18.057000,18.391000
3,2192,2192,4890942,486051,486385,496836,496936,10.451000,10.785000
3,2027,2027,47eb940,482051,482385,512736,512836,30.351000,30.685000
3,2994,2994,4bb2942,560051,560377,576480,576580,16.103000,16.429000
3,3495,3495,4da7941,642375,642701,649181,649281,6.480000,6.806000
3,4888,4888,5318942,643051,643385,654553,654653,11.168000,11.502000
3,3933,3933,4f5d942,641051,641377,659913,660013,18.536000,18.862000
3,3860,3860,4f14943,693051,693377,712869,712969,19.492000,19.818000
3,2771,2771,4ad3940,734051,734377,746620,746720,12.243000,12.569000
3,6422,6422,5916941,838051,838377,860263,860363,21.886000,22.212000
3,5924,5924,5724943,848051,848385,865754,865854,17.369000,17.703000
3,8017,8017,5f51941,845051,845377,893151,893251,47.774000,48.100000
3,5751,5751,5677941,951051,951385,994870,994970,43.485000,43.819000
3,4697,4697,5259940,1038051,1038377,1051031,1051131,12.654000,12.980000
3,5003,5003,538b940,1046051,1046385,1056522,1056622,10.137000,10.471000
3,5633,5633,5601942,1070051,1070377,1093876,1093976,23.499000,23.825000
3,3647,3647,4e3f940,1114051,1114377,1120858,1120958,6.481000,6.807000
3,5198,5198,544e941,1124416,1124742,1157457,1157557,32.715000,33.041000
3,8046,8046,5f6e942,1176764,1177090,1194974,1195074,17.884000,18.210000
3,9732,9732,6604941,1179051,1179377,1200509,1200609,21.132000,21.458000
3,6338,6338,58c2942,1191051,1191385,1205987,1206087,14.602000,14.936000
3,8676,8676,61e4941,1218051,1218385,1235769,1235869,17.384000,17.718000
3,6201,6201,5839943,1239051,1239377,1255191,1255291,15.814000,16.140000
3,6088,6088,57c8941,1232051,1232385,1260563,1260663,28.178000,28.512000
3,8007,8007,5f47943,1284127,1284453,1310682,1310782,26.229000,26.555000
3,10940,10940,6abc943,1442051,1442385,1523916,1524016,81.531000,81.865000
3,10013,10013,671d940,1537051,1537385,1548238,1548338,10.853000,11.187000
3,6153,6153,5809940,1577051,1577385,1587389,1587489,10.004000,10.338000
3,8602,8602,619a942,1601051,1601377,1608791,1608891,7.414000,7.740000
3,10091,10091,676b942,1623051,1623377,1628988,1629088,5.611000,5.937000
3,9185,9185,63e1942,1639051,1639385,1646743,1646843,7.358000,7.692000
3,7704,7704,5e18941,1886051,1886385,1907073,1907173,20.688000,21.022000
3,10659,10659,69a3942,2024051,2024385,2039703,2039803,15.318000,15.652000
3,10805,10805,6a35940,2186051,2186385,2200546,2200646,14.161000,14.495000
4,638,638,427e942,47416,47742,54282,54382,6.540000,6.866000
4,307,307,4133940,88051,88377,98344,98444,9.967000,10.293000
4,1020,1020,43fc942,194416,194742,220556,220656,25.814000,26.140000
4,1236,1236,44d4942,216051,216385,226015,226115,9.630000,9.964000
4,994,994,43e2942,212403,212737,231456,231556,18.719000,19.053000
4,1136,1136,4470941,183051,183385,242410,242510,59.025000,59.359000
4,2332,2332,491c942,291051,291377,310612,310712,19.235000,19.561000
4,2890,2890,4b4a943,355051,355385,365298,365398,9.913000,10.247000
4,3921,3921,4f51942,319051,319377,370792,370892,51.415000,51.741000
4,2243,2243,48c3943,448051,448377,470668,470768,22.291000,22.617000
4,2772,2772,4ad4941,516050,516377,536116,536216,19.739000,20.066000
4,5239,5239,5477943,517050,517385,547195,547295,29.810000,30.145000
4,3348,3348,4d14941,580051,580377,590544,590644,10.167000,10.493000
4,3866,3866,4f1a941,585051,585385,601519,601619,16.134000,16.468000
4,3304,3304,4ce8943,635446,635780,645793,645893,10.013000,10.347000
4,5011,5011,5393941,664051,664385,683638,683738,19.253000,19.587000
4,6356,6356,58d4942,689051,689385,712053,712153,22.668000,23.002000
4,5165,5165,542d942,801051,801377,824728,824828,23.351000,23.677000
4,4111,4111,500f943,853051,853385,860798,860898,7.413000,7.747000
4,2504,2504,49c8941,951051,951385,968057,968157,16.672000,17.006000
4,10085,10085,6765941,1029051,1029385,1039298,1039397,9.913000,10.247000
4,4669,4669,523d942,1113051,1113377,1134761,1134861,21.384000,21.710000
4,8047,8047,5f6f940,1145051,1145385,1169477,1169577,24.092000,24.426000
4,6812,6812,5a9c943,1156051,1156377,1199390,1199490,43.013000,43.339000
4,4260,4260,50a4941,1192049,1192383,1210411,1210511,18.028000,18.362000
4,6436,6436,5924940,1195051,1195385,1215929,1216029,20.544000,20.878000
4,2808,2808,4af8942,1228051,1228377,1245260,1245360,16.883000,17.209000
4,7096,7096,5bb8940,1216973,1217299,1250733,1250833,33.434000,33.760000
4,5511,5511,5587940,1245051,1245377,1256247,1256347,10.870000,11.196000
4,10614,10614,6976942,1260051,1260377,1284642,1284742,24.265000,24.591000
4,10412,10412,68ac943,1287051,1287385,1330088,1330188,42.703000,43.037000
4,9222,9222,6406941,1327051,1327377,1334247,1334347,6.870000,7.196000
4,6925,6925,5b0d943,1383051,1383377,1405133,1405233,21.756000,22.082000
4,7479,7479,5d37940,1436051,1436385,1468958,1469058,32.573000,32.907000
4,9038,9038,634e940,1486051,1486385,1491096,1491196,4.711000,5.045000
4,8334,8334,608e943,1488051,1488385,1506124,1506224,17.739000,18.073000
4,9692,9692,65dc940,1513051,1513377,1533625,1533725,20.248000,20.574000
4,6783,6783,5a7f940,1578416,1578750,1588781,1588881,10.031000,10.365000
4,6716,6716,5a3c943,1587051,1587377,1611569,1611669,24.192000,24.518000
4,10139,10139,679b942,1610051,1610377,1629770,1629870,19.393000,19.719000
4,9892,9892,66a4943,1864051,1864385,1882410,1882510,18.025000,18.359000
4,7400,7400,5ce8941,1919051,1919385,1932857,1932957,13.472000,13.806000
4,9872,9872,6690941,1997051,1997385,2006483,2006583,9.098000,9.432000
4,7522,7522,5d62942,2099051,2099385,2110258,2110358,10.873000,11.207000
4,10686,10686,69be943,2572051,2572377,2588650,2588750,16.273000,16.599000
5,500,500,41f4943,67051,67385,85779,85879,18.394000,18.728000
5,159,159,409f940,73051,73385,96919,97019,23.534000,23.868000
5,1090,1090,4442943,98051,98385,111618,111718,13.233000,13.567000
5,812,812,432c942,178051,178377,190893,190993,12.516000,12.842000
5,684,684,42ac943,186699,187025,215617,215717,28.592000,28.918000
5,2103,2103,4837941,214402,214736,221024,221124,6.288000,6.622000
5,841,841,4349940,218051,218377,238674,238774,20.297000,20.623000
5,2727,2727,4aa7940,231409,231743,250480,250580,18.737000,19.071000
5,2936,2936,4b78940,241051,241377,261905,262005,20.528000,20.854000
5,1647,1647,466f941,283702,284028,291362,291462,7.334000,7.660000
5,2240,2240,48c0943,346051,346385,359957,360057,13.572000,13.906000
5,2421,2421,4975941,385051,385385,392701,392801,7.316000,7.650000
5,4461,4461,516d941,585051,585385,600558,600658,15.173000,15.507000
5,3513,3513,4db9941,603410,603736,611932,612032,8.196000,8.522000
5,2516,2516,49d4941,690051,690377,699490,699590,9.113000,9.439000
5,3351,3351,4d17943,701051,701385,730855,730955,29.470000,29.804000
5,4627,4627,5213943,746395,746729,755108,755208,8.379000,8.713000
5,5661,5661,561d942,747432,747758,760502,760602,12.744000,13.070000
5,3251,3251,4cb3942,842051,842377,851528,851628,9.151000,9.477000
5,4858,4858,52fa940,846051,846385,858060,858160,11.675000,12.009000
5,8402,8402,60d2941,852051,852385,873411,873511,21.026000,21.360000
5,8245,8245,6035941,1019051,1019377,1041974,1042075,22.597000,22.923000
5,6257,6257,5871943,1024453,1024787,1047499,1047599,22.712000,23.046000
5,6946,6946,5b22940,1085051,1085385,1102934,1103034,17.549000,17.883000
5,5278,5278,549e940,1106449,1106775,1147412,1147512,40.637000,40.963000
5,4357,4357,5105942,1140051,1140377,1152895,1152995,12.518000,12.844000
5,8561,8561,6171940,1190051,1190377,1205598,1205698,15.221000,15.547000
5,6695,6695,5a27940,1206051,1206385,1227299,1227399,20.914000,21.248000
5,7872,7872,5ec0941,1365051,1365377,1382538,1382638,17.161000,17.487000
5,10842,10842,6a5a941,1463051,1463377,1471607,1471707,8.230000,8.556000
5,5255,5255,5487940,1471051,1471385,1483639,1483739,12.254000,12.588000
5,7564,7564,5d8c941,1500051,1500377,1513826,1513926,13.449000,13.775000
5,8700,8700,61fc940,1511051,1511385,1527862,1527962,16.477000,16.811000
5,10170,10170,67ba940,1610051,1610385,1617709,1617809,7.324000,7.658000
5,3603,3603,4e13943,1671051,1671377,1684144,1684244,12.767000,13.093000
5,8284,8284,605c943,1728051,1728377,1734904,1735004,6.527000,6.853000
5,9057,9057,6361941,1768051,1768377,1788720,1788820,20.343000,20.669000
5,8383,8383,60bf941,1831051,1831385,1851156,1851256,19.771000,20.105000
5,8342,8342,6096940,1862051,1862377,1876443,1876543,14.066000,14.392000
5,6949,6949,5b25941,1892051,1892385,1910711,1910811,18.326000,18.660000
5,10957,10957,6acd941,1910051,1910377,1919437,1919537,9.060000,9.386000
5,8459,8459,610b943,2187051,2187377,2195655,2195755,8.278000,8.604000
5,10645,10645,6995942,2386180,2386514,2397282,2397382,10.768000,11.102000
5,10966,10966,6ad6943,2669051,2669377,2682079,2682179,12.702000,13.028000
6,111,111,406f940,45051,45377,60681,60781,15.304000,15.630000
6,527,527,420f942,73051,73385,81632,81732,8.247000,8.581000
6,530,530,4212941,107418,107752,122955,123055,15.203000,15.537000
6,651,651,428b941,107051,107377,128440,128539,21.063000,21.389000
6,1015,1015,43f7940,110051,110385,133933,134033,23.548000,23.882000
6,437,437,41b5940,132051,132385,149091,149191,16.706000,17.040000
6,1678,1678,468e943,186051,186385,217806,217906,31.421000,31.755000
6,555,555,422b942,239051,239377,244063,244163,4.686000,5.012000
6,1194,1194,44aa940,272051,272377,309783,309883,37.406000,37.732000
6,2064,2064,4810942,330051,330377,340406,340506,10.029000,10.355000
6,3445,3445,4d75942,353051,353377,365073,365173,11.696000,12.022000
6,1422,1422,458e942,416051,416377,421054,421154,4.677000,5.003000
6,2746,2746,4aba943,396051,396377,441196,441296,44.819000,45.145000
6,2612,2612,4a34940,430051,430377,449007,449107,18.630000,18.956000
6,4012,4012,4fac942,447051,447377,489423,489523,42.046000,42.372000
6,3235,3235,4ca3942,542051,542377,561007,561107,18.630000,18.956000
6,2232,2232,48b8942,526051,526377,569179,569279,42.802000,43.128000
6,2052,2052,4804940,563051,563385,574638,574738,11.253000,11.587000
6,2695,2695,4a87943,604051,604377,620404,620504,16.027000,16.353000
6,5044,5044,53b4941,772051,772385,783654,783754,11.269000,11.603000
6,4785,4785,52b1942,813051,813385,839905,840005,26.520000,26.854000
6,4874,4874,530a940,836051,836377,852425,852525,16.048000,16.374000
6,4902,4902,5326940,852051,852385,868815,868915,16.430000,16.764000
6,7452,7452,5d1c942,918051,918385,938884,938984,20.499000,20.833000
6,5319,5319,54c7940,970051,970385,990490,990590,20.105000,20.439000
6,7373,7373,5ccd941,975083,975417,995897,995997,20.480000,20.814000
6,5988,5988,5764941,1050051,1050385,1070884,1070984,20.499000,20.833000
6,8379,8379,60bb941,1059051,1059377,1086526,1086626,27.149000,27.475000
6,6258,6258,5872942,1086448,1086782,1096735,1096835,9.953000,10.287000
6,6891,6891,5aeb943,1151696,1152022,1160257,1160357,8.235000,8.561000
6,5967,5967,574f940,1176051,1176377,1196072,1196172,19.695000,20.021000
6,6498,6498,5962942,1201051,1201377,1211281,1211381,9.904000,10.230000
6,5120,5120,5400943,1292051,1292377,1301481,1301581,9.104000,9.430000
6,7604,7604,5db4942,1297051,1297377,1306888,1306988,9.511000,9.837000
6,7275,7275,5c6b940,1353051,1353377,1364402,1364502,11.025000,11.351000
6,8045,8045,5f6d941,1360051,1360385,1369873,1369973,9.488000,9.822000
6,6492,6492,595c941,1341051,1341385,1375495,1375595,34.110000,34.444000
6,3658,3658,4e4a943,1357051,1357385,1380966,1381066,23.581000,23.915000
6,4726,4726,5276941,1378051,1378377,1391902,1392002,13.525000,13.851000
6,7722,7722,5e2a940,1382051,1382385,1397373,1397473,14.988000,15.322000
6,6048,6048,57a0942,1416051,1416385,1432084,1432184,15.699000,16.033000
6,5986,5986,5762941,1426051,1426377,1443035,1443135,16.658000,16.984000
6,10787,10787,6a23941,1438051,1438377,1448395,1448495,10.018000,10.344000
6,5970,5970,5752941,1594051,1594385,1610517,1610617,16.132000,16.466000
6,6327,6327,58b7942,1610434,1610760,1622426,1622526,11.666000,11.992000
6,6694,6694,5a26943,1636051,1636377,1647281,1647381,10.904000,11.230000
6,8333,8333,608d942,1674051,1674385,1683511,1683611,9.126000,9.460000
6,9453,9453,64ed941,1692051,1692377,1710824,1710924,18.447000,18.773000
6,9444,9444,64e4943,1804051,1804377,1827487,1827587,23.110000,23.436000
6,10933,10933,6ab5943,1829051,1829385,1836668,1836768,7.283000,7.617000
6,8068,8068,5f84942,1859051,1859377,1871925,1872025,12.548000,12.874000
6,9065,9065,6369942,1934051,1934385,1951428,1951528,17.043000,17.377000
6,10577,10577,6951941,2247051,2247377,2257385,2257485,10.008000,10.334000
6,6265,6265,5879941,2248051,2248385,2262707,2262807,14.322000,14.656000
6,8793,8793,6259940,2315051,2315377,2326228,2326328,10.851000,11.177000
7,377,377,4179942,89051,89385,109367,109467,19.982000,20.316000
7,1215,1215,44bf942,124051,124385,140407,140507,16.022000,16.356000
7,958,958,43be942,179086,179420,193088,193188,13.668000,14.002000
7,3676,3676,4e5c942,193833,194167,218644,218744,24.477000,24.811000
7,3724,3724,4e8c942,259424,259758,268949,269049,9.191000,9.525000
7,1636,1636,4664943,275051,275377,282681,282781,7.304000,7.630000
7,1254,1254,44e6942,286051,286385,304525,304625,18.140000,18.474000
7,1365,1365,4555943,310051,310377,323497,323597,13.120000,13.446000
7,585,585,4249941,346051,346385,352797,352897,6.412000,6.746000
7,2755,2755,4ac3942,334051,334377,364831,364931,30.454000,30.780000
7,3085,3085,4c0d941,382623,382957,392453,392553,9.496000,9.830000
7,3569,3569,4df1943,383051,383385,408652,408752,25.267000,25.601000
7,2305,2305,4901941,395051,395377,412837,412937,17.460000,17.786000
7,1769,1769,46e9942,415051,415385,427255,427355,11.870000,12.204000
7,1040,1040,4410942,479051,479377,492994,493094,13.617000,13.943000
7,5303,5303,54b7943,498302,498628,522167,522266,23.539000,23.865000
7,5077,5077,53d5941,551051,551385,572060,572160,20.675000,21.009000
7,2278,2278,48e6940,640051,640385,655168,655268,14.783000,15.117000
7,2719,2719,4a9f943,657051,657385,667366,667466,9.981000,10.315000
7,1982,1982,47be940,663051,663377,672773,672873,9.396000,9.722000
7,2741,2741,4ab5941,797051,797377,838787,838887,41.410000,41.736000
7,2425,2425,4979942,834051,834385,847852,847952,13.467000,13.801000
7,6895,6895,5aef941,913424,913750,938710,938810,24.960000,25.286000
7,5178,5178,543a943,951051,951377,965425,965525,14.048000,14.374000
7,2980,2980,4ba4941,954051,954385,976461,976561,22.076000,22.410000
7,6881,6881,5ae1941,967051,967377,981884,981984,14.507000,14.833000
7,6349,6349,58cd942,1060051,1060385,1083331,1083431,22.946000,23.280000
7,5620,5620,55f4943,1074051,1074377,1094331,1094431,19.954000,20.280000
7,4545,4545,51c1941,1283051,1283385,1298282,1298382,14.897000,15.231000
7,5912,5912,5718942,1345051,1345385,1356197,1356297,10.812000,11.146000
7,7296,7296,5c80942,1367051,1367377,1372974,1373074,5.597000,5.923000
7,9609,9609,6589943,1385051,1385385,1396219,1396319,10.834000,11.168000
7,9858,9858,6682943,1408416,1408750,1419657,1419757,10.907000,11.241000
7,7996,7996,5f3c940,1452051,1452385,1463198,1463298,10.813000,11.147000
7,6825,6825,5aa9941,1496051,1496385,1531257,1531357,34.872000,35.206000
7,7824,7824,5e90940,1543051,1543385,1555069,1555169,11.684000,12.018000
7,7048,7048,5b88941,1543051,1543385,1566077,1566177,22.692000,23.026000
7,9893,9893,66a5943,1742051,1742377,1751451,1751551,9.074000,9.400000
7,9062,9062,6366943,1803051,1803385,1827403,1827503,24.018000,24.352000
7,10747,10747,69fb941,2031051,2031377,2055104,2055205,23.727000,24.053000
7,10445,10445,68cd940,2172051,2172377,2182332,2182432,9.955000,10.281000
8,550,550,4226941,49051,49377,67256,67356,17.879000,18.205000
8,239,239,40ef941,96051,96377,107223,107323,10.846000,11.172000
8,358,358,4166942,235051,235385,247119,247219,11.734000,12.068000
8,1875,1875,4753943,233051,233385,255367,255467,21.982000,22.316000
8,1188,1188,44a4943,241051,241377,260847,260947,19.470000,19.796000
8,2799,2799,4aef943,257395,257729,274843,274943,17.114000,17.448000
8,1048,1048,4418943,285051,285377,302330,302430,16.953000,17.279000
8,975,975,43cf942,307115,307449,334178,334278,26.729000,27.063000
8,1791,1791,46ff943,375051,375377,391904,392004,16.527000,16.853000
8,1011,1011,43f3940,370051,370385,401152,401252,30.767000,31.101000
8,624,624,4270943,413051,413377,427233,427333,13.856000,14.182000
8,1609,1609,4649942,427051,427385,433803,433903,6.418000,6.752000
8,3261,3261,4cbd941,546051,546385,559673,559773,13.288000,13.622000
8,4136,4136,5028943,854051,854377,865221,865321,10.844000,11.170000
8,9085,9085,637d942,945051,945385,957915,958015,12.530000,12.864000
8,5235,5235,5473940,979051,979377,988405,988505,9.028000,9.354000
8,7392,7392,5ce0943,1028051,1028385,1039225,1039326,10.840000,11.174000
8,4608,4608,5200940,1060051,1060377,1076321,1076421,15.944000,16.270000
8,7802,7802,5e7a941,1100051,1100377,1114705,1114805,14.328000,14.654000
8,6177,6177,5821941,1168439,1168765,1192194,1192294,23.429000,23.755000
8,7742,7742,5e3e940,1426051,1426377,1440897,1440997,14.520000,14.846000
8,5791,5791,569f942,1498051,1498377,1511001,1511101,12.624000,12.950000
8,8941,8941,62ed940,1509051,1509377,1521479,1521579,12.102000,12.428000
8,9482,9482,650a940,1513051,1513377,1530345,1530445,16.968000,17.294000
8,8660,8660,61d4940,1676051,1676377,1692019,1692119,15.642000,15.968000
8,10109,10109,677d940,1678051,1678377,1697348,1697448,18.971000,19.297000
8,6409,6409,5909940,1735051,1735385,1745999,1746099,10.614000,10.948000
8,5723,5723,565b941,1769841,1770167,1779400,1779500,9.233000,9.559000
8,10741,10741,69f5941,1766051,1766385,1784718,1784818,18.333000,18.667000
8,10596,10596,6964942,1814051,1814377,1828670,1828770,14.293000,14.619000
8,10242,10242,6802941,2020051,2020385,2031178,2031278,10.793000,11.127000
8,9115,9115,639b942,2029051,2029385,2042920,2043020,13.535000,13.869000
8,10844,10844,6a5c942,2050051,2050385,2057718,2057818,7.333000,7.667000
8,10114,10114,6782943,2198883,2199217,2217503,2217603,18.286000,18.620000
8,10121,10121,6789940,2310051,2310385,2324708,2324808,14.323000,14.657000
9,209,209,40d1940,101051,101377,113762,113862,12.385000,12.711000
9,663,663,4297942,169051,169385,180313,180413,10.928000,11.262000
9,268,268,410c942,189395,189729,209197,209297,19.468000,19.802000
9,2473,2473,49a9942,222051,222385,235032,235132,12.647000,12.981000
9,3081,3081,4c09942,254051,254377,265249,265349,10.872000,11.198000
9,347,347,415b942,323051,323385,335073,335173,11.688000,12.022000
9,1966,1966,47ae941,456051,456377,462828,462928,6.451000,6.777000
9,3049,3049,4be9940,465051,465377,470097,470197,4.720000,5.046000
9,1430,1430,4596940,506051,506377,528136,528236,21.759000,22.085000
9,3209,3209,4c89942,543410,543736,560074,560174,16.338000,16.664000
9,4659,4659,5233942,654051,654385,662585,662685,8.200000,8.534000
9,3868,3868,4f1c942,653438,653764,680688,680788,26.924000,27.250000
9,5755,5755,567b941,785051,785385,807454,807554,22.069000,22.403000
9,9781,9781,6635940,810593,810919,837176,837276,26.257000,26.583000
9,5638,5638,5606943,842051,842385,860561,860661,18.176000,18.510000
9,5826,5826,56c2940,874051,874377,882538,882638,8.161000,8.487000
9,2828,2828,4b0c941,918051,918377,925784,925884,7.407000,7.733000
9,7937,7937,5f01943,982051,982377,1012272,1012372,29.895000,30.221000
9,6860,6860,5acc943,994051,994377,1017712,1017812,23.335000,23.661000
9,4686,4686,524e941,1097051,1097377,1103827,1103927,6.450000,6.776000
9,5812,5812,56b4943,1111051,1111385,1125197,1125297,13.812000,14.146000
9,9948,9948,66dc943,1282422,1282756,1304166,1304266,21.410000,21.744000
9,5635,5635,5603940,1339051,1339377,1354589,1354689,15.212000,15.538000
9,8908,8908,62cc940,1374051,1374377,1420498,1420598,46.121000,46.447000
9,8864,8864,62a0940,1581051,1581377,1592174,1592274,10.797000,11.123000
9,10255,10255,680f941,1680051,1680385,1687701,1687801,7.316000,7.650000
9,10866,10866,6a72940,1756051,1756377,1773324,1773424,16.947000,17.273000
9,8794,8794,625a943,2067438,2067764,2086517,2086618,18.753000,19.079000
9,10136,10136,6798942,2208051,2208385,2221957,2222057,13.572000,13.906000
9,10364,10364,687c943,2229051,2229377,2241162,2241262,11.785000,12.111000
9,9308,9308,645c940,2441051,2441385,2454855,2454955,13.470000,13.804000
10,672,672,42a0943,24051,24385,36999,37099,12.614000,12.948000
10,441,441,41b9941,80051,80385,89432,89532,9.047000,9.381000
10,484,484,41e4943,85051,85385,100417,100517,15.032000,15.366000
10,600,600,4258940,87051,87377,105899,105999,18.522000,18.848000
10,1494,1494,45d6942,106051,106385,113774,113874,7.389000,7.723000
10,793,793,4319943,187395,187729,204136,204236,16.407000,16.741000
10,1328,1328,4530943,229051,229385,239435,239535,10.050000,10.384000
10,1241,1241,44d9942,266051,266377,271965,272065,5.588000,5.914000
10,1268,1268,44f4941,266051,266377,292850,292950,26.473000,26.799000
10,821,821,4335942,322051,322377,331537,331637,9.160000,9.486000
10,1707,1707,46ab942,326051,326377,338998,339098,12.621000,12.947000
10,2524,2524,49dc941,359051,359385,367057,367157,7.672000,8.006000
10,4325,4325,50e5943,342051,342377,378749,378849,36.372000,36.698000
10,2335,2335,491f941,460693,461027,472953,473053,11.926000,12.260000
10,2570,2570,4a0a942,463051,463377,478427,478527,15.050000,15.376000
10,2834,2834,4b12940,464051,464377,489354,489454,24.977000,25.303000
10,2584,2584,4a18942,504431,504757,523130,523230,18.373000,18.699000
10,2708,2708,4a94943,523050,523377,529854,529954,6.477000,6.804000
10,3909,3909,4f45943,513050,513377,534029,534129,20.652000,20.979000
10,3090,3090,4c12940,553051,553377,562008,562108,8.631000,8.957000
10,2699,2699,4a8b942,623051,623377,643319,643419,19.942000,20.268000
10,3946,3946,4f6a943,633051,633385,648649,648749,15.264000,15.598000
10,2712,2712,4a98942,634051,634385,654016,654116,19.631000,19.965000
10,5127,5127,5407943,678051,678377,705915,706015,27.538000,27.864000
10,6337,6337,58c1943,689051,689377,716946,717046,27.569000,27.895000
10,3565,3565,4ded942,690051,690385,722456,722556,32.071000,32.405000
10,2654,2654,4a5e940,716051,716385,733343,733443,16.958000,17.292000
10,5238,5238,5476943,834051,834385,844833,844933,10.448000,10.782000
10,7155,7155,5bf3942,852453,852779,868819,868919,16.040000,16.366000
10,5462,5462,5556942,901051,901385,955923,956023,54.538000,54.872000
10,6829,6829,5aad941,961051,961385,988573,988673,27.188000,27.522000
10,8879,8879,62af943,1132051,1132377,1153812,1153912,21.435000,21.761000
10,9676,9676,65cc943,1144051,1144377,1160490,1160590,16.113000,16.439000
10,7328,7328,5ca0941,1154051,1154377,1165995,1166095,11.618000,11.944000
10,6779,6779,5a7b942,1159051,1159385,1177015,1177115,17.630000,17.964000
10,7212,7212,5c2c940,1169051,1169385,1188002,1188102,18.617000,18.951000
10,6360,6360,58d8942,1210051,1210385,1221921,1222021,11.536000,11.870000
10,9576,9576,6568941,1358051,1358385,1379937,1380037,21.552000,21.886000
10,9058,9058,6362943,1399051,1399377,1420958,1421058,21.581000,21.907000
10,9132,9132,63ac941,1436051,1436377,1463634,1463734,27.257000,27.583000
10,10423,10423,68b7943,1472418,1472752,1481094,1481194,8.342000,8.676000
10,9211,9211,63fb943,1484051,1484377,1514879,1514979,30.502000,30.828000
10,9301,9301,6455943,1540051,1540377,1551262,1551362,10.885000,11.211000
10,8782,8782,624e940,1562051,1562377,1578158,1578258,15.781000,16.107000
10,7897,7897,5ed9940,1581051,1581377,1597299,1597399,15.922000,16.248000
10,8643,8643,61c3941,1640051,1640377,1652149,1652249,11.772000,12.098000
10,8095,8095,5f9f940,1721051,1721385,1729613,1729713,8.228000,8.562000
10,8694,8694,61f6942,1744438,1744764,1760817,1760917,16.053000,16.379000
10,8483,8483,6123940,1761051,1761385,1782268,1782368,20.883000,21.217000
10,6655,6655,59ff942,1851051,1851385,1868911,1869011,17.526000,17.860000
10,9354,9354,648a940,1989051,1989377,2001969,2002069,12.592000,12.918000
10,10542,10542,692e941,2227051,2227385,2243541,2243641,16.156000,16.490000
10,8921,8921,62d9940,2386051,2386385,2400728,2400828,14.343000,14.677000
11,95,95,405f940,44051,44385,82177,82277,37.792000,38.126000
11,471,471,41d7943,72051,72385,87603,87703,15.218000,15.552000
11,1580,1580,462c942,152051,152385,171933,172033,19.548000,19.882000
11,216,216,40d8940,172051,172377,188350,188450,15.973000,16.299000
11,1945,1945,4799941,278051,278377,307324,307424,28.947000,29.273000
11,1508,1508,45e4941,316873,317199,329855,329955,12.656000,12.982000
11,1933,1933,478d943,345051,345385,352712,352812,7.327000,7.661000
11,1656,1656,4678942,368051,368377,378341,378441,9.964000,10.290000
11,2416,2416,4970940,377051,377385,388203,388303,10.818000,11.152000
11,2822,2822,4b06940,393865,394199,415195,415295,20.996000,21.330000
11,2420,2420,4974942,410051,410385,420711,420811,10.326000,10.660000
11,4267,4267,50ab942,453051,453385,460260,460360,6.875000,7.209000
11,2423,2423,4977941,480990,481324,492712,492812,11.388000,11.722000
11,2691,2691,4a83942,484051,484377,511191,511291,26.814000,27.140000
11,2830,2830,4b0e940,506051,506377,516696,516795,10.319000,10.645000
11,2255,2255,48cf940,521050,521377,532209,532309,10.832000,11.159000
11,4616,4616,5208942,557051,557385,562975,563075,5.590000,5.924000
11,7011,7011,5b63942,672051,672377,679674,679774,7.297000,7.623000
11,3142,3142,4c46941,684051,684377,692581,692681,8.204000,8.530000
11,4278,4278,50b6940,704051,704377,717858,717958,13.481000,13.807000
11,7736,7736,5e38942,765039,765373,774840,774940,9.467000,9.801000
11,5581,5581,55cd940,803084,803418,810708,810808,7.290000,7.624000
11,3331,3331,4d03940,785051,785385,816026,816126,30.641000,30.975000
11,6216,6216,5848943,902051,902377,908816,908916,6.439000,6.765000
11,8252,8252,603c943,941051,941385,957580,957680,16.195000,16.529000
11,6777,6777,5a79941,1013051,1013377,1028555,1028655,15.178000,15.504000
11,4603,4603,51fb942,1235051,1235385,1251493,1251593,16.108000,16.442000
11,8348,8348,609c943,1243051,1243377,1266999,1267099,23.622000,23.948000
11,5646,5646,560e940,1332051,1332385,1344165,1344265,11.780000,12.114000
11,7915,7915,5eeb940,1346051,1346385,1383899,1383999,37.514000,37.848000
11,10740,10740,69f4941,1380051,1380385,1408712,1408812,28.327000,28.661000
11,6754,6754,5a62943,1426051,1426385,1454582,1454682,28.197000,28.531000
11,8905,8905,62c9940,1474460,1474794,1480397,1480497,5.603000,5.937000
11,6457,6457,5939941,1586051,1586377,1604199,1604299,17.822000,18.148000
11,8321,8321,6081943,1876051,1876377,1881950,1882050,5.573000,5.899000
11,9895,9895,66a7940,1899051,1899385,1910187,1910287,10.802000,11.136000
11,9713,9713,65f1940,1921051,1921377,1930443,1930543,9.066000,9.392000
11,6903,6903,5af7941,1946051,1946377,1952010,1952110,5.633000,5.959000
11,10288,10288,6830940,1955395,1955729,1964969,1965069,9.240000,9.574000
11,9844,9844,6674941,2083051,2083377,2092261,2092361,8.884000,9.210000
11,10976,10976,6ae0942,2132051,2132385,2154688,2154788,22.303000,22.637000
11,8649,8649,61c9942,2248051,2248377,2261799,2261899,13.422000,13.748000
12,820,820,4334943,29051,29385,57427,57527,28.042000,28.376000
12,439,439,41b7940,55051,55385,75767,75867,20.382000,20.716000
12,1577,1577,4629943,94051,94385,99975,100075,5.590000,5.924000
12,1747,1747,46d3941,230051,230377,245472,245572,15.095000,15.421000
12,827,827,433b941,231346,231680,250977,251077,19.297000,19.631000
12,2138,2138,485a941,246051,246377,256424,256524,10.047000,10.373000
12,850,850,4352941,230051,230385,261929,262029,31.544000,31.878000
12,770,770,4302942,290051,290385,300976,301076,10.591000,10.925000
12,3540,3540,4dd4942,314051,314377,341056,341156,26.679000,27.005000
12,2131,2131,4853941,387409,387743,410578,410678,22.835000,23.169000
12,5337,5337,54d9943,441051,441377,470871,470971,29.494000,29.820000
12,2651,2651,4a5b940,445051,445385,484907,485007,39.522000,39.856000
12,2020,2020,47e4942,531051,531385,543812,543912,12.427000,12.761000
12,5713,5713,5651941,560051,560385,576626,576726,16.241000,16.575000
12,2450,2450,4992942,557051,557377,582201,582301,24.824000,25.150000
12,6176,6176,5820942,605051,605385,613595,613695,8.210000,8.544000
12,4725,4725,5275941,669051,669385,680254,680354,10.869000,11.203000
12,4838,4838,52e6942,698051,698385,707428,707528,9.043000,9.377000
12,4978,4978,5372943,764051,764377,772670,772770,8.293000,8.619000
12,6039,6039,5797942,770051,770377,786346,786446,15.969000,16.295000
12,6744,6744,5a58942,814083,814409,838729,838829,24.320000,24.646000
12,5019,5019,539b941,840051,840385,846830,846930,6.445000,6.779000
12,6538,6538,598a941,808051,808385,852346,852446,43.961000,44.295000
12,5518,5518,558e940,1068051,1068377,1097771,1097871,29.394000,29.720000
12,8389,8389,60c5943,1088051,1088377,1126762,1126862,38.385000,38.711000
12,6909,6909,5afd943,1303051,1303385,1310685,1310785,7.300000,7.634000
12,4674,4674,5242940,1306051,1306385,1322767,1322867,16.382000,16.716000
12,6174,6174,581e942,1342051,1342377,1352380,1352480,10.003000,10.329000
12,10202,10202,67da941,1397051,1397377,1404760,1404860,7.383000,7.709000
12,7701,7701,5e15942,1462431,1462757,1484418,1484518,21.661000,21.987000
12,10422,10422,68b6943,1466051,1466377,1500884,1500984,34.507000,34.833000
12,8801,8801,6261941,1530051,1530377,1540299,1540399,9.922000,10.248000
12,6833,6833,5ab1943,1586409,1586743,1600830,1600930,14.087000,14.421000
12,9723,9723,65fb943,1650051,1650377,1658646,1658746,8.269000,8.595000
12,8409,8409,60d9941,1666051,1666385,1675454,1675554,9.069000,9.403000
12,8621,8621,61ad942,1731051,1731377,1753631,1753731,22.254000,22.580000
12,8680,8680,61e8941,1762051,1762385,1782019,1782119,19.634000,19.968000
12,8457,8457,6109943,1814051,1814377,1819088,1819188,4.711000,5.037000
12,9191,9191,63e7941,1793051,1793385,1823228,1823328,29.843000,30.177000
12,10096,10096,6770942,1892425,1892759,1915149,1915249,22.390000,22.724000
12,6501,6501,5965942,2043051,2043385,2065011,2065111,21.626000,21.960000
13,888,888,4378940,34051,34377,46206,46306,11.829000,12.155000
13,33,33,4021942,41051,41385,59242,59342,17.857000,18.191000
13,1750,1750,46d6942,125051,125377,134390,134490,9.013000,9.339000
13,858,858,435a942,151416,151742,165494,165594,13.752000,14.078000
13,525,525,420d941,142051,142385,176414,176514,34.029000,34.363000
13,172,172,40ac942,184051,184377,191725,191825,7.348000,7.674000
13,2500,2500,49c4941,220051,220377,256101,256201,35.724000,36.050000
13,283,283,411b943,231051,231377,261585,261686,30.208000,30.534000
13,1218,1218,44c2942,257690,258024,265749,265849,7.725000,8.059000
13,713,713,42c9942,257051,257385,269893,269993,12.508000,12.842000
13,1376,1376,4560942,341734,342060,348533,348633,6.473000,6.799000
13,2446,2446,498e940,460051,460377,469468,469568,9.091000,9.417000
13,1696,1696,46a0942,466051,466385,473663,473763,7.278000,7.612000
13,2013,2013,47dd943,471051,471377,498995,499095,27.618000,27.944000
13,2613,2613,4a35942,514050,514377,529556,529656,15.179000,15.506000
13,1985,1985,47c1940,530051,530377,535051,535151,4.674000,5.000000
13,1876,1876,4754942,659051,659385,682371,682471,22.986000,23.320000
13,5200,5200,5450942,664051,664385,693196,693296,28.811000,29.145000
13,5074,5074,53d2943,794453,794779,807614,807714,12.835000,13.161000
13,4682,4682,524a942,811051,811377,816954,817054,5.577000,5.903000
13,6654,6654,59fe943,864051,864377,876032,876132,11.655000,11.981000
13,4102,4102,5006942,875051,875385,887059,887159,11.674000,12.008000
13,5863,5863,56e7940,988051,988377,1016559,1016659,28.182000,28.508000
13,6263,6263,5877942,1027051,1027377,1050642,1050742,23.265000,23.591000
13,3998,3998,4f9e943,1063051,1063377,1086148,1086248,22.771000,23.097000
13,8254,8254,603e943,1074051,1074385,1094783,1094883,20.398000,20.732000
13,6879,6879,5adf941,1100051,1100377,1114689,1114789,14.312000,14.638000
13,4927,4927,533f943,1123051,1123377,1131610,1131710,8.233000,8.559000
13,7895,7895,5ed7941,1128416,1128750,1157268,1157368,28.518000,28.852000
13,7776,7776,5e60943,1136051,1136377,1162691,1162791,26.314000,26.640000
13,8493,8493,612d940,1163425,1163759,1173824,1173924,10.065000,10.399000
13,5973,5973,5755942,1241051,1241377,1269448,1269548,28.071000,28.397000
13,9654,9654,65b6940,1305051,1305385,1331983,1332083,26.598000,26.932000
13,9534,9534,653e941,1360051,1360385,1372922,1373022,12.537000,12.871000
13,9695,9695,65df943,1364051,1364377,1392255,1392355,27.878000,28.204000
13,7985,7985,5f31943,1423051,1423377,1458521,1458621,35.144000,35.470000
13,7506,7506,5d52940,1507051,1507385,1520015,1520115,12.630000,12.964000
13,10496,10496,6900940,1523051,1523377,1528097,1528197,4.720000,5.046000
13,8442,8442,60fa942,1631051,1631377,1651045,1651145,19.668000,19.994000
13,9093,9093,6385940,1635051,1635377,1656564,1656664,21.187000,21.513000
13,8121,8121,5fb9942,1805051,1805377,1815294,1815394,9.917000,10.243000
13,10878,10878,6a7e942,1888051,1888377,1903566,1903666,15.189000,15.515000
14,532,532,4214943,58051,58385,70953,71053,12.568000,12.902000
14,884,884,4374940,62494,62820,92845,92945,30.025000,30.351000
14,1288,1288,4508941,110756,111090,131187,131287,20.097000,20.431000
14,339,339,4153940,102051,102385,147594,147694,45.209000,45.543000
14,1928,1928,4788942,153418,153752,180397,180497,26.645000,26.979000
14,2657,2657,4a61942,161051,161385,193819,193919,32.434000,32.768000
14,1902,1902,476e940,219051,219385,231148,231248,11.763000,12.097000
14,1265,1265,44f1940,212051,212377,266286,266386,53.909000,54.235000
14,2341,2341,4925943,387487,387821,411848,411948,24.027000,24.361000
14,2515,2515,49d3943,508051,508377,517473,517573,9.096000,9.422000
14,4140,4140,502c940,534051,534385,546081,546181,11.696000,12.030000
14,3523,3523,4dc3940,540051,540385,568886,568986,28.501000,28.835000
14,6948,6948,5b24940,621051,621385,668566,668666,47.181000,47.515000
14,3889,3889,4f31942,731051,731385,736067,736167,4.682000,5.016000
14,7361,7361,5cc1940,932051,932377,956424,956524,24.047000,24.373000
14,5943,5943,5737943,1045051,1045385,1056272,1056372,10.887000,11.221000
14,4273,4273,50b1942,1088199,1088533,1103954,1104054,15.421000,15.755000
14,8939,8939,62eb940,1119051,1119385,1129235,1129335,9.850000,10.184000
14,5460,5460,5554943,1149051,1149385,1156676,1156776,7.291000,7.625000
14,10022,10022,6726943,1151051,1151377,1180399,1180499,29.022000,29.348000
14,7799,7799,5e77940,1177895,1178229,1209918,1210018,31.689000,32.023000
14,7823,7823,5e8f943,1318051,1318385,1331777,1331877,13.392000,13.726000
14,10163,10163,67b3943,1370051,1370385,1376809,1376909,6.424000,6.758000
14,6866,6866,5ad2941,1388051,1388385,1407965,1408065,19.580000,19.914000
14,6214,6214,5846942,1441051,1441377,1447807,1447907,6.430000,6.756000
14,9798,9798,6646941,1458051,1458377,1468250,1468350,9.873000,10.199000
14,6222,6222,584e940,1451051,1451385,1488777,1488877,37.392000,37.726000
14,7032,7032,5b78942,1519051,1519385,1541665,1541765,22.280000,22.614000
14,9510,9510,6526942,1585051,1585377,1597915,1598015,12.538000,12.864000
14,10059,10059,674b943,1603051,1603377,1627846,1627946,24.469000,24.795000
14,7404,7404,5cec943,1662051,1662385,1668840,1668940,6.455000,6.789000
14,8091,8091,5f9b941,1737051,1737377,1760392,1760492,23.015000,23.341000
14,7066,7066,5b9a941,1765051,1765377,1785886,1785986,20.509000,20.835000
14,9567,9567,655f942,1877416,1877750,1900952,1901052,23.202000,23.536000
14,10800,10800,6a30943,1906051,1906385,1916339,1916439,9.954000,10.288000
14,10768,10768,6a10940,1945051,1945385,1956196,1956296,10.811000,11.145000
14,10735,10735,69ef942,2157051,2157377,2179183,2179283,21.806000,22.132000
14,10589,10589,695d943,2384724,2385050,2391541,2391641,6.491000,6.817000
14,8490,8490,612a941,2624439,2624773,2630299,2630399,5.526000,5.860000
15,274,274,4112940,22051,22385,31538,31638,9.153000,9.487000
15,57,57,4039943,48051,48385,72864,72964,24.479000,24.813000
15,289,289,4121941,95416,95742,120848,120948,25.106000,25.432000
15,1392,1392,4570940,157051,157385,166477,166577,9.092000,9.426000
15,802,802,4322940,165051,165385,180888,180988,15.503000,15.837000
15,1616,1616,4650940,164051,164377,186568,186668,22.191000,22.517000
15,698,698,42ba941,224051,224377,238464,238564,14.087000,14.413000
15,1145,1145,4479940,239051,239385,254999,255099,15.614000,15.948000
15,1801,1801,4709941,245051,245385,261227,261328,15.842000,16.176000
15,1384,1384,4568940,243051,243385,266899,266999,23.514000,23.848000
15,3467,3467,4d8b942,262051,262385,280181,280281,17.796000,18.130000
15,1715,1715,46b3942,287051,287385,321650,321750,34.265000,34.599000
15,1929,1929,4789942,321051,321385,331332,331432,9.947000,10.281000
15,3153,3153,4c51940,333051,333377,360322,360422,26.945000,27.271000
15,1693,1693,469d940,417051,417385,433941,434041,16.556000,16.890000
15,2629,2629,4a45942,439051,439385,452647,452747,13.262000,13.596000
15,3040,3040,4be0941,470051,470385,477716,477816,7.331000,7.665000
15,1385,1385,4569942,510051,510385,517668,517768,7.283000,7.617000
15,4072,4072,4fe8941,513050,513385,529523,529623,16.138000,16.473000
15,3100,3100,4c1c943,576051,576385,586317,586417,9.932000,10.266000
15,4753,4753,5291941,558051,558385,602287,602387,43.902000,44.236000
15,4027,4027,4fbb940,609401,609735,646680,646780,36.945000,37.279000
15,3349,3349,4d15941,653051,653385,663596,663696,10.211000,10.545000
15,2392,2392,4958943,634051,634377,667733,667833,33.356000,33.682000
15,6233,6233,5859943,630051,630377,675618,675718,45.241000,45.567000
15,3901,3901,4f3d941,656051,656385,697631,697731,41.246000,41.580000
15,7002,7002,5b5a943,757051,757377,767315,767415,9.938000,10.264000
15,4105,4105,5009943,771051,771377,787475,787575,16.098000,16.424000
15,3070,3070,4bfe940,766051,766377,797089,797189,30.712000,31.038000
15,3454,3454,4d7e943,801453,801779,819453,819553,17.674000,18.000000
15,4020,4020,4fb4942,808051,808385,824932,825032,16.547000,16.881000
15,4370,4370,5112940,823051,823385,844166,844266,20.781000,21.115000
15,5804,5804,56ac942,877051,877377,906803,906903,29.426000,29.752000
15,4313,4313,50d9940,954051,954377,973096,973196,18.719000,19.045000
15,4092,4092,4ffc940,1021051,1021385,1037878,1037978,16.493000,16.827000
15,8162,8162,5fe2942,1038051,1038385,1062247,1062347,23.862000,24.196000
15,6545,6545,5991943,1055051,1055385,1082931,1083031,27.546000,27.880000
15,3747,3747,4ea3942,1079051,1079377,1099333,1099433,19.956000,20.282000
15,5321,5321,54c9942,1095051,1095385,1126013,1126113,30.628000,30.962000
15,7487,7487,5d3f941,1148051,1148385,1159204,1159304,10.819000,11.153000
15,4507,4507,519b942,1169410,1169736,1184045,1184145,14.309000,14.635000
15,5566,5566,55be942,1253051,1253377,1265790,1265890,12.413000,12.739000
15,8902,8902,62c6941,1367051,1367385,1374673,1374773,7.288000,7.622000
15,10690,10690,69c2941,1401051,1401377,1423667,1423767,22.290000,22.616000
15,7982,7982,5f2e943,1415579,1415913,1438439,1438539,22.526000,22.860000
15,8415,8415,60df943,1538051,1538385,1554489,1554589,16.104000,16.438000
15,5282,5282,54a2943,1618051,1618385,1658808,1658908,40.423000,40.757000
15,9994,9994,670a940,1683051,1683385,1710720,1710820,27.335000,27.669000
15,6355,6355,58d3942,1737051,1737377,1748164,1748264,10.787000,11.113000
15,9044,9044,6354940,1954051,1954377,1962576,1962676,8.199000,8.525000
15,10377,10377,6889941,2111425,2111759,2132309,2132409,20.550000,20.884000
15,10400,10400,68a0942,2153051,2153385,2160685,2160785,7.300000,7.634000
15,10197,10197,67d5943,2203051,2203385,2211598,2211698,8.213000,8.547000
15,9992,9992,6708942,2370051,2370377,2389943,2390043,19.566000,19.892000
16,650,650,428a943,40416,40742,55347,55447,14.605000,14.931000
16,678,678,42a6942,39051,39385,60754,60854,21.369000,21.703000
16,353,353,4161943,60051,60385,72209,72309,11.824000,12.158000
16,2227,2227,48b3943,158051,158377,192082,192182,33.705000,34.031000
16,559,559,422f941,197051,197377,202979,203079,5.602000,5.928000
16,2447,2447,498f943,217601,217935,232241,232341,14.306000,14.640000
16,4059,4059,4fdb941,260051,260376,271102,271202,10.726000,11.051000
16,2349,2349,492d941,301416,301750,326792,326892,25.042000,25.376000
16,3645,3645,4e3d941,309051,309377,332330,332430,22.953000,23.279000
16,4644,4644,5224940,378051,378377,398620,398720,20.243000,20.569000
16,2998,2998,4bb6943,427051,427377,444299,444399,16.922000,17.248000
16,5626,5626,55fa942,483051,483385,490381,490481,6.996000,7.330000
16,1333,1333,4535942,525051,525385,541439,541539,16.054000,16.388000
16,3147,3147,4c4b942,565433,565759,575824,575924,10.065000,10.391000
16,5461,5461,5555942,574051,574385,587826,587926,13.441000,13.775000
16,1549,1549,460d941,586051,586385,594675,594775,8.290000,8.624000
16,2887,2887,4b47940,563051,563385,598854,598954,35.469000,35.803000
16,4125,4125,501d942,608051,608385,628753,628853,20.368000,20.702000
16,3526,3526,4dc6940,699051,699377,706746,706846,7.369000,7.695000
16,4939,4939,534b943,691051,691377,730935,731035,39.558000,39.884000
16,2293,2293,48f5942,774051,774377,787884,787984,13.507000,13.833000
16,3627,3627,4e2b941,726051,726377,793415,793515,67.038000,67.364000
16,4333,4333,50ed943,848498,848832,862562,862662,13.730000,14.064000
16,2810,2810,4afa943,1064051,1064385,1083981,1084081,19.596000,19.930000
16,4867,4867,5303942,1081051,1081377,1090552,1090652,9.175000,9.501000
16,6450,6450,5932942,1074051,1074385,1094707,1094807,20.322000,20.656000
16,4188,4188,505c942,1088051,1088377,1100067,1100167,11.690000,12.016000
16,6219,6219,584b940,1147446,1147780,1159585,1159685,11.805000,12.139000
16,7791,7791,5e6f940,1227782,1228108,1247785,1247885,19.677000,20.003000
16,6595,6595,59c3940,1245051,1245377,1253346,1253446,7.969000,8.295000
16,7161,7161,5bf9940,1283051,1283385,1289867,1289967,6.482000,6.816000
16,9577,9577,6569940,1346051,1346377,1351134,1351234,4.757000,5.083000
16,5960,5960,5748943,1330051,1330385,1359762,1359862,29.377000,29.711000
16,6972,6972,5b3c942,1345051,1345385,1371914,1372014,26.529000,26.863000
16,6072,6072,57b8942,1356051,1356377,1377433,1377533,21.056000,21.382000
16,6685,6685,5a1d943,1375787,1376113,1390510,1390610,14.397000,14.723000
16,9639,9639,65a7941,1396051,1396377,1427418,1427518,31.041000,31.367000
16,6985,6985,5b49940,1431051,1431385,1436108,1436208,4.723000,5.057000
16,9226,9226,640a941,1454051,1454377,1477094,1477194,22.717000,23.043000
16,5681,5681,5631941,1461051,1461385,1487962,1488062,26.577000,26.911000
16,7464,7464,5d28942,1578051,1578377,1585755,1585855,7.378000,7.704000
16,7848,7848,5ea8941,1626051,1626385,1631949,1632049,5.564000,5.898000
16,10585,10585,6959940,1782416,1782742,1803173,1803273,20.431000,20.757000
16,9961,9961,66e9940,1901936,1902270,1906981,1907081,4.711000,5.045000
16,8407,8407,60d7940,1918051,1918385,1930178,1930278,11.793000,12.127000
16,10781,10781,6a1d941,1932051,1932385,1950309,1950409,17.924000,18.258000
16,8058,8058,5f7a940,1953051,1953385,1961667,1961767,8.282000,8.616000
16,7586,7586,5da2941,2010425,2010759,2019828,2019928,9.069000,9.403000
16,10956,10956,6acc943,2029051,2029385,2053564,2053665,24.179000,24.513000
16,9381,9381,64a5940,2046439,2046765,2060341,2060441,13.576000,13.902000
16,9403,9403,64bb942,2082051,2082385,2104858,2104958,22.473000,22.807000
16,10476,10476,68ec942,2153051,2153377,2163381,2163481,10.004000,10.330000
16,10534,10534,6926940,2206051,2206377,2227849,2227949,21.472000,21.798000
16,9452,9452,64ec943,2295051,2295385,2309790,2309890,14.405000,14.739000
16,10398,10398,689e943,2409051,2409385,2423923,2424023,14.538000,14.872000
17,320,320,4140941,44051,44377,56978,57078,12.601000,12.927000
17,421,421,41a5941,91051,91385,103991,104091,12.606000,12.940000
17,370,370,4172940,100051,100385,109448,109548,9.063000,9.397000
17,1217,1217,44c1942,145051,145377,155438,155538,10.061000,10.387000
17,1150,1150,447e942,151051,151377,173793,173893,22.416000,22.742000
17,2784,2784,4ae0943,167051,167377,179240,179340,11.863000,12.189000
17,1289,1289,4509940,234438,234764,253472,253572,18.708000,19.034000
17,3985,3985,4f91941,245867,246193,257700,257799,11.507000,11.833000
17,1766,1766,46e6943,329051,329385,335879,335979,6.494000,6.828000
17,1639,1639,4667943,338051,338385,360214,360314,21.829000,22.163000
17,3274,3274,4cca942,374051,374377,385262,385362,10.885000,11.211000
17,2105,2105,4839943,398051,398377,408470,408570,10.093000,10.419000
17,1811,1811,4713941,404051,404385,412637,412737,8.252000,8.586000
17,1664,1664,4680941,397051,397377,416795,416895,19.418000,19.744000
17,3763,3763,4eb3940,459051,459377,471628,471728,12.251000,12.577000
17,2308,2308,4904942,473051,473385,489517,489617,16.132000,16.466000
17,2315,2315,490b941,502051,502377,515975,516074,13.598000,13.924000
17,3012,3012,4bc4940,525051,525385,530106,530206,4.721000,5.055000
17,3459,3459,4d83942,549051,549385,565521,565621,16.136000,16.470000
17,2091,2091,482b943,556051,556377,611691,611791,55.314000,55.640000
17,4482,4482,5182940,643275,643609,648345,648445,4.736000,5.070000
17,2930,2930,4b72943,764051,764385,779113,779213,14.728000,15.062000
17,5244,5244,547c940,808051,808385,813122,813222,4.737000,5.071000
17,2557,2557,49fd941,878051,878377,898942,899042,20.565000,20.891000
17,5043,5043,53b3943,890354,890680,903152,903252,12.472000,12.798000
17,5388,5388,550c943,933051,933377,950400,950500,17.023000,17.349000
17,4206,4206,506e940,966051,966385,972892,972992,6.507000,6.841000
17,9425,9425,64d1941,1105051,1105385,1124880,1124980,19.495000,19.829000
17,7771,7771,5e5b942,1122051,1122377,1133148,1133248,10.771000,11.097000
17,10281,10281,6829942,1135051,1135385,1149961,1150061,14.576000,14.910000
17,5324,5324,54cc942,1218418,1218752,1232672,1232772,13.920000,14.254000
17,9220,9220,6404942,1252051,1252377,1257139,1257239,4.762000,5.088000
17,5134,5134,540e941,1328418,1328752,1344310,1344410,15.558000,15.892000
17,8462,8462,610e942,1376051,1376385,1389110,1389210,12.725000,13.059000
17,9059,9059,6363941,1514051,1514377,1525591,1525691,11.214000,11.540000
17,8491,8491,612b942,1504418,1504752,1530914,1531014,26.162000,26.496000
17,9216,9216,6400942,1631051,1631377,1643173,1643273,11.796000,12.122000
17,6438,6438,5926941,1661453,1661779,1678293,1678393,16.514000,16.840000
17,10151,10151,67a7941,1839051,1839385,1847727,1847827,8.342000,8.676000
17,8556,8556,616c942,1907051,1907377,1916469,1916569,9.092000,9.418000
17,8024,8024,5f58940,1923051,1923377,1930808,1930908,7.431000,7.757000
17,7284,7284,5c74943,1955051,1955377,1969740,1969840,14.363000,14.689000
17,10239,10239,67ff941,2142416,2142742,2151841,2151941,9.099000,9.425000
18,244,244,40f4941,30051,30385,38365,38465,7.980000,8.314000
18,2239,2239,48bf942,146051,146385,180032,180132,33.647000,33.981000
18,561,561,4231941,188051,188385,204205,204305,15.820000,16.154000
18,3231,3231,4c9f942,202686,203020,226778,226878,23.758000,24.092000
18,705,705,42c1942,191051,191377,245549,245649,54.172000,54.498000
18,3286,3286,4cd6943,246051,246385,267652,267752,21.267000,21.601000
18,2298,2298,48fa940,291051,291385,297896,297996,6.511000,6.845000
18,1356,1356,454c941,417051,417385,427404,427504,10.019000,10.353000
18,1637,1637,4665942,460051,460377,472248,472348,11.871000,12.197000
18,1633,1633,4661940,469051,469377,480444,480544,11.067000,11.393000
18,2917,2917,4b65940,481051,481377,493276,493376,11.899000,12.225000
18,4056,4056,4fd8943,551051,551385,556937,557037,5.552000,5.886000
18,8425,8425,60e9941,541051,541377,562256,562356,20.879000,21.205000
18,4264,4264,50a8940,562051,562385,578803,578903,16.418000,16.752000
18,4729,4729,5279943,587051,587385,595857,595957,8.472000,8.806000
18,5904,5904,5710943,716051,716385,749494,749594,33.109000,33.443000
18,6827,6827,5aab943,749051,749377,755028,755128,5.651000,5.977000
18,5421,5421,552d943,835051,835377,851533,851633,16.156000,16.482000
18,6633,6633,59e9941,882051,882377,896894,896994,14.517000,14.843000
18,5138,5138,5412943,921439,921773,941003,941103,19.230000,19.564000
18,6321,6321,58b1940,997051,997377,1018222,1018322,20.845000,21.171000
18,7655,7655,5de7942,1122051,1122385,1128830,1128930,6.445000,6.779000
18,9349,9349,6485942,1155051,1155385,1168136,1168236,12.751000,13.085000
18,8987,8987,631b943,1166051,1166377,1191476,1191576,25.099000,25.425000
18,10795,10795,6a2b943,1185051,1185385,1197035,1197135,11.650000,11.984000
18,4431,4431,514f943,1212051,1212385,1226626,1226726,14.241000,14.575000
18,4618,4618,520a942,1222051,1222385,1232184,1232284,9.799000,10.133000
18,10941,10941,6abd943,1248051,1248385,1256626,1256726,8.241000,8.575000
18,7489,7489,5d41942,1236051,1236385,1262184,1262284,25.799000,26.133000
18,7884,7884,5ecc940,1289051,1289377,1298442,1298542,9.065000,9.391000
18,5684,5684,5634943,1297051,1297377,1304736,1304836,7.359000,7.685000
18,7135,7135,5bdf943,1325051,1325385,1339232,1339332,13.847000,14.181000
18,9677,9677,65cd943,1392051,1392385,1429521,1429621,37.136000,37.470000
18,6926,6926,5b0e941,1489051,1489377,1518393,1518493,29.016000,29.342000
18,8665,8665,61d9940,1516051,1516385,1532549,1532649,16.164000,16.498000
18,5890,5890,5702942,1568051,1568385,1590605,1590705,22.220000,22.554000
18,6312,6312,58a8942,1605051,1605385,1612744,1612844,7.359000,7.693000
18,10092,10092,676c941,1685051,1685385,1692760,1692860,7.375000,7.709000
18,10275,10275,6823941,1774051,1774377,1792375,1792475,17.998000,18.324000
18,9083,9083,637b943,1859051,1859377,1887062,1887162,27.685000,28.011000
18,10041,10041,6739940,1919051,1919385,1929852,1929952,10.467000,10.801000
18,8620,8620,61ac940,1966051,1966377,1985283,1985383,18.906000,19.232000
18,9619,9619,6593942,2196051,2196385,2203701,2203801,7.316000,7.650000
18,10819,10819,6a43942,2454051,2454385,2461747,2461847,7.362000,7.696000
19,1283,1283,4503940,69051,69377,94544,94644,25.167000,25.493000
19,790,790,4316941,148051,148385,165537,165637,17.152000,17.486000
19,1748,1748,46d4942,221827,222153,243115,243215,20.962000,21.288000
19,1920,1920,4780940,246304,246630,266041,266141,19.411000,19.737000
19,2669,2669,4a6d942,270051,270385,279487,279587,9.102000,9.436000
19,2825,2825,4b09943,251327,251653,286222,286322,34.569000,34.895000
19,303,303,412f942,288051,288377,303171,303271,14.794000,15.120000
19,3259,3259,4cbb943,299051,299385,308494,308594,9.109000,9.443000
19,4446,4446,515e942,302051,302377,326203,326303,23.826000,24.152000
19,1773,1773,46ed942,308051,308377,330401,330501,22.024000,22.350000
19,2593,2593,4a21941,433051,433377,439020,439120,5.643000,5.969000
19,3384,3384,4d38941,462051,462377,474117,474217,11.740000,12.066000
19,3775,3775,4ebf940,472051,472377,484990,485090,12.613000,12.939000
19,2716,2716,4a9c940,476051,476385,490478,490578,14.093000,14.427000
19,5573,5573,55c5940,509051,509385,527586,527686,18.201000,18.535000
19,4251,4251,509b942,530051,530385,543615,543715,13.230000,13.564000
19,2062,2062,480e942,536051,536385,549779,549879,13.394000,13.728000
19,6033,6033,5791942,551051,551377,558859,558959,7.482000,7.808000
19,5105,5105,53f1943,571051,571385,581112,581212,9.727000,10.061000
19,2151,2151,4867941,611051,611385,628463,628563,17.078000,17.412000
19,4984,4984,5378940,650051,650385,664491,664591,14.106000,14.440000
19,2740,2740,4ab4941,724051,724385,736167,736267,11.782000,12.116000
19,4451,4451,5163940,725051,725385,740347,740447,14.962000,15.296000
19,4501,4501,5195940,750051,750385,761233,761333,10.848000,11.182000
19,4948,4948,5354942,750051,750377,777737,777837,27.360000,27.686000
19,4028,4028,4fbc941,766051,766377,783222,783322,16.845000,17.171000
19,5879,5879,56f7943,812051,812385,829519,829619,17.134000,17.468000
19,1922,1922,4782941,838051,838377,848302,848402,9.925000,10.251000
19,5472,5472,5560943,849051,849377,897741,897841,48.364000,48.690000
19,3171,3171,4c63942,901051,901377,944903,945003,43.526000,43.852000
19,4456,4456,5168943,946395,946721,955912,956012,9.191000,9.517000
19,8083,8083,5f93941,923826,924160,977644,977744,53.484000,53.818000
19,6697,6697,5a29943,948051,948385,988454,988554,40.069000,40.403000
19,7755,7755,5e4b941,976051,976377,999494,999594,23.117000,23.443000
19,7979,7979,5f2b943,1076655,1076989,1098500,1098600,21.511000,21.845000
19,10250,10250,680a941,1088051,1088385,1103973,1104073,15.588000,15.922000
19,9508,9508,6524942,1106410,1106736,1114208,1114308,7.472000,7.798000
19,6304,6304,58a0940,1114051,1114385,1127084,1127184,12.699000,13.033000
19,6816,6816,5aa0943,1146294,1146628,1162051,1162151,15.423000,15.757000
19,8382,8382,60be943,1165051,1165377,1187754,1187854,22.377000,22.703000
19,5240,5240,5478942,1199051,1199377,1229429,1229529,30.052000,30.378000
19,8212,8212,6014941,1397051,1397377,1407466,1407566,10.089000,10.415000
19,9805,9805,664d942,1554051,1554385,1559079,1559179,4.694000,5.028000
19,7797,7797,5e75943,1685425,1685759,1697753,1697853,11.994000,12.328000
19,5893,5893,5705943,1738051,1738377,1750952,1751052,12.575000,12.901000
19,10050,10050,6742942,1953051,1953377,1967131,1967231,13.754000,14.080000
19,10606,10606,696e942,2040051,2040377,2053850,2053950,13.473000,13.799000
19,10993,10993,6af1941,2116051,2116385,2130053,2130153,13.668000,14.002000
19,8109,8109,5fad943,2151051,2151377,2163095,2163195,11.718000,12.044000
19,9754,9754,661a943,2545051,2545385,2560730,2560830,15.345000,15.679000
20,158,158,409e942,20051,20385,26915,27015,6.530000,6.864000
20,371,371,4173941,83051,83385,89858,89958,6.473000,6.807000
20,2587,2587,4a1b942,159051,159377,165905,166005,6.528000,6.854000
20,1371,1371,455b942,153051,153385,174776,174876,21.391000,21.725000
20,2969,2969,4b99942,317051,317385,324721,324821,7.336000,7.670000
20,2675,2675,4a73941,352645,352979,385651,385751,32.672000,33.006000
20,3380,3380,4d34943,412975,413309,418947,419047,5.638000,5.972000
20,3021,3021,4bcd942,437453,437779,456943,457043,19.164000,19.490000
20,1278,1278,44fe943,466051,466385,480642,480742,14.257000,14.591000
20,1342,1342,453e941,609051,609385,619367,619467,9.982000,10.316000
20,3554,3554,4de2941,603051,603377,624845,624945,21.468000,21.794000
20,3815,3815,4ee7941,627453,627779,650441,650541,22.662000,22.988000
20,4763,4763,529b943,653051,653377,659000,659100,5.623000,5.949000
20,5040,5040,53b0941,667051,667385,677358,677458,9.973000,10.307000
20,5250,5250,5482943,701051,701377,706988,707088,5.611000,5.937000
20,2112,2112,4840942,720051,720377,733392,733492,13.015000,13.341000
20,4405,4405,5135940,801051,801385,809888,809988,8.503000,8.837000
20,6566,6566,59a6940,879416,879750,900530,900630,20.780000,21.114000
20,7306,7306,5c8a941,929216,929542,941870,941970,12.328000,12.654000
20,7647,7647,5ddf942,961446,961780,967448,967548,5.668000,6.002000
20,3713,3713,4e81942,977051,977377,990615,990715,13.238000,13.564000
20,5844,5844,56d4940,1071051,1071385,1087909,1088009,16.524000,16.858000
20,7939,7939,5f03941,1148051,1148377,1163434,1163534,15.057000,15.383000
20,8143,8143,5fcf941,1145051,1145385,1174133,1174233,28.748000,29.082000
20,10626,10626,6982943,1173438,1173764,1182079,1182179,8.315000,8.641000
20,4835,4835,52e3941,1163778,1164104,1204061,1204161,39.957000,40.283000
20,8040,8040,5f68941,1217051,1217377,1233410,1233510,16.033000,16.359000
20,8914,8914,62d2941,1260051,1260377,1278275,1278375,17.898000,18.224000
20,7105,7105,5bc1941,1278051,1278377,1284160,1284260,5.783000,6.109000
20,9088,9088,6380943,1283051,1283377,1307013,1307113,23.636000,23.962000
20,2763,2763,4acb943,1301051,1301385,1315966,1316066,14.581000,14.915000
20,8021,8021,5f55941,1327051,1327385,1336570,1336670,9.185000,9.519000
20,10166,10166,67b6940,1418416,1418742,1435410,1435510,16.668000,16.994000
20,7815,7815,5e87943,1430051,1430385,1462583,1462683,32.198000,32.532000
20,9570,9570,6562943,1512051,1512377,1524121,1524221,11.744000,12.070000
20,10729,10729,69e9943,1518051,1518385,1546100,1546200,27.715000,28.049000
20,5965,5965,574d943,1541051,1541385,1561683,1561783,20.298000,20.632000
20,7014,7014,5b66941,1585051,1585377,1605157,1605257,19.780000,20.106000
20,10825,10825,6a49941,1651435,1651761,1671584,1671684,19.823000,20.149000
20,7186,7186,5c12943,1668051,1668385,1677455,1677555,9.070000,9.404000
20,9096,9096,6388940,2420051,2420377,2428544,2428644,8.167000,8.493000
21,318,318,413e941,79051,79385,87193,87293,7.808000,8.142000
21,543,543,421f943,89051,89377,116229,116329,26.852000,27.178000
21,2723,2723,4aa3940,122051,122385,128105,128205,5.720000,6.054000
21,722,722,42d2940,134425,134759,157080,157180,22.321000,22.655000
21,666,666,429a940,159051,159385,170283,170383,10.898000,11.232000
21,317,317,413d940,141051,141377,175738,175838,34.361000,34.687000
21,203,203,40cb942,187051,187377,199962,200062,12.585000,12.911000
21,547,547,4223941,198051,198385,209236,209336,10.851000,11.185000
21,1002,1002,43ea940,206051,206385,225676,225776,19.291000,19.625000
21,897,897,4381940,260051,260376,266546,266646,6.170000,6.495000
21,2048,2048,4800942,233051,233385,271947,272047,38.562000,38.896000
21,1907,1907,4773940,264051,264377,279738,279838,15.361000,15.687000
21,1026,1026,4402941,278051,278385,286636,286736,8.251000,8.585000
21,3420,3420,4d5c940,297438,297764,319346,319446,21.582000,21.908000
21,692,692,42b4941,349051,349377,364599,364699,15.222000,15.548000
21,3113,3113,4c29942,555836,556170,566016,566116,9.846000,10.180000
21,6141,6141,57fd943,597051,597377,621979,622079,24.602000,24.928000
21,4391,4391,5127942,624051,624377,630854,630954,6.477000,6.803000
21,3543,3543,4dd7942,634051,634385,654912,655012,20.527000,20.861000
21,5975,5975,5757941,649051,649385,661179,661279,11.794000,12.128000
21,6644,6644,59f4943,649051,649385,667344,667444,17.959000,18.293000
21,7762,7762,5e52941,774337,774671,784778,784878,10.107000,10.441000
21,3336,3336,4d08940,789051,789385,796730,796830,7.345000,7.679000
21,7509,7509,5d55940,791051,791385,813340,813440,21.955000,22.289000
21,3123,3123,4c33943,796051,796385,820338,820438,23.953000,24.287000
21,5081,5081,53d9942,868119,868445,877726,877826,9.281000,9.607000
21,6108,6108,57dc943,866051,866377,881939,882039,15.562000,15.888000
21,8167,8167,5fe7942,875051,875385,917855,917955,42.470000,42.804000
21,6250,6250,586a942,914051,914385,936145,936245,21.760000,22.094000
21,7176,7176,5c08940,1011051,1011377,1030136,1030235,18.759000,19.085000
21,3825,3825,4ef1941,1088051,1088377,1096619,1096719,8.242000,8.568000
21,7415,7415,5cf7942,1162051,1162385,1172061,1172161,9.676000,10.010000
21,2934,2934,4b76942,1253051,1253377,1266533,1266633,13.156000,13.482000
21,3725,3725,4e8d942,1264383,1264709,1277446,1277546,12.737000,13.063000
21,6718,6718,5a3e940,1276051,1276385,1289038,1289138,12.653000,12.987000
21,6961,6961,5b31942,1280051,1280385,1294520,1294620,14.135000,14.469000
21,6686,6686,5a1e943,1289051,1289385,1298736,1298836,9.351000,9.685000
21,5847,5847,56d7942,1298051,1298377,1312007,1312107,13.630000,13.956000
21,6667,6667,5a0b941,1475051,1475377,1488227,1488327,12.850000,13.176000
21,7028,7028,5b74942,1496051,1496377,1507375,1507475,10.998000,11.324000
21,9418,9418,64ca940,1543051,1543385,1562420,1562520,19.035000,19.369000
21,9435,9435,64db943,1597051,1597385,1622402,1622502,25.017000,25.351000
21,10704,10704,69d0940,1619051,1619385,1638138,1638238,18.753000,19.087000
21,10330,10330,685a940,1637051,1637377,1654481,1654581,17.104000,17.430000
21,10133,10133,6795943,1675051,1675377,1695507,1695607,20.130000,20.456000
21,8754,8754,6232940,1674418,1674752,1701029,1701129,26.277000,26.611000
21,8206,8206,600e943,1696361,1696695,1711620,1711720,14.925000,15.259000
21,8315,8315,607b943,1710446,1710780,1722299,1722399,11.519000,11.853000
21,10232,10232,67f8941,1987416,1987742,1995137,1995237,7.395000,7.721000
21,10906,10906,6a9a940,2177438,2177764,2187803,2187903,10.039000,10.365000
22,66,66,4042940,46051,46385,65261,65361,18.876000,19.210000
22,409,409,4199940,153051,153385,171435,171535,18.050000,18.384000
22,591,591,424f943,182051,182377,195977,196077,13.600000,13.926000
22,1209,1209,44b9942,297051,297385,314424,314524,17.039000,17.373000
22,2561,2561,4a01943,382051,382385,400088,400188,17.703000,18.037000
22,1986,1986,47c2942,490051,490385,529672,529772,39.287000,39.621000
22,3548,3548,4ddc940,545416,545742,581201,581301,35.459000,35.785000
22,3421,3421,4d5d942,571051,571377,608495,608595,37.118000,37.444000
22,2128,2128,4850943,617051,617385,625616,625716,8.231000,8.565000
22,3151,3151,4c4f943,630051,630377,636818,636918,6.441000,6.767000
22,4113,4113,5011941,631051,631377,642346,642446,10.969000,11.295000
22,3896,3896,4f38941,675051,675377,683632,683732,8.255000,8.581000
22,5189,5189,5445942,673051,673377,695453,695553,22.076000,22.402000
22,4328,4328,50e8942,698051,698385,715376,715476,16.991000,17.325000
22,3256,3256,4cb8942,807051,807385,831422,831522,24.037000,24.371000
22,7016,7016,5b68941,838051,838377,862401,862501,24.024000,24.350000
22,5162,5162,542a940,875051,875385,897132,897232,21.747000,22.081000
22,9843,9843,6673941,964051,964377,975177,975277,10.800000,11.126000
22,6435,6435,5923940,984051,984377,1008944,1009044,24.567000,24.893000
22,5448,5448,5548940,979051,979377,1017006,1017106,37.629000,37.955000
22,4002,4002,4fa2940,1025051,1025377,1036257,1036357,10.880000,11.206000
22,4081,4081,4ff1940,1055051,1055385,1063940,1064040,8.555000,8.889000
22,6947,6947,5b23940,1092438,1092764,1102865,1102965,10.101000,10.427000
22,5692,5692,563c942,1121051,1121377,1149863,1149963,28.486000,28.812000
22,6485,6485,5955943,1200051,1200385,1221289,1221389,20.904000,21.238000
22,6391,6391,58f7941,1211051,1211377,1226796,1226896,15.419000,15.745000
22,7123,7123,5bd3942,1209051,1209377,1243211,1243311,33.834000,34.160000
22,8734,8734,621e943,1251051,1251385,1256958,1257058,5.573000,5.907000
22,5349,5349,54e5942,1249051,1249385,1270946,1271046,21.561000,21.895000
22,7393,7393,5ce1940,1327051,1327377,1341572,1341672,14.195000,14.521000
22,7336,7336,5ca8943,1337051,1337377,1347040,1347140,9.663000,9.989000
22,10624,10624,6980943,1334051,1334377,1352559,1352659,18.182000,18.508000
22,10295,10295,6837941,1405051,1405385,1436708,1436808,31.323000,31.657000
22,9249,9249,6421941,1459051,1459385,1483382,1483482,23.997000,24.331000
22,7211,7211,5c2b940,1651051,1651385,1674347,1674447,22.962000,23.296000
22,6835,6835,5ab3940,1680051,1680377,1699002,1699102,18.625000,18.951000
22,10599,10599,6967943,1741051,1741385,1747064,1747164,5.679000,6.013000
22,9863,9863,6687940,1774051,1774377,1785179,1785279,10.802000,11.128000
22,10023,10023,6727940,1818051,1818377,1832129,1832229,13.752000,14.078000
22,10284,10284,682c940,2172051,2172385,2183220,2183320,10.835000,11.169000
22,9037,9037,634d941,2248051,2248377,2261981,2262081,13.604000,13.930000
22,9940,9940,66d4943,2323051,2323377,2332454,2332554,9.077000,9.403000
23,201,201,40c9943,26051,26385,36418,36518,10.033000,10.367000
23,520,520,4208941,100051,100377,113977,114077,13.600000,13.926000
23,751,751,42ef940,147051,147377,156041,156141,8.664000,8.990000
23,697,697,42b9943,156051,156377,164636,164736,8.259000,8.585000
23,1304,1304,4518941,185051,185377,203206,203306,17.829000,18.155000
23,1368,1368,4558941,197051,197385,208551,208651,11.166000,11.500000
23,3161,3161,4c59942,282051,282385,297903,298003,15.518000,15.852000
23,2345,2345,4929940,294051,294377,330857,330957,36.480000,36.806000
23,1468,1468,45bc941,325051,325377,336298,336398,10.921000,11.247000
23,455,455,41c7941,331051,331377,340498,340598,9.121000,9.447000
23,1072,1072,4430942,331051,331377,352978,353078,21.601000,21.927000
23,2199,2199,4897941,396051,396385,411983,412083,15.598000,15.932000
23,1131,1131,446b942,457051,457377,481122,481222,23.745000,24.071000
23,3779,3779,4ec3940,490051,490377,504847,504947,14.470000,14.796000
23,4266,4266,50aa943,656051,656377,677439,677539,21.062000,21.388000
23,6348,6348,58cc940,736051,736385,746396,746496,10.011000,10.345000
23,3344,3344,4d10940,746402,746736,759302,759402,12.566000,12.900000
23,3587,3587,4e03941,775653,775979,798181,798281,22.202000,22.528000
23,7613,7613,5dbd942,816051,816377,827133,827233,10.756000,11.082000
23,7678,7678,5dfe943,785439,785765,832540,832640,46.775000,47.101000
23,2995,2995,4bb3942,827051,827377,852494,852594,25.117000,25.443000
23,6399,6399,58ff941,851051,851385,858715,858815,7.330000,7.664000
23,6610,6610,59d2943,991051,991377,1005824,1005924,14.447000,14.773000
23,3993,3993,4f99940,1000051,1000385,1011213,1011313,10.828000,11.162000
23,4287,4287,50bf940,1004051,1004385,1016791,1016891,12.406000,12.740000
23,6195,6195,5833941,1065007,1065341,1087999,1088099,22.658000,22.992000
23,7042,7042,5b82942,1101051,1101377,1122822,1122922,21.445000,21.771000
23,8158,8158,5fde943,1136051,1136385,1155456,1155556,19.071000,19.405000
23,8008,8008,5f48940,1228051,1228385,1236634,1236734,8.249000,8.583000
23,7836,7836,5e9c941,1264051,1264377,1291895,1291995,27.518000,27.844000
23,2942,2942,4b7e943,1306431,1306757,1318700,1318800,11.943000,12.269000
23,5118,5118,53fe943,1373051,1373385,1381587,1381687,8.202000,8.536000
23,10268,10268,681c943,1425051,1425385,1430067,1430167,4.682000,5.016000
23,9001,9001,6329942,1469051,1469377,1483033,1483133,13.656000,13.982000
23,8320,8320,6080940,1536499,1536833,1559703,1559803,22.870000,23.204000
23,6113,6113,57e1940,1570051,1570377,1584093,1584193,13.716000,14.042000
23,10129,10129,6791940,1566051,1566385,1589582,1589682,23.197000,23.531000
23,9771,9771,662b943,1688051,1688377,1696873,1696973,8.496000,8.822000
23,8922,8922,62da943,1729051,1729385,1756739,1756839,27.354000,27.688000
23,8357,8357,60a5940,1752051,1752377,1767291,1767391,14.914000,15.240000
23,8635,8635,61bb940,1806051,1806377,1815493,1815593,9.116000,9.442000
23,10524,10524,691c941,1963051,1963385,1972882,1972982,9.497000,9.831000
23,8779,8779,624b942,2010051,2010385,2024044,2024144,13.659000,13.993000
23,8677,8677,61e5940,2285051,2285385,2296209,2296309,10.824000,11.158000
24,112,112,4070941,22051,22385,32474,32574,10.089000,10.423000
24,258,258,4102943,38051,38385,48427,48527,10.042000,10.376000
24,4132,4132,5024942,271051,271377,281687,281787,10.310000,10.636000
24,2539,2539,49eb943,304051,304385,319669,319769,15.284000,15.618000
24,2590,2590,4a1e940,315992,316326,338812,338912,22.486000,22.820000
24,1294,1294,450e941,349051,349385,367086,367186,17.701000,18.035000
24,2169,2169,4879942,372488,372822,381061,381161,8.239000,8.573000
24,1810,1810,4712941,380051,380377,391244,391344,10.867000,11.193000
24,3211,3211,4c8b941,415051,415377,421003,421103,5.626000,5.952000
24,3442,3442,4d72940,418051,418385,433649,433749,15.264000,15.598000
24,1519,1519,45ef940,504051,504385,519790,519890,15.405000,15.739000
24,3751,3751,4ea7942,570825,571151,585480,585580,14.329000,14.655000
24,5774,5774,568e940,921051,921385,932263,932363,10.878000,11.212000
24,3577,3577,4df9940,957051,957377,964703,964803,7.326000,7.652000
24,5048,5048,53b8942,1020051,1020377,1036407,1036507,16.030000,16.356000
24,5456,5456,5550941,1027051,1027377,1080988,1081088,53.611000,53.937000
24,6739,6739,5a53942,1131051,1131385,1137917,1138017,6.532000,6.866000
24,7727,7727,5e2f940,1143051,1143377,1152735,1152835,9.358000,9.684000
24,7710,7710,5e1e940,1179051,1179385,1185866,1185966,6.481000,6.815000
24,4392,4392,5128942,1175051,1175385,1196849,1196949,21.464000,21.798000
24,5922,5922,5722942,1188051,1188385,1201053,1201153,12.668000,13.002000
24,7569,7569,5d91941,1190051,1190377,1215170,1215270,24.793000,25.119000
24,6643,6643,59f3943,1265051,1265385,1280685,1280785,15.300000,15.634000
24,4369,4369,5111941,1280455,1280789,1295550,1295650,14.761000,15.095000
24,9287,9287,6447940,1320439,1320765,1339728,1339828,18.963000,19.289000
24,10285,10285,682d942,1358912,1359246,1376639,1376739,17.393000,17.727000
24,7437,7437,5d0d942,1381051,1381377,1401958,1402058,20.581000,20.907000
24,5392,5392,5510940,1449051,1449385,1456706,1456806,7.321000,7.655000
24,9142,9142,63b6940,1542051,1542377,1552403,1552503,10.026000,10.352000
24,5153,5153,5421941,1609051,1609377,1617714,1617814,8.337000,8.663000
24,10190,10190,67ce943,1628051,1628377,1645742,1645842,17.365000,17.691000
24,8608,8608,61a0942,1908051,1908385,1921078,1921178,12.693000,13.027000
24,5256,5256,5488943,1918051,1918377,1932257,1932357,13.880000,14.206000
25,280,280,4118941,151051,151377,159652,159752,8.275000,8.601000
25,512,512,4200943,178051,178377,188424,188524,10.047000,10.373000
25,1903,1903,476f943,176051,176377,213793,213893,37.416000,37.742000
25,1382,1382,4566940,237051,237377,242979,243079,5.602000,5.928000
25,1710,1710,46ae942,255051,255377,269322,269422,13.945000,14.271000
25,4228,4228,5084941,272646,272972,289149,289249,16.177000,16.503000
25,3684,3684,4e64941,329051,329385,345208,345308,15.823000,16.157000
25,969,969,43c9942,359051,359377,365828,365928,6.451000,6.777000
25,2340,2340,4924943,388051,388385,403034,403134,14.649000,14.983000
25,2123,2123,484b943,412051,412385,425889,425989,13.504000,13.838000
25,3910,3910,4f46942,420942,421268,431338,431438,10.070000,10.396000
25,1317,1317,4525942,425051,425385,445897,445997,20.512000,20.846000
25,2525,2525,49dd943,445051,445377,467403,467503,22.026000,22.352000
25,4651,4651,522b942,504051,504385,512809,512910,8.424000,8.758000
25,2665,2665,4a69941,509051,509385,518261,518362,8.876000,9.210000
25,4544,4544,51c0941,649051,649377,670146,670246,20.769000,21.095000
25,3983,3983,4f8f942,663051,663377,674349,674449,10.972000,11.298000
25,7061,7061,5b95942,759672,759998,768160,768260,8.162000,8.488000
25,6315,6315,58ab941,782051,782385,801136,801236,18.751000,19.085000
25,4174,4174,504e942,877051,877377,897913,898013,20.536000,20.862000
25,6441,6441,5929941,964402,964736,981850,981950,17.114000,17.448000
25,8474,8474,611a943,994051,994385,1006048,1006148,11.663000,11.997000
25,7667,7667,5df3940,1016409,1016743,1033177,1033278,16.434000,16.768000
25,6821,6821,5aa5940,1021051,1021377,1038692,1038791,17.315000,17.641000
25,7297,7297,5c81942,1000051,1000385,1044205,1044305,43.820000,44.154000
25,7103,7103,5bbf941,1058051,1058385,1079037,1079137,20.652000,20.986000
25,5839,5839,56cf941,1106051,1106385,1129833,1129933,23.448000,23.782000
25,7572,7572,5d94941,1185051,1185377,1204569,1204669,19.192000,19.518000
25,10396,10396,689c942,1313051,1313377,1321655,1321755,8.278000,8.604000
25,5947,5947,573b943,1358051,1358385,1364081,1364181,5.696000,6.030000
25,10869,10869,6a75940,1354051,1354385,1381274,1381374,26.889000,27.223000
25,9004,9004,632c940,1361418,1361752,1397771,1397871,36.019000,36.353000
25,7795,7795,5e73940,1475051,1475377,1482784,1482884,7.407000,7.733000
25,9645,9645,65ad943,1534051,1534385,1551404,1551504,17.019000,17.353000
25,10501,10501,6905941,1774051,1774377,1783454,1783554,9.077000,9.403000
25,9553,9553,6551942,1800051,1800385,1817095,1817195,16.710000,17.044000
25,8127,8127,5fbf941,2022051,2022377,2036679,2036779,14.302000,14.628000
25,10837,10837,6a55941,2728439,2728773,2736233,2736333,7.460000,7.794000
26,190,190,40be943,26051,26385,45882,45982,19.497000,19.831000
26,251,251,40fb941,52051,52385,59826,59926,7.441000,7.775000
26,1763,1763,46e3942,106051,106377,115431,115531,9.054000,9.380000
26,458,458,41ca942,132051,132385,138838,138938,6.453000,6.787000
26,981,981,43d5941,204051,204377,222269,222369,17.892000,18.218000
26,1737,1737,46c9940,263051,263377,276526,276626,13.149000,13.475000
26,2484,2484,49b4941,263051,263377,281845,281945,18.468000,18.794000
26,1253,1253,44e5940,287051,287377,292986,293086,5.609000,5.935000
26,2707,2707,4a93943,353051,353385,383370,383470,29.985000,30.319000
26,2276,2276,48e4942,388051,388385,396638,396738,8.253000,8.587000
26,1844,1844,4734941,464051,464385,476034,476134,11.649000,11.983000
26,3876,3876,4f24943,522050,522377,530667,530767,8.290000,8.617000
26,5398,5398,5516943,664439,664773,677589,677689,12.816000,13.150000
26,5517,5517,558d943,696051,696377,710580,710680,14.203000,14.529000
26,6490,6490,595a943,760051,760377,795236,795336,34.859000,35.185000
26,6567,6567,59a7940,890051,890377,901581,901681,11.204000,11.530000
26,8026,8026,5f5a943,903395,903721,920225,920325,16.504000,16.830000
26,4744,4744,5288941,959051,959377,982184,982284,22.807000,23.133000
26,8903,8903,62c7942,1005051,1005385,1016246,1016346,10.861000,11.195000
26,8464,8464,6110942,1003051,1003377,1021740,1021840,18.363000,18.689000
26,4248,4248,5098942,1019051,1019385,1032676,1032776,13.291000,13.625000
26,8505,8505,6139943,1006051,1006377,1041376,1041475,34.999000,35.325000
26,4801,4801,52c1942,1105051,1105385,1122438,1122538,17.053000,17.387000
26,7818,7818,5e8a941,1125051,1125385,1136281,1136381,10.896000,11.230000
26,9153,9153,63c1943,1134051,1134377,1143538,1143638,9.161000,9.487000
26,5175,5175,5437942,1198051,1198385,1210129,1210229,11.744000,12.078000
26,8224,8224,6020943,1217051,1217377,1226504,1226604,9.127000,9.453000
26,5331,5331,54d3942,1249051,1249385,1267703,1267803,18.318000,18.652000
26,8952,8952,62f8941,1255051,1255377,1273223,1273323,17.846000,18.172000
26,8997,8997,6325940,1279051,1279377,1306690,1306790,27.313000,27.639000
26,6411,6411,590b941,1324051,1324385,1332669,1332769,8.284000,8.618000
26,5374,5374,54fe941,1337051,1337377,1344714,1344814,7.337000,7.663000
26,9469,9469,64fd943,1352051,1352377,1365833,1365933,13.456000,13.782000
26,7351,7351,5cb7943,1380051,1380385,1386020,1386120,5.635000,5.969000
26,6996,6996,5b54940,1438051,1438385,1457288,1457388,18.903000,19.237000
26,9911,9911,66b7942,1498439,1498773,1507935,1508035,9.162000,9.496000
26,8736,8736,6220943,1563051,1563377,1590963,1591063,27.586000,27.912000
26,9389,9389,64ad943,1573051,1573377,1601970,1602070,28.593000,28.919000
26,7204,7204,5c24943,1660051,1660377,1670453,1670553,10.076000,10.402000
26,9585,9585,6571942,1724051,1724377,1738017,1738117,13.640000,13.966000
26,8599,8599,6197940,1732051,1732385,1748978,1749078,16.593000,16.927000
26,10994,10994,6af2941,1724424,1724750,1754443,1754543,29.693000,30.019000
26,10490,10490,68fa940,1837051,1837385,1857009,1857109,19.624000,19.958000
26,10124,10124,678c942,1840051,1840385,1862532,1862632,22.147000,22.481000
26,10311,10311,6847940,1854051,1854377,1873594,1873694,19.217000,19.543000
26,10366,10366,687e942,2091051,2091385,2102250,2102350,10.865000,11.199000
26,10442,10442,68ca943,2791051,2791377,2803115,2803215,11.738000,12.064000
27,253,253,40fd940,37051,37385,49294,49394,11.909000,12.243000
27,362,362,416a943,45431,45757,68565,68665,22.808000,23.134000
27,82,82,4052940,75051,75385,100297,100397,24.912000,25.246000
27,1063,1063,4427942,100338,100664,105385,105485,4.721000,5.047000
27,774,774,4306941,210051,210385,227923,228023,17.538000,17.872000
27,2197,2197,4895941,275051,275377,317284,317384,41.907000,42.233000
27,2262,2262,48d6940,442592,442918,447736,447836,4.818000,5.144000
27,2836,2836,4b14941,443051,443385,477853,477953,34.468000,34.802000
27,5129,5129,5409943,487431,487757,498813,498913,11.056000,11.382000
27,4740,4740,5284943,513050,513377,533715,533815,20.338000,20.665000
27,3701,3701,4e75942,523050,523385,553020,553120,29.635000,29.970000
27,4549,4549,51c5943,542051,542377,558487,558587,16.110000,16.436000
27,2498,2498,49c2941,549416,549750,563991,564091,14.241000,14.575000
27,3377,3377,4d31943,566051,566385,598964,599064,32.579000,32.913000
27,3705,3705,4e79942,587051,587385,617187,617287,29.802000,30.136000
27,3502,3502,4dae941,701051,701377,707932,708032,6.555000,6.881000
27,2594,2594,4a22940,701051,701377,715776,715876,14.399000,14.725000
27,4555,4555,51cb940,698051,698385,740832,740932,42.447000,42.781000
27,4452,4452,5164940,750051,750385,756808,756908,6.423000,6.757000
27,4751,4751,528f940,784635,784961,798523,798623,13.562000,13.888000
27,4532,4532,51b4940,812051,812377,825916,826016,13.539000,13.865000
27,5209,5209,5459942,820051,820377,838267,838367,17.890000,18.216000
27,6384,6384,58f0941,861051,861385,879681,879781,18.296000,18.630000
27,7805,7805,5e7d942,883051,883385,890751,890851,7.366000,7.700000
27,6547,6547,5993943,967051,967385,984697,984797,17.312000,17.646000
27,5687,5687,5637940,982076,982402,990070,990170,7.668000,7.994000
27,5086,5086,53de941,976051,976385,1005773,1005873,29.388000,29.722000
27,9935,9935,66cf942,1109051,1109377,1146550,1146650,37.173000,37.499000
27,4360,4360,5108942,1197051,1197377,1209073,1209173,11.696000,12.022000
27,8057,8057,5f79943,1301051,1301385,1321805,1321905,20.420000,20.754000
27,5677,5677,562d941,1309051,1309377,1327166,1327266,17.789000,18.115000
27,7733,7733,5e35941,1339051,1339385,1348776,1348876,9.391000,9.725000
27,9412,9412,64c4943,1381051,1381385,1399435,1399535,18.050000,18.384000
27,10817,10817,6a41942,1416051,1416377,1423772,1423872,7.395000,7.721000
27,9243,9243,641b942,1418051,1418377,1442710,1442810,24.333000,24.659000
27,8331,8331,608b942,1434439,1434773,1446883,1446983,12.110000,12.444000
27,8788,8788,6254940,1418051,1418377,1464709,1464809,46.332000,46.658000
27,8980,8980,6314942,1401051,1401385,1470279,1470379,68.894000,69.228000
27,7088,7088,5bb0940,1455051,1455377,1492018,1492118,36.641000,36.967000
27,8572,8572,617c940,1542051,1542385,1557097,1557197,14.712000,15.046000
27,8887,8887,62b7940,1622051,1622385,1637460,1637560,15.075000,15.409000
27,10347,10347,686b940,1985051,1985385,2000472,2000572,15.087000,15.421000
27,8696,8696,61f8943,2061051,2061377,2066071,2066171,4.694000,5.020000
27,10928,10928,6ab0943,2494051,2494385,2505200,2505300,10.815000,11.149000
28,592,592,4250940,32804,33138,38736,38836,5.598000,5.932000
28,470,470,41d6943,81051,81385,89740,89840,8.355000,8.689000
28,635,635,427b943,99051,99377,123226,123326,23.849000,24.175000
28,3177,3177,4c69941,138299,138625,167580,167680,28.955000,29.281000
28,1558,1558,4616942,166051,166377,172019,172119,5.642000,5.968000
28,249,249,40f9943,208402,208736,233912,234012,25.176000,25.510000
28,785,785,4311940,231051,231385,239273,239373,7.888000,8.222000
28,1287,1287,4507940,241051,241385,271948,272048,30.563000,30.897000
28,1722,1722,46ba940,269051,269385,291896,291996,22.511000,22.845000
28,1523,1523,45f3942,399395,399721,407603,407703,7.882000,8.208000
28,2393,2393,4959940,383051,383385,415245,415345,31.860000,32.194000
28,2244,2244,48c4942,415051,415377,425384,425484,10.007000,10.333000
28,2176,2176,4880941,444051,444385,453495,453595,9.110000,9.444000
28,4295,4295,50c7942,447051,447385,464483,464583,17.098000,17.432000
28,3504,3504,4db0940,470416,470750,479024,479124,8.274000,8.608000
28,2256,2256,48d0942,472557,472883,496896,496996,24.013000,24.339000
28,3481,3481,4d99942,568375,568701,592347,592447,23.646000,23.972000
28,1697,1697,46a1943,593051,593377,605639,605739,12.262000,12.588000
28,3154,3154,4c52942,719051,719377,727605,727705,8.228000,8.554000
28,8013,8013,5f4d940,778051,778385,816238,816338,37.853000,38.187000
28,5643,5643,560b940,822051,822385,832374,832474,9.989000,10.323000
28,7804,7804,5e7c942,838439,838765,848546,848646,9.781000,10.107000
28,4172,4172,504c942,830051,830385,865067,865167,34.682000,35.016000
28,6676,6676,5a14943,842051,842377,870593,870693,28.216000,28.542000
28,7030,7030,5b76940,932051,932385,942290,942390,9.905000,10.239000
28,5188,5188,5444940,945051,945385,974197,974297,28.812000,29.146000
28,5931,5931,572b943,1029051,1029377,1045561,1045661,16.184000,16.510000
28,7167,7167,5bff941,1072051,1072385,1079797,1079897,7.412000,7.746000
28,10332,10332,685c941,1112051,1112377,1144783,1144883,32.406000,32.732000
28,5609,5609,55e9940,1138051,1138385,1161135,1161235,22.750000,23.084000
28,6877,6877,5add942,1184051,1184385,1190912,1191012,6.527000,6.861000
28,3397,3397,4d45943,1240051,1240377,1261519,1261619,21.142000,21.468000
28,6928,6928,5b10943,1251051,1251377,1284373,1284473,32.996000,33.322000
28,5994,5994,576a942,1417051,1417385,1433178,1433278,15.793000,16.127000
28,8344,8344,6098941,1429439,1429765,1438729,1438829,8.964000,9.290000
28,8337,8337,6091942,1410051,1410385,1444225,1444325,33.840000,34.174000
28,10430,10430,68be943,1585051,1585385,1594475,1594575,9.090000,9.424000
28,7057,7057,5b91940,1608051,1608377,1619217,1619317,10.840000,11.166000
28,8414,8414,60de942,1605051,1605385,1624768,1624868,19.383000,19.717000
28,9922,9922,66c2943,1606051,1606385,1630264,1630364,23.879000,24.213000
28,10104,10104,6778943,1710051,1710377,1721272,1721372,10.895000,11.221000
28,7997,7997,5f3d943,1785453,1785779,1794096,1794196,8.317000,8.643000
28,10986,10986,6aea942,1792051,1792385,1808553,1808653,16.168000,16.502000
28,10575,10575,694f943,1798051,1798385,1814061,1814161,15.676000,16.010000
28,9579,9579,656b941,1833453,1833779,1848349,1848449,14.570000,14.896000
28,9939,9939,66d3942,1887051,1887377,1908782,1908882,21.405000,21.731000
28,8313,8313,6079943,1908051,1908385,1919788,1919888,11.403000,11.737000
28,10731,10731,69eb940,1924051,1924377,1948302,1948402,23.925000,24.251000
28,9401,9401,64b9941,2273051,2273377,2285102,2285202,11.725000,12.051000
28,7749,7749,5e45943,2360051,2360385,2367742,2367842,7.357000,7.691000
29,478,478,41de941,22051,22385,52956,53056,30.571000,30.905000
29,228,228,40e4943,58051,58377,70822,70922,12.445000,12.771000
29,128,128,4080942,62051,62377,105371,105471,42.994000,43.320000
29,143,143,408f942,116051,116377,121989,122089,5.612000,5.938000
29,578,578,4242940,112051,112385,127380,127480,14.995000,15.329000
29,211,211,40d3943,141051,141377,170153,170253,28.776000,29.102000
29,2117,2117,4845940,237051,237377,243852,243952,6.475000,6.801000
29,1206,1206,44b6940,219416,219750,272838,272938,53.088000,53.422000
29,2664,2664,4a68940,333732,334058,340521,340621,6.463000,6.789000
29,1623,1623,4657941,363051,363377,374235,374335,10.858000,11.184000
29,2868,2868,4b34943,425051,425377,444759,444859,19.382000,19.708000
29,1908,1908,4774940,457051,457385,481635,481735,24.250000,24.584000
29,8031,8031,5f5f941,496051,496377,510737,510837,14.360000,14.686000
29,2411,2411,496b943,516050,516377,522896,522996,6.519000,6.846000
29,3762,3762,4eb2942,542051,542385,547963,548063,5.578000,5.912000
29,3277,3277,4ccd941,554051,554377,581137,581237,26.760000,27.086000
29,4423,4423,5147942,581051,581377,586997,587097,5.620000,5.946000
29,2632,2632,4a48942,575051,575385,594235,594335,18.850000,19.184000
29,2718,2718,4a9e942,581453,581779,599732,599832,17.953000,18.279000
29,3014,3014,4bc6943,584051,584377,605268,605368,20.891000,21.217000
29,2809,2809,4af9942,608051,608385,629835,629935,21.450000,21.784000
29,4815,4815,52cf943,616051,616385,635323,635423,18.938000,19.272000
29,2922,2922,4b6a942,661051,661377,676028,676128,14.651000,14.977000
29,5788,5788,569c941,690051,690385,712933,713033,22.548000,22.882000
29,2241,2241,48c1941,708051,708385,717127,717227,8.742000,9.076000
29,2729,2729,4aa9940,728051,728377,770382,770482,42.005000,42.331000
29,6306,6306,58a2941,745051,745377,781360,781460,35.983000,36.309000
29,2311,2311,4907941,761051,761377,795749,795849,34.372000,34.698000
29,3792,3792,4ed0943,810051,810385,815994,816094,5.609000,5.943000
29,5717,5717,5655941,811108,811442,844487,844587,33.045000,33.379000
29,3635,3635,4e33943,858409,858743,869587,869687,10.844000,11.178000
29,8037,8037,5f65943,853051,853385,880600,880700,27.215000,27.549000
29,7049,7049,5b89941,1030051,1030377,1055226,1055326,24.849000,25.175000
29,7585,7585,5da1942,1043051,1043385,1071683,1071783,28.298000,28.632000
29,8541,8541,615d943,1129051,1129385,1147180,1147280,17.795000,18.129000
29,8275,8275,6053942,1154051,1154377,1167874,1167974,13.497000,13.823000
29,8632,8632,61b8943,1217051,1217377,1227355,1227455,9.978000,10.304000
29,5880,5880,56f8942,1317051,1317385,1325560,1325660,8.175000,8.509000
29,9557,9557,6555940,1359051,1359385,1373851,1373951,14.466000,14.800000
29,10237,10237,67fd943,1373734,1374068,1402343,1402443,28.275000,28.609000
29,8178,8178,5ff2943,1458051,1458377,1466619,1466719,8.242000,8.568000
29,9200,9200,63f0942,1440051,1440385,1472114,1472214,31.729000,32.063000
29,10137,10137,6799940,1435051,1435385,1479131,1479231,43.746000,44.080000
29,5883,5883,56fb940,1563051,1563385,1573387,1573487,10.002000,10.336000
29,7596,7596,5dac942,1587051,1587377,1595613,1595713,8.236000,8.562000
29,7397,7397,5ce5942,1601325,1601659,1609085,1609185,7.426000,7.760000
29,9459,9459,64f3941,1668051,1668377,1674840,1674940,6.463000,6.789000
29,7757,7757,5e4d941,1703732,1704066,1709624,1709724,5.558000,5.892000
29,8063,8063,5f7f943,1737051,1737377,1743844,1743944,6.467000,6.793000
29,9849,9849,6679940,1736051,1736385,1758288,1758388,21.903000,22.237000
29,6227,6227,5853943,1787051,1787385,1800833,1800933,13.448000,13.782000
29,10002,10002,6712943,1982051,1982377,1993239,1993339,10.862000,11.188000
30,314,314,413a942,30051,30385,43390,43490,13.005000,13.339000
30,631,631,4277943,66148,66474,81070,81170,14.596000,14.922000
30,234,234,40ea941,76051,76385,124833,124933,48.448000,48.782000
30,1860,1860,4744940,183051,183377,209038,209138,25.661000,25.987000
30,3010,3010,4bc2943,264051,264385,285244,285344,20.859000,21.193000
30,2448,2448,4990940,294051,294385,307003,307103,12.618000,12.952000
30,2588,2588,4a1c941,310889,311215,331707,331807,20.492000,20.818000
30,1104,1104,4450941,344051,344377,358239,358339,13.862000,14.188000
30,2424,2424,4978943,348409,348743,369236,369336,20.493000,20.827000
30,1960,1960,47a8943,357051,357377,374659,374759,17.282000,17.608000
30,2552,2552,49f8941,367051,367385,378888,378988,11.503000,11.837000
30,2941,2941,4b7d942,371051,371377,395335,395435,23.958000,24.284000
30,2650,2650,4a5a943,442051,442377,457509,457609,15.132000,15.458000
30,4239,4239,508f943,570051,570377,589846,589946,19.469000,19.795000
30,3312,3312,4cf0943,628155,628489,644014,644114,15.525000,15.859000
30,3755,3755,4eab941,652720,653046,685400,685500,32.354000,32.680000
30,5109,5109,53f5942,754051,754377,764363,764463,9.986000,10.312000
30,5078,5078,53d6942,779051,779385,801025,801125,21.640000,21.974000
30,8217,8217,6019942,870051,870385,887859,887959,17.474000,17.808000
30,5498,5498,557a943,982051,982385,992305,992405,9.920000,10.254000
30,6145,6145,5801941,1034051,1034385,1050717,1050817,16.332000,16.666000
30,7291,7291,5c7b942,1102051,1102377,1122394,1122494,20.017000,20.343000
30,9999,9999,670f942,1216051,1216385,1223736,1223836,7.351000,7.685000
30,7847,7847,5ea7940,1226051,1226377,1235920,1236020,9.543000,9.869000
30,7734,7734,5e36941,1242051,1242385,1258222,1258322,15.837000,16.171000
30,10639,10639,698f941,1251051,1251377,1263717,1263817,12.340000,12.666000
30,9748,9748,6614941,1269051,1269385,1295088,1295188,25.703000,26.037000
30,8086,8086,5f96940,1362442,1362776,1369278,1369378,6.502000,6.836000
30,10978,10978,6ae2941,1475453,1475779,1491977,1492077,16.198000,16.524000
30,9907,9907,66b3941,1508781,1509115,1518198,1518298,9.083000,9.417000
30,8131,8131,5fc3940,1502424,1502750,1522390,1522490,19.640000,19.966000
30,9761,9761,6621941,1560051,1560385,1573870,1573970,13.485000,13.819000
30,8957,8957,62fd941,1592051,1592377,1602613,1602713,10.236000,10.562000
30,9591,9591,6577942,1583171,1583505,1608345,1608445,24.840000,25.174000
30,7414,7414,5cf6942,1606789,1607115,1613899,1613999,6.784000,7.110000
30,10247,10247,6807940,1607416,1607750,1634674,1634774,26.924000,27.258000
30,6978,6978,5b42940,1625051,1625377,1643336,1643436,17.959000,18.285000
30,7459,7459,5d23941,1646051,1646385,1663907,1664007,17.522000,17.856000
30,7810,7810,5e82943,1766051,1766385,1790523,1790623,24.138000,24.472000
30,9688,9688,65d8943,1846051,1846385,1861623,1861723,15.238000,15.572000
30,10049,10049,6741942,1885051,1885385,1905660,1905760,20.275000,20.609000
30,10437,10437,68c5942,2065051,2065385,2087642,2087743,22.257000,22.591000
30,8843,8843,628b943,2215051,2215377,2222707,2222807,7.330000,7.656000
31,1978,1978,47ba943,147051,147385,153862,153962,6.477000,6.811000
31,1007,1007,43ef942,170051,170385,191208,191308,20.823000,21.157000
31,3205,3205,4c85943,200051,200377,232086,232186,31.709000,32.035000
31,1035,1035,440b943,232051,232385,240644,240744,8.259000,8.593000
31,375,375,4177940,218051,218385,254984,255084,36.599000,36.933000
31,2363,2363,493b941,264051,264385,273497,273597,9.112000,9.446000
31,1486,1486,45ce943,343051,343377,354022,354122,10.645000,10.971000
31,1261,1261,44ed940,382051,382385,392297,392397,9.912000,10.246000
31,1610,1610,464a942,404783,405117,409834,409934,4.717000,5.051000
31,4232,4232,5088942,430051,430385,443903,444003,13.518000,13.852000
31,2937,2937,4b79941,421051,421377,458293,458393,36.916000,37.242000
31,2319,2319,490f942,466051,466377,482283,482383,15.906000,16.232000
31,1379,1379,4563941,479051,479377,488485,488585,9.108000,9.434000
31,1285,1285,4505941,528051,528385,548057,548157,19.672000,20.006000
31,3117,3117,4c2d943,616051,616385,634007,634107,17.622000,17.956000
31,5869,5869,56ed941,649051,649377,658459,658559,9.082000,9.408000
31,3711,3711,4e7f942,655051,655385,680289,680389,24.904000,25.238000
31,6034,6034,5792943,743051,743385,771973,772073,28.588000,28.922000
31,5411,5411,5523940,770446,770780,790807,790907,20.027000,20.361000
31,3966,3966,4f7e942,785051,785385,837825,837925,52.440000,52.774000
31,7405,7405,5ced943,888051,888377,915978,916078,27.601000,27.927000
31,3187,3187,4c73943,911051,911377,921338,921438,9.961000,10.287000
31,5496,5496,5578941,937051,937385,951430,951530,14.045000,14.379000
31,6522,6522,597a941,991051,991377,1001325,1001425,9.948000,10.274000
31,5038,5038,53ae942,1039051,1039385,1048473,1048572,9.088000,9.422000
31,6484,6484,5954942,1102051,1102385,1117356,1117456,14.971000,15.305000
31,6890,6890,5aea943,1250051,1250377,1259456,1259556,9.079000,9.405000
31,3846,3846,4f06940,1249051,1249377,1270393,1270493,21.016000,21.342000
31,9206,9206,63f6943,1273051,1273377,1292118,1292218,18.741000,19.067000
31,4594,4594,51f2940,1363051,1363377,1379257,1379357,15.880000,16.206000
31,7387,7387,5cdb943,1371051,1371385,1384743,1384843,13.358000,13.692000
31,7118,7118,5bce942,1440051,1440385,1448574,1448674,8.189000,8.523000
31,10258,10258,6812943,1456051,1456385,1463685,1463785,7.300000,7.634000
31,7777,7777,5e61940,1458051,1458385,1473668,1473768,15.283000,15.617000
31,7723,7723,5e2b943,1495051,1495385,1507945,1508045,12.560000,12.894000
31,8506,8506,613a943,1588051,1588377,1594816,1594916,6.439000,6.765000
31,6864,6864,5ad0943,1630051,1630385,1637743,1637843,7.358000,7.692000
31,10044,10044,673c941,1675051,1675385,1686418,1686518,11.033000,11.367000
31,9765,9765,6625940,1700051,1700385,1715362,1715462,14.977000,15.311000
31,7540,7540,5d74942,1693051,1693385,1720882,1720982,27.497000,27.831000
31,6772,6772,5a74943,1863051,1863385,1883383,1883483,19.998000,20.332000
31,8646,8646,61c6941,2204051,2204377,2219618,2219718,15.241000,15.567000
31,8152,8152,5fd8943,2385051,2385377,2390121,2390221,4.744000,5.070000
32,331,331,414b942,84051,84385,112139,112239,27.754000,28.088000
32,610,610,4262942,97051,97385,123034,123134,25.649000,25.983000
32,188,188,40bc942,105051,105377,128531,128631,23.154000,23.480000
32,517,517,4205942,94051,94377,132765,132865,38.388000,38.714000
32,1201,1201,44b1943,112446,112780,139351,139451,26.571000,26.905000
32,976,976,43d0943,138051,138377,180201,180301,41.824000,42.150000
32,1865,1865,4749942,313051,313385,337012,337112,23.627000,23.961000
32,4205,4205,506d942,307051,307385,342513,342613,35.128000,35.462000
32,4851,4851,52f3942,376051,376377,383790,383890,7.413000,7.739000
32,4930,4930,5342942,494051,494385,513365,513465,18.980000,19.314000
32,3778,3778,4ec2940,505828,506154,546098,546198,39.944000,40.270000
32,4823,4823,52d7940,593051,593377,603351,603451,9.974000,10.300000
32,3400,3400,4d48943,621051,621385,637532,637632,16.147000,16.481000
32,4218,4218,507a943,623051,623385,644598,644698,21.213000,21.547000
32,6160,6160,5810941,646051,646377,671727,671827,25.350000,25.676000
32,2426,2426,497a940,659051,659377,682699,682799,23.322000,23.648000
32,4973,4973,536d940,665051,665385,688173,688273,22.788000,23.122000
32,2598,2598,4a26941,718051,718385,723096,723196,4.711000,5.045000
32,5136,5136,5410942,733051,733377,765229,765329,31.852000,32.178000
32,5929,5929,5729941,790448,790774,825205,825305,34.431000,34.757000
32,6593,6593,59c1942,799051,799377,833748,833848,34.371000,34.697000
32,6936,6936,5b18940,807051,807377,837933,838033,30.556000,30.882000
32,4611,4611,5203943,884995,885329,900428,900528,15.099000,15.433000
32,3602,3602,4e12942,949051,949385,972256,972356,22.871000,23.205000
32,6636,6636,59ec942,970051,970377,983072,983172,12.695000,13.021000
32,5487,5487,556f941,953051,953385,993397,993497,40.012000,40.346000
32,4115,4115,5013941,995051,995377,1000121,1000221,4.744000,5.070000
32,3999,3999,4f9f940,1017051,1017385,1022096,1022196,4.711000,5.045000
32,7251,7251,5c53941,1066425,1066759,1076706,1076806,9.947000,10.281000
32,5819,5819,56bb941,1106051,1106377,1111938,1112038,5.561000,5.887000
32,5104,5104,53f0943,1092051,1092385,1117298,1117398,24.913000,25.247000
32,7258,7258,5c5a940,1109051,1109377,1122620,1122720,13.243000,13.569000
32,7114,7114,5bca940,1105051,1105377,1133449,1133549,28.072000,28.398000
32,10555,10555,693b942,1164051,1164377,1175311,1175411,10.934000,11.260000
32,5846,5846,56d6943,1166051,1166385,1185976,1186076,19.591000,19.925000
32,9306,9306,645a943,1255051,1255377,1263646,1263746,8.269000,8.595000
32,6132,6132,57f4941,1237410,1237736,1268997,1269097,31.261000,31.587000
32,4556,4556,51cc941,1313051,1313385,1329972,1330072,16.587000,16.921000
32,8233,8233,6029941,1303051,1303385,1335551,1335651,32.166000,32.500000
32,4713,4713,5269940,1418051,1418385,1431997,1432097,13.612000,13.946000
32,5553,5553,55b1941,1469051,1469385,1498278,1498378,28.893000,29.227000
32,9310,9310,645e943,1463051,1463377,1507000,1507100,43.623000,43.949000
32,10950,10950,6ac6943,1527572,1527898,1554331,1554431,26.433000,26.759000
32,10272,10272,6820943,1547051,1547377,1565572,1565672,18.195000,18.521000
32,8385,8385,60c1940,1562051,1562377,1570942,1571042,8.565000,8.891000
32,10421,10421,68b5943,1691051,1691377,1699136,1699236,7.759000,8.085000
32,8852,8852,6294942,1721051,1721377,1735182,1735282,13.805000,14.131000
32,5352,5352,54e8943,1945051,1945377,1968929,1969029,23.552000,23.878000
32,7335,7335,5ca7942,1956051,1956377,1977185,1977285,20.808000,21.134000
32,10451,10451,68d3943,2050051,2050377,2078548,2078648,28.171000,28.497000
32,7850,7850,5eaa943,2109051,2109385,2122932,2123032,13.547000,13.881000
32,10898,10898,6a92943,2140051,2140377,2175946,2176046,35.569000,35.895000
32,10996,10996,6af4943,2145439,2145773,2181489,2181589,35.716000,36.050000
33,641,641,4281940,120051,120377,126018,126118,5.641000,5.967000
33,894,894,437e943,154051,154385,168712,168812,14.327000,14.661000
33,1012,1012,43f4941,210051,210377,216020,216120,5.643000,5.969000
33,1444,1444,45a4943,210051,210377,232072,232172,21.695000,22.021000
33,671,671,429f943,307051,307377,320439,320539,13.062000,13.388000
33,4383,4383,511f941,296051,296377,325898,325998,29.521000,29.847000
33,1877,1877,4755942,330051,330377,341638,341738,11.261000,11.587000
33,2735,2735,4aaf941,397599,397933,438062,438162,40.129000,40.463000
33,3516,3516,4dbc943,439051,439385,454380,454480,14.995000,15.329000
33,5595,5595,55db942,407051,407377,465278,465378,57.901000,58.227000
33,3263,3263,4cbf940,536051,536377,547326,547426,10.949000,11.275000
33,2899,2899,4b53940,560051,560385,570101,570201,9.716000,10.050000
33,7202,7202,5c22942,568051,568385,577884,577984,9.499000,9.833000
33,2085,2085,4825941,567051,567377,583273,583373,15.896000,16.222000
33,4730,4730,527a942,677051,677377,687308,687408,9.931000,10.257000
33,2304,2304,4900941,674051,674385,692783,692883,18.398000,18.732000
33,2523,2523,49db943,684051,684377,709789,709889,25.412000,25.738000
33,5612,5612,55ec943,736287,736621,742284,742384,5.663000,5.997000
33,5433,5433,5539942,731826,732152,749179,749279,17.027000,17.353000
33,6357,6357,58d5942,822051,822385,832440,832540,10.055000,10.389000
33,7887,7887,5ecf941,839051,839377,845828,845928,6.451000,6.777000
33,2705,2705,4a91943,835051,835377,858471,858571,23.094000,23.420000
33,6346,6346,58ca940,911051,911385,922239,922339,10.854000,11.188000
33,6546,6546,5992941,927051,927385,932120,932220,4.735000,5.069000
33,4685,4685,524d941,924051,924377,936329,936429,11.952000,12.278000
33,6973,6973,5b3d941,1029051,1029385,1038562,1038663,9.177000,9.511000
33,6542,6542,598e940,1137051,1137377,1176500,1176600,39.123000,39.449000
33,4473,4473,5179943,1193051,1193385,1199880,1199980,6.495000,6.829000
33,7858,7858,5eb2943,1172354,1172680,1205281,1205381,32.601000,32.927000
33,7225,7225,5c39941,1190051,1190385,1217761,1217861,27.376000,27.710000
33,7265,7265,5c61940,1231051,1231385,1247450,1247550,16.065000,16.399000
33,7410,7410,5cf2943,1221051,1221385,1257005,1257105,35.620000,35.954000
33,9725,9725,65fd942,1292051,1292377,1301293,1301393,8.916000,9.242000
33,7146,7146,5bea943,1299782,1300116,1311074,1311174,10.958000,11.292000
33,4455,4455,5167942,1373051,1373377,1385205,1385305,11.828000,12.154000
33,7517,7517,5d5d940,1357051,1357385,1390749,1390849,33.364000,33.698000
33,8634,8634,61ba942,1374051,1374385,1402002,1402102,27.617000,27.951000
33,10713,10713,69d9941,1469051,1469377,1488371,1488471,18.994000,19.320000
33,7645,7645,5ddd941,1553805,1554139,1565255,1565355,11.116000,11.450000
33,7548,7548,5d7c940,1554051,1554385,1599078,1599178,44.693000,45.027000
33,10376,10376,6888941,1610051,1610385,1617726,1617826,7.341000,7.675000
33,9958,9958,66e6941,1619051,1619385,1629584,1629684,10.199000,10.533000
33,7141,7141,5be5943,1655051,1655385,1669477,1669577,14.092000,14.426000
33,8501,8501,6135941,1732424,1732750,1737469,1737569,4.719000,5.045000
33,8435,8435,60f3940,1747051,1747377,1755594,1755694,8.217000,8.543000
33,9124,9124,63a4943,1812051,1812377,1826461,1826561,14.084000,14.410000
33,8370,8370,60b2943,1913051,1913385,1935058,1935158,21.673000,22.007000
33,9896,9896,66a8943,1977051,1977385,1992420,1992520,15.035000,15.369000
33,9420,9420,64cc942,2087430,2087756,2111180,2111280,23.424000,23.750000
33,10583,10583,6957943,2117051,2117377,2140067,2140167,22.690000,23.016000
33,8497,8497,6131940,2249051,2249377,2259391,2259491,10.014000,10.340000
34,486,486,41e6941,25416,25742,33990,34090,8.248000,8.574000
34,277,277,4115942,44051,44385,55995,56095,11.610000,11.944000
34,604,604,425c940,80051,80385,86905,87005,6.520000,6.854000
34,940,940,43ac943,84051,84385,108884,108984,24.499000,24.833000
34,1578,1578,462a940,187051,187385,198843,198943,11.458000,11.792000
34,1243,1243,44db943,191051,191377,204298,204398,12.921000,13.247000
34,2435,2435,4983942,198051,198377,215125,215225,16.748000,17.074000
34,936,936,43a8940,214051,214385,219987,220087,5.602000,5.936000
34,582,582,4246941,223051,223377,231430,231530,8.053000,8.379000
34,2260,2260,48d4940,257051,257385,278560,278660,21.175000,21.509000
34,1176,1176,4498940,246051,246385,284035,284135,37.650000,37.984000
34,1409,1409,4581942,338395,338721,355357,355457,16.636000,16.962000
34,3269,3269,4cc5941,444051,444385,462268,462368,17.883000,18.217000
34,3398,3398,4d46941,474051,474377,487036,487136,12.659000,12.985000
34,3538,3538,4dd2943,476051,476377,498742,498842,22.365000,22.691000
34,3028,3028,4bd4943,493051,493385,503200,503300,9.815000,10.149000
34,4004,4004,4fa4943,501051,501385,510338,510438,8.953000,9.287000
34,4860,4860,52fc940,601051,601385,627543,627643,26.158000,26.492000
34,3172,3172,4c64942,639051,639385,662486,662586,23.101000,23.435000
34,3768,3768,4eb8940,654051,654377,681412,681512,27.035000,27.361000
34,2795,2795,4aeb942,652051,652377,686921,687021,34.544000,34.870000
34,6202,6202,583a942,674051,674385,699753,699853,25.368000,25.702000
34,4019,4019,4fb3941,704051,704377,710087,710187,5.710000,6.036000
34,4536,4536,51b8942,724051,724385,743174,743274,18.789000,19.123000
34,4284,4284,50bc943,741051,741377,754165,754265,12.788000,13.114000
34,4962,4962,5362943,765051,765377,800983,801083,35.606000,35.932000
34,5632,5632,5600941,831418,831752,874035,874135,42.283000,42.617000
34,7080,7080,5ba8941,865051,865377,884795,884895,19.418000,19.744000
34,5325,5325,54cd942,881051,881385,890236,890336,8.851000,9.185000
34,6708,6708,5a34941,934051,934377,945397,945497,11.020000,11.346000
34,6941,6941,5b1d942,1158416,1158742,1173081,1173181,14.339000,14.665000
34,6726,6726,5a46943,1257051,1257385,1284654,1284754,27.269000,27.603000
34,9518,9518,652e941,1295051,1295377,1309337,1309437,13.960000,14.286000
34,7933,7933,5efd940,1351523,1351849,1371980,1372080,20.131000,20.457000
34,5490,5490,5572941,1447881,1448215,1455588,1455688,7.373000,7.707000
34,8642,8642,61c2943,1446051,1446377,1476898,1476998,30.521000,30.847000
34,9927,9927,66c7940,1468051,1468377,1481138,1481238,12.761000,13.087000
34,9253,9253,6425942,1482343,1482677,1491930,1492030,9.253000,9.587000
34,6133,6133,57f5942,1490438,1490764,1498052,1498152,7.288000,7.614000
34,7403,7403,5ceb940,1632418,1632752,1647952,1648052,15.200000,15.534000
34,9750,9750,6616940,1685051,1685385,1691958,1692058,6.573000,6.907000
34,8480,8480,6120940,1762247,1762581,1769138,1769238,6.557000,6.891000
34,10669,10669,69ad943,1760051,1760377,1782912,1783012,22.535000,22.861000
34,6599,6599,59c7941,1836051,1836377,1843689,1843789,7.312000,7.638000
34,10362,10362,687a941,1826453,1826779,1849556,1849656,22.777000,23.103000
34,7071,7071,5b9f941,1897395,1897721,1908195,1908295,10.474000,10.800000
34,9615,9615,658f943,1955762,1956096,1965307,1965407,9.211000,9.545000
34,8898,8898,62c2941,1984051,1984385,1993457,1993557,9.072000,9.406000
34,7559,7559,5d87941,2005051,2005377,2012729,2012829,7.352000,7.678000
34,10475,10475,68eb942,2077051,2077377,2089961,2090061,12.584000,12.910000
35,327,327,4147941,102051,102377,111796,111896,9.419000,9.745000
35,1088,1088,4440943,170051,170377,202922,203022,32.545000,32.871000
35,755,755,42f3941,207051,207377,213880,213980,6.503000,6.829000
35,472,472,41d8943,230051,230385,235952,236052,5.567000,5.901000
35,1723,1723,46bb942,233051,233385,254256,254356,20.871000,21.205000
35,1806,1806,470e943,344784,345118,359745,359845,14.627000,14.961000
35,1290,1290,450a941,381051,381377,391362,391462,9.985000,10.311000
35,1818,1818,471a940,398051,398377,409144,409244,10.767000,11.093000
35,3296,3296,4ce0943,407568,407894,413524,413624,5.630000,5.956000
35,1859,1859,4743940,526051,526377,535000,535100,8.623000,8.949000
35,4250,4250,509a943,607051,607377,626324,626424,18.947000,19.273000
35,5389,5389,550d942,670051,670377,679143,679243,8.766000,9.092000
35,3237,3237,4ca5943,738023,738349,747186,747286,8.837000,9.163000
35,2603,2603,4a2b940,739051,739385,751420,751520,12.035000,12.369000
35,6007,6007,5777942,757051,757385,765911,766011,8.526000,8.860000
35,6005,6005,5775942,731051,731377,771358,771458,39.981000,40.307000
35,4101,4101,5005940,796051,796377,808064,808164,11.687000,12.013000
35,5467,5467,555b941,813395,813729,821445,821545,7.716000,8.050000
35,7981,7981,5f2d942,813242,813576,825668,825768,12.092000,12.426000
35,3907,3907,4f43942,825051,825385,840078,840178,14.693000,15.027000
35,6185,6185,5829941,842051,842385,869071,869171,26.686000,27.020000
35,6729,6729,5a49940,931410,931736,949563,949663,17.827000,18.153000
35,6101,6101,57d5941,951051,951377,971072,971172,19.695000,20.021000
35,4127,4127,501f943,993051,993377,1004139,1004239,10.762000,11.088000
35,8211,8211,6013942,991051,991385,1009511,1009611,18.126000,18.460000
35,4648,4648,5228940,984051,984385,1014845,1014945,30.460000,30.794000
35,7741,7741,5e3d941,1062395,1062721,1069315,1069415,6.594000,6.920000
35,8326,8326,6086940,1070395,1070721,1081110,1081210,10.389000,10.715000
35,7255,7255,5c57942,1116453,1116779,1121524,1121624,4.745000,5.071000
35,6297,6297,5899940,1152051,1152385,1170282,1170382,17.897000,18.231000
35,4036,4036,4fc4940,1195051,1195377,1222874,1222974,27.497000,27.823000
35,10889,10889,6a89942,1226051,1226377,1233590,1233690,7.213000,7.539000
35,9360,9360,6490941,1230051,1230377,1239489,1239589,9.112000,9.438000
35,7199,7199,5c1f941,1233051,1233385,1247124,1247224,13.739000,14.073000
35,6678,6678,5a16942,1283051,1283377,1303416,1303516,20.039000,20.365000
35,5836,5836,56cc942,1337051,1337377,1342950,1343050,5.573000,5.899000
35,8247,8247,6037941,1404051,1404385,1417915,1418015,13.530000,13.864000
35,8228,8228,6024940,1439051,1439385,1449411,1449511,10.026000,10.360000
35,6859,6859,5acb940,1553051,1553377,1566829,1566929,13.452000,13.778000
35,9219,9219,6403940,1588051,1588385,1594055,1594155,5.670000,6.004000
35,9739,9739,660b943,1810051,1810385,1828519,1828619,18.134000,18.468000
35,10209,10209,67e1943,1945051,1945385,1960741,1960841,15.356000,15.690000
35,9071,9071,636f942,2094051,2094385,2101723,2101823,7.338000,7.672000
36,367,367,416f940,26051,26385,33840,33940,7.455000,7.789000
36,231,231,40e7940,36051,36385,41127,41227,4.742000,5.076000
36,1798,1798,4706940,86051,86385,92031,92131,5.646000,5.980000
36,627,627,4273940,90051,90377,111894,111994,21.517000,21.843000
36,74,74,404a942,188051,188377,195057,195157,6.680000,7.006000
36,3515,3515,4dbb941,201051,201385,211440,211540,10.055000,10.389000
36,711,711,42c7943,197618,197952,235245,235345,37.293000,37.627000
36,4359,4359,5107942,322051,322385,328895,328995,6.510000,6.844000
36,2748,2748,4abc940,342051,342385,358094,358194,15.709000,16.043000
36,1084,1084,443c943,382051,382385,398984,399084,16.599000,16.933000
36,2851,2851,4b23942,415051,415377,437763,437863,22.386000,22.712000
36,1607,1607,4647943,438051,438385,446601,446701,8.216000,8.550000
36,2744,2744,4ab8943,454051,454385,463462,463562,9.077000,9.411000
36,1694,1694,469e942,464051,464377,474388,474488,10.011000,10.337000
36,2607,2607,4a2f943,501051,501385,526430,526530,25.045000,25.379000
36,4508,4508,519c941,552051,552385,578829,578929,26.444000,26.778000
36,4665,4665,5239943,577051,577385,586519,586619,9.134000,9.468000
36,2109,2109,483d940,585051,585377,598727,598827,13.350000,13.676000
36,4506,4506,519a941,604051,604377,609150,609250,4.773000,5.099000
36,4283,4283,50bb940,610682,611016,622965,623065,11.949000,12.283000
36,2671,2671,4a6f941,668051,668377,687618,687718,19.241000,19.567000
36,9023,9023,633f941,690051,690377,704756,704856,14.379000,14.705000
36,3980,3980,4f8c943,719425,719759,727183,727283,7.424000,7.758000
36,4378,4378,511a943,726051,726377,743348,743448,16.971000,17.297000
36,3222,3222,4c96940,747051,747377,754224,754324,6.847000,7.173000
36,5195,5195,544b942,811051,811377,837598,837698,26.221000,26.547000
36,4798,4798,52be940,870051,870377,881568,881668,11.191000,11.517000
36,4051,4051,4fd3940,874051,874377,886921,887021,12.544000,12.870000
36,3886,3886,4f2e943,858051,858385,892319,892419,33.934000,34.268000
36,3206,3206,4c86942,920051,920385,946487,946587,26.102000,26.436000
36,8199,8199,6007943,945051,945385,956441,956541,11.056000,11.390000
36,4299,4299,50cb940,973051,973377,978137,978237,4.760000,5.086000
36,8494,8494,612e943,991051,991385,1005946,1006046,14.561000,14.895000
36,5876,5876,56f4940,1051051,1051385,1085087,1085187,33.702000,34.036000
36,7257,7257,5c59941,1109418,1109752,1127091,1127191,17.339000,17.673000
36,7653,7653,5de5941,1120425,1120751,1141142,1141242,20.391000,20.717000
36,9091,9091,6383943,1159051,1159385,1169841,1169941,10.456000,10.790000
36,6427,6427,591b940,1178051,1178377,1192197,1192297,13.820000,14.146000
36,4312,4312,50d8941,1222051,1222385,1236026,1236126,13.641000,13.975000
36,9484,9484,650c940,1270051,1270377,1279618,1279718,9.241000,9.567000
36,5545,5545,55a9940,1304051,1304385,1317205,1317305,12.820000,13.154000
36,7950,7950,5f0e940,1326842,1327176,1338993,1339093,11.817000,12.151000
36,6675,6675,5a13942,1355051,1355385,1377070,1377170,21.685000,22.019000
36,10493,10493,68fd940,1374416,1374742,1384032,1384132,9.290000,9.616000
36,8824,8824,6278942,1350467,1350793,1398015,1398115,47.222000,47.548000
36,7845,7845,5ea5943,1524051,1524377,1555254,1555354,30.877000,31.203000
36,9773,9773,662d943,1624051,1624377,1641418,1641518,17.041000,17.367000
36,10035,10035,6733941,1642051,1642377,1647160,1647260,4.783000,5.109000
36,8727,8727,6217940,1694051,1694385,1702634,1702734,8.249000,8.583000
36,10947,10947,6ac3943,1773244,1773578,1784591,1784691,11.013000,11.347000
36,10685,10685,69bd940,1850051,1850385,1855175,1855275,4.790000,5.124000
36,9650,9650,65b2940,1863051,1863377,1875156,1875256,11.779000,12.105000
36,7350,7350,5cb6942,2036051,2036385,2045476,2045576,9.091000,9.425000
36,9370,9370,649a943,2164431,2164757,2174761,2174861,10.004000,10.330000
36,6228,6228,5854941,2231051,2231377,2244109,2244209,12.732000,13.058000
37,322,322,4142943,41051,41385,53229,53329,11.844000,12.178000
37,460,460,41cc941,85395,85721,100666,100766,14.945000,15.271000
37,321,321,4141942,52051,52377,106028,106128,53.651000,53.977000
37,1118,1118,445e943,162051,162377,171378,171478,9.001000,9.327000
37,116,116,4074940,206051,206385,216462,216562,10.077000,10.411000
37,1934,1934,478e941,203772,204106,230317,230417,26.211000,26.545000
37,360,360,4168941,309051,309385,329348,329448,19.963000,20.297000
37,1987,1987,47c3941,307051,307385,340018,340118,32.633000,32.967000
37,2068,2068,4814943,475051,475385,485495,485595,10.110000,10.444000
37,2272,2272,48e0941,494051,494377,521411,521511,27.034000,27.360000
37,1387,1387,456b943,527051,527385,534776,534876,7.391000,7.725000
37,3203,3203,4c83941,611051,611385,627497,627597,16.112000,16.446000
37,4709,4709,5265943,764051,764385,771765,771865,7.380000,7.714000
37,4841,4841,52e9940,790051,790385,806889,806989,16.504000,16.838000
37,6570,6570,59aa943,809051,809377,831166,831266,21.789000,22.115000
37,6353,6353,58d1942,881051,881385,905953,906053,24.568000,24.902000
37,5775,5775,568f940,928051,928385,937501,937601,9.116000,9.450000
37,7342,7342,5cae941,1001051,1001385,1006964,1007064,5.579000,5.913000
37,7424,7424,5d00943,1007051,1007377,1018295,1018395,10.918000,11.244000
37,2907,2907,4b5b941,1012051,1012385,1023761,1023861,11.376000,11.710000
37,6237,6237,585d940,1042181,1042514,1058663,1058763,16.149000,16.482000
37,7679,7679,5dff943,1066424,1066750,1077011,1077111,10.261000,10.587000
37,8492,8492,612c941,1065051,1065385,1082844,1082944,17.459000,17.793000
37,10152,10152,67a8943,1168051,1168385,1176569,1176669,8.184000,8.518000
37,6276,6276,5884940,1173051,1173377,1185966,1186066,12.589000,12.915000
37,7347,7347,5cb3940,1215051,1215377,1225466,1225566,10.089000,10.415000
37,8261,8261,6045942,1270051,1270385,1276795,1276895,6.410000,6.744000
37,9270,9270,6436942,1298051,1298385,1312902,1313002,14.517000,14.851000
37,7926,7926,5ef6940,1317790,1318116,1323772,1323872,5.656000,5.982000
37,10375,10375,6887941,1392051,1392385,1400617,1400717,8.232000,8.566000
37,8995,8995,6323940,1433051,1433385,1460062,1460162,26.677000,27.011000
37,7250,7250,5c52942,1522051,1522385,1550543,1550643,28.158000,28.492000
37,7280,7280,5c70940,1560051,1560377,1566983,1567083,6.606000,6.932000
37,8430,8430,60ee943,1580051,1580385,1604375,1604475,23.990000,24.324000
37,8574,8574,617e940,1669051,1669377,1689037,1689137,19.660000,19.986000
37,8336,8336,6090940,1730051,1730377,1748822,1748922,18.445000,18.771000
37,8708,8708,6204941,1822051,1822385,1836904,1837004,14.519000,14.853000
38,797,797,431d940,53051,53385,70111,70211,16.726000,17.060000
38,435,435,41b3943,56051,56385,74309,74409,17.924000,18.258000
38,148,148,4094943,66051,66377,81703,81803,15.326000,15.652000
38,293,293,4125941,102051,102377,115716,115816,13.339000,13.665000
38,1630,1630,465e942,142051,142377,161535,161635,19.158000,19.484000
38,909,909,438d941,181051,181377,189573,189673,8.196000,8.522000
38,763,763,42fb940,188051,188377,200579,200679,12.202000,12.528000
38,161,161,40a1943,203051,203377,210693,210793,7.316000,7.642000
38,2405,2405,4965941,195416,195742,233662,233762,37.920000,38.246000
38,1240,1240,44d8943,264051,264377,283020,283120,18.643000,18.969000
38,5567,5567,55bf942,476051,476377,485546,485646,9.169000,9.495000
38,2160,2160,4870941,503051,503377,517860,517959,14.483000,14.809000
38,1855,1855,473f942,508051,508377,523387,523487,15.010000,15.336000
38,3453,3453,4d7d941,539051,539385,548505,548605,9.120000,9.454000
38,3225,3225,4c99941,516050,516385,553896,553996,37.511000,37.846000
38,1925,1925,4785940,525051,525377,572933,573033,47.556000,47.882000
38,3817,3817,4ee9943,605051,605377,617771,617871,12.394000,12.720000
38,2365,2365,493d941,617051,617385,625586,625686,8.201000,8.535000
38,3482,3482,4d9a942,617051,617377,653052,653152,35.675000,36.001000
38,2992,2992,4bb0940,804051,804377,813413,813513,9.036000,9.362000
38,4418,4418,5142940,872051,872377,901696,901796,29.319000,29.645000
38,4824,4824,52d8943,896051,896377,907019,907119,10.642000,10.968000
38,8683,8683,61eb942,989051,989385,998568,998668,9.183000,9.517000
38,6836,6836,5ab4942,970051,970377,1002710,1002810,32.333000,32.659000
38,10900,10900,6a94941,1020425,1020759,1040879,1040980,20.120000,20.454000
38,3432,3432,4d68941,1038051,1038377,1052333,1052433,13.956000,14.282000
38,7174,7174,5c06941,1042051,1042385,1057708,1057808,15.323000,15.657000
38,8762,8762,623a942,1084051,1084385,1093604,1093704,9.219000,9.553000
38,7863,7863,5eb7941,1123051,1123377,1129824,1129924,6.447000,6.773000
38,6787,6787,5a83941,1120051,1120385,1133982,1134082,13.597000,13.931000
38,4303,4303,50cf942,1125051,1125385,1138162,1138262,12.777000,13.111000
38,5682,5682,5632941,1079051,1079385,1143515,1143615,64.130000,64.464000
38,4407,4407,5137942,1143051,1143385,1164058,1164158,20.673000,21.007000
38,5210,5210,545a943,1163051,1163377,1172579,1172679,9.202000,9.528000
38,6308,6308,58a4940,1201051,1201377,1215096,1215196,13.719000,14.045000
38,6328,6328,58b8943,1203051,1203385,1231434,1231534,28.049000,28.383000
38,7420,7420,5cfc943,1308416,1308742,1317876,1317976,9.134000,9.460000
38,9734,9734,6606942,1425051,1425377,1446842,1446942,21.465000,21.791000
38,4747,4747,528b940,1459051,1459377,1465000,1465100,5.623000,5.949000
38,7235,7235,5c43940,1469051,1469377,1493522,1493622,24.145000,24.471000
38,9008,9008,6330940,1535051,1535377,1558172,1558272,22.795000,23.121000
38,8797,8797,625d940,1577051,1577377,1585572,1585672,8.195000,8.521000
38,7015,7015,5b67942,1579395,1579729,1592536,1592636,12.807000,13.141000
38,9685,9685,65d5943,1602453,1602779,1626202,1626302,23.423000,23.749000
38,7860,7860,5eb4941,1638051,1638377,1646641,1646741,8.264000,8.590000
38,7699,7699,5e13942,1699051,1699377,1714648,1714748,15.271000,15.597000
38,10709,10709,69d5941,1734051,1734385,1749689,1749789,15.304000,15.638000
38,8685,8685,61ed941,1790051,1790377,1803077,1803177,12.700000,13.026000
38,9002,9002,632a940,1805051,1805385,1815402,1815502,10.017000,10.351000
38,10107,10107,677b942,1836051,1836385,1849013,1849113,12.628000,12.962000
38,10732,10732,69ec942,1943051,1943377,1955233,1955333,11.856000,12.182000
38,10908,10908,6a9c942,1991416,1991742,2004372,2004472,12.630000,12.956000
38,10593,10593,6961941,2049051,2049377,2055939,2056040,6.562000,6.888000
38,10323,10323,6853941,2057051,2057385,2066523,2066622,9.138000,9.472000
39,236,236,40ec943,43051,43385,54183,54283,10.798000,11.132000
39,394,394,418a940,50051,50385,62473,62573,12.088000,12.422000
39,689,689,42b1943,134051,134377,146047,146147,11.670000,11.996000
39,1457,1457,45b1941,156051,156385,167283,167383,10.898000,11.232000
39,2615,2615,4a37942,241012,241346,253395,253495,12.049000,12.383000
39,3034,3034,4bda943,300051,300377,314468,314568,14.091000,14.417000
39,1018,1018,43fa940,336051,336385,357658,357758,21.273000,21.607000
39,1245,1245,44dd941,355051,355377,372643,372743,17.266000,17.592000
39,716,716,42cc942,372051,372385,379682,379782,7.297000,7.631000
39,2316,2316,490c941,474264,474598,485884,485984,11.286000,11.620000
39,2785,2785,4ae1942,476051,476385,509421,509521,33.036000,33.370000
39,1341,1341,453d942,543051,543377,559359,559459,15.982000,16.308000
39,1779,1779,46f3942,578051,578377,586569,586669,8.192000,8.518000
39,5887,5887,56ff942,713051,713385,720213,720313,6.828000,7.162000
39,2300,2300,48fc943,704051,704385,731057,731157,26.672000,27.006000
39,2854,2854,4b26940,713051,713385,736557,736657,23.172000,23.506000
39,7059,7059,5b93943,718051,718377,753057,753157,34.680000,35.006000
39,8940,8940,62ec941,947051,947377,958188,958288,10.811000,11.137000
39,6706,6706,5a32943,1095051,1095377,1103536,1103636,8.159000,8.485000
39,7938,7938,5f02943,1210051,1210377,1223396,1223496,13.019000,13.345000
39,8883,8883,62b3943,1252051,1252385,1258843,1258943,6.458000,6.792000
39,10052,10052,6744942,1263051,1263377,1272481,1272581,9.104000,9.430000
39,9455,9455,64ef942,1314051,1314385,1323973,1324073,9.588000,9.922000
39,9485,9485,650d943,1355051,1355385,1361798,1361898,6.413000,6.747000
39,7441,7441,5d11941,1367051,1367385,1387449,1387549,20.064000,20.398000
39,7307,7307,5c8b942,1461051,1461377,1487689,1487789,26.312000,26.638000
39,9759,9759,661f942,1520051,1520385,1543206,1543306,22.821000,23.155000
39,4705,4705,5261942,1677051,1677377,1690506,1690606,13.129000,13.455000
39,8262,8262,6046940,1710782,1711108,1724957,1725057,13.849000,14.175000
39,10681,10681,69b9943,1798051,1798377,1806658,1806758,8.281000,8.607000
39,6904,6904,5af8942,1822051,1822377,1837482,1837582,15.105000,15.431000
39,10126,10126,678e940,1927051,1927385,1940533,1940633,13.148000,13.482000
39,9826,9826,6662943,1980051,1980377,1989446,1989546,9.069000,9.395000
39,9137,9137,63b1942,2154051,2154377,2165189,2165289,10.812000,11.138000
40,12,12,400c943,33051,33385,50419,50519,17.034000,17.368000
40,422,422,41a6943,152051,152377,171167,171267,18.790000,19.116000
40,762,762,42fa943,205051,205385,216361,216461,10.976000,11.310000
40,179,179,40b3941,286051,286385,294988,295088,8.603000,8.937000
40,2933,2933,4b75943,367051,367377,393911,394011,26.534000,26.860000
40,2780,2780,4adc941,457051,457377,496921,497021,39.544000,39.870000
40,1572,1572,4624943,480051,480377,524365,524465,43.988000,44.314000
40,3608,3608,4e18940,532051,532385,541475,541575,9.090000,9.424000
40,6016,6016,5780940,529051,529385,553797,553897,24.412000,24.746000
40,2294,2294,48f6940,549051,549377,559282,559382,9.905000,10.231000
40,3046,3046,4be6942,601264,601598,609234,609334,7.636000,7.970000
40,3393,3393,4d41940,622051,622377,627155,627255,4.778000,5.104000
40,4376,4376,5118941,722051,722377,741155,741255,18.778000,19.104000
40,5999,5999,576f943,783051,783385,796347,796447,12.962000,13.296000
40,4746,4746,528a941,803453,803779,821026,821126,17.247000,17.573000
40,4982,4982,5376941,818051,818377,831957,832057,13.580000,13.906000
40,2382,2382,494e941,855051,855377,864491,864591,9.114000,9.440000
40,8670,8670,61de942,888051,888377,910693,910793,22.316000,22.642000
40,8038,8038,5f66940,1058051,1058385,1069242,1069342,10.857000,11.191000
40,6178,6178,5822941,1092051,1092377,1124054,1124154,31.677000,32.003000
40,6817,6817,5aa1943,1152051,1152385,1159696,1159796,7.311000,7.645000
40,7665,7665,5df1941,1195051,1195385,1203685,1203785,8.300000,8.634000
40,7544,7544,5d78940,1207051,1207377,1241831,1241931,34.454000,34.780000
40,5199,5199,544f941,1275051,1275385,1283671,1283771,8.286000,8.620000
40,7589,7589,5da5942,1261051,1261385,1289151,1289251,27.766000,28.100000
40,8359,8359,60a7942,1299425,1299759,1311529,1311629,11.770000,12.104000
40,9492,9492,6514941,1298551,1298885,1316986,1317086,18.101000,18.435000
40,7960,7960,5f18941,1352051,1352377,1378164,1378264,25.787000,26.113000
40,8499,8499,6133940,1425051,1425385,1441259,1441359,15.874000,16.208000
40,7492,7492,5d44942,1497051,1497377,1505009,1505109,7.632000,7.958000
40,9706,9706,65ea941,1545051,1545377,1560699,1560799,15.322000,15.648000
40,6179,6179,5823942,1579051,1579385,1595800,1595900,16.415000,16.749000
40,10946,10946,6ac2940,1588051,1588377,1600029,1600129,11.652000,11.978000
40,6017,6017,5781942,1598051,1598377,1611938,1612038,13.561000,13.887000
40,9983,9983,66ff940,1664051,1664385,1683684,1683784,19.299000,19.633000
40,9729,9729,6601943,1692051,1692377,1698859,1698959,6.482000,6.808000
40,9571,9571,6563943,1763051,1763377,1791768,1791868,28.391000,28.717000
40,7006,7006,5b5e943,1992051,1992377,2006213,2006313,13.836000,14.162000
40,10924,10924,6aac943,2016051,2016385,2024606,2024706,8.221000,8.555000
40,10657,10657,69a1942,2113051,2113385,2128588,2128688,15.203000,15.537000
40,10771,10771,6a13941,2168051,2168377,2177427,2177527,9.050000,9.376000
41,164,164,40a4942,41051,41385,51469,51569,10.084000,10.418000
41,90,90,405a940,112051,112377,126318,126418,13.941000,14.267000
41,2769,2769,4ad1941,109684,110018,136855,136955,26.837000,27.171000
41,1566,1566,461e942,196051,196385,218355,218455,21.970000,22.304000
41,1095,1095,4447943,210431,210757,222571,222671,11.814000,12.140000
41,3596,3596,4e0c943,320051,320377,338848,338948,18.471000,18.797000
41,4275,4275,50b3942,437193,437519,450516,450616,12.997000,13.323000
41,2668,2668,4a6c940,477416,477742,486229,486329,8.487000,8.813000
41,2351,2351,492f940,462051,462385,491697,491797,29.312000,29.646000
41,1858,1858,4742942,540439,540773,550758,550858,9.985000,10.319000
41,4428,4428,514c942,556051,556385,580181,580281,23.796000,24.130000
41,2861,2861,4b2d941,557051,557377,585665,585765,28.288000,28.614000
41,4954,4954,535a942,588051,588385,598548,598648,10.163000,10.497000
41,4710,4710,5266942,588051,588385,602720,602820,14.335000,14.669000
41,4147,4147,5033942,629115,629441,635896,635996,6.455000,6.781000
41,4220,4220,507c941,635051,635385,651064,651164,15.679000,16.013000
41,4496,4496,5190941,681717,682051,713521,713621,31.470000,31.804000
41,3871,3871,4f1f942,693051,693377,717711,717811,24.334000,24.660000
41,3479,3479,4d97941,693051,693385,727136,727236,33.751000,34.085000
41,3395,3395,4d43940,813051,813385,818961,819061,5.576000,5.910000
41,3272,3272,4cc8940,830051,830377,835087,835187,4.710000,5.036000
41,5610,5610,55ea943,834051,834377,846299,846399,11.922000,12.248000
41,5024,5024,53a0940,901051,901385,920106,920206,18.721000,19.055000
41,5506,5506,5582943,1005051,1005377,1021459,1021559,16.082000,16.408000
41,4970,4970,536a940,1024051,1024377,1036103,1036203,11.726000,12.052000
41,1849,1849,4739943,1033051,1033385,1060569,1060669,27.184000,27.518000
41,6458,6458,593a940,1046051,1046385,1065146,1065246,18.761000,19.095000
41,8239,8239,602f941,1066051,1066385,1087014,1087114,20.629000,20.963000
41,6861,6861,5acd942,1265051,1265377,1271851,1271951,6.474000,6.800000
41,8002,8002,5f42942,1277371,1277705,1292947,1293047,15.242000,15.576000
41,8479,8479,611f940,1288051,1288385,1307926,1308026,19.541000,19.875000
41,5963,5963,574b942,1392051,1392385,1402323,1402423,9.938000,10.272000
41,9149,9149,63bd940,1416051,1416385,1426352,1426452,9.967000,10.301000
41,8200,8200,6008940,1439051,1439385,1447610,1447710,8.225000,8.559000
41,7830,7830,5e96941,1545051,1545385,1562404,1562504,17.019000,17.353000
41,6780,6780,5a7c943,1581051,1581377,1595872,1595972,14.495000,14.821000
41,9304,9304,6458942,1583051,1583385,1601233,1601333,17.848000,18.182000
41,7270,7270,5c66942,1586051,1586377,1611757,1611857,25.380000,25.706000
41,10240,10240,6800942,1713418,1713752,1720382,1720482,6.630000,6.964000
41,9262,9262,642e940,1902051,1902377,1907939,1908039,5.562000,5.888000
41,9979,9979,66fb940,1911051,1911385,1924882,1924982,13.497000,13.831000
41,10341,10341,6865940,2019051,2019385,2028275,2028375,8.890000,9.224000
42,100,100,4064943,40051,40385,63162,63262,22.777000,23.111000
42,691,691,42b3942,72051,72385,82353,82453,9.968000,10.302000
42,1502,1502,45de942,72051,72377,93197,93297,20.820000,21.146000
42,667,667,429b941,139051,139385,153509,153609,14.124000,14.458000
42,2031,2031,47ef940,148051,148385,166544,166644,18.159000,18.493000
42,1098,1098,444a940,222051,222385,230570,230670,8.185000,8.519000
42,1758,1758,46de941,251051,251377,281159,281259,29.782000,30.108000
42,3518,3518,4dbe941,292051,292385,312952,313052,20.567000,20.901000
42,2166,2166,4876943,341051,341377,355474,355574,14.097000,14.423000
42,1931,1931,478b943,357051,357377,387994,388094,30.617000,30.943000
42,2129,2129,4851940,343051,343385,398893,398993,55.508000,55.842000
42,1081,1081,4439943,398051,398377,408481,408581,10.104000,10.430000
42,1669,1669,4685941,422051,422377,445912,446012,23.535000,23.861000
42,3650,3650,4e42942,486051,486377,510659,510759,24.282000,24.608000
42,1509,1509,45e5942,535051,535377,544436,544536,9.059000,9.385000
42,3243,3243,4cab942,562051,562385,574108,574208,11.723000,12.057000
42,2170,2170,487a943,663051,663385,682192,682292,18.807000,19.141000
42,3940,3940,4f64941,678051,678385,698695,698795,20.310000,20.644000
42,3856,3856,4f10942,774051,774385,779996,780096,5.611000,5.945000
42,2428,2428,497c940,776051,776385,800611,800711,24.226000,24.560000
42,5528,5528,5598943,797051,797385,806120,806220,8.735000,9.069000
42,5995,5995,576b942,829051,829385,837587,837687,8.202000,8.536000
42,4599,4599,51f7943,858439,858773,884095,884195,25.322000,25.656000
42,7462,7462,5d26943,933051,933385,948724,948824,15.339000,15.673000
42,4995,4995,5383942,989051,989385,1009967,1010067,20.582000,20.916000
42,7256,7256,5c58940,997051,997377,1026434,1026533,29.057000,29.383000
42,8815,8815,626f943,1026051,1026377,1040751,1040850,14.374000,14.700000
42,9413,9413,64c5942,1083051,1083385,1089795,1089895,6.410000,6.744000
42,7329,7329,5ca1941,1088051,1088385,1106889,1106989,18.504000,18.838000
42,7238,7238,5c46941,1142051,1142385,1169787,1169887,27.402000,27.736000
42,8732,8732,621c941,1178051,1178385,1192712,1192812,14.327000,14.661000
42,6131,6131,57f3942,1200051,1200377,1223934,1224034,23.557000,23.883000
42,6952,6952,5b28940,1203051,1203377,1229425,1229525,26.048000,26.374000
42,8600,8600,6198941,1233051,1233377,1239948,1240048,6.571000,6.897000
42,9457,9457,64f1941,1249051,1249377,1259329,1259429,9.952000,10.278000
42,9434,9434,64da942,1270051,1270377,1293987,1294087,23.610000,23.936000
42,6673,6673,5a11941,1314051,1314377,1337274,1337374,22.897000,23.223000
42,10010,10010,671a943,1562051,1562377,1584394,1584494,22.017000,22.343000
42,8612,8612,61a4943,1712051,1712377,1721398,1721498,9.021000,9.347000
42,10125,10125,678d941,1903051,1903385,1912445,1912545,9.060000,9.394000
42,10070,10070,6756943,1922051,1922377,1931473,1931573,9.096000,9.422000
42,6689,6689,5a21942,2071051,2071377,2090066,2090166,18.689000,19.015000
43,87,87,4057943,35051,35385,53889,53989,18.504000,18.838000
43,813,813,432d942,127051,127377,145556,145656,18.179000,18.505000
43,1857,1857,4741941,218051,218377,225791,225891,7.414000,7.740000
43,2072,2072,4818942,276051,276385,294284,294384,17.899000,18.233000
43,417,417,41a1942,299051,299385,311061,311161,11.676000,12.010000
43,1816,1816,4718940,422051,422385,435814,435914,13.429000,13.763000
43,2134,2134,4856942,548051,548377,555753,555853,7.376000,7.702000
43,2549,2549,49f5942,559051,559377,568552,568652,9.175000,9.501000
43,4876,4876,530c943,550051,550385,579552,579652,29.167000,29.501000
43,4286,4286,50be943,608051,608377,615831,615931,7.454000,7.780000
43,3026,3026,4bd2940,679051,679377,696321,696421,16.944000,17.270000
43,3283,3283,4cd3940,703051,703377,710705,710805,7.328000,7.654000
43,6526,6526,597e942,721051,721385,745473,745573,24.088000,24.422000
43,5197,5197,544d940,753051,753385,767355,767455,13.970000,14.304000
43,5225,5225,5469940,837051,837385,855194,855294,17.809000,18.143000
43,6428,6428,591c942,886395,886721,917087,917187,30.366000,30.692000
43,6848,6848,5ac0940,914051,914377,922572,922672,8.195000,8.521000
43,6054,6054,57a6942,945051,945385,961603,961703,16.218000,16.552000
43,4003,4003,4fa3940,946051,946385,966889,966989,20.504000,20.838000
43,7779,7779,5e63942,963051,963385,971109,971209,7.724000,8.058000
43,4773,4773,52a5943,969051,969377,975907,976007,6.530000,6.856000
43,4274,4274,50b2943,1066051,1066385,1080777,1080877,14.392000,14.726000
43,7856,7856,5eb0943,1102051,1102385,1110708,1110808,8.323000,8.657000
43,9066,9066,636a942,1110051,1110377,1116016,1116116,5.639000,5.965000
43,9234,9234,6412940,1125119,1125445,1139339,1139439,13.894000,14.220000
43,7919,7919,5eef942,1226051,1226377,1241710,1241810,15.333000,15.659000
43,3785,3785,4ec9943,1237051,1237385,1259785,1259885,22.400000,22.734000
43,9218,9218,6402941,1283051,1283385,1291606,1291706,8.221000,8.555000
43,8307,8307,6073942,1338051,1338377,1353359,1353459,14.982000,15.308000
43,10436,10436,68c4943,1375453,1375779,1383300,1383400,7.521000,7.847000
43,9319,9319,6467943,1397051,1397385,1412474,1412574,15.089000,15.423000
43,9923,9923,66c3941,1421051,1421377,1429601,1429701,8.224000,8.550000
43,5406,5406,551e941,1414051,1414385,1447271,1447371,32.886000,33.220000
43,5921,5921,5721943,1505051,1505385,1515308,1515408,9.923000,10.257000
43,7044,7044,5b84942,1538051,1538377,1550901,1551001,12.524000,12.850000
43,7469,7469,5d2d942,1617051,1617385,1625619,1625719,8.234000,8.568000
43,10802,10802,6a32942,1761051,1761385,1770454,1770554,9.069000,9.403000
43,9515,9515,652b943,1779051,1779377,1786815,1786915,7.438000,7.764000
43,7575,7575,5d97943,1935051,1935377,1945364,1945464,9.987000,10.313000
43,9491,9491,6513941,2203051,2203377,2218632,2218732,15.255000,15.581000
44,1017,1017,43f9940,68402,68736,94091,94191,25.355000,25.689000
44,699,699,42bb942,82051,82377,99591,99691,17.214000,17.540000
44,1173,1173,4495941,110051,110385,116863,116963,6.478000,6.812000
44,1873,1873,4751940,103051,103385,124243,124343,20.858000,21.192000
44,1147,1147,447b941,219453,219779,238545,238645,18.766000,19.092000
44,1077,1077,4435941,296051,296377,313014,313114,16.637000,16.963000
44,3628,3628,4e2c942,341439,341773,355245,355345,13.472000,13.806000
44,1338,1338,453a943,348051,348377,360590,360690,12.213000,12.539000
44,734,734,42de940,376051,376377,395035,395135,18.658000,18.984000
44,1836,1836,472c941,417051,417377,424256,424356,6.879000,7.205000
44,2641,2641,4a51943,513415,513750,519415,519515,5.665000,6.000000
44,2745,2745,4ab9941,518050,518377,536590,536690,18.213000,18.540000
44,3652,3652,4e44942,549183,549517,585939,586039,36.422000,36.756000
44,2545,2545,49f1940,655051,655385,669979,670079,14.594000,14.928000
44,3350,3350,4d16943,693051,693377,699025,699125,5.648000,5.974000
44,4070,4070,4fe6941,700712,701046,705905,706005,4.859000,5.193000
44,4634,4634,521a940,708051,708385,719316,719416,10.931000,11.265000
44,4981,4981,5375943,769439,769773,776455,776555,6.682000,7.016000
44,3588,3588,4e04940,843051,843377,858666,858766,15.289000,15.615000
44,4241,4241,5091940,860980,861306,868747,868847,7.441000,7.767000
44,6774,6774,5a76941,873051,873377,886142,886242,12.765000,13.091000
44,2520,2520,49d8941,837051,837385,891653,891753,54.268000,54.602000
44,4385,4385,5121940,918051,918377,925700,925800,7.323000,7.649000
44,4410,4410,513a940,934051,934385,941722,941822,7.337000,7.671000
44,7449,7449,5d19941,931051,931385,952143,952243,20.758000,21.092000
44,5309,5309,54bd943,956051,956377,967733,967833,11.356000,11.682000
44,4875,4875,530b940,971051,971385,993982,994082,22.597000,22.931000
44,6334,6334,58be941,1025051,1025377,1040681,1040781,15.304000,15.630000
44,7169,7169,5c01943,1064051,1064377,1103024,1103124,38.647000,38.973000
44,8362,8362,60aa941,1098051,1098377,1108517,1108617,10.140000,10.466000
44,4582,4582,51e6940,1087051,1087385,1114044,1114144,26.659000,26.993000
44,7820,7820,5e8c940,1177051,1177385,1182064,1182164,4.679000,5.013000
44,6544,6544,5990940,1156051,1156377,1193389,1193489,37.012000,37.338000
44,8510,8510,613e940,1220051,1220377,1234080,1234180,13.703000,14.029000
44,6372,6372,58e4943,1262051,1262377,1274430,1274530,12.053000,12.379000
44,6837,6837,5ab5940,1275051,1275377,1300985,1301085,25.608000,25.934000
44,8712,8712,6208940,1319051,1319377,1331259,1331359,11.882000,12.208000
44,9076,9076,6374942,1430051,1430385,1439594,1439694,9.209000,9.543000
44,7752,7752,5e48942,1451954,1452288,1461412,1461512,9.124000,9.458000
44,8625,8625,61b1940,1469051,1469377,1474138,1474238,4.761000,5.087000
44,6026,6026,578a942,1485051,1485385,1504665,1504765,19.280000,19.614000
44,9478,9478,6506943,1490051,1490385,1510127,1510227,19.742000,20.076000
44,8699,8699,61fb943,1501051,1501377,1516660,1516760,15.283000,15.609000
44,9890,9890,66a2941,1556051,1556377,1562822,1562922,6.445000,6.771000
44,5547,5547,55ab943,1563051,1563385,1568205,1568305,4.820000,5.154000
44,9787,9787,663b940,1775051,1775377,1785770,1785870,10.393000,10.719000
44,9598,9598,657e941,1894051,1894385,1924985,1925085,30.600000,30.934000
44,9464,9464,64f8942,2028051,2028385,2034874,2034974,6.489000,6.823000
44,10365,10365,687d940,2091051,2091377,2107989,2108089,16.612000,16.938000
44,8559,8559,616f943,2448051,2448385,2456758,2456858,8.373000,8.707000
44,10300,10300,683c940,2523051,2523385,2537791,2537891,14.406000,14.740000
45,870,870,4366943,40051,40385,59261,59361,18.876000,19.210000
45,971,971,43cb940,240439,240773,277432,277532,36.659000,36.993000
45,1727,1727,46bf940,258051,258376,299376,299476,41.000000,41.325000
45,2097,2097,4831943,309051,309377,315915,316015,6.538000,6.864000
45,1242,1242,44da942,327051,327377,333851,333951,6.474000,6.800000
45,2815,2815,4aff943,333051,333385,351071,351171,17.686000,18.020000
45,1690,1690,469a941,338051,338385,386525,386625,48.140000,48.474000
45,2605,2605,4a2d942,417051,417377,426091,426191,8.714000,9.040000
45,3220,3220,4c94941,445051,445377,475314,475414,29.937000,30.263000
45,2623,2623,4a3f940,472051,472385,486215,486315,13.830000,14.164000
45,4015,4015,4faf942,490051,490385,515333,515434,24.948000,25.282000
45,3192,3192,4c78940,664051,664377,686093,686193,21.716000,22.042000
45,2702,2702,4a8e943,702051,702377,722446,722546,20.069000,20.395000
45,5766,5766,5686942,836051,836385,861060,861160,24.675000,25.009000
45,8327,8327,6087943,925661,925987,946157,946257,20.170000,20.496000
45,4850,4850,52f2940,964051,964385,978442,978542,14.057000,14.391000
45,6365,6365,58dd940,1219051,1219385,1229260,1229360,9.875000,10.209000
45,7054,7054,5b8e940,1309438,1309764,1346636,1346736,36.872000,37.198000
45,9055,9055,635f942,1303051,1303377,1352154,1352254,48.777000,49.103000
45,9583,9583,656f941,1362051,1362377,1376698,1376798,14.321000,14.647000
45,10563,10563,6943940,1497051,1497377,1524204,1524304,26.827000,27.153000
45,4878,4878,530e943,1508051,1508385,1547732,1547832,39.347000,39.681000
45,7113,7113,5bc9941,1572051,1572377,1577965,1578065,5.588000,5.914000
45,9279,9279,643f942,1592051,1592385,1602318,1602418,9.933000,10.267000
45,9497,9497,6519941,1720051,1720385,1739359,1739459,18.974000,19.308000
45,8079,8079,5f8f942,1873051,1873385,1882859,1882959,9.474000,9.808000
45,10486,10486,68f6940,1917051,1917385,1941445,1941545,24.060000,24.394000
45,10413,10413,68ad942,1991051,1991385,2012739,2012839,21.354000,21.688000
45,10799,10799,6a2f940,2553051,2553385,2566859,2566959,13.474000,13.808000
46,124,124,407c940,38051,38385,63727,63827,25.342000,25.676000
46,361,361,4169943,47051,47385,74654,74754,27.269000,27.603000
46,1121,1121,4461941,52051,52385,85664,85764,33.279000,33.613000
46,150,150,4096942,67402,67736,112926,113026,45.190000,45.524000
46,297,297,4129942,98051,98385,140370,140470,41.985000,42.319000
46,2470,2470,49a6942,123051,123385,151359,151459,27.974000,28.308000
46,1111,1111,4457941,144051,144385,159160,159260,14.775000,15.109000
46,354,354,4162940,105051,105385,167663,167763,62.278000,62.612000
46,2266,2266,48da942,159051,159377,173150,173250,13.773000,14.099000
46,2415,2415,496f941,257051,257385,262053,262153,4.668000,5.002000
46,3241,3241,4ca9943,277051,277377,295298,295398,17.921000,18.247000
46,2268,2268,48dc940,267051,267377,300800,300900,33.423000,33.749000
46,2193,2193,4891942,331051,331385,340415,340515,9.030000,9.364000
46,3664,3664,4e50943,325051,325385,347299,347399,21.914000,22.248000
46,1551,1551,460f942,354866,355200,362837,362937,7.637000,7.971000
46,3264,3264,4cc0941,470051,470377,482121,482221,11.744000,12.070000
46,3787,3787,4ecb942,556051,556377,574079,574179,17.702000,18.028000
46,6037,6037,5795940,668051,668377,698944,699044,30.567000,30.893000
46,5039,5039,53af943,691051,691377,704446,704546,13.069000,13.395000
46,4008,4008,4fa8940,776051,776377,794218,794318,17.841000,18.167000
46,9260,9260,642c941,795051,795377,816883,816983,21.506000,21.832000
46,3508,3508,4db4941,778395,778721,822421,822521,43.700000,44.026000
46,4212,4212,5074940,789051,789377,827925,828025,38.548000,38.874000
46,5310,5310,54be940,828051,828377,855223,855323,26.846000,27.172000
46,6379,6379,58eb941,864854,865180,893973,894073,28.793000,29.119000
46,5605,5605,55e5940,945051,945385,952804,952904,7.419000,7.753000
46,8631,8631,61b7941,993410,993736,1010681,1010781,16.945000,17.271000
46,8875,8875,62ab941,1019051,1019385,1044263,1044364,24.878000,25.212000
46,6690,6690,5a22940,1102051,1102377,1139911,1140011,37.534000,37.860000
46,8802,8802,6262942,1196051,1196377,1206852,1206952,10.475000,10.801000
46,5259,5259,548b943,1193051,1193377,1213733,1213833,20.356000,20.682000
46,5455,5455,554f942,1229051,1229377,1240515,1240615,11.138000,11.464000
46,7455,7455,5d1f940,1290051,1290377,1313559,1313659,23.182000,23.508000
46,7217,7217,5c31942,1313418,1313752,1340985,1341085,27.233000,27.567000
46,7501,7501,5d4d940,1333051,1333377,1345262,1345362,11.885000,12.211000
46,6670,6670,5a0e940,1335051,1335377,1351496,1351596,16.119000,16.445000
46,4676,4676,5244941,1355051,1355377,1361031,1361131,5.654000,5.980000
46,7090,7090,5bb2942,1369051,1369385,1375877,1375977,6.492000,6.826000
46,6361,6361,58d9940,1382051,1382377,1399384,1399484,17.007000,17.333000
46,8991,8991,631f940,1474051,1474385,1481732,1481832,7.347000,7.681000
46,8688,8688,61f0943,1551051,1551385,1578539,1578639,27.154000,27.488000
46,10142,10142,679e943,1696051,1696385,1702838,1702938,6.453000,6.787000
46,9877,9877,6695941,1694051,1694385,1707888,1707988,13.503000,13.837000
46,10338,10338,6862943,1720051,1720377,1732149,1732249,11.772000,12.098000
46,10094,10094,676e942,2002051,2002377,2010593,2010693,8.216000,8.542000
46,9368,9368,6498941,2042051,2042377,2048885,2048985,6.508000,6.834000
46,9906,9906,66b2940,2035051,2035385,2054262,2054361,18.877000,19.211000
47,696,696,42b8941,161051,161377,179507,179607,18.130000,18.456000
47,1369,1369,4559943,223051,223377,238705,238805,15.328000,15.654000
47,3178,3178,4c6a941,272051,272385,298105,298205,25.720000,26.054000
47,895,895,437f941,330051,330377,342124,342224,11.747000,12.073000
47,2467,2467,49a3942,367051,367377,373914,374014,6.537000,6.863000
47,3003,3003,4bbb941,363051,363377,384778,384878,21.401000,21.727000
47,3795,3795,4ed3940,374051,374377,400240,400340,25.863000,26.189000
47,1937,1937,4791941,484051,484385,503161,503261,18.776000,19.110000
47,2355,2355,4933941,521050,521385,533235,533335,11.850000,12.185000
47,3359,3359,4d1f943,546051,546377,558126,558226,11.749000,12.075000
47,1615,1615,464f943,544051,544377,563655,563755,19.278000,19.604000
47,2461,2461,499d942,598051,598377,605994,606094,7.617000,7.943000
47,3545,3545,4dd9942,618051,618385,639452,639552,21.067000,21.401000
47,4941,4941,534d943,622051,622377,668365,668465,45.988000,46.314000
47,3234,3234,4ca2942,658051,658385,690367,690467,31.982000,32.316000
47,5412,5412,5524940,781337,781663,802665,802765,21.002000,21.328000
47,7625,7625,5dc9943,824051,824385,847924,848024,23.539000,23.873000
47,6749,6749,5a5d943,817051,817385,853401,853501,36.016000,36.350000
47,7152,7152,5bf0942,857051,857377,870949,871049,13.572000,13.898000
47,7271,7271,5c67942,918051,918377,934611,934711,16.234000,16.560000
47,5466,5466,555a940,961051,961377,976229,976329,14.852000,15.178000
47,5258,5258,548a940,1018051,1018377,1044097,1044196,25.720000,26.046000
47,2742,2742,4ab6941,1044051,1044385,1050849,1050949,6.464000,6.798000
47,6551,6551,5997942,1124051,1124377,1138360,1138460,13.983000,14.309000
47,6865,6865,5ad1943,1157424,1157750,1171321,1171421,13.571000,13.897000
47,9385,9385,64a9941,1218051,1218377,1238066,1238166,19.689000,20.015000
47,8272,8272,6050940,1273456,1273790,1307758,1307858,33.968000,34.302000
47,6846,6846,5abe942,1317051,1317385,1341002,1341102,23.617000,23.951000
47,7216,7216,5c30942,1337144,1337470,1349188,1349288,11.718000,12.044000
47,7476,7476,5d34943,1357051,1357385,1365583,1365683,8.198000,8.532000
47,10326,10326,6856940,1402051,1402377,1412347,1412447,9.970000,10.296000
47,10789,10789,6a25940,1668051,1668377,1680108,1680208,11.731000,12.057000
47,10964,10964,6ad4940,1678051,1678377,1693632,1693732,15.255000,15.581000
47,8996,8996,6324941,1694051,1694385,1703430,1703530,9.045000,9.379000
47,5596,5596,55dc941,1751051,1751385,1757884,1757984,6.499000,6.833000
47,8130,8130,5fc2942,1824051,1824385,1832529,1832629,8.144000,8.478000
47,8965,8965,6305943,1894051,1894377,1899953,1900053,5.576000,5.902000
47,10276,10276,6824943,2045051,2045377,2060578,2060678,15.201000,15.527000
48,991,991,43df941,91453,91779,116690,116790,24.911000,25.237000
48,168,168,40a8942,140051,140377,163779,163879,23.402000,23.728000
48,2040,2040,47f8942,171051,171385,182815,182915,11.430000,11.764000
48,1687,1687,4697943,189051,189385,212854,212954,23.469000,23.803000
48,1180,1180,449c941,234051,234377,243076,243176,8.699000,9.025000
48,1786,1786,46fa943,244051,244385,257130,257229,12.745000,13.079000
48,2347,2347,492b943,364051,364377,383423,383523,19.046000,19.372000
48,2491,2491,49bb940,353051,353385,407702,407802,54.317000,54.651000
48,4342,4342,50f6943,486051,486385,506998,507098,20.613000,20.947000
48,3122,3122,4c32942,519050,519377,534195,534295,14.818000,15.145000
48,4292,4292,50c4942,535395,535721,550642,550742,14.921000,15.247000
48,4005,4005,4fa5943,539051,539377,554840,554940,15.463000,15.789000
48,2186,2186,488a940,638051,638377,659765,659865,21.388000,21.714000
48,3410,3410,4d52943,649051,649385,665250,665350,15.865000,16.199000
48,5935,5935,572f942,652051,652385,676312,676412,23.927000,24.261000
48,2580,2580,4a14943,716108,716434,723831,723931,7.397000,7.723000
48,5115,5115,53fb940,739051,739385,797212,797312,57.827000,58.161000
48,5942,5942,5736940,791051,791385,802700,802800,11.315000,11.649000
48,5261,5261,548d941,782051,782377,820379,820479,38.002000,38.328000
48,7696,7696,5e10941,828051,828385,842733,842833,14.348000,14.682000
48,3182,3182,4c6e941,882051,882377,888874,888974,6.497000,6.823000
48,6064,6064,57b0942,883449,883775,905058,905158,21.283000,21.609000
48,5851,5851,56db943,915051,915385,930486,930586,15.101000,15.435000
48,8103,8103,5fa7942,930051,930377,948120,948220,17.743000,18.069000
48,5779,5779,5693943,1015051,1015377,1029453,1029552,14.076000,14.402000
48,5814,5814,56b6942,1032051,1032377,1041095,1041195,8.718000,9.044000
48,4829,4829,52dd940,1025051,1025385,1050426,1050526,25.041000,25.375000
48,6842,6842,5aba941,1038483,1038817,1062117,1062217,23.300000,23.634000
48,5840,5840,56d0943,1053051,1053377,1066346,1066446,12.969000,13.295000
48,10849,10849,6a61941,1126051,1126385,1143666,1143766,17.281000,17.615000
48,5059,5059,53c3943,1128439,1128773,1147869,1147969,19.096000,19.430000
48,5551,5551,55af941,1131051,1131385,1152439,1152539,21.054000,21.388000
48,6445,6445,592d940,1135051,1135377,1163303,1163403,27.926000,28.252000
48,3776,3776,4ec0943,1186051,1186385,1202462,1202562,16.077000,16.411000
48,5400,5400,5518942,1231051,1231377,1242351,1242451,10.974000,11.300000
48,9288,9288,6448942,1259416,1259742,1270036,1270136,10.294000,10.620000
48,6768,6768,5a70941,1275051,1275385,1298359,1298459,22.974000,23.308000
48,9393,9393,64b1942,1310579,1310905,1318292,1318392,7.387000,7.713000
48,7941,7941,5f05940,1304051,1304385,1345629,1345729,41.244000,41.578000
48,9951,9951,66df941,1382051,1382385,1395522,1395622,13.137000,13.471000
48,8658,8658,61d2942,1383051,1383377,1399711,1399811,16.334000,16.660000
48,9903,9903,66af941,1441051,1441385,1453502,1453602,12.117000,12.451000
48,9168,9168,63d0940,1493051,1493385,1517130,1517230,23.745000,24.079000
48,7231,7231,5c3f940,1514051,1514377,1521358,1521458,6.981000,7.307000
48,10480,10480,68f0940,1568051,1568377,1587009,1587109,18.632000,18.958000
48,7888,7888,5ed0942,1629051,1629377,1635050,1635150,5.673000,5.999000
48,9865,9865,6689941,1658051,1658377,1675783,1675883,17.406000,17.732000
48,4957,4957,535d942,1794051,1794385,1809040,1809140,14.655000,14.989000
48,9742,9742,660e942,1844051,1844377,1869404,1869504,25.027000,25.353000
48,10099,10099,6773940,2047051,2047377,2053006,2053107,5.629000,5.955000
48,7906,7906,5ee2941,2069051,2069377,2085979,2086080,16.602000,16.928000
48,10760,10760,6a08942,2161051,2161385,2169632,2169732,8.247000,8.581000
49,336,336,4150941,29051,29385,38595,38695,9.210000,9.544000
49,1838,1838,472e943,74051,74377,90352,90452,15.975000,16.301000
49,2233,2233,48b9940,440051,440377,458934,459034,18.557000,18.883000
49,3752,3752,4ea8941,527051,527385,544250,544350,16.865000,17.199000
49,3672,3672,4e58940,647051,647377,652969,653069,5.592000,5.918000
49,4598,4598,51f6942,669402,669736,675341,675441,5.605000,5.939000
49,4191,4191,505f940,687051,687385,694810,694910,7.425000,7.759000
49,2904,2904,4b58942,687051,687377,699019,699119,11.642000,11.968000
49,4652,4652,522c942,669051,669377,703202,703302,33.825000,34.151000
49,6525,6525,597d941,799051,799385,819722,819822,20.337000,20.671000
49,3929,3929,4f59942,801051,801377,825193,825293,23.816000,24.142000
49,6194,6194,5832942,824051,824377,839605,839705,15.228000,15.554000
49,6299,6299,589b940,898051,898377,911041,911141,12.664000,12.990000
49,4153,4153,5039941,932051,932377,952758,952858,20.381000,20.707000
49,5748,5748,5674940,947484,947818,977152,977252,29.334000,29.668000
49,3289,3289,4cd9943,961051,961377,983319,983419,21.942000,22.268000
49,3855,3855,4f0f940,1000051,1000385,1005097,1005197,4.712000,5.046000
49,8874,8874,62aa940,1081051,1081385,1100223,1100323,18.838000,19.172000
49,9941,9941,66d5942,1148051,1148385,1157615,1157715,9.230000,9.564000
49,6382,6382,58ee940,1155051,1155377,1168849,1168949,13.472000,13.798000
49,7571,7571,5d93943,1228051,1228385,1241055,1241155,12.670000,13.004000
49,8237,8237,602d943,1233051,1233385,1264344,1264444,30.959000,31.293000
49,6205,6205,583d943,1275051,1275385,1294611,1294711,19.226000,19.560000
49,10291,10291,6833941,1327051,1327377,1348072,1348172,20.695000,21.021000
49,9140,9140,63b4943,1450051,1450377,1481965,1482065,31.588000,31.914000
49,9113,9113,6399941,1532051,1532385,1565856,1565956,33.471000,33.805000
49,8870,8870,62a6941,1547051,1547377,1575313,1575413,27.936000,28.262000
49,9901,9901,66ad943,1584051,1584377,1596647,1596747,12.270000,12.596000
49,9651,9651,65b3943,1614446,1614780,1625043,1625143,10.263000,10.597000
49,8929,8929,62e1942,1621051,1621385,1635725,1635825,14.340000,14.674000
49,9595,9595,657b940,1659051,1659385,1674027,1674127,14.642000,14.976000
49,8164,8164,5fe4943,1776051,1776377,1790098,1790198,13.721000,14.047000
49,9409,9409,64c1943,1912051,1912385,1923368,1923468,10.983000,11.317000
49,8487,8487,6127940,1971051,1971385,1991762,1991862,20.377000,20.711000
49,8151,8151,5fd7941,2082051,2082377,2104769,2104869,22.392000,22.718000
49,8006,8006,5f46943,2153051,2153377,2158976,2159076,5.599000,5.925000
49,10808,10808,6a38941,2174051,2174377,2181755,2181855,7.378000,7.704000
49,10531,10531,6923943,2319051,2319385,2331957,2332057,12.572000,12.906000
50,160,160,40a0943,39051,39385,48558,48658,9.173000,9.507000
50,11,11,400b940,100051,100385,124992,125092,24.607000,24.941000
50,349,349,415d943,185051,185385,208850,208950,23.465000,23.799000
50,1825,1825,4721943,170051,170385,219641,219741,49.256000,49.590000
50,1314,1314,4522942,313051,313385,339802,339902,26.417000,26.751000
50,2273,2273,48e1940,346051,346377,370848,370948,24.471000,24.797000
50,4546,4546,51c2943,408051,408377,431128,431228,22.751000,23.077000
50,1124,1124,4464941,424848,425182,442453,442553,17.271000,17.605000
50,3656,3656,4e48942,439402,439736,447188,447288,7.452000,7.786000
50,1604,1604,4644941,459937,460271,468418,468518,8.147000,8.481000
50,4222,4222,507e940,493051,493377,510848,510948,17.471000,17.797000
50,2302,2302,48fe942,551051,551385,563204,563304,11.819000,12.153000
50,3883,3883,4f2b941,571051,571377,579508,579608,8.131000,8.457000
50,4394,4394,512a943,586051,586377,597054,597154,10.677000,11.003000
50,2792,2792,4ae8940,590051,590377,612619,612719,22.242000,22.568000
50,4297,4297,50c9941,599438,599764,618145,618245,18.381000,18.707000
50,2905,2905,4b59941,650051,650377,658609,658709,8.232000,8.558000
50,4347,4347,50fb943,763051,763377,782695,782795,19.318000,19.644000
50,5754,5754,567a942,776051,776377,786878,786978,10.501000,10.827000
50,6630,6630,59e6942,758051,758377,791068,791168,32.691000,33.017000
50,5329,5329,54d1940,846051,846377,867710,867810,21.333000,21.659000
50,6762,6762,5a6a943,953051,953385,979261,979361,25.876000,26.210000
50,10512,10512,6910940,988051,988377,1005450,1005550,17.073000,17.399000
50,7463,7463,5d27942,1000051,1000377,1010937,1011037,10.560000,10.886000
50,8324,8324,6084943,1013453,1013779,1047220,1047320,33.441000,33.767000
50,4662,4662,5236942,1055051,1055385,1061846,1061946,6.461000,6.795000
50,5151,5151,541f940,1119051,1119377,1132557,1132657,13.180000,13.506000
50,6256,6256,5870943,1182051,1182377,1193286,1193386,10.909000,11.235000
50,7192,7192,5c18940,1220051,1220377,1234769,1234869,14.392000,14.718000
50,4348,4348,50fc941,1270051,1270377,1289351,1289451,18.974000,19.300000
50,9375,9375,649f943,1333051,1333377,1343843,1343943,10.466000,10.792000
50,8446,8446,60fe940,1318051,1318385,1348493,1348593,30.108000,30.442000
50,7745,7745,5e41940,1416051,1416377,1438725,1438825,22.348000,22.674000
50,10473,10473,68e9940,1453051,1453385,1461578,1461678,8.193000,8.527000
50,9230,9230,640e943,1487051,1487385,1493854,1493954,6.469000,6.803000
50,10154,10154,67aa943,1472484,1472810,1505741,1505841,32.931000,33.257000
50,10178,10178,67c2940,1550395,1550729,1575998,1576098,25.269000,25.603000
50,5473,5473,5561943,1624051,1624377,1636157,1636257,11.780000,12.106000
50,9006,9006,632e941,1828051,1828385,1836674,1836774,8.289000,8.623000
50,8099,8099,5fa3942,1881051,1881385,1890832,1890932,9.447000,9.781000
50,9988,9988,6704942,2367051,2367385,2387935,2388035,20.550000,20.884000
51,1044,1044,4414942,29431,29757,55863,55963,26.106000,26.432000
51,420,420,41a4943,75051,75377,95876,95976,20.499000,20.825000
51,727,727,42d7941,86051,86385,100043,100143,13.658000,13.992000
51,256,256,4100942,137051,137377,142966,143066,5.589000,5.915000
51,809,809,4329941,156051,156377,162019,162119,5.642000,5.968000
51,507,507,41fb942,192051,192385,207530,207630,15.145000,15.479000
51,617,617,4269942,189051,189385,212892,212992,23.507000,23.841000
51,630,630,4276941,218051,218385,227117,227217,8.732000,9.066000
51,1879,1879,4757942,245060,245394,258950,259049,13.556000,13.890000
51,3114,3114,4c2a942,328051,328385,334865,334965,6.480000,6.814000
51,1830,1830,4726943,320051,320377,339045,339145,18.668000,18.994000
51,654,654,428e940,331051,331377,347961,348061,16.584000,16.910000
51,2680,2680,4a78941,462051,462377,470703,470803,8.326000,8.652000
51,1087,1087,443f940,488051,488385,494055,494155,5.670000,6.004000
51,3816,3816,4ee8941,496051,496385,510406,510506,14.021000,14.355000
51,2291,2291,48f3940,497051,497385,517737,517838,20.352000,20.686000
51,3131,3131,4c3b941,507051,507377,531309,531409,23.932000,24.258000
51,2224,2224,48b0942,572051,572377,577224,577324,4.847000,5.173000
51,5439,5439,553f943,564051,564385,595924,596024,31.539000,31.873000
51,2203,2203,489b943,596051,596377,601328,601428,4.951000,5.277000
51,1504,1504,45e0942,621051,621377,629714,629814,8.337000,8.663000
51,2953,2953,4b89941,642051,642385,664572,664672,22.187000,22.521000
51,4934,4934,5346940,714051,714377,740981,741081,26.604000,26.930000
51,5653,5653,5615941,832051,832377,838030,838130,5.653000,5.979000
51,8611,8611,61a3941,925479,925813,932324,932424,6.511000,6.845000
51,3805,3805,4edd940,894051,894377,937728,937828,43.351000,43.677000
51,7695,7695,5e0f943,915051,915385,959650,959750,44.265000,44.599000
51,4696,4696,5258942,942051,942385,965158,965258,22.773000,23.107000
51,5680,5680,5630943,961051,961385,970520,970620,9.135000,9.469000
51,5072,5072,53d0942,994051,994385,1024720,1024820,30.335000,30.669000
51,6114,6114,57e2943,1082051,1082385,1107739,1107839,25.354000,25.688000
51,7132,7132,5bdc940,1133051,1133377,1142436,1142536,9.059000,9.385000
51,5895,5895,5707942,1301051,1301385,1312133,1312233,10.748000,11.082000
51,8220,8220,601c940,1273051,1273377,1316292,1316392,42.915000,43.241000
51,8067,8067,5f83941,1365424,1365750,1376611,1376711,10.861000,11.187000
51,5295,5295,54af942,1447051,1447377,1455684,1455784,8.307000,8.633000
51,8322,8322,6082940,1756852,1757178,1763669,1763769,6.491000,6.817000
51,9305,9305,6459941,2080948,2081283,2088781,2088881,7.498000,7.833000
51,10187,10187,67cb940,2111051,2111385,2117860,2117960,6.475000,6.809000
51,10899,10899,6a93942,2114051,2114385,2126132,2126232,11.747000,12.081000
51,10761,10761,6a09942,2140811,2141137,2151433,2151533,10.296000,10.622000
51,9274,9274,643a940,2252051,2252377,2257991,2258091,5.614000,5.940000
52,218,218,40da942,30051,30385,36034,36134,5.649000,5.983000
52,3371,3371,4d2b941,320051,320385,331303,331403,10.918000,11.252000
52,2095,2095,482f942,320051,320385,336808,336908,16.423000,16.757000
52,1943,1943,4797940,613051,613385,618129,618229,4.744000,5.078000
52,4450,4450,5162943,673051,673385,697486,697586,24.101000,24.435000
52,4143,4143,502f940,715051,715377,725321,725421,9.944000,10.270000
52,6056,6056,57a8941,724867,725193,737140,737240,11.947000,12.273000
52,9197,9197,63ed941,720051,720385,747990,748090,27.605000,27.939000
52,6852,6852,5ac4941,717051,717385,760291,760391,42.906000,43.240000
52,7191,7191,5c17943,767051,767385,788697,788797,21.312000,21.646000
52,2346,2346,492a941,794051,794377,802591,802691,8.214000,8.540000
52,7142,7142,5be6941,799051,799377,827647,827747,28.270000,28.596000
52,6732,6732,5a4c941,831051,831385,842242,842342,10.857000,11.191000
52,6569,6569,59a9942,833051,833385,853505,853605,20.120000,20.454000
52,7764,7764,5e54941,920051,920377,934776,934876,14.399000,14.725000
52,5843,5843,56d3940,939051,939385,956898,956998,17.513000,17.847000
52,7682,7682,5e02942,943051,943385,983436,983536,40.051000,40.385000
52,5366,5366,54f6942,974431,974757,1010591,1010691,35.834000,36.160000
52,8917,8917,62d5941,1042051,1042377,1057616,1057716,15.239000,15.565000
52,5068,5068,53cc940,1053051,1053377,1070998,1071098,17.621000,17.947000
52,8400,8400,60d0940,1075051,1075377,1092019,1092119,16.642000,16.968000
52,7227,7227,5c3b942,1082051,1082385,1098726,1098826,16.341000,16.675000
52,4280,4280,50b8940,1125051,1125385,1137722,1137822,12.337000,12.671000
52,5896,5896,5708941,1147051,1147385,1185788,1185888,38.403000,38.737000
52,6184,6184,5828943,1182051,1182385,1205712,1205812,23.327000,23.661000
52,6802,6802,5a92942,1257051,1257385,1267464,1267564,10.079000,10.413000
52,3700,3700,4e74942,1278051,1278377,1310798,1310898,32.421000,32.747000
52,9819,9819,665b941,1345051,1345385,1350975,1351075,5.590000,5.924000
52,7588,7588,5da4943,1355051,1355385,1370701,1370801,15.316000,15.650000
52,6791,6791,5a87943,1357051,1357377,1381701,1381801,24.324000,24.650000
52,5401,5401,5519942,1374051,1374385,1387204,1387304,12.819000,13.153000
52,8123,8123,5fbb943,1395051,1395377,1400972,1401072,5.595000,5.921000
52,7689,7689,5e09941,1424051,1424385,1439764,1439864,15.379000,15.713000
52,6951,6951,5b27941,1450051,1450377,1465609,1465709,15.232000,15.558000
52,9546,9546,654a942,1563051,1563385,1572515,1572615,9.130000,9.464000
52,10424,10424,68b8940,1680051,1680377,1702194,1702294,21.817000,22.143000
52,10884,10884,6a84942,1691051,1691385,1711148,1711248,19.763000,20.097000
52,7671,7671,5df7940,1720051,1720377,1733080,1733180,12.703000,13.029000
52,7519,7519,5d5f941,1955051,1955385,1963601,1963701,8.216000,8.550000
52,10440,10440,68c8943,2019409,2019743,2028118,2028218,8.375000,8.709000
52,10816,10816,6a40941,2039439,2039773,2066184,2066284,26.411000,26.745000
52,10494,10494,68fe941,2182051,2182385,2189766,2189866,7.381000,7.715000
53,541,541,421d942,102051,102377,116089,116189,13.712000,14.038000
53,2693,2693,4a85941,104164,104490,121568,121668,17.078000,17.404000
53,852,852,4354942,223051,223377,239124,239224,15.747000,16.073000
53,589,589,424d940,279051,279377,300643,300743,21.266000,21.592000
53,4157,4157,503d943,306360,306694,323092,323192,16.398000,16.732000
53,1301,1301,4515942,355051,355377,364788,364888,9.411000,9.737000
53,951,951,43b7943,414051,414385,420868,420968,6.483000,6.817000
53,3510,3510,4db6943,507051,507385,515068,515168,7.683000,8.017000
53,2975,2975,4b9f942,496150,496476,539320,539420,42.844000,43.170000
53,2074,2074,481a940,547051,547377,560504,560604,13.127000,13.453000
53,4762,4762,529a941,627051,627377,632125,632225,4.748000,5.074000
53,3670,3670,4e56940,702051,702385,713196,713296,10.811000,11.145000
53,3069,3069,4bfd940,750051,750377,759538,759638,9.161000,9.487000
53,4495,4495,518f942,770051,770385,777804,777904,7.419000,7.753000
53,5877,5877,56f5940,904051,904385,921640,921740,17.255000,17.589000
53,7849,7849,5ea9943,1098051,1098377,1115310,1115410,16.933000,17.259000
53,7911,7911,5ee7943,1129051,1129385,1139432,1139532,10.047000,10.381000
53,6162,6162,5812941,1146051,1146377,1157194,1157294,10.817000,11.143000
53,4664,4664,5238940,1178051,1178385,1190603,1190703,12.218000,12.552000
53,8145,8145,5fd1941,1215051,1215377,1227305,1227405,11.928000,12.254000
53,7027,7027,5b73943,1213051,1213377,1239366,1239466,25.989000,26.315000
53,8567,8567,6177940,1367051,1367385,1385356,1385456,17.971000,18.305000
53,9779,9779,6633941,1387051,1387377,1404398,1404498,17.021000,17.347000
53,6046,6046,579e942,1444051,1444385,1470135,1470235,25.750000,26.084000
53,9367,9367,6497942,1453207,1453533,1475638,1475738,22.105000,22.431000
53,7549,7549,5d7d940,1469051,1469385,1486442,1486542,17.057000,17.391000
53,10651,10651,699b941,1479051,1479385,1490719,1490819,11.334000,11.668000
53,10110,10110,677e940,1690453,1690779,1697325,1697425,6.546000,6.872000
53,10552,10552,6938941,1695051,1695377,1715026,1715126,19.649000,19.975000
53,8944,8944,62f0940,1736051,1736385,1753412,1753512,17.027000,17.361000
53,9971,9971,66f3940,1762051,1762377,1769838,1769938,7.461000,7.787000
53,10813,10813,6a3d942,1744051,1744385,1773987,1774087,29.602000,29.936000
53,9272,9272,6438941,1901051,1901385,1908740,1908840,7.355000,7.689000
53,8549,8549,6165943,2052051,2052385,2065011,2065111,12.626000,12.960000
53,10459,10459,68db941,2200051,2200385,2212198,2212298,11.813000,12.147000
54,504,504,41f8940,65051,65377,89687,89787,24.310000,24.636000
54,1491,1491,45d3942,153051,153377,164155,164255,10.778000,11.104000
54,2714,2714,4a9a942,164051,164385,205193,205293,40.808000,41.142000
54,3193,3193,4c79943,317051,317377,340460,340560,23.083000,23.409000
54,2225,2225,48b1940,368438,368764,379706,379806,10.942000,11.268000
54,2839,2839,4b17943,456051,456385,469048,469148,12.663000,12.997000
54,4502,4502,5196941,469051,469385,492304,492404,22.919000,23.253000
54,6480,6480,5950942,501051,501385,511405,511505,10.020000,10.354000
54,1839,1839,472f940,548051,548377,590445,590545,42.068000,42.394000
54,3739,3739,4e9b940,625051,625377,646683,646783,21.306000,21.632000
54,3218,3218,4c92942,706051,706385,713720,713820,7.335000,7.669000
54,4135,4135,5027940,732051,732385,744976,745076,12.591000,12.925000
54,5070,5070,53ce940,749051,749377,758565,758665,9.188000,9.514000
54,2751,2751,4abf942,772051,772377,781453,781553,9.076000,9.402000
54,2897,2897,4b51941,778467,778793,791649,791749,12.856000,13.182000
54,7304,7304,5c88943,865051,865385,889822,889922,24.437000,24.771000
54,3646,3646,4e3e940,882424,882750,906314,906414,23.564000,23.890000
54,5353,5353,54e9940,896771,897097,917160,917260,20.063000,20.389000
54,4917,4917,5335940,893051,893385,949625,949725,56.240000,56.574000
54,3295,3295,4cdf943,988051,988385,1004246,1004346,15.861000,16.195000
54,6010,6010,577a940,994051,994377,1020792,1020892,26.415000,26.741000
54,6991,6991,5b4f943,1031051,1031385,1043367,1043466,11.982000,12.316000
54,7961,7961,5f19940,1022208,1022534,1047512,1047612,24.978000,25.304000
54,7675,7675,5dfb940,1058051,1058377,1070850,1070950,12.473000,12.799000
54,5616,5616,55f0943,1060425,1060759,1078612,1078712,17.853000,18.187000
54,6377,6377,58e9942,1097051,1097377,1106349,1106449,8.972000,9.298000
54,6285,6285,588d942,1168051,1168377,1175641,1175741,7.264000,7.590000
54,9336,9336,6478942,1194051,1194377,1210030,1210130,15.653000,15.979000
54,9114,9114,639a943,1202051,1202385,1236009,1236109,33.624000,33.958000
54,8032,8032,5f60940,1249051,1249377,1254950,1255050,5.573000,5.899000
54,7112,7112,5bc8942,1285410,1285736,1301326,1301426,15.590000,15.916000
54,8798,8798,625e943,1296051,1296377,1306754,1306854,10.377000,10.703000
54,6740,6740,5a54943,1306051,1306377,1317910,1318010,11.533000,11.859000
54,7835,7835,5e9b940,1312051,1312385,1328773,1328873,16.388000,16.722000
54,9610,9610,658a943,1333051,1333377,1356356,1356456,22.979000,23.305000
54,8467,8467,6113943,1490099,1490425,1500710,1500810,10.285000,10.611000
54,5123,5123,5403943,1511051,1511385,1521745,1521845,10.360000,10.694000
54,7024,7024,5b70941,1641051,1641385,1650830,1650930,9.445000,9.779000
54,10938,10938,6aba942,1666051,1666377,1675455,1675555,9.078000,9.404000
54,6520,6520,5978941,1659051,1659385,1686391,1686491,27.006000,27.340000
54,9812,9812,6654942,1667890,1668224,1702757,1702857,34.533000,34.867000
54,8361,8361,60a9940,1774051,1774385,1780045,1780145,5.660000,5.994000
54,9991,9991,6707941,1828051,1828385,1835864,1835964,7.479000,7.813000
54,10127,10127,678f943,1871051,1871377,1888385,1888485,17.008000,17.334000
54,10803,10803,6a33942,2151758,2152092,2159445,2159545,7.353000,7.687000
54,9574,9574,6566943,2179051,2179377,2192920,2193020,13.543000,13.869000
55,19,19,4013943,85051,85385,92784,92884,7.399000,7.733000
55,913,913,4391942,130051,130377,136046,136146,5.669000,5.995000
55,656,656,4290943,117051,117385,141464,141564,24.079000,24.413000
55,1482,1482,45ca941,181051,181377,195882,195982,14.505000,14.831000
55,2800,2800,4af0940,226051,226377,235612,235712,9.235000,9.561000
55,772,772,4304943,240051,240385,259265,259364,18.880000,19.214000
55,3675,3675,4e5b941,325051,325385,345778,345878,20.393000,20.727000
55,4382,4382,511e943,345311,345637,372770,372870,27.133000,27.459000
55,1576,1576,4628942,374051,374385,393173,393273,18.788000,19.122000
55,1423,1423,458f942,400929,401255,418449,418549,17.194000,17.520000
55,3514,3514,4dba942,434051,434377,439102,439202,4.725000,5.051000
55,2108,2108,483c942,435051,435377,443228,443328,7.851000,8.177000
55,1353,1353,4549940,424051,424385,447431,447531,23.046000,23.380000
55,3364,3364,4d24942,460051,460377,475057,475157,14.680000,15.006000
55,2987,2987,4bab940,486051,486385,514060,514160,27.675000,28.009000
55,4979,4979,5373942,604051,604377,617032,617132,12.655000,12.981000
55,3325,3325,4cfd940,707051,707377,724831,724931,17.454000,17.780000
55,2806,2806,4af6942,697051,697385,741200,741300,43.815000,44.149000
55,7672,7672,5df8943,707051,707377,746687,746787,39.310000,39.636000
55,2915,2915,4b63941,783818,784152,803117,803217,18.965000,19.299000
55,1755,1755,46db941,810051,810385,818923,819023,8.538000,8.872000
55,6873,6873,5ad9941,854735,855069,874430,874530,19.361000,19.695000
55,5579,5579,55cb943,885051,885385,890108,890208,4.723000,5.057000
55,4760,4760,5298943,948051,948377,968295,968395,19.918000,20.244000
55,4852,4852,52f4941,1001051,1001377,1009600,1009700,8.223000,8.549000
55,9201,9201,63f1941,1017051,1017385,1026454,1026554,9.069000,9.403000
55,5065,5065,53c9941,1105051,1105377,1130354,1130454,24.977000,25.303000
55,8837,8837,6285943,1119051,1119385,1135821,1135921,16.436000,16.770000
55,8833,8833,6281943,1380051,1380385,1399105,1399205,18.720000,19.054000
55,10374,10374,6886940,1485653,1485987,1507069,1507169,21.082000,21.416000
55,9343,9343,647f941,1567051,1567377,1576869,1576969,9.492000,9.818000
55,10289,10289,6831943,1916051,1916385,1934257,1934357,17.872000,18.206000
55,9714,9714,65f2943,1929051,1929377,1938456,1938556,9.079000,9.405000
56,410,410,419a941,85051,85377,103058,103158,17.681000,18.007000
56,736,736,42e0943,98431,98757,120390,120490,21.633000,21.959000
56,1643,1643,466b941,114051,114385,136787,136887,22.402000,22.736000
56,2565,2565,4a05942,133051,133385,143174,143274,9.789000,10.123000
56,136,136,4088940,151051,151377,175855,175955,24.478000,24.804000
56,1248,1248,44e0940,183051,183385,189881,189981,6.496000,6.830000
56,119,119,4077942,203051,203377,224344,224444,20.967000,21.293000
56,934,934,43a6943,224051,224377,233576,233676,9.199000,9.525000
56,4468,4468,5174942,341051,341377,361113,361213,19.736000,20.062000
56,4422,4422,5146942,368051,368377,387615,387715,19.238000,19.564000
56,1670,1670,4686940,363051,363385,404091,404191,40.706000,41.040000
56,3794,3794,4ed2940,372051,372385,409571,409671,37.186000,37.520000
56,2848,2848,4b20941,434578,434912,452280,452380,17.368000,17.702000
56,3062,3062,4bf6943,446051,446385,474116,474216,27.731000,28.065000
56,3402,3402,4d4a941,481051,481385,501605,501705,20.220000,20.554000
56,3091,3091,4c13942,585051,585377,593653,593753,8.276000,8.602000
56,3098,3098,4c1a941,653051,653385,660126,660226,6.741000,7.075000
56,5641,5641,5609942,741496,741830,751471,751571,9.641000,9.975000
56,3945,3945,4f69941,751453,751779,765285,765385,13.506000,13.832000
56,6035,6035,5793940,755051,755385,781332,781432,25.947000,26.281000
56,3820,3820,4eec940,811051,811377,825881,825981,14.504000,14.830000
56,6488,6488,5958943,835051,835385,846654,846754,11.269000,11.603000
56,4879,4879,530f942,858051,858385,876233,876333,17.848000,18.182000
56,4252,4252,509c941,871051,871377,887193,887293,15.816000,16.142000
56,4606,4606,51fe942,982373,982699,997933,998033,15.234000,15.560000
56,7601,7601,5db1941,1010051,1010377,1024660,1024760,14.283000,14.609000
56,9468,9468,64fc941,1062051,1062377,1084677,1084777,22.300000,22.626000
56,6607,6607,59cf941,1155051,1155385,1170961,1171061,15.576000,15.910000
56,6642,6642,59f2940,1211051,1211377,1230146,1230246,18.769000,19.095000
56,9302,9302,6456940,1227051,1227385,1252004,1252104,24.619000,24.953000
56,9005,9005,632d942,1234051,1234377,1257574,1257674,23.197000,23.523000
56,6792,6792,5a88940,1245051,1245385,1263073,1263173,17.688000,18.022000
56,6061,6061,57ad941,1464051,1464385,1469113,1469213,4.728000,5.062000
56,10280,10280,6828942,1707051,1707377,1714986,1715086,7.609000,7.935000
56,9661,9661,65bd941,1726051,1726385,1734670,1734770,8.285000,8.619000
56,8564,8564,6174940,1787051,1787385,1799164,1799264,11.779000,12.113000
56,9017,9017,6339943,1782051,1782377,1803351,1803451,20.974000,21.300000
56,8500,8500,6134941,1813051,1813377,1818096,1818196,4.719000,5.045000
56,6467,6467,5943941,1811051,1811385,1822308,1822408,10.923000,11.257000
56,9666,9666,65c2940,1862051,1862377,1881107,1881207,18.730000,19.056000
56,9741,9741,660d940,1869051,1869385,1886618,1886718,17.233000,17.567000
56,9338,9338,647a943,1985051,1985377,1995469,1995569,10.092000,10.418000
56,9954,9954,66e2943,2019051,2019385,2029421,2029521,10.036000,10.370000
56,10370,10370,6882942,2102051,2102385,2115031,2115131,12.646000,12.980000
56,10751,10751,69ff942,2167051,2167385,2182094,2182194,14.709000,15.043000
56,10168,10168,67b8943,2373830,2374164,2388878,2388978,14.714000,15.048000
57,215,215,40d7941,124051,124377,150300,150400,25.923000,26.249000
57,916,916,4394942,155051,155377,161883,161983,6.506000,6.832000
57,552,552,4228942,184051,184385,222987,223087,38.602000,38.936000
57,1732,1732,46c4941,224051,224385,243767,243867,19.382000,19.716000
57,2628,2628,4a44943,223201,223535,249287,249387,25.752000,26.086000
57,3661,3661,4e4d943,352453,352779,372844,372944,20.065000,20.391000
57,2551,2551,49f7943,384051,384385,403482,403582,19.097000,19.431000
57,1904,1904,4770941,465324,465650,479976,480076,14.326000,14.652000
57,3306,3306,4cea941,609051,609377,615903,616003,6.526000,6.852000
57,4234,4234,508a941,596051,596385,622088,622188,25.703000,26.037000
57,6330,6330,58ba942,610395,610721,626321,626421,15.600000,15.926000
57,7179,7179,5c0b943,635051,635377,667053,667153,31.676000,32.002000
57,3789,3789,4ecd943,671051,671385,676991,677091,5.606000,5.940000
57,5060,5060,53c4943,672051,672377,694674,694774,22.297000,22.623000
57,4569,4569,51d9942,729439,729765,744121,744221,14.356000,14.682000
57,6077,6077,57bd942,754051,754385,767252,767352,12.867000,13.201000
57,4764,4764,529c940,830051,830377,840089,840189,9.712000,10.038000
57,3959,3959,4f77942,834051,834377,850903,851003,16.526000,16.852000
57,5056,5056,53c0942,862676,863010,870532,870632,7.522000,7.856000
57,4636,4636,521c940,866051,866385,885460,885560,19.075000,19.409000
57,5182,5182,543e942,880051,880377,890822,890922,10.445000,10.771000
57,5273,5273,5499941,957051,957385,967598,967698,10.213000,10.547000
57,5780,5780,5694943,1031051,1031377,1047982,1048081,16.605000,16.931000
57,6899,6899,5af3940,1048051,1048385,1058774,1058874,10.389000,10.723000
57,6463,6463,593f943,1040051,1040377,1069822,1069922,29.445000,29.771000
57,7143,7143,5be7942,1049051,1049377,1075323,1075423,25.946000,26.272000
57,6596,6596,59c4942,1034051,1034377,1091703,1091803,57.326000,57.652000
57,5359,5359,54ef941,1069051,1069385,1097229,1097329,27.844000,28.178000
57,4230,4230,5086942,1101051,1101385,1110584,1110684,9.199000,9.533000
57,6336,6336,58c0943,1110431,1110757,1117238,1117338,6.481000,6.807000
57,8319,8319,607f941,1154051,1154385,1178732,1178832,24.347000,24.681000
57,6310,6310,58a6943,1200051,1200377,1210687,1210787,10.310000,10.636000
57,5373,5373,54fd940,1266051,1266385,1280524,1280624,14.139000,14.473000
57,8999,8999,6327940,1311051,1311385,1319845,1319945,8.460000,8.794000
57,9372,9372,649c940,1401051,1401377,1424377,1424477,23.000000,23.326000
57,7426,7426,5d02942,1440988,1441314,1454230,1454330,12.916000,13.242000
57,5830,5830,56c6942,1451431,1451757,1473646,1473746,21.889000,22.215000
57,6027,6027,578b943,1476051,1476385,1485601,1485701,9.216000,9.550000
57,7959,7959,5f17940,1609051,1609385,1621243,1621343,11.858000,12.192000
57,8576,8576,6180942,1632051,1632377,1638366,1638466,5.989000,6.315000
57,9840,9840,6670940,1628051,1628377,1642576,1642676,14.199000,14.525000
57,9751,9751,6617942,1626051,1626385,1647930,1648030,21.545000,21.879000
57,10730,10730,69ea942,1687438,1687764,1700984,1701084,13.220000,13.546000
57,9345,9345,6481940,1815051,1815385,1823603,1823703,8.218000,8.552000
57,9259,9259,642b942,1834051,1834385,1851345,1851445,16.960000,17.294000
57,10313,10313,6849940,2389051,2389377,2403837,2403937,14.460000,14.786000
57,10034,10034,6732941,2723051,2723377,2732644,2732744,9.267000,9.593000
58,3,3,4003942,22051,22385,34274,34374,11.889000,12.223000
58,881,881,4371941,30781,31115,49562,49662,18.447000,18.781000
58,1143,1143,4477941,88051,88377,99490,99590,11.113000,11.439000
58,1739,1739,46cb940,161304,161638,193390,193490,31.752000,32.086000
58,223,223,40df942,192051,192385,207015,207115,14.630000,14.964000
58,867,867,4363941,191051,191385,212497,212597,21.112000,21.446000
58,2030,2030,47ee940,217621,217947,242324,242424,24.377000,24.703000
58,1682,1682,4692942,299051,299377,304127,304227,4.750000,5.076000
58,1308,1308,451c941,293503,293837,308293,308393,14.456000,14.790000
58,1790,1790,46fe941,325051,325385,332733,332833,7.348000,7.682000
58,3419,3419,4d5b941,369051,369385,375915,376015,6.530000,6.864000
58,2875,2875,4b3b942,381051,381377,407750,407850,26.373000,26.699000
58,2600,2600,4a28940,403051,403377,413069,413169,9.692000,10.018000
58,4593,4593,51f1941,380051,380385,418399,418499,38.014000,38.348000
58,1155,1155,4483940,462051,462377,481274,481374,18.897000,19.223000
58,3195,3195,4c7b941,512050,512385,533254,533354,20.869000,21.204000
58,4571,4571,51db941,611051,611377,628419,628519,17.042000,17.368000
58,2796,2796,4aec940,673051,673377,686816,686916,13.439000,13.765000
58,5768,5768,5688940,693416,693750,732957,733057,39.207000,39.541000
58,1988,1988,47c4942,701051,701385,738428,738528,37.043000,37.377000
58,5762,5762,5682942,669051,669377,743969,744069,74.592000,74.918000
58,6063,6063,57af943,816051,816377,825595,825695,9.218000,9.544000
58,3598,3598,4e0e940,852051,852385,862424,862524,10.039000,10.373000
58,6692,6692,5a24941,1030051,1030385,1045378,1045478,14.993000,15.327000
58,7993,7993,5f39941,1072051,1072385,1078944,1079044,6.559000,6.893000
58,9369,9369,6499943,1217051,1217377,1239596,1239696,22.219000,22.545000
58,8181,8181,5ff5941,1251051,1251385,1262113,1262213,10.728000,11.062000
58,9127,9127,63a7942,1255051,1255385,1267554,1267654,12.169000,12.503000
58,4945,4945,5351942,1264051,1264385,1277020,1277120,12.635000,12.969000
58,10386,10386,6892942,1300051,1300385,1310420,1310520,10.035000,10.369000
58,8339,8339,6093941,1360482,1360816,1382835,1382935,22.019000,22.353000
58,8473,8473,6119941,1490051,1490377,1506726,1506826,16.349000,16.675000
58,10246,10246,6806943,1543051,1543377,1550733,1550833,7.356000,7.682000
58,10500,10500,6904940,1584439,1584765,1592213,1592313,7.448000,7.774000
58,8655,8655,61cf941,1646051,1646385,1660555,1660655,14.170000,14.504000
58,10858,10858,6a6a940,1717501,1717827,1741692,1741792,23.865000,24.191000
58,8304,8304,6070940,1763051,1763377,1768971,1769071,5.594000,5.920000
58,9084,9084,637c940,1766519,1766853,1774158,1774258,7.305000,7.639000
58,10403,10403,68a3941,1908051,1908377,1919282,1919382,10.905000,11.231000
58,10037,10037,6735943,2276051,2276377,2292452,2292552,16.075000,16.401000
58,8229,8229,6025943,2400051,2400385,2411343,2411443,10.958000,11.292000
59,345,345,4159942,60051,60377,72318,72418,11.941000,12.267000
59,1735,1735,46c7943,104051,104377,116872,116972,12.495000,12.821000
59,469,469,41d5941,150152,150478,158034,158134,7.556000,7.882000
59,207,207,40cf940,159028,159362,180219,180319,20.857000,21.191000
59,2626,2626,4a42942,193051,193385,200129,200229,6.744000,7.078000
59,1891,1891,4763940,221051,221385,231680,231780,10.295000,10.629000
59,1496,1496,45d8943,257051,257376,273999,274099,16.623000,16.948000
59,3807,3807,4edf943,288051,288377,299195,299295,10.818000,11.144000
59,1951,1951,479f943,293051,293385,303394,303494,10.009000,10.343000
59,5126,5126,5406941,300051,300385,320975,321075,20.590000,20.924000
59,3039,3039,4bdf941,338439,338765,346179,346279,7.414000,7.740000
59,2896,2896,4b50943,464051,464377,473587,473687,9.210000,9.536000
59,2768,2768,4ad0943,480051,480385,502531,502631,22.146000,22.480000
59,2371,2371,4943943,499051,499385,514091,514191,14.706000,15.040000
59,3362,3362,4d22943,685051,685377,700919,701019,15.542000,15.868000
59,3197,3197,4c7d942,741051,741385,752259,752359,10.874000,11.208000
59,4943,4943,534f943,768051,768377,781044,781144,12.667000,12.993000
59,6814,6814,5a9e940,838051,838385,845679,845779,7.294000,7.628000
59,5870,5870,56ee940,886051,886385,894596,894696,8.211000,8.545000
59,3173,3173,4c65940,891051,891377,905186,905286,13.809000,14.135000
59,10619,10619,697b941,948051,948377,960531,960631,12.154000,12.480000
59,6648,6648,59f8941,948051,948377,964695,964795,16.318000,16.644000
59,6794,6794,5a8a943,966051,966385,977459,977559,11.074000,11.408000
59,5248,5248,5480940,989051,989385,998444,998544,9.059000,9.393000
59,7842,7842,5ea2943,1020416,1020742,1025469,1025569,4.727000,5.053000
59,5083,5083,53db941,1081051,1081377,1101350,1101450,19.973000,20.299000
59,6354,6354,58d2940,1174051,1174377,1187295,1187395,12.918000,13.244000
59,6615,6615,59d7941,1226051,1226377,1235463,1235563,9.086000,9.412000
59,8753,8753,6231940,1268051,1268385,1279448,1279548,11.063000,11.397000
59,8527,8527,614f940,1320051,1320377,1357929,1358029,37.552000,37.878000
59,10477,10477,68ed942,1390051,1390377,1399590,1399690,9.213000,9.539000
59,9237,9237,6415940,1408051,1408385,1457483,1457583,49.098000,49.432000
59,7946,7946,5f0a942,1480051,1480377,1502838,1502938,22.461000,22.787000
59,5364,5364,54f4943,1520051,1520377,1533917,1534017,13.540000,13.866000
59,8747,8747,622b941,1529439,1529765,1539278,1539378,9.513000,9.839000
59,8689,8689,61f1942,1521051,1521385,1544601,1544701,23.216000,23.550000
59,7512,7512,5d58942,1552051,1552385,1560879,1560979,8.494000,8.828000
59,9027,9027,6343941,1713051,1713377,1725894,1725994,12.517000,12.843000
59,7778,7778,5e62941,1727051,1727385,1740001,1740101,12.616000,12.950000
59,9700,9700,65e4943,2059051,2059385,2067601,2067700,8.216000,8.550000
59,8838,8838,6286943,2084051,2084385,2090880,2090979,6.495000,6.829000
59,9476,9476,6504942,2095051,2095377,2102742,2102842,7.365000,7.691000
59,10184,10184,67c8941,2376833,2377167,2392467,2392567,15.300000,15.634000
60,1171,1171,4493940,73051,73385,87753,87853,14.368000,14.702000
60,1567,1567,461f943,108051,108385,127032,127132,18.647000,18.981000
60,254,254,40fe943,136051,136385,151391,151491,15.006000,15.340000
60,967,967,43c7943,219051,219385,227545,227645,8.160000,8.494000
60,2046,2046,47fe943,235051,235385,241916,242016,6.531000,6.865000
60,2902,2902,4b56943,225051,225377,259371,259471,33.994000,34.320000
60,1663,1663,467f943,241051,241385,264782,264882,23.397000,23.731000
60,685,685,42ad942,269051,269385,343925,344025,74.540000,74.874000
60,3165,3165,4c5d942,376051,376385,385763,385863,9.378000,9.712000
60,3715,3715,4e83941,416051,416385,439531,439631,23.146000,23.480000
60,1563,1563,461b943,429439,429773,444939,445039,15.166000,15.500000
60,3356,3356,4d1c941,403051,403385,457238,457338,53.853000,54.187000
60,3056,3056,4bf0941,487051,487377,506468,506568,19.091000,19.417000
60,1302,1302,4516943,490051,490377,523797,523896,33.420000,33.746000
60,3963,3963,4f7b940,586051,586385,609386,609486,23.001000,23.335000
60,2777,2777,4ad9940,592051,592385,616190,616290,23.805000,24.139000
60,2530,2530,49e2941,591395,591721,625116,625216,33.395000,33.721000
60,2856,2856,4b28942,669051,669385,684521,684621,15.136000,15.470000
60,3625,3625,4e29940,771051,771385,803509,803609,32.124000,32.458000
60,4356,4356,5104941,777051,777377,812024,812124,34.647000,34.973000
60,5457,5457,5551943,842051,842377,852414,852514,10.037000,10.363000
60,6512,6512,5970940,861051,861385,879780,879880,18.395000,18.729000
60,5125,5125,5405940,918051,918385,935131,935231,16.746000,17.080000
60,7558,7558,5d86941,952051,952377,961523,961623,9.146000,9.472000
60,7999,7999,5f3f942,967051,967377,979213,979313,11.836000,12.162000
60,6158,6158,580e941,981051,981385,990529,990629,9.144000,9.478000
60,9426,9426,64d2941,1010750,1011076,1038112,1038212,27.036000,27.362000
60,4900,4900,5324942,1166051,1166385,1172003,1172103,5.618000,5.952000
60,7896,7896,5ed8942,1198051,1198385,1208365,1208465,9.980000,10.314000
60,6319,6319,58af940,1208051,1208377,1222524,1222624,14.147000,14.473000
60,5479,5479,5567943,1265051,1265385,1280710,1280810,15.325000,15.659000
60,8452,8452,6104942,1318051,1318377,1326642,1326742,8.265000,8.591000
60,5277,5277,549d942,1326051,1326385,1339436,1339536,13.051000,13.385000
60,8913,8913,62d1940,1409051,1409377,1422076,1422176,12.699000,13.025000
60,6419,6419,5913942,1512051,1512377,1531807,1531907,19.430000,19.756000
60,5949,5949,573d941,1557051,1557377,1567359,1567459,9.982000,10.308000
60,7323,7323,5c9b941,1578051,1578377,1586501,1586601,8.124000,8.450000
60,10226,10226,67f2942,1662051,1662385,1677815,1677915,15.430000,15.764000
60,9446,9446,64e6942,1805051,1805385,1823284,1823384,17.899000,18.233000
60,9632,9632,65a0943,1847051,1847385,1853909,1854009,6.524000,6.858000
60,9575,9575,6567942,1904051,1904385,1920384,1920484,15.999000,16.333000
60,6770,6770,5a72943,1989051,1989385,1998622,1998722,9.237000,9.571000
60,9986,9986,6702942,2027051,2027377,2046127,2046227,18.750000,19.076000
60,10860,10860,6a6c940,2141051,2141377,2152272,2152372,10.895000,11.221000
61,942,942,43ae941,39457,39783,50023,50123,10.240000,10.566000
61,408,408,4198940,42051,42377,54191,54291,11.814000,12.140000
61,1177,1177,4499942,49051,49385,59563,59663,10.178000,10.512000
61,891,891,437b941,43051,43377,63700,63800,20.323000,20.649000
61,1924,1924,4784941,79051,79385,98131,98231,18.746000,19.080000
61,735,735,42df943,127051,127377,150484,150584,23.107000,23.433000
61,144,144,4090941,144051,144385,163446,163546,19.061000,19.395000
61,1103,1103,444f940,191453,191779,206949,207049,15.170000,15.496000
61,1994,1994,47ca941,248051,248385,282056,282156,33.671000,34.005000
61,3246,3246,4cae942,255051,255377,287631,287731,32.254000,32.580000
61,1408,1408,4580940,281051,281377,304064,304164,22.687000,23.013000
61,1930,1930,478a942,369051,369385,377988,378088,8.603000,8.937000
61,2135,2135,4857943,403051,403385,411561,411661,8.176000,8.510000
61,922,922,439a942,493051,493377,498157,498257,4.780000,5.106000
61,4225,4225,5081940,570051,570385,584888,584988,14.503000,14.837000
61,5090,5090,53e2940,620051,620377,642324,642424,21.947000,22.273000
61,5557,5557,55b5943,671051,671385,699673,699773,28.288000,28.622000
61,5322,5322,54ca943,671051,671377,705192,705292,33.815000,34.141000
61,6198,6198,5836941,706051,706377,732249,732349,25.872000,26.198000
61,4055,4055,4fd7940,747051,747377,753024,753124,5.647000,5.973000
61,3533,3533,4dcd940,740416,740750,763143,763243,22.393000,22.727000
61,3941,3941,4f65941,816051,816385,837297,837397,20.912000,21.246000
61,5106,5106,53f2941,885051,885377,896293,896393,10.916000,11.242000
61,5990,5990,5766940,952051,952385,960593,960693,8.208000,8.542000
61,6070,6070,57b6940,977051,977377,988541,988641,11.164000,11.490000
61,8592,8592,6190943,1032051,1032385,1038906,1039006,6.521000,6.855000
61,8469,8469,6115942,1069051,1069377,1077952,1078052,8.575000,8.901000
61,7262,7262,5c5e940,1053051,1053377,1082126,1082226,28.749000,29.075000
61,6171,6171,581b942,1099051,1099377,1106719,1106819,7.342000,7.668000
61,7085,7085,5bad940,1133051,1133377,1143475,1143575,10.098000,10.424000
61,7892,7892,5ed4942,1202051,1202385,1218089,1218189,15.704000,16.038000
61,8796,8796,625c940,1304051,1304377,1311753,1311853,7.376000,7.702000
61,7021,7021,5b6d943,1329051,1329377,1356826,1356926,27.449000,27.775000
61,4353,4353,5101943,1377051,1377385,1386193,1386293,8.808000,9.142000
61,10356,10356,6874941,1426051,1426377,1436380,1436480,10.003000,10.329000
61,10689,10689,69c1941,1420051,1420377,1449900,1450000,29.523000,29.849000
61,9428,9428,64d4942,1443051,1443385,1483035,1483135,39.650000,39.984000
61,8482,8482,6122943,1511169,1511503,1532003,1532103,20.500000,20.834000
61,8918,8918,62d6943,1678051,1678377,1685791,1685891,7.414000,7.740000
61,8449,8449,6101941,2027402,2027736,2044020,2044120,16.284000,16.618000
61,10812,10812,6a3c943,2294051,2294385,2315208,2315308,20.823000,21.157000
61,10995,10995,6af3943,2686051,2686385,2694635,2694735,8.250000,8.584000
62,174,174,40ae942,29051,29385,52127,52227,22.742000,23.076000
62,64,64,4040941,41051,41385,57473,57573,16.088000,16.422000
62,4,4,4004942,58051,58385,67979,68079,9.594000,9.928000
62,1681,1681,4691942,69670,70004,95737,95837,25.733000,26.067000
62,1718,1718,46b6940,179570,179904,191066,191166,11.162000,11.496000
62,2976,2976,4ba0943,162051,162385,196722,196822,34.337000,34.671000
62,1182,1182,449e943,221051,221377,227505,227605,6.128000,6.454000
62,3240,3240,4ca8940,246051,246377,258214,258314,11.837000,12.163000
62,842,842,434a942,253402,253736,288972,289072,35.236000,35.570000
62,1421,1421,458d942,327051,327377,337359,337459,9.982000,10.308000
62,5088,5088,53e0940,379051,379385,407874,407974,28.489000,28.823000
62,2096,2096,4830941,421051,421385,432881,432981,11.496000,11.830000
62,2576,2576,4a10940,445416,445750,481090,481190,35.340000,35.674000
62,3583,3583,4dff943,484051,484377,495203,495303,10.826000,11.152000
62,2217,2217,48a9943,500051,500385,520934,521035,20.549000,20.883000
62,3394,3394,4d42942,514050,514385,532136,532236,17.751000,18.086000
62,4693,4693,5255943,580051,580377,593562,593662,13.185000,13.511000
62,5285,5285,54a5941,583051,583377,602271,602371,18.894000,19.220000
62,4847,4847,52ef942,683453,683779,688575,688675,4.796000,5.122000
62,5792,5792,56a0943,669409,669743,692724,692824,22.981000,23.315000
62,6425,6425,5919940,704051,704377,716515,716615,12.138000,12.464000
62,5741,5741,566d940,712051,712385,720715,720815,8.330000,8.664000
62,2903,2903,4b57940,704051,704377,733302,733402,28.925000,29.251000
62,4198,4198,5066941,760051,760377,773107,773207,12.730000,13.056000
62,7013,7013,5b65940,862051,862377,870607,870707,8.230000,8.556000
62,3937,3937,4f61943,892051,892385,908527,908627,16.142000,16.476000
62,7339,7339,5cab940,917051,917385,932950,933050,15.565000,15.899000
62,5469,5469,555d943,932051,932385,945897,945997,13.512000,13.846000
62,6641,6641,59f1940,946051,946377,952003,952103,5.626000,5.952000
62,9755,9755,661b941,953051,953385,969516,969616,16.131000,16.465000
62,7803,7803,5e7b941,951051,951385,983678,983778,32.293000,32.627000
62,4091,4091,4ffb943,994051,994377,1004314,1004414,9.937000,10.263000
62,4991,4991,537f943,997438,997764,1015310,1015410,17.546000,17.872000
62,7359,7359,5cbf940,1016051,1016385,1021931,1022031,5.546000,5.880000
62,4531,4531,51b3941,1049051,1049377,1057586,1057686,8.209000,8.535000
62,5738,5738,566a941,1063051,1063377,1081870,1081970,18.493000,18.819000
62,6832,6832,5ab0940,1090051,1090385,1106814,1106914,16.429000,16.763000
62,6800,6800,5a90940,1235051,1235385,1267433,1267533,32.048000,32.382000
62,7115,7115,5bcb940,1245051,1245385,1278325,1278425,32.940000,33.274000
62,7178,7178,5c0a940,1257051,1257377,1283863,1283963,26.486000,26.812000
62,9080,9080,6378943,1353051,1353385,1361591,1361691,8.206000,8.540000
62,10914,10914,6aa2941,1396416,1396750,1427195,1427295,30.445000,30.779000
62,8976,8976,6310942,1428051,1428385,1447522,1447622,19.137000,19.471000
62,6756,6756,5a64940,1477051,1477377,1490596,1490696,13.219000,13.545000
62,10225,10225,67f1943,1598051,1598385,1619718,1619818,21.333000,21.667000
62,10177,10177,67c1941,1634051,1634377,1655832,1655932,21.455000,21.781000
62,10870,10870,6a76940,1673804,1674130,1679714,1679814,5.584000,5.910000
62,10733,10733,69ed943,1704051,1704377,1721044,1721144,16.667000,16.993000
62,7947,7947,5f0b943,1705051,1705377,1726579,1726679,21.202000,21.528000
62,8191,8191,5fff943,1787051,1787385,1794773,1794873,7.388000,7.722000
62,8424,8424,60e8941,1998051,1998377,2005773,2005873,7.396000,7.722000
63,1178,1178,449a940,68231,68557,82981,83081,14.424000,14.750000
63,312,312,4138940,87051,87385,101761,101861,14.376000,14.710000
63,990,990,43de941,72065,72391,107247,107347,34.856000,35.182000
63,117,117,4075942,100051,100385,123702,123802,23.317000,23.651000
63,1581,1581,462d941,172051,172377,194933,195033,22.556000,22.882000
63,521,521,4209942,287051,287385,313721,313821,26.336000,26.670000
63,2228,2228,48b4942,301425,301759,324675,324775,22.916000,23.250000
63,1210,1210,44ba943,319051,319385,335693,335793,16.308000,16.642000
63,1383,1383,4567941,318051,318385,346734,346834,28.349000,28.683000
63,2920,2920,4b68943,406051,406377,419710,419810,13.333000,13.659000
63,5696,5696,5640941,602775,603109,625052,625152,21.943000,22.277000
63,2143,2143,485f943,616051,616377,649590,649690,33.213000,33.539000
63,3987,3987,4f93943,627051,627377,655138,655238,27.761000,28.087000
63,4541,4541,51bd941,681051,681377,691368,691468,9.991000,10.317000
63,5087,5087,53df942,700783,701117,711944,712044,10.827000,11.161000
63,7587,7587,5da3942,933051,933385,944248,944348,10.863000,11.197000
63,4500,4500,5194943,947051,947377,965460,965560,18.083000,18.409000
63,3282,3282,4cd2941,959416,959742,982543,982643,22.801000,23.127000
63,7534,7534,5d6e940,980453,980779,988179,988279,7.400000,7.726000
63,5694,5694,563e940,988051,988385,997535,997635,9.150000,9.484000
63,7488,7488,5d40940,1062051,1062385,1074260,1074360,11.875000,12.209000
63,7365,7365,5cc5940,1121051,1121377,1132144,1132244,10.767000,11.093000
63,5476,5476,5564941,1154051,1154377,1175973,1176073,21.596000,21.922000
63,8049,8049,5f71943,1245051,1245377,1263255,1263355,17.878000,18.204000
63,6945,6945,5b21942,1420051,1420377,1455226,1455326,34.849000,35.175000
63,9233,9233,6411943,1484051,1484385,1497891,1497991,13.506000,13.840000
63,8352,8352,60a0943,1502051,1502377,1517354,1517454,14.977000,15.303000
63,8502,8502,6136940,1485051,1485385,1521498,1521598,36.113000,36.447000
63,10156,10156,67ac942,1837453,1837779,1846852,1846952,9.073000,9.399000
63,8717,8717,620d940,1880051,1880377,1891673,1891773,11.296000,11.622000
63,7664,7664,5df0941,1932051,1932377,1945765,1945865,13.388000,13.714000
63,10762,10762,6a0a943,2123051,2123385,2137738,2137838,14.353000,14.687000
63,7189,7189,5c15943,2129051,2129377,2148060,2148160,18.683000,19.009000
63,10346,10346,686a941,2159051,2159377,2169931,2170031,10.554000,10.880000
63,10302,10302,683e943,2310051,2310377,2319525,2319625,9.148000,9.474000
64,47,47,402f940,54051,54385,59143,59243,4.758000,5.092000
64,1603,1603,4643943,89051,89377,132216,132316,42.839000,43.165000
64,1348,1348,4544942,131453,131779,159232,159332,27.453000,27.779000
64,1393,1393,4571941,193051,193385,200775,200875,7.390000,7.724000
64,1390,1390,456e942,246051,246385,261210,261311,14.825000,15.159000
64,2094,2094,482e940,371051,371377,376144,376244,4.767000,5.093000
64,1575,1575,4627940,404051,404385,413469,413569,9.084000,9.418000
64,2841,2841,4b19943,389051,389377,418953,419053,29.576000,29.902000
64,1075,1075,4433941,418051,418377,429847,429947,11.470000,11.796000
64,4573,4573,51dd941,421051,421377,435340,435440,13.963000,14.289000
64,1277,1277,44fd943,455051,455377,469265,469365,13.888000,14.214000
64,2184,2184,4888943,502051,502377,523164,523264,20.787000,21.113000
64,1503,1503,45df940,513050,513377,527839,527939,14.462000,14.789000
64,2757,2757,4ac5942,539051,539385,546741,546841,7.356000,7.690000
64,1464,1464,45b8943,558051,558377,565745,565845,7.368000,7.694000
64,1789,1789,46fd940,568051,568377,576755,576855,8.378000,8.704000
64,4687,4687,524f941,605745,606079,625484,625584,19.405000,19.739000
64,1701,1701,46a5942,652051,652385,664411,664511,12.026000,12.360000
64,3036,3036,4bdc940,664051,664377,709586,709686,45.209000,45.535000
64,6432,6432,5920941,705051,705377,713759,713859,8.382000,8.708000
64,4964,4964,5364941,686051,686385,720372,720472,33.987000,34.321000
64,6963,6963,5b33942,719051,719385,752387,752487,33.002000,33.336000
64,4738,4738,5282940,812051,812385,830222,830322,17.837000,18.171000
64,6622,6622,59de942,881051,881385,890569,890669,9.184000,9.518000
64,5753,5753,5679941,922051,922385,942140,942240,19.755000,20.089000
64,7718,7718,5e26942,946051,946385,964932,965032,18.547000,18.881000
64,8196,8196,6004941,1027051,1027385,1038190,1038290,10.805000,11.139000
64,8374,8374,60b6941,1172051,1172377,1180658,1180758,8.281000,8.607000
64,7656,7656,5de8940,1316051,1316385,1322832,1322932,6.447000,6.781000
64,7807,7807,5e7f942,1394051,1394385,1419230,1419330,24.845000,25.179000
64,9521,9521,6531943,1414051,1414377,1433352,1433452,18.975000,19.301000
64,10309,10309,6845940,1436051,1436377,1441963,1442063,5.586000,5.912000
64,10283,10283,682b943,1431051,1431385,1447303,1447403,15.918000,16.252000
64,9974,9974,66f6941,1461051,1461377,1467834,1467934,6.457000,6.783000
64,9430,9430,64d6942,1548051,1548377,1561632,1561732,13.255000,13.581000
64,8698,8698,61fa943,1812051,1812377,1818870,1818970,6.493000,6.819000
64,10854,10854,6a66943,1990051,1990377,2011866,2011966,21.489000,21.815000
64,9151,9151,63bf943,2262051,2262377,2274797,2274897,12.420000,12.746000
64,10335,10335,685f943,2336051,2336385,2351795,2351895,15.410000,15.744000
65,498,498,41f2942,56051,56385,63769,63869,7.384000,7.718000
65,753,753,42f1942,56051,56385,83992,84092,27.607000,27.941000
65,326,326,4146941,109538,109864,135897,135997,26.033000,26.359000
65,357,357,4165941,120051,120385,147369,147469,26.984000,27.318000
65,1116,1116,445c941,147051,147385,159771,159871,12.386000,12.720000
65,995,995,43e3941,194051,194385,208460,208560,14.075000,14.409000
65,1230,1230,44ce941,270051,270385,278719,278819,8.334000,8.668000
65,2171,2171,487b940,306051,306385,327678,327778,21.293000,21.627000
65,2247,2247,48c7942,402051,402377,441769,441869,39.392000,39.718000
65,2182,2182,4886942,524050,524385,529988,530088,5.603000,5.938000
65,6191,6191,582f942,560051,560385,574153,574253,13.768000,14.102000
65,6080,6080,57c0943,564051,564385,593502,593602,29.117000,29.451000
65,4839,4839,52e7943,649051,649377,676082,676182,26.705000,27.031000
65,3698,3698,4e72941,784426,784760,791213,791313,6.453000,6.787000
65,6352,6352,58d0943,790051,790377,818827,818927,28.450000,28.776000
65,6992,6992,5b50942,826367,826701,834073,834173,7.372000,7.706000
65,3887,3887,4f2f941,848051,848385,867777,867877,19.392000,19.726000
65,4717,4717,526d942,928051,928377,942197,942297,13.820000,14.146000
65,7324,7324,5c9c943,933051,933377,953245,953345,19.868000,20.194000
65,7399,7399,5ce7940,975051,975385,989129,989229,13.744000,14.078000
65,3837,3837,4efd943,1005051,1005377,1016448,1016548,11.071000,11.397000
65,3678,3678,4e5e942,1026051,1026377,1033936,1034037,7.559000,7.885000
65,9804,9804,664c942,1044051,1044377,1057534,1057634,13.157000,13.483000
65,6057,6057,57a9943,1105051,1105385,1114602,1114702,9.217000,9.551000
65,8129,8129,5fc1942,1139051,1139377,1152843,1152943,13.466000,13.792000
65,6583,6583,59b7942,1129402,1129736,1158307,1158407,28.571000,28.905000
65,2653,2653,4a5d942,1209051,1209385,1221494,1221594,12.109000,12.443000
65,4780,4780,52ac940,1325051,1325377,1336307,1336407,10.930000,11.256000
65,9118,9118,639e941,1354051,1354377,1367092,1367192,12.715000,13.041000
65,9938,9938,66d2941,1386051,1386377,1421606,1421706,35.229000,35.555000
65,7953,7953,5f11940,1414051,1414377,1426997,1427097,12.620000,12.946000
65,10532,10532,6924941,1476418,1476752,1495201,1495301,18.449000,18.783000
65,5666,5666,5622940,1488051,1488377,1502867,1502967,14.490000,14.816000
65,5156,5156,5424943,1482051,1482385,1507286,1507386,24.901000,25.235000
65,9644,9644,65ac940,1630051,1630385,1651389,1651489,21.004000,21.338000
65,7657,7657,5de9943,1851051,1851385,1871180,1871280,19.795000,20.129000
65,10407,10407,68a7941,2047051,2047385,2060907,2061006,13.522000,13.856000
65,8420,8420,60e4941,2091051,2091385,2114880,2114980,23.495000,23.829000
65,9691,9691,65db941,2126051,2126377,2132020,2132120,5.643000,5.969000
65,9590,9590,6576943,2218424,2218750,2227800,2227900,9.050000,9.376000
65,10700,10700,69cc940,2500051,2500385,2517532,2517632,17.147000,17.481000
65,9861,9861,6685940,2512051,2512385,2521730,2521830,9.345000,9.679000
66,196,196,40c4940,42051,42385,48026,48126,5.641000,5.975000
66,1094,1094,4446942,218051,218385,233332,233432,14.947000,15.281000
66,3632,3632,4e30941,212481,212815,237545,237645,24.730000,25.064000
66,1322,1322,452a942,235051,235377,244522,244622,9.145000,9.471000
66,887,887,4377942,219051,219377,248709,248809,29.332000,29.658000
66,679,679,42a7942,277491,277825,288026,288126,10.201000,10.535000
66,918,918,4396942,248051,248385,293237,293337,44.852000,45.186000
66,1085,1085,443d941,256051,256376,297405,297505,41.029000,41.354000
66,3045,3045,4be5942,268051,268377,302796,302896,34.419000,34.745000
66,2471,2471,49a7943,274051,274385,312316,312416,37.931000,38.265000
66,948,948,43b4943,355051,355377,360089,360189,4.712000,5.038000
66,2508,2508,49cc940,465425,465759,477618,477718,11.859000,12.193000
66,2187,2187,488b940,479830,480164,488533,488633,8.369000,8.703000
66,1967,1967,47af941,486051,486385,492701,492801,6.316000,6.650000
66,3108,3108,4c24940,491409,491743,504519,504619,12.776000,13.110000
66,1377,1377,4561943,505051,505385,516385,516485,11.000000,11.334000
66,4096,4096,5000941,498051,498385,521853,521954,23.468000,23.802000
66,4187,4187,505b943,571051,571377,581705,581805,10.328000,10.654000
66,2579,2579,4a13943,620051,620377,637800,637900,17.423000,17.749000
66,3914,3914,4f4a940,630051,630385,642020,642120,11.635000,11.969000
66,2566,2566,4a06943,662051,662385,679693,679793,17.308000,17.642000
66,2882,2882,4b42940,717051,717385,724823,724923,7.438000,7.772000
66,6621,6621,59dd942,643410,643736,730785,730885,87.049000,87.375000
66,4054,4054,4fd6940,722446,722780,748652,748752,25.872000,26.206000
66,5458,5458,5552943,741051,741385,763000,763100,21.615000,21.949000
66,3484,3484,4d9c940,752051,752377,772950,773050,20.573000,20.899000
66,5015,5015,5397941,784051,784377,798895,798995,14.518000,14.844000
66,4920,4920,5338941,807497,807831,827598,827698,19.767000,20.101000
66,6602,6602,59ca942,834051,834385,840822,840922,6.437000,6.771000
66,4217,4217,5079941,867051,867385,877726,877826,10.341000,10.675000
66,3926,3926,4f56940,989051,989385,995056,995156,5.671000,6.005000
66,5676,5676,562c941,972051,972385,999205,999305,26.820000,27.154000
66,8863,8863,629f943,1072051,1072377,1083808,1083908,11.431000,11.757000
66,4389,4389,5125942,1133051,1133377,1158586,1158686,25.209000,25.535000
66,7508,7508,5d54942,1215051,1215385,1222779,1222879,7.394000,7.728000
66,5203,5203,5453942,1257051,1257377,1273900,1274000,16.523000,16.849000
66,9883,9883,669b942,1346051,1346377,1352033,1352133,5.656000,5.982000
66,8738,8738,6222940,1429051,1429377,1450841,1450941,21.464000,21.790000
66,10483,10483,68f3941,1471051,1471377,1488913,1489013,17.536000,17.862000
66,7793,7793,5e71943,1662754,1663080,1672319,1672419,9.239000,9.565000
66,8909,8909,62cd941,1744051,1744385,1755212,1755312,10.827000,11.161000
66,5495,5495,5577942,1773051,1773377,1795618,1795718,22.241000,22.567000
66,10824,10824,6a48941,1787051,1787377,1799865,1799965,12.488000,12.814000
66,8821,8821,6275941,1966051,1966377,1973690,1973790,7.313000,7.639000
66,10394,10394,689a941,1979051,1979377,1997249,1997349,17.872000,18.198000
66,9395,9395,64b3941,2086392,2086718,2096034,2096133,9.316000,9.642000
66,9885,9885,669d941,2116051,2116377,2123716,2123816,7.339000,7.665000
66,10588,10588,695c941,2168051,2168377,2177651,2177751,9.274000,9.600000
66,10233,10233,67f9942,2354051,2354385,2363509,2363609,9.124000,9.458000
67,400,400,4190943,119051,119377,152070,152170,32.693000,33.019000
67,330,330,414a942,149051,149385,156264,156364,6.879000,7.213000
67,784,784,4310942,151381,151715,162822,162922,11.107000,11.441000
67,780,780,430c940,205051,205385,219766,219866,14.381000,14.715000
67,996,996,43e4941,239051,239377,274382,274482,35.005000,35.331000
67,1826,1826,4722942,280887,281221,308957,309057,27.736000,28.070000
67,1618,1618,4652940,299051,299377,314621,314721,15.244000,15.570000
67,3230,3230,4c9e940,316618,316952,325264,325364,8.312000,8.646000
67,489,489,41e9942,365051,365377,379958,380058,14.581000,14.907000
67,2168,2168,4878943,506051,506385,522381,522481,15.996000,16.330000
67,3609,3609,4e19942,571051,571377,583956,584056,12.579000,12.905000
67,3089,3089,4c11942,568051,568385,589465,589565,21.080000,21.414000
67,5100,5100,53ec942,612051,612385,623302,623402,10.917000,11.251000
67,4813,4813,52cd942,668051,668377,681266,681366,12.889000,13.215000
67,2620,2620,4a3c941,679439,679765,697121,697221,17.356000,17.682000
67,4403,4403,5133940,710051,710385,720508,720608,10.123000,10.457000
67,3693,3693,4e6d940,709051,709377,724717,724817,15.340000,15.666000
67,3067,3067,4bfb943,828051,828377,833171,833271,4.794000,5.120000
67,6395,6395,58fb942,834435,834761,851231,851331,16.470000,16.796000
67,5807,5807,56af940,851343,851677,860002,860102,8.325000,8.659000
67,2967,2967,4b97941,826051,826377,873139,873239,46.762000,47.088000
67,4863,4863,52ff941,864051,864377,884127,884227,19.750000,20.076000
67,4892,4892,531c940,853051,853377,913611,913711,60.234000,60.560000
67,4832,4832,52e0942,948051,948377,980496,980596,32.119000,32.445000
67,7619,7619,5dc3941,999051,999385,1018340,1018440,18.955000,19.289000
67,6183,6183,5827943,1033395,1033729,1044906,1045006,11.177000,11.511000
67,6130,6130,57f2940,1142051,1142377,1148837,1148937,6.460000,6.786000
67,5099,5099,53eb940,1198051,1198385,1207960,1208060,9.575000,9.909000
67,9123,9123,63a3943,1191051,1191385,1215657,1215757,24.272000,24.606000
67,6115,6115,57e3942,1204051,1204377,1228067,1228167,23.690000,24.016000
67,7045,7045,5b85943,1316445,1316779,1343704,1343804,26.925000,27.259000
67,10790,10790,6a26942,1345051,1345377,1354680,1354780,9.303000,9.629000
67,8088,8088,5f98943,1366051,1366385,1372033,1372133,5.648000,5.982000
67,10181,10181,67c5940,1369051,1369385,1382932,1383032,13.547000,13.881000
67,10630,10630,6986940,1392051,1392385,1402457,1402557,10.072000,10.406000
67,9121,9121,63a1940,1415051,1415377,1422735,1422835,7.358000,7.684000
67,5405,5405,551d942,1457051,1457377,1463848,1463948,6.471000,6.797000
67,7292,7292,5c7c943,1470051,1470385,1498620,1498720,28.235000,28.569000
67,5223,5223,5467940,1493051,1493377,1502819,1502919,9.442000,9.768000
67,9347,9347,6483942,1506051,1506385,1521954,1522054,15.569000,15.903000
67,8566,8566,6176940,1520051,1520385,1531448,1531548,11.063000,11.397000
67,8711,8711,6207940,1552051,1552377,1570680,1570780,18.303000,18.629000
67,10838,10838,6a56940,1665051,1665385,1673713,1673813,8.328000,8.662000
67,10019,10019,6723941,1666051,1666385,1677907,1678007,11.522000,11.856000
67,7130,7130,5bda940,1685625,1685959,1692420,1692520,6.461000,6.795000
67,9627,9627,659b941,1791051,1791377,1799906,1800006,8.529000,8.855000
67,10206,10206,67de943,1836051,1836377,1842053,1842153,5.676000,6.002000
67,6466,6466,5942941,1983716,1984050,2002360,2002460,18.310000,18.644000
67,10339,10339,6863940,1995051,1995385,2006527,2006627,11.142000,11.476000
67,9647,9647,65af941,2052051,2052385,2059711,2059812,7.326000,7.660000
67,10262,10262,6816942,2065410,2065736,2080361,2080461,14.625000,14.951000
67,10415,10415,68af943,2234439,2234773,2255766,2255866,20.993000,21.327000
68,1622,1622,4656941,67752,68078,92350,92450,24.272000,24.598000
68,1520,1520,45f0941,135051,135385,149699,149799,14.314000,14.648000
68,101,101,4065942,151051,151385,160330,160430,8.945000,9.279000
68,954,954,43ba942,178051,178385,191000,191100,12.615000,12.949000
68,406,406,4196942,227051,227377,249017,249117,21.640000,21.966000
68,2507,2507,49cb943,254051,254385,301608,301708,47.223000,47.557000
68,2756,2756,4ac4943,300051,300377,322597,322697,22.220000,22.546000
68,1570,1570,4622943,332051,332385,345798,345898,13.413000,13.747000
68,4524,4524,51ac942,439051,439377,450382,450482,11.005000,11.331000
68,5058,5058,53c2943,459051,459385,473804,473904,14.419000,14.753000
68,3116,3116,4c2c943,558051,558385,567582,567682,9.197000,9.531000
68,2248,2248,48c8942,520050,520377,571754,571854,51.377000,51.704000
68,4061,4061,4fdd942,630051,630385,635986,636086,5.601000,5.935000
68,4771,4771,52a3943,634051,634385,644503,644603,10.118000,10.452000
68,4588,4588,51ec942,641240,641566,657033,657133,15.467000,15.793000
68,5447,5447,5547943,711051,711385,720765,720865,9.380000,9.714000
68,5882,5882,56fa941,799051,799385,804150,804250,4.765000,5.099000
68,2011,2011,47db941,807051,807385,829112,829212,21.727000,22.061000
68,3517,3517,4dbd940,862944,863270,868814,868914,5.544000,5.870000
68,9150,9150,63be943,853051,853385,874321,874421,20.936000,21.270000
68,5435,5435,553b942,867051,867377,878568,878668,11.191000,11.517000
68,7812,7812,5e84943,949409,949743,966057,966157,16.314000,16.648000
68,6273,6273,5881941,959051,959377,971565,971665,12.188000,12.514000
68,5173,5173,5435941,958051,958385,977055,977155,18.670000,19.004000
68,5685,5685,5635942,967051,967385,981766,981866,14.381000,14.715000
68,8208,8208,6010943,985051,985377,993495,993595,8.118000,8.444000
68,7004,7004,5b5c941,969051,969377,998837,998937,29.460000,29.786000
68,7402,7402,5cea943,950431,950757,1009376,1009476,58.619000,58.945000
68,5996,5996,576c942,994051,994377,1020703,1020803,26.326000,26.652000
68,10883,10883,6a83943,1211051,1211377,1217979,1218079,6.602000,6.928000
68,4572,4572,51dc943,1238051,1238377,1256134,1256234,17.757000,18.083000
68,6097,6097,57d1940,1281051,1281377,1299088,1299188,17.711000,18.037000
68,7580,7580,5d9c940,1433416,1433742,1448755,1448855,15.013000,15.339000
68,8128,8128,5fc0941,1439340,1439666,1459169,1459269,19.503000,19.829000
68,6414,6414,590e941,1477051,1477385,1483889,1483989,6.504000,6.838000
68,10333,10333,685d943,1519051,1519377,1526998,1527098,7.621000,7.947000
68,5727,5727,565f940,1596051,1596385,1602035,1602135,5.650000,5.984000
68,9018,9018,633a941,1864051,1864377,1871758,1871858,7.381000,7.707000
68,10072,10072,6758942,1887051,1887377,1899920,1900020,12.543000,12.869000
68,8652,8652,61cc943,2055051,2055377,2072293,2072392,16.916000,17.242000
68,8538,8538,615a943,2062051,2062385,2076496,2076595,14.111000,14.445000
68,8927,8927,62df943,2221416,2221750,2237703,2237803,15.953000,16.287000
69,368,368,4170941,140051,140385,165147,165247,24.762000,25.096000
69,529,529,4211940,150051,150385,178476,178576,28.091000,28.425000
69,1743,1743,46cf941,248051,248377,253057,253157,4.680000,5.006000
69,2141,2141,485d940,244051,244377,257246,257347,12.869000,13.195000
69,2070,2070,4816942,265051,265385,285116,285216,19.731000,20.065000
69,2847,2847,4b1f941,336765,337099,350600,350700,13.501000,13.835000
69,2033,2033,47f1940,502051,502377,508856,508956,6.479000,6.805000
69,3620,3620,4e24943,495051,495385,513252,513352,17.867000,18.201000
69,2564,2564,4a04941,510051,510385,525160,525260,14.775000,15.109000
69,3487,3487,4d9f942,570879,571213,577734,577834,6.521000,6.855000
69,6462,6462,593e941,599051,599385,613918,614018,14.533000,14.867000
69,2752,2752,4ac0942,714051,714377,721763,721863,7.386000,7.712000
69,4365,4365,510d943,747051,747377,763558,763658,16.181000,16.507000
69,3247,3247,4caf943,819051,819385,824969,825069,5.584000,5.918000
69,5554,5554,55b2943,825051,825377,831844,831944,6.467000,6.793000
69,5663,5663,561f942,875051,875385,883351,883451,7.966000,8.300000
69,3788,3788,4ecc943,873051,873377,888854,888954,15.477000,15.803000
69,5468,5468,555c941,892051,892385,909742,909842,17.357000,17.691000
69,3718,3718,4e86940,910051,910385,920472,920572,10.087000,10.421000
69,7547,7547,5d7b943,980051,980385,993074,993174,12.689000,13.023000
69,6487,6487,5957942,981051,981385,998588,998688,17.203000,17.537000
69,5715,5715,5653942,998051,998385,1010412,1010512,12.027000,12.361000
69,6508,6508,596c940,1010439,1010765,1016330,1016430,5.565000,5.891000
69,8219,8219,601b942,1017051,1017385,1032963,1033062,15.578000,15.912000
69,10597,10597,6965941,1038051,1038377,1045731,1045830,7.354000,7.680000
69,5740,5740,566c943,1038051,1038385,1049887,1049987,11.502000,11.836000
69,6452,6452,5934940,1094051,1094385,1104417,1104517,10.032000,10.366000
69,6907,6907,5afb940,1199051,1199377,1207539,1207639,8.162000,8.488000
69,6709,6709,5a35943,1206051,1206377,1214705,1214805,8.328000,8.654000
69,5395,5395,5513942,1220051,1220385,1237732,1237832,17.347000,17.681000
69,6801,6801,5a91942,1242051,1242385,1258388,1258488,16.003000,16.337000
69,6302,6302,589e940,1253051,1253377,1269385,1269485,16.008000,16.334000
69,7163,7163,5bfb940,1267051,1267377,1280037,1280137,12.660000,12.986000
69,7853,7853,5ead941,1302051,1302377,1322867,1322967,20.490000,20.816000
69,9912,9912,66b8943,1314051,1314385,1333338,1333438,18.953000,19.287000
69,8989,8989,631d940,1356051,1356377,1377909,1378009,21.532000,21.858000
69,6849,6849,5ac1940,1417051,1417385,1430805,1430905,13.420000,13.754000
69,10158,10158,67ae941,1428051,1428385,1436605,1436705,8.220000,8.554000
69,7491,7491,5d43941,1494051,1494385,1511646,1511746,17.261000,17.595000
69,8978,8978,6312942,1566051,1566385,1581133,1581233,14.748000,15.082000
69,9184,9184,63e0941,1583051,1583385,1594207,1594307,10.822000,11.156000
69,9246,9246,641e943,1609051,1609377,1616824,1616924,7.447000,7.773000
69,10271,10271,681f940,1632051,1632377,1639978,1640078,7.601000,7.927000
69,8015,8015,5f4f941,1632051,1632385,1646303,1646403,13.918000,14.252000
69,6624,6624,59e0942,1734051,1734377,1741735,1741835,7.358000,7.684000
69,10373,10373,6885943,1746051,1746377,1765108,1765208,18.731000,19.057000
69,5410,5410,5522942,1814051,1814385,1820855,1820955,6.470000,6.804000
69,10393,10393,6899943,1822051,1822385,1829714,1829814,7.329000,7.663000
69,10089,10089,6769941,2208402,2208736,2217081,2217181,8.345000,8.679000
69,9859,9859,6683940,2431051,2431377,2437875,2437975,6.498000,6.824000
70,217,217,40d9941,26051,26385,34692,34792,8.307000,8.641000
70,187,187,40bb941,50051,50385,74286,74386,23.901000,24.235000
70,1495,1495,45d7942,122146,122480,132551,132651,10.071000,10.405000
70,965,965,43c5943,125051,125385,140071,140171,14.686000,15.020000
70,1717,1717,46b5943,157051,157385,165703,165803,8.318000,8.652000
70,2121,2121,4849940,197416,197750,228248,228348,30.498000,30.832000
70,1325,1325,452d943,227051,227377,237366,237466,9.989000,10.315000
70,1053,1053,441d942,278051,278385,287543,287643,9.158000,9.492000
70,3268,3268,4cc4942,381632,381958,391993,392093,10.035000,10.361000
70,1186,1186,44a2942,407051,407377,416468,416568,9.091000,9.417000
70,4177,4177,5051942,416051,416377,426495,426595,10.118000,10.444000
70,1851,1851,473b941,458051,458385,464042,464142,5.657000,5.991000
70,2389,2389,4955941,499439,499773,532533,532633,32.760000,33.094000
70,2923,2923,4b6b943,542051,542377,550618,550718,8.241000,8.567000
70,1561,1561,4619942,547051,547377,554821,554921,7.444000,7.770000
70,4988,4988,537c941,536051,536377,560166,560266,23.789000,24.115000
70,5148,5148,541c942,592782,593116,611405,611505,18.289000,18.623000
70,3964,3964,4f7c941,612051,612385,629335,629435,16.950000,17.284000
70,3824,3824,4ef0941,743051,743385,755216,755316,11.831000,12.165000
70,4279,4279,50b7941,780051,780385,796222,796322,15.837000,16.171000
70,5020,5020,539c941,792051,792385,801723,801823,9.338000,9.672000
70,3949,3949,4f6d941,829698,830024,841868,841968,11.844000,12.170000
70,3922,3922,4f52942,863051,863377,877891,877991,14.514000,14.840000
70,6461,6461,593d940,853908,854234,883421,883521,29.187000,29.513000
70,8153,8153,5fd9942,932051,932377,964670,964770,32.293000,32.619000
70,5442,5442,5542941,964425,964759,981465,981565,16.706000,17.040000
70,6375,6375,58e7943,990051,990385,998623,998723,8.238000,8.572000
70,7149,7149,5bed940,988051,988385,1008859,1008959,20.474000,20.808000
70,4972,4972,536c943,1013343,1013677,1026445,1026546,12.768000,13.102000
70,8159,8159,5fdf941,1090425,1090759,1101729,1101829,10.970000,11.304000
70,5266,5266,5492941,1109051,1109385,1120323,1120423,10.938000,11.272000
70,7592,7592,5da8940,1128051,1128377,1152710,1152810,24.333000,24.659000
70,8399,8399,60cf943,1139051,1139377,1167781,1167881,28.404000,28.730000
70,8441,8441,60f9940,1176051,1176377,1186551,1186651,10.174000,10.500000
70,6759,6759,5a67940,1191051,1191385,1203721,1203821,12.336000,12.670000
70,10344,10344,6868941,1367051,1367377,1378280,1378380,10.903000,11.229000
70,10507,10507,690b942,1371051,1371377,1386333,1386433,14.956000,15.282000
70,6797,6797,5a8d941,1423051,1423377,1435993,1436093,12.616000,12.942000
70,10433,10433,68c1941,1440051,1440377,1445087,1445187,4.710000,5.036000
70,10410,10410,68aa943,1397051,1397377,1452391,1452491,55.014000,55.340000
70,8332,8332,608c940,1462051,1462377,1469839,1469939,7.462000,7.788000
70,6617,6617,59d9942,1470051,1470385,1490125,1490225,19.740000,20.074000
70,7608,7608,5db8943,1505051,1505377,1510999,1511099,5.622000,5.948000
70,7922,7922,5ef2940,1505051,1505385,1515378,1515478,9.993000,10.327000
70,6045,6045,579d941,1520051,1520385,1542563,1542663,22.178000,22.512000
70,10573,10573,694d943,1523051,1523385,1550876,1550976,27.491000,27.825000
70,10157,10157,67ad942,1579051,1579377,1593658,1593758,14.281000,14.607000
70,8134,8134,5fc6942,1586051,1586377,1601660,1601760,15.283000,15.609000
70,5608,5608,55e8943,1656051,1656377,1669113,1669213,12.736000,13.062000
70,10874,10874,6a7a943,1765051,1765377,1775586,1775686,10.209000,10.535000
70,7690,7690,5e0a942,2150051,2150377,2155961,2156061,5.584000,5.910000
71,808,808,4328941,40051,40385,47840,47940,7.455000,7.789000
71,1947,1947,479b940,181051,181385,196653,196753,15.268000,15.602000
71,614,614,4266942,308051,308385,322806,322906,14.421000,14.755000
71,2958,2958,4b8e943,321051,321385,339370,339470,17.985000,18.319000
71,3316,3316,4cf4943,437051,437385,460498,460598,23.113000,23.447000
71,3499,3499,4dab941,456051,456377,464640,464740,8.263000,8.589000
71,2817,2817,4b01943,497732,498058,503669,503769,5.611000,5.937000
71,1056,1056,4420940,552051,552385,563087,563187,10.702000,11.036000
71,2195,2195,4893942,573051,573377,583527,583627,10.150000,10.476000
71,2528,2528,49e0943,569922,570256,590375,590475,20.119000,20.453000
71,3897,3897,4f39942,617051,617385,635662,635762,18.277000,18.611000
71,6753,6753,5a61943,828051,828377,864455,864555,36.078000,36.404000
71,4553,4553,51c9942,900051,900385,914839,914939,14.454000,14.788000
71,2314,2314,490a942,926051,926377,937362,937462,10.985000,11.311000
71,6281,6281,5889942,971051,971377,993349,993449,21.972000,22.298000
71,7698,7698,5e12941,1057051,1057385,1073813,1073913,16.428000,16.762000
71,9633,9633,65a1940,1121589,1121923,1142971,1143071,21.048000,21.382000
71,4311,4311,50d7941,1158051,1158377,1169281,1169381,10.904000,11.230000
71,6653,6653,59fd940,1178051,1178377,1192428,1192528,14.051000,14.377000
71,6559,6559,599f940,1218051,1218377,1227186,1227286,8.809000,9.135000
71,6858,6858,5aca940,1304051,1304385,1317760,1317860,13.375000,13.709000
71,6912,6912,5b00942,1323051,1323377,1336899,1336999,13.522000,13.848000
71,7242,7242,5c4a943,1377051,1377377,1384980,1385080,7.603000,7.929000
71,9909,9909,66b5942,1435051,1435385,1469438,1469538,34.053000,34.387000
71,9049,9049,6359943,1520051,1520385,1535981,1536081,15.596000,15.930000
71,10461,10461,68dd943,1540051,1540385,1546974,1547074,6.589000,6.923000
71,10550,10550,6936942,1662051,1662385,1681494,1681594,19.109000,19.443000
71,7310,7310,5c8e941,1678051,1678385,1688438,1688538,10.053000,10.387000
71,9708,9708,65ec940,1711416,1711750,1734412,1734512,22.662000,22.996000
71,10791,10791,6a27941,1816051,1816385,1829437,1829537,13.052000,13.386000
72,109,109,406d942,46051,46385,52320,52420,5.935000,6.269000
72,1100,1100,444c941,100051,100385,114101,114201,13.716000,14.050000
72,883,883,4373941,119051,119377,152230,152330,32.853000,33.179000
72,849,849,4351943,186051,186385,234360,234460,47.975000,48.309000
72,3002,3002,4bba943,515050,515385,531601,531701,16.216000,16.551000
72,3489,3489,4da1942,579422,579756,598268,598368,18.512000,18.846000
72,4068,4068,4fe4941,590453,590779,605586,605686,14.807000,15.133000
72,3136,3136,4c40941,693051,693377,719178,719278,25.801000,26.127000
72,3953,3953,4f71943,775051,775377,784143,784243,8.766000,9.092000
72,7281,7281,5c71942,762051,762385,788371,788471,25.986000,26.320000
72,5079,5079,53d7942,766051,766377,792538,792638,26.161000,26.487000
72,5206,5206,5456943,790051,790385,804720,804820,14.335000,14.669000
72,2361,2361,4939941,828051,828385,839399,839499,11.014000,11.348000
72,4617,4617,5209940,822051,822377,850234,850334,27.857000,28.183000
72,4861,4861,52fd941,852051,852385,867957,868057,15.572000,15.906000
72,4029,4029,4fbd942,868051,868385,883820,883920,15.435000,15.769000
72,5076,5076,53d4940,920051,920385,936187,936287,15.802000,16.136000
72,7313,7313,5c91940,924051,924385,949932,950032,25.547000,25.881000
72,3525,3525,4dc5941,952051,952385,957127,957227,4.742000,5.076000
72,5298,5298,54b2942,988051,988385,994033,994133,5.648000,5.982000
72,7214,7214,5c2e940,986051,986377,998816,998916,12.439000,12.765000
72,8318,8318,607e940,1040051,1040385,1047708,1047808,7.323000,7.657000
72,6128,6128,57f0940,1052051,1052377,1075431,1075531,23.054000,23.380000
72,8488,8488,6128942,1085051,1085385,1100316,1100416,14.931000,15.265000
72,6012,6012,577c940,1143431,1143757,1164568,1164668,20.811000,21.137000
72,6785,6785,5a81943,1170051,1170385,1181266,1181366,10.881000,11.215000
72,5932,5932,572c940,1190051,1190377,1217459,1217559,27.082000,27.408000
72,7355,7355,5cbb943,1309051,1309377,1325298,1325398,15.921000,16.247000
72,7758,7758,5e4e940,1311051,1311377,1331673,1331773,20.296000,20.622000
72,4160,4160,5040942,1359051,1359385,1366743,1366843,7.358000,7.692000
72,9225,9225,6409941,1409051,1409385,1417707,1417807,8.322000,8.656000
72,9494,9494,6516942,1468402,1468736,1476961,1477061,8.225000,8.559000
72,10088,10088,6768942,1505526,1505852,1517735,1517835,11.883000,12.209000
72,9240,9240,6418941,1537051,1537385,1542131,1542231,4.746000,5.080000
72,10102,10102,6776943,1588051,1588385,1600182,1600282,11.797000,12.131000
72,9486,9486,650e940,1593051,1593385,1605456,1605556,12.071000,12.405000
72,4989,4989,537d941,1600051,1600385,1612699,1612799,12.314000,12.648000
72,8773,8773,6245941,1606051,1606385,1617319,1617419,10.934000,11.268000
72,8074,8074,5f8a940,1648051,1648385,1653048,1653148,4.663000,4.997000
72,9562,9562,655a943,1775051,1775377,1784492,1784592,9.115000,9.441000
72,9283,9283,6443941,1974051,1974385,1985224,1985324,10.839000,11.173000
72,10880,10880,6a80940,2026051,2026377,2031982,2032082,5.605000,5.931000
72,10723,10723,69e3943,2288051,2288385,2302022,2302122,13.637000,13.971000
73,32,32,4020942,55051,55385,74220,74320,18.835000,19.169000
73,919,919,4397940,63051,63377,79627,79727,16.250000,16.576000
73,107,107,406b942,140051,140385,154913,155013,14.528000,14.862000
73,2034,2034,47f2943,246051,246377,262448,262548,16.071000,16.397000
73,874,874,436a942,257051,257385,266667,266767,9.282000,9.616000
73,2122,2122,484a941,293051,293377,298957,299057,5.580000,5.906000
73,1016,1016,43f8941,287051,287385,304727,304827,17.342000,17.676000
73,2190,2190,488e940,418051,418385,426697,426797,8.312000,8.646000
73,3110,3110,4c26941,475438,475764,489141,489241,13.377000,13.703000
73,1719,1719,46b7942,479051,479377,497234,497334,17.857000,18.183000
73,3634,3634,4e32940,555051,555385,572913,573013,17.528000,17.862000
73,2474,2474,49aa942,568896,569222,586453,586553,17.231000,17.557000
73,3631,3631,4e2f941,610051,610377,621834,621934,11.457000,11.783000
73,4805,4805,52c5942,688051,688377,698389,698489,10.012000,10.338000
73,2288,2288,48f0941,728051,728377,739404,739504,11.027000,11.353000
73,5477,5477,5565942,750051,750377,759527,759627,9.150000,9.476000
73,3447,3447,4d77941,786051,786377,799614,799714,13.237000,13.563000
73,5874,5874,56f2941,853051,853385,868113,868213,14.728000,15.062000
73,6834,6834,5ab2943,860051,860385,872286,872386,11.901000,12.235000
73,5326,5326,54ce941,882051,882385,906215,906315,23.830000,24.164000
73,5920,5920,5720940,903051,903377,916386,916486,13.009000,13.335000
73,4022,4022,4fb6940,907051,907377,920558,920658,13.181000,13.507000
73,4194,4194,5062940,909051,909385,924805,924905,15.420000,15.754000
73,7940,7940,5f04943,943229,943555,955743,955843,12.188000,12.514000
73,5067,5067,53cb940,933966,934292,972153,972253,37.861000,38.187000
73,5168,5168,5430940,1125051,1125377,1135955,1136055,10.578000,10.904000
73,10120,10120,6788942,1165051,1165377,1190095,1190195,24.718000,25.044000
73,6225,6225,5851941,1173051,1173385,1195562,1195662,22.177000,22.511000
73,8283,8283,605b941,1220410,1220736,1241266,1241366,20.530000,20.856000
73,4562,4562,51d2940,1240051,1240385,1250961,1251061,10.576000,10.910000
73,8893,8893,62bd943,1255051,1255377,1271535,1271635,16.158000,16.484000
73,9802,9802,664a943,1371051,1371385,1384138,1384238,12.753000,13.087000
73,8735,8735,621f940,1376051,1376377,1428926,1429026,52.549000,52.875000
73,9053,9053,635d943,1561051,1561377,1567909,1568009,6.532000,6.858000
73,8114,8114,5fb2942,1667051,1667377,1679159,1679259,11.782000,12.108000
73,10851,10851,6a63941,1784051,1784385,1808975,1809075,24.590000,24.924000
73,9797,9797,6645943,1847051,1847377,1866118,1866218,18.741000,19.067000
73,9340,9340,647c940,1937051,1937385,1943025,1943125,5.640000,5.974000
73,10185,10185,67c9942,1950051,1950377,1966445,1966545,16.068000,16.394000
73,9964,9964,66ec943,2024051,2024385,2032729,2032829,8.344000,8.678000
73,10607,10607,696f943,2113051,2113377,2132248,2132348,18.871000,19.197000
73,8365,8365,60ad941,2130051,2130385,2144764,2144864,14.379000,14.713000
73,9763,9763,6623942,2342479,2342805,2356281,2356381,13.476000,13.802000
74,402,402,4192940,21051,21385,29711,29811,8.326000,8.660000
74,1231,1231,44cf941,88051,88385,94888,94988,6.503000,6.837000
74,427,427,41ab943,121051,121385,146277,146377,24.892000,25.226000
74,1332,1332,4534941,233051,233385,257993,258092,24.608000,24.942000
74,567,567,4237941,264051,264377,285433,285533,21.056000,21.382000
74,1441,1441,45a1943,273051,273385,294834,294934,21.449000,21.783000
74,3765,3765,4eb5943,277051,277377,300317,300417,22.940000,23.266000
74,2333,2333,491d940,306051,306385,316688,316788,10.303000,10.637000
74,2285,2285,48ed943,344051,344385,356182,356282,11.797000,12.131000
74,3321,3321,4cf9941,428051,428377,435730,435830,7.353000,7.679000
74,2180,2180,4884940,437051,437385,445822,445922,8.437000,8.771000
74,3904,3904,4f40940,515177,515502,532085,532185,16.583000,16.908000
74,3473,3473,4d91942,580051,580377,593844,593944,13.467000,13.793000
74,4779,4779,52ab943,659051,659377,664151,664251,4.774000,5.100000
74,3951,3951,4f6f943,676051,676385,691447,691547,15.062000,15.396000
74,3622,3622,4e26940,686051,686377,748661,748761,62.284000,62.610000
74,5051,5051,53bb941,723051,723377,759686,759786,36.309000,36.635000
74,7541,7541,5d75941,718051,718385,765151,765251,46.766000,47.100000
74,5705,5705,5649942,845051,845385,852236,852336,6.851000,7.185000
74,8065,8065,5f81941,983051,983377,1019145,1019245,35.768000,36.094000
74,5823,5823,56bf940,986051,986377,1023385,1023485,37.008000,37.334000
74,6358,6358,58d6941,1002051,1002385,1030195,1030295,27.810000,28.144000
74,3906,3906,4f42941,1052416,1052750,1071073,1071173,18.323000,18.657000
74,7264,7264,5c60941,1088051,1088385,1094889,1094989,6.504000,6.838000
74,6238,6238,585e941,1154051,1154385,1179027,1179127,24.642000,24.976000
74,6967,6967,5b37940,1182051,1182377,1196449,1196549,14.072000,14.398000
74,5962,5962,574a941,1216051,1216377,1233238,1233338,16.861000,17.187000
74,9694,9694,65de940,1360051,1360377,1370899,1370999,10.522000,10.848000
74,5580,5580,55cc942,1399051,1399385,1406824,1406924,7.439000,7.773000
74,10065,10065,6751943,1490051,1490385,1500401,1500501,10.016000,10.350000
74,5396,5396,5514942,1526051,1526377,1538156,1538256,11.779000,12.105000
74,8085,8085,5f95940,1627051,1627385,1654183,1654283,26.798000,27.132000
74,7128,7128,5bd8941,1659051,1659377,1671471,1671571,12.094000,12.420000
74,10032,10032,6730943,1668051,1668377,1679376,1679476,10.999000,11.325000
74,10372,10372,6884941,1816051,1816385,1824744,1824844,8.359000,8.693000
74,9012,9012,6334940,1905409,1905743,1913314,1913414,7.571000,7.905000
74,8911,8911,62cf942,1949051,1949377,1957740,1957840,8.363000,8.689000
74,9298,9298,6452943,1949051,1949377,1963137,1963237,13.760000,14.086000
74,9980,9980,66fc940,1959051,1959377,1967317,1967417,7.940000,8.266000
74,8205,8205,600d943,2006051,2006385,2021588,2021688,15.203000,15.537000
75,1614,1614,464e942,111439,111765,128623,128724,16.858000,17.184000
75,1768,1768,46e8943,105051,105385,138269,138369,32.884000,33.218000
75,1004,1004,43ec943,195051,195385,208076,208176,12.691000,13.025000
75,760,760,42f8942,234051,234385,257439,257539,23.054000,23.388000
75,2509,2509,49cd940,302051,302377,323462,323562,21.085000,21.411000
75,2611,2611,4a33942,318870,319196,334752,334852,15.556000,15.882000
75,4030,4030,4fbe941,358051,358377,367464,367564,9.087000,9.413000
75,2099,2099,4833940,418051,418385,430840,430940,12.455000,12.789000
75,2656,2656,4a60943,445051,445377,452825,452925,7.448000,7.774000
75,4106,4106,500a941,448051,448377,456988,457088,8.611000,8.937000
75,2362,2362,493a940,460051,460385,466874,466974,6.489000,6.823000
75,3905,3905,4f41943,463051,463385,480697,480797,17.312000,17.646000
75,4803,4803,52c3943,482051,482385,490625,490725,8.240000,8.574000
75,3836,3836,4efc940,517050,517385,525603,525703,8.218000,8.553000
75,1913,1913,4779941,520050,520377,529797,529897,9.420000,9.747000
75,2537,2537,49e9942,545051,545385,555429,555529,10.044000,10.378000
75,5222,5222,5466943,532051,532385,561389,561489,29.004000,29.338000
75,2465,2465,49a1942,589051,589385,602836,602936,13.451000,13.785000
75,4377,4377,5119941,594051,594377,607052,607152,12.675000,13.001000
75,2684,2684,4a7c941,635051,635385,641895,641995,6.510000,6.844000
75,6087,6087,57c7942,754299,754633,760216,760316,5.583000,5.917000
75,5897,5897,5709942,773051,773385,808939,809039,35.554000,35.888000
75,4708,4708,5264942,806051,806385,828836,828936,22.451000,22.785000
75,5216,5216,5460940,831051,831377,836121,836221,4.744000,5.070000
75,5521,5521,5591943,870051,870377,882468,882568,12.091000,12.417000
75,5091,5091,53e3943,889051,889385,909805,909905,20.420000,20.754000
75,7230,7230,5c3e941,982051,982377,988843,988943,6.466000,6.792000
75,8010,8010,5f4a941,1070051,1070377,1094290,1094390,23.913000,24.239000
75,4597,4597,51f5940,1103051,1103385,1109008,1109108,5.623000,5.957000
75,4560,4560,51d0940,1149051,1149377,1157536,1157636,8.159000,8.485000
75,8523,8523,614b941,1174051,1174385,1182702,1182802,8.317000,8.651000
75,9024,9024,6340942,1173051,1173385,1193299,1193399,19.914000,20.248000
75,4799,4799,52bf942,1192051,1192377,1200709,1200809,8.332000,8.658000
75,6325,6325,58b5941,1265051,1265385,1284096,1284196,18.711000,19.045000
75,5299,5299,54b3942,1282051,1282377,1305067,1305167,22.690000,23.016000
75,6924,6924,5b0c940,1586051,1586377,1594616,1594716,8.239000,8.565000
75,7187,7187,5c13940,1595051,1595377,1606189,1606289,10.812000,11.138000
75,9716,9716,65f4940,1614051,1614385,1620248,1620348,5.863000,6.197000
75,10488,10488,68f8941,1669051,1669385,1687472,1687572,18.087000,18.421000
75,9873,9873,6691943,1850051,1850377,1856809,1856909,6.432000,6.758000
75,7498,7498,5d4a943,1925051,1925385,1938701,1938801,13.316000,13.650000
75,10263,10263,6817941,1934051,1934377,1949143,1949243,14.766000,15.092000
75,8807,8807,6267943,2065051,2065377,2074408,2074508,9.031000,9.357000
75,10921,10921,6aa9940,2165051,2165377,2177979,2178079,12.602000,12.928000
75,9712,9712,65f0943,2360051,2360385,2376261,2376361,15.876000,16.210000
75,9273,9273,6439943,2498051,2498377,2509315,2509415,10.938000,11.264000
76,50,50,4032942,57051,57385,70956,71056,13.571000,13.905000
76,1684,1684,4694941,222051,222385,230657,230757,8.272000,8.606000
76,1249,1249,44e1940,229051,229385,241529,241629,12.144000,12.478000
76,1279,1279,44ff942,337051,337385,349994,350094,12.609000,12.943000
76,1977,1977,47b9940,343051,343385,367927,368027,24.542000,24.876000
76,3908,3908,4f44942,415569,415903,422376,422476,6.473000,6.807000
76,1673,1673,4689940,414051,414385,433251,433351,18.866000,19.200000
76,2177,2177,4881941,463416,463742,484850,484950,21.108000,21.434000
76,4788,4788,52b4941,517050,517385,566661,566761,49.276000,49.611000
76,1123,1123,4463943,640051,640385,647460,647560,7.075000,7.409000
76,3891,3891,4f33941,655051,655377,690792,690892,35.415000,35.741000
76,5184,5184,5440940,687051,687385,742532,742632,55.147000,55.481000
76,3695,3695,4e6f940,786051,786377,791131,791231,4.754000,5.080000
76,3888,3888,4f30942,780051,780385,797151,797251,16.766000,17.100000
76,8512,8512,6140940,787051,787377,819949,820049,32.572000,32.898000
76,7364,7364,5cc4942,851051,851385,873376,873476,21.991000,22.325000
76,4291,4291,50c3941,864051,864385,892633,892733,28.248000,28.582000
76,3536,3536,4dd0940,908051,908377,932544,932644,24.167000,24.493000
76,8669,8669,61dd943,948051,948385,977137,977237,28.752000,29.086000
76,5205,5205,5455940,1101051,1101385,1117827,1117927,16.442000,16.776000
76,6212,6212,5844940,1128051,1128377,1164037,1164137,35.660000,35.986000
76,9953,9953,66e1943,1221051,1221377,1226982,1227082,5.605000,5.931000
76,9454,9454,64ee943,1232051,1232385,1244993,1245093,12.608000,12.942000
76,10071,10071,6757942,1251051,1251377,1259736,1259836,8.359000,8.685000
76,7314,7314,5c92940,1260051,1260385,1277895,1277995,17.510000,17.844000
76,8789,8789,6255943,1274051,1274377,1288035,1288135,13.658000,13.984000
76,5622,5622,55f6940,1381051,1381385,1386115,1386215,4.730000,5.064000
76,9916,9916,66bc943,1443051,1443385,1477503,1477603,34.118000,34.452000
76,8540,8540,615c941,1458051,1458385,1482998,1483098,24.613000,24.947000
76,6075,6075,57bb942,1466051,1466385,1487179,1487279,20.794000,21.128000
76,9735,9735,6607942,1493051,1493377,1506295,1506395,12.918000,13.244000
76,6086,6086,57c6941,1644051,1644377,1657005,1657105,12.628000,12.954000
76,7661,7661,5ded942,1721051,1721385,1731341,1731441,9.956000,10.290000
76,10569,10569,6949942,1850051,1850377,1867684,1867784,17.307000,17.633000
76,10738,10738,69f2940,1900051,1900377,1917888,1917988,17.511000,17.837000
76,10990,10990,6aee940,2151051,2151385,2162727,2162827,11.342000,11.676000
76,6656,6656,5a00941,2459051,2459385,2466773,2466873,7.388000,7.722000
77,92,92,405c941,23051,23385,44867,44967,21.482000,21.816000
77,206,206,40ce941,52051,52385,74883,74983,22.498000,22.832000
77,518,518,4206941,147051,147385,158836,158936,11.451000,11.785000
77,837,837,4345941,180453,180779,196477,196577,15.698000,16.024000
77,1449,1449,45a9941,194051,194377,200622,200722,6.245000,6.571000
77,1518,1518,45ee942,278051,278385,286624,286724,8.239000,8.573000
77,2102,2102,4836943,293051,293377,299865,299965,6.488000,6.814000
77,1728,1728,46c0941,282051,282385,308692,308792,26.307000,26.641000
77,2824,2824,4b08940,306051,306377,326942,327042,20.565000,20.891000
77,1535,1535,45ff940,317051,317385,343889,343989,26.504000,26.838000
77,1165,1165,448d941,419051,419385,447666,447766,28.281000,28.615000
77,2982,2982,4ba6943,397220,397554,484532,484632,86.978000,87.312000
77,4290,4290,50c2942,568000,568334,576684,576784,8.350000,8.684000
77,3300,3300,4ce4940,593051,593377,616442,616542,23.065000,23.391000
77,4639,4639,521f941,659395,659721,668049,668149,8.328000,8.654000
77,4386,4386,5122942,664051,664377,677855,677955,13.478000,13.804000
77,6765,6765,5a6d943,699051,699385,709766,709866,10.381000,10.715000
77,4088,4088,4ff8942,713051,713385,736812,736912,23.427000,23.761000
77,5811,5811,56b3942,725051,725377,798642,798742,73.265000,73.591000
77,3814,3814,4ee6940,783976,784310,827998,828098,43.688000,44.022000
77,4379,4379,511b943,827051,827385,835696,835796,8.311000,8.645000
77,6137,6137,57f9943,880051,880385,885965,886065,5.580000,5.914000
77,5977,5977,5759942,885051,885385,900907,901007,15.522000,15.856000
77,5607,5607,55e7941,911051,911377,917856,917956,6.479000,6.805000
77,5909,5909,5715942,920051,920385,933412,933512,13.027000,13.361000
77,7210,7210,5c2a943,911051,911385,938933,939033,27.548000,27.882000
77,4985,4985,5379943,925051,925385,943984,944084,18.599000,18.933000
77,3125,3125,4c35941,930409,930743,954870,954970,24.127000,24.461000
77,7117,7117,5bcd940,971051,971385,982195,982295,10.810000,11.144000
77,5691,5691,563b940,975051,975377,986393,986493,11.016000,11.342000
77,4124,4124,501c940,999051,999385,1004959,1005059,5.574000,5.908000
77,8113,8113,5fb1942,992051,992385,1009149,1009249,16.764000,17.098000
77,5742,5742,566e940,1070051,1070377,1118491,1118591,48.114000,48.440000
77,6733,6733,5a4d940,1179051,1179385,1200188,1200288,20.803000,21.137000
77,3689,3689,4e69941,1194051,1194377,1204417,1204517,10.040000,10.366000
77,9800,9800,6648943,1205051,1205385,1211839,1211939,6.454000,6.788000
77,5532,5532,559c941,1221051,1221377,1227573,1227673,6.196000,6.522000
77,3977,3977,4f89942,1218051,1218377,1231744,1231844,13.367000,13.693000
77,8431,8431,60ef943,1228051,1228377,1241006,1241106,12.629000,12.955000
77,7794,7794,5e72941,1251051,1251385,1260502,1260602,9.117000,9.451000
77,8577,8577,6181943,1277055,1277389,1289111,1289211,11.722000,12.056000
77,5315,5315,54c3942,1300051,1300385,1305149,1305249,4.764000,5.098000
77,6585,6585,59b9943,1318051,1318385,1333966,1334066,15.581000,15.915000
77,9917,9917,66bd940,1310453,1310779,1339466,1339566,28.687000,29.013000
77,8316,8316,607c941,1343051,1343377,1380444,1380544,37.067000,37.393000
77,6847,6847,5abf940,1355051,1355385,1384672,1384772,29.287000,29.621000
77,9177,9177,63d9940,1377051,1377377,1416341,1416441,38.964000,39.290000
77,10312,10312,6848943,1431051,1431377,1445570,1445670,14.193000,14.519000
77,6857,6857,5ac9941,1434051,1434377,1454521,1454621,20.144000,20.470000
77,6672,6672,5a10941,1435051,1435385,1460017,1460117,24.632000,24.966000
77,8531,8531,6153940,1867051,1867377,1875623,1875723,8.246000,8.572000
77,9680,9680,65d0942,2060051,2060385,2065983,2066082,5.598000,5.932000
77,10909,10909,6a9d940,2104051,2104385,2119539,2119639,15.154000,15.488000
77,10001,10001,6711943,2135051,2135377,2141848,2141948,6.471000,6.797000
78,34,34,4022940,72051,72385,105742,105842,33.357000,33.691000
78,205,205,40cd943,88051,88377,116655,116755,28.278000,28.604000
78,720,720,42d0940,97051,97385,133179,133279,35.794000,36.128000
78,759,759,42f7941,246051,246377,251987,252087,5.610000,5.936000
78,315,315,413b941,277051,277385,304536,304636,27.151000,27.485000
78,4487,4487,5187942,358051,358385,376174,376274,17.789000,18.123000
78,3399,3399,4d47942,334051,334385,398245,398345,63.860000,64.194000
78,3491,3491,4da3941,434051,434385,447845,447945,13.460000,13.794000
78,1910,1910,4776943,577051,577377,614329,614429,36.952000,37.278000
78,3107,3107,4c23942,611051,611385,620433,620533,9.048000,9.382000
78,2364,2364,493c942,608051,608385,625961,626061,17.576000,17.910000
78,5483,5483,556b943,626439,626773,632439,632539,5.666000,6.000000
78,5052,5052,53bc942,781424,781750,804241,804341,22.491000,22.817000
78,5923,5923,5723942,816051,816377,835352,835452,18.975000,19.301000
78,1896,1896,4768942,856051,856377,862294,862394,5.917000,6.243000
78,5765,5765,5685940,880438,880764,919595,919695,38.831000,39.157000
78,5761,5761,5681941,900051,900377,924125,924225,23.748000,24.074000
78,5937,5937,5731940,920051,920377,928584,928684,8.207000,8.533000
78,1613,1613,464d943,996051,996385,1004723,1004823,8.338000,8.672000
78,3488,3488,4da0941,1052051,1052385,1066186,1066286,13.801000,14.135000
78,8562,8562,6172943,1069051,1069385,1088232,1088332,18.847000,19.181000
78,6635,6635,59eb942,1124795,1125129,1135912,1136012,10.783000,11.117000
78,5969,5969,5751942,1141051,1141377,1171302,1171402,29.925000,30.251000
78,9404,9404,64bc940,1190051,1190385,1203150,1203250,12.765000,13.099000
78,10610,10610,6972942,1221051,1221385,1229664,1229764,8.279000,8.613000
78,7766,7766,5e56942,1294051,1294377,1306356,1306456,11.979000,12.305000
78,6620,6620,59dc941,1305051,1305385,1317338,1317438,11.953000,12.287000
78,10917,10917,6aa5942,1305051,1305377,1322796,1322896,17.419000,17.745000
78,8616,8616,61a8940,1317051,1317377,1333718,1333818,16.341000,16.667000
78,6223,6223,584f941,1342416,1342750,1359641,1359741,16.891000,17.225000
78,6040,6040,5798940,1474051,1474377,1484362,1484462,9.985000,10.311000
78,6761,6761,5a69941,1489051,1489385,1511989,1512089,22.604000,22.938000
78,7206,7206,5c26942,1569051,1569377,1574098,1574198,4.721000,5.047000
78,9816,9816,6658943,1661439,1661773,1669296,1669396,7.523000,7.857000
78,8391,8391,60c7942,1679051,1679377,1684047,1684147,4.670000,4.996000
78,8604,8604,619c942,1739051,1739377,1767745,1767845,28.368000,28.694000
78,9913,9913,66b9943,1779051,1779377,1800723,1800823,21.346000,21.672000
78,10269,10269,681d940,1824051,1824377,1845296,1845396,20.919000,21.245000
78,7885,7885,5ecd943,1945051,1945385,1956180,1956280,10.795000,11.129000
78,8841,8841,6289941,2003425,2003759,2017557,2017657,13.798000,14.132000
78,8069,8069,5f85941,2055051,2055377,2072365,2072465,16.988000,17.314000
79,1407,1407,457f942,72051,72385,94219,94319,21.834000,22.168000
79,1917,1917,477d942,98051,98377,111883,111983,13.506000,13.832000
79,673,673,42a1940,115051,115385,122726,122826,7.341000,7.675000
79,1174,1174,4496943,157051,157377,169079,169179,11.702000,12.028000
79,1571,1571,4623942,192051,192377,218498,218598,26.121000,26.447000
79,453,453,41c5940,162051,162377,223933,224033,61.556000,61.882000
79,1460,1460,45b4940,230468,230802,246949,247049,16.147000,16.481000
79,851,851,4353940,204051,204385,270904,271004,66.519000,66.853000
79,2678,2678,4a76942,265904,266230,288252,288352,22.022000,22.348000
79,2153,2153,4869942,255051,255377,301875,301975,46.498000,46.824000
79,1573,1573,4625943,281051,281385,307371,307471,25.986000,26.320000
79,1749,1749,46d5943,281051,281385,329358,329458,47.973000,48.307000
79,3733,3733,4e95942,390051,390385,404329,404429,13.944000,14.278000
79,2324,2324,4914941,440051,440377,450343,450443,9.966000,10.292000
79,1881,1881,4759942,471051,471385,479691,479791,8.306000,8.640000
79,3773,3773,4ebd942,534453,534779,550885,550985,16.106000,16.432000
79,2962,2962,4b92942,610051,610385,620449,620549,10.064000,10.398000
79,3404,3404,4d4c941,643051,643385,683519,683619,40.134000,40.468000
79,3413,3413,4d55941,686051,686385,697743,697843,11.358000,11.692000
79,4103,4103,5007943,750051,750385,755135,755235,4.750000,5.084000
79,5793,5793,56a1940,756051,756385,778570,778670,22.185000,22.519000
79,4749,4749,528d943,817051,817377,822117,822217,4.740000,5.066000
79,5121,5121,5401942,836051,836385,844626,844726,8.241000,8.575000
79,2918,2918,4b66943,887409,887743,896906,897006,9.163000,9.497000
79,6611,6611,59d3941,906051,906377,918851,918951,12.474000,12.800000
79,5413,5413,5525941,910051,910377,924257,924357,13.880000,14.206000
79,4766,4766,529e941,939051,939385,945925,946025,6.540000,6.874000
79,6226,6226,5852940,1027051,1027377,1053153,1053253,25.776000,26.102000
79,7221,7221,5c35941,1049414,1049740,1066866,1066966,17.126000,17.452000
79,8471,8471,6117941,1036051,1036377,1072377,1072477,36.000000,36.326000
79,6634,6634,59ea940,1165051,1165385,1188456,1188556,23.071000,23.405000
79,9897,9897,66a9941,1375051,1375385,1393086,1393186,17.701000,18.035000
79,10784,10784,6a20942,1404051,1404385,1412779,1412879,8.394000,8.728000
79,7535,7535,5d6f941,1397051,1397377,1418230,1418330,20.853000,21.179000
79,8429,8429,60ed940,1441638,1441972,1451223,1451323,9.251000,9.585000
79,9749,9749,6615940,1472051,1472377,1486318,1486418,13.941000,14.267000
79,9129,9129,63a9940,1493051,1493385,1499927,1500027,6.542000,6.876000
79,6090,6090,57ca940,1515051,1515385,1526197,1526297,10.812000,11.146000
79,8117,8117,5fb5940,1535051,1535385,1558539,1558639,23.154000,23.488000
79,7371,7371,5ccb942,1612453,1612779,1620763,1620863,7.984000,8.310000
79,9799,9799,6647941,1635051,1635377,1651618,1651718,16.241000,16.567000
79,6728,6728,5a48942,1716051,1716377,1733844,1733944,17.467000,17.793000
79,8668,8668,61dc943,1913051,1913385,1925186,1925286,11.801000,12.135000
79,8892,8892,62bc942,1927051,1927385,1933035,1933135,5.650000,5.984000
79,10466,10466,68e2943,2326051,2326377,2331146,2331246,4.769000,5.095000
80,590,590,424e940,43051,43377,62722,62822,19.345000,19.671000
80,387,387,4183943,109051,109377,132838,132938,23.461000,23.787000
80,863,863,435f942,122051,122377,136983,137083,14.606000,14.932000
80,740,740,42e4940,268051,268377,283474,283574,15.097000,15.423000
80,1144,1144,4478941,297051,297377,304778,304878,7.401000,7.727000
80,2574,2574,4a0e942,336051,336377,347261,347361,10.884000,11.210000
80,3262,3262,4cbe942,312051,312377,354341,354441,41.964000,42.290000
80,605,605,425d943,344051,344385,361136,361236,16.751000,17.085000
80,2608,2608,4a30942,350051,350385,372688,372788,22.303000,22.637000
80,2021,2021,47e5940,423051,423385,430777,430877,7.392000,7.726000
80,2846,2846,4b1e940,493051,493385,513159,513259,19.774000,20.108000
80,2372,2372,4944942,610051,610377,640403,640503,30.026000,30.352000
80,6076,6076,57bc943,717505,717831,728782,728882,10.951000,11.277000
80,3249,3249,4cb1942,754051,754377,773612,773712,19.235000,19.561000
80,3329,3329,4d01943,758051,758377,789946,790046,31.569000,31.895000
80,7899,7899,5edb940,1027431,1027757,1043124,1043224,15.367000,15.693000
80,5499,5499,557b940,1072051,1072385,1077108,1077208,4.723000,5.057000
80,5889,5889,5701941,1105051,1105377,1131220,1131320,25.843000,26.169000
80,9792,9792,6640941,1279051,1279377,1291129,1291229,11.752000,12.078000
80,7168,7168,5c00940,1276051,1276385,1328947,1329047,52.562000,52.896000
80,4281,4281,50b9943,1355565,1355891,1374633,1374733,18.742000,19.068000
80,10594,10594,6962943,1390051,1390385,1398670,1398770,8.285000,8.619000
80,7413,7413,5cf5943,1444051,1444385,1460267,1460367,15.882000,16.216000
80,7606,7606,5db6943,1512051,1512385,1538275,1538375,25.890000,26.224000
80,8891,8891,62bb941,1585051,1585385,1602560,1602660,17.175000,17.509000
80,4354,4354,5102943,1682051,1682377,1698686,1698786,16.309000,16.635000
80,8345,8345,6099941,1771051,1771377,1794192,1794292,22.815000,23.141000
80,8993,8993,6321943,1788051,1788385,1802017,1802117,13.632000,13.966000
80,10635,10635,698b942,1889051,1889377,1898514,1898614,9.137000,9.463000
80,9625,9625,6599940,2023051,2023377,2037081,2037181,13.704000,14.030000
81,104,104,4068942,23051,23385,68404,68504,45.019000,45.353000
81,497,497,41f1941,126051,126377,137404,137504,11.027000,11.353000
81,1832,1832,4728942,139051,139385,147587,147687,8.202000,8.536000
81,2249,2249,48c9943,302051,302377,334000,334100,31.623000,31.949000
81,1552,1552,4610940,333051,333385,339011,339111,5.626000,5.960000
81,1711,1711,46af941,366051,366385,371127,371227,4.742000,5.076000
81,2223,2223,48af941,366051,366377,375381,375481,9.004000,9.330000
81,1611,1611,464b941,350051,350385,386409,386509,36.024000,36.358000
81,1942,1942,4796942,427051,427385,433012,433112,5.627000,5.961000
81,2940,2940,4b7c943,467051,467377,487131,487231,19.754000,20.080000
81,1685,1685,4695942,489051,489385,494122,494222,4.737000,5.071000
81,1725,1725,46bd940,503051,503377,512252,512352,8.875000,9.201000
81,4053,4053,4fd5941,522050,522377,534929,535029,12.552000,12.879000
81,4557,4557,51cd943,575051,575377,583718,583818,8.341000,8.667000
81,1362,1362,4552943,599051,599385,624570,624670,25.185000,25.519000
81,2303,2303,48ff940,645051,645385,651860,651960,6.475000,6.809000
81,3629,3629,4e2d943,665051,665377,676320,676420,10.943000,11.269000
81,1624,1624,4658941,804051,804377,812599,812699,8.222000,8.548000
81,4628,4628,5214941,776051,776385,816793,816893,40.408000,40.742000
81,6483,6483,5953940,809051,809377,826985,827085,17.608000,17.934000
81,6209,6209,5841941,827051,827377,842460,842560,15.083000,15.409000
81,7545,7545,5d79941,840051,840377,861362,861462,20.985000,21.311000
81,6562,6562,59a2942,855051,855377,865561,865661,10.184000,10.510000
81,6872,6872,5ad8941,923836,924170,936439,936539,12.269000,12.603000
81,6261,6261,5875943,952051,952385,976436,976536,24.051000,24.385000
81,8756,8756,6234940,1195446,1195780,1208407,1208507,12.627000,12.961000
81,6394,6394,58fa943,1201378,1201712,1219795,1219895,18.083000,18.417000
81,9284,9284,6444943,1265418,1265752,1298323,1298423,32.571000,32.905000
81,8519,8519,6147942,1437190,1437524,1458041,1458141,20.517000,20.851000
81,8445,8445,60fd940,1463051,1463377,1474373,1474473,10.996000,11.322000
81,5662,5662,561e943,1483051,1483377,1495485,1495585,12.108000,12.434000
81,9174,9174,63d6942,1510051,1510377,1517722,1517822,7.345000,7.671000
81,3363,3363,4d23943,1506051,1506385,1562157,1562257,55.772000,56.106000
81,10385,10385,6891940,1532051,1532377,1568098,1568198,35.721000,36.047000
81,10998,10998,6af6943,1635051,1635377,1648231,1648331,12.854000,13.180000
81,10067,10067,6753941,1733051,1733377,1753241,1753341,19.864000,20.190000
81,9605,9605,6585943,1763051,1763377,1769880,1769980,6.503000,6.829000
81,8292,8292,6064940,1983051,1983377,1992594,1992694,9.217000,9.543000
81,10576,10576,6950942,2380813,2381139,2385851,2385951,4.712000,5.038000
82,114,114,4072941,79051,79385,102896,102996,23.511000,23.845000
82,1146,1146,447a942,139051,139385,155285,155385,15.900000,16.234000
82,660,660,4294941,142051,142377,162148,162248,19.771000,20.097000
82,222,222,40de941,181051,181385,207109,207209,25.724000,26.058000
82,1207,1207,44b7941,198051,198385,222801,222901,24.416000,24.750000
82,875,875,436b940,242051,242385,250919,251019,8.534000,8.868000
82,2804,2804,4af4940,257051,257385,267432,267532,10.047000,10.381000
82,681,681,42a9942,270416,270750,278180,278280,7.430000,7.764000
82,3124,3124,4c34941,234051,234377,286907,287007,52.530000,52.856000
82,1954,1954,47a2941,273051,273385,308708,308808,35.323000,35.657000
82,3474,3474,4d92943,315051,315377,347076,347176,31.699000,32.025000
82,1082,1082,443a940,404051,404385,412694,412794,8.309000,8.643000
82,3541,3541,4dd5942,393051,393385,416907,417007,23.522000,23.856000
82,1621,1621,4655941,411051,411377,421075,421175,9.698000,10.024000
82,2648,2648,4a58941,425051,425385,435367,435467,9.982000,10.316000
82,2395,2395,495b940,515050,515377,528134,528234,12.757000,13.084000
82,4320,4320,50e0940,535051,535385,554120,554220,18.735000,19.069000
82,1293,1293,450d941,595051,595377,600098,600198,4.721000,5.047000
82,5312,5312,54c0941,627051,627377,633044,633144,5.667000,5.993000
82,2883,2883,4b43942,626051,626377,642273,642373,15.896000,16.222000
82,4893,4893,531d942,685121,685455,718879,718979,33.424000,33.758000
82,4919,4919,5337941,744051,744377,757512,757612,13.135000,13.461000
82,6474,6474,594a943,760051,760377,765153,765253,4.776000,5.102000
82,3071,3071,4bff942,830691,831025,839148,839248,8.123000,8.457000
82,4319,4319,50df940,1036051,1036385,1043808,1043907,7.423000,7.757000
82,8926,8926,62de942,1046051,1046377,1057289,1057389,10.912000,11.238000
82,7705,7705,5e19941,1104051,1104385,1112726,1112826,8.341000,8.675000
82,9437,9437,64dd941,1203051,1203377,1215060,1215160,11.683000,12.009000
82,5980,5980,575c943,1233051,1233377,1249364,1249464,15.987000,16.313000
82,9147,9147,63bb940,1285051,1285385,1293019,1293119,7.634000,7.968000
82,7482,7482,5d3a940,1286051,1286385,1298380,1298480,11.995000,12.329000
82,6741,6741,5a55943,1415051,1415377,1445895,1445995,30.518000,30.844000
82,8542,8542,615e941,1476051,1476377,1485613,1485713,9.236000,9.562000
82,6554,6554,599a940,1573051,1573377,1580802,1580902,7.425000,7.751000
82,10279,10279,6827942,1587051,1587385,1607047,1607147,19.662000,19.996000
82,8293,8293,6065940,1641569,1641895,1653704,1653804,11.809000,12.135000
82,8535,8535,6157943,1719051,1719377,1724979,1725079,5.602000,5.928000
82,9902,9902,66ae943,1821051,1821385,1829000,1829100,7.615000,7.949000
82,10621,10621,697d941,1860051,1860377,1867707,1867807,7.330000,7.656000
82,8767,8767,623f941,1913051,1913377,1920788,1920888,7.411000,7.737000
83,200,200,40c8940,39051,39385,58888,58988,19.503000,19.837000
83,1414,1414,4586940,144051,144385,167545,167645,23.160000,23.494000
83,973,973,43cd941,173051,173377,189472,189572,16.095000,16.421000
83,773,773,4305940,186051,186385,194979,195079,8.594000,8.928000
83,193,193,40c1941,168051,168385,199490,199590,31.105000,31.439000
83,620,620,426c943,198051,198377,211302,211402,12.925000,13.251000
83,1401,1401,4579941,208051,208377,233672,233772,25.295000,25.621000
83,491,491,41eb942,280416,280750,294314,294414,13.564000,13.898000
83,3006,3006,4bbe940,511051,511377,518708,518808,7.331000,7.657000
83,1620,1620,4654940,505051,505385,528728,528828,23.343000,23.677000
83,3000,3000,4bb8943,582785,583119,599585,599685,16.466000,16.800000
83,2761,2761,4ac9943,612051,612385,617070,617170,4.685000,5.019000
83,4138,4138,502a943,619051,619377,638319,638419,18.942000,19.268000
83,3452,3452,4d7c943,633051,633377,644313,644413,10.936000,11.262000
83,2621,2621,4a3d942,668051,668385,673098,673198,4.713000,5.047000
83,4772,4772,52a4940,657051,657377,677235,677335,19.858000,20.184000
83,4067,4067,4fe3940,677051,677385,684799,684899,7.414000,7.748000
83,2673,2673,4a71942,694051,694377,709471,709571,15.094000,15.420000
83,5383,5383,5507943,725051,725377,737796,737896,12.419000,12.745000
83,6503,6503,5967943,722863,723197,743278,743378,20.081000,20.415000
83,4133,4133,5025941,741051,741385,748763,748863,7.378000,7.712000
83,6255,6255,586f941,764051,764377,772693,772793,8.316000,8.642000
83,4085,4085,4ff5942,858418,858752,866903,867003,8.151000,8.485000
83,3992,3992,4f98940,823051,823377,877798,877898,54.421000,54.747000
83,3075,3075,4c03940,887051,887377,901071,901171,13.694000,14.020000
83,7550,7550,5d7e943,867051,867377,905250,905350,37.873000,38.199000
83,5695,5695,563f943,888051,888385,909497,909597,21.112000,21.446000
83,4006,4006,4fa6940,1001051,1001377,1008865,1008965,7.488000,7.814000
83,5423,5423,552f940,1037051,1037385,1052118,1052218,14.733000,15.067000
83,10390,10390,6896943,1049051,1049377,1068716,1068816,19.339000,19.665000
83,8573,8573,617d942,1101051,1101385,1114293,1114393,12.908000,13.242000
83,9081,9081,6379942,1150051,1150377,1159587,1159687,9.210000,9.536000
83,8287,8287,605f943,1175883,1176217,1183711,1183811,7.494000,7.828000
83,5030,5030,53a6942,1272051,1272385,1295300,1295400,22.915000,23.249000
83,10317,10317,684d942,1351460,1351794,1363669,1363769,11.875000,12.209000
83,7666,7666,5df2942,1415753,1416087,1424456,1424556,8.369000,8.703000
83,5318,5318,54c6943,1429051,1429385,1435029,1435129,5.644000,5.978000
83,5385,5385,5509942,1476051,1476385,1481068,1481168,4.683000,5.017000
83,9568,9568,6560943,1507051,1507377,1525093,1525193,17.716000,18.042000
83,9107,9107,6393940,1546051,1546377,1554707,1554807,8.330000,8.656000
83,7345,7345,5cb1941,1548438,1548764,1558874,1558974,10.110000,10.436000
83,10540,10540,692c942,1550051,1550377,1575230,1575330,24.853000,25.179000
83,7962,7962,5f1a942,1588051,1588385,1594940,1595040,6.555000,6.889000
83,6771,6771,5a73940,1602051,1602385,1615363,1615463,12.978000,13.312000
83,9584,9584,6570940,1657051,1657385,1662165,1662265,4.780000,5.114000
83,10892,10892,6a8c943,1649395,1649729,1666294,1666394,16.565000,16.899000
83,6532,6532,5984942,1664051,1664385,1670523,1670623,6.138000,6.472000
83,10516,10516,6914942,1667438,1667764,1680142,1680242,12.378000,12.704000
83,9806,9806,664e941,1888051,1888385,1908164,1908264,19.779000,20.113000
83,10679,10679,69b7942,2083051,2083377,2092439,2092539,9.062000,9.388000
84,51,51,4033940,25051,25385,30983,31083,5.598000,5.932000
84,856,856,4358942,79051,79385,91054,91154,11.669000,12.003000
84,83,83,4053941,94051,94385,114698,114798,20.313000,20.647000
84,1161,1161,4489943,109051,109385,123782,123882,14.397000,14.731000
84,1416,1416,4588943,122051,122377,129825,129925,7.448000,7.774000
84,171,171,40ab941,180051,180377,190369,190469,9.992000,10.318000
84,1167,1167,448f943,169051,169377,227201,227301,57.824000,58.150000
84,1336,1336,4538942,261051,261385,271369,271469,9.984000,10.318000
84,2898,2898,4b52942,275439,275765,282344,282444,6.579000,6.905000
84,3054,3054,4bee943,277051,277385,288068,288168,10.683000,11.017000
84,3863,3863,4f17942,352051,352377,368831,368931,16.454000,16.780000
84,807,807,4327941,364051,364385,372980,373080,8.595000,8.929000
84,4435,4435,5153942,404051,404385,412893,412993,8.508000,8.842000
84,2541,2541,49ed943,475051,475385,482709,482809,7.324000,7.658000
84,4820,4820,52d4941,486051,486377,493750,493850,7.373000,7.699000
84,5409,5409,5521941,489051,489377,499095,499195,9.718000,10.044000
84,2929,2929,4b71942,486051,486385,509877,509977,23.492000,23.826000
84,3279,3279,4ccf942,554051,554385,563456,563556,9.071000,9.405000
84,3130,3130,4c3a940,565051,565385,574516,574616,9.131000,9.465000
84,1863,1863,4747942,706051,706377,716063,716163,9.686000,10.012000
84,4094,4094,4ffe941,725051,725385,753043,753143,27.658000,27.992000
84,4899,4899,5323942,799051,799377,815015,815115,15.638000,15.964000
84,3430,3430,4d66940,834051,834385,841001,841101,6.616000,6.950000
84,3571,3571,4df3943,875051,875385,887746,887846,12.361000,12.695000
84,3527,3527,4dc7940,902051,902377,916050,916150,13.673000,13.999000
84,8034,8034,5f62942,948051,948385,957380,957480,8.995000,9.329000
84,3799,3799,4ed7942,945051,945385,968323,968423,22.938000,23.272000
84,5785,5785,5699943,969051,969377,976729,976829,7.352000,7.678000
84,3239,3239,4ca7943,992051,992377,1014302,1014402,21.925000,22.251000
84,4681,4681,5249942,1023409,1023743,1034546,1034646,10.803000,11.137000
84,5773,5773,568d940,1090051,1090385,1106549,1106649,16.164000,16.498000
84,7038,7038,5b7e941,1097051,1097377,1110747,1110847,13.370000,13.696000
84,7943,7943,5f07941,1169051,1169377,1191104,1191204,21.727000,22.053000
84,7341,7341,5cad940,1218051,1218385,1235533,1235633,17.148000,17.482000
84,8671,8671,61df940,1408051,1408377,1421914,1422014,13.537000,13.863000
84,9397,9397,64b5943,1508051,1508385,1526353,1526453,17.968000,18.302000
84,7594,7594,5daa940,1614051,1614377,1622646,1622746,8.269000,8.595000
84,7968,7968,5f20941,1725051,1725385,1734508,1734608,9.123000,9.457000
84,10431,10431,68bf943,1829051,1829377,1838853,1838953,9.476000,9.802000
84,9780,9780,6634941,2104832,2105166,2113492,2113592,8.326000,8.660000
84,9905,9905,66b1942,2343051,2343385,2349002,2349102,5.617000,5.951000
84,10342,10342,6866941,2382298,2382624,2391769,2391869,9.145000,9.471000
85,91,91,405b942,23051,23385,30773,30873,7.388000,7.722000
85,219,219,40db942,24051,24385,46748,46848,22.363000,22.697000
85,162,162,40a2940,77051,77377,86864,86964,9.487000,9.813000
85,1185,1185,44a1941,136418,136752,150854,150954,14.102000,14.436000
85,3284,3284,4cd4941,189051,189377,201923,202023,12.546000,12.872000
85,4167,4167,5047941,210051,210377,221313,221413,10.936000,11.262000
85,1548,1548,460c941,357051,357385,372151,372251,14.766000,15.100000
85,1374,1374,455e940,406051,406377,424356,424456,17.979000,18.305000
85,1972,1972,47b4940,470051,470385,484017,484117,13.632000,13.966000
85,1906,1906,4772943,544051,544377,555226,555326,10.849000,11.175000
85,2038,2038,47f6940,551051,551377,564813,564913,13.436000,13.762000
85,4114,4114,5012943,583051,583377,596226,596326,12.849000,13.175000
85,2368,2368,4940942,589051,589385,607141,607241,17.756000,18.090000
85,5296,5296,54b0942,721051,721377,732004,732104,10.627000,10.953000
85,3160,3160,4c58942,729051,729377,742898,742998,13.521000,13.847000
85,4822,4822,52d6941,880051,880377,892136,892236,11.759000,12.085000
85,6283,6283,588b943,928051,928385,936683,936783,8.298000,8.632000
85,7668,7668,5df4941,923051,923385,940854,940954,17.469000,17.803000
85,4695,4695,5257942,921051,921377,945073,945173,23.696000,24.022000
85,5885,5885,56fd941,921051,921377,949296,949396,27.919000,28.245000
85,5430,5430,5536940,979051,979377,1003318,1003418,23.941000,24.267000
85,6121,6121,57e9943,1028051,1028377,1041497,1041597,13.120000,13.446000
85,10965,10965,6ad5941,1092051,1092385,1105047,1105147,12.662000,12.996000
85,7901,7901,5edd940,1107051,1107385,1119541,1119641,12.156000,12.490000
85,5760,5760,5680940,1185051,1185377,1195364,1195464,9.987000,10.313000
85,9966,9966,66ee942,1185051,1185385,1201224,1201324,15.839000,16.173000
85,7868,7868,5ebc942,1185051,1185377,1212161,1212261,26.784000,27.110000
85,5538,5538,55a2942,1258051,1258385,1267011,1267111,8.626000,8.960000
85,7092,7092,5bb4942,1371051,1371377,1388036,1388136,16.659000,16.985000
85,9016,9016,6338940,1379051,1379377,1395332,1395432,15.955000,16.281000
85,8101,8101,5fa5942,1420051,1420385,1443597,1443697,23.212000,23.546000
85,9130,9130,63aa942,1433051,1433377,1452004,1452104,18.627000,18.953000
85,6889,6889,5ae9942,1481051,1481385,1487700,1487800,6.315000,6.649000
85,6502,6502,5966940,1561051,1561385,1571436,1571536,10.051000,10.385000
85,6085,6085,57c5943,1594051,1594385,1600848,1600948,6.463000,6.797000
85,6376,6376,58e8942,1628051,1628377,1640100,1640200,11.723000,12.049000
85,7043,7043,5b83941,1649051,1649377,1662669,1662769,13.292000,13.618000
85,8949,8949,62f5941,1918402,1918736,1930006,1930106,11.270000,11.604000
85,9119,9119,639f941,2018051,2018377,2030136,2030236,11.759000,12.085000
85,8946,8946,62f2942,2046051,2046377,2052858,2052957,6.481000,6.807000
85,8764,8764,623c943,2077051,2077385,2089269,2089369,11.884000,12.218000
85,10770,10770,6a12940,2088051,2088377,2100157,2100257,11.780000,12.106000
86,52,52,4034941,57051,57385,80567,80667,23.182000,23.516000
86,640,640,4280940,93446,93780,104727,104827,10.947000,11.281000
86,746,746,42ea940,127051,127377,138867,138967,11.490000,11.816000
86,1078,1078,4436942,179051,179377,191223,191323,11.846000,12.172000
86,580,580,4244940,197051,197377,220034,220134,22.657000,22.983000
86,1746,1746,46d2940,226051,226385,247307,247407,20.922000,21.256000
86,1804,1804,470c943,296051,296377,313325,313425,16.948000,17.274000
86,3593,3593,4e09943,399350,399676,421106,421206,21.430000,21.756000
86,2155,2155,486b940,441051,441377,454069,454169,12.692000,13.018000
86,2037,2037,47f5940,475668,475994,488631,488731,12.637000,12.963000
86,2489,2489,49b9941,495051,495377,509780,509880,14.403000,14.729000
86,3168,3168,4c60943,503118,503452,518576,518675,15.124000,15.458000
86,2354,2354,4932943,516050,516377,537181,537281,20.804000,21.131000
86,898,898,4382941,503051,503385,542504,542604,39.119000,39.453000
86,4017,4017,4fb1943,554051,554385,583187,583287,28.802000,29.136000
86,5764,5764,5684941,551713,552039,594146,594246,42.107000,42.433000
86,2996,2996,4bb4943,583051,583377,599507,599607,16.130000,16.456000
86,3878,3878,4f26940,614051,614377,639300,639400,24.923000,25.249000
86,2891,2891,4b4b942,699051,699385,717403,717503,18.018000,18.352000
86,5301,5301,54b5943,788051,788385,799406,799506,11.021000,11.355000
86,5116,5116,53fc943,859051,859377,867640,867740,8.263000,8.589000
86,6096,6096,57d0940,947051,947377,960080,960180,12.703000,13.029000
86,7063,7063,5b97942,1061051,1061385,1066142,1066242,4.757000,5.091000
86,8518,8518,6146941,1147051,1147377,1157461,1157561,10.084000,10.410000
86,8282,8282,605a943,1268051,1268377,1278473,1278573,10.096000,10.422000
86,9366,9366,6496941,1313051,1313385,1322497,1322597,9.112000,9.446000
86,8439,8439,60f7940,1325051,1325385,1332791,1332891,7.406000,7.740000
86,10380,10380,688c940,1327051,1327377,1343589,1343689,16.212000,16.538000
86,7788,7788,5e6c941,1347051,1347385,1398511,1398611,51.126000,51.460000
86,5112,5112,53f8940,1412051,1412377,1418035,1418135,5.658000,5.984000
86,8613,8613,61a5943,1389051,1389385,1422214,1422314,32.829000,33.163000
86,10389,10389,6895940,1461051,1461377,1483996,1484096,22.619000,22.945000
86,8135,8135,5fc7942,1497051,1497377,1508249,1508349,10.872000,11.198000
86,8832,8832,6280942,1536051,1536377,1544672,1544772,8.295000,8.621000
86,10506,10506,690a940,1612051,1612385,1618877,1618977,6.492000,6.826000
86,6687,6687,5a1f943,1667051,1667385,1690159,1690259,22.774000,23.108000
86,9888,9888,66a0941,1699051,1699385,1708610,1708710,9.225000,9.559000
86,10290,10290,6832940,1700051,1700385,1722874,1722974,22.489000,22.823000
86,7526,7526,5d66940,1799051,1799377,1805887,1805987,6.510000,6.836000
86,7717,7717,5e25940,1840051,1840385,1851810,1851910,11.425000,11.759000
86,10777,10777,6a19943,1844051,1844385,1860598,1860698,16.213000,16.547000
86,10974,10974,6ade942,2253051,2253377,2262511,2262611,9.134000,9.460000
87,75,75,404b940,34051,34385,46087,46187,11.702000,12.036000
87,513,513,4201941,67051,67377,92019,92119,24.642000,24.968000
87,1431,1431,4597940,151416,151742,165527,165627,13.785000,14.111000
87,3735,3735,4e97942,162051,162377,170691,170791,8.314000,8.640000
87,1489,1489,45d1940,282051,282377,290195,290295,7.818000,8.144000
87,1361,1361,4551942,291051,291377,301119,301219,9.742000,10.068000
87,2701,2701,4a8d941,344914,345248,364434,364534,19.186000,19.520000
87,5320,5320,54c8942,381439,381773,397444,397544,15.671000,16.005000
87,3492,3492,4da4940,431051,431385,455942,456042,24.557000,24.891000
87,3287,3287,4cd7941,497439,497765,512384,512483,14.619000,14.945000
87,7156,7156,5bf4942,519050,519377,535808,535908,16.431000,16.758000
87,5404,5404,551c942,609059,609385,626834,626934,17.449000,17.775000
87,5066,5066,53ca942,682051,682377,701651,701751,19.274000,19.600000
87,3748,3748,4ea4942,726051,726377,755912,756012,29.535000,29.861000
87,6081,6081,57c1941,761051,761385,770694,770794,9.309000,9.643000
87,6959,6959,5b2f942,768478,768812,778041,778141,9.229000,9.563000
87,5293,5293,54ad941,803019,803345,820369,820469,17.024000,17.350000
87,3146,3146,4c4a941,818051,818385,858063,858163,39.678000,40.012000
87,7104,7104,5bc0941,1021051,1021377,1046062,1046163,24.685000,25.011000
87,7298,7298,5c82940,1149051,1149385,1161977,1162077,12.592000,12.926000
87,6396,6396,58fc943,1210682,1211008,1226539,1226639,15.531000,15.857000
87,9820,9820,665c943,1236966,1237292,1246489,1246589,9.197000,9.523000
87,6167,6167,5817940,1320051,1320385,1333994,1334094,13.609000,13.943000
87,8776,8776,6248940,1391051,1391385,1409777,1409877,18.392000,18.726000
87,8358,8358,60a6940,1404435,1404761,1420789,1420889,16.028000,16.354000
87,9161,9161,63c9942,1410436,1410762,1431745,1431845,20.983000,21.309000
87,5703,5703,5647940,1448051,1448385,1457499,1457599,9.114000,9.448000
87,9556,9556,6554940,1448051,1448377,1462963,1463063,14.586000,14.912000
87,9321,9321,6469941,1455051,1455385,1474006,1474106,18.621000,18.955000
87,8302,8302,606e940,1460051,1460385,1490524,1490624,30.139000,30.473000
87,7379,7379,5cd3940,1472051,1472385,1495261,1495361,22.876000,23.210000
87,9139,9139,63b3943,1587051,1587377,1605768,1605868,18.391000,18.717000
87,10298,10298,683a940,1710051,1710377,1727767,1727867,17.390000,17.716000
87,9461,9461,64f5940,1746051,1746377,1753824,1753924,7.447000,7.773000
87,10031,10031,672f941,1752051,1752377,1762490,1762590,10.113000,10.439000
87,8790,8790,6256941,1815051,1815385,1826854,1826954,11.469000,11.803000
88,184,184,40b8941,30051,30385,41263,41363,10.878000,11.212000
88,1427,1427,4593942,190051,190377,196035,196135,5.658000,5.984000
88,1510,1510,45e6943,205051,205377,217133,217233,11.756000,12.082000
88,2213,2213,48a5942,262051,262385,275984,276084,13.599000,13.933000
88,649,649,4289940,285051,285385,303535,303635,18.150000,18.484000
88,1596,1596,463c942,293129,293463,309036,309136,15.573000,15.907000
88,3509,3509,4db5943,359051,359385,370693,370793,11.308000,11.642000
88,3812,3812,4ee4941,448051,448377,456033,456133,7.656000,7.982000
88,3433,3433,4d69941,446051,446377,477842,477942,31.465000,31.791000
88,3506,3506,4db2943,436495,436829,488784,488884,51.955000,52.289000
88,4227,4227,5083940,606051,606377,611146,611246,4.769000,5.095000
88,4472,4472,5178942,611769,612095,634623,634723,22.528000,22.854000
88,6196,6196,5834941,691051,691377,706441,706541,15.064000,15.390000
88,5674,5674,562a943,686051,686385,711734,711834,25.349000,25.683000
88,5732,5732,5664941,732051,732385,744071,744171,11.686000,12.020000
88,7808,7808,5e80942,756051,756377,772178,772278,15.801000,16.127000
88,4457,4457,5169942,763051,763377,777784,777884,14.407000,14.733000
88,3810,3810,4ee2941,776051,776385,811120,811220,34.735000,35.069000
88,6841,6841,5ab9941,918424,918750,926194,926294,7.444000,7.770000
88,5722,5722,565a940,932051,932385,945403,945503,13.018000,13.352000
88,7086,7086,5bae941,942051,942385,961725,961825,19.340000,19.674000
88,7869,7869,5ebd943,964051,964377,976140,976240,11.763000,12.089000
88,8460,8460,610c942,960051,960385,980369,980469,19.984000,20.318000
88,5729,5729,5661941,991051,991385,1001666,1001766,10.281000,10.615000
88,4904,4904,5328941,991051,991377,1010682,1010782,19.305000,19.631000
88,6851,6851,5ac3943,1032051,1032385,1052347,1052447,19.962000,20.296000
88,6260,6260,5874940,1060051,1060385,1085955,1086055,25.570000,25.904000
88,8529,8529,6151941,1088051,1088377,1104877,1104977,16.500000,16.826000
88,8881,8881,62b1941,1095051,1095385,1115866,1115966,20.481000,20.815000
88,6591,6591,59bf940,1139427,1139761,1163327,1163427,23.566000,23.900000
88,6004,6004,5774943,1181051,1181377,1202528,1202628,21.151000,21.477000
88,7243,7243,5c4b942,1206051,1206377,1222058,1222158,15.681000,16.007000
88,7029,7029,5b75943,1317051,1317385,1328401,1328501,11.016000,11.350000
88,7781,7781,5e65943,1414051,1414385,1423958,1424058,9.573000,9.907000
88,10199,10199,67d7940,1468051,1468385,1480219,1480319,11.834000,12.168000
88,8992,8992,6320940,1479424,1479750,1488008,1488108,8.258000,8.584000
88,8286,8286,605e943,1490051,1490385,1498643,1498743,8.258000,8.592000
88,9738,9738,660a941,1500051,1500377,1513094,1513194,12.717000,13.043000
88,6757,6757,5a65943,1520051,1520377,1530429,1530529,10.052000,10.378000
88,5704,5704,5648943,1549051,1549385,1559409,1559509,10.024000,10.358000
88,10287,10287,682f942,1551051,1551377,1568451,1568551,17.074000,17.400000
88,10081,10081,6761941,1684051,1684377,1696933,1697033,12.556000,12.882000
88,10418,10418,68b2941,1713682,1714008,1723304,1723404,9.296000,9.622000
88,4397,4397,512d943,1866051,1866377,1880997,1881097,14.620000,14.946000
88,9693,9693,65dd943,2215051,2215377,2227930,2228030,12.553000,12.879000
88,10969,10969,6ad9940,2541051,2541377,2551407,2551507,10.030000,10.356000
88,10504,10504,6908943,2616051,2616385,2625603,2625703,9.218000,9.552000
88,10882,10882,6a82941,2745051,2745377,2757250,2757350,11.873000,12.199000
89,1086,1086,443e940,57331,57657,65034,65133,7.377000,7.703000
89,505,505,41f9940,92051,92385,98869,98969,6.484000,6.818000
89,2022,2022,47e6941,165051,165385,175423,175523,10.038000,10.372000
89,1822,1822,471e941,191051,191385,196068,196168,4.683000,5.017000
89,1112,1112,4458940,184051,184385,234266,234366,49.881000,50.215000
89,579,579,4243941,242051,242377,249724,249824,7.347000,7.673000
89,647,647,4287941,237051,237385,256090,256190,18.705000,19.039000
89,853,853,4355942,267051,267377,278065,278165,10.688000,11.014000
89,1066,1066,442a940,372051,372377,383276,383376,10.899000,11.225000
89,1901,1901,476d940,424051,424377,435173,435273,10.796000,11.122000
89,5652,5652,5614942,437051,437377,443935,444035,6.558000,6.884000
89,4865,4865,5301942,437051,437377,448107,448207,10.730000,11.056000
89,3037,3037,4bdd943,540051,540385,550375,550475,9.990000,10.324000
89,2710,2710,4a96940,562409,562743,569235,569335,6.492000,6.826000
89,5747,5747,5673942,575051,575377,581896,581996,6.519000,6.845000
89,2972,2972,4b9c940,588051,588377,594947,595047,6.570000,6.896000
89,3127,3127,4c37943,591051,591377,600413,600513,9.036000,9.362000
89,4997,4997,5385941,601051,601385,631969,632069,30.584000,30.918000
89,3133,3133,4c3d942,713395,713729,723112,723212,9.383000,9.717000
89,3704,3704,4e78943,770051,770377,784161,784261,13.784000,14.110000
89,7746,7746,5e42941,768916,769242,789600,789700,20.358000,20.684000
89,4432,4432,5150942,846051,846385,863386,863486,17.001000,17.335000
89,4364,4364,510c940,882051,882385,889819,889919,7.434000,7.768000
89,5564,5564,55bc941,887051,887377,906336,906436,18.959000,19.285000
89,5005,5005,538d940,869051,869385,911801,911901,42.416000,42.750000
89,5941,5941,5735940,1007902,1008236,1038615,1038715,30.379000,30.713000
89,6701,6701,5a2d941,1079051,1079377,1087711,1087811,8.334000,8.660000
89,4883,4883,5313942,1115051,1115385,1125458,1125558,10.073000,10.407000
89,9329,9329,6471941,1231051,1231385,1238830,1238930,7.445000,7.779000
89,4171,4171,504b941,1251051,1251377,1279266,1279366,27.889000,28.215000
89,8792,8792,6258943,1284051,1284377,1291445,1291545,7.068000,7.394000
89,7203,7203,5c23943,1344051,1344385,1353627,1353727,9.242000,9.576000
89,8230,8230,6026942,1333051,1333377,1357772,1357872,24.395000,24.721000
89,7631,7631,5dcf940,1351051,1351377,1363102,1363202,11.725000,12.051000
89,5010,5010,5392942,1390051,1390377,1410653,1410753,20.276000,20.602000
89,10321,10321,6851943,1476051,1476385,1487840,1487940,11.455000,11.789000
89,10720,10720,69e0941,1517409,1517743,1530805,1530905,13.062000,13.396000
89,10522,10522,691a941,1562051,1562385,1574115,1574215,11.730000,12.064000
89,9163,9163,63cb940,1581051,1581377,1588889,1588989,7.512000,7.838000
89,10718,10718,69de940,1573395,1573729,1594346,1594446,20.617000,20.951000
89,7620,7620,5dc4941,1592051,1592385,1604975,1605075,12.590000,12.924000
89,6291,6291,5893943,1626051,1626385,1634673,1634773,8.288000,8.622000
89,10653,10653,699d941,1646051,1646385,1654599,1654699,8.214000,8.548000
89,9175,9175,63d7940,1647051,1647385,1658819,1658919,11.434000,11.768000
89,7702,7702,5e16940,1744051,1744385,1750914,1751014,6.529000,6.863000
89,9465,9465,64f9940,1964051,1964377,1974056,1974156,9.679000,10.005000
89,10773,10773,6a15941,2316051,2316385,2323750,2323850,7.365000,7.699000
90,432,432,41b0942,120051,120377,125095,125195,4.718000,5.044000
90,1106,1106,4452943,128051,128384,138026,138126,9.642000,9.975000
90,476,476,41dc940,167051,167385,180064,180164,12.679000,13.013000
90,1651,1651,4673940,311051,311385,330598,330698,19.213000,19.547000
90,2242,2242,48c2941,434051,434385,439070,439170,4.685000,5.019000
90,3072,3072,4c00942,442892,443226,468672,468772,25.446000,25.780000
90,2655,2655,4a5f940,456051,456385,475066,475166,18.681000,19.015000
90,861,861,435d942,474051,474385,487383,487483,12.998000,13.332000
90,3884,3884,4f2c940,507051,507385,516667,516766,9.282000,9.616000
90,4277,4277,50b5943,618051,618377,649949,650049,31.572000,31.898000
90,5824,5824,56c0941,642051,642377,663287,663387,20.910000,21.236000
90,5497,5497,5579942,652051,652385,667506,667606,15.121000,15.455000
90,3322,3322,4cfa943,650051,650377,671693,671793,21.316000,21.642000
90,2724,2724,4aa4942,676051,676377,689570,689670,13.193000,13.519000
90,2758,2758,4ac6941,683051,683385,695038,695138,11.653000,11.987000
90,1471,1471,45bf943,699051,699385,710368,710468,10.983000,11.317000
90,6298,6298,589a943,704051,704377,714520,714620,10.143000,10.469000
90,3501,3501,4dad940,705453,705779,721683,721783,15.904000,16.230000
90,2674,2674,4a72943,694432,694766,725866,725966,31.100000,31.434000
90,1892,1892,4764943,730051,730377,746192,746292,15.815000,16.141000
90,3194,3194,4c7a941,728051,728377,753246,753346,24.869000,25.195000
90,5639,5639,5607941,747816,748150,765050,765150,16.900000,17.234000
90,3539,3539,4dd3940,758051,758377,769782,769882,11.405000,11.731000
90,4307,4307,50d3941,753051,753385,775241,775341,21.856000,22.190000
90,3585,3585,4e01943,834051,834385,845968,846068,11.583000,11.917000
90,4564,4564,51d4943,872051,872377,881548,881648,9.171000,9.497000
90,4844,4844,52ec940,883051,883377,903456,903556,20.079000,20.405000
90,7386,7386,5cda940,962051,962377,968884,968984,6.507000,6.833000
90,6900,6900,5af4942,1037051,1037377,1051767,1051867,14.390000,14.716000
90,7428,7428,5d04942,1176051,1176377,1189953,1190053,13.576000,13.902000
90,2556,2556,49fc943,1262051,1262377,1291241,1291341,28.864000,29.190000
90,7809,7809,5e81941,1281051,1281385,1302129,1302229,20.744000,21.078000
90,8463,8463,610f941,1288051,1288377,1307620,1307720,19.243000,19.569000
90,7272,7272,5c68940,1302051,1302385,1323931,1324031,21.546000,21.880000
90,9540,9540,6544942,1282051,1282385,1335010,1335110,52.625000,52.959000
90,9169,9169,63d1943,1364051,1364385,1369942,1370042,5.557000,5.891000
90,7136,7136,5be0940,1401051,1401385,1422067,1422167,20.682000,21.016000
90,9813,9813,6655941,1468446,1468780,1491447,1491547,22.667000,23.001000
90,7408,7408,5cf0940,1486051,1486377,1531196,1531296,44.819000,45.145000
90,9869,9869,668d940,1696051,1696377,1705502,1705602,9.125000,9.451000
90,10675,10675,69b3943,1793051,1793385,1807168,1807268,13.783000,14.117000
90,10084,10084,6764940,1798051,1798385,1812657,1812757,14.272000,14.606000
90,8770,8770,6242940,1900051,1900377,1908707,1908807,8.330000,8.656000
90,9204,9204,63f4941,1926409,1926743,1933291,1933391,6.548000,6.882000
90,7450,7450,5d1a941,1972051,1972377,1985021,1985121,12.644000,12.970000
90,10877,10877,6a7d940,2001051,2001377,2007012,2007112,5.635000,5.961000
90,9788,9788,663c941,2068051,2068385,2081935,2082035,13.550000,13.884000
91,819,819,4333943,100051,100377,113244,113344,12.867000,13.193000
91,721,721,42d1943,254051,254385,274632,274732,20.247000,20.581000
91,1375,1375,455f940,265051,265377,290838,290938,25.461000,25.787000
91,1099,1099,444b943,336051,336385,344660,344760,8.275000,8.609000
91,1676,1676,468c942,391051,391377,396979,397079,5.602000,5.928000
91,1868,1868,474c942,474051,474385,495817,495917,21.432000,21.766000
91,2214,2214,48a6942,541051,541377,571395,571495,30.018000,30.344000
91,2360,2360,4938942,597051,597385,629783,629883,32.398000,32.732000
91,4166,4166,5046941,728051,728377,735764,735864,7.387000,7.713000
91,3568,3568,4df0942,778051,778385,785761,785861,7.376000,7.710000
91,6434,6434,5922941,794051,794385,802566,802666,8.181000,8.515000
91,5033,5033,53a9941,847051,847377,861494,861594,14.117000,14.443000
91,6901,6901,5af5942,847452,847786,925259,925359,77.473000,77.807000
91,6116,6116,57e4943,933051,933385,944268,944368,10.883000,11.217000
91,10545,10545,6931940,993446,993780,1024474,1024574,30.694000,31.028000
91,3423,3423,4d5f943,1004051,1004385,1028664,1028763,24.279000,24.613000
91,8035,8035,5f63943,1117051,1117377,1126557,1126657,9.180000,9.506000
91,7394,7394,5ce2943,1130051,1130377,1164813,1164913,34.436000,34.762000
91,5809,5809,56b1942,1263484,1263818,1272091,1272191,8.273000,8.607000
91,9659,9659,65bb942,1287410,1287736,1298849,1298949,11.113000,11.439000
91,8662,8662,61d6943,1360051,1360377,1368622,1368722,8.245000,8.571000
91,8550,8550,6166943,1373051,1373377,1385081,1385181,11.704000,12.030000
91,7636,7636,5dd4941,1376051,1376377,1390472,1390572,14.095000,14.421000
91,5797,5797,56a5942,1493051,1493377,1518184,1518284,24.807000,25.133000
91,6504,6504,5968941,1546051,1546377,1555493,1555593,9.116000,9.442000
91,6867,6867,5ad3940,1558418,1558752,1571304,1571404,12.552000,12.886000
91,9963,9963,66eb941,1616051,1616377,1624646,1624746,8.269000,8.595000
91,6335,6335,58bf942,1649051,1649385,1657626,1657726,8.241000,8.575000
91,7908,7908,5ee4942,1659051,1659385,1684279,1684379,24.894000,25.228000
91,9299,9299,6453940,1691051,1691377,1709280,1709380,17.903000,18.229000
91,9622,9622,6596942,1699051,1699385,1713498,1713598,14.113000,14.447000
91,6838,6838,5ab6943,1914051,1914385,1922594,1922694,8.209000,8.543000
91,10416,10416,68b0941,2002051,2002385,2013759,2013859,11.374000,11.708000
91,8458,8458,610a941,2032804,2033130,2045926,2046026,12.796000,13.122000
91,10106,10106,677a942,2064051,2064377,2070914,2071014,6.537000,6.863000
91,10801,10801,6a31940,2131051,2131385,2140032,2140132,8.647000,8.981000
91,10612,10612,6974940,2229882,2230208,2237751,2237851,7.543000,7.869000
91,10623,10623,697f942,2246051,2246385,2254921,2255021,8.536000,8.870000
92,305,305,4131942,49051,49385,54968,55068,5.583000,5.917000
92,337,337,4151943,39051,39377,74883,74983,35.506000,35.832000
92,1450,1450,45aa941,126051,126377,134926,135026,8.549000,8.875000
92,1076,1076,4434940,214051,214385,219965,220065,5.580000,5.914000
92,2862,2862,4b2e943,281051,281385,299942,300042,18.557000,18.891000
92,1837,1837,472d941,334051,334377,345472,345572,11.095000,11.421000
92,1796,1796,4704942,394051,394377,400881,400981,6.504000,6.830000
92,2414,2414,496e941,442051,442385,464888,464988,22.503000,22.837000
92,2659,2659,4a63942,525051,525377,534833,534933,9.456000,9.782000
92,5176,5176,5438941,531051,531377,549186,549286,17.809000,18.135000
92,1403,1403,457b940,556051,556377,581031,581131,24.654000,24.980000
92,2457,2457,4999943,587051,587385,608872,608972,21.487000,21.821000
92,3697,3697,4e71943,612051,612385,619785,619885,7.400000,7.734000
92,3200,3200,4c80943,638051,638377,650961,651061,12.584000,12.910000
92,2909,2909,4b5d942,641051,641385,661904,662004,20.519000,20.853000
92,2331,2331,491b941,648051,648377,666153,666253,17.776000,18.102000
92,4812,4812,52cc943,697051,697377,747138,747238,49.761000,50.087000
92,4459,4459,516b942,776051,776385,790699,790799,14.314000,14.648000
92,4963,4963,5363941,817051,817385,824554,824654,7.169000,7.503000
92,6150,6150,5806943,902051,902377,909901,910001,7.524000,7.850000
92,3414,3414,4d56942,913051,913385,931702,931802,18.317000,18.651000
92,6018,6018,5782942,904534,904860,937208,937308,32.348000,32.674000
92,5940,5940,5734940,999051,999385,1014668,1014768,15.283000,15.617000
92,6735,6735,5a4f940,1014051,1014385,1030845,1030945,16.460000,16.794000
92,7970,7970,5f22943,1040051,1040377,1056472,1056572,16.095000,16.421000
92,8872,8872,62a8943,1104051,1104385,1117285,1117385,12.900000,13.234000
92,6403,6403,5903941,1187051,1187377,1212111,1212211,24.734000,25.060000
92,9776,9776,6630943,1200051,1200385,1225596,1225696,25.211000,25.545000
92,7047,7047,5b87940,1258051,1258385,1266124,1266224,7.739000,8.073000
92,6446,6446,592e940,1321051,1321377,1332230,1332330,10.853000,11.179000
92,7194,7194,5c1a940,1375051,1375377,1390675,1390775,15.298000,15.624000
92,8570,8570,617a942,1445770,1446096,1462073,1462173,15.977000,16.303000
92,6307,6307,58a3942,1464051,1464377,1472589,1472689,8.212000,8.538000
92,9439,9439,64df943,1516051,1516377,1540911,1541011,24.534000,24.860000
92,9493,9493,6515943,1582051,1582385,1598771,1598871,16.386000,16.720000
92,6152,6152,5808941,1656051,1656385,1665610,1665710,9.225000,9.559000
92,8749,8749,622d942,1725051,1725377,1754793,1754893,29.416000,29.742000
92,8659,8659,61d3943,1753051,1753385,1769035,1769135,15.650000,15.984000
92,10692,10692,69c4941,1861051,1861385,1867963,1868063,6.578000,6.912000
93,120,120,4078942,58051,58385,64916,65016,6.531000,6.865000
93,21,21,4015943,77051,77385,90850,90950,13.465000,13.799000
93,121,121,4079942,132051,132385,143169,143269,10.784000,11.118000
93,1775,1775,46ef943,235051,235385,246219,246319,10.834000,11.168000
93,864,864,4360940,322051,322385,353976,354076,31.591000,31.925000
93,2049,2049,4801941,345051,345377,364910,365010,19.533000,19.859000
93,1983,1983,47bf943,460051,460377,470613,470713,10.236000,10.562000
93,2087,2087,4827942,472051,472385,489161,489261,16.776000,17.110000
93,2950,2950,4b86941,486392,486718,493390,493490,6.672000,6.998000
93,7383,7383,5cd7942,601395,601729,610051,610151,8.322000,8.656000
93,3955,3955,4f73943,648051,648377,660694,660794,12.317000,12.643000
93,1258,1258,44ea941,654051,654377,666129,666229,11.752000,12.078000
93,3051,3051,4beb941,655051,655377,670328,670428,14.951000,15.277000
93,3210,3210,4c8a940,693051,693385,703414,703514,10.029000,10.363000
93,5720,5720,5658943,699051,699377,707654,707754,8.277000,8.603000
93,3766,3766,4eb6942,700051,700377,714381,714481,14.004000,14.330000
93,5958,5958,5746942,733051,733377,746433,746533,13.056000,13.382000
93,7975,7975,5f27943,719051,719385,750614,750714,31.229000,31.563000
93,2754,2754,4ac2943,737051,737377,756015,756115,18.638000,18.964000
93,5407,5407,551f942,769051,769385,786778,786878,17.393000,17.727000
93,4080,4080,4ff0943,765051,765377,790994,791094,25.617000,25.943000
93,6597,6597,59c5941,832051,832377,847475,847575,15.098000,15.424000
93,5163,5163,542b941,867051,867385,875986,876086,8.601000,8.935000
93,2900,2900,4b54941,900051,900377,922539,922639,22.162000,22.488000
93,4932,4932,5344940,911051,911377,970467,970567,59.090000,59.416000
93,5946,5946,573a941,943051,943385,974695,974795,31.310000,31.644000
93,4097,4097,5001942,1048051,1048377,1062733,1062833,14.356000,14.682000
93,5959,5959,5747942,1076051,1076385,1091535,1091635,15.150000,15.484000
93,9532,9532,653c942,1082051,1082385,1100601,1100701,18.216000,18.550000
93,8970,8970,630a942,1099051,1099385,1115949,1116049,16.564000,16.898000
93,6499,6499,5963940,1124892,1125226,1143806,1143906,18.580000,18.914000
93,6691,6691,5a23942,1137051,1137377,1149255,1149355,11.878000,12.204000
93,4944,4944,5350942,1143051,1143385,1160187,1160287,16.802000,17.136000
93,8804,8804,6264942,1151051,1151377,1174916,1175016,23.539000,23.865000
93,9860,9860,6684942,1177051,1177377,1185667,1185767,8.290000,8.616000
93,5998,5998,576e943,1168051,1168385,1204805,1204905,36.420000,36.754000
93,5500,5500,557c941,1295051,1295385,1304754,1304854,9.369000,9.703000
93,8303,8303,606f940,1339051,1339385,1363228,1363328,23.843000,24.177000
93,6210,6210,5842942,1391788,1392114,1404355,1404455,12.241000,12.567000
93,9701,9701,65e5941,1463051,1463377,1486717,1486817,23.340000,23.666000
93,9803,9803,664b940,1519051,1519385,1550636,1550736,31.251000,31.585000
93,10975,10975,6adf941,1598051,1598385,1610101,1610201,11.716000,12.050000
93,10890,10890,6a8a942,1618097,1618431,1641238,1641338,22.807000,23.141000
93,10304,10304,6840940,1639393,1639727,1653270,1653370,13.543000,13.877000
93,9717,9717,65f5943,1656051,1656377,1665665,1665765,9.288000,9.614000
93,7614,7614,5dbe942,1672051,1672385,1677939,1678039,5.554000,5.888000
93,7929,7929,5ef9942,1730799,1731125,1736786,1736886,5.661000,5.987000
93,8690,8690,61f2941,1743051,1743385,1761127,1761227,17.742000,18.076000
93,10649,10649,6999941,1849051,1849385,1859481,1859581,10.096000,10.430000
94,511,511,41ff942,34676,35002,61363,61463,26.361000,26.687000
94,0,0,4000940,40051,40385,65591,65691,25.206000,25.540000
94,522,522,420a941,73051,73377,78999,79099,5.622000,5.948000
94,78,78,404e940,63051,63385,99487,99587,36.102000,36.436000
94,1531,1531,45fb940,159051,159385,187366,187466,27.981000,28.315000
94,1148,1148,447c941,190051,190385,206194,206294,15.809000,16.143000
94,1280,1280,4500940,202051,202385,219670,219770,17.285000,17.619000
94,1652,1652,4674941,209051,209377,223870,223970,14.493000,14.819000
94,801,801,4321940,214051,214377,242398,242498,28.021000,28.347000
94,1434,1434,459a943,254051,254385,267402,267502,13.017000,13.351000
94,1467,1467,45bb940,305051,305385,314526,314626,9.141000,9.475000
94,4656,4656,5230940,536051,536385,547197,547297,10.812000,11.146000
94,2635,2635,4a4b942,537393,537727,559169,559269,21.442000,21.776000
94,3827,3827,4ef3940,543051,543377,565750,565850,22.373000,22.699000
94,4049,4049,4fd1943,604051,604377,612715,612815,8.338000,8.664000
94,2492,2492,49bc942,627051,627385,639182,639282,11.797000,12.131000
94,8498,8498,6132942,732051,732377,751241,751341,18.864000,19.190000
94,6699,6699,5a2b940,750051,750385,762249,762349,11.864000,12.198000
94,5591,5591,55d7942,794051,794385,808822,808922,14.437000,14.771000
94,8605,8605,619d942,833051,833385,852196,852296,18.811000,19.145000
94,8204,8204,600c942,845416,845742,856328,856428,10.586000,10.912000
94,4800,4800,52c0940,880051,880385,916997,917097,36.612000,36.946000
94,6938,6938,5b1a940,939051,939385,951119,951219,11.734000,12.068000
94,3924,3924,4f54940,960051,960377,983537,983637,23.160000,23.486000
94,4453,4453,5165940,1066051,1066377,1071967,1072067,5.590000,5.916000
94,3895,3895,4f37941,1069051,1069377,1078625,1078725,9.248000,9.574000
94,7474,7474,5d32942,1103051,1103385,1131775,1131875,28.390000,28.724000
94,5424,5424,5530940,1110051,1110385,1136017,1136117,25.632000,25.966000
94,7775,7775,5e5f943,1252051,1252385,1260232,1260332,7.847000,8.181000
94,8288,8288,6060941,1249051,1249385,1271144,1271244,21.759000,22.093000
94,7944,7944,5f08942,1270051,1270377,1284199,1284299,13.822000,14.148000
94,8343,8343,6097941,1343051,1343385,1351145,1351245,7.760000,8.094000
94,10642,10642,6992941,1350051,1350385,1359109,1359209,8.724000,9.058000
94,8728,8728,6218941,1470051,1470377,1492938,1493038,22.561000,22.887000
94,7854,7854,5eae940,1531051,1531377,1545899,1545999,14.522000,14.848000
94,9551,9551,654f943,1558051,1558377,1564868,1564968,6.491000,6.817000
94,8818,8818,6272942,1619051,1619385,1627660,1627760,8.275000,8.609000
94,10764,10764,6a0c940,1610051,1610385,1642662,1642762,32.277000,32.611000
94,9790,9790,663e941,1750409,1750743,1761527,1761627,10.784000,11.118000
94,6215,6215,5847941,1928051,1928385,1936638,1936738,8.253000,8.587000
94,9589,9589,6575942,2038051,2038377,2047888,2047988,9.511000,9.837000
95,247,247,40f7942,39416,39742,50732,50832,10.990000,11.316000
95,1554,1554,4612941,114051,114385,137961,138061,23.576000,23.910000
95,1212,1212,44bc941,149051,149377,155873,155973,6.496000,6.822000
95,2018,2018,47e2943,212051,212377,217970,218070,5.593000,5.919000
95,3486,3486,4d9e942,280051,280385,307094,307194,26.709000,27.043000
95,999,999,43e7940,297051,297385,317463,317563,20.078000,20.412000
95,860,860,435c941,306051,306377,321692,321792,15.315000,15.641000
95,687,687,42af940,349051,349377,404801,404901,55.424000,55.750000
95,1936,1936,4790941,423395,423729,434660,434760,10.931000,11.265000
95,1805,1805,470d942,431051,431377,440099,440199,8.722000,9.048000
95,3537,3537,4dd1940,448051,448385,458770,458870,10.385000,10.719000
95,2921,2921,4b69940,453051,453385,462942,463042,9.557000,9.891000
95,1394,1394,4572940,459051,459377,471036,471136,11.659000,11.985000
95,2458,2458,499a941,475051,475377,490375,490475,14.998000,15.324000
95,1564,1564,461c943,566051,566385,580838,580938,14.453000,14.787000
95,2860,2860,4b2c942,580051,580385,585098,585198,4.713000,5.047000
95,6966,6966,5b36943,587051,587385,625173,625273,37.788000,38.122000
95,2634,2634,4a4a941,612418,612752,635985,636085,23.233000,23.567000
95,3483,3483,4d9b941,702051,702377,712313,712413,9.936000,10.262000
95,4834,4834,52e2941,700051,700385,721766,721866,21.381000,21.715000
95,8094,8094,5f9e943,866051,866377,883349,883449,16.972000,17.298000
95,5054,5054,53be941,877051,877385,888814,888914,11.429000,11.763000
95,4845,4845,52ed941,935051,935385,956667,956767,21.282000,21.616000
95,6190,6190,582e943,973051,973385,986270,986370,12.885000,13.219000
95,5574,5574,55c6940,971104,971438,990488,990588,19.050000,19.384000
95,9350,9350,6486942,999051,999377,1006776,1006876,7.399000,7.725000
95,6284,6284,588c941,1001051,1001377,1033781,1033881,32.404000,32.730000
95,7467,7467,5d2b943,1037051,1037385,1046947,1047048,9.562000,9.896000
95,7056,7056,5b90942,1237051,1237377,1251718,1251818,14.341000,14.667000
95,6914,6914,5b02941,1323051,1323377,1353913,1354013,30.536000,30.862000
95,9496,9496,6518942,1367051,1367385,1415210,1415310,47.825000,48.159000
95,9277,9277,643d941,1430051,1430385,1441247,1441347,10.862000,11.196000
95,6187,6187,582b941,1434051,1434385,1451887,1451987,17.502000,17.836000
95,6939,6939,5b1b941,1462051,1462377,1470062,1470162,7.685000,8.011000
95,8029,8029,5f5d942,1478051,1478385,1502834,1502934,24.449000,24.783000
95,8630,8630,61b6940,1683051,1683385,1692458,1692558,9.073000,9.407000
95,7945,7945,5f09942,1739051,1739385,1744998,1745098,5.613000,5.947000
95,7674,7674,5dfa943,1772051,1772377,1777970,1778070,5.593000,5.919000
95,9678,9678,65ce942,1792051,1792377,1801514,1801614,9.137000,9.463000
95,6819,6819,5aa3942,1798051,1798385,1813711,1813811,15.326000,15.660000
95,9026,9026,6342942,1965051,1965377,1970119,1970219,4.742000,5.068000
95,10571,10571,694b940,2002051,2002385,2014149,2014249,11.764000,12.098000
95,10982,10982,6ae6940,2388051,2388385,2397509,2397609,9.124000,9.458000
96,270,270,410e941,104051,104377,130503,130604,26.126000,26.452000
96,1286,1286,4506940,132446,132780,150054,150154,17.274000,17.608000
96,319,319,413f940,142446,142780,171901,172001,29.121000,29.455000
96,2932,2932,4b74942,238051,238385,257520,257620,19.135000,19.469000
96,588,588,424c942,300051,300377,310377,310477,10.000000,10.326000
96,1921,1921,4781941,309051,309385,333364,333464,23.979000,24.313000
96,957,957,43bd941,402051,402385,418637,418737,16.252000,16.586000
96,3551,3551,4ddf941,367051,367377,434417,434517,67.040000,67.366000
96,1867,1867,474b942,447051,447377,458009,458109,10.632000,10.958000
96,1953,1953,47a1940,454051,454385,462158,462258,7.773000,8.107000
96,4592,4592,51f0940,617051,617385,623014,623114,5.629000,5.963000
96,2469,2469,49a5941,607051,607377,628358,628458,20.981000,21.307000
96,4009,4009,4fa9940,634051,634377,652277,652377,17.900000,18.226000
96,5820,5820,56bc942,683051,683385,695205,695305,11.820000,12.154000
96,6000,6000,5770942,679051,679377,699408,699508,20.031000,20.357000
96,3800,3800,4ed8942,656051,656385,706193,706293,49.808000,50.142000
96,2001,2001,47d1940,706051,706377,717384,717484,11.007000,11.333000
96,2983,2983,4ba7940,700051,700385,722821,722921,22.436000,22.770000
96,3111,3111,4c27940,733051,733385,745098,745198,11.713000,12.047000
96,4825,4825,52d9942,721051,721385,756183,756283,34.798000,35.132000
96,3726,3726,4e8e943,788051,788385,794976,795076,6.591000,6.925000
96,6393,6393,58f9943,834051,834377,856007,856107,21.630000,21.956000
96,5391,5391,550f943,862439,862773,891549,891649,28.776000,29.110000
96,7561,7561,5d89941,985051,985385,1007799,1007899,22.414000,22.748000
96,7542,7542,5d76941,1026425,1026759,1035930,1036030,9.171000,9.505000
96,7367,7367,5cc7941,1032051,1032385,1052359,1052459,19.974000,20.308000
96,5955,5955,5743940,1030051,1030385,1057852,1057952,27.467000,27.801000
96,6367,6367,58df943,1116051,1116377,1132998,1133098,16.621000,16.947000
96,8381,8381,60bd943,1160051,1160385,1173037,1173137,12.652000,12.986000
96,6151,6151,5807941,1181051,1181385,1188792,1188892,7.407000,7.741000
96,7573,7573,5d95943,1180051,1180385,1197413,1197513,17.028000,17.362000
96,5634,5634,5602943,1193051,1193385,1209773,1209873,16.388000,16.722000
96,8170,8170,5fea941,1227051,1227377,1254372,1254472,26.995000,27.321000
96,4703,4703,525f943,1255051,1255385,1268701,1268801,13.316000,13.650000
96,8465,8465,6111940,1285051,1285377,1304837,1304937,19.460000,19.786000
96,9569,9569,6561943,1288051,1288385,1312348,1312448,23.963000,24.297000
96,6049,6049,57a1941,1310051,1310385,1348450,1348550,38.065000,38.399000
96,8826,8826,627a942,1398051,1398385,1413234,1413334,14.849000,15.183000
96,7067,7067,5b9b941,1419051,1419377,1432914,1433014,13.537000,13.863000
96,10910,10910,6a9e942,1426775,1427109,1442559,1442659,15.450000,15.784000
96,5377,5377,5501942,1446051,1446385,1467200,1467300,20.815000,21.149000
96,7730,7730,5e32940,1537051,1537377,1554546,1554646,17.169000,17.495000
96,9196,9196,63ec940,1553051,1553377,1589536,1589636,36.159000,36.485000
96,8553,8553,6169941,1635051,1635385,1644491,1644591,9.106000,9.440000
96,7770,7770,5e5a943,1680051,1680377,1686920,1687020,6.543000,6.869000
96,8001,8001,5f41941,1690051,1690385,1707314,1707414,16.929000,17.263000
96,8869,8869,62a5940,1963051,1963377,1972501,1972601,9.124000,9.450000
96,10508,10508,690c943,2364051,2364385,2372626,2372726,8.241000,8.575000
97,5,5,4005940,23051,23385,37965,38065,14.580000,14.914000
97,482,482,41e2943,53051,53385,72961,73061,19.576000,19.910000
97,1601,1601,4641942,128051,128377,139599,139699,11.222000,11.548000
97,1152,1152,4480942,126051,126385,143827,143927,17.442000,17.776000
97,2106,2106,483a943,193193,193519,202855,202955,9.336000,9.662000
97,1939,1939,4793941,325051,325377,350292,350392,24.915000,25.241000
97,3563,3563,4deb942,361051,361385,377895,377995,16.510000,16.844000
97,3995,3995,4f9b942,377584,377910,406092,406192,28.182000,28.508000
97,1814,1814,4716940,409453,409779,416422,416522,6.643000,6.969000
97,2627,2627,4a43942,432051,432385,455606,455706,23.221000,23.555000
97,1788,1788,46fc940,504051,504385,514923,515023,10.538000,10.872000
97,2460,2460,499c941,511051,511377,524422,524522,13.045000,13.371000
97,3033,3033,4bd9943,552051,552377,565996,566096,13.619000,13.945000
97,4440,4440,5158941,601051,601385,618122,618222,16.737000,17.071000
97,4781,4781,52ad942,705051,705385,721915,722015,16.530000,16.864000
97,5355,5355,54eb941,717051,717385,733654,733754,16.269000,16.603000
97,6469,6469,5945942,711051,711385,737848,737948,26.463000,26.797000
97,4942,4942,534e942,748051,748377,754863,754963,6.486000,6.812000
97,4262,4262,50a6941,752051,752377,766894,766994,14.517000,14.843000
97,3682,3682,4e62942,860051,860377,877433,877533,17.056000,17.382000
97,5675,5675,562b940,910051,910377,917790,917890,7.413000,7.739000
97,6468,6468,5944943,909051,909385,937347,937447,27.962000,28.296000
97,8423,8423,60e7942,935051,935385,964677,964777,29.292000,29.626000
97,6398,6398,58fe940,1005051,1005385,1014585,1014685,9.200000,9.534000
97,8830,8830,627e942,1008446,1008780,1019956,1020056,11.176000,11.510000
97,5141,5141,5415941,1075051,1075385,1084383,1084483,8.998000,9.332000
97,4441,4441,5159942,1164051,1164385,1186981,1187081,22.596000,22.930000
97,9106,9106,6392941,1187051,1187377,1195699,1195799,8.322000,8.648000
97,6059,6059,57ab940,1259051,1259385,1275529,1275629,16.144000,16.478000
97,8481,8481,6121942,1278051,1278377,1286706,1286806,8.329000,8.655000
97,5420,5420,552c940,1290051,1290377,1302936,1303036,12.559000,12.885000
97,7816,7816,5e88940,1286051,1286377,1308372,1308472,21.995000,22.321000
97,7649,7649,5de1942,1379051,1379385,1392756,1392856,13.371000,13.705000
97,8004,8004,5f44942,1411051,1411385,1431165,1431265,19.780000,20.114000
97,9296,9296,6450943,1413479,1413805,1464262,1464362,50.457000,50.783000
97,5432,5432,5538941,1454051,1454377,1468447,1468547,14.070000,14.396000
97,5537,5537,55a1943,1476796,1477130,1485478,1485578,8.348000,8.682000
97,9503,9503,651f942,1500051,1500385,1519208,1519308,18.823000,19.157000
97,8444,8444,60fc940,1516865,1517199,1533138,1533238,15.939000,16.273000
97,10101,10101,6775940,1541051,1541377,1546968,1547068,5.591000,5.917000
97,8857,8857,6299942,1563051,1563377,1589048,1589148,25.671000,25.997000
97,9710,9710,65ee940,1624051,1624377,1644267,1644367,19.890000,20.216000
97,8466,8466,6112943,1759051,1759385,1775136,1775236,15.751000,16.085000
97,10820,10820,6a44942,1827051,1827385,1838225,1838325,10.840000,11.174000
97,9176,9176,63d8941,1822051,1822377,1842441,1842541,20.064000,20.390000
97,9668,9668,65c4940,1874051,1874385,1885346,1885446,10.961000,11.295000
97,10633,10633,6989941,1889051,1889385,1896792,1896892,7.407000,7.741000
97,7219,7219,5c33941,1910051,1910385,1915128,1915228,4.743000,5.077000
97,10305,10305,6841940,2049051,2049385,2056743,2056843,7.358000,7.692000
97,10864,10864,6a70942,2238051,2238385,2245806,2245906,7.421000,7.755000
98,481,481,41e1941,20051,20385,25088,25188,4.703000,5.037000
98,581,581,4245942,161051,161385,166168,166268,4.783000,5.117000
98,1357,1357,454d942,261051,261385,266123,266223,4.738000,5.072000
98,2893,2893,4b4d942,351051,351385,362706,362806,11.321000,11.655000
98,4846,4846,52ee942,596051,596385,604651,604751,8.266000,8.600000
98,3078,3078,4c06940,578051,578377,620971,621071,42.594000,42.920000
98,5586,5586,55d2942,630051,630385,649302,649402,18.917000,19.251000
98,2379,2379,494b942,662051,662385,674280,674380,11.895000,12.229000
98,6722,6722,5a42941,714051,714385,723495,723595,9.110000,9.444000
98,7312,7312,5c90941,746051,746377,752934,753034,6.557000,6.883000
98,3324,3324,4cfc943,778051,778377,787485,787585,9.108000,9.434000
98,5911,5911,5717942,806051,806385,811059,811159,4.674000,5.008000
98,5689,5689,5639941,843704,844030,853285,853385,9.255000,9.581000
98,5801,5801,56a9940,852051,852377,859693,859793,7.316000,7.642000
98,3503,3503,4daf941,888051,888377,896710,896810,8.333000,8.659000
98,5852,5852,56dc940,985427,985761,997384,997484,11.623000,11.957000
98,6332,6332,58bc941,1021051,1021385,1035863,1035963,14.478000,14.812000
98,5007,5007,538f943,1045051,1045385,1063520,1063620,18.135000,18.469000
98,4272,4272,50b0941,1096051,1096385,1102903,1103003,6.518000,6.852000
98,3681,3681,4e61940,1137051,1137385,1146564,1146664,9.179000,9.513000
98,8661,8661,61d5942,1127051,1127385,1162353,1162453,34.968000,35.302000
98,7602,7602,5db2940,1212051,1212377,1221151,1221251,8.774000,9.100000
98,6511,6511,596f941,1231051,1231377,1237654,1237754,6.277000,6.603000
98,7147,7147,5beb940,1226051,1226377,1243008,1243108,16.631000,16.957000
98,7623,7623,5dc7940,1388051,1388385,1396431,1396531,8.046000,8.380000
98,7716,7716,5e24943,1410235,1410561,1420659,1420759,10.098000,10.424000
98,9968,9968,66f0940,1579051,1579385,1593011,1593111,13.626000,13.960000
98,8328,8328,6088941,1685051,1685385,1691006,1691106,5.621000,5.955000
98,10012,10012,671c940,2023051,2023385,2033482,2033582,10.097000,10.431000
99,1244,1244,44dc943,42051,42385,58684,58784,16.299000,16.633000
99,531,531,4213941,56051,56377,75010,75110,18.633000,18.959000
99,946,946,43b2940,162051,162377,176623,176723,14.246000,14.572000
99,554,554,422a941,184051,184385,205774,205874,21.389000,21.723000
99,1998,1998,47ce940,229804,230138,278061,278161,47.923000,48.257000
99,1370,1370,455a940,304051,304377,317212,317312,12.835000,13.161000
99,3292,3292,4cdc943,334051,334377,341735,341835,7.358000,7.684000
99,3761,3761,4eb1941,335051,335377,345896,345996,10.519000,10.845000
99,1993,1993,47c9941,403051,403385,422013,422113,18.628000,18.962000
99,3464,3464,4d88940,456051,456385,471414,471514,15.029000,15.363000
99,2127,2127,484f941,483051,483385,491582,491682,8.197000,8.531000
99,4438,4438,5156941,544051,544385,550853,550953,6.468000,6.802000
99,3334,3334,4d06942,544453,544779,555093,555193,10.314000,10.640000
99,2270,2270,48de940,660051,660385,666840,666940,6.455000,6.789000
99,4013,4013,4fad940,665051,665385,691104,691204,25.719000,26.053000
99,4199,4199,5067940,744051,744377,757180,757280,12.803000,13.129000
99,3019,3019,4bcb942,745051,745385,766485,766585,21.100000,21.434000
99,3561,3561,4de9942,882051,882385,891093,891193,8.708000,9.042000
99,5606,5606,55e6943,954051,954385,962497,962597,8.112000,8.446000
99,6373,6373,58e5943,955051,955377,966739,966839,11.362000,11.688000
99,4310,4310,50d6942,1085051,1085385,1091045,1091145,5.660000,5.994000
99,7125,7125,5bd5943,1088051,1088377,1118658,1118758,30.281000,30.607000
99,8176,8176,5ff0941,1212051,1212377,1232943,1233043,20.566000,20.892000
99,10828,10828,6a4c942,1232051,1232385,1238289,1238389,5.904000,6.238000
99,8840,8840,6288941,1215051,1215385,1251126,1251226,35.741000,36.075000
99,10204,10204,67dc942,1278051,1278385,1303838,1303938,25.453000,25.787000
99,5989,5989,5765943,1353051,1353377,1359046,1359146,5.669000,5.995000
99,7934,7934,5efe941,1346051,1346377,1366996,1367096,20.619000,20.945000
99,9943,9943,66d7943,1363051,1363385,1372316,1372416,8.931000,9.265000
99,7503,7503,5d4f941,1361051,1361385,1377647,1377747,16.262000,16.596000
99,10073,10073,6759943,1467051,1467377,1480193,1480293,12.816000,13.142000
99,9282,9282,6442940,1474051,1474377,1487043,1487143,12.666000,12.992000
99,9603,9603,6583943,1560051,1560385,1568680,1568780,8.295000,8.629000
99,9663,9663,65bf941,1569051,1569385,1586318,1586418,16.933000,17.267000
99,10207,10207,67df941,1690431,1690757,1700063,1700163,9.306000,9.632000
99,8691,8691,61f3941,1698051,1698385,1705473,1705573,7.088000,7.422000
99,7465,7465,5d29941,1917051,1917377,1923888,1923988,6.511000,6.837000
99,8440,8440,60f8940,1956051,1956377,1965612,1965712,9.235000,9.561000
99,8489,8489,6129942,2193051,2193377,2200693,2200793,7.316000,7.642000
99,8097,8097,5fa1942,2225051,2225385,2242492,2242592,17.107000,17.441000
99,10818,10818,6a42940,2355051,2355385,2369785,2369885,14.400000,14.734000
99,10984,10984,6ae8941,2474051,2474377,2489761,2489861,15.384000,15.710000
100,45,45,402d942,76051,76385,86490,86590,10.105000,10.439000
100,413,413,419d941,90051,90377,113714,113814,23.337000,23.663000
100,1425,1425,4591943,123199,123533,129256,129355,5.723000,6.057000
100,970,970,43ca943,105409,105743,141562,141662,35.819000,36.153000
100,602,602,425a943,175747,176081,188228,188328,12.147000,12.481000
100,2110,2110,483e940,192051,192377,217649,217749,25.272000,25.598000
100,1187,1187,44a3943,212739,213065,231765,231865,18.700000,19.026000
100,1568,1568,4620941,315051,315385,342128,342228,26.743000,27.077000
100,2167,2167,4877941,330704,331038,359311,359411,28.273000,28.607000
100,4301,4301,50cd942,413051,413385,421622,421722,8.237000,8.571000
100,3655,3655,4e47943,512430,512757,521391,521491,8.634000,8.961000
100,1821,1821,471d943,498051,498385,528490,528590,30.105000,30.439000
100,1756,1756,46dc943,510051,510377,533975,534075,23.598000,23.924000
100,3709,3709,4e7d940,570051,570377,585870,585970,15.493000,15.819000
100,2670,2670,4a6e940,606644,606978,612610,612710,5.632000,5.966000
100,3407,3407,4d4f940,642051,642385,662369,662469,19.984000,20.318000
100,2720,2720,4aa0942,657051,657377,676680,676780,19.303000,19.629000
100,4604,4604,51fc940,689051,689377,701174,701274,11.797000,12.123000
100,5575,5575,55c7940,797613,797939,819915,820015,21.976000,22.302000
100,5945,5945,5739941,813051,813377,836378,836478,23.001000,23.327000
100,5777,5777,5691943,847439,847773,889062,889162,41.289000,41.623000
100,2152,2152,4868941,886051,886377,911419,911519,25.042000,25.368000
100,3355,3355,4d1b940,987051,987385,999897,999997,12.512000,12.846000
100,8800,8800,6260942,1111051,1111377,1124071,1124171,12.694000,13.020000
100,6514,6514,5972940,1141051,1141385,1146101,1146201,4.716000,5.050000
100,5252,5252,5484943,1135051,1135377,1153195,1153295,17.818000,18.144000
100,10853,10853,6a65941,1156051,1156377,1175253,1175353,18.876000,19.202000
100,8360,8360,60a8940,1192416,1192750,1200164,1200264,7.414000,7.748000
100,7278,7278,5c6e940,1205051,1205385,1213937,1214037,8.552000,8.886000
100,8141,8141,5fcd942,1267051,1267385,1274807,1274907,7.422000,7.756000
100,9505,9505,6521943,1256051,1256377,1286330,1286430,29.953000,30.279000
100,7957,7957,5f15940,1305051,1305385,1319326,1319426,13.941000,14.275000
100,5131,5131,540b941,1323051,1323377,1328089,1328189,4.712000,5.038000
100,7966,7966,5f1e942,1405051,1405385,1420206,1420306,14.821000,15.155000
100,7618,7618,5dc2943,1439051,1439385,1457369,1457469,17.984000,18.318000
100,10465,10465,68e1942,1468051,1468377,1480168,1480268,11.791000,12.117000
100,8052,8052,5f74941,1563051,1563377,1569055,1569155,5.678000,6.004000
100,9122,9122,63a2943,1636051,1636385,1648171,1648271,11.786000,12.120000
100,7846,7846,5ea6943,1689051,1689385,1694065,1694165,4.680000,5.014000
100,8213,8213,6015942,1715051,1715385,1723656,1723756,8.271000,8.605000
100,9388,9388,64ac940,1726051,1726377,1738868,1738968,12.491000,12.817000
100,8925,8925,62dd940,1774051,1774377,1789861,1789961,15.484000,15.810000
100,10863,10863,6a6f942,1807051,1807385,1825441,1825541,18.056000,18.390000
100,8580,8580,6184941,1891893,1892227,1907865,1907965,15.638000,15.972000
100,7738,7738,5e3a943,1930416,1930742,1938253,1938353,7.511000,7.837000
100,9778,9778,6632943,1950051,1950377,1971823,1971923,21.446000,21.772000
100,10680,10680,69b8943,2025051,2025377,2036365,2036465,10.988000,11.314000
100,10503,10503,6907941,2064446,2064780,2074031,2074131,9.251000,9.585000
100,10236,10236,67fc940,2322051,2322377,2335101,2335201,12.724000,13.050000
100,10080,10080,6760943,2550431,2550757,2569911,2570011,19.154000,19.480000
101,356,356,4164943,60051,60385,78417,78517,18.032000,18.366000
101,260,260,4104940,87051,87385,95638,95738,8.253000,8.587000
101,503,503,41f7943,103051,103377,120429,120529,17.052000,17.378000
101,1498,1498,45da942,151051,151385,161498,161598,10.113000,10.447000
101,2895,2895,4b4f942,160051,160377,172375,172475,11.998000,12.324000
101,1312,1312,4520943,224051,224385,241875,241975,17.490000,17.824000
101,1092,1092,4444941,276051,276385,292476,292576,16.091000,16.425000
101,929,929,43a1940,284051,284385,300806,300906,16.421000,16.755000
101,2439,2439,4987941,347461,347795,362128,362228,14.333000,14.667000
101,3313,3313,4cf1941,395051,395377,400934,401034,5.557000,5.883000
101,5288,5288,54a8940,390051,390377,406402,406502,16.025000,16.351000
101,2827,2827,4b0b941,467425,467759,481089,481189,13.330000,13.664000
101,3076,3076,4c04942,538051,538385,563344,563444,24.959000,25.293000
101,3485,3485,4d9d943,588051,588385,602595,602695,14.210000,14.544000
101,7331,7331,5ca3942,606051,606377,618225,618325,11.848000,12.174000
101,4952,4952,5358941,634335,634669,656059,656159,21.390000,21.724000
101,7139,7139,5be3942,671051,671377,720072,720172,48.695000,49.021000
101,5515,5515,558b941,742431,742757,752036,752136,9.279000,9.605000
101,5149,5149,541d941,797544,797878,817625,817725,19.747000,20.081000
101,5063,5063,53c7942,803051,803385,831140,831240,27.755000,28.089000
101,3436,3436,4d6c940,837051,837385,862483,862583,25.098000,25.432000
101,5361,5361,54f1943,840051,840377,867363,867463,26.986000,27.312000
101,3680,3680,4e60940,934051,934385,957122,957222,22.737000,23.071000
101,8311,8311,6077941,954051,954385,962445,962545,8.060000,8.394000
101,6541,6541,598d941,1055051,1055385,1072126,1072226,16.741000,17.075000
101,3716,3716,4e84941,1063051,1063377,1076346,1076446,12.969000,13.295000
101,6249,6249,5869940,1076416,1076742,1097017,1097117,20.275000,20.601000
101,8139,8139,5fcb943,1108224,1108550,1120617,1120717,12.067000,12.393000
101,7538,7538,5d72941,1102892,1103226,1131367,1131467,28.141000,28.475000
101,8126,8126,5fbe941,1206051,1206377,1216737,1216837,10.360000,10.686000
101,6625,6625,59e1941,1255051,1255377,1273042,1273142,17.665000,17.991000
101,5731,5731,5663940,1307051,1307385,1312083,1312183,4.698000,5.032000
101,7502,7502,5d4e942,1308051,1308385,1332742,1332842,24.357000,24.691000
101,5214,5214,545e942,1336051,1336385,1354641,1354741,18.256000,18.590000
101,5451,5451,554b941,1346051,1346385,1365333,1365433,18.948000,19.282000
101,9555,9555,6553941,1427395,1427721,1439010,1439110,11.289000,11.615000
101,7662,7662,5dee942,1437051,1437377,1445596,1445696,8.219000,8.545000
101,10792,10792,6a28941,1451051,1451385,1469083,1469183,17.698000,18.032000
101,6669,6669,5a0d942,1483051,1483385,1499271,1499371,15.886000,16.220000
101,6506,6506,596a943,1506051,1506377,1541501,1541601,35.124000,35.450000
101,10118,10118,6786943,1613051,1613377,1626882,1626982,13.505000,13.831000
101,8885,8885,62b5940,1781051,1781377,1792275,1792375,10.898000,11.224000
101,8039,8039,5f67942,1929395,1929721,1941879,1941979,12.158000,12.484000
101,9550,9550,654e940,1994446,1994780,2001279,2001379,6.499000,6.833000
102,44,44,402c943,21051,21385,35110,35210,13.725000,14.059000
102,1001,1001,43e9942,36051,36377,45669,45769,9.292000,9.618000
102,210,210,40d2940,63051,63385,76461,76561,13.076000,13.410000
102,106,106,406a943,78051,78385,92362,92462,13.977000,14.311000
102,382,382,417e942,109051,109377,136985,137085,27.608000,27.934000
102,126,126,407e940,137051,137377,148601,148701,11.224000,11.550000
102,1133,1133,446d943,157051,157385,172906,173006,15.521000,15.855000
102,1823,1823,471f943,205051,205385,213659,213759,8.274000,8.608000
102,2334,2334,491e942,222051,222377,235625,235725,13.248000,13.574000
102,2310,2310,4906940,226051,226385,240985,241085,14.600000,14.934000
102,1688,1688,4698940,246051,246385,261534,261633,15.149000,15.483000
102,3406,3406,4d4e943,347051,347385,366956,367056,19.571000,19.905000
102,2348,2348,492c943,422051,422385,433382,433482,10.997000,11.331000
102,2779,2779,4adb941,419051,419377,437605,437705,18.228000,18.554000
102,3024,3024,4bd0941,434051,434385,449293,449393,14.908000,15.242000
102,3496,3496,4da8940,473051,473377,484254,484354,10.877000,11.203000
102,3791,3791,4ecf941,549051,549377,560302,560402,10.925000,11.251000
102,1418,1418,458a940,545051,545385,565723,565823,20.338000,20.672000
102,1813,1813,4715940,539051,539385,574928,575028,35.543000,35.877000
102,5365,5365,54f5943,579051,579377,591467,591567,12.090000,12.416000
102,5561,5561,55b9940,636051,636377,648196,648296,11.819000,12.145000
102,7507,7507,5d53943,725576,725902,742140,742240,16.238000,16.564000
102,5926,5926,5726942,730051,730377,746369,746469,15.992000,16.318000
102,3567,3567,4def941,752051,752377,765916,766016,13.539000,13.865000
102,5966,5966,574e943,759051,759377,770132,770232,10.755000,11.081000
102,3446,3446,4d76943,766051,766377,774293,774393,7.916000,8.242000
102,10265,10265,6819941,838089,838423,847577,847677,9.154000,9.488000
102,7712,7712,5e20943,898051,898385,910245,910345,11.860000,12.194000
102,5718,5718,5656941,914051,914377,922597,922697,8.220000,8.546000
102,3734,3734,4e96942,992051,992385,997173,997273,4.788000,5.122000
102,9433,9433,64d9943,1083051,1083377,1097815,1097915,14.438000,14.764000
102,6071,6071,57b7942,1125625,1125959,1137663,1137763,11.704000,12.038000
102,7442,7442,5d12940,1143833,1144159,1153389,1153489,9.230000,9.556000
102,8244,8244,6034942,1144409,1144743,1178560,1178660,33.817000,34.151000
102,6555,6555,599b940,1265051,1265377,1278117,1278217,12.740000,13.066000
102,6199,6199,5837943,1376051,1376377,1393593,1393693,17.216000,17.542000
102,9061,9061,6365941,1425051,1425377,1443205,1443305,17.828000,18.154000
102,7686,7686,5e06940,1657051,1657385,1668274,1668374,10.889000,11.223000
102,8679,8679,61e7941,1707051,1707377,1716618,1716718,9.241000,9.567000
102,8190,8190,5ffe942,1707051,1707377,1720816,1720916,13.439000,13.765000
102,9990,9990,6706940,1709051,1709385,1727929,1728029,18.544000,18.878000
102,6850,6850,5ac2943,1785051,1785385,1798613,1798713,13.228000,13.562000
102,9213,9213,63fd942,1791051,1791385,1804123,1804223,12.738000,13.072000
102,7239,7239,5c47943,1947051,1947377,1952096,1952196,4.719000,5.045000
102,8453,8453,6105942,1945051,1945385,1956320,1956420,10.935000,11.269000
102,8207,8207,600f940,1963051,1963377,1972527,1972627,9.150000,9.476000
102,7918,7918,5eee941,2020051,2020377,2033099,2033199,12.722000,13.048000
102,9041,9041,6351940,2064051,2064377,2073599,2073698,9.222000,9.548000
102,10749,10749,69fd940,2119051,2119377,2125823,2125923,6.446000,6.772000
103,60,60,403c943,48051,48385,54020,54120,5.635000,5.969000
103,781,781,430d941,61113,61447,80407,80507,18.960000,19.294000
103,273,273,4111942,81051,81385,103260,103360,21.875000,22.209000
103,611,611,4263940,113051,113385,126533,126633,13.148000,13.482000
103,882,882,4372942,115051,115385,130732,130831,15.347000,15.681000
103,1196,1196,44ac940,168051,168377,182106,182206,13.729000,14.055000
103,208,208,40d0941,175051,175377,186300,186400,10.923000,11.249000
103,1028,1028,4404941,188051,188377,203941,204041,15.564000,15.890000
103,3191,3191,4c77941,194051,194385,208086,208186,13.701000,14.035000
103,1501,1501,45dd943,205051,205377,221823,221923,16.446000,16.772000
103,2267,2267,48db942,232051,232377,251653,251753,19.276000,19.602000
103,872,872,4368941,248051,248385,261090,261190,12.705000,13.039000
103,2281,2281,48e9943,270051,270377,277559,277659,7.182000,7.508000
103,1378,1378,4562943,257051,257385,281708,281808,24.323000,24.657000
103,2146,2146,4862943,269498,269824,287070,287170,17.246000,17.572000
103,1151,1151,447f941,261905,262240,291616,291716,29.376000,29.711000
103,2954,2954,4b8a941,294051,294377,305489,305589,11.112000,11.438000
103,4515,4515,51a3941,360051,360385,365990,366090,5.605000,5.939000
103,3847,3847,4f07943,439051,439377,451326,451426,11.949000,12.275000
103,5613,5613,55ed941,502051,502377,516992,517093,14.615000,14.941000
103,1916,1916,477c943,549402,549736,554474,554574,4.738000,5.072000
103,2575,2575,4a0f941,551051,551385,576564,576664,25.179000,25.513000
103,2514,2514,49d2942,635738,636064,645253,645353,9.189000,9.515000
103,4338,4338,50f2943,666051,666377,673820,673920,7.443000,7.769000
103,3157,3157,4c55943,656051,656385,678003,678103,21.618000,21.952000
103,4146,4146,5032943,754051,754377,764372,764472,9.995000,10.321000
103,5510,5510,5586940,792233,792567,801823,801923,9.256000,9.590000
103,3558,3558,4de6943,799051,799385,806038,806138,6.653000,6.987000
103,3988,3988,4f94943,806051,806377,814687,814787,8.310000,8.636000
103,2625,2625,4a41940,811051,811377,832141,832241,20.764000,21.090000
103,1969,1969,47b1941,843395,843729,853477,853577,9.748000,10.082000
103,4848,4848,52f0940,851051,851385,861248,861348,9.863000,10.197000
103,4471,4471,5177940,828051,828385,866328,866428,37.943000,38.277000
103,5488,5488,5570943,1056051,1056377,1067247,1067347,10.870000,11.196000
103,5028,5028,53a4940,1064051,1064377,1092058,1092158,27.681000,28.007000
103,7518,7518,5d5e943,1084051,1084385,1111422,1111522,27.037000,27.371000
103,6460,6460,593c943,1115051,1115385,1120148,1120248,4.763000,5.097000
103,6921,6921,5b09943,1211402,1211736,1233837,1233937,22.101000,22.435000
103,7533,7533,5d6d942,1247051,1247377,1257334,1257434,9.957000,10.283000
103,6368,6368,58e0943,1248051,1248385,1261554,1261654,13.169000,13.503000
103,8310,8310,6076940,1266051,1266377,1282044,1282144,15.667000,15.993000
103,9030,9030,6346940,1383051,1383377,1400750,1400850,17.373000,17.699000
103,3900,3900,4f3c942,1400051,1400377,1425465,1425565,25.088000,25.414000
103,9504,9504,6520940,1453438,1453764,1479733,1479833,25.969000,26.295000
103,4913,4913,5331941,1472051,1472385,1485128,1485228,12.743000,13.077000
103,8421,8421,60e5943,1481051,1481385,1490658,1490758,9.273000,9.607000
103,10683,10683,69bb943,1584051,1584385,1597182,1597282,12.797000,13.131000
103,7684,7684,5e04942,1618051,1618385,1629317,1629417,10.932000,11.266000
103,10009,10009,6719943,1651051,1651385,1663222,1663322,11.837000,12.171000
103,9808,9808,6650941,1805051,1805385,1811260,1811360,5.875000,6.209000
103,10130,10130,6792942,2007051,2007385,2017469,2017569,10.084000,10.418000
103,8120,8120,5fb8941,2114051,2114385,2126151,2126251,11.766000,12.100000
103,10648,10648,6998941,2233051,2233377,2241684,2241784,8.307000,8.633000
103,10301,10301,683d940,2483051,2483377,2491634,2491734,8.257000,8.583000
103,10055,10055,6747940,2514051,2514377,2520911,2521011,6.534000,6.860000
103,10983,10983,6ae7940,2558424,2558750,2567143,2567243,8.393000,8.719000
104,224,224,40e0940,32050,32385,38931,39031,6.546000,6.881000
104,494,494,41ee942,64051,64385,73834,73934,9.449000,9.783000
104,815,815,432f943,113051,113377,128614,128714,15.237000,15.563000
104,738,738,42e2941,117051,117377,132782,132882,15.405000,15.731000
104,1291,1291,450b943,125051,125385,139631,139731,14.246000,14.580000
104,925,925,439d940,153051,153377,174646,174746,21.269000,21.595000
104,1307,1307,451b940,179051,179385,200218,200318,20.833000,21.167000
104,2938,2938,4b7a940,307051,307385,320823,320923,13.438000,13.772000
104,1550,1550,460e941,418051,418377,428305,428405,9.928000,10.254000
104,1545,1545,4609941,439051,439377,460589,460689,21.212000,21.538000
104,2468,2468,49a4941,432051,432377,466001,466101,33.624000,33.950000
104,2330,2330,491a940,491051,491377,504384,504484,13.007000,13.333000
104,3708,3708,4e7c942,553397,553731,562487,562587,8.756000,9.090000
104,4308,4308,50d4943,681453,681779,694410,694510,12.631000,12.957000
104,3853,3853,4f0d942,700051,700377,711975,712075,11.598000,11.924000
104,4065,4065,4fe1942,740051,740377,754368,754468,13.991000,14.317000
104,4454,4454,5166942,855051,855377,873492,873592,18.115000,18.441000
104,2527,2527,49df941,881051,881377,887819,887919,6.442000,6.768000
104,6561,6561,59a1941,936051,936377,957178,957278,20.801000,21.127000
104,4684,4684,524c943,954051,954385,963955,964055,9.570000,9.904000
104,7563,7563,5d8b941,969051,969377,980014,980114,10.637000,10.963000
104,8144,8144,5fd0942,1012051,1012377,1026556,1026656,14.179000,14.505000
104,4609,4609,5201943,1017051,1017385,1040157,1040258,22.772000,23.106000
104,5637,5637,5605940,1039051,1039385,1054168,1054268,14.783000,15.117000
104,6604,6604,59cc941,1080051,1080377,1090615,1090715,10.238000,10.564000
104,8521,8521,6149942,1088051,1088385,1096685,1096785,8.300000,8.634000
104,5841,5841,56d1941,1161051,1161377,1173854,1173954,12.477000,12.803000
104,5419,5419,552b943,1223051,1223385,1238160,1238260,14.775000,15.109000
104,7417,7417,5cf9942,1286051,1286385,1295635,1295735,9.250000,9.584000
104,10582,10582,6956940,1416051,1416377,1421938,1422038,5.561000,5.887000
104,7319,7319,5c97942,1417051,1417385,1441637,1441737,24.252000,24.586000
104,8737,8737,6221941,1516051,1516385,1522892,1522992,6.507000,6.841000
104,10343,10343,6867942,1525051,1525377,1536723,1536823,11.346000,11.672000
104,8160,8160,5fe0943,1698051,1698385,1712213,1712313,13.828000,14.162000
104,8054,8054,5f76943,1690911,1691237,1717690,1717790,26.453000,26.779000
104,8216,8216,6018942,1700051,1700377,1735069,1735169,34.692000,35.018000
104,8525,8525,614d941,1765051,1765377,1782707,1782807,17.330000,17.656000
104,9539,9539,6543943,1929051,1929385,1947253,1947353,17.868000,18.202000
104,9471,9471,64ff942,2032051,2032385,2052242,2052342,19.857000,20.191000
104,9512,9512,6528941,2094051,2094385,2105283,2105383,10.898000,11.232000
104,10934,10934,6ab6943,2122439,2122773,2144790,2144890,22.017000,22.351000
104,9715,9715,65f3943,2146051,2146377,2157824,2157924,11.447000,11.773000
104,9145,9145,63b9943,2211051,2211385,2216090,2216190,4.705000,5.039000
104,10180,10180,67c4940,2250051,2250385,2257695,2257795,7.310000,7.644000
104,10926,10926,6aae942,2363051,2363385,2373437,2373537,10.052000,10.386000
104,10827,10827,6a4b943,2664051,2664385,2674432,2674532,10.047000,10.381000
105,1202,1202,44b2941,41617,41951,56877,56977,14.926000,15.260000
105,241,241,40f1940,85051,85385,106046,106146,20.661000,20.995000
105,914,914,4392942,120416,120742,140813,140913,20.071000,20.397000
105,726,726,42d6941,157051,157377,163910,164010,6.533000,6.859000
105,2602,2602,4a2a943,393431,393757,411174,411274,17.417000,17.743000
105,1058,1058,4422943,439051,439385,457419,457519,18.034000,18.368000
105,3505,3505,4db1943,491051,491377,501375,501475,9.998000,10.324000
105,2610,2610,4a32941,491051,491385,505600,505700,14.215000,14.549000
105,2050,2050,4802940,587051,587377,598249,598349,10.872000,11.198000
105,2734,2734,4aae943,591051,591385,623132,623232,31.747000,32.081000
105,5360,5360,54f0942,612446,612780,628545,628645,15.765000,16.099000
105,4117,4117,5015942,646051,646377,653067,653167,6.690000,7.016000
105,3303,3303,4ce7940,662051,662385,681019,681119,18.634000,18.968000
105,6647,6647,59f7943,665841,666175,697529,697629,31.354000,31.688000
105,1927,1927,4787941,712051,712385,728559,728659,16.174000,16.508000
105,4042,4042,4fca940,709051,709385,733926,734026,24.541000,24.875000
105,3826,3826,4ef2942,754051,754385,763281,763381,8.896000,9.230000
105,4317,4317,50dd941,782051,782385,787131,787231,4.746000,5.080000
105,7377,7377,5cd1942,775051,775377,823186,823286,47.809000,48.135000
105,2974,2974,4b9e940,828051,828385,847853,847953,19.468000,19.802000
105,6431,6431,591f940,836395,836729,853407,853507,16.678000,17.012000
105,3038,3038,4bde941,825665,825991,858874,858974,32.883000,33.209000
105,5728,5728,5660942,865051,865377,888067,888167,22.690000,23.016000
105,4929,4929,5341941,930051,930385,943031,943131,12.646000,12.980000
105,4802,4802,52c2940,936051,936385,959557,959657,23.172000,23.506000
105,6884,6884,5ae4941,1027051,1027385,1050783,1050883,23.398000,23.732000
105,8241,8241,6031942,1058051,1058385,1069576,1069676,11.191000,11.525000
105,6776,6776,5a78940,1064051,1064385,1080591,1080691,16.206000,16.540000
105,8061,8061,5f7d943,1142051,1142377,1155899,1155999,13.522000,13.848000
105,7732,7732,5e34943,1156051,1156377,1161963,1162063,5.586000,5.912000
105,9422,9422,64ce940,1176051,1176385,1182863,1182963,6.478000,6.812000
105,9193,9193,63e9941,1273051,1273385,1285641,1285741,12.256000,12.590000
105,8741,8741,6225940,1257051,1257385,1289786,1289886,32.401000,32.735000
105,9141,9141,63b5941,1305904,1306230,1320920,1321020,14.690000,15.016000
105,9399,9399,64b7943,1369439,1369765,1382694,1382794,12.929000,13.255000
105,8666,8666,61da941,1365855,1366181,1387856,1387956,21.675000,22.001000
105,6745,6745,5a59943,1381154,1381488,1398882,1398982,17.394000,17.728000
105,6041,6041,5799942,1397439,1397765,1415508,1415608,17.743000,18.069000
105,8890,8890,62ba942,1407051,1407385,1438181,1438281,30.796000,31.130000
105,8614,8614,61a6943,1448051,1448385,1457431,1457531,9.046000,9.380000
105,8132,8132,5fc4940,1473051,1473385,1486821,1486921,13.436000,13.770000
105,9566,9566,655e942,1477051,1477385,1494321,1494421,16.936000,17.270000
105,7453,7453,5d1d943,1707051,1707377,1716575,1716675,9.198000,9.524000
105,10005,10005,6715940,1896051,1896377,1901965,1902065,5.588000,5.914000
105,10846,10846,6a5e943,1919051,1919385,1931231,1931331,11.846000,12.180000
105,10336,10336,6860940,1940425,1940759,1948987,1949087,8.228000,8.562000
105,9937,9937,66d1941,1948051,1948385,1956574,1956674,8.189000,8.523000
105,10617,10617,6979941,1978051,1978385,1989148,1989248,10.763000,11.097000
105,9616,9616,6590943,2029051,2029377,2040330,2040430,10.953000,11.279000
105,10352,10352,6870942,2088446,2088780,2098766,2098866,9.986000,10.320000
106,181,181,40b5942,32050,32385,46929,47029,14.544000,14.879000
106,43,43,402b940,33051,33385,52407,52507,19.022000,19.356000
106,658,658,4292941,82395,82721,96471,96571,13.750000,14.076000
106,546,546,4222941,180418,180752,190842,190942,10.090000,10.424000
106,804,804,4324943,259051,259385,267711,267811,8.326000,8.660000
106,571,571,423b941,271051,271385,292763,292863,21.378000,21.712000
106,3341,3341,4d0d940,332051,332377,342067,342167,9.690000,10.016000
106,1380,1380,4564940,343051,343385,351590,351690,8.205000,8.539000
106,1025,1025,4401942,338051,338377,357129,357229,18.752000,19.078000
106,1275,1275,44fb942,376051,376377,390042,390142,13.665000,13.991000
106,2790,2790,4ae6943,386051,386377,394319,394419,7.942000,8.268000
106,4083,4083,4ff3941,411433,411767,425237,425337,13.470000,13.804000
106,4169,4169,5049941,491782,492116,512680,512780,20.564000,20.898000
106,1316,1316,4524941,517050,517385,530676,530776,13.291000,13.626000
106,1893,1893,4765943,528843,529177,557259,557359,28.082000,28.416000
106,3872,3872,4f20943,615051,615385,631297,631397,15.912000,16.246000
106,1926,1926,4786940,627051,627377,643605,643705,16.228000,16.554000
106,2819,2819,4b03942,683051,683385,701326,701426,17.941000,18.275000
106,6120,6120,57e8940,722051,722377,730688,730788,8.311000,8.637000
106,4533,4533,51b5940,765051,765377,775506,775606,10.129000,10.455000
106,6102,6102,57d6943,770171,770505,785262,785362,14.757000,15.091000
106,6180,6180,5824940,910051,910385,930754,930854,20.369000,20.703000
106,5871,5871,56ef941,933051,933377,939845,939945,6.468000,6.794000
106,4915,4915,5333943,971051,971385,983432,983532,12.047000,12.381000
106,10229,10229,67f5940,956051,956385,988713,988813,32.328000,32.662000
106,6043,6043,579b942,1025051,1025385,1034605,1034705,9.220000,9.554000
106,8257,8257,6041941,1086051,1086377,1108864,1108964,22.487000,22.813000
106,10765,10765,6a0d941,1117051,1117377,1126531,1126631,9.154000,9.480000
106,6175,6175,581f943,1130051,1130377,1142203,1142303,11.826000,12.152000
106,9303,9303,6457941,1182051,1182377,1201772,1201872,19.395000,19.721000
106,7448,7448,5d18940,1224425,1224759,1242471,1242571,17.712000,18.046000
106,7721,7721,5e29941,1240051,1240385,1257459,1257559,17.074000,17.408000
106,4158,4158,503e943,1270051,1270377,1281173,1281273,10.796000,11.122000
106,9427,9427,64d3940,1302416,1302750,1313942,1314042,11.192000,11.526000
106,8849,8849,6291942,1369051,1369377,1385665,1385765,16.288000,16.614000
106,7988,7988,5f34942,1411051,1411377,1418853,1418953,7.476000,7.802000
106,7078,7078,5ba6942,1500051,1500377,1515132,1515232,14.755000,15.081000
106,9416,9416,64c8940,1526051,1526377,1534605,1534705,8.228000,8.554000
106,9758,9758,661e941,1617051,1617385,1630956,1631056,13.571000,13.905000
106,8681,8681,61e9941,1672051,1672377,1683258,1683358,10.881000,11.207000
106,6573,6573,59ad941,1822439,1822773,1834763,1834863,11.990000,12.324000
106,8814,8814,626e940,1845051,1845385,1851897,1851997,6.512000,6.846000
106,8958,8958,62fe940,1998051,1998385,2009258,2009358,10.873000,11.207000
106,10907,10907,6a9b941,2103051,2103385,2108950,2109050,5.565000,5.899000
106,10711,10711,69d7942,2250409,2250743,2258246,2258346,7.503000,7.837000
107,510,510,41fe940,27416,27742,35182,35282,7.440000,7.766000
107,25,25,4019943,47051,47385,56812,56912,9.427000,9.761000
107,1272,1272,44f8942,71829,72155,84093,84193,11.938000,12.264000
107,342,342,4156940,83051,83377,108283,108383,24.906000,25.232000
107,487,487,41e7941,112051,112385,147583,147683,35.198000,35.532000
107,191,191,40bf942,160051,160385,174321,174421,13.936000,14.270000
107,14,14,400e941,158051,158385,197069,197169,38.684000,39.018000
107,2432,2432,4980943,208929,209255,229127,229227,19.872000,20.198000
107,593,593,4251942,248051,248385,280848,280948,32.463000,32.797000
107,2540,2540,49ec943,308051,308377,319726,319826,11.349000,11.675000
107,1742,1742,46ce940,343867,344201,369646,369746,25.445000,25.779000
107,2043,2043,47fb940,345051,345377,375795,375895,30.418000,30.744000
107,3337,3337,4d09943,378051,378385,395378,395478,16.993000,17.327000
107,1435,1435,459b940,370051,370385,400788,400888,30.403000,30.737000
107,1507,1507,45e3942,458051,458385,468126,468226,9.741000,10.075000
107,2506,2506,49ca942,504051,504385,519759,519858,15.374000,15.708000
107,3112,3112,4c28943,508051,508377,534841,534941,26.464000,26.790000
107,2698,2698,4a8a941,568051,568385,585537,585637,17.152000,17.486000
107,3138,3138,4c42940,591051,591385,602064,602164,10.679000,11.013000
107,3529,3529,4dc9942,606834,607160,619774,619874,12.614000,12.940000
107,3129,3129,4c39943,612051,612385,625251,625351,12.866000,13.200000
107,3288,3288,4cd8941,743051,743385,751586,751686,8.201000,8.535000
107,6513,6513,5971941,783051,783385,789941,790041,6.556000,6.890000
107,3233,3233,4ca1941,810051,810377,817789,817889,7.412000,7.738000
107,8195,8195,6003942,840051,840385,846047,846147,5.662000,5.996000
107,5217,5217,5461943,846051,846385,870467,870567,24.082000,24.416000
107,5750,5750,5676943,885051,885377,898014,898114,12.637000,12.963000
107,5009,5009,5391942,978051,978385,991323,991423,12.938000,13.272000
107,8185,8185,5ff9941,1021051,1021385,1032643,1032743,11.258000,11.592000
107,6766,6766,5a6e940,1061658,1061984,1068805,1068905,6.821000,7.147000
107,5093,5093,53e5942,1177051,1177377,1185707,1185807,8.330000,8.656000
107,8256,8256,6040940,1193051,1193385,1206169,1206269,12.784000,13.118000
107,3164,3164,4c5c943,1210051,1210385,1245341,1245441,34.956000,35.290000
107,6955,6955,5b2b943,1244051,1244385,1252645,1252745,8.260000,8.594000
107,8545,8545,6161941,1250051,1250377,1267271,1267371,16.894000,17.220000
107,7814,7814,5e86943,1262051,1262377,1271466,1271566,9.089000,9.415000
107,7829,7829,5e95942,1303051,1303385,1325760,1325860,22.375000,22.709000
107,10920,10920,6aa8943,1354051,1354385,1373189,1373289,18.804000,19.138000
107,9361,9361,6491943,1377051,1377377,1389354,1389454,11.977000,12.303000
107,8138,8138,5fca940,1392051,1392385,1414418,1414518,22.033000,22.367000
107,9020,9020,633c940,1399051,1399377,1418617,1418717,19.240000,19.566000
107,10511,10511,690f940,1402051,1402377,1422759,1422859,20.382000,20.708000
107,4714,4714,526a940,1423410,1423736,1432910,1433010,9.174000,9.500000
107,4731,4731,527b943,1472051,1472377,1488741,1488841,16.364000,16.690000
107,8020,8020,5f54941,1487051,1487377,1494766,1494866,7.389000,7.715000
107,6968,6968,5b38942,1590051,1590385,1601255,1601355,10.870000,11.204000
107,10053,10053,6745942,1640051,1640377,1662259,1662359,21.882000,22.208000
107,8090,8090,5f9a943,1767051,1767385,1777969,1778069,10.584000,10.918000
107,10875,10875,6a7b941,1829051,1829377,1835068,1835168,5.691000,6.017000
107,8544,8544,6160943,2026051,2026377,2033748,2033848,7.371000,7.697000
107,10345,10345,6869941,2059051,2059377,2069426,2069526,10.049000,10.375000
107,8880,8880,62b0941,2107051,2107377,2123301,2123401,15.924000,16.250000
107,10564,10564,6944942,2126051,2126377,2133766,2133866,7.389000,7.715000
107,9443,9443,64e3943,2363051,2363385,2372570,2372670,9.185000,9.519000
107,9794,9794,6642941,2680051,2680385,2690472,2690572,10.087000,10.421000
108,62,62,403e943,47051,47385,54818,54918,7.433000,7.767000
108,974,974,43ce943,162051,162377,176071,176171,13.694000,14.020000
108,1574,1574,4626943,167051,167377,191996,192096,24.619000,24.945000
108,2558,2558,49fe941,247051,247385,273068,273168,25.683000,26.017000
108,987,987,43db940,282051,282385,289850,289950,7.465000,7.799000
108,1411,1411,4583943,282051,282377,306220,306320,23.843000,24.169000
108,2553,2553,49f9942,315051,315385,330411,330511,15.026000,15.360000
108,2686,2686,4a7e941,294051,294385,347560,347660,53.175000,53.509000
108,1787,1787,46fb941,481051,481377,492028,492128,10.651000,10.977000
108,2188,2188,488c943,507409,507743,520382,520483,12.639000,12.973000
108,2721,2721,4aa1942,515050,515385,525773,525873,10.388000,10.723000
108,3060,3060,4bf4941,535051,535377,553824,553924,18.447000,18.773000
108,2139,2139,485b942,614051,614377,629237,629337,14.860000,15.186000
108,4983,4983,5377942,717051,717377,727692,727792,10.315000,10.641000
108,4666,4666,523a943,755051,755377,760121,760221,4.744000,5.070000
108,4483,4483,5183942,770884,771210,806365,806465,35.155000,35.481000
108,6231,6231,5857942,810051,810385,842518,842618,32.133000,32.467000
108,7731,7731,5e33942,833051,833385,848048,848148,14.663000,14.997000
108,5944,5944,5738943,870051,870377,875102,875202,4.725000,5.051000
108,3271,3271,4cc7941,867051,867377,883486,883586,16.109000,16.435000
108,5583,5583,55cf943,950051,950385,969855,969955,19.470000,19.804000
108,5835,5835,56cb943,1006636,1006970,1046628,1046728,39.658000,39.992000
108,6164,6164,5814942,1074051,1074377,1087041,1087141,12.664000,12.990000
108,4547,4547,51c3940,1077801,1078127,1094562,1094662,16.435000,16.761000
108,7215,7215,5c2f941,1104051,1104377,1112747,1112847,8.370000,8.696000
108,7175,7175,5c07943,1116051,1116385,1134789,1134889,18.404000,18.738000
108,9697,9697,65e1942,1136051,1136377,1149978,1150078,13.601000,13.927000
108,8861,8861,629d942,1194051,1194377,1208807,1208907,14.430000,14.756000
108,10214,10214,67e6942,1240051,1240377,1252087,1252187,11.710000,12.036000
108,9960,9960,66e8941,1238051,1238377,1262535,1262635,24.158000,24.484000
108,9593,9593,6579943,1261439,1261773,1280837,1280937,19.064000,19.398000
108,9777,9777,6631941,1250395,1250721,1310183,1310283,59.462000,59.788000
108,5898,5898,570a943,1316051,1316385,1329935,1330035,13.550000,13.884000
108,6876,6876,5adc941,1347051,1347385,1370242,1370342,22.857000,23.191000
108,4903,4903,5327940,1374051,1374385,1395995,1396095,21.610000,21.944000
108,9836,9836,666c942,1403051,1403377,1415138,1415238,11.761000,12.087000
108,6724,6724,5a44942,1442051,1442377,1452337,1452437,9.960000,10.286000
108,9333,9333,6475943,1463051,1463385,1469895,1469995,6.510000,6.844000
108,6390,6390,58f6943,1481431,1481757,1491123,1491223,9.366000,9.692000
108,8298,8298,606a941,1525051,1525385,1534705,1534805,9.320000,9.654000
108,10454,10454,68d6940,1562051,1562377,1573290,1573390,10.913000,11.239000
108,10779,10779,6a1b943,1776051,1776377,1792368,1792468,15.991000,16.317000
108,8768,8768,6240940,1894051,1894385,1901856,1901956,7.471000,7.805000
108,10845,10845,6a5d942,2326051,2326377,2332884,2332984,6.507000,6.833000
108,10634,10634,698a940,2574051,2574377,2588724,2588824,14.347000,14.673000
109,607,607,425f942,84081,84415,101006,101106,16.591000,16.925000
109,1909,1909,4775942,243051,243377,279480,279580,36.103000,36.429000
109,1046,1046,4416942,274051,274377,290494,290594,16.117000,16.443000
109,2369,2369,4941943,298051,298385,312420,312520,14.035000,14.369000
109,2025,2025,47e9942,475051,475377,480112,480212,4.735000,5.061000
109,2149,2149,4865941,463051,463377,484335,484435,20.958000,21.284000
109,1493,1493,45d5941,539051,539377,554726,554826,15.349000,15.675000
109,1184,1184,44a0940,557439,557765,568654,568754,10.889000,11.215000
109,5539,5539,55a3940,565051,565385,572849,572949,7.464000,7.798000
109,3186,3186,4c72943,655051,655377,676656,676756,21.279000,21.605000
109,4521,4521,51a9943,665051,665385,691587,691687,26.202000,26.536000
109,4602,4602,51fa943,718051,718377,730780,730880,12.403000,12.729000
109,5416,5416,5528943,843051,843385,853848,853948,10.463000,10.797000
109,8416,8416,60e0943,970051,970377,991395,991495,21.018000,21.344000
109,5314,5314,54c2941,1000051,1000385,1022188,1022288,21.803000,22.137000
109,3416,3416,4d58940,1045051,1045377,1069280,1069380,23.903000,24.229000
109,6169,6169,5819941,1057051,1057377,1073460,1073560,16.083000,16.409000
109,8112,8112,5fb0941,1103051,1103385,1122220,1122320,18.835000,19.169000
109,6956,6956,5b2c940,1126051,1126377,1131958,1132058,5.581000,5.907000
109,8366,8366,60ae943,1169051,1169377,1179483,1179583,10.106000,10.432000
109,6820,6820,5aa4943,1194051,1194377,1200968,1201068,6.591000,6.917000
109,8030,8030,5f5e943,1253051,1253377,1260805,1260905,7.428000,7.754000
109,5379,5379,5503942,1348051,1348377,1354915,1355015,6.538000,6.864000
109,8136,8136,5fc8942,1425453,1425779,1442499,1442599,16.720000,17.046000
109,8376,8376,60b8941,1434051,1434385,1452871,1452971,18.486000,18.820000
109,9342,9342,647e941,1505051,1505377,1523869,1523969,18.492000,18.818000
109,6252,6252,586c940,1474051,1474377,1540394,1540494,66.017000,66.343000
109,6840,6840,5ab8942,1574051,1574377,1580919,1581019,6.542000,6.868000
109,3378,3378,4d32943,1597051,1597377,1608382,1608482,11.005000,11.331000
109,9025,9025,6341943,1602051,1602377,1613860,1613960,11.483000,11.809000
109,10171,10171,67bb942,1609051,1609377,1623997,1624097,14.620000,14.946000
109,10676,10676,69b4943,1633051,1633377,1638909,1639009,5.532000,5.858000
109,10699,10699,69cb942,1682051,1682385,1689726,1689826,7.341000,7.675000
109,9839,9839,666f940,1672051,1672377,1695099,1695199,22.722000,23.048000
109,7599,7599,5daf940,1715051,1715377,1728725,1728825,13.348000,13.674000
109,9660,9660,65bc940,1752051,1752385,1772019,1772119,19.634000,19.968000
109,10558,10558,693e943,2456051,2456385,2464659,2464759,8.274000,8.608000
110,466,466,41d2942,42051,42377,54276,54376,11.899000,12.225000
110,1420,1420,458c943,162051,162377,178017,178117,15.640000,15.966000
110,1337,1337,4539943,229051,229377,243751,243851,14.374000,14.700000
110,1794,1794,4702940,239051,239385,248678,248778,9.293000,9.627000
110,1513,1513,45e9942,236051,236385,271258,271358,34.873000,35.207000
110,2892,2892,4b4c943,276051,276385,308258,308358,31.873000,32.207000
110,3471,3471,4d8f943,287051,287385,313715,313815,26.330000,26.664000
110,2480,2480,49b0941,462051,462377,477278,477378,14.901000,15.227000
110,5436,5436,553c942,548051,548385,563809,563909,15.424000,15.758000
110,3626,3626,4e2a940,541051,541385,571987,572087,30.602000,30.936000
110,2374,2374,4946942,555051,555385,577477,577577,22.092000,22.426000
110,3431,3431,4d67941,551051,551377,583143,583243,31.766000,32.092000
110,4000,4000,4fa0941,577051,577377,588658,588758,11.281000,11.607000
110,1704,1704,46a8940,567831,568165,600896,600996,32.731000,33.065000
110,4818,4818,52d2940,593051,593377,618064,618164,24.687000,25.013000
110,3919,3919,4f4f940,629453,629787,643255,643355,13.468000,13.802000
110,4152,4152,5038942,690051,690385,697767,697867,7.382000,7.716000
110,6253,6253,586d941,693051,693385,711696,711796,18.311000,18.645000
110,3829,3829,4ef5942,768051,768377,781335,781435,12.958000,13.284000
110,6558,6558,599e943,790051,790385,795112,795212,4.727000,5.061000
110,5387,5387,550b941,890051,890377,907012,907112,16.635000,16.961000
110,8568,8568,6178943,897051,897377,934169,934269,36.792000,37.118000
110,7520,7520,5d60940,1046051,1046385,1073502,1073602,27.117000,27.451000
110,8036,8036,5f64941,1081051,1081377,1093151,1093251,11.774000,12.100000
110,7025,7025,5b71940,1082051,1082377,1101873,1101973,19.496000,19.822000
110,6402,6402,5902941,1131051,1131377,1147479,1147579,16.102000,16.428000
110,3930,3930,4f5a941,1129446,1129780,1151726,1151826,21.946000,22.280000
110,6811,6811,5a9b941,1418051,1418377,1442811,1442911,24.434000,24.760000
110,8055,8055,5f77943,1445051,1445377,1454622,1454722,9.245000,9.571000
110,9086,9086,637e940,1470051,1470377,1499588,1499688,29.211000,29.537000
110,9848,9848,6678941,1701051,1701385,1709838,1709938,8.453000,8.787000
110,9479,9479,6507940,1751409,1751743,1764506,1764606,12.763000,13.097000
110,9214,9214,63fe942,1759424,1759750,1791641,1791741,31.891000,32.217000
110,10963,10963,6ad3943,1861051,1861377,1882508,1882608,21.131000,21.457000
110,10322,10322,6852942,2032051,2032377,2043320,2043420,10.943000,11.269000
110,9445,9445,64e5940,2050051,2050385,2061566,2061667,11.181000,11.515000
110,9144,9144,63b8942,2263453,2263779,2274688,2274788,10.909000,11.235000
111,431,431,41af941,62051,62385,126565,126665,64.180000,64.514000
111,669,669,429d941,140051,140377,160902,161002,20.525000,20.851000
111,1350,1350,4546943,227051,227385,235694,235794,8.309000,8.643000
111,528,528,4210940,212051,212385,239836,239936,27.451000,27.785000
111,3328,3328,4d00942,285051,285385,298090,298190,12.705000,13.039000
111,5166,5166,542e943,365051,365385,386770,386870,21.385000,21.719000
111,2120,2120,4848941,479051,479385,486772,486872,7.387000,7.721000
111,7904,7904,5ee0941,481051,481385,493086,493186,11.701000,12.035000
111,3621,3621,4e25940,523050,523385,538629,538729,15.244000,15.579000
111,3942,3942,4f66941,539051,539377,570115,570215,30.738000,31.064000
111,5985,5985,5761943,563051,563385,575619,575719,12.234000,12.568000
111,4869,4869,5305942,576416,576742,609299,609399,32.557000,32.883000
111,3354,3354,4d1a940,601051,601385,616765,616865,15.380000,15.714000
111,2767,2767,4acf942,627051,627385,640503,640603,13.118000,13.452000
111,3170,3170,4c62943,634051,634385,647553,647653,13.168000,13.502000
111,3859,3859,4f13941,617051,617385,657925,658025,40.540000,40.874000
111,3008,3008,4bc0942,654051,654385,664939,665039,10.554000,10.888000
111,2805,2805,4af5943,716472,716806,726374,726474,9.568000,9.902000
111,4595,4595,51f3943,728051,728385,735722,735822,7.337000,7.671000
111,4259,4259,50a3941,792439,792765,808755,808855,15.990000,16.316000
111,3874,3874,4f22940,880051,880385,891580,891680,11.195000,11.529000
111,6527,6527,597f940,900051,900377,910363,910463,9.986000,10.312000
111,7609,7609,5db9940,874051,874377,921454,921554,47.077000,47.403000
111,5155,5155,5423943,920051,920385,926043,926143,5.658000,5.992000
111,4358,4358,5106942,909051,909377,930209,930309,20.832000,21.158000
111,5251,5251,5483943,1008051,1008377,1029171,1029271,20.794000,21.120000
111,6031,6031,578f942,1072051,1072377,1096619,1096719,24.242000,24.568000
111,7005,7005,5b5d943,1104051,1104377,1126307,1126407,21.930000,22.256000
111,6230,6230,5856942,1158051,1158377,1181364,1181464,22.987000,23.313000
111,5991,5991,5767943,1185051,1185385,1198985,1199085,13.600000,13.934000
111,6413,6413,590d940,1214051,1214385,1230575,1230675,16.190000,16.524000
111,9617,9617,6591942,1219172,1219498,1236569,1236669,17.071000,17.397000
111,4393,4393,5129941,1232051,1232377,1247076,1247176,14.699000,15.025000
111,6342,6342,58c6941,1302051,1302377,1315439,1315539,13.062000,13.388000
111,10337,10337,6861942,1345051,1345377,1358085,1358185,12.708000,13.034000
111,9045,9045,6355942,1463051,1463377,1472439,1472539,9.062000,9.388000
111,8719,8719,620f941,1523051,1523377,1537635,1537735,14.258000,14.584000
111,9699,9699,65e3942,1622051,1622377,1636064,1636164,13.687000,14.013000
111,7429,7429,5d05940,1689051,1689385,1698270,1698370,8.885000,9.219000
111,10632,10632,6988943,1722439,1722773,1735875,1735975,13.102000,13.436000
111,9624,9624,6598942,1811051,1811385,1829399,1829499,18.014000,18.348000
111,10662,10662,69a6940,1925051,1925377,1948705,1948805,23.328000,23.654000
111,10117,10117,6785942,2023051,2023385,2028933,2029033,5.548000,5.882000
111,10981,10981,6ae5943,2109438,2109764,2118035,2118135,8.271000,8.597000
111,10057,10057,6749943,2187051,2187385,2198362,2198462,10.977000,11.311000
112,743,743,42e7940,26051,26385,40138,40238,13.753000,14.087000
112,151,151,4097940,73051,73377,85529,85629,12.152000,12.478000
112,81,81,4051941,76051,76385,89740,89840,13.355000,13.689000
112,1083,1083,443b941,68051,68385,129156,129256,60.771000,61.105000
112,372,372,4174942,116051,116385,145503,145603,29.118000,29.452000
112,747,747,42eb940,138051,138377,154025,154125,15.648000,15.974000
112,798,798,431e942,150051,150385,170385,170485,20.000000,20.334000
112,1037,1037,440d943,210051,210385,242722,242822,32.337000,32.671000
112,1948,1948,479c943,330051,330385,349662,349762,19.277000,19.611000
112,3137,3137,4c41941,430759,431093,450022,450122,18.929000,19.263000
112,2617,2617,4a39940,446424,446750,454246,454346,7.496000,7.822000
112,1556,1556,4614941,451051,451377,459686,459786,8.309000,8.635000
112,961,961,43c1943,455051,455377,464522,464622,9.145000,9.471000
112,3190,3190,4c76943,436051,436385,468703,468803,32.318000,32.652000
112,5833,5833,56c9940,521050,521377,531333,531433,9.956000,10.283000
112,2142,2142,485e941,505051,505385,536807,536907,31.422000,31.756000
112,4324,4324,50e4940,506051,506385,542177,542277,35.792000,36.126000
112,3560,3560,4de8941,593051,593385,612674,612774,19.289000,19.623000
112,3307,3307,4ceb941,597051,597377,636769,636869,39.392000,39.718000
112,2636,2636,4a4c941,623014,623340,640974,641074,17.634000,17.960000
112,2445,2445,498d943,630051,630377,647715,647815,17.338000,17.664000
112,2100,2100,4834940,658051,658385,683713,683813,25.328000,25.662000
112,6448,6448,5930943,714051,714385,732138,732238,17.753000,18.087000
112,4722,4722,5272943,844051,844377,875353,875453,30.976000,31.302000
112,7144,7144,5be8940,896051,896377,918638,918738,22.261000,22.587000
112,3480,3480,4d98943,994051,994377,1042357,1042456,47.980000,48.306000
112,6521,6521,5979942,1051051,1051385,1064227,1064327,12.842000,13.176000
112,10011,10011,671b943,1072051,1072385,1080683,1080783,8.298000,8.632000
112,7157,7157,5bf5940,1065051,1065377,1102553,1102653,37.176000,37.502000
112,8118,8118,5fb6941,1173051,1173377,1199719,1199819,26.342000,26.668000
112,5614,5614,55ee941,1204051,1204385,1216063,1216163,11.678000,12.012000
112,8955,8955,62fb942,1202051,1202385,1221543,1221643,19.158000,19.492000
112,7754,7754,5e4a940,1248051,1248377,1265463,1265563,17.086000,17.412000
112,3890,3890,4f32942,1302051,1302385,1312442,1312542,10.057000,10.391000
112,8364,8364,60ac942,1319051,1319377,1332185,1332285,12.808000,13.134000
112,4112,4112,5010942,1336051,1336377,1348990,1349090,12.613000,12.939000
112,9520,9520,6530942,1354051,1354385,1374379,1374479,19.994000,20.328000
112,9117,9117,639d940,1368051,1368385,1379872,1379972,11.487000,11.821000
112,7052,7052,5b8c943,1401051,1401377,1411200,1411300,9.823000,10.149000
112,6646,6646,59f6940,1447051,1447385,1456530,1456630,9.145000,9.479000
112,10369,10369,6881943,1443015,1443349,1460827,1460927,17.478000,17.812000
112,8936,8936,62e8942,1466051,1466385,1477280,1477380,10.895000,11.229000
112,10945,10945,6ac1941,1470051,1470385,1483876,1483976,13.491000,13.825000
112,6444,6444,592c941,1532051,1532377,1541440,1541540,9.063000,9.389000
112,8622,8622,61ae941,1524051,1524385,1552294,1552394,27.909000,28.243000
112,7012,7012,5b64943,1561051,1561377,1574179,1574279,12.802000,13.128000
112,4660,4660,5234942,1568051,1568385,1579598,1579698,11.213000,11.547000
112,10195,10195,67d3941,1553051,1553385,1583757,1583857,30.372000,30.706000
112,10487,10487,68f7943,1579051,1579385,1596605,1596705,17.220000,17.554000
112,10706,10706,69d2940,1668402,1668736,1686761,1686861,18.025000,18.359000
112,9705,9705,65e9940,1698051,1698377,1705770,1705870,7.393000,7.719000
112,7735,7735,5e37940,1777051,1777377,1793685,1793785,16.308000,16.634000
112,9744,9744,6610942,1868051,1868385,1875778,1875878,7.393000,7.727000
112,9996,9996,670c940,1907362,1907688,1915982,1916082,8.294000,8.620000
112,9929,9929,66c9941,1907535,1907861,1921425,1921525,13.564000,13.890000
112,9470,9470,64fe940,1953051,1953385,1962521,1962621,9.136000,9.470000
112,8507,8507,613b943,2073051,2073377,2082535,2082635,9.158000,9.484000
112,10230,10230,67f6942,2341051,2341377,2351420,2351520,10.043000,10.369000
113,225,225,40e1942,33773,34099,72114,72214,38.015000,38.341000
113,26,26,401a942,115446,115780,127824,127924,12.044000,12.378000
113,1229,1229,44cd942,199851,200185,210177,210277,9.992000,10.326000
113,2067,2067,4813941,342051,342377,349838,349938,7.461000,7.787000
113,719,719,42cf943,343051,343377,355231,355331,11.854000,12.180000
113,2494,2494,49be941,391051,391377,410827,410927,19.450000,19.776000
113,4808,4808,52c8942,473051,473377,483496,483596,10.119000,10.445000
113,4404,4404,5134942,467051,467377,494260,494360,26.883000,27.209000
113,2833,2833,4b11940,486051,486377,504831,504931,18.454000,18.780000
113,3781,3781,4ec5943,496051,496377,510278,510378,13.901000,14.227000
113,2065,2065,4811943,505051,505377,551784,551884,46.407000,46.733000
113,3327,3327,4cff940,591051,591377,597918,598018,6.541000,6.867000
113,3845,3845,4f05941,619051,619385,626849,626949,7.464000,7.798000
113,4276,4276,50b4942,595051,595385,639379,639479,43.994000,44.328000
113,3767,3767,4eb7941,647749,648083,657274,657374,9.191000,9.525000
113,3986,3986,4f92942,656051,656377,670491,670591,14.114000,14.440000
113,2088,2088,4828941,738051,738377,750206,750306,11.829000,12.155000
113,4120,4120,5018942,853051,853377,870659,870759,17.282000,17.608000
113,8093,8093,5f9d942,924410,924736,949141,949241,24.405000,24.731000
113,5825,5825,56c1940,962051,962377,988707,988807,26.330000,26.656000
113,8563,8563,6173942,990051,990377,1009362,1009462,18.985000,19.311000
113,1895,1895,4767943,1061051,1061377,1092781,1092881,31.404000,31.730000
113,6311,6311,58a7942,1079051,1079385,1103831,1103931,24.446000,24.780000
113,7447,7447,5d17941,1097548,1097874,1114110,1114210,16.236000,16.562000
113,7138,7138,5be2940,1154051,1154385,1166604,1166704,12.219000,12.553000
113,7693,7693,5e0d941,1193051,1193377,1203488,1203588,10.111000,10.437000
113,5042,5042,53b2942,1213051,1213377,1227021,1227121,13.644000,13.970000
113,8594,8594,6192940,1280051,1280377,1298437,1298537,18.060000,18.386000
113,7036,7036,5b7c941,1404051,1404377,1413557,1413657,9.180000,9.506000
113,6703,6703,5a2f940,1452435,1452761,1465163,1465263,12.402000,12.728000
113,8795,8795,625b940,1522286,1522612,1537746,1537846,15.134000,15.460000
113,10671,10671,69af943,1711051,1711385,1726061,1726161,14.676000,15.010000
113,7867,7867,5ebb943,1714051,1714385,1742633,1742733,28.248000,28.582000
113,9423,9423,64cf942,1734051,1734377,1750185,1750285,15.808000,16.134000
113,9558,9558,6556942,1745051,1745385,1765063,1765163,19.678000,20.012000
113,7739,7739,5e3b943,1964051,1964377,1995437,1995537,31.060000,31.386000
113,10175,10175,67bf941,2009051,2009377,2016778,2016878,7.401000,7.727000
113,9162,9162,63ca942,2268827,2269161,2278474,2278574,9.313000,9.647000
113,9722,9722,65fa943,2488051,2488377,2497591,2497691,9.214000,9.540000
114,65,65,4041941,26051,26385,35625,35725,9.240000,9.574000
114,186,186,40ba942,51773,52099,91099,91199,39.000000,39.326000
114,192,192,40c0940,68051,68385,95272,95372,26.887000,27.221000
114,163,163,40a3943,81051,81377,100595,100695,19.218000,19.544000
114,622,622,426e942,272051,272377,279836,279936,7.459000,7.785000
114,1027,1027,4403941,293051,293385,301586,301686,8.201000,8.535000
114,4215,4215,5077943,328051,328377,345283,345383,16.906000,17.232000
114,1660,1660,467c940,352051,352385,366819,366919,14.434000,14.768000
114,2456,2456,4998941,391051,391377,399731,399831,8.354000,8.680000
114,2990,2990,4bae943,387558,387892,405148,405248,17.256000,17.590000
114,4671,4671,523f942,425051,425377,453519,453619,28.142000,28.468000
114,1808,1808,4710942,450051,450385,458957,459057,8.572000,8.906000
114,3202,3202,4c82941,506051,506385,520629,520728,14.244000,14.578000
114,2554,2554,49fa943,506051,506377,525997,526097,19.620000,19.946000
114,3743,3743,4e9f940,558051,558377,572185,572285,13.808000,14.134000
114,1649,1649,4671941,595051,595377,607235,607335,11.858000,12.184000
114,3683,3683,4e63943,639051,639377,660560,660660,21.183000,21.509000
114,1686,1686,4696941,658051,658385,666018,666118,7.633000,7.967000
114,3564,3564,4dec943,662051,662385,689793,689893,27.408000,27.742000
114,3780,3780,4ec4940,669051,669385,700735,700835,31.350000,31.684000
114,5367,5367,54f7940,740051,740385,764695,764795,24.310000,24.644000
114,1419,1419,458b941,774051,774385,786444,786544,12.059000,12.393000
114,7646,7646,5dde943,780051,780385,800719,800819,20.334000,20.668000
114,5037,5037,53ad942,781051,781377,813823,813923,32.446000,32.772000
114,5181,5181,543d940,786051,786377,824831,824931,38.454000,38.780000
114,3308,3308,4cec942,817402,817736,835708,835808,17.972000,18.306000
114,1529,1529,45f9943,813051,813385,845686,845786,32.301000,32.635000
114,5744,5744,5670942,874051,874385,882744,882844,8.359000,8.693000
114,3653,3653,4e45942,883051,883385,890806,890906,7.421000,7.755000
114,4161,4161,5041942,962051,962385,992780,992880,30.395000,30.729000
114,8369,8369,60b1943,991051,991385,1031232,1031331,39.847000,40.181000
114,5062,5062,53c6942,1073051,1073385,1083367,1083467,9.982000,10.316000
114,6813,6813,5a9d941,1166051,1166377,1180887,1180987,14.510000,14.836000
114,4761,4761,5299941,1187051,1187377,1207191,1207291,19.814000,20.140000
114,6713,6713,5a39941,1216425,1216759,1227481,1227581,10.722000,11.056000
114,8713,8713,6209940,1305051,1305385,1320720,1320820,15.335000,15.669000
114,10367,10367,687f940,1419051,1419385,1453378,1453478,33.993000,34.327000
114,9042,9042,6352943,1490051,1490377,1507685,1507785,17.308000,17.634000
114,7634,7634,5dd2942,1585051,1585377,1596297,1596397,10.920000,11.246000
114,10046,10046,673e942,1614051,1614377,1626212,1626312,11.835000,12.161000
114,10378,10378,688a942,1658051,1658377,1670507,1670607,12.130000,12.456000
114,5850,5850,56da942,1839051,1839385,1856459,1856559,17.074000,17.408000
114,8436,8436,60f4943,1914051,1914377,1940524,1940624,26.147000,26.473000
114,10248,10248,6808941,2213804,2214130,2220815,2220915,6.685000,7.011000
114,10535,10535,6927941,2499051,2499377,2517422,2517522,18.045000,18.371000
115,677,677,42a5941,316051,316385,324548,324648,8.163000,8.497000
115,2173,2173,487d941,330051,330377,344295,344395,13.918000,14.244000
115,1526,1526,45f6942,522050,522385,530557,530657,8.172000,8.507000
115,4144,4144,5030941,487051,487385,534706,534806,47.321000,47.655000
115,4512,4512,51a0941,512050,512377,540068,540168,27.691000,28.018000
115,3849,3849,4f09942,576199,576533,590702,590802,14.169000,14.503000
115,4675,4675,5243941,768051,768385,779996,780096,11.611000,11.945000
115,5786,5786,569a943,864395,864729,879049,879149,14.320000,14.654000
115,3444,3444,4d74941,876051,876385,886497,886597,10.112000,10.446000
115,5097,5097,53e9940,879051,879377,897383,897483,18.006000,18.332000
115,2257,2257,48d1941,893051,893385,916691,916791,23.306000,23.640000
115,7127,7127,5bd7941,919051,919385,944067,944167,24.682000,25.016000
115,3448,3448,4d78943,935051,935385,956390,956490,21.005000,21.339000
115,8812,8812,626c942,971051,971377,984191,984291,12.814000,13.140000
115,4337,4337,50f1940,1012051,1012385,1018866,1018966,6.481000,6.815000
115,6189,6189,582d940,998051,998385,1024312,1024413,25.927000,26.261000
115,8647,8647,61c7943,1054051,1054377,1066230,1066330,11.853000,12.179000
115,4154,4154,503a941,1057051,1057385,1071687,1071787,14.302000,14.636000
115,3989,3989,4f95941,1144051,1144377,1155361,1155461,10.984000,11.310000
115,8933,8933,62e5941,1158051,1158385,1169952,1170052,11.567000,11.901000
115,8846,8846,628e942,1168051,1168385,1180909,1181009,12.524000,12.858000
115,8456,8456,6108941,1220051,1220385,1230073,1230173,9.688000,10.022000
115,4415,4415,513f942,1227051,1227377,1240971,1241071,13.594000,13.920000
115,7126,7126,5bd6941,1285051,1285385,1299246,1299346,13.861000,14.195000
115,9365,9365,6495942,1323051,1323385,1335138,1335238,11.753000,12.087000
115,9314,9314,6462941,1426051,1426377,1450244,1450344,23.867000,24.193000
115,10270,10270,681e940,1496051,1496377,1512334,1512434,15.957000,16.283000
115,6289,6289,5891943,1552051,1552377,1567314,1567414,14.937000,15.263000
115,8042,8042,5f6a942,1550051,1550385,1578952,1579052,28.567000,28.901000
115,8673,8673,61e1943,1573051,1573377,1583201,1583301,9.824000,10.150000
115,9326,9326,646e940,1576053,1576379,1597384,1597484,21.005000,21.331000
115,8904,8904,62c8943,1608051,1608377,1622073,1622173,13.696000,14.022000
115,10441,10441,68c9940,1715051,1715377,1723610,1723710,8.233000,8.559000
115,8520,8520,6148940,1802438,1802764,1816470,1816570,13.706000,14.032000
115,6553,6553,5999941,1814051,1814385,1821923,1822023,7.538000,7.872000
115,8223,8223,601f943,1879051,1879377,1890315,1890415,10.938000,11.264000
115,9248,9248,6420940,1921051,1921377,1930194,1930294,8.817000,9.143000
115,8249,8249,6039942,1927051,1927377,1940968,1941068,13.591000,13.917000
115,10045,10045,673d942,1992051,1992377,2007705,2007805,15.328000,15.654000
115,10915,10915,6aa3940,2189051,2189377,2200663,2200763,11.286000,11.612000
115,10103,10103,6777943,2768051,2768385,2775839,2775939,7.454000,7.788000
116,2023,2023,47e7943,192643,192969,209016,209116,16.047000,16.373000
116,2164,2164,4874941,229051,229377,239786,239886,10.409000,10.735000
116,1237,1237,44d5941,239424,239750,256289,256388,16.539000,16.865000
116,3029,3029,4bd5942,273051,273377,289467,289567,16.090000,16.416000
116,1305,1305,4519943,282051,282385,293640,293740,11.255000,11.589000
116,2577,2577,4a11941,307051,307385,336433,336533,29.048000,29.382000
116,1055,1055,441f943,314051,314385,347456,347556,33.071000,33.405000
116,2759,2759,4ac7940,453458,453784,470201,470301,16.417000,16.743000
116,2286,2286,48ee942,485051,485385,495361,495461,9.976000,10.310000
116,1835,1835,472b940,555051,555385,560973,561073,5.588000,5.922000
116,3472,3472,4d90942,578051,578385,597825,597925,19.440000,19.774000
116,4038,4038,4fc6941,621051,621385,634938,635038,13.553000,13.887000
116,3497,3497,4da9940,814051,814385,826264,826364,11.879000,12.213000
116,4189,4189,505d941,847051,847377,859126,859226,11.749000,12.075000
116,5187,5187,5443940,888051,888385,895799,895899,7.414000,7.748000
116,5594,5594,55da943,892051,892377,906805,906905,14.428000,14.754000
116,6433,6433,5921943,897051,897385,913542,913642,16.157000,16.491000
116,7248,7248,5c50943,900051,900385,917700,917800,17.315000,17.649000
116,5888,5888,5700942,906051,906377,921853,921953,15.476000,15.802000
116,4630,4630,5216941,896051,896385,944605,944705,48.220000,48.554000
116,2753,2753,4ac1941,964051,964377,984439,984539,20.062000,20.388000
116,4293,4293,50c5942,1018051,1018377,1041795,1041895,23.418000,23.744000
116,8387,8387,60c3943,987409,987743,1052728,1052828,64.985000,65.319000
116,5471,5471,555f942,1045051,1045377,1063708,1063808,18.331000,18.657000
116,6397,6397,58fd943,1092051,1092385,1110315,1110415,17.930000,18.264000
116,9136,9136,63b0942,1111051,1111377,1120604,1120704,9.227000,9.553000
116,5317,5317,54c5943,1135051,1135377,1157923,1158023,22.546000,22.872000
116,8048,8048,5f70940,1501051,1501377,1509615,1509715,8.238000,8.564000
116,10434,10434,68c2940,1550051,1550385,1560496,1560596,10.111000,10.445000
116,10479,10479,68ef942,1550051,1550377,1569027,1569127,18.650000,18.976000
116,10122,10122,678a943,2223768,2224102,2229717,2229817,5.615000,5.949000
117,628,628,4274940,61051,61385,79037,79137,17.652000,17.986000
117,142,142,408e942,75051,75385,85309,85409,9.924000,10.258000
117,263,263,4107940,77051,77385,89504,89604,12.119000,12.453000
117,748,748,42ec940,89051,89377,108959,109059,19.582000,19.908000
117,344,344,4158943,131051,131385,138625,138725,7.240000,7.574000
117,718,718,42ce941,231051,231385,248231,248331,16.846000,17.180000
117,1466,1466,45ba941,244051,244377,266331,266431,21.954000,22.280000
117,952,952,43b8941,326051,326385,335560,335660,9.175000,9.509000
117,1109,1109,4455941,331395,331721,346569,346669,14.848000,15.174000
117,1413,1413,4585941,343051,343385,357542,357642,14.157000,14.491000
117,3302,3302,4ce6941,345051,345385,361751,361851,16.366000,16.700000
117,2010,2010,47da942,354817,355143,378947,379047,23.804000,24.130000
117,2014,2014,47de943,371051,371385,383277,383377,11.892000,12.226000
117,2231,2231,48b7942,442051,442385,462718,462818,20.333000,20.667000
117,3084,3084,4c0c941,486051,486385,500073,500173,13.688000,14.022000
117,5658,5658,561a942,526051,526385,538243,538343,11.858000,12.192000
117,4285,4285,50bd943,551051,551377,558849,558949,7.472000,7.798000
117,3415,3415,4d57942,566438,566764,582247,582347,15.483000,15.809000
117,1398,1398,4576941,624051,624377,636499,636599,12.122000,12.448000
117,4399,4399,512f942,635051,635385,645414,645514,10.029000,10.363000
117,6628,6628,59e4941,723051,723385,734387,734487,11.002000,11.336000
117,7089,7089,5bb1943,783051,783377,799776,799876,16.399000,16.725000
117,7197,7197,5c1d943,785051,785377,825506,825606,40.129000,40.455000
117,6244,6244,5864941,851051,851385,857935,858035,6.550000,6.884000
117,8050,8050,5f72943,904718,905044,916403,916503,11.359000,11.685000
117,6799,6799,5a8f942,1030051,1030385,1037830,1037931,7.445000,7.779000
117,8578,8578,6182942,1043424,1043750,1050245,1050345,6.495000,6.821000
117,4613,4613,5205940,1173051,1173377,1183748,1183848,10.371000,10.697000
117,6324,6324,58b4943,1424051,1424377,1434502,1434602,10.125000,10.451000
117,6486,6486,5956942,1407051,1407385,1439922,1440022,32.537000,32.871000
117,6143,6143,57ff940,1443051,1443377,1459051,1459151,15.674000,16.000000
117,6760,6760,5a68942,1479051,1479377,1508164,1508264,28.787000,29.113000
117,8656,8656,61d0942,1496051,1496377,1512374,1512474,15.997000,16.323000
117,9934,9934,66ce942,1601051,1601385,1607461,1607561,6.076000,6.410000
117,10793,10793,6a29940,1636051,1636377,1651499,1651599,15.122000,15.448000
117,8186,8186,5ffa943,1709051,1709377,1726513,1726613,17.136000,17.462000
117,10772,10772,6a14943,1764051,1764385,1776994,1777094,12.609000,12.943000
117,6533,6533,5985941,1791051,1791377,1800548,1800648,9.171000,9.497000
117,9341,9341,647d940,1837051,1837377,1848322,1848422,10.945000,11.271000
117,10182,10182,67c6941,1915051,1915377,1929851,1929951,14.474000,14.800000
117,10697,10697,69c9940,1931446,1931780,1936512,1936612,4.732000,5.066000
117,10293,10293,6835943,2014051,2014377,2025346,2025446,10.969000,11.295000
117,9769,9769,6629941,2099424,2099750,2108952,2109052,9.202000,9.528000
117,10261,10261,6815940,2117051,2117385,2122970,2123070,5.585000,5.919000
117,7466,7466,5d2a943,2220051,2220385,2239354,2239454,18.969000,19.303000
117,7806,7806,5e7e943,2368051,2368377,2389633,2389733,21.256000,21.582000
117,10603,10603,696b940,2541051,2541385,2550558,2550658,9.173000,9.507000
118,415,415,419f943,21051,21385,39705,39805,18.320000,18.654000
118,24,24,4018940,26051,26385,50603,50703,24.218000,24.552000
118,348,348,415c941,81051,81377,94260,94360,12.883000,13.209000
118,1043,1043,4413943,141438,141764,154980,155080,13.216000,13.542000
118,2501,2501,49c5942,180772,181098,207436,207536,26.338000,26.664000
118,398,398,418e940,245051,245377,267807,267907,22.430000,22.756000
118,252,252,40fc943,266051,266377,278758,278858,12.381000,12.707000
118,1635,1635,4663943,365051,365377,385718,385818,20.341000,20.667000
118,1068,1068,442c942,379051,379385,407630,407730,28.245000,28.579000
118,1774,1774,46ee940,459051,459377,472127,472227,12.750000,13.076000
118,1812,1812,4714942,509051,509385,535485,535585,26.100000,26.434000
118,1263,1263,44ef940,513050,513377,539653,539753,26.276000,26.603000
118,2872,2872,4b38943,572051,572377,584165,584265,11.788000,12.114000
118,2378,2378,494a942,627051,627385,638345,638445,10.960000,11.294000
118,3311,3311,4cef943,661601,661935,687912,688012,25.977000,26.311000
118,2843,2843,4b1b942,809051,809385,820306,820406,10.921000,11.255000
118,3236,3236,4ca4942,836051,836385,848170,848270,11.785000,12.119000
118,7989,7989,5f35941,862051,862385,874895,874995,12.510000,12.844000
118,5854,5854,56de943,890439,890773,907103,907203,16.330000,16.664000
118,8716,8716,620c941,942051,942377,957214,957314,14.837000,15.163000
118,5226,5226,546a943,960470,960804,975307,975407,14.503000,14.837000
118,6437,6437,5925941,1005051,1005377,1020603,1020703,15.226000,15.552000
118,8197,8197,6005942,1017425,1017759,1041511,1041610,23.752000,24.086000
118,5735,5735,5667940,1080051,1080377,1097504,1097604,17.127000,17.453000
118,7181,7181,5c0d941,1093051,1093385,1106877,1106977,13.492000,13.826000
118,5899,5899,570b941,1099051,1099377,1112539,1112639,13.162000,13.488000
118,3417,3417,4d59941,1111051,1111377,1118744,1118844,7.367000,7.693000
118,6363,6363,58db943,1186051,1186385,1200959,1201059,14.574000,14.908000
118,7556,7556,5d84940,1224051,1224377,1243426,1243526,19.049000,19.375000
118,10334,10334,685e940,1233051,1233385,1247598,1247698,14.213000,14.547000
118,10538,10538,692a941,1345051,1345385,1358317,1358417,12.932000,13.266000
118,9959,9959,66e7941,1339051,1339385,1363801,1363901,24.416000,24.750000
118,6550,6550,5996943,1364402,1364736,1380334,1380434,15.598000,15.932000
118,8148,8148,5fd4940,1373051,1373377,1384583,1384683,11.206000,11.532000
118,7421,7421,5cfd940,1406051,1406377,1423662,1423762,17.285000,17.611000
118,9108,9108,6394943,1446051,1446377,1458362,1458462,11.985000,12.311000
118,10562,10562,6942942,1465051,1465377,1480342,1480442,14.965000,15.291000
118,10249,10249,6809943,1488051,1488385,1501115,1501215,12.730000,13.064000
118,7917,7917,5eed940,1519478,1519812,1534252,1534352,14.440000,14.774000
118,10987,10987,6aeb942,1537051,1537385,1553680,1553780,16.295000,16.629000
118,9852,9852,667c941,1541051,1541377,1563500,1563600,22.123000,22.449000
118,6331,6331,58bb941,1571051,1571385,1578715,1578815,7.330000,7.664000
118,7315,7315,5c93940,1725051,1725377,1746961,1747061,21.584000,21.910000
118,10447,10447,68cf941,1742051,1742377,1755097,1755197,12.720000,13.046000
118,10551,10551,6937943,1757051,1757385,1762113,1762213,4.728000,5.062000
118,4928,4928,5340942,1780051,1780377,1785116,1785216,4.739000,5.065000
118,10949,10949,6ac5941,1838051,1838385,1854484,1854584,16.099000,16.433000
118,8907,8907,62cb940,1884051,1884385,1892661,1892761,8.276000,8.610000
118,7247,7247,5c4f942,1885051,1885385,1898119,1898219,12.734000,13.068000
118,8210,8210,6012942,2245051,2245377,2261213,2261313,15.836000,16.162000
119,645,645,4285943,34773,35099,42509,42609,7.410000,7.736000
119,2174,2174,487e942,80640,80974,88392,88492,7.418000,7.752000
119,447,447,41bf940,126051,126377,139849,139949,13.472000,13.798000
119,3198,3198,4c7e941,154051,154385,183761,183861,29.376000,29.710000
119,1008,1008,43f0940,291051,291385,307475,307575,16.090000,16.424000
119,2802,2802,4af2941,321051,321377,332356,332456,10.979000,11.305000
119,1809,1809,4711941,384051,384377,406492,406592,22.115000,22.441000
119,3469,3469,4d8d940,416410,416736,435532,435632,18.796000,19.122000
119,2812,2812,4afc941,430412,430746,441049,441149,10.303000,10.637000
119,4737,4737,5281943,479051,479385,492089,492189,12.704000,13.038000
119,3369,3369,4d29941,517050,517377,532104,532204,14.727000,15.054000
119,4776,4776,52a8940,552051,552377,565479,565579,13.102000,13.428000
119,4986,4986,537a941,562051,562377,572561,572661,10.184000,10.510000
119,4937,4937,5349941,571051,571385,584848,584948,13.463000,13.797000
119,3346,3346,4d12942,599051,599377,615860,615960,16.483000,16.809000
119,5345,5345,54e1943,612051,612385,625182,625282,12.797000,13.131000
119,6843,6843,5abb943,755051,755377,771537,771637,16.160000,16.486000
119,5143,5143,5417941,773410,773736,785262,785362,11.526000,11.852000
119,5012,5012,5394943,832051,832385,849393,849493,17.008000,17.342000
119,4444,4444,515c940,866051,866385,878968,879068,12.583000,12.917000
119,3409,3409,4d51943,873051,873377,885645,885745,12.268000,12.594000
119,7663,7663,5def940,891051,891385,904924,905024,13.539000,13.873000
119,3633,3633,4e31942,947051,947385,957430,957530,10.045000,10.379000
119,4583,4583,51e7943,964051,964385,973440,973540,9.055000,9.389000
119,4179,4179,5053941,970051,970377,979644,979744,9.267000,9.593000
119,6103,6103,57d7941,966051,966377,985071,985171,18.694000,19.020000
119,8769,8769,6241943,984051,984377,997814,997914,13.437000,13.763000
119,4123,4123,501b942,1045051,1045385,1057279,1057379,11.894000,12.228000
119,7010,7010,5b62941,1061051,1061377,1071875,1071975,10.498000,10.824000
119,6266,6266,587a943,1097051,1097377,1103055,1103155,5.678000,6.004000
119,3864,3864,4f18941,1124051,1124377,1135306,1135406,10.929000,11.255000
119,7026,7026,5b72942,1199051,1199385,1213699,1213799,14.314000,14.648000
119,9215,9215,63ff941,1206051,1206385,1229235,1229335,22.850000,23.184000
119,7325,7325,5c9d940,1254051,1254385,1267879,1267979,13.494000,13.828000
119,6631,6631,59e7940,1272051,1272385,1288577,1288677,16.192000,16.526000
119,8368,8368,60b0940,1332275,1332601,1342685,1342785,10.084000,10.410000
119,9887,9887,669f940,1434051,1434377,1444461,1444561,10.084000,10.410000
119,6534,6534,5986943,1537051,1537385,1549806,1549906,12.421000,12.755000
119,9665,9665,65c1940,1885051,1885377,1898960,1899060,13.583000,13.909000
120,36,36,4024941,52051,52377,67531,67631,15.154000,15.480000
120,165,165,40a5940,65051,65385,78240,78340,12.855000,13.189000
120,1829,1829,4725943,94409,94743,122421,122521,27.678000,28.012000
120,702,702,42be940,111051,111377,126611,126711,15.234000,15.560000
120,938,938,43aa941,125410,125736,155445,155545,29.709000,30.035000
120,127,127,407f941,123051,123377,160824,160924,37.447000,37.773000
120,352,352,4160942,173051,173377,185268,185368,11.891000,12.217000
120,1222,1222,44c6941,178051,178385,194463,194563,16.078000,16.412000
120,2327,2327,4917943,244051,244377,262003,262102,17.626000,17.952000
120,1070,1070,442e943,317051,317377,333604,333704,16.227000,16.553000
120,3437,3437,4d6d943,331051,331377,344577,344677,13.200000,13.526000
120,1560,1560,4618941,373051,373385,396425,396525,23.040000,23.374000
120,2028,2028,47ec940,468051,468385,485027,485127,16.642000,16.976000
120,1680,1680,4690943,460614,460940,509058,509158,48.118000,48.444000
120,2069,2069,4815941,499051,499385,518608,518708,19.223000,19.557000
120,1172,1172,4494943,633051,633385,649671,649771,16.286000,16.620000
120,4868,4868,5304943,733051,733385,763003,763103,29.618000,29.952000
120,4774,4774,52a6943,789051,789385,801892,801992,12.507000,12.841000
120,5450,5450,554a942,770051,770385,807282,807382,36.897000,37.231000
120,5085,5085,53dd940,801051,801385,821473,821573,20.088000,20.422000
120,4901,4901,5325943,834051,834377,847465,847565,13.088000,13.414000
120,7121,7121,5bd1942,847051,847385,867817,867917,20.432000,20.766000
120,6374,6374,58e6941,858051,858385,877876,877976,19.491000,19.825000
120,3956,3956,4f74942,964051,964377,975358,975458,10.981000,11.307000
120,4579,4579,51e3941,963051,963385,985724,985824,22.339000,22.673000
120,3984,3984,4f90941,963051,963385,989952,990052,26.567000,26.901000
120,3894,3894,4f36941,1010051,1010377,1021928,1022028,11.551000,11.877000
120,8411,8411,60db942,1032051,1032377,1049542,1049642,17.165000,17.491000
120,7796,7796,5e74941,1064051,1064377,1074478,1074578,10.101000,10.427000
120,7070,7070,5b9e940,1118051,1118385,1127622,1127722,9.237000,9.571000
120,7008,7008,5b60940,1163051,1163385,1178448,1178548,15.063000,15.397000
120,6549,6549,5995941,1198051,1198377,1209275,1209375,10.898000,11.224000
120,9068,9068,636c941,1219051,1219377,1232124,1232224,12.747000,13.073000
120,7190,7190,5c16940,1222395,1222729,1243008,1243108,20.279000,20.613000
120,9300,9300,6454940,1279051,1279385,1301924,1302024,22.539000,22.873000
120,7477,7477,5d35940,1315416,1315750,1334530,1334630,18.780000,19.114000
120,6518,6518,5976943,1359051,1359377,1368476,1368576,9.099000,9.425000
120,8803,8803,6263943,1361051,1361385,1381161,1381261,19.776000,20.110000
120,7994,7994,5f3a943,1370051,1370377,1386619,1386719,16.242000,16.568000
120,10485,10485,68f5941,1391439,1391773,1407801,1407901,16.028000,16.362000
120,9989,9989,6705940,1395051,1395385,1431572,1431672,36.187000,36.521000
120,10753,10753,6a01941,1426051,1426385,1441626,1441726,15.241000,15.575000
120,7436,7436,5d0c940,1456051,1456385,1467620,1467720,11.235000,11.569000
120,8648,8648,61c8940,1498051,1498377,1505676,1505776,7.299000,7.625000
120,7876,7876,5ec4943,1500424,1500750,1509834,1509934,9.084000,9.410000
120,6640,6640,59f0942,1529051,1529385,1543148,1543248,13.763000,14.097000
120,10149,10149,67a5940,1604051,1604377,1617036,1617136,12.659000,12.985000
120,6994,6994,5b52940,1614051,1614385,1621851,1621951,7.466000,7.800000
120,7700,7700,5e14943,1678051,1678377,1693242,1693342,14.865000,15.191000
120,7253,7253,5c55942,1673051,1673377,1697413,1697513,24.036000,24.362000
120,10320,10320,6850941,1698051,1698385,1707576,1707676,9.191000,9.525000
120,10604,10604,696c940,1706051,1706377,1719875,1719975,13.498000,13.824000
120,8075,8075,5f8b941,1746051,1746377,1778136,1778236,31.759000,32.085000
120,10448,10448,68d0942,1802051,1802385,1814780,1814880,12.395000,12.729000
120,9228,9228,640c941,1994051,1994377,2007332,2007432,12.955000,13.281000
120,10999,10999,6af7943,2066430,2066756,2076939,2077039,10.183000,10.509000
120,9502,9502,651e942,2117051,2117385,2129284,2129384,11.899000,12.233000
120,10930,10930,6ab2940,2213051,2213377,2218170,2218270,4.793000,5.119000
120,7551,7551,5d7f943,2301051,2301377,2317735,2317835,16.358000,16.684000
120,10432,10432,68c0943,2522051,2522377,2533350,2533450,10.973000,11.299000
121,1373,1373,455d942,172051,172377,191426,191526,19.049000,19.375000
121,1500,1500,45dc940,184051,184377,195654,195754,11.277000,11.603000
121,1166,1166,448e941,184051,184377,199821,199921,15.444000,15.770000
121,1315,1315,4523941,190051,190377,204011,204111,13.634000,13.960000
121,3630,3630,4e2e943,212051,212385,238034,238134,25.649000,25.983000
121,1847,1847,4737943,223051,223377,248814,248914,25.437000,25.763000
121,1238,1238,44d6940,247431,247757,259792,259893,12.035000,12.361000
121,4033,4033,4fc1942,333051,333377,346071,346171,12.694000,13.020000
121,2961,2961,4b91941,383051,383377,427792,427892,44.415000,44.741000
121,2059,2059,480b941,461051,461377,473705,473805,12.328000,12.654000
121,3059,3059,4bf3940,471493,471819,489133,489233,17.314000,17.640000
121,2344,2344,4928942,502051,502377,516534,516634,14.157000,14.483000
121,2387,2387,4953943,510051,510377,523271,523371,12.894000,13.220000
121,5743,5743,566f940,600051,600385,624708,624808,24.323000,24.657000
121,3804,3804,4edc943,623051,623385,635754,635854,12.369000,12.703000
121,5348,5348,54e4941,796051,796385,807767,807867,11.382000,11.716000
121,3465,3465,4d89940,829051,829377,841571,841671,12.194000,12.520000
121,4520,4520,51a8940,851051,851377,872647,872747,21.270000,21.596000
121,2703,2703,4a8f943,882051,882377,902612,902712,20.235000,20.561000
121,3580,3580,4dfc940,953051,953385,965208,965308,11.823000,12.157000
121,5142,5142,5416942,1033051,1033377,1043450,1043550,10.073000,10.399000
121,5327,5327,54cf943,1055051,1055377,1075969,1076069,20.592000,20.918000
121,8080,8080,5f90941,1215051,1215385,1223915,1224015,8.530000,8.864000
121,3972,3972,4f84940,1223416,1223742,1234784,1234884,11.042000,11.368000
121,9618,9618,6592943,1241051,1241385,1270021,1270121,28.636000,28.970000
121,5552,5552,55b0943,1272051,1272377,1282468,1282568,10.091000,10.417000
121,8265,8265,6049943,1268051,1268377,1292037,1292137,23.660000,23.986000
121,7903,7903,5edf940,1297051,1297377,1314571,1314671,17.194000,17.520000
121,7106,7106,5bc2942,1380051,1380377,1394583,1394683,14.206000,14.532000
121,6510,6510,596e943,1367454,1367788,1403408,1403508,35.620000,35.954000
121,10918,10918,6aa6941,1403439,1403773,1431763,1431863,27.990000,28.324000
121,9447,9447,64e7940,1479395,1479729,1497210,1497310,17.481000,17.815000
121,4716,4716,526c942,1497051,1497377,1512926,1513026,15.549000,15.875000
121,5964,5964,574c943,1517051,1517377,1524802,1524902,7.425000,7.751000
121,9351,9351,6487943,1519051,1519377,1532043,1532143,12.666000,12.992000
121,3802,3802,4eda943,1710051,1710385,1730365,1730465,19.980000,20.314000
121,10245,10245,6805942,1745051,1745385,1760963,1761063,15.578000,15.912000
121,8596,8596,6194940,1817051,1817377,1827323,1827423,9.946000,10.272000
121,10251,10251,680b940,1821051,1821377,1831517,1831617,10.140000,10.466000
121,10277,10277,6825940,1842051,1842377,1850619,1850719,8.242000,8.568000
121,9737,9737,6609942,2129051,2129377,2144882,2144982,15.505000,15.831000
121,9834,9834,666a942,2251051,2251377,2262442,2262542,11.065000,11.391000
121,6426,6426,591a941,2324439,2324773,2337644,2337744,12.871000,13.205000
121,9543,9543,6547943,2368486,2368812,2380780,2380880,11.968000,12.294000
122,405,405,4195942,61051,61377,67028,67128,5.651000,5.977000
122,286,286,411e943,81051,81385,86952,87052,5.567000,5.901000
122,1546,1546,460a940,199051,199377,210487,210587,11.110000,11.436000
122,846,846,434e941,217051,217377,244289,244389,26.912000,27.238000
122,1689,1689,4699940,284051,284377,299402,299502,15.025000,15.351000
122,988,988,43dc940,244051,244385,314044,314144,69.659000,69.993000
122,2008,2008,47d8942,367051,367377,373907,374007,6.530000,6.856000
122,3152,3152,4c50940,416446,416780,430742,430842,13.962000,14.296000
122,2323,2323,4913943,426051,426385,436133,436233,9.748000,10.082000
122,2818,2818,4b02941,478051,478385,494527,494627,16.142000,16.476000
122,2855,2855,4b27943,533051,533377,541686,541786,8.309000,8.635000
122,3666,3666,4e52941,599051,599377,606807,606907,7.430000,7.756000
122,3943,3943,4f67943,601051,601385,614168,614268,12.783000,13.117000
122,4330,4330,50ea943,632051,632385,643289,643389,10.904000,11.238000
122,4420,4420,5144941,654051,654385,660900,661000,6.515000,6.849000
122,7862,7862,5eb6942,718051,718385,737027,737127,18.642000,18.976000
122,4898,4898,5322943,729051,729385,747892,747992,18.507000,18.841000
122,5501,5501,557d942,823051,823385,828110,828210,4.725000,5.059000
122,8056,8056,5f78942,853051,853377,862474,862574,9.097000,9.423000
122,10331,10331,685b941,906051,906377,912819,912919,6.442000,6.768000
122,8108,8108,5fac942,905051,905385,917197,917297,11.812000,12.146000
122,5690,5690,563a943,1140051,1140377,1150164,1150264,9.787000,10.113000
122,9506,9506,6522943,1222425,1222759,1241954,1242054,19.195000,19.529000
122,7992,7992,5f38940,1244853,1245179,1259917,1260017,14.738000,15.064000
122,8817,8817,6271940,1315051,1315385,1325773,1325873,10.388000,10.722000
122,8278,8278,6056941,1424051,1424385,1436420,1436520,12.035000,12.369000
122,10138,10138,679a940,1598502,1598836,1613158,1613258,14.322000,14.656000
122,7332,7332,5ca4942,1840431,1840757,1848270,1848370,7.513000,7.839000
122,10150,10150,67a6943,1884051,1884377,1904263,1904363,19.886000,20.212000
122,6247,6247,5867943,1931051,1931377,1946809,1946909,15.432000,15.758000
122,9408,9408,64c0940,2165425,2165759,2177506,2177606,11.747000,12.081000
123,462,462,41ce943,40051,40385,50512,50612,10.127000,10.461000
123,442,442,41ba940,48373,48699,61548,61648,12.849000,13.175000
123,269,269,410d943,109051,109385,120701,120801,11.316000,11.650000
123,1311,1311,451f940,105051,105385,126127,126227,20.742000,21.076000
123,618,618,426a940,119051,119377,130330,130430,10.953000,11.279000
123,309,309,4135940,138051,138377,146967,147067,8.590000,8.916000
123,847,847,434f943,136051,136385,152361,152461,15.976000,16.310000
123,1183,1183,449f940,143051,143377,157862,157962,14.485000,14.811000
123,2254,2254,48ce942,150418,150752,169738,169838,18.986000,19.320000
123,670,670,429e943,184051,184377,196225,196325,11.848000,12.174000
123,878,878,436e941,227051,227377,242283,242383,14.906000,15.232000
123,2462,2462,499e940,241051,241377,261162,261263,19.785000,20.111000
123,266,266,410a943,262051,262377,276224,276324,13.847000,14.173000
123,2080,2080,4820941,268051,268385,281570,281670,13.185000,13.519000
123,451,451,41c3940,301051,301385,315159,315259,13.774000,14.108000
123,3707,3707,4e7b942,343051,343377,351761,351861,8.384000,8.710000
123,828,828,433c942,364051,364377,391304,391404,26.927000,27.253000
123,2144,2144,4860940,406389,406715,415845,415945,9.130000,9.456000
123,2455,2455,4997942,454051,454377,470098,470198,15.721000,16.047000
123,4233,4233,5089943,524050,524385,542244,542344,17.859000,18.194000
123,2681,2681,4a79941,585051,585377,597426,597526,12.049000,12.375000
123,5346,5346,54e2941,695051,695385,704467,704567,9.082000,9.416000
123,3843,3843,4f03940,710051,710385,727373,727473,16.988000,17.322000
123,4550,4550,51c6941,798051,798385,815310,815410,16.925000,17.259000
123,4642,4642,5222940,841051,841385,857846,857946,16.461000,16.795000
123,5237,5237,5475943,869051,869377,886143,886243,16.766000,17.092000
123,7882,7882,5eca943,954051,954385,967940,968040,13.555000,13.889000
123,4026,4026,4fba942,1021051,1021385,1029555,1029655,8.170000,8.504000
123,8106,8106,5faa940,1111051,1111385,1122386,1122486,11.001000,11.335000
123,9320,9320,6468940,1150051,1150377,1157687,1157787,7.310000,7.636000
123,8323,8323,6083940,1150051,1150385,1161905,1162005,11.520000,11.854000
123,7458,7458,5d22943,1154740,1155066,1170960,1171060,15.894000,16.220000
123,7973,7973,5f25941,1164051,1164385,1176254,1176354,11.869000,12.203000
123,6575,6575,59af942,1220051,1220385,1249935,1250035,29.550000,29.884000
123,7579,7579,5d9b942,1248051,1248385,1259341,1259441,10.956000,11.290000
123,8597,8597,6195942,1443051,1443377,1468466,1468566,25.089000,25.415000
123,10355,10355,6873940,1453051,1453385,1473869,1473969,20.484000,20.818000
123,10843,10843,6a5b943,1526051,1526377,1532923,1533023,6.546000,6.872000
123,10518,10518,6916943,1617051,1617377,1628360,1628460,10.983000,11.309000
123,9542,9542,6546940,1620051,1620377,1632580,1632680,12.203000,12.529000
123,9681,9681,65d1941,1628438,1628764,1641413,1641513,12.649000,12.975000
123,10922,10922,6aaa943,2048051,2048385,2066258,2066358,17.873000,18.207000
123,9173,9173,63d5943,2133693,2134019,2154049,2154149,20.030000,20.356000
124,1117,1117,445d943,85051,85377,95065,95165,9.688000,10.014000
124,259,259,4103941,110051,110385,123769,123869,13.384000,13.718000
124,1069,1069,442d943,243051,243377,251397,251497,8.020000,8.346000
124,1158,1158,4486940,266051,266385,297594,297694,31.209000,31.543000
124,1846,1846,4736942,294051,294377,308451,308551,14.074000,14.400000
124,1965,1965,47ad943,287409,287743,312671,312771,24.928000,25.262000
124,3332,3332,4d04941,285051,285377,316816,316916,31.439000,31.765000
124,2406,2406,4966941,395485,395811,405018,405118,9.207000,9.533000
124,745,745,42e9941,412051,412385,438096,438196,25.711000,26.045000
124,4237,4237,508d943,454051,454385,460888,460988,6.503000,6.837000
124,2399,2399,495f941,454051,454385,471081,471181,16.696000,17.030000
124,2517,2517,49d5941,475051,475377,481057,481157,5.680000,6.006000
124,3065,3065,4bf9940,527051,527377,538182,538282,10.805000,11.131000
124,2230,2230,48b6941,528051,528385,549843,549943,21.458000,21.792000
124,1872,1872,4750940,549051,549385,569499,569599,20.114000,20.448000
124,2296,2296,48f8943,560051,560377,583664,583764,23.287000,23.613000
124,4894,4894,531e940,595304,595638,610229,610329,14.591000,14.925000
124,2697,2697,4a89940,629051,629385,661007,661107,31.622000,31.956000
124,4479,4479,517f941,668051,668385,679322,679422,10.937000,11.271000
124,5569,5569,55c1941,687051,687385,699547,699647,12.162000,12.496000
124,4387,4387,5123941,715051,715385,734242,734342,18.857000,19.191000
124,3916,3916,4f4c941,754051,754385,759097,759197,4.712000,5.046000
124,6481,6481,5951941,874051,874377,906210,906310,31.833000,32.159000
124,5805,5805,56ad942,896051,896377,910371,910471,13.994000,14.320000
124,3368,3368,4d28940,908051,908385,922618,922718,14.233000,14.567000
124,2949,2949,4b85941,954051,954385,965451,965551,11.066000,11.400000
124,6662,6662,5a06943,964051,964385,971793,971893,7.408000,7.742000
124,6999,6999,5b57943,990051,990377,1002350,1002450,11.973000,12.299000
124,4439,4439,5157941,1005051,1005385,1024144,1024243,18.759000,19.093000
124,6649,6649,59f9940,1049051,1049385,1070407,1070507,21.022000,21.356000
124,9171,9171,63d3942,1071051,1071377,1081348,1081448,9.971000,10.297000
124,7263,7263,5c5f940,1138416,1138750,1154142,1154242,15.392000,15.726000
124,5655,5655,5617943,1188051,1188385,1198359,1198459,9.974000,10.308000
124,8372,8372,60b4940,1216051,1216377,1235022,1235122,18.645000,18.971000
124,10241,10241,6801941,1304051,1304385,1315228,1315328,10.843000,11.177000
124,4752,4752,5290941,1389051,1389385,1402308,1402408,12.923000,13.257000
124,8417,8417,60e1940,1445051,1445385,1453308,1453408,7.923000,8.257000
124,10905,10905,6a99942,1430051,1430385,1458324,1458424,27.939000,28.273000
124,5645,5645,560d940,1482051,1482377,1503491,1503591,21.114000,21.440000
124,9477,9477,6505943,1495051,1495385,1507652,1507752,12.267000,12.601000
124,6323,6323,58b3942,1549051,1549385,1557714,1557814,8.329000,8.663000
124,9267,9267,6433943,1576051,1576385,1584739,1584839,8.354000,8.688000
124,7924,7924,5ef4941,1618051,1618377,1630127,1630227,11.750000,12.076000
124,8606,8606,619e942,1641051,1641377,1652193,1652293,10.816000,11.142000
124,8356,8356,60a4942,1705395,1705729,1723278,1723378,17.549000,17.883000
124,8988,8988,631c941,1862051,1862385,1875216,1875316,12.831000,13.165000
124,10806,10806,6a36940,1867051,1867377,1883500,1883600,16.123000,16.449000
124,10977,10977,6ae1943,1915051,1915377,1923920,1924020,8.543000,8.869000
124,10068,10068,6754941,1917051,1917377,1930859,1930959,13.482000,13.808000
124,9862,9862,6686943,1978051,1978385,1991865,1991965,13.480000,13.814000
124,10952,10952,6ac8942,2323051,2323377,2329861,2329961,6.484000,6.810000
125,102,102,4066941,55051,55385,60126,60226,4.741000,5.075000
125,30,30,401e942,49051,49385,83221,83321,33.836000,34.170000
125,1045,1045,4415943,84051,84377,105597,105697,21.220000,21.546000
125,998,998,43e6941,182051,182385,215637,215737,33.252000,33.586000
125,1692,1692,469c943,217051,217377,224726,224826,7.349000,7.675000
125,2531,2531,49e3941,239051,239385,257631,257731,18.246000,18.580000
125,1667,1667,4683940,257051,257385,266595,266695,9.210000,9.544000
125,1600,1600,4640941,294051,294385,317026,317126,22.641000,22.975000
125,1345,1345,4541942,333051,333385,368613,368713,35.228000,35.562000
125,2215,2215,48a7943,372051,372385,402884,402984,30.499000,30.833000
125,4786,4786,52b2943,399410,399736,416856,416956,17.120000,17.446000
125,2318,2318,490e940,429051,429385,453356,453456,23.971000,24.305000
125,5578,5578,55ca941,597410,597736,621394,621494,23.658000,23.984000
125,1888,1888,4760942,626051,626377,631171,631271,4.794000,5.120000
125,4777,4777,52a9942,615051,615377,637821,637921,22.444000,22.770000
125,2201,2201,4899941,641051,641377,651538,651638,10.161000,10.487000
125,2694,2694,4a86943,711107,711433,718002,718102,6.569000,6.895000
125,7033,7033,5b79942,706051,706377,726115,726215,19.738000,20.064000
125,5092,5092,53e4943,713665,713999,770606,770706,56.607000,56.941000
125,2328,2328,4918941,773051,773385,783490,783590,10.105000,10.439000
125,5599,5599,55df943,888395,888729,904114,904214,15.385000,15.719000
125,4116,4116,5014940,897051,897377,909687,909787,12.310000,12.636000
125,6696,6696,5a28941,906051,906377,926257,926357,19.880000,20.206000
125,9613,9613,658d942,1039051,1039385,1059073,1059173,19.688000,20.022000
125,8371,8371,60b3943,1153051,1153377,1175760,1175860,22.383000,22.709000
125,8236,8236,602c941,1210051,1210377,1224786,1224886,14.409000,14.735000
125,8603,8603,619b940,1270051,1270377,1291933,1292033,21.556000,21.882000
125,9207,9207,63f7940,1299051,1299385,1308325,1308425,8.940000,9.274000
125,6987,6987,5b4b941,1510051,1510385,1519315,1519415,8.930000,9.264000
125,10785,10785,6a21942,1539051,1539385,1554380,1554480,14.995000,15.329000
125,3456,3456,4d80943,1623051,1623385,1639142,1639242,15.757000,16.091000
125,8363,8363,60ab942,1669051,1669385,1675929,1676029,6.544000,6.878000
125,6329,6329,58b9941,1711402,1711736,1734993,1735093,23.257000,23.591000
125,7207,7207,5c27942,1721416,1721750,1750956,1751056,29.206000,29.540000
125,7224,7224,5c38943,1836051,1836385,1852640,1852740,16.255000,16.589000
125,10541,10541,692d943,2058051,2058377,2073753,2073852,15.376000,15.702000
125,7857,7857,5eb1943,2131051,2131385,2155495,2155595,24.110000,24.444000
125,8536,8536,6158943,2430051,2430377,2442280,2442380,11.903000,12.229000
125,9631,9631,659f941,2630051,2630377,2639688,2639788,9.311000,9.637000
126,514,514,4202942,73051,73385,84588,84688,11.203000,11.537000
126,901,901,4385943,89051,89385,94103,94203,4.718000,5.052000
126,636,636,427c940,120051,120385,130527,130627,10.142000,10.476000
126,674,674,42a2940,125438,125764,140417,140517,14.653000,14.979000
126,733,733,42dd940,155051,155377,170763,170863,15.386000,15.712000
126,3201,3201,4c81940,185051,185385,191864,191964,6.479000,6.813000
126,1432,1432,4598940,341051,341377,352397,352497,11.020000,11.346000
126,3383,3383,4d37940,363051,363385,381447,381547,18.062000,18.396000
126,5478,5478,5566942,387051,387385,398355,398455,10.970000,11.304000
126,4492,4492,518c940,530051,530377,540799,540899,10.422000,10.748000
126,2906,2906,4b5a943,542438,542764,557187,557287,14.423000,14.749000
126,2630,2630,4a46943,582051,582385,596359,596459,13.974000,14.308000
126,4416,4416,5140943,692051,692385,701601,701701,9.216000,9.550000
126,4789,4789,52b5940,694051,694377,707075,707175,12.698000,13.024000
126,3931,3931,4f5b941,729051,729385,741062,741162,11.677000,12.011000
126,4811,4811,52cb942,751051,751385,768059,768159,16.674000,17.008000
126,4271,4271,50af942,792051,792385,828991,829091,36.606000,36.940000
126,6339,6339,58c3942,843051,843377,859539,859639,16.162000,16.488000
126,7391,7391,5cdf942,862452,862786,877273,877373,14.487000,14.821000
126,7615,7615,5dbf943,944051,944377,949096,949196,4.719000,5.045000
126,5082,5082,53da942,948051,948377,962707,962807,14.330000,14.656000
126,4263,4263,50a7940,995051,995377,1014954,1015054,19.577000,19.903000
126,6091,6091,57cb940,1036051,1036377,1052511,1052611,16.134000,16.460000
126,7433,7433,5d09940,1043051,1043377,1058009,1058109,14.632000,14.958000
126,8438,8438,60f6940,1158051,1158377,1164910,1165010,6.533000,6.859000
126,5789,5789,569d942,1209051,1209385,1229012,1229112,19.627000,19.961000
126,8715,8715,620b940,1297051,1297377,1309899,1309999,12.522000,12.848000
126,6954,6954,5b2a942,1370051,1370377,1383384,1383484,13.007000,13.333000
126,9203,9203,63f3942,1449051,1449385,1480198,1480298,30.813000,31.147000
126,8990,8990,631e940,1678051,1678385,1688347,1688447,9.962000,10.296000
126,9126,9126,63a6940,1685413,1685739,1696658,1696758,10.919000,11.245000
126,9383,9383,64a7940,1686051,1686385,1701811,1701911,15.426000,15.760000
126,8180,8180,5ff4940,1797051,1797385,1804786,1804886,7.401000,7.735000
126,9451,9451,64eb940,1818051,1818385,1829312,1829412,10.927000,11.261000
126,8757,8757,6235942,1826051,1826377,1833479,1833579,7.102000,7.428000
126,9866,9866,668a940,1855051,1855385,1863598,1863698,8.213000,8.547000
126,10077,10077,675d942,2194051,2194377,2199124,2199224,4.747000,5.073000
126,9687,9687,65d7942,2274353,2274679,2286380,2286480,11.701000,12.027000
127,456,456,41c8943,36051,36377,54441,54541,18.064000,18.390000
127,137,137,4089943,85051,85385,97071,97171,11.686000,12.020000
127,404,404,4194941,105051,105377,119900,120000,14.523000,14.849000
127,1632,1632,4660943,273051,273377,284361,284461,10.984000,11.310000
127,2978,2978,4ba2940,365051,365377,375474,375574,10.097000,10.423000
127,3385,3385,4d39943,460051,460377,471395,471495,11.018000,11.344000
127,1705,1705,46a9941,463051,463385,476876,476976,13.491000,13.825000
127,2667,2667,4a6b942,582051,582377,587960,588060,5.583000,5.909000
127,4699,4699,525b940,584804,585130,606555,606655,21.425000,21.751000
127,3275,3275,4ccb943,622715,623041,635944,636044,12.903000,13.229000
127,2486,2486,49b6942,629051,629385,642934,643034,13.549000,13.883000
127,4503,4503,5197943,644409,644743,649444,649544,4.701000,5.035000
127,2884,2884,4b44941,653051,653385,658993,659093,5.608000,5.942000
127,3511,3511,4db7940,641051,641385,680467,680567,39.082000,39.416000
127,5829,5829,56c5943,775051,775377,783701,783801,8.324000,8.650000
127,6036,6036,5794940,784051,784377,797714,797814,13.337000,13.663000
127,5335,5335,54d7941,791165,791499,805088,805188,13.589000,13.923000
127,6248,6248,5868943,822051,822377,843631,843731,21.254000,21.580000
127,3159,3159,4c57940,832051,832377,849114,849214,16.737000,17.063000
127,7108,7108,5bc4940,882051,882377,891793,891893,9.416000,9.742000
127,4318,4318,50de943,917051,917385,932300,932400,14.915000,15.249000
127,7389,7389,5cdd942,933051,933377,954379,954479,21.002000,21.328000
127,6370,6370,58e2941,1011575,1011901,1026349,1026449,14.448000,14.774000
127,6497,6497,5961941,1022244,1022578,1037205,1037306,14.627000,14.961000
127,10809,10809,6a39940,1017051,1017377,1050741,1050841,33.364000,33.690000
127,8693,8693,61f5943,1037431,1037757,1054931,1055031,17.174000,17.500000
127,8956,8956,62fc941,1076051,1076385,1090336,1090436,13.951000,14.285000
127,6494,6494,595e942,1142051,1142385,1155021,1155121,12.636000,12.970000
127,9125,9125,63a5941,1166051,1166385,1186038,1186138,19.653000,19.987000
127,8967,8967,6307943,1246051,1246377,1262485,1262585,16.108000,16.434000
127,4375,4375,5117942,1245051,1245385,1268352,1268452,22.967000,23.301000
127,6875,6875,5adb941,1250051,1250377,1279349,1279449,28.972000,29.298000
127,7133,7133,5bdd942,1294051,1294377,1305305,1305405,10.928000,11.254000
127,9322,9322,646a943,1316051,1316377,1327560,1327660,11.183000,11.509000
127,6986,6986,5b4a940,1324051,1324385,1343930,1344030,19.545000,19.879000
127,8951,8951,62f7942,1379431,1379757,1390554,1390654,10.797000,11.123000
127,7921,7921,5ef1942,1384051,1384377,1397102,1397202,12.725000,13.051000
127,4996,4996,5384941,1436051,1436385,1448245,1448345,11.860000,12.194000
127,10464,10464,68e0943,1496051,1496385,1502000,1502100,5.615000,5.949000
127,10513,10513,6911940,1564051,1564385,1572536,1572636,8.151000,8.485000
127,6993,6993,5b51942,1633051,1633377,1638982,1639082,5.605000,5.931000
127,10489,10489,68f9940,1663051,1663377,1673428,1673528,10.051000,10.377000
127,8263,8263,6047943,1669051,1669377,1677624,1677724,8.247000,8.573000
127,9390,9390,64ae942,1661051,1661377,1681802,1681902,20.425000,20.751000
127,6079,6079,57bf941,1706051,1706377,1724347,1724447,17.970000,18.296000
127,7423,7423,5cff940,1748051,1748385,1767916,1768016,19.531000,19.865000
127,10701,10701,69cd940,1799051,1799385,1816390,1816490,17.005000,17.339000
127,9549,9549,654d941,1847051,1847377,1865196,1865296,17.819000,18.145000
127,9947,9947,66db943,1852416,1852750,1874201,1874301,21.451000,21.785000
127,7412,7412,5cf4941,1951409,1951743,1963596,1963696,11.853000,12.187000
127,10223,10223,67ef941,1982051,1982385,1996803,1996903,14.418000,14.752000
127,10972,10972,6adc942,2010051,2010385,2023939,2024039,13.554000,13.888000
127,10491,10491,68fb943,2264051,2264377,2282261,2282361,17.884000,18.210000
128,313,313,4139940,68051,68377,82839,82939,14.462000,14.788000
128,833,833,4341942,78439,78765,119157,119257,40.392000,40.718000
128,412,412,419c940,138051,138385,147643,147743,9.258000,9.592000
128,644,644,4284941,187051,187385,196519,196619,9.134000,9.468000
128,1472,1472,45c0943,178051,178385,202982,203082,24.597000,24.931000
128,742,742,42e6941,233051,233385,293559,293659,60.174000,60.508000
128,1256,1256,44e8942,302051,302377,314140,314240,11.763000,12.089000
128,637,637,427d943,293051,293377,321047,321147,27.670000,27.996000
128,2567,2567,4a07943,301051,301385,335137,335237,33.752000,34.086000
128,1606,1606,4646941,316051,316377,364555,364655,48.178000,48.504000
128,3875,3875,4f23941,376051,376385,382842,382942,6.457000,6.791000
128,3842,3842,4f02941,486438,486764,495800,495900,9.036000,9.362000
128,2309,2309,4905940,557051,557377,574835,574935,17.458000,17.784000
128,3811,3811,4ee3940,601051,601377,622791,622891,21.414000,21.740000
128,5697,5697,5641943,616051,616385,628131,628231,11.746000,12.080000
128,2571,2571,4a0b941,700051,700377,719530,719630,19.153000,19.479000
128,4842,4842,52ea941,809051,809377,825928,826028,16.551000,16.877000
128,4578,4578,51e2941,812051,812377,830854,830954,18.477000,18.803000
128,6659,6659,5a03941,824051,824377,835053,835153,10.676000,11.002000
128,5041,5041,53b1940,835051,835377,852402,852502,17.025000,17.351000
128,7859,7859,5eb3942,910255,910581,933534,933634,22.953000,23.279000
128,6098,6098,57d2941,931051,931377,938954,939054,7.577000,7.903000
128,6406,6406,5906940,926051,926385,949833,949933,23.448000,23.782000
128,7935,7935,5eff943,984051,984385,1002456,1002556,18.071000,18.405000
128,3582,3582,4dfe942,1042051,1042377,1065066,1065166,22.689000,23.015000
128,5976,5976,5758943,1068051,1068377,1086994,1087094,18.617000,18.943000
128,7388,7388,5cdc940,1067051,1067385,1091167,1091267,23.782000,24.116000
128,6576,6576,59b0942,1125447,1125781,1137039,1137139,11.258000,11.592000
128,5133,5133,540d941,1120051,1120385,1142544,1142644,22.159000,22.493000
128,6067,6067,57b3943,1183051,1183385,1206129,1206229,22.744000,23.078000
128,7164,7164,5bfc943,1211051,1211377,1226706,1226806,15.329000,15.655000
128,9686,9686,65d6942,1266796,1267130,1296486,1296586,29.356000,29.690000
128,10939,10939,6abb941,1388453,1388779,1397966,1398066,9.187000,9.513000
128,6927,6927,5b0f940,1448051,1448377,1487278,1487378,38.901000,39.227000
128,9131,9131,63ab940,1541051,1541385,1569612,1569712,28.227000,28.561000
128,9621,9621,6595942,1566051,1566377,1577242,1577342,10.865000,11.191000
128,8558,8558,616e942,1606051,1606385,1626221,1626321,19.836000,20.170000
128,9483,9483,650b942,1645051,1645377,1651004,1651104,5.627000,5.953000
128,9263,9263,642f942,1764845,1765179,1773422,1773522,8.243000,8.577000
128,10463,10463,68df940,1806051,1806377,1827161,1827261,20.784000,21.110000
128,10021,10021,6725940,1829051,1829385,1837614,1837714,8.229000,8.563000
128,10384,10384,6890943,2023051,2023385,2037911,2038011,14.526000,14.860000
128,10579,10579,6953940,2426051,2426377,2440874,2440974,14.497000,14.823000
129,499,499,41f3943,79051,79385,102122,102222,22.737000,23.071000
129,568,568,4238941,136395,136721,150462,150562,13.741000,14.067000
129,1412,1412,4584942,135051,135377,155943,156043,20.566000,20.892000
129,2290,2290,48f2943,166051,166377,178175,178275,11.798000,12.124000
129,1648,1648,4670941,208051,208385,223468,223568,15.083000,15.417000
129,1264,1264,44f0943,199051,199377,233817,233917,34.440000,34.766000
129,1592,1592,4638941,212051,212385,238239,238339,25.854000,26.188000
129,2715,2715,4a9b942,257051,257376,281866,281966,24.490000,24.815000
129,1871,1871,474f940,294051,294377,309861,309961,15.484000,15.810000
129,3224,3224,4c98941,321051,321377,336811,336911,15.434000,15.760000
129,983,983,43d7943,295051,295385,343076,343176,47.691000,48.025000
129,1162,1162,448a942,333051,333377,359510,359610,26.133000,26.459000
129,3074,3074,4c02942,416051,416377,421977,422077,5.600000,5.926000
129,2877,2877,4b3d941,403051,403377,432838,432938,29.461000,29.787000
129,2547,2547,49f3942,576051,576385,604361,604461,27.976000,28.310000
129,3064,3064,4bf8941,573051,573385,611091,611191,37.706000,38.040000
129,2842,2842,4b1a942,613438,613764,627407,627507,13.643000,13.969000
129,4698,4698,525a942,662051,662377,694593,694693,32.216000,32.542000
129,2910,2910,4b5e942,702453,702779,727789,727889,25.010000,25.336000
129,3790,3790,4ece940,768051,768385,777528,777628,9.143000,9.477000
129,7570,7570,5d92943,883051,883377,896182,896282,12.805000,13.131000
129,5212,5212,545c941,917051,917385,933243,933343,15.858000,16.192000
129,7578,7578,5d9a942,933051,933385,960974,961074,27.589000,27.923000
129,4831,4831,52df942,974051,974377,990613,990713,16.236000,16.562000
129,8461,8461,610d942,1039051,1039385,1055091,1055191,15.706000,16.040000
129,6818,6818,5aa2940,1044051,1044385,1059289,1059389,14.904000,15.238000
129,9594,9594,657a940,1050051,1050385,1076836,1076936,26.451000,26.785000
129,7893,7893,5ed5940,1239051,1239385,1257219,1257319,17.834000,18.168000
129,8774,8774,6246940,1263051,1263377,1279240,1279340,15.863000,16.189000
129,9842,9842,6672943,1350051,1350377,1363766,1363866,13.389000,13.715000
129,9324,9324,646c941,1367051,1367385,1380042,1380142,12.657000,12.991000
129,10694,10694,69c6943,1393051,1393377,1408763,1408863,15.386000,15.712000
129,9669,9669,65c5941,1463051,1463377,1483028,1483128,19.651000,19.977000
129,6720,6720,5a40941,1456051,1456377,1507772,1507872,51.395000,51.721000
129,8888,8888,62b8942,1550868,1551202,1581836,1581936,30.634000,30.968000
129,10622,10622,697e941,1989051,1989385,2006479,2006579,17.094000,17.428000
129,8813,8813,626d942,2083051,2083385,2100589,2100689,17.204000,17.538000
129,9488,9488,6510940,2217051,2217385,2230992,2231092,13.607000,13.941000
130,306,306,4132941,37051,37385,63192,63292,25.807000,26.141000
130,170,170,40aa941,49051,49385,68654,68754,19.269000,19.603000
130,1,1,4001940,75051,75385,83634,83734,8.249000,8.583000
130,2078,2078,481e943,203527,203861,214107,214207,10.246000,10.580000
130,927,927,439f940,284051,284377,291776,291876,7.399000,7.725000
130,1031,1031,4407943,343051,343385,377475,377575,34.090000,34.424000
130,4580,4580,51e4940,536051,536377,542886,542986,6.509000,6.835000
130,3266,3266,4cc2940,539051,539385,557850,557950,18.465000,18.799000
130,5529,5529,5599942,539804,540138,563371,563471,23.233000,23.567000
130,4672,4672,5240940,579402,579736,595970,596070,16.234000,16.568000
130,5556,5556,55b4940,649051,649377,672337,672437,22.960000,23.286000
130,3097,3097,4c19942,708051,708377,730190,730290,21.813000,22.139000
130,4118,4118,5016940,735438,735764,744931,745031,9.167000,9.493000
130,3867,3867,4f1b943,725051,725385,754025,754125,28.640000,28.974000
130,4093,4093,4ffd940,756051,756377,781926,782026,25.549000,25.875000
130,3250,3250,4cb2940,770051,770385,792731,792831,22.346000,22.680000
130,5000,5000,5388943,771051,771377,798198,798298,26.821000,27.147000
130,3139,3139,4c43943,783051,783385,839691,839791,56.306000,56.640000
130,6929,6929,5b11943,847051,847385,860978,861078,13.593000,13.927000
130,5981,5981,575d942,878051,878385,885796,885896,7.411000,7.745000
130,5386,5386,550a943,855731,856057,891255,891355,35.198000,35.524000
130,8845,8845,628d941,960051,960377,972745,972845,12.368000,12.694000
130,7627,7627,5dcb943,1037051,1037385,1057148,1057248,19.763000,20.097000
130,5668,5668,5624943,1061402,1061736,1068218,1068318,6.482000,6.816000
130,4548,4548,51c4940,1151424,1151750,1157361,1157461,5.611000,5.937000
130,8174,8174,5fee943,1222051,1222377,1241346,1241446,18.969000,19.295000
130,9036,9036,634c943,1260051,1260377,1273952,1274052,13.575000,13.901000
130,9827,9827,6663941,1291051,1291385,1300037,1300137,8.652000,8.986000
130,6883,6883,5ae3943,1386541,1386867,1391616,1391716,4.749000,5.075000
130,7691,7691,5e0b943,1374051,1374377,1395779,1395879,21.402000,21.728000
130,10189,10189,67cd943,1495424,1495750,1512377,1512477,16.627000,16.953000
130,6763,6763,5a6b942,1515051,1515385,1544511,1544611,29.126000,29.460000
130,7670,7670,5df6943,1675051,1675385,1689921,1690021,14.536000,14.870000
130,10876,10876,6a7c940,1704051,1704377,1720644,1720744,16.267000,16.593000
130,9511,9511,6527940,1711051,1711385,1729710,1729810,18.325000,18.659000
130,8811,8811,626b943,1817395,1817729,1826150,1826250,8.421000,8.755000
130,10591,10591,695f941,1825051,1825377,1840870,1840970,15.493000,15.819000
130,9936,9936,66d0942,1832051,1832385,1849104,1849204,16.719000,17.053000
130,10746,10746,69fa941,2097035,2097362,2118442,2118542,21.080000,21.407000
130,10752,10752,6a00941,2147860,2148194,2156098,2156198,7.904000,8.238000
131,79,79,404f940,21051,21385,34236,34336,12.851000,13.185000
131,765,765,42fd941,51594,51920,67775,67875,15.855000,16.181000
131,369,369,4171941,125051,125377,135281,135381,9.904000,10.230000
131,1617,1617,4651942,135051,135385,146344,146444,10.959000,11.293000
131,2935,2935,4b77942,183051,183385,188098,188198,4.713000,5.047000
131,1205,1205,44b5941,187768,188102,198868,198968,10.766000,11.100000
131,811,811,432b941,259051,259385,269508,269608,10.123000,10.457000
131,4163,4163,5043940,278051,278385,297214,297314,18.829000,19.163000
131,2631,2631,4a47942,334051,334377,348960,349060,14.583000,14.909000
131,2955,2955,4b8b942,355410,355736,374254,374354,18.518000,18.844000
131,4258,4258,50a2941,389051,389377,396674,396774,7.297000,7.623000
131,3936,3936,4f60940,526051,526377,532882,532982,6.505000,6.831000
131,3885,3885,4f2d941,539051,539377,552068,552168,12.691000,13.017000
131,3365,3365,4d25942,599051,599377,613568,613668,14.191000,14.517000
131,3592,3592,4e08941,617051,617385,628852,628952,11.467000,11.801000
131,2433,2433,4981942,629051,629385,638117,638217,8.732000,9.066000
131,4185,4185,5059940,717051,717385,731096,731196,13.711000,14.045000
131,6173,6173,581d941,708051,708385,735316,735416,26.931000,27.265000
131,4214,4214,5076941,735410,735736,753856,753956,18.120000,18.446000
131,8218,8218,601a941,821051,821377,828933,829033,7.556000,7.882000
131,4412,4412,513c942,846051,846377,897093,897193,50.716000,51.042000
131,4976,4976,5370941,947051,947377,973953,974053,26.576000,26.902000
131,5954,5954,5742940,1008051,1008377,1031069,1031168,22.692000,23.018000
131,5368,5368,54f8940,1050051,1050377,1060465,1060565,10.088000,10.414000
131,7443,7443,5d13942,1097241,1097567,1111505,1111605,13.938000,14.264000
131,7878,7878,5ec6943,1165051,1165385,1176327,1176427,10.942000,11.276000
131,7536,7536,5d70940,1259051,1259385,1272900,1273000,13.515000,13.849000
131,9847,9847,6677943,1278051,1278385,1283153,1283253,4.768000,5.102000
131,9199,9199,63ef943,1267051,1267377,1287333,1287433,19.956000,20.282000
131,7180,7180,5c0c940,1270409,1270743,1294625,1294725,23.882000,24.216000
131,10611,10611,6973943,1395410,1395736,1400525,1400625,4.789000,5.115000
131,9116,9116,639c940,1457446,1457780,1466997,1467097,9.217000,9.551000
131,8514,8514,6142941,1419051,1419377,1471274,1471374,51.897000,52.223000
131,8291,8291,6063943,1490051,1490385,1516839,1516939,26.454000,26.788000
131,7236,7236,5c44942,1607051,1607385,1628525,1628625,21.140000,21.474000
131,8522,8522,614a940,1702051,1702385,1708896,1708996,6.511000,6.845000
131,8886,8886,62b6941,1725051,1725377,1736600,1736700,11.223000,11.549000
131,9031,9031,6347942,1902051,1902385,1916860,1916960,14.475000,14.809000
131,10414,10414,68ae943,1942514,1942840,1951242,1951342,8.402000,8.728000
131,10358,10358,6876942,2044051,2044377,2062997,2063098,18.620000,18.946000
131,10625,10625,6981941,2186051,2186385,2207072,2207172,20.687000,21.021000
132,893,893,437d941,62051,62385,83397,83497,21.012000,21.346000
132,364,364,416c943,130051,130384,138627,138727,8.243000,8.576000
132,1128,1128,4468940,158051,158377,176757,176857,18.380000,18.706000
132,2485,2485,49b5943,219051,219377,226812,226912,7.435000,7.761000
132,1536,1536,4600940,230416,230750,238049,238149,7.299000,7.633000
132,2493,2493,49bd942,256051,256385,275474,275574,19.089000,19.423000
132,2546,2546,49f2942,296051,296377,308123,308223,11.746000,12.072000
132,2481,2481,49b1941,287051,287385,313574,313674,26.189000,26.523000
132,2337,2337,4921940,337051,337385,352054,352154,14.669000,15.003000
132,3691,3691,4e6b941,356051,356385,368512,368612,12.127000,12.461000
132,1334,1334,4536943,324051,324377,374028,374128,49.651000,49.977000
132,2124,2124,484c941,366051,366377,382474,382574,16.097000,16.423000
132,1744,1744,46d0941,425051,425385,438025,438125,12.640000,12.974000
132,2056,2056,4808942,467424,467750,478311,478411,10.561000,10.887000
132,4511,4511,519f943,533051,533377,547980,548080,14.603000,14.929000
132,1964,1964,47ac941,569051,569385,593232,593332,23.847000,24.181000
132,2850,2850,4b22942,620051,620377,628617,628717,8.240000,8.566000
132,2624,2624,4a40942,607051,607377,652516,652616,45.139000,45.465000
132,2377,2377,4949940,613051,613377,658004,658104,44.627000,44.953000
132,3573,3573,4df5941,797051,797385,810146,810246,12.761000,13.095000
132,4758,4758,5296941,909453,909779,941508,941608,31.729000,32.055000
132,6421,6421,5915943,934051,934385,947058,947158,12.673000,13.007000
132,5170,5170,5432943,985051,985377,996223,996323,10.846000,11.172000
132,6997,6997,5b55943,1000051,1000377,1019170,1019270,18.793000,19.119000
132,6767,6767,5a6f942,1150051,1150377,1157782,1157882,7.405000,7.731000
132,6410,6410,590a942,1199051,1199385,1215434,1215534,16.049000,16.383000
132,8847,8847,628f940,1269051,1269385,1290117,1290217,20.732000,21.066000
132,6737,6737,5a51942,1296283,1296617,1310836,1310936,14.219000,14.553000
132,8335,8335,608f943,1320051,1320385,1357357,1357457,36.972000,37.306000
132,8931,8931,62e3940,1437051,1437385,1450783,1450883,13.398000,13.732000
132,10217,10217,67e9942,1569051,1569385,1590189,1590289,20.804000,21.138000
132,7737,7737,5e39943,1751051,1751377,1756096,1756196,4.719000,5.045000
132,6953,6953,5b29943,1777051,1777377,1784735,1784835,7.358000,7.684000
132,8971,8971,630b940,1784051,1784385,1791720,1791820,7.335000,7.669000
133,932,932,43a4940,86051,86377,104286,104386,17.909000,18.235000
133,950,950,43b6941,119051,119385,128472,128572,9.087000,9.421000
133,282,282,411a942,147051,147377,161806,161906,14.429000,14.755000
133,539,539,421b943,167051,167377,178148,178248,10.771000,11.097000
133,992,992,43e0941,193051,193385,200860,200960,7.475000,7.809000
133,1129,1129,4469940,230051,230377,249005,249105,18.628000,18.954000
133,2000,2000,47d0943,300051,300377,307790,307890,7.413000,7.739000
133,2413,2413,496d940,326431,326757,340265,340365,13.508000,13.834000
133,2054,2054,4806940,353897,354223,374908,375008,20.685000,21.011000
133,1521,1521,45f1942,362416,362742,383457,383557,20.715000,21.041000
133,1234,1234,44d2942,463051,463385,482201,482301,18.816000,19.150000
133,3392,3392,4d40941,540051,540377,557481,557581,17.104000,17.430000
133,4077,4077,4fed941,644051,644377,666709,666809,22.332000,22.658000
133,3068,3068,4bfc943,656051,656385,672193,672293,15.808000,16.142000
133,5541,5541,55a5943,678051,678385,729976,730076,51.591000,51.925000
133,2863,2863,4b2f943,725051,725385,759273,759373,33.888000,34.222000
133,4488,4488,5188942,759439,759773,772523,772623,12.750000,13.084000
133,6784,6784,5a80941,908051,908385,924497,924597,16.112000,16.446000
133,10778,10778,6a1a941,969051,969385,979860,979960,10.475000,10.809000
133,3950,3950,4f6e942,964051,964377,985220,985320,20.843000,21.169000
133,7196,7196,5c1c941,1011051,1011377,1020658,1020758,9.281000,9.607000
133,4911,4911,532f941,1057051,1057385,1071100,1071200,13.715000,14.049000
133,6516,6516,5974940,1062051,1062377,1077677,1077777,15.300000,15.626000
133,7401,7401,5ce9941,1079051,1079377,1088467,1088567,9.090000,9.416000
133,4323,4323,50e3942,1126051,1126377,1139996,1140096,13.619000,13.945000
133,8530,8530,6152940,1168870,1169196,1202944,1203044,33.748000,34.074000
133,9429,9429,64d5941,1259051,1259385,1277934,1278034,18.549000,18.883000
133,8701,8701,61fd940,1291051,1291385,1302257,1302357,10.872000,11.206000
133,9436,9436,64dc943,1328051,1328377,1345507,1345607,17.130000,17.456000
133,8678,8678,61e6943,1326560,1326886,1349649,1349749,22.763000,23.089000
133,5333,5333,54d5943,1390051,1390377,1413343,1413443,22.966000,23.292000
133,5913,5913,5719941,1384424,1384750,1418812,1418912,34.062000,34.388000
133,8264,8264,6048940,1436051,1436377,1452969,1453069,16.592000,16.918000
133,8401,8401,60d1942,1506051,1506377,1515543,1515643,9.166000,9.492000
133,8041,8041,5f69940,1544051,1544385,1550858,1550958,6.473000,6.807000
133,7780,7780,5e64941,1563438,1563764,1583161,1583261,19.397000,19.723000
133,10426,10426,68ba940,1733051,1733385,1748717,1748817,15.332000,15.666000
133,8560,8560,6170943,1919051,1919385,1938208,1938308,18.823000,19.157000
133,10997,10997,6af5941,2042051,2042385,2066351,2066450,23.966000,24.300000
133,9000,9000,6328943,2143051,2143377,2148973,2149073,5.596000,5.922000
134,73,73,4049943,24051,24385,44259,44359,19.874000,20.208000
134,59,59,403b942,86051,86385,103616,103716,17.231000,17.565000
134,1870,1870,474e943,124051,124377,134809,134909,10.432000,10.758000
134,1869,1869,474d941,136722,137048,146130,146230,9.082000,9.408000
134,754,754,42f2940,168051,168385,184588,184688,16.203000,16.537000
134,859,859,435b942,196051,196377,222845,222945,26.468000,26.794000
134,1367,1367,4557943,226051,226385,239243,239343,12.858000,13.192000
134,1780,1780,46f4943,226051,226385,245364,245464,18.979000,19.313000
134,3103,3103,4c1f941,257051,257376,269952,270052,12.576000,12.901000
134,1695,1695,469f942,231051,231385,274167,274267,42.782000,43.116000
134,1658,1658,467a943,255778,256104,280964,281064,24.860000,25.186000
134,2207,2207,489f940,270051,270385,285192,285292,14.807000,15.141000
134,1298,1298,4512942,402051,402385,414092,414192,11.707000,12.041000
134,1284,1284,4504943,529051,529377,545492,545592,16.115000,16.441000
134,4203,4203,506b941,594051,594385,599131,599231,4.746000,5.080000
134,6135,6135,57f7942,600051,600377,609428,609528,9.051000,9.377000
134,6683,6683,5a1b941,692051,692377,720221,720321,27.844000,28.170000
134,5587,5587,55d3940,800051,800377,815720,815820,15.343000,15.669000
134,2864,2864,4b30942,819721,820047,832233,832333,12.186000,12.512000
134,3737,3737,4e99940,894051,894377,901305,901405,6.928000,7.254000
134,4304,4304,50d0943,903051,903385,909011,909111,5.626000,5.960000
134,5220,5220,5464941,935424,935750,943988,944088,8.238000,8.564000
134,4584,4584,51e8941,988051,988377,1005390,1005490,17.013000,17.339000
134,9094,9094,6386942,1065410,1065736,1070412,1070512,4.676000,5.002000
134,5281,5281,54a1942,1052051,1052377,1074611,1074711,22.234000,22.560000
134,8447,8447,60ff940,1228051,1228385,1249701,1249801,21.316000,21.650000
134,6032,6032,5790943,1250051,1250377,1262986,1263086,12.609000,12.935000
134,10638,10638,698e942,1282647,1282981,1303146,1303246,20.165000,20.499000
134,8636,8636,61bc941,1375051,1375377,1401313,1401413,25.936000,26.262000
134,8253,8253,603d941,1463051,1463385,1475715,1475815,12.330000,12.664000
134,9969,9969,66f1941,1689051,1689385,1699445,1699545,10.060000,10.394000
134,8384,8384,60c0942,1716051,1716377,1722845,1722945,6.468000,6.794000
134,9335,9335,6477940,1706051,1706377,1728319,1728419,21.942000,22.268000
134,10932,10932,6ab4942,1908051,1908385,1922865,1922965,14.480000,14.814000
134,10677,10677,69b5941,2102051,2102377,2109754,2109854,7.377000,7.703000
134,9264,9264,6430941,2309051,2309385,2319069,2319169,9.684000,10.018000
135,537,537,4219941,44051,44377,61245,61345,16.868000,17.194000
135,1246,1246,44de942,78579,78905,96969,97069,18.064000,18.390000
135,385,385,4181940,85051,85385,101163,101263,15.778000,16.112000
135,1190,1190,44a6943,107051,107377,117436,117536,10.059000,10.385000
135,766,766,42fe941,172051,172377,178668,178768,6.291000,6.617000
135,4321,4321,50e1942,264051,264377,275076,275176,10.699000,11.025000
135,1299,1299,4513943,300051,300385,320008,320108,19.623000,19.957000
135,1097,1097,4449940,327051,327385,341391,341491,14.006000,14.340000
135,3338,3338,4d0a942,333051,333385,345620,345720,12.235000,12.569000
135,1497,1497,45d9941,355051,355385,363052,363152,7.667000,8.001000
135,2402,2402,4962940,393051,393385,419503,419603,26.118000,26.452000
135,1730,1730,46c2943,460051,460385,469477,469577,9.092000,9.426000
135,5474,5474,5562943,582051,582377,595045,595145,12.668000,12.994000
135,3001,3001,4bb9943,596051,596385,605372,605472,8.987000,9.321000
135,6055,6055,57a7943,694051,694385,704352,704452,9.967000,10.301000
135,2738,2738,4ab2940,724051,724385,754753,754853,30.368000,30.702000
135,5769,5769,5689940,721416,721750,765198,765298,43.448000,43.782000
135,3819,3819,4eeb943,819051,819377,839478,839578,20.101000,20.427000
135,7366,7366,5cc6943,847051,847385,855649,855749,8.264000,8.598000
135,3388,3388,4d3c940,847051,847385,871366,871466,23.981000,24.315000
135,7963,7963,5f1b943,936051,936385,941091,941191,4.706000,5.040000
135,8763,8763,623b940,932051,932377,946452,946552,14.075000,14.401000
135,8231,8231,6027941,936051,936385,951794,951894,15.409000,15.743000
135,5095,5095,53e7940,1075051,1075385,1083627,1083727,8.242000,8.576000
135,5186,5186,5442941,1119051,1119385,1142344,1142444,22.959000,23.293000
135,6350,6350,58ce940,1198051,1198377,1205747,1205847,7.370000,7.696000
135,10131,10131,6793943,1200051,1200385,1218357,1218457,17.972000,18.306000
135,9007,9007,632f941,1222051,1222385,1234972,1235072,12.587000,12.921000
135,7150,7150,5bee942,1289051,1289377,1302002,1302102,12.625000,12.951000
135,7543,7543,5d77942,1305395,1305721,1324535,1324635,18.814000,19.140000
135,9552,9552,6550941,1394629,1394955,1412670,1412770,17.715000,18.041000
135,7223,7223,5c37940,1471416,1471750,1482328,1482428,10.578000,10.912000
135,8534,8534,6156943,1536051,1536385,1557507,1557607,21.122000,21.456000
135,10716,10716,69dc940,1594051,1594385,1605372,1605472,10.987000,11.321000
135,9673,9673,65c9943,1647416,1647750,1655198,1655298,7.448000,7.782000
135,9332,9332,6474943,1668051,1668377,1683477,1683577,15.100000,15.426000
135,9523,9523,6533942,1745051,1745385,1754530,1754630,9.145000,9.479000
135,9724,9724,65fc940,1767051,1767377,1783497,1783597,16.120000,16.446000
135,10533,10533,6925940,1779051,1779377,1788896,1788996,9.519000,9.845000
135,7750,7750,5e46941,1956782,1957108,1973665,1973765,16.557000,16.883000
135,9152,9152,63c0940,2004051,2004377,2010866,2010966,6.489000,6.815000
135,10220,10220,67ec943,2089051,2089385,2103454,2103554,14.069000,14.403000
135,9984,9984,6700942,2115051,2115385,2129936,2130036,14.551000,14.885000
135,10897,10897,6a91943,2305051,2305377,2314469,2314569,9.092000,9.418000
136,63,63,403f942,56051,56385,77572,77672,21.187000,21.521000
136,2042,2042,47fa941,117051,117377,137892,137992,20.515000,20.841000
136,240,240,40f0941,152051,152377,157130,157230,4.753000,5.079000
136,3055,3055,4bef943,311051,311385,321891,321991,10.506000,10.840000
136,1391,1391,456f940,323051,323385,338215,338315,14.830000,15.164000
136,4631,4631,5217942,358051,358385,376746,376846,18.361000,18.695000
136,1433,1433,4599942,357051,357385,382251,382351,24.866000,25.200000
136,796,796,431c943,382051,382385,391856,391956,9.471000,9.805000
136,4906,4906,532a943,433051,433377,480710,480810,47.333000,47.659000
136,2618,2618,4a3a943,540051,540377,561950,562050,21.573000,21.899000
136,3180,3180,4c6c941,575051,575377,584871,584971,9.494000,9.820000
136,4880,4880,5310940,617051,617385,624663,624763,7.278000,7.612000
136,6560,6560,59a0941,667051,667377,673865,673965,6.488000,6.814000
136,2026,2026,47ea940,711418,711752,724457,724557,12.705000,13.039000
136,5629,5629,55fd941,804051,804377,815188,815288,10.811000,11.137000
136,6038,6038,5796942,813051,813377,878140,878240,64.763000,65.089000
136,5603,5603,55e3942,888395,888721,900007,900107,11.286000,11.612000
136,2692,2692,4a84941,888051,888385,905148,905248,16.763000,17.097000
136,4853,4853,52f5942,911051,911385,926537,926637,15.152000,15.486000
136,5763,5763,5683941,972051,972377,990373,990473,17.996000,18.322000
136,5650,5650,5612940,1138051,1138385,1150150,1150250,11.765000,12.099000
136,7864,7864,5eb8940,1240051,1240377,1247758,1247858,7.381000,7.707000
136,9602,9602,6582943,1260439,1260773,1274419,1274519,13.646000,13.980000
136,8644,8644,61c4942,1307051,1307377,1317260,1317360,9.883000,10.209000
136,8125,8125,5fbd942,1313051,1313377,1333735,1333835,20.358000,20.684000
136,7708,7708,5e1c941,1316051,1316377,1339224,1339324,22.847000,23.173000
136,10047,10047,673f943,1400051,1400385,1441563,1441663,41.178000,41.512000
136,10615,10615,6977942,1569051,1569385,1578551,1578651,9.166000,9.500000
136,9727,9727,65ff941,1588051,1588377,1613075,1613175,24.698000,25.024000
136,8975,8975,630f940,1749051,1749377,1767975,1768075,18.598000,18.924000
136,10520,10520,6918943,1794051,1794385,1806120,1806220,11.735000,12.069000
136,10913,10913,6aa1940,1818051,1818377,1831053,1831153,12.676000,13.002000
136,10776,10776,6a18942,1986051,1986385,1995504,1995604,9.119000,9.453000
136,10141,10141,679d942,2062051,2062385,2072390,2072490,10.005000,10.339000
136,8899,8899,62c3943,2090051,2090377,2101227,2101327,10.850000,11.176000
136,10942,10942,6abe943,2269051,2269385,2277645,2277745,8.260000,8.594000
136,10962,10962,6ad2942,2400051,2400377,2410447,2410547,10.070000,10.396000
137,72,72,4048942,23051,23385,30774,30874,7.389000,7.723000
137,189,189,40bd940,23051,23385,41406,41506,18.021000,18.355000
137,1005,1005,43ed940,35051,35385,49183,49283,13.798000,14.132000
137,212,212,40d4941,59051,59385,80410,80510,21.025000,21.359000
137,96,96,4060942,121051,121385,130521,130622,9.136000,9.470000
137,2077,2077,481d942,137417,137743,154076,154176,16.333000,16.659000
137,495,495,41ef943,172051,172385,185084,185184,12.699000,13.033000
137,3654,3654,4e46941,260051,260385,277528,277628,17.143000,17.477000
137,3101,3101,4c1d941,301051,301385,306145,306245,4.760000,5.094000
137,2454,2454,4996943,334051,334377,352476,352576,18.099000,18.425000
137,876,876,436c943,391225,391559,401568,401668,10.009000,10.343000
137,912,912,4390940,401051,401385,406982,407082,5.597000,5.931000
137,1064,1064,4428940,395051,395385,421443,421543,26.058000,26.392000
137,1323,1323,452b943,435051,435377,450230,450330,14.853000,15.179000
137,3333,3333,4d05940,483395,483721,504685,504785,20.964000,21.290000
137,1753,1753,46d9940,480051,480377,510156,510256,29.779000,30.105000
137,5323,5323,54cb942,557051,557377,563870,563970,6.493000,6.819000
137,6577,6577,59b1940,606051,606377,640363,640463,33.986000,34.312000
137,4683,4683,524b943,656051,656377,686669,686769,30.292000,30.618000
137,3944,3944,4f68940,687474,687800,698762,698862,10.962000,11.288000
137,4637,4637,521d940,682051,682385,702935,703035,20.550000,20.884000
137,6918,6918,5b06941,740051,740377,745951,746051,5.574000,5.900000
137,4485,4485,5185940,795051,795377,805984,806084,10.607000,10.933000
137,4219,4219,507b940,805809,806143,818063,818163,11.920000,12.254000
137,4497,4497,5191942,823051,823377,835751,835851,12.374000,12.700000
137,7051,7051,5b8b943,866051,866377,897310,897410,30.933000,31.259000
137,7198,7198,5c1e942,886051,886377,908185,908285,21.808000,22.134000
137,6719,6719,5a3f943,902453,902779,913762,913862,10.983000,11.309000
137,5475,5475,5563942,1026051,1026377,1048980,1049080,22.603000,22.929000
137,7418,7418,5cfa943,1036051,1036385,1070846,1070946,34.461000,34.795000
137,6539,6539,598b940,1028051,1028385,1076343,1076443,47.958000,48.292000
137,6268,6268,587c940,1068051,1068385,1098501,1098601,30.116000,30.450000
137,5300,5300,54b4940,1119143,1119469,1131387,1131487,11.918000,12.244000
137,10296,10296,6838943,1266923,1267249,1308156,1308256,40.907000,41.233000
137,9880,9880,6698943,1392051,1392377,1419009,1419109,26.632000,26.958000
137,10561,10561,6941943,1619051,1619385,1626775,1626875,7.390000,7.724000
137,10902,10902,6a96940,1787051,1787385,1810978,1811078,23.593000,23.927000
137,10314,10314,684a943,2141051,2141385,2150612,2150712,9.227000,9.561000
137,10200,10200,67d8942,2245051,2245377,2255412,2255512,10.035000,10.361000
138,246,246,40f6941,47339,47673,56122,56222,8.449000,8.783000
138,661,661,4295940,80051,80385,109333,109433,28.948000,29.282000
138,3027,3027,4bd3941,124051,124377,137153,137253,12.776000,13.102000
138,1462,1462,45b6942,116737,117063,141343,141443,24.280000,24.606000
138,279,279,4117942,154051,154377,164347,164447,9.970000,10.296000
138,2185,2185,4889943,206051,206377,213697,213797,7.320000,7.646000
138,2677,2677,4a75942,236051,236385,248945,249045,12.560000,12.894000
138,1101,1101,444d941,277051,277377,302367,302467,24.990000,25.316000
138,1538,1538,4602940,341051,341385,366197,366297,24.812000,25.146000
138,3044,3044,4be4943,362051,362377,397861,397961,35.484000,35.810000
138,3099,3099,4c1b943,457051,457385,465688,465788,8.303000,8.637000
138,2826,2826,4b0a942,463051,463377,477750,477850,14.373000,14.699000
138,2781,2781,4add940,476051,476377,495553,495653,19.176000,19.502000
138,5047,5047,53b7942,544051,544385,549951,550051,5.566000,5.900000
138,3745,3745,4ea1943,582051,582377,595848,595948,13.471000,13.797000
138,3562,3562,4dea942,585051,585385,601311,601411,15.926000,16.260000
138,4992,4992,5380941,789402,789736,806301,806401,16.565000,16.899000
138,5693,5693,563d942,797051,797385,813482,813582,16.097000,16.431000
138,4458,4458,516a941,902051,902377,917943,918043,15.566000,15.892000
138,4633,4633,5219940,894051,894385,923409,923509,29.024000,29.358000
138,6074,6074,57ba941,976051,976377,983237,983337,6.860000,7.186000
138,6301,6301,589d941,1004051,1004377,1011711,1011811,7.334000,7.660000
138,8740,8740,6224941,1206051,1206377,1213867,1213967,7.490000,7.816000
138,4476,4476,517c943,1220051,1220385,1228681,1228781,8.296000,8.630000
138,6003,6003,5773940,1310051,1310385,1317744,1317844,7.359000,7.693000
138,9346,9346,6482943,1311051,1311377,1323225,1323325,11.848000,12.174000
138,6773,6773,5a75941,1351051,1351377,1375913,1376013,24.536000,24.862000
138,5849,5849,56d9943,1374051,1374377,1381222,1381322,6.845000,7.171000
138,8285,8285,605d940,1428051,1428377,1440147,1440247,11.770000,12.096000
138,10105,10105,6779943,1426846,1427172,1445650,1445750,18.478000,18.804000
138,5523,5523,5593943,1460308,1460634,1502801,1502901,42.167000,42.493000
138,10492,10492,68fc941,1548051,1548377,1560101,1560201,11.724000,12.050000
138,7798,7798,5e76941,1599051,1599377,1617748,1617848,18.371000,18.697000
138,10194,10194,67d2941,1641051,1641385,1652905,1653005,11.520000,11.854000
138,10318,10318,684e940,1911051,1911385,1921472,1921572,10.087000,10.421000
138,8349,8349,609d941,2121051,2121377,2128813,2128913,7.436000,7.762000
138,10160,10160,67b0941,2164051,2164377,2181567,2181667,17.190000,17.516000
138,10904,10904,6a98941,2182051,2182385,2195098,2195198,12.713000,13.047000
138,7683,7683,5e03941,2619051,2619377,2632185,2632285,12.808000,13.134000
139,28,28,401c943,22051,22385,33370,33470,10.985000,11.319000
139,89,89,4059942,50051,50377,63629,63729,13.252000,13.578000
139,302,302,412e941,100051,100377,110488,110588,10.111000,10.437000
139,428,428,41ac943,156051,156385,170492,170592,14.107000,14.441000
139,1115,1115,445b942,184594,184920,189702,189802,4.782000,5.108000
139,1442,1442,45a2941,243051,243377,261409,261508,18.032000,18.358000
139,2116,2116,4844943,335051,335385,347201,347301,11.816000,12.150000
139,1003,1003,43eb942,443051,443385,453365,453465,9.980000,10.314000
139,2280,2280,48e8942,450051,450385,459580,459680,9.195000,9.529000
139,2478,2478,49ae941,485051,485385,498758,498858,13.373000,13.707000
139,5615,5615,55ef941,512050,512385,519733,519833,7.348000,7.683000
139,4075,4075,4feb943,520050,520385,533951,534051,13.566000,13.901000
139,1894,1894,4766940,598051,598377,605706,605806,7.329000,7.655000
139,2662,2662,4a66942,592051,592385,616056,616156,23.671000,24.005000
139,4870,4870,5306942,672051,672377,680626,680726,8.249000,8.575000
139,3798,3798,4ed6942,686051,686385,699081,699181,12.696000,13.030000
139,4090,4090,4ffa943,721051,721385,732493,732593,11.108000,11.442000
139,2283,2283,48eb941,752051,752385,767759,767859,15.374000,15.708000
139,6139,6139,57fb941,774051,774377,789662,789762,15.285000,15.611000
139,6013,6013,577d941,814051,814385,830972,831072,16.587000,16.921000
139,3245,3245,4cad941,858051,858385,869601,869701,11.216000,11.550000
139,4426,4426,514a940,841051,841377,880656,880756,39.279000,39.605000
139,3468,3468,4d8c942,951051,951377,972542,972642,21.165000,21.491000
139,7184,7184,5c10942,1095051,1095385,1102482,1102582,7.097000,7.431000
139,4706,4706,5262941,1115051,1115385,1128766,1128866,13.381000,13.715000
139,5336,5336,54d8940,1168051,1168385,1177460,1177560,9.075000,9.409000
139,7677,7677,5dfd940,1265051,1265385,1285632,1285732,20.247000,20.581000
139,9768,9768,6628943,1297051,1297385,1320866,1320966,23.481000,23.815000
139,9791,9791,663f941,1315051,1315385,1332518,1332618,17.133000,17.467000
139,7630,7630,5dce943,1396051,1396377,1401138,1401238,4.761000,5.087000
139,9467,9467,64fb940,1442093,1442419,1469564,1469664,27.145000,27.471000
139,7154,7154,5bf2940,1466051,1466377,1477243,1477343,10.866000,11.192000
139,10234,10234,67fa943,1657051,1657377,1670279,1670379,12.902000,13.228000
139,9740,9740,660c942,1652051,1652385,1674528,1674628,22.143000,22.477000
139,10598,10598,6966940,1827051,1827385,1836521,1836621,9.136000,9.470000
139,9745,9745,6611941,2302051,2302385,2308894,2308994,6.509000,6.843000
140,350,350,415e941,54051,54385,77879,77979,23.494000,23.828000
140,465,465,41d1941,193410,193736,202912,203012,9.176000,9.502000
140,1363,1363,4553940,210425,210759,219856,219956,9.097000,9.431000
140,1198,1198,44ae941,257051,257385,265770,265870,8.385000,8.719000
140,1042,1042,4412940,297051,297377,302227,302327,4.850000,5.176000
140,723,723,42d3940,300051,300385,323905,324005,23.520000,23.854000
140,3624,3624,4e28943,306051,306377,340261,340361,33.884000,34.210000
140,1437,1437,459d942,342051,342377,355139,355239,12.762000,13.088000
140,4183,4183,5057942,390051,390385,411905,412005,21.520000,21.854000
140,2529,2529,49e1943,386338,386672,442654,442754,55.982000,56.316000
140,2012,2012,47dc941,438051,438377,464542,464642,26.165000,26.491000
140,3118,3118,4c2e943,539713,540039,557606,557706,17.567000,17.893000
140,2569,2569,4a09941,541051,541377,561883,561983,20.506000,20.832000
140,4859,4859,52fb940,701051,701377,711344,711444,9.967000,10.293000
140,4288,4288,50c0940,690051,690377,724019,724119,33.642000,33.968000
140,4265,4265,50a9941,792106,792432,800842,800942,8.410000,8.736000
140,7422,7422,5cfe942,790339,790665,833367,833467,42.702000,43.028000
140,5286,5286,54a6941,814051,814385,838816,838916,24.431000,24.765000
140,5480,5480,5568942,883051,883385,889854,889954,6.469000,6.803000
140,7490,7490,5d42943,860418,860752,894096,894196,33.344000,33.678000
140,4817,4817,52d1943,992051,992385,1001457,1001557,9.072000,9.406000
140,3757,3757,4ead943,1008051,1008385,1014797,1014897,6.412000,6.746000
140,6287,6287,588f942,1106051,1106385,1120630,1120730,14.245000,14.579000
140,5584,5584,55d0943,1151051,1151385,1166010,1166110,14.625000,14.959000
140,5449,5449,5549943,1237051,1237377,1248407,1248507,11.030000,11.356000
140,7434,7434,5d0a943,1253051,1253377,1263831,1263931,10.454000,10.780000
140,4490,4490,518a943,1310051,1310377,1320420,1320520,10.043000,10.369000
140,7984,7984,5f30941,1373051,1373377,1378111,1378211,4.734000,5.060000
140,8078,8078,5f8e940,1399051,1399385,1404959,1405059,5.574000,5.908000
140,10759,10759,6a07940,1477051,1477377,1484713,1484813,7.336000,7.662000
140,10443,10443,68cb943,1542051,1542385,1547070,1547170,4.685000,5.019000
140,5813,5813,56b5940,1702051,1702377,1718648,1718748,16.271000,16.597000
140,6887,6887,5ae7941,1729051,1729385,1762427,1762527,33.042000,33.376000
140,8524,8524,614c942,1897051,1897377,1909140,1909240,11.763000,12.089000
140,10188,10188,67cc942,2044051,2044385,2052604,2052704,8.219000,8.553000
140,10548,10548,6934943,2061051,2061385,2073947,2074046,12.562000,12.896000
140,10427,10427,68bb941,2121051,2121377,2139829,2139929,18.452000,18.778000
140,9982,9982,66fe941,2139051,2139385,2158227,2158327,18.842000,19.176000
140,10148,10148,67a4940,2182051,2182385,2196869,2196969,14.484000,14.818000
140,10278,10278,6826940,2301051,2301385,2315412,2315512,14.027000,14.361000
141,35,35,4023942,33051,33377,49105,49205,15.728000,16.054000
141,48,48,4030942,37051,37385,73021,73121,35.636000,35.970000
141,603,603,425b941,130051,130377,144122,144222,13.745000,14.071000
141,519,519,4207941,165051,165385,171660,171760,6.275000,6.609000
141,873,873,4369941,183051,183385,190777,190877,7.392000,7.726000
141,840,840,4348942,231051,231385,254642,254742,23.257000,23.591000
141,576,576,4240940,250051,250385,260034,260133,9.649000,9.983000
141,1862,1862,4746941,340051,340377,356739,356839,16.362000,16.688000
141,2869,2869,4b35943,348051,348377,383977,384077,35.600000,35.926000
141,7706,7706,5e1a941,422051,422385,433272,433372,10.887000,11.221000
141,3576,3576,4df8943,437051,437385,449606,449706,12.221000,12.555000
141,3022,3022,4bce940,570051,570377,596742,596842,26.365000,26.691000
141,4268,4268,50ac941,596051,596385,618364,618464,21.979000,22.313000
141,3657,3657,4e49942,641051,641377,653931,654031,12.554000,12.880000
141,6788,6788,5a84941,704132,704458,719759,719859,15.301000,15.627000
141,4045,4045,4fcd943,754051,754377,780710,780810,26.333000,26.659000
141,3150,3150,4c4e942,794051,794377,813557,813657,19.180000,19.506000
141,2966,2966,4b96942,812051,812377,828633,828733,16.256000,16.582000
141,4417,4417,5141940,793051,793377,838195,838295,44.818000,45.144000
141,5152,5152,5420941,837051,837377,843879,843979,6.502000,6.828000
141,6962,6962,5b32943,824051,824377,849271,849371,24.894000,25.220000
141,7018,7018,5b6a942,831726,832052,873109,873209,41.057000,41.383000
141,5102,5102,53ee942,969051,969385,979403,979503,10.018000,10.352000
141,9537,9537,6541942,1135051,1135385,1157527,1157627,22.142000,22.476000
141,7581,7581,5d9d940,1142051,1142385,1168349,1168449,25.964000,26.298000
141,4658,4658,5232942,1181051,1181385,1187854,1187954,6.469000,6.803000
141,6313,6313,58a9943,1317051,1317377,1346910,1347010,29.533000,29.859000
141,8982,8982,6316943,1341431,1341757,1351108,1351208,9.351000,9.677000
141,5503,5503,557f943,1337051,1337385,1355253,1355353,17.868000,18.202000
141,9079,9079,6377943,1365485,1365819,1373121,1373221,7.302000,7.636000
141,8664,8664,61d8940,1384051,1384385,1401787,1401887,17.402000,17.736000
141,8752,8752,6230943,1396051,1396385,1418375,1418475,21.990000,22.324000
141,6665,6665,5a09941,1409051,1409377,1429180,1429280,19.803000,20.129000
141,9573,9573,6565940,1423051,1423385,1456566,1456666,33.181000,33.515000
141,8124,8124,5fbc943,1481051,1481385,1536610,1536710,55.225000,55.559000
141,7724,7724,5e2c942,1598051,1598377,1603130,1603230,4.753000,5.079000
141,8009,8009,5f49942,1631395,1631729,1636584,1636684,4.855000,5.189000
141,9563,9563,655b942,1664051,1664385,1676108,1676208,11.723000,12.057000
141,9309,9309,645d940,1678051,1678377,1696413,1696513,18.036000,18.362000
141,7769,7769,5e59940,1705409,1705743,1710437,1710537,4.694000,5.028000
141,8019,8019,5f53941,1705051,1705385,1715360,1715460,9.975000,10.309000
141,10409,10409,68a9941,1703051,1703385,1725033,1725133,21.648000,21.982000
141,6781,6781,5a7d941,1712051,1712377,1733877,1733977,21.500000,21.826000
141,5628,5628,55fc941,1759051,1759377,1772613,1772713,13.236000,13.562000
141,7907,7907,5ee3943,1884051,1884377,1890035,1890135,5.658000,5.984000
141,9498,9498,651a943,2309395,2309721,2327066,2327166,17.345000,17.671000
142,1438,1438,459e942,163051,163385,181762,181862,18.377000,18.711000
142,242,242,40f2941,186395,186721,263947,264047,77.226000,77.552000
142,3903,3903,4f3f941,240416,240750,268176,268276,27.426000,27.760000
142,1997,1997,47cd941,296051,296377,309239,309339,12.862000,13.188000
142,3370,3370,4d2a943,322051,322385,331460,331560,9.075000,9.409000
142,1957,1957,47a5940,358051,358377,373828,373928,15.451000,15.777000
142,959,959,43bf941,396051,396377,419026,419126,22.649000,22.975000
142,4350,4350,50fe943,416912,417246,423198,423298,5.952000,6.286000
142,5147,5147,541b943,422051,422385,433372,433472,10.987000,11.321000
142,3703,3703,4e77940,646051,646377,664489,664589,18.112000,18.438000
142,4622,4622,520e941,714051,714385,723405,723505,9.020000,9.354000
142,5339,5339,54db941,791051,791385,811665,811765,20.280000,20.614000
142,4099,4099,5003940,806051,806385,817401,817501,11.016000,11.350000
142,9945,9945,66d9941,829051,829377,842143,842243,12.766000,13.092000
142,5859,5859,56e3941,838051,838377,857109,857209,18.732000,19.058000
142,7707,7707,5e1b943,861051,861377,872174,872274,10.797000,11.123000
142,4175,4175,504f941,956051,956385,962003,962103,5.618000,5.952000
142,6789,6789,5a85943,958453,958779,969824,969924,11.045000,11.371000
142,3809,3809,4ee1942,978051,978377,991160,991260,12.783000,13.109000
142,7290,7290,5c7a942,988051,988377,1000066,1000166,11.689000,12.015000
142,6245,6245,5865940,1041051,1041385,1053368,1053468,11.983000,12.317000
142,9656,9656,65b8942,1069075,1069409,1106748,1106848,37.339000,37.673000
142,9599,9599,657f943,1097051,1097385,1110915,1111015,13.530000,13.864000
142,7228,7228,5c3c941,1101051,1101385,1121729,1121829,20.344000,20.678000
142,8428,8428,60ec942,1204051,1204377,1222142,1222242,17.765000,18.091000
142,6734,6734,5a4e940,1360051,1360385,1384621,1384721,24.236000,24.570000
142,10620,10620,697c943,1409051,1409385,1416741,1416841,7.356000,7.690000
142,6417,6417,5911943,1423051,1423385,1428112,1428212,4.727000,5.061000
142,6203,6203,583b943,1405051,1405385,1432323,1432423,26.938000,27.272000
142,9077,9077,6375941,1414429,1414763,1436508,1436608,21.745000,22.079000
142,9757,9757,661d943,1426051,1426385,1441870,1441970,15.485000,15.819000
142,7756,7756,5e4c942,1488051,1488385,1503328,1503428,14.943000,15.277000
142,9635,9635,65a3943,1515051,1515385,1540175,1540275,24.790000,25.124000
142,7110,7110,5bc6942,1528051,1528377,1551055,1551155,22.678000,23.004000
142,7288,7288,5c78940,1607051,1607385,1618650,1618750,11.265000,11.599000
142,10797,10797,6a2d942,1723051,1723377,1747290,1747390,23.913000,24.239000
142,7612,7612,5dbc942,1825051,1825385,1847314,1847414,21.929000,22.263000
142,10028,10028,672c941,1853051,1853385,1861054,1861154,7.669000,8.003000
142,7753,7753,5e49941,1965051,1965377,1971001,1971101,5.624000,5.950000
142,7855,7855,5eaf943,2122051,2122377,2143722,2143822,21.345000,21.671000
142,10499,10499,6903942,2198051,2198377,2208394,2208494,10.017000,10.343000
142,10840,10840,6a58942,2320051,2320377,2330370,2330470,9.993000,10.319000
143,93,93,405d943,197051,197385,206507,206607,9.122000,9.456000
143,1677,1677,468d943,183051,183377,210705,210805,27.328000,27.654000
143,985,985,43d9940,195051,195377,216075,216175,20.698000,21.024000
143,1107,1107,4453941,247051,247377,291788,291888,44.411000,44.737000
143,1354,1354,454a940,340076,340410,359159,359259,18.749000,19.083000
143,1533,1533,45fd941,323416,323742,364745,364845,41.003000,41.329000
143,3478,3478,4d96940,334051,334385,376646,376746,42.261000,42.595000
143,1039,1039,440f943,354051,354385,380814,380914,26.429000,26.763000
143,2118,2118,4846943,377051,377385,388260,388360,10.875000,11.209000
143,3342,3342,4d0e940,455051,455385,461841,461941,6.456000,6.790000
143,2889,2889,4b49941,486051,486385,496806,496906,10.421000,10.755000
143,6126,6126,57ee941,622051,622377,660737,660837,38.360000,38.686000
143,1898,1898,476a943,674051,674377,701583,701683,27.206000,27.532000
143,3217,3217,4c91940,696051,696385,708041,708141,11.656000,11.990000
143,3591,3591,4e07941,738051,738377,767621,767721,29.244000,29.570000
143,4200,4200,5068941,761051,761377,786648,786748,25.271000,25.597000
143,6971,6971,5b3b942,848051,848377,862555,862655,14.178000,14.504000
143,3020,3020,4bcc940,907051,907385,925135,925235,17.750000,18.084000
143,8028,8028,5f5c941,992051,992377,1012030,1012130,19.653000,19.979000
143,3375,3375,4d2f943,1026051,1026385,1044325,1044425,17.940000,18.274000
143,5568,5568,55c0942,1035051,1035385,1060815,1060915,25.430000,25.764000
143,7241,7241,5c49943,1061051,1061385,1085785,1085885,24.400000,24.734000
143,6535,6535,5987943,1138051,1138377,1164660,1164760,26.283000,26.609000
143,4475,4475,517b942,1192051,1192377,1197081,1197181,4.704000,5.030000
143,8081,8081,5f91942,1182152,1182486,1205510,1205610,23.024000,23.358000
143,7040,7040,5b80940,1277051,1277377,1297034,1297134,19.657000,19.983000
143,7629,7629,5dcd940,1356051,1356377,1364536,1364636,8.159000,8.485000
143,9063,9063,6367943,1408051,1408385,1413962,1414062,5.577000,5.911000
143,6854,6854,5ac6940,1401051,1401377,1434614,1434714,33.237000,33.563000
143,10201,10201,67d9942,1535051,1535377,1544418,1544518,9.041000,9.367000
143,9784,9784,6638940,1558051,1558385,1578082,1578182,19.697000,20.031000
143,9074,9074,6372940,1613051,1613385,1620734,1620834,7.349000,7.683000
143,7461,7461,5d25941,1761051,1761377,1770488,1770588,9.111000,9.437000
143,9638,9638,65a6942,1978051,1978377,1984011,1984111,5.634000,5.960000
143,10935,10935,6ab7940,2067051,2067377,2081871,2081970,14.494000,14.820000
144,1709,1709,46ad943,53051,53377,69597,69697,16.220000,16.546000
144,1061,1061,4425942,70051,70377,103685,103785,33.308000,33.634000
144,709,709,42c5943,83699,84033,125516,125616,41.483000,41.817000
144,393,393,4189941,124395,124721,134748,134848,10.027000,10.353000
144,401,401,4191941,148051,148385,163242,163342,14.857000,15.191000
144,845,845,434d940,189051,189377,196294,196394,6.917000,7.243000
144,295,295,4127941,171051,171377,201686,201786,30.309000,30.635000
144,135,135,4087941,238051,238377,254743,254843,16.366000,16.692000
144,1587,1587,4633940,243503,243837,263669,263769,19.832000,20.166000
144,1406,1406,457e942,343051,343377,358234,358334,14.857000,15.183000
144,2235,2235,48bb942,392051,392377,409607,409707,17.230000,17.556000
144,3869,3869,4f1d943,420051,420377,442766,442866,22.389000,22.715000
144,2397,2397,495d940,485051,485385,512531,512632,27.146000,27.480000
144,4062,4062,4fde942,519050,519377,540548,540648,21.171000,21.498000
144,4806,4806,52c6942,517415,517742,551345,551445,33.603000,33.930000
144,2016,2016,47e0940,544416,544742,557257,557357,12.515000,12.841000
144,2770,2770,4ad2940,612051,612385,638553,638653,26.168000,26.502000
144,5302,5302,54b6941,634051,634377,643475,643575,9.098000,9.424000
144,4678,4678,5246941,706051,706377,726486,726586,20.109000,20.435000
144,6404,6404,5904943,750051,750377,756909,757009,6.532000,6.858000
144,2866,2866,4b32941,726051,726377,764545,764645,38.168000,38.494000
144,3967,3967,4f7f941,774051,774377,791845,791945,17.468000,17.794000
144,4302,4302,50ce942,854051,854377,872474,872574,18.097000,18.423000
144,5560,5560,55b8942,917051,917377,927325,927425,9.948000,10.274000
144,8546,8546,6162943,976051,976377,990917,991017,14.540000,14.866000
144,6748,6748,5a5c941,1056051,1056377,1093382,1093482,37.005000,37.331000
144,7188,7188,5c14942,1080051,1080385,1097565,1097665,17.180000,17.514000
144,5241,5241,5479940,1110051,1110377,1137292,1137392,26.915000,27.241000
144,5767,5767,5687942,1132371,1132705,1142844,1142944,10.139000,10.473000
144,6587,6587,59bb940,1134051,1134385,1157523,1157623,23.138000,23.472000
144,8943,8943,62ef942,1162051,1162377,1176751,1176851,14.374000,14.700000
144,6144,6144,5800940,1229051,1229385,1238432,1238532,9.047000,9.381000
144,7396,7396,5ce4940,1242051,1242377,1286407,1286507,44.030000,44.356000
144,8312,8312,6078943,1262051,1262385,1298602,1298702,36.217000,36.551000
144,7177,7177,5c09941,1290051,1290377,1304102,1304202,13.725000,14.051000
144,9039,9039,634f940,1299051,1299377,1315182,1315282,15.805000,16.131000
144,7851,7851,5eab940,1318051,1318385,1326190,1326290,7.805000,8.139000
144,5486,5486,556e941,1368051,1368377,1389925,1390025,21.548000,21.874000
144,8543,8543,615f942,1420051,1420385,1426866,1426966,6.481000,6.815000
144,8392,8392,60c8940,1467051,1467377,1475596,1475696,8.219000,8.545000
144,7327,7327,5c9f942,1476051,1476377,1506327,1506427,29.950000,30.276000
144,8934,8934,62e6940,1562051,1562385,1577841,1577941,15.456000,15.790000
144,10219,10219,67eb943,1662051,1662377,1676872,1676972,14.495000,14.821000
144,8107,8107,5fab940,1747051,1747385,1760990,1761090,13.605000,13.939000
144,9762,9762,6622942,1840051,1840377,1851339,1851439,10.962000,11.288000
144,10687,10687,69bf940,1842424,1842750,1855488,1855588,12.738000,13.064000
144,8586,8586,618a942,1972051,1972385,1981783,1981883,9.398000,9.732000
144,10481,10481,68f1942,2231051,2231377,2257344,2257444,25.967000,26.293000
144,10007,10007,6717942,2254051,2254377,2261554,2261654,7.177000,7.503000
145,423,423,41a7943,66051,66377,72025,72125,5.648000,5.974000
145,769,769,4301940,84358,84684,110399,110499,25.715000,26.041000
145,1033,1033,4409942,135402,135736,157207,157307,21.471000,21.805000
145,1803,1803,470b941,204051,204377,229274,229374,24.897000,25.223000
145,750,750,42ee943,242051,242377,251985,252085,9.608000,9.934000
145,1320,1320,4528941,248051,248385,266972,267072,18.587000,18.921000
145,1691,1691,469b941,271051,271385,279716,279816,8.331000,8.665000
145,1297,1297,4511940,277446,277780,287872,287972,10.092000,10.426000
145,2764,2764,4acc942,310051,310385,326440,326540,16.055000,16.389000
145,2396,2396,495c943,466051,466377,472906,473006,6.529000,6.855000
145,4110,4110,500e940,465051,465385,478299,478399,12.914000,13.248000
145,4367,4367,510f940,506051,506385,511100,511200,4.715000,5.049000
145,2997,2997,4bb5943,595051,595377,610516,610616,15.139000,15.465000
145,5357,5357,54ed941,592051,592385,615425,615525,23.040000,23.374000
145,4745,4745,5289942,695395,695721,711150,711250,15.429000,15.755000
145,5562,5562,55ba941,732051,732385,737951,738051,5.566000,5.900000
145,5139,5139,5413940,704051,704377,742228,742328,37.851000,38.177000
145,7172,7172,5c04943,790051,790377,802998,803098,12.621000,12.947000
145,5492,5492,5574940,856051,856385,874313,874413,17.928000,18.262000
145,5351,5351,54e7941,987051,987377,994828,994928,7.451000,7.777000
145,6590,6590,59be943,1011051,1011377,1019602,1019702,8.225000,8.551000
145,7792,7792,5e70941,1056051,1056377,1074549,1074649,18.172000,18.498000
145,4854,4854,52f6943,1123051,1123377,1141066,1141166,17.689000,18.015000
145,6200,6200,5838942,1248051,1248385,1267110,1267210,18.725000,19.059000
145,4010,4010,4faa940,1346051,1346385,1359190,1359290,12.805000,13.139000
145,9254,9254,6426943,1400051,1400385,1420300,1420400,19.915000,20.249000
145,7827,7827,5e93940,1461051,1461385,1467434,1467534,6.049000,6.383000
145,8273,8273,6051940,1480395,1480729,1504567,1504667,23.838000,24.172000
145,7813,7813,5e85940,1499051,1499377,1512405,1512505,13.028000,13.354000
145,10274,10274,6822943,1486051,1486377,1517027,1517127,30.650000,30.976000
145,9406,9406,64be940,1550424,1550750,1573306,1573406,22.556000,22.882000
145,8836,8836,6284941,1678051,1678385,1685804,1685904,7.419000,7.753000
145,8526,8526,614e940,1755051,1755377,1762723,1762823,7.346000,7.672000
145,9323,9323,646b942,1900051,1900377,1913898,1913998,13.521000,13.847000
145,10048,10048,6740940,1972560,1972894,1988356,1988456,15.462000,15.796000
145,9183,9183,63df943,2159051,2159385,2165965,2166065,6.580000,6.914000
146,316,316,413c940,35051,35385,50890,50990,15.505000,15.839000
146,560,560,4230943,100051,100377,111261,111361,10.884000,11.210000
146,416,416,41a0941,175051,175385,186304,186404,10.919000,11.253000
146,1675,1675,468b942,230051,230385,256451,256551,26.066000,26.400000
146,2373,2373,4945941,281051,281385,291425,291525,10.040000,10.374000
146,1754,1754,46da943,294051,294385,301712,301812,7.327000,7.661000
146,2807,2807,4af7942,274051,274385,307246,307346,32.861000,33.195000
146,2061,2061,480d940,299051,299385,320398,320498,21.013000,21.347000
146,3189,3189,4c75943,321051,321385,338065,338165,16.680000,17.014000
146,1627,1627,465b943,360051,360377,385045,385145,24.668000,24.994000
146,3553,3553,4de1942,395051,395377,400085,400185,4.708000,5.034000
146,1232,1232,44d0940,396051,396377,405665,405765,9.288000,9.614000
146,1646,1646,466e941,385051,385377,411037,411137,25.660000,25.986000
146,1534,1534,45fe941,453051,453377,469995,470095,16.618000,16.944000
146,2774,2774,4ad6943,490051,490385,511150,511250,20.765000,21.099000
146,4197,4197,5065943,505051,505385,516540,516640,11.155000,11.489000
146,5799,5799,56a7941,560051,560377,568571,568671,8.194000,8.520000
146,2370,2370,4942941,587051,587385,597384,597484,9.999000,10.333000
146,1364,1364,4554943,628051,628385,641136,641236,12.751000,13.085000
146,6519,6519,5977941,685051,685385,699082,699182,13.697000,14.031000
146,3862,3862,4f16941,698051,698377,708387,708487,10.010000,10.336000
146,4294,4294,50c6940,780051,780385,793464,793564,13.079000,13.413000
146,3965,3965,4f7d940,845051,845385,855081,855181,9.696000,10.030000
146,9392,9392,64b0943,858410,858736,878178,878278,19.442000,19.768000
146,7091,7091,5bb3942,884051,884377,900705,900805,16.328000,16.654000
146,7276,7276,5c6c941,899051,899377,906673,906773,7.296000,7.622000
146,4433,4433,5151942,903051,903385,925073,925173,21.688000,22.022000
146,8720,8720,6210941,980051,980377,988568,988668,8.191000,8.517000
146,4322,4322,50e2940,992051,992385,1022039,1022139,29.654000,29.988000
146,8853,8853,6295941,1183051,1183377,1189263,1189363,5.886000,6.212000
146,9775,9775,662f940,1305051,1305385,1315477,1315577,10.092000,10.426000
146,7099,7099,5bbb942,1308051,1308377,1319648,1319748,11.271000,11.597000
146,7170,7170,5c02942,1457051,1457385,1472902,1473002,15.517000,15.851000
146,8851,8851,6293940,1566051,1566377,1576261,1576361,9.884000,10.210000
146,8294,8294,6066942,1572431,1572757,1585473,1585573,12.716000,13.042000
146,10682,10682,69ba940,1630051,1630377,1644859,1644959,14.482000,14.808000
146,10176,10176,67c0940,1642051,1642385,1649024,1649124,6.639000,6.973000
146,7840,7840,5ea0943,1785051,1785377,1791004,1791104,5.627000,5.953000
146,8410,8410,60da942,2321051,2321377,2336733,2336833,15.356000,15.682000
147,359,359,4167941,113486,113820,123017,123117,9.197000,9.531000
147,805,805,4325942,104051,104377,127215,127315,22.838000,23.164000
147,23,23,4017940,145051,145377,150997,151097,5.620000,5.946000
147,308,308,4134940,176051,176385,186607,186707,10.222000,10.556000
147,1999,1999,47cf943,195051,195385,223907,224007,28.522000,28.856000
147,2960,2960,4b90941,178051,178385,242574,242674,64.189000,64.523000
147,3128,3128,4c38940,320051,320385,330476,330576,10.091000,10.425000
147,1713,1713,46b1940,338416,338742,353970,354070,15.228000,15.554000
147,1019,1019,43fb940,354051,354377,367166,367266,12.789000,13.115000
147,2649,2649,4a59943,391250,391576,405267,405367,13.691000,14.017000
147,1542,1542,4606942,422051,422385,432468,432568,10.083000,10.417000
147,4244,4244,5094941,445051,445377,450967,451067,5.590000,5.916000
147,2497,2497,49c1941,499051,499385,507626,507726,8.241000,8.575000
147,2510,2510,49ce940,538051,538385,545768,545868,7.383000,7.717000
147,2859,2859,4b2b942,543051,543377,563221,563321,19.844000,20.170000
147,3121,3121,4c31943,603051,603377,611561,611661,8.184000,8.510000
147,5600,5600,55e0943,676251,676577,714262,714362,37.685000,38.011000
147,4494,4494,518e943,693051,693377,724727,724827,31.350000,31.676000
147,4505,4505,5199941,735439,735765,742372,742472,6.607000,6.933000
147,5157,5157,5425940,796051,796377,828459,828559,32.082000,32.408000
147,5860,5860,56e4942,824051,824377,839381,839481,15.004000,15.330000
147,5427,5427,5533941,819051,819385,849719,849819,30.334000,30.668000
147,5276,5276,549c942,850051,850385,890682,890782,40.297000,40.631000
147,7050,7050,5b8a941,852051,852377,907195,907295,54.818000,55.144000
147,6351,6351,58cf943,895051,895377,921349,921449,25.972000,26.298000
147,3047,3047,4be7940,933051,933377,941746,941846,8.369000,8.695000
147,6769,6769,5a71940,987051,987377,998056,998156,10.679000,11.005000
147,6424,6424,5918940,999051,999377,1008426,1008526,9.049000,9.375000
147,8825,8825,6279941,1012051,1012385,1026423,1026522,14.038000,14.372000
147,6931,6931,5b13943,1123659,1123985,1155088,1155188,31.103000,31.429000
147,5627,5627,55fb943,1187051,1187377,1204378,1204478,17.001000,17.327000
147,6119,6119,57e7940,1234580,1234906,1252662,1252762,17.756000,18.082000
147,9918,9918,66be941,1314051,1314385,1320870,1320970,6.485000,6.819000
147,9952,9952,66e0941,1337051,1337385,1344733,1344833,7.348000,7.682000
147,9783,9783,6637942,1336051,1336385,1350200,1350300,13.815000,14.149000
147,9374,9374,649e940,1406416,1406750,1417828,1417928,11.078000,11.412000
147,10027,10027,672b942,1481051,1481377,1488765,1488865,7.388000,7.714000
147,9472,9472,6500943,1489424,1489750,1501556,1501656,11.806000,12.132000
147,10509,10509,690d940,1518051,1518377,1532929,1533029,14.552000,14.878000
147,10017,10017,6721942,1529051,1529377,1555046,1555146,25.669000,25.995000
147,10944,10944,6ac0941,1593051,1593385,1601585,1601685,8.200000,8.534000
147,10654,10654,699e943,1638051,1638385,1651072,1651172,12.687000,13.021000
147,8787,8787,6253943,1765051,1765377,1780000,1780100,14.623000,14.949000
147,5565,5565,55bd942,1780051,1780385,1795876,1795976,15.491000,15.825000
147,7385,7385,5cd9942,1793051,1793377,1800771,1800871,7.394000,7.720000
147,6495,6495,595f941,1817051,1817377,1838175,1838275,20.798000,21.124000
147,10822,10822,6a46943,2000051,2000385,2011436,2011536,11.051000,11.385000
147,9818,9818,665a942,2083051,2083377,2090769,2090870,7.392000,7.718000
147,10608,10608,6970940,2224409,2224743,2242940,2243040,18.197000,18.531000
147,6286,6286,588e941,2319051,2319377,2339239,2339339,19.862000,20.188000
148,182,182,40b6943,59051,59377,100052,100152,40.675000,41.001000
148,1905,1905,4771942,143051,143385,150795,150895,7.410000,7.744000
148,229,229,40e5940,161481,161815,201921,202021,40.106000,40.440000
148,775,775,4307943,198051,198385,233201,233301,34.816000,35.150000
148,1445,1445,45a5941,304051,304385,323687,323787,19.302000,19.636000
148,1395,1395,4573940,295051,295377,340160,340260,44.783000,45.109000
148,3387,3387,4d3b943,476051,476377,502619,502719,26.242000,26.568000
148,4804,4804,52c4943,496051,496385,506790,506890,10.405000,10.739000
148,5307,5307,54bb942,579051,579385,590959,591059,11.574000,11.908000
148,4331,4331,50eb943,648051,648385,684876,684976,36.491000,36.825000
148,2535,2535,49e7940,674051,674377,693399,693499,19.022000,19.348000
148,4109,4109,500d940,773051,773377,778096,778196,4.719000,5.045000
148,4078,4078,4fee942,778051,778385,783983,784083,5.598000,5.932000
148,6932,6932,5b14941,776471,776797,788898,788998,12.101000,12.427000
148,5172,5172,5434943,800051,800385,820116,820216,19.731000,20.065000
148,8653,8653,61cd942,1006051,1006377,1018109,1018209,11.732000,12.058000
148,6456,6456,5938941,1045432,1045758,1068342,1068442,22.584000,22.910000
148,5536,5536,55a0940,1080051,1080385,1096184,1096284,15.799000,16.133000
148,8579,8579,6183943,1098051,1098377,1104972,1105072,6.595000,6.921000
148,9157,9157,63c5943,1149051,1149385,1159638,1159738,10.253000,10.587000
148,5630,5630,55fe940,1148051,1148385,1183786,1183886,35.401000,35.735000
148,7343,7343,5caf941,1186051,1186377,1203507,1203607,17.130000,17.456000
148,7416,7416,5cf8943,1197051,1197385,1209036,1209136,11.651000,11.985000
148,8427,8427,60eb940,1231051,1231377,1257403,1257503,26.026000,26.352000
148,8539,8539,615b940,1245051,1245385,1273797,1273897,28.412000,28.746000
148,8706,8706,6202941,1270051,1270385,1282918,1283018,12.533000,12.867000
148,6988,6988,5b4c942,1270409,1270743,1288455,1288555,17.712000,18.046000
148,6752,6752,5a60941,1351416,1351750,1364434,1364534,12.684000,13.018000
148,8071,8071,5f87942,1362051,1362385,1371010,1371110,8.625000,8.959000
148,9981,9981,66fd940,1439446,1439780,1449042,1449142,9.262000,9.596000
148,4994,4994,5382940,1442051,1442377,1454597,1454697,12.220000,12.546000
148,6455,6455,5937943,1438051,1438385,1465513,1465613,27.128000,27.462000
148,5440,5440,5540943,1449416,1449750,1471053,1471153,21.303000,21.637000
148,10159,10159,67af940,1467196,1467530,1487757,1487857,20.227000,20.561000
148,10698,10698,69ca941,1646051,1646377,1659116,1659216,12.739000,13.065000
148,9527,9527,6537940,1833051,1833385,1843430,1843530,10.045000,10.379000
148,8867,8867,62a3940,1970051,1970385,1975122,1975222,4.737000,5.071000
148,7632,7632,5dd0941,2017051,2017385,2023028,2023128,5.643000,5.977000
148,8746,8746,622a943,2054051,2054385,2064464,2064564,10.079000,10.413000
149,157,157,409d940,22051,22385,37851,37951,15.466000,15.800000
149,599,599,4257940,129051,129377,137662,137762,8.285000,8.611000
149,1080,1080,4438940,128051,128377,146895,146995,18.518000,18.844000
149,904,904,4388941,165051,165385,173567,173667,8.182000,8.516000
149,979,979,43d3941,198051,198385,217610,217710,19.225000,19.559000
149,2835,2835,4b13943,341051,341377,348359,348459,6.982000,7.308000
149,3405,3405,4d4d940,334051,334385,353821,353921,19.436000,19.770000
149,3961,3961,4f79942,359051,359385,364149,364249,4.764000,5.098000
149,1612,1612,464c943,351051,351385,388386,388486,37.001000,37.335000
149,1848,1848,4738941,393051,393385,414064,414164,20.679000,21.013000
149,3030,3030,4bd6943,401477,401811,420928,421028,19.117000,19.451000
149,4149,4149,5035941,417051,417385,425066,425166,7.681000,8.015000
149,2532,2532,49e4940,424051,424385,440858,440958,16.473000,16.807000
149,5055,5055,53bf943,458051,458377,467466,467566,9.089000,9.415000
149,5831,5831,56c7943,557051,557377,574992,575092,17.615000,17.941000
149,4346,4346,50fa941,582051,582377,594356,594456,11.979000,12.305000
149,6254,6254,586e942,633051,633385,638136,638236,4.751000,5.085000
149,5527,5527,5597943,647051,647377,668873,668973,21.496000,21.822000
149,6051,6051,57a3941,667051,667377,677348,677448,9.971000,10.297000
149,1175,1175,4497943,661051,661377,681567,681667,20.190000,20.516000
149,4732,4732,527c942,688051,688385,694819,694919,6.434000,6.768000
149,4936,4936,5348943,680051,680385,703688,703788,23.303000,23.637000
149,2437,2437,4985943,699051,699385,709383,709483,9.998000,10.332000
149,3213,3213,4c8d941,707051,707377,736278,736378,28.901000,29.227000
149,5798,5798,56a6943,740051,740385,745977,746077,5.592000,5.926000
149,5670,5670,5626942,754051,754377,770277,770377,15.900000,16.226000
149,3753,3753,4ea9940,791051,791377,818314,818414,26.937000,27.263000
149,4131,4131,5023942,829051,829377,846360,846460,16.983000,17.309000
149,4720,4720,5270941,865051,865377,870957,871057,5.580000,5.906000
149,5667,5667,5623940,872051,872377,884704,884804,12.327000,12.653000
149,5494,5494,5576941,872051,872385,890291,890391,17.906000,18.240000
149,4351,4351,50ff942,885051,885385,894462,894562,9.077000,9.411000
149,7616,7616,5dc0942,956051,956377,970072,970172,13.695000,14.021000
149,5570,5570,55c2942,964051,964377,974214,974314,9.837000,10.163000
149,6240,6240,5860941,960051,960385,980913,981013,20.528000,20.862000
149,8166,8166,5fe6941,1019051,1019377,1033127,1033227,13.750000,14.076000
149,10705,10705,69d1941,1032051,1032377,1039722,1039821,7.345000,7.671000
149,5951,5951,573f940,1087051,1087377,1099121,1099221,11.744000,12.070000
149,6674,6674,5a12942,1112051,1112377,1123163,1123263,10.786000,11.112000
149,7965,7965,5f1d943,1170453,1170779,1180055,1180155,9.276000,9.602000
149,7368,7368,5cc8942,1184051,1184377,1203257,1203357,18.880000,19.206000
149,8111,8111,5faf943,1206051,1206385,1222312,1222412,15.927000,16.261000
149,6793,6793,5a89940,1228051,1228377,1239633,1239733,11.256000,11.582000
149,6383,6383,58ef940,1246051,1246385,1258599,1258699,12.214000,12.548000
149,9823,9823,665f943,1253051,1253377,1262802,1262902,9.425000,9.751000
149,8235,8235,602b940,1325606,1325932,1339868,1339968,13.936000,14.262000
149,7936,7936,5f00942,1365051,1365377,1375851,1375951,10.474000,10.800000
149,9684,9684,65d4940,1376051,1376385,1389944,1390044,13.559000,13.893000
149,6387,6387,58f3941,1385051,1385385,1403113,1403213,17.728000,18.062000
149,9178,9178,63da940,1448051,1448385,1466326,1466426,17.941000,18.275000
149,9606,9606,6586941,1510051,1510377,1535604,1535704,25.227000,25.553000
149,10549,10549,6935940,1622051,1622377,1636644,1636744,14.267000,14.593000
149,7483,7483,5d3b943,1633051,1633385,1640838,1640938,7.453000,7.787000
149,10292,10292,6834943,1641051,1641377,1649609,1649709,8.232000,8.558000
149,6758,6758,5a66943,1758590,1758924,1768060,1768160,9.136000,9.470000
149,10238,10238,67fe943,1922051,1922385,1933650,1933750,11.265000,11.599000
149,6159,6159,580f941,1970051,1970385,1989732,1989832,19.347000,19.681000
149,8259,8259,6043940,1977051,1977385,1995167,1995267,17.782000,18.116000
149,10235,10235,67fb942,1994051,1994385,2011724,2011824,17.339000,17.673000
149,8098,8098,5fa2943,2159051,2159385,2170324,2170424,10.939000,11.273000
150,204,204,40cc941,22051,22385,34284,34384,11.899000,12.233000
150,1260,1260,44ec943,58051,58377,68351,68451,9.974000,10.300000
150,1021,1021,43fd941,52051,52377,92185,92285,39.808000,40.134000
150,534,534,4216942,97051,97377,103087,103187,5.710000,6.036000
150,155,155,409b940,225051,225377,240776,240876,15.399000,15.725000
150,1024,1024,4400940,229051,229385,251717,251817,22.332000,22.666000
150,2999,2999,4bb7942,278051,278377,302395,302495,24.018000,24.344000
150,2957,2957,4b8d943,369051,369377,382264,382364,12.887000,13.213000
150,4361,4361,5109942,367051,367377,403922,404022,36.545000,36.871000
150,4727,4727,5277942,501051,501385,512300,512400,10.915000,11.249000
150,3212,3212,4c8c943,589051,589385,594216,594316,4.831000,5.165000
150,3623,3623,4e27940,573051,573385,601629,601729,28.244000,28.578000
150,4910,4910,532e942,601410,601736,607365,607465,5.629000,5.955000
150,1914,1914,477a943,608051,608385,619402,619502,11.017000,11.351000
150,5649,5649,5611942,661051,661377,668739,668839,7.362000,7.688000
150,5363,5363,54f3940,749051,749377,758455,758555,9.078000,9.404000
150,5415,5415,5527943,775051,775385,780979,781079,5.594000,5.928000
150,6796,6796,5a8c941,836410,836736,861043,861143,24.307000,24.633000
150,4478,4478,517e943,863051,863377,893785,893885,30.408000,30.734000
150,6343,6343,58c7941,970051,970385,979442,979542,9.057000,9.391000
150,6206,6206,583e942,1003051,1003385,1015495,1015595,12.110000,12.444000
150,8281,8281,6059941,1012051,1012385,1023250,1023350,10.865000,11.199000
150,5341,5341,54dd943,1018930,1019264,1035702,1035801,16.438000,16.772000
150,5464,5464,5558942,1120051,1120377,1140577,1140677,20.200000,20.526000
150,5939,5939,5733940,1131051,1131385,1145029,1145129,13.644000,13.978000
150,5752,5752,5678940,1137051,1137385,1149186,1149286,11.801000,12.135000
150,8585,8585,6189940,1123051,1123377,1154554,1154654,31.177000,31.503000
150,5815,5815,56b7943,1147051,1147377,1165402,1165502,18.025000,18.351000
150,6974,6974,5b3e943,1149051,1149385,1176277,1176377,26.892000,27.226000
150,3077,3077,4c05942,1258970,1259304,1265890,1265990,6.586000,6.920000
150,9611,9611,658b943,1281051,1281377,1295893,1295993,14.516000,14.842000
150,9719,9719,65f7943,1298253,1298579,1310119,1310219,11.540000,11.866000
150,7430,7430,5d06942,1315051,1315377,1327121,1327221,11.744000,12.070000
150,6318,6318,58ae942,1337051,1337377,1378556,1378656,41.179000,41.505000
150,10259,10259,6813943,1387647,1387973,1405984,1406084,18.011000,18.337000
150,7515,7515,5d5b940,1435446,1435780,1453459,1453559,17.679000,18.013000
150,7595,7595,5dab941,1521051,1521377,1529619,1529719,8.242000,8.568000
150,10004,10004,6714941,1595051,1595385,1604474,1604574,9.089000,9.423000
150,9239,9239,6417942,1652051,1652377,1657099,1657199,4.722000,5.048000
150,8584,8584,6188943,2097051,2097385,2104806,2104906,7.421000,7.755000
150,10161,10161,67b1940,2147409,2147743,2156971,2157071,9.228000,9.562000
150,7153,7153,5bf1943,2160051,2160385,2180238,2180338,19.853000,20.187000
150,8187,8187,5ffb943,2182051,2182385,2189834,2189934,7.449000,7.783000
151,67,67,4043941,28051,28385,36712,36812,8.327000,8.661000
151,778,778,430a942,70051,70377,83344,83444,12.967000,13.293000
151,949,949,43b5941,94424,94750,113732,113832,18.982000,19.308000
151,556,556,422c941,131051,131385,137003,137103,5.618000,5.952000
151,1054,1054,441e942,185051,185377,224675,224775,39.298000,39.624000
151,3257,3257,4cb9941,271425,271759,287717,287817,15.958000,16.292000
151,1344,1344,4540942,250417,250743,297396,297496,46.653000,46.979000
151,4448,4448,5160942,607051,607377,617520,617620,10.143000,10.469000
151,3248,3248,4cb0940,625051,625377,647651,647751,22.274000,22.600000
151,5338,5338,54da943,674051,674385,680355,680455,5.970000,6.304000
151,2644,2644,4a54941,670051,670377,709014,709114,38.637000,38.963000
151,3532,3532,4dcc943,721051,721385,743527,743627,22.142000,22.476000
151,5257,5257,5489942,726051,726385,747700,747800,21.315000,21.649000
151,6440,6440,5928943,907416,907750,922623,922723,14.873000,15.207000
151,7748,7748,5e44941,1190416,1190750,1200788,1200888,10.038000,10.372000
151,8684,8684,61ec942,1213735,1214069,1228473,1228573,14.404000,14.738000
151,6052,6052,57a4943,1255416,1255750,1273897,1273997,18.147000,18.481000
151,6613,6613,59d5940,1379051,1379377,1390272,1390372,10.895000,11.221000
151,9396,9396,64b4940,1475051,1475377,1492338,1492438,16.961000,17.287000
151,9914,9914,66ba940,1496051,1496377,1508156,1508256,11.779000,12.105000
151,10727,10727,69e7943,1664409,1664743,1677571,1677671,12.828000,13.162000
152,810,810,432a940,23051,23385,32530,32629,9.145000,9.479000
152,103,103,4067940,50051,50385,60330,60430,9.945000,10.279000
152,764,764,42fc942,91051,91377,104256,104356,12.879000,13.205000
152,16,16,4010940,92051,92385,121096,121196,28.711000,29.045000
152,278,278,4116943,118051,118377,126151,126251,7.774000,8.100000
152,426,426,41aa943,122051,122385,142466,142566,20.081000,20.415000
152,39,39,4027940,135051,135377,146669,146769,11.292000,11.618000
152,657,657,4291943,214051,214377,246787,246887,32.410000,32.736000
152,2045,2045,47fd942,260424,260758,281039,281139,20.281000,20.615000
152,1799,1799,4707942,338051,338377,352563,352663,14.186000,14.512000
152,2145,2145,4861941,355051,355377,366323,366423,10.946000,11.272000
152,3610,3610,4e1a940,364051,364377,370504,370604,6.127000,6.453000
152,2073,2073,4819943,375051,375385,387285,387385,11.900000,12.234000
152,3873,3873,4f21943,411431,411757,421955,422055,10.198000,10.524000
152,1057,1057,4421941,407051,407385,429456,429556,22.071000,22.405000
152,2212,2212,48a4940,495051,495377,505929,506029,10.552000,10.878000
152,4168,4168,5048942,542051,542377,551584,551684,9.207000,9.533000
152,6278,6278,5886940,534416,534742,555726,555826,20.984000,21.310000
152,3581,3581,4dfd941,555051,555385,566760,566860,11.375000,11.709000
152,2685,2685,4a7d942,565051,565385,583983,584083,18.598000,18.932000
152,3408,3408,4d50941,588051,588377,609240,609340,20.863000,21.189000
152,3323,3323,4cfb943,653051,653385,667371,667471,13.986000,14.320000
152,5208,5208,5458941,792051,792385,801470,801570,9.085000,9.419000
152,4540,4540,51bc941,789051,789385,841851,841951,52.466000,52.800000
152,6572,6572,59ac942,865051,865385,889942,890042,24.557000,24.891000
152,7583,7583,5d9f941,913051,913377,918978,919078,5.601000,5.927000
152,7711,7711,5e1f942,963051,963377,973371,973471,9.994000,10.320000
152,7801,7801,5e79942,1032051,1032385,1042974,1043075,10.589000,10.923000
152,7952,7952,5f10940,1134051,1134377,1146252,1146352,11.875000,12.201000
152,9886,9886,669e942,1152051,1152385,1161560,1161660,9.175000,9.509000
152,6815,6815,5a9f942,1298051,1298385,1316354,1316454,17.969000,18.303000
152,10095,10095,676f941,1325051,1325385,1343009,1343109,17.624000,17.958000
152,9930,9930,66ca943,1347051,1347377,1357429,1357529,10.052000,10.378000
152,10003,10003,6713941,1357051,1357385,1363022,1363122,5.637000,5.971000
152,10670,10670,69ae942,1351051,1351385,1367251,1367351,15.866000,16.200000
152,6679,6679,5a17940,1452051,1452385,1459976,1460076,7.591000,7.925000
152,8761,8761,6239941,1495409,1495743,1513149,1513249,17.406000,17.740000
152,5233,5233,5471942,1594410,1594736,1604862,1604962,10.126000,10.452000
152,8486,8486,6126943,1718505,1718839,1735992,1736092,17.153000,17.487000
152,8750,8750,622e943,1730051,1730385,1741445,1741545,11.060000,11.394000
152,4896,4896,5320942,1728051,1728385,1746938,1747038,18.553000,18.887000
152,8161,8161,5fe1941,1720051,1720377,1774333,1774433,53.956000,54.282000
152,10145,10145,67a1941,1821051,1821385,1836227,1836327,14.842000,15.176000
152,10931,10931,6ab3941,1853051,1853385,1867802,1867902,14.417000,14.751000
152,10224,10224,67f0940,1947051,1947377,1964455,1964555,17.078000,17.404000
152,10834,10834,6a52940,1975051,1975377,1987179,1987279,11.802000,12.128000
152,9614,9614,658e943,1999051,1999385,2014609,2014709,15.224000,15.558000
152,10691,10691,69c3942,2070051,2070385,2083226,2083325,12.841000,13.175000
152,7987,7987,5f33942,2155485,2155819,2164100,2164200,8.281000,8.615000
153,374,374,4176942,28051,28385,42870,42970,14.485000,14.819000
153,110,110,406e942,29051,29385,47772,47872,18.387000,18.721000
153,544,544,4220942,109051,109385,114998,115098,5.613000,5.947000
153,911,911,438f941,197051,197377,207338,207438,9.961000,10.287000
153,3031,3031,4bd7942,173051,173385,225306,225406,51.921000,52.255000
153,1599,1599,463f941,249051,249385,271191,271291,21.806000,22.140000
153,662,662,4296942,283051,283377,292473,292573,9.096000,9.422000
153,1761,1761,46e1941,324185,324519,337241,337341,12.722000,13.056000
153,4912,4912,5330942,332051,332377,346782,346882,14.405000,14.731000
153,2384,2384,4950943,343051,343377,355472,355572,12.095000,12.421000
153,1671,1671,4687943,348051,348377,363139,363239,14.762000,15.088000
153,1793,1793,4701940,425051,425377,438373,438473,12.996000,13.322000
153,1583,1583,462f943,469051,469385,481918,482018,12.533000,12.867000
153,2797,2797,4aed940,475051,475385,488169,488269,12.784000,13.118000
153,3557,3557,4de5941,481051,481385,498323,498423,16.938000,17.272000
153,5709,5709,564d943,597051,597377,606596,606696,9.219000,9.545000
153,6078,6078,57be941,672439,672773,683919,684019,11.146000,11.480000
153,5593,5593,55d9942,759051,759377,771994,772094,12.617000,12.943000
153,4216,4216,5078941,772051,772385,810583,810683,38.198000,38.532000
153,4509,4509,519d943,836271,836605,846630,846730,10.025000,10.359000
153,3607,3607,4e17943,853051,853377,860760,860860,7.383000,7.709000
153,6565,6565,59a5940,882051,882385,898854,898954,16.469000,16.803000
153,5177,5177,5439940,935724,936058,945899,945999,9.841000,10.175000
153,3386,3386,4d3a941,994051,994385,1002621,1002721,8.236000,8.570000
153,8981,8981,6315942,1265051,1265385,1272676,1272776,7.291000,7.625000
153,8390,8390,60c6942,1316051,1316377,1325583,1325683,9.206000,9.532000
153,9328,9328,6470941,1361051,1361377,1368734,1368834,7.357000,7.683000
153,8722,8722,6212940,1375051,1375385,1390912,1391012,15.527000,15.861000
153,10886,10886,6a86942,1384051,1384385,1423765,1423865,39.380000,39.714000
153,8609,8609,61a1942,1411051,1411385,1429155,1429255,17.770000,18.104000
153,9339,9339,647b940,1461051,1461385,1474867,1474967,13.482000,13.816000
153,9028,9028,6344940,1505051,1505377,1522154,1522254,16.777000,17.103000
153,10539,10539,692b943,1561051,1561385,1576114,1576214,14.729000,15.063000
153,10528,10528,6920942,1601051,1601385,1615909,1616009,14.524000,14.858000
153,10267,10267,681b943,1644051,1644377,1656570,1656670,12.193000,12.519000
153,10602,10602,696a943,1685051,1685385,1695371,1695471,9.986000,10.320000
153,10879,10879,6a7f941,1788051,1788377,1799235,1799335,10.858000,11.184000
153,9709,9709,65ed941,1873051,1873377,1878946,1879046,5.569000,5.895000
153,10351,10351,686f943,1950453,1950779,1958186,1958286,7.407000,7.733000
153,8854,8854,6296940,2047051,2047385,2055543,2055642,8.158000,8.492000
153,8198,8198,6006943,2187439,2187765,2196029,2196129,8.264000,8.590000
154,98,98,4062943,38051,38385,52048,52148,13.663000,13.997000
154,310,310,4136941,119051,119377,124983,125083,5.606000,5.932000
154,2258,2258,48d2941,126326,126660,131440,131540,4.780000,5.114000
154,3451,3451,4d7b941,187051,187377,199784,199884,12.407000,12.733000
154,816,816,4330940,220051,220377,247237,247337,26.860000,27.186000
154,2614,2614,4a36943,270051,270377,279581,279681,9.204000,9.530000
154,1784,1784,46f8940,330051,330377,345673,345773,15.296000,15.622000
154,3155,3155,4c53941,347125,347451,359976,360076,12.525000,12.851000
154,5108,5108,53f4943,355051,355377,376324,376424,20.947000,21.273000
154,1516,1516,45ec942,401459,401793,413563,413663,11.770000,12.104000
154,2945,2945,4b81941,402051,402385,417781,417881,15.396000,15.730000
154,1559,1559,4617942,408051,408377,421953,422053,13.576000,13.902000
154,2503,2503,49c7941,412051,412385,427294,427394,14.909000,15.243000
154,1588,1588,4634943,518050,518385,539121,539221,20.736000,21.071000
154,5382,5382,5506941,543051,543385,566786,566886,23.401000,23.735000
154,4362,4362,510a940,633051,633385,651908,652008,18.523000,18.857000
154,5601,5601,55e1940,644051,644385,657945,658045,13.560000,13.894000
154,6028,6028,578c941,659051,659385,667908,668008,8.523000,8.857000
154,3242,3242,4caa941,666051,666377,680941,681041,14.564000,14.890000
154,2733,2733,4aad940,690051,690377,697699,697799,7.322000,7.648000
154,3339,3339,4d0b941,708051,708385,721110,721210,12.725000,13.059000
154,4885,4885,5315941,794424,794750,838438,838538,43.688000,44.014000
154,2831,2831,4b0f942,837051,837385,886618,886718,49.233000,49.567000
154,6496,6496,5960942,1023051,1023385,1028158,1028259,4.773000,5.107000
154,10193,10193,67d1941,1039051,1039377,1065547,1065647,26.170000,26.496000
154,3706,3706,4e7a941,1047051,1047377,1070980,1071080,23.603000,23.929000
154,7289,7289,5c79941,1067051,1067377,1075626,1075726,8.249000,8.575000
154,3835,3835,4efb942,1052051,1052377,1079846,1079946,27.469000,27.795000
154,5394,5394,5512940,1073051,1073385,1083991,1084091,10.606000,10.940000
154,8994,8994,6322942,1040051,1040385,1088210,1088310,47.825000,48.159000
154,5459,5459,5553940,1131051,1131377,1151580,1151680,20.203000,20.529000
154,7552,7552,5d80941,1178051,1178385,1198956,1199056,20.571000,20.905000
154,7237,7237,5c45942,1202051,1202385,1234299,1234399,31.914000,32.248000
154,7920,7920,5ef0942,1302409,1302743,1322067,1322167,19.324000,19.658000
154,8928,8928,62e0940,1378446,1378780,1402364,1402464,23.584000,23.918000
154,9229,9229,640d940,1497051,1497385,1515135,1515235,17.750000,18.084000
154,8496,8496,6130941,1563051,1563377,1571697,1571797,8.320000,8.646000
154,6714,6714,5a3a940,1749051,1749377,1769873,1769973,20.496000,20.822000
154,8942,8942,62ee943,2080051,2080385,2085151,2085251,4.766000,5.100000
154,10205,10205,67dd942,2095051,2095377,2102720,2102820,7.343000,7.669000
155,2098,2098,4832942,171051,171385,185809,185909,14.424000,14.758000
155,403,403,4193940,199051,199377,205526,205626,6.149000,6.475000
155,1327,1327,452f943,205051,205385,214467,214567,9.082000,9.416000
155,3457,3457,4d81941,350410,350736,367726,367826,16.990000,17.316000
155,2053,2053,4805942,369051,369385,378673,378773,9.288000,9.622000
155,2336,2336,4920940,366051,366377,394099,394199,27.722000,28.048000
155,1820,1820,471c941,382051,382377,398312,398412,15.935000,16.261000
155,2386,2386,4952943,380402,380736,408891,408991,28.155000,28.489000
155,4315,4315,50db942,409051,409377,429754,429854,20.377000,20.703000
155,3981,3981,4f8d943,425051,425377,434498,434598,9.121000,9.447000
155,4449,4449,5161943,440051,440385,452430,452530,12.045000,12.379000
155,2295,2295,48f7940,441051,441385,456593,456693,15.208000,15.542000
155,2338,2338,4922941,447051,447385,460833,460933,13.448000,13.782000
155,2749,2749,4abd941,490051,490385,515789,515889,25.404000,25.738000
155,3372,3372,4d2c942,561051,561385,586516,586616,25.131000,25.465000
155,2881,2881,4b41940,711051,711385,718170,718270,6.785000,7.119000
155,5380,5380,5504942,726439,726773,746378,746478,19.605000,19.939000
155,9421,9421,64cd943,871051,871385,890005,890105,18.620000,18.954000
155,4828,4828,52dc943,909051,909385,931455,931555,22.070000,22.404000
155,5806,5806,56ae940,947051,947385,968754,968854,21.369000,21.703000
155,6803,6803,5a93940,1096051,1096385,1112802,1112902,16.417000,16.751000
155,9092,9092,6384943,1150051,1150377,1161722,1161822,11.345000,11.671000
155,4837,4837,52e5942,1160051,1160377,1174733,1174833,14.356000,14.682000
155,7681,7681,5e01942,1166409,1166743,1183462,1183562,16.719000,17.053000
155,9231,9231,640f941,1200051,1200377,1206907,1207007,6.530000,6.856000
155,7472,7472,5d30941,1226051,1226385,1237300,1237400,10.915000,11.249000
155,6430,6430,591e940,1218051,1218385,1243704,1243804,25.319000,25.653000
155,7160,7160,5bf8943,1334051,1334377,1346296,1346396,11.919000,12.245000
155,9363,9363,6493940,1435051,1435377,1459341,1459441,23.964000,24.290000
155,9252,9252,6424941,1568051,1568377,1578749,1578849,10.372000,10.698000
155,9851,9851,667b941,1589051,1589385,1605773,1605873,16.388000,16.722000
155,8059,8059,5f7b941,1651051,1651377,1665929,1666029,14.552000,14.878000
156,22,22,4016941,28051,28385,37540,37640,9.155000,9.489000
156,213,213,40d5943,50051,50385,57814,57914,7.429000,7.763000
156,7,7,4007941,64051,64385,83650,83750,19.265000,19.599000
156,787,787,4313943,74051,74385,90656,90756,16.271000,16.605000
156,1149,1149,447d943,195051,195377,205326,205426,9.949000,10.275000
156,1130,1130,446a941,309051,309377,328548,328648,19.171000,19.497000
156,1164,1164,448c943,306051,306377,350483,350583,44.106000,44.432000
156,4390,4390,5126941,440051,440377,452829,452929,12.452000,12.778000
156,1163,1163,448b943,456051,456377,476591,476691,20.214000,20.540000
156,1108,1108,4454943,490051,490377,501332,501432,10.955000,11.281000
156,2518,2518,49d6943,537051,537385,546132,546232,8.747000,9.081000
156,4585,4585,51e9940,556051,556377,579116,579216,22.739000,23.065000
156,3590,3590,4e06942,590453,590779,599978,600078,9.199000,9.525000
156,3500,3500,4dac941,622051,622385,628908,629008,6.523000,6.857000
156,4024,4024,4fb8941,639051,639377,652996,653096,13.619000,13.945000
156,4235,4235,508b941,667051,667377,673891,673991,6.514000,6.840000
156,4816,4816,52d0940,670051,670385,680630,680730,10.245000,10.579000
156,3149,3149,4c4d941,663051,663385,685997,686097,22.612000,22.946000
156,6976,6976,5b40940,717051,717377,732602,732702,15.225000,15.551000
156,3376,3376,4d30942,820051,820377,828657,828757,8.280000,8.606000
156,8771,8771,6243943,834051,834377,844384,844484,10.007000,10.333000
156,5559,5559,55b7940,861051,861385,880747,880847,19.362000,19.696000
156,6241,6241,5861940,990900,991226,1009485,1009585,18.259000,18.585000
156,4769,4769,52a1940,1039051,1039377,1064076,1064176,24.699000,25.025000
156,5708,5708,564c940,1125051,1125385,1143262,1143362,17.877000,18.211000
156,5902,5902,570e941,1139051,1139385,1148785,1148885,9.400000,9.734000
156,6563,6563,59a3940,1157051,1157377,1170640,1170740,13.263000,13.589000
156,6105,6105,57d9941,1152395,1152721,1176169,1176269,23.448000,23.774000
156,7480,7480,5d38940,1263051,1263377,1268963,1269063,5.586000,5.912000
156,5938,5938,5732940,1314051,1314377,1321681,1321781,7.304000,7.630000
156,9188,9188,63e4940,1325051,1325377,1338098,1338198,12.721000,13.047000
156,6839,6839,5ab7941,1385051,1385377,1396262,1396362,10.885000,11.211000
156,10257,10257,6811942,1458051,1458377,1469524,1469624,11.147000,11.473000
156,9548,9548,654c941,2359051,2359377,2366734,2366834,7.357000,7.683000
157,782,782,430e941,22051,22385,35088,35188,12.703000,13.037000
157,58,58,403a941,21051,21385,45949,46049,24.564000,24.898000
157,675,675,42a3943,73410,73736,81977,82077,8.241000,8.567000
157,3018,3018,4bca942,140051,140377,150654,150754,10.277000,10.603000
157,2440,2440,4988940,344701,345027,372349,372449,27.322000,27.648000
157,2453,2453,4995943,380883,381209,406667,406767,25.458000,25.784000
157,3094,3094,4c16943,402051,402385,412724,412824,10.339000,10.673000
157,3120,3120,4c30943,414051,414377,424363,424463,9.986000,10.312000
157,2172,2172,487c940,423835,424169,438871,438971,14.702000,15.036000
157,3559,3559,4de7940,521050,521385,533984,534084,12.599000,12.934000
157,1949,1949,479d942,517050,517377,538200,538300,20.823000,21.150000
157,3606,3606,4e16940,558051,558377,581750,581850,23.373000,23.699000
157,2401,2401,4961940,618409,618743,634092,634192,15.349000,15.683000
157,4126,4126,501e943,624051,624385,641404,641504,17.019000,17.353000
157,5756,5756,567c942,666051,666377,690275,690375,23.898000,24.224000
157,3770,3770,4eba943,768439,768773,796351,796451,27.578000,27.912000
157,9821,9821,665d940,825051,825385,849452,849552,24.067000,24.401000
157,5236,5236,5474943,857051,857377,871341,871441,13.964000,14.290000
157,3574,3574,4df6940,879051,879385,884088,884188,4.703000,5.037000
157,3604,3604,4e14940,877051,877385,897144,897244,19.759000,20.093000
157,8375,8375,60b7943,915410,915736,925878,925978,10.142000,10.468000
157,4649,4649,5229941,931051,931377,946942,947042,15.565000,15.891000
157,3522,3522,4dc2940,1061051,1061385,1084210,1084310,22.825000,23.159000
157,10144,10144,67a0943,1118051,1118377,1136460,1136560,18.083000,18.409000
157,5232,5232,5470943,1131051,1131377,1140633,1140733,9.256000,9.582000
157,7348,7348,5cb4943,1168051,1168385,1179501,1179601,11.116000,11.450000
157,7195,7195,5c1b941,1177051,1177377,1190347,1190447,12.970000,13.296000
157,10923,10923,6aab942,1301051,1301385,1319352,1319452,17.967000,18.301000
157,8517,8517,6145940,1375051,1375377,1389879,1389979,14.502000,14.828000
157,7376,7376,5cd0940,1410051,1410377,1422964,1423064,12.587000,12.913000
157,9352,9352,6488940,1417051,1417377,1439140,1439240,21.763000,22.089000
157,9255,9255,6427941,1433051,1433377,1461207,1461307,27.830000,28.156000
157,10936,10936,6ab8941,1443051,1443385,1466677,1466777,23.292000,23.626000
157,9411,9411,64c3942,1498207,1498533,1510535,1510635,12.002000,12.328000
157,10468,10468,68e4941,1480051,1480385,1532053,1532153,51.668000,52.002000
157,9760,9760,6620941,1523051,1523385,1536224,1536324,12.839000,13.173000
157,10116,10116,6784940,1611051,1611377,1621338,1621438,9.961000,10.287000
157,9056,9056,6360943,1627051,1627385,1646448,1646548,19.063000,19.397000
157,7286,7286,5c76943,1711051,1711377,1717950,1718050,6.573000,6.899000
157,9926,9926,66c6943,1754051,1754377,1767971,1768071,13.594000,13.920000
157,6917,6917,5b05943,1794474,1794800,1818452,1818552,23.652000,23.978000
157,9944,9944,66d8942,1875703,1876029,1895033,1895133,19.004000,19.330000
157,10405,10405,68a5942,1937051,1937377,1948237,1948337,10.860000,11.186000
157,9032,9032,6348940,2062401,2062736,2068481,2068581,5.745000,6.080000
157,10971,10971,6adb941,2442051,2442385,2454144,2454244,11.759000,12.093000
158,323,323,4143942,88051,88377,108314,108414,19.937000,20.263000
158,779,779,430b943,107051,107385,112493,112593,5.108000,5.442000
158,233,233,40e9940,103051,103385,116704,116804,13.319000,13.653000
158,2082,2082,4822942,108813,109139,123284,123384,14.145000,14.471000
158,653,653,428d943,109836,110162,134239,134339,24.077000,24.403000
158,836,836,4344941,126051,126377,150628,150728,24.251000,24.577000
158,1843,1843,4733941,156051,156385,180957,181057,24.572000,24.906000
158,1745,1745,46d1943,184051,184377,199049,199149,14.672000,14.998000
158,1584,1584,4630941,208051,208385,227387,227487,19.002000,19.336000
158,1738,1738,46ca941,220051,220385,246677,246777,26.292000,26.626000
158,871,871,4367941,256051,256376,262008,262108,5.632000,5.957000
158,1221,1221,44c5940,224876,225202,297275,297375,72.073000,72.399000
158,4240,4240,5090943,292051,292377,313861,313961,21.484000,21.810000
158,2522,2522,49da941,329051,329385,363209,363309,33.824000,34.158000
158,5417,5417,5529943,360418,360752,369910,370010,9.158000,9.492000
158,2700,2700,4a8c941,421051,421385,433185,433285,11.800000,12.134000
158,2006,2006,47d6940,443051,443377,466544,466644,23.167000,23.493000
158,2914,2914,4b62940,441051,441385,472185,472285,30.800000,31.134000
158,3857,3857,4f11941,522050,522377,555984,556084,33.607000,33.934000
158,1864,1864,4748942,564051,564385,585879,585979,21.494000,21.828000
158,3519,3519,4dbf942,584781,585107,602601,602701,17.494000,17.820000
158,3973,3973,4f85940,603864,604190,620977,621077,16.787000,17.113000
158,4721,4721,5271943,624410,624736,635815,635915,11.079000,11.405000
158,6213,6213,5845942,625453,625779,639976,640076,14.197000,14.523000
158,4711,4711,5267940,661457,661791,668256,668356,6.465000,6.799000
158,4064,4064,4fe0941,654051,654377,673587,673687,19.210000,19.536000
158,6712,6712,5a38942,681221,681547,686254,686354,4.707000,5.033000
158,6359,6359,58d7943,766051,766377,783584,783684,17.207000,17.533000
158,5111,5111,53f7940,784051,784377,793631,793731,9.254000,9.580000
158,7785,7785,5e69942,804051,804377,823727,823827,19.350000,19.676000
158,6084,6084,57c4940,801051,801385,829245,829345,27.860000,28.194000
158,9874,9874,6692940,839051,839385,882349,882449,42.964000,43.298000
158,6251,6251,586b941,888051,888377,898936,899036,10.559000,10.885000
158,6651,6651,59fb941,958767,959101,981781,981881,22.680000,23.014000
158,8589,8589,618d940,1090051,1090377,1104587,1104687,14.210000,14.536000
158,9535,9535,653f940,1113051,1113377,1148101,1148201,34.724000,35.050000
158,5371,5371,54fb943,1176051,1176377,1186377,1186477,10.000000,10.326000
158,4691,4691,5253940,1181051,1181377,1190514,1190614,9.137000,9.463000
158,7321,7321,5c99940,1219051,1219377,1238371,1238471,18.994000,19.320000
158,6619,6619,59db942,1260051,1260377,1275144,1275244,14.767000,15.093000
158,9586,9586,6572942,1359572,1359898,1367249,1367349,7.351000,7.677000
158,8974,8974,630e942,1383051,1383385,1390713,1390813,7.328000,7.662000
158,7485,7485,5d3d943,1412051,1412377,1417167,1417267,4.790000,5.116000
158,8147,8147,5fd3943,1534051,1534385,1555679,1555779,21.294000,21.628000
158,6645,6645,59f5940,1618051,1618377,1633721,1633821,15.344000,15.670000
158,10329,10329,6859943,1672051,1672385,1681553,1681653,9.168000,9.502000
158,6808,6808,5a98943,1877051,1877377,1888915,1889015,11.538000,11.864000
158,10024,10024,6728940,2213051,2213377,2223344,2223444,9.967000,10.293000
159,741,741,42e5942,58051,58385,74568,74668,16.183000,16.517000
159,947,947,43b3940,68686,69012,78931,79031,9.919000,10.245000
159,639,639,427f942,134051,134377,163808,163908,29.431000,29.757000
159,2313,2313,4909942,176003,176337,203240,203340,26.903000,27.237000
159,1514,1514,45ea943,193051,193385,208686,208786,15.301000,15.635000
159,2208,2208,48a0943,225051,225385,230961,231061,5.576000,5.910000
159,2560,2560,4a00943,242051,242385,252915,253015,10.530000,10.864000
159,2357,2357,4935942,251051,251377,266293,266393,14.916000,15.242000
159,2211,2211,48a3943,326051,326377,337367,337467,10.990000,11.316000
159,2191,2191,488f942,364051,364385,369125,369225,4.740000,5.074000
159,3782,3782,4ec6940,372051,372385,389668,389768,17.283000,17.617000
159,2029,2029,47ed940,382051,382377,395143,395243,12.766000,13.092000
159,3134,3134,4c3e942,395051,395377,400102,400202,4.725000,5.051000
159,1224,1224,44c8942,394051,394377,408996,409096,14.619000,14.945000
159,1250,1250,44e2941,428051,428377,454454,454554,26.077000,26.403000
159,5269,5269,5495943,492896,493230,500673,500773,7.443000,7.777000
159,4667,4667,523b940,539416,539742,548124,548224,8.382000,8.708000
159,4947,4947,5353940,539051,539385,554654,554754,15.269000,15.603000
159,3227,3227,4c9b940,534051,534385,565130,565230,30.745000,31.079000
159,3641,3641,4e39940,566327,566661,599914,600014,33.253000,33.587000
159,4677,4677,5245942,622416,622750,638234,638334,15.484000,15.818000
159,7053,7053,5b8d943,663051,663385,695202,695302,31.817000,32.151000
159,5004,5004,538c941,811051,811385,828451,828551,17.066000,17.400000
159,4694,4694,5256940,899409,899743,921654,921754,21.911000,22.245000
159,5712,5712,5650941,940051,940377,958714,958814,18.337000,18.663000
159,3710,3710,4e7e940,961051,961377,990396,990496,29.019000,29.345000
159,7261,7261,5c5d941,992051,992377,1016580,1016680,24.203000,24.529000
159,3688,3688,4e68942,1006051,1006385,1022086,1022186,15.701000,16.035000
159,8485,8485,6125943,1020051,1020385,1032468,1032568,12.083000,12.417000
159,6001,6001,5771940,1123446,1123780,1141619,1141719,17.839000,18.173000
159,10060,10060,674c940,1149051,1149377,1167126,1167226,17.749000,18.075000
159,7879,7879,5ec7941,1162051,1162385,1179421,1179521,17.036000,17.370000
159,7971,7971,5f23941,1184051,1184385,1208424,1208524,24.039000,24.373000
159,9942,9942,66d6942,1223051,1223377,1233317,1233417,9.940000,10.266000
159,8377,8377,60b9941,1229051,1229385,1241943,1242043,12.558000,12.892000
159,10664,10664,69a8941,1266051,1266377,1290620,1290720,24.243000,24.569000
159,5204,5204,5454941,1277051,1277377,1294849,1294949,17.472000,17.798000
159,9189,9189,63e5943,1285051,1285385,1300215,1300315,14.830000,15.164000
159,8834,8834,6282941,1321051,1321377,1334765,1334865,13.388000,13.714000
159,8623,8623,61af941,1312051,1312385,1340224,1340324,27.839000,28.173000
159,5906,5906,5712943,1336051,1336385,1345643,1345743,9.258000,9.592000
159,8378,8378,60ba940,1354051,1354385,1369156,1369256,14.771000,15.105000
159,8948,8948,62f4942,1386017,1386351,1396420,1396520,10.069000,10.403000
159,9192,9192,63e8941,1398051,1398385,1413588,1413688,15.203000,15.537000
159,6898,6898,5af2942,1405051,1405385,1434359,1434459,28.974000,29.308000
159,8900,8900,62c4940,1469051,1469377,1483724,1483824,14.347000,14.673000
159,8791,8791,6257943,1636051,1636377,1645457,1645557,9.080000,9.406000
159,9135,9135,63af943,1642051,1642377,1657764,1657864,15.387000,15.713000
159,7831,7831,5e97942,1733051,1733385,1740828,1740928,7.443000,7.777000
159,8504,8504,6138942,2326418,2326752,2339380,2339480,12.628000,12.962000
160,84,84,4054943,54051,54377,71491,71591,17.114000,17.440000
160,178,178,40b2943,139051,139377,180830,180930,41.453000,41.779000
160,1030,1030,4406942,164051,164385,191730,191830,27.345000,27.679000
160,1062,1062,4426940,187051,187377,195872,195972,8.495000,8.821000
160,2398,2398,495e943,277051,277377,297019,297119,19.642000,19.968000
160,1834,1834,472a943,307051,307385,347843,347943,40.458000,40.792000
160,744,744,42e8943,330576,330910,352010,352110,21.100000,21.434000
160,2475,2475,49ab943,384051,384377,396180,396280,11.803000,12.129000
160,3009,3009,4bc1943,407051,407385,419231,419331,11.846000,12.180000
160,3758,3758,4eae942,410051,410377,427776,427876,17.399000,17.725000
160,2292,2292,48f4940,451051,451377,478992,479092,27.615000,27.941000
160,2194,2194,4892941,506051,506377,523122,523222,16.745000,17.071000
160,2606,2606,4a2e942,531954,532280,545139,545239,12.859000,13.185000
160,3793,3793,4ed1943,523050,523385,549307,549407,25.922000,26.257000
160,2083,2083,4823943,571051,571385,583207,583307,11.822000,12.156000
160,2880,2880,4b40940,583438,583764,615546,615646,31.782000,32.108000
160,3764,3764,4eb4940,606051,606377,633978,634078,27.601000,27.927000
160,3699,3699,4e73942,677051,677385,699728,699828,22.343000,22.677000
160,3756,3756,4eac940,757051,757377,769117,769217,11.740000,12.066000
160,4037,4037,4fc5943,792051,792385,810431,810531,18.046000,18.380000
160,5782,5782,5696943,840439,840773,856481,856581,15.708000,16.042000
160,4224,4224,5080942,807051,807385,872144,872244,64.759000,65.093000
160,5710,5710,564e942,898051,898377,934950,935050,36.573000,36.899000
160,5631,5631,55ff942,927051,927385,942751,942851,15.366000,15.700000
160,7129,7129,5bd9941,975051,975385,981034,981134,5.649000,5.983000
160,8947,8947,62f3943,1066051,1066385,1081584,1081684,15.199000,15.533000
160,5452,5452,554c942,1088051,1088377,1098915,1099015,10.538000,10.864000
160,5071,5071,53cf940,1119051,1119377,1127676,1127776,8.299000,8.625000
160,10038,10038,6736940,1114051,1114385,1133058,1133158,18.673000,19.007000
160,5817,5817,56b9941,1218051,1218377,1244728,1244828,26.351000,26.677000
160,7833,7833,5e99940,1340051,1340377,1373686,1373786,33.309000,33.635000
160,7715,7715,5e23941,1366410,1366736,1383590,1383690,16.854000,17.180000
160,9985,9985,6701941,1383051,1383385,1390732,1390832,7.347000,7.681000
160,7205,7205,5c25943,1509051,1509385,1517893,1517993,8.508000,8.842000
160,9965,9965,66ed941,1511051,1511377,1522066,1522166,10.689000,11.015000
160,6188,6188,582c940,1524051,1524377,1549502,1549602,25.125000,25.451000
160,10970,10970,6ada942,1742051,1742385,1751441,1751541,9.056000,9.390000
160,9438,9438,64de941,1901051,1901377,1910542,1910642,9.165000,9.491000
160,10643,10643,6993943,1959051,1959377,1970243,1970343,10.866000,11.192000
160,10756,10756,6a04940,2044051,2044385,2058115,2058215,13.730000,14.064000
160,8868,8868,62a4943,2104051,2104377,2110908,2111008,6.531000,6.857000
160,10256,10256,6810940,2129051,2129377,2139483,2139583,10.106000,10.432000
161,383,383,417f941,77051,77377,84716,84816,7.339000,7.665000
161,147,147,4093941,99051,99385,117559,117659,18.174000,18.508000
161,1824,1824,4720941,130051,130384,136431,136531,6.047000,6.380000
161,598,598,4256943,252051,252377,271351,271451,18.974000,19.300000
161,1890,1890,4762942,300505,300831,320069,320169,19.238000,19.564000
161,1326,1326,452e940,380051,380377,397216,397316,16.839000,17.165000
161,1505,1505,45e1940,379051,379377,406825,406925,27.448000,27.774000
161,2434,2434,4982942,490051,490385,503149,503249,12.764000,13.098000
161,1674,1674,468a941,522050,522377,543664,543764,21.287000,21.614000
161,3462,3462,4d86940,622051,622377,627089,627189,4.712000,5.038000
161,4794,4794,52ba942,704051,704377,714982,715082,10.605000,10.931000
161,3043,3043,4be3943,679051,679385,719201,719301,39.816000,40.150000
161,4614,4614,5206943,761051,761377,767020,767120,5.643000,5.969000
161,7301,7301,5c85942,779051,779377,814455,814555,35.078000,35.404000
161,8150,8150,5fd6941,887051,887385,893808,893908,6.423000,6.757000
161,8175,8175,5fef941,920051,920377,929561,929661,9.184000,9.510000
161,7468,7468,5d2c940,1021051,1021385,1030558,1030657,9.173000,9.507000
161,9276,9276,643c943,1051418,1051752,1069722,1069822,17.970000,18.304000
161,8675,8675,61e3942,1112051,1112385,1124224,1124324,11.839000,12.173000
161,7440,7440,5d10941,1113051,1113385,1135120,1135220,21.735000,22.069000
161,6293,6293,5895942,1284051,1284377,1304884,1304984,20.507000,20.833000
161,9112,9112,6398942,1472051,1472377,1494507,1494607,22.130000,22.456000
161,8810,8810,626a941,1506051,1506385,1528333,1528433,21.948000,22.282000
161,6882,6882,5ae2940,1512051,1512385,1533811,1533911,21.426000,21.760000
161,9932,9932,66cc941,1531814,1532140,1544009,1544109,11.869000,12.195000
161,8062,8062,5f7e942,1560051,1560377,1583074,1583174,22.697000,23.023000
161,9600,9600,6580941,1565051,1565377,1588612,1588712,23.235000,23.561000
161,7641,7641,5dd9940,1595051,1595385,1611661,1611761,16.276000,16.610000
161,9967,9967,66ef941,1618051,1618385,1642235,1642335,23.850000,24.184000
161,8725,8725,6215940,1671051,1671385,1677956,1678056,6.571000,6.905000
161,10026,10026,672a942,1715449,1715775,1723107,1723207,7.332000,7.658000
161,7457,7457,5d21941,1693051,1693377,1734414,1734514,41.037000,41.363000
161,10609,10609,6971942,2740051,2740385,2752197,2752297,11.812000,12.146000
162,757,757,42f5942,46051,46385,72397,72497,26.012000,26.346000
162,457,457,41c9942,132051,132385,145092,145192,12.707000,13.041000
162,3882,3882,4f2a943,245051,245377,253617,253717,8.240000,8.566000
162,3145,3145,4c49941,256051,256385,262020,262121,5.635000,5.969000
162,832,832,4340943,293051,293385,330048,330148,36.663000,36.997000
162,896,896,4380942,346051,346385,373799,373899,27.414000,27.748000
162,3969,3969,4f81941,361431,361757,378023,378123,16.266000,16.592000
162,3490,3490,4da2942,366375,366709,386811,386911,20.102000,20.436000
162,2051,2051,4803940,404051,404377,430953,431053,26.576000,26.902000
162,4341,4341,50f5940,572051,572377,583388,583488,11.011000,11.337000
162,4100,4100,5004942,617051,617385,638057,638157,20.672000,21.006000
162,3665,3665,4e51941,666051,666377,672861,672961,6.484000,6.810000
162,5930,5930,572a941,645223,645549,679803,679903,34.254000,34.580000
162,4063,4063,4fdf940,723051,723377,730742,730842,7.365000,7.691000
162,5075,5075,53d3941,728051,728385,777453,777553,49.068000,49.402000
162,3226,3226,4c9a942,770051,770385,805517,805617,35.132000,35.466000
162,3534,3534,4dce942,751051,751377,816392,816492,65.015000,65.341000
162,4690,4690,5252943,815051,815377,827147,827247,11.770000,12.096000
162,5525,5525,5595943,859051,859377,875205,875305,15.828000,16.154000
162,7638,7638,5dd6941,961051,961385,966072,966172,4.687000,5.021000
162,9456,9456,64f0940,1026051,1026385,1035489,1035589,9.104000,9.438000
162,6824,6824,5aa8941,1033138,1033465,1046287,1046387,12.822000,13.149000
162,6239,6239,585f942,1034051,1034377,1052270,1052370,17.893000,18.219000
162,7669,7669,5df5940,1051051,1051377,1065541,1065641,14.164000,14.490000
162,6408,6408,5908940,1087051,1087385,1101989,1102089,14.604000,14.938000
162,5891,5891,5703942,1096051,1096377,1128126,1128226,31.749000,32.075000
162,4775,4775,52a7940,1240051,1240385,1254602,1254702,14.217000,14.551000
162,5247,5247,547f940,1232051,1232385,1272074,1272174,39.689000,40.023000
162,6092,6092,57cc943,1268051,1268377,1277763,1277863,9.386000,9.712000
162,6612,6612,59d4940,1348051,1348377,1354942,1355042,6.565000,6.891000
162,7346,7346,5cb2942,1447051,1447385,1452114,1452214,4.729000,5.063000
162,10316,10316,684c943,1480051,1480377,1494180,1494280,13.803000,14.129000
162,10708,10708,69d4943,1504051,1504377,1524414,1524514,20.037000,20.363000
162,6557,6557,599d943,1507051,1507385,1551805,1551905,44.420000,44.754000
162,10618,10618,697a942,1657416,1657750,1679215,1679315,21.465000,21.799000
162,9894,9894,66a6943,1695534,1695868,1709533,1709633,13.665000,13.999000
162,10774,10774,6a16942,1784051,1784377,1795898,1795998,11.521000,11.847000
162,9541,9541,6545941,2004051,2004377,2011790,2011890,7.413000,7.739000
162,8897,8897,62c1943,2106051,2106385,2118356,2118456,11.971000,12.305000
162,9530,9530,653a943,2133051,2133385,2152462,2152562,19.077000,19.411000
163,830,830,433e942,41051,41385,47919,48019,6.534000,6.868000
163,1781,1781,46f5942,111485,111819,133489,133589,21.670000,22.004000
163,488,488,41e8942,155051,155377,168644,168744,13.267000,13.593000
163,642,642,4282940,157051,157385,182041,182141,24.656000,24.990000
163,885,885,4375943,211051,211377,230250,230350,18.873000,19.199000
163,1179,1179,449b941,224051,224377,235730,235830,11.353000,11.679000
163,3461,3461,4d85941,261438,261763,275006,275106,13.243000,13.568000
163,1113,1113,4459942,276051,276377,284603,284703,8.226000,8.552000
163,381,381,417d941,251051,251385,288802,288902,37.417000,37.751000
163,5245,5245,547d943,375051,375377,382739,382839,7.362000,7.688000
163,2973,2973,4b9d943,382051,382377,400675,400775,18.298000,18.624000
163,3786,3786,4eca940,487051,487385,495654,495754,8.269000,8.603000
163,5443,5443,5543943,539051,539377,544143,544243,4.766000,5.092000
163,2431,2431,497f940,540051,540377,548368,548468,7.991000,8.317000
163,4384,4384,5120942,545051,545377,552528,552628,7.151000,7.477000
163,5167,5167,542f942,598209,598535,606960,607060,8.425000,8.751000
163,5857,5857,56e1940,706051,706377,731286,731386,24.909000,25.235000
163,4810,4810,52ca940,754051,754377,769381,769481,15.004000,15.330000
163,5146,5146,541a942,774051,774377,786308,786408,11.931000,12.257000
163,4484,4484,5184941,787406,787732,807328,807428,19.596000,19.922000
163,4437,4437,5155941,803051,803385,815171,815271,11.786000,12.120000
163,2499,2499,49c3943,910051,910377,915094,915194,4.717000,5.043000
163,4570,4570,51da943,916051,916377,930332,930432,13.955000,14.281000
163,8192,8192,6000943,978051,978385,983129,983229,4.744000,5.078000
163,5531,5531,559b943,1025051,1025377,1039768,1039868,14.391000,14.717000
163,6990,6990,5b4e942,1072051,1072377,1079802,1079902,7.425000,7.751000
163,10429,10429,68bd941,1202051,1202385,1213055,1213155,10.670000,11.004000
163,9238,9238,6416943,1200354,1200680,1226715,1226815,26.035000,26.361000
163,8582,8582,6186940,1221051,1221385,1238201,1238301,16.816000,17.150000
163,9845,9845,6675942,1230051,1230385,1264124,1264224,33.739000,34.073000
163,8961,8961,6301941,1266051,1266377,1290387,1290487,24.010000,24.336000
163,7652,7652,5de4941,1295409,1295743,1312907,1313007,17.164000,17.498000
163,6983,6983,5b47940,1430051,1430377,1436885,1436985,6.508000,6.834000
163,8325,8325,6085940,1463051,1463377,1471048,1471148,7.671000,7.997000
163,9466,9466,64fa942,1509108,1509442,1531611,1531711,22.169000,22.503000
163,10592,10592,6960941,1576051,1576385,1583753,1583853,7.368000,7.702000
163,8340,8340,6094940,1688051,1688385,1693079,1693179,4.694000,5.028000
163,10294,10294,6836940,1705051,1705385,1712702,1712802,7.317000,7.651000
163,9721,9721,65f9941,1758051,1758377,1772842,1772942,14.465000,14.791000
163,10203,10203,67db940,1950051,1950377,1968201,1968301,17.824000,18.150000
163,10872,10872,6a78940,1961051,1961385,1972374,1972474,10.989000,11.323000
164,1557,1557,4615941,90051,90377,106387,106487,16.010000,16.336000
164,915,915,4393942,89051,89385,122743,122843,33.358000,33.692000
164,728,728,42d8940,110051,110377,128218,128318,17.841000,18.167000
164,693,693,42b5943,119051,119385,132360,132460,12.975000,13.309000
164,549,549,4225940,125051,125377,139649,139749,14.272000,14.598000
164,2713,2713,4a99942,142051,142377,147945,148045,5.568000,5.894000
164,49,49,4031940,144051,144385,154404,154504,10.019000,10.353000
164,1071,1071,442f940,170051,170377,189478,189578,19.101000,19.427000
164,1267,1267,44f3940,175051,175377,193651,193751,18.274000,18.600000
164,2055,2055,4807941,179051,179385,204860,204960,25.475000,25.809000
164,1266,1266,44f2941,211395,211721,222854,222954,11.133000,11.459000
164,329,329,4149940,205051,205377,228214,228314,22.837000,23.163000
164,3093,3093,4c15941,220424,220750,234387,234487,13.637000,13.963000
164,2911,2911,4b5f943,252051,252377,257125,257225,4.748000,5.074000
164,257,257,4101941,257051,257385,270152,270252,12.767000,13.101000
164,1459,1459,45b3940,375051,375385,392470,392570,17.085000,17.419000
164,2126,2126,484e940,360439,360765,397944,398044,37.179000,37.505000
164,2601,2601,4a29941,410051,410377,432387,432487,22.010000,22.336000
164,4069,4069,4fe5941,431051,431385,453544,453644,22.159000,22.493000
164,1417,1417,4589941,508395,508721,515185,515285,6.464000,6.790000
164,8155,8155,5fdb941,501425,501759,519415,519515,17.656000,17.990000
164,5128,5128,5408943,526051,526385,531988,532088,5.603000,5.937000
164,3880,3880,4f28943,489051,489385,544313,544413,54.928000,55.262000
164,3615,3615,4e1f940,548051,548377,557434,557534,9.057000,9.383000
164,3439,3439,4d6f942,577065,577399,595582,595682,18.183000,18.517000
164,3893,3893,4f35941,638051,638377,650169,650269,11.792000,12.118000
164,5758,5758,567e943,652051,652377,657985,658085,5.608000,5.934000
164,7676,7676,5dfc940,655051,655385,668270,668370,12.885000,13.219000
164,3774,3774,4ebe941,665051,665377,680339,680439,14.962000,15.288000
164,6008,6008,5778943,676416,676742,685794,685894,9.052000,9.378000
164,4202,4202,506a943,703051,703377,741363,741463,37.986000,38.312000
164,3639,3639,4e37941,746051,746385,751958,752058,5.573000,5.907000
164,5441,5441,5541943,750051,750377,757741,757841,7.364000,7.690000
164,6099,6099,57d3943,802051,802385,817942,818042,15.557000,15.891000
164,6623,6623,59df940,870822,871156,883970,884070,12.814000,13.148000
164,6515,6515,5973941,898051,898385,909216,909316,10.831000,11.165000
164,4886,4886,5316941,904051,904385,914577,914677,10.192000,10.526000
164,7511,7511,5d57941,953051,953377,959818,959918,6.441000,6.767000
164,7990,7990,5f36940,946051,946385,967379,967479,20.994000,21.328000
164,4819,4819,52d3943,1005051,1005377,1022688,1022788,17.311000,17.637000
164,4566,4566,51d6943,1012051,1012385,1028126,1028225,15.741000,16.075000
164,5437,5437,553d940,1015051,1015377,1042845,1042945,27.468000,27.794000
164,7747,7747,5e43941,1017051,1017385,1060939,1061039,43.554000,43.888000
164,6915,6915,5b03943,1057051,1057385,1065197,1065297,7.812000,8.146000
164,4821,4821,52d5940,1197051,1197377,1211342,1211442,13.965000,14.291000
164,10210,10210,67e2942,1182416,1182750,1222293,1222393,39.543000,39.877000
164,5292,5292,54ac943,1251051,1251385,1269218,1269318,17.833000,18.167000
164,7473,7473,5d31942,1364051,1364385,1374507,1374607,10.122000,10.456000
164,8076,8076,5f8c940,1432051,1432385,1438812,1438912,6.427000,6.761000
164,7584,7584,5da0942,1469051,1469377,1475877,1475977,6.500000,6.826000
164,10039,10039,6737940,1477051,1477377,1492695,1492795,15.318000,15.644000
164,10419,10419,68b3940,1534051,1534385,1542895,1542995,8.510000,8.844000
164,7390,7390,5cde943,1658051,1658385,1676574,1676674,18.189000,18.523000
164,6717,6717,5a3d941,2059051,2059385,2072195,2072294,12.810000,13.144000
164,10862,10862,6a6e943,2061051,2061385,2083151,2083251,21.766000,22.100000
164,6579,6579,59b3941,2445051,2445377,2465367,2465467,19.990000,20.316000
165,389,389,4185940,49051,49377,62227,62327,12.850000,13.176000
165,275,275,4113943,48051,48385,73065,73165,24.680000,25.014000
165,68,68,4044940,66051,66377,77227,77327,10.850000,11.176000
165,177,177,40b1940,102051,102377,107066,107166,4.689000,5.015000
165,235,235,40eb942,124051,124385,133483,133583,9.098000,9.432000
165,597,597,4255941,127051,127377,154665,154765,27.288000,27.614000
165,2840,2840,4b18941,215051,215385,235291,235391,19.906000,20.240000
165,1120,1120,4460943,225051,225385,240636,240736,15.251000,15.585000
165,795,795,431b940,233051,233377,258215,258315,24.838000,25.164000
165,806,806,4326942,261051,261376,289280,289380,27.904000,28.229000
165,1439,1439,459f942,411724,412058,418599,418699,6.541000,6.875000
165,1225,1225,44c9943,424051,424377,436251,436351,11.874000,12.200000
165,2165,2165,4875940,466051,466377,472052,472152,5.675000,6.001000
165,4430,4430,514e942,466051,466377,479199,479299,12.822000,13.148000
165,3229,3229,4c9d941,568051,568385,585052,585152,16.667000,17.001000
165,6125,6125,57ed941,592409,592743,600043,600143,7.300000,7.634000
165,5145,5145,5419942,652051,652385,676475,676575,24.090000,24.424000
165,4551,4551,51c7943,669051,669385,681995,682095,12.610000,12.944000
165,4414,4414,513e941,687051,687385,710010,710110,22.625000,22.959000
165,3952,3952,4f70943,704051,704377,715377,715477,11.000000,11.326000
165,5636,5636,5604941,700438,700764,726277,726377,25.513000,25.839000
165,3066,3066,4bfa940,733051,733377,742513,742613,9.136000,9.462000
165,3834,3834,4efa941,733870,734204,749934,750034,15.730000,16.064000
165,2786,2786,4ae2943,783051,783385,807904,808004,24.519000,24.853000
165,4104,4104,5008943,790051,790377,812049,812149,21.672000,21.998000
165,3769,3769,4eb9940,795051,795377,816217,816317,20.840000,21.166000
165,6065,6065,57b1941,844051,844385,858421,858521,14.036000,14.370000
165,5864,5864,56e8942,851686,852012,871988,872088,19.976000,20.302000
165,4887,4887,5317942,877051,877385,889328,889428,11.943000,12.277000
165,5589,5589,55d5941,1050051,1050377,1055057,1055157,4.680000,5.006000
165,6186,6186,582a943,1045051,1045377,1071440,1071540,26.063000,26.389000
165,5272,5272,5498942,1086051,1086377,1091157,1091257,4.780000,5.106000
165,8240,8240,6030941,1201051,1201377,1219823,1219923,18.446000,18.772000
165,7454,7454,5d1e942,1201051,1201385,1244321,1244421,42.936000,43.270000
165,9662,9662,65be941,1254425,1254759,1277001,1277101,22.242000,22.576000
165,7909,7909,5ee5943,1273342,1273676,1290214,1290314,16.538000,16.872000
165,5759,5759,567f942,1306395,1306729,1322285,1322385,15.556000,15.890000
165,7927,7927,5ef7940,1338051,1338385,1352753,1352853,14.368000,14.702000
165,6129,6129,57f1940,1345051,1345385,1358124,1358224,12.739000,13.073000
165,10196,10196,67d4943,1372663,1372989,1393187,1393287,20.198000,20.524000
165,8748,8748,622c941,1408995,1409321,1414899,1414999,5.578000,5.904000
165,7659,7659,5deb940,1430051,1430377,1446354,1446454,15.977000,16.303000
165,10411,10411,68ab942,1479455,1479789,1499599,1499699,19.810000,20.144000
165,9679,9679,65cf940,1518051,1518377,1529204,1529304,10.827000,11.153000
165,9268,9268,6434940,1627051,1627377,1634806,1634906,7.429000,7.755000
165,8066,8066,5f82943,1648051,1648385,1662844,1662944,14.459000,14.793000
165,8850,8850,6292942,1723051,1723377,1737028,1737128,13.651000,13.977000
165,6221,6221,584d943,1772051,1772377,1781577,1781677,9.200000,9.526000
165,9182,9182,63de942,1821051,1821377,1827881,1827981,6.504000,6.830000
166,448,448,41c0940,46625,46959,68762,68862,21.803000,22.137000
166,972,972,43cc942,69051,69385,83467,83567,14.082000,14.416000
166,907,907,438b942,86051,86385,94608,94708,8.223000,8.557000
166,261,261,4105941,119051,119385,127689,127789,8.304000,8.638000
166,1052,1052,441c941,188051,188385,193994,194094,5.609000,5.943000
166,1626,1626,465a942,182051,182385,213778,213878,31.393000,31.727000
166,1139,1139,4473940,242051,242385,259690,259790,17.305000,17.639000
166,1235,1235,44d3942,211051,211385,273747,273847,62.362000,62.696000
166,2075,2075,481b942,302304,302630,311882,311982,9.252000,9.578000
166,6011,6011,577b941,353051,353385,360803,360903,7.418000,7.752000
166,2004,2004,47d4942,355051,355385,366457,366557,11.072000,11.406000
166,1946,1946,479a942,462051,462385,472946,473046,10.561000,10.895000
166,4586,4586,51ea942,518050,518377,527334,527434,8.957000,9.284000
166,2479,2479,49af942,499051,499385,531576,531676,32.191000,32.525000
166,3750,3750,4ea6941,558051,558377,575032,575132,16.655000,16.981000
166,6104,6104,57d8943,613051,613385,629538,629638,16.153000,16.487000
166,5508,5508,5584942,629051,629377,636728,636828,7.351000,7.677000
166,3586,3586,4e02943,671051,671385,681697,681797,10.312000,10.646000
166,5993,5993,5769941,692051,692385,701521,701621,9.136000,9.470000
166,2788,2788,4ae4940,710051,710377,719881,719981,9.504000,9.830000
166,5107,5107,53f3942,735051,735385,755321,755421,19.936000,20.270000
166,4098,4098,5002942,788051,788377,839814,839914,51.437000,51.763000
166,8163,8163,5fe3942,835051,835377,850893,850993,15.516000,15.842000
166,5957,5957,5745941,978051,978377,996735,996835,18.358000,18.684000
166,7811,7811,5e83943,960450,960784,1023909,1024009,63.125000,63.459000
166,3297,3297,4ce1941,1017406,1017732,1029331,1029432,11.599000,11.925000
166,10020,10020,6724943,1037051,1037385,1056114,1056214,18.729000,19.063000
166,3016,3016,4bc8943,1099051,1099377,1115394,1115494,16.017000,16.343000
166,5008,5008,5390940,1104051,1104377,1121435,1121535,17.058000,17.384000
166,5971,5971,5753940,1114051,1114385,1125603,1125703,11.218000,11.552000
166,8404,8404,60d4942,1135051,1135377,1151346,1151446,15.969000,16.295000
166,9449,9449,64e9943,1200051,1200385,1215680,1215780,15.295000,15.629000
166,7246,7246,5c4e942,1287051,1287385,1303627,1303727,16.242000,16.576000
166,8591,8591,618f940,1291051,1291385,1315896,1315996,24.511000,24.845000
166,9376,9376,64a0941,1372453,1372779,1394061,1394161,21.282000,21.608000
166,8373,8373,60b5940,1430051,1430385,1439588,1439688,9.203000,9.537000
166,8878,8878,62ae942,1657051,1657385,1669323,1669423,11.938000,12.272000
166,8959,8959,62ff941,1731051,1731377,1740541,1740641,9.164000,9.490000
166,9295,9295,644f940,1771906,1772232,1782264,1782364,10.032000,10.358000
166,6320,6320,58b0943,1843051,1843377,1851686,1851786,8.309000,8.635000
166,8651,8651,61cb942,1964051,1964377,1981484,1981584,17.107000,17.433000
166,9785,9785,6639940,2257051,2257377,2270470,2270570,13.093000,13.419000
167,285,285,411d943,38051,38385,46673,46773,8.288000,8.622000
167,2873,2873,4b39941,117553,117879,146086,146186,28.207000,28.533000
167,2722,2722,4aa2942,181051,181377,214526,214626,33.149000,33.475000
167,978,978,43d2941,218051,218385,230912,231012,12.527000,12.861000
167,2775,2775,4ad7943,254051,254377,261496,261597,7.119000,7.445000
167,2032,2032,47f0940,266051,266385,291357,291457,24.972000,25.306000
167,1721,1721,46b9941,380051,380377,395972,396072,15.595000,15.921000
167,1465,1465,45b9940,456051,456385,467229,467329,10.844000,11.178000
167,3169,3169,4c61941,459277,459611,478714,478814,19.103000,19.437000
167,3096,3096,4c18942,475051,475385,484511,484611,9.126000,9.460000
167,3994,3994,4f9a943,571426,571752,587823,587923,16.071000,16.397000
167,3679,3679,4e5f942,673051,673385,682505,682605,9.120000,9.454000
167,5311,5311,54bf941,759439,759765,767156,767256,7.391000,7.717000
167,4048,4048,4fd0942,757051,757385,777570,777670,20.185000,20.519000
167,4108,4108,500c942,823051,823385,828105,828205,4.720000,5.054000
167,5972,5972,5754940,821051,821377,835711,835811,14.334000,14.660000
167,5770,5770,568a940,978051,978377,993157,993257,14.780000,15.106000
167,6443,6443,592b943,1002051,1002377,1009690,1009790,7.313000,7.639000
167,3918,3918,4f4e940,1057051,1057385,1072853,1072953,15.468000,15.802000
167,4395,4395,512b941,1189051,1189385,1204629,1204729,15.244000,15.578000
167,8172,8172,5fec940,1279051,1279385,1296825,1296925,17.440000,17.774000
167,8743,8743,6227941,1315051,1315385,1331669,1331769,16.284000,16.618000
167,9098,9098,638a942,1315051,1315385,1337105,1337205,21.720000,22.054000
167,9501,9501,651d940,1345051,1345385,1357257,1357357,11.872000,12.206000
167,6995,6995,5b53941,1395051,1395377,1410807,1410907,15.430000,15.756000
167,7299,7299,5c83942,1405051,1405385,1416349,1416449,10.964000,11.298000
167,6657,6657,5a01940,1410051,1410377,1421745,1421845,11.368000,11.694000
167,4999,4999,5387940,1437051,1437385,1452655,1452755,15.270000,15.604000
167,10018,10018,6722943,1452613,1452939,1477892,1477992,24.953000,25.279000
167,7865,7865,5eb9943,1526828,1527154,1540024,1540124,12.870000,13.196000
167,9337,9337,6479941,1599051,1599377,1607408,1607508,8.031000,8.357000
167,7294,7294,5c7e940,1627051,1627377,1638363,1638463,10.986000,11.312000
167,10083,10083,6763940,1636051,1636385,1644641,1644741,8.256000,8.590000
167,7954,7954,5f12940,1643051,1643385,1651656,1651756,8.271000,8.605000
167,10079,10079,675f941,1906051,1906385,1916416,1916516,10.031000,10.365000
167,6632,6632,59e8943,1957431,1957757,1986400,1986500,28.643000,28.969000
167,10775,10775,6a17942,2036051,2036385,2051194,2051294,14.809000,15.143000
167,9490,9490,6512940,2119051,2119377,2134883,2134983,15.506000,15.832000
167,10717,10717,69dd942,2438051,2438377,2451153,2451253,12.776000,13.102000
168,56,56,4038941,82051,82385,91569,91669,9.184000,9.518000
168,963,963,43c3943,102051,102377,127377,127477,25.000000,25.326000
168,2066,2066,4812940,160051,160377,175799,175899,15.422000,15.748000
168,1255,1255,44e7941,193141,193467,225797,225897,32.330000,32.656000
168,2886,2886,4b46943,263051,263377,271580,271680,8.203000,8.529000
168,1641,1641,4669940,368051,368377,385990,386090,17.613000,17.939000
168,3280,3280,4cd0942,364051,364385,402382,402482,37.997000,38.331000
168,2849,2849,4b21943,401051,401385,411490,411590,10.105000,10.439000
168,5548,5548,55ac943,465416,465750,474629,474729,8.879000,9.213000
168,2442,2442,498a940,498051,498377,517494,517593,19.117000,19.443000
168,4908,4908,532c943,593051,593377,598974,599074,5.597000,5.923000
168,3232,3232,4ca0941,597051,597385,621006,621106,23.621000,23.955000
168,4046,4046,4fce943,593051,593385,631857,631957,38.472000,38.806000
168,4755,4755,5293940,621051,621385,636038,636138,14.653000,14.987000
168,4066,4066,4fe2943,657729,658063,673617,673717,15.554000,15.888000
168,2390,2390,4956940,708051,708377,716680,716780,8.303000,8.629000
168,6747,6747,5a5b941,743051,743385,760216,760316,16.831000,17.165000
168,4159,4159,503f941,789802,790128,837296,837396,47.168000,47.494000
168,3858,3858,4f12940,852051,852385,862452,862552,10.067000,10.401000
168,4474,4474,517a940,913051,913377,919874,919974,6.497000,6.823000
168,8044,8044,5f6c941,918438,918764,925390,925490,6.626000,6.952000
168,8478,8478,611e943,1097051,1097377,1106022,1106122,8.645000,8.971000
168,5997,5997,576d942,1109051,1109377,1122397,1122497,13.020000,13.346000
168,5952,5952,5740941,1203051,1203385,1217668,1217768,14.283000,14.617000
168,9658,9658,65ba942,1238051,1238385,1255127,1255227,16.742000,17.076000
168,9292,9292,644c941,1265051,1265385,1270108,1270208,4.723000,5.057000
168,7688,7688,5e08941,1266051,1266385,1280873,1280973,14.488000,14.822000
168,5263,5263,548f941,1276051,1276377,1285546,1285646,9.169000,9.495000
168,6095,6095,57cf940,1300051,1300385,1320924,1321024,20.539000,20.873000
168,8443,8443,60fb942,1381051,1381377,1393079,1393179,11.702000,12.028000
168,9925,9925,66c5943,1389051,1389385,1428933,1429033,39.548000,39.882000
168,10929,10929,6ab1942,1577051,1577377,1584745,1584845,7.368000,7.694000
168,8966,8966,6306940,1589051,1589377,1601272,1601372,11.895000,12.221000
168,9682,9682,65d2943,1634051,1634385,1646444,1646544,12.059000,12.393000
168,10208,10208,67e0941,1671431,1671757,1681993,1682093,10.236000,10.562000
168,7555,7555,5d83940,1700051,1700377,1709522,1709622,9.145000,9.471000
168,9415,9415,64c7941,1736051,1736385,1752310,1752410,15.925000,16.259000
168,10164,10164,67b4941,1815051,1815377,1821893,1821993,6.516000,6.842000
168,9312,9312,6460940,1815051,1815385,1831629,1831729,16.244000,16.578000
168,9271,9271,6437940,1844051,1844377,1857042,1857142,12.665000,12.991000
168,10985,10985,6ae9941,1845051,1845385,1862537,1862637,17.152000,17.486000
168,7873,7873,5ec1941,1981051,1981385,1999038,1999138,17.653000,17.987000
168,9391,9391,64af943,2120051,2120377,2142882,2142982,22.505000,22.831000
168,9307,9307,645b941,2171051,2171377,2180543,2180643,9.166000,9.492000
169,923,923,439b942,74051,74377,85908,86008,11.531000,11.857000
169,146,146,4092941,104051,104385,111810,111910,7.425000,7.759000
169,3105,3105,4c21941,123140,123474,153344,153444,29.870000,30.204000
169,1156,1156,4484941,206051,206385,219066,219166,12.681000,13.015000
169,1453,1453,45ad941,328051,328377,341851,341951,13.474000,13.800000
169,2578,2578,4a12940,402051,402385,408809,408909,6.424000,6.758000
169,3185,3185,4c71942,420439,420773,431762,431862,10.989000,11.323000
169,1051,1051,441b943,418402,418736,437413,437513,18.677000,19.011000
169,4336,4336,50f0943,407051,407377,457791,457891,50.414000,50.740000
169,3923,3923,4f53942,494051,494377,510755,510855,16.378000,16.704000
169,1975,1975,47b7943,515409,515742,526773,526873,11.031000,11.364000
169,1807,1807,470f942,529051,529377,543028,543128,13.651000,13.977000
169,3088,3088,4c10942,533392,533718,547496,547596,13.778000,14.104000
169,4654,4654,522e943,547439,547773,563226,563326,15.453000,15.787000
169,3928,3928,4f58941,591051,591377,600207,600307,8.830000,9.156000
169,5032,5032,53a8943,596051,596377,611215,611315,14.838000,15.164000
169,5403,5403,551b942,597051,597377,626257,626357,28.880000,29.206000
169,4343,4343,50f7943,652051,652377,666448,666548,14.071000,14.397000
169,4881,4881,5311941,684051,684385,706042,706142,21.657000,21.991000
169,3440,3440,4d70942,734051,734385,744502,744602,10.117000,10.451000
169,3082,3082,4c0a941,786051,786385,805005,805105,18.620000,18.954000
169,4956,4956,535c941,860051,860385,867052,867152,6.667000,7.001000
169,7977,7977,5f29942,872603,872929,888415,888515,15.486000,15.812000
169,6381,6381,58ed942,962051,962385,976612,976712,14.227000,14.561000
169,7516,7516,5d5c941,1228051,1228385,1242954,1243054,14.569000,14.903000
169,7340,7340,5cac943,1287051,1287377,1295239,1295339,7.862000,8.188000
169,8758,8758,6236941,1403051,1403377,1428303,1428403,24.926000,25.252000
169,8726,8726,6216940,1734446,1734780,1752643,1752743,17.863000,18.197000
169,7369,7369,5cc9941,1812051,1812377,1819755,1819855,7.378000,7.704000
169,5822,5822,56be941,1840051,1840385,1855848,1855948,15.463000,15.797000
169,8203,8203,600b943,1968051,1968377,1974972,1975072,6.595000,6.921000
169,10417,10417,68b1943,2036051,2036385,2050984,2051084,14.599000,14.933000
170,1306,1306,451a943,111051,111385,133877,133977,22.492000,22.826000
170,563,563,4233943,183051,183377,193440,193540,10.063000,10.389000
170,862,862,435e942,211051,211385,218759,218859,7.374000,7.708000
170,783,783,430f941,230051,230377,240615,240715,10.238000,10.564000
170,1783,1783,46f7942,293051,293377,306041,306141,12.664000,12.990000
170,1195,1195,44ab941,306051,306377,314601,314701,8.224000,8.550000
170,1330,1330,4532941,311418,311752,320124,320224,8.372000,8.706000
170,1228,1228,44cc941,316723,317057,331797,331897,14.740000,15.074000
170,4629,4629,5215942,309826,310160,336037,336137,25.877000,26.211000
170,2919,2919,4b67940,440051,440385,463941,464041,23.556000,23.890000
170,4388,4388,5124942,566051,566385,571132,571232,4.747000,5.081000
170,3401,3401,4d49941,574051,574385,584946,585046,10.561000,10.895000
170,5422,5422,552e943,733051,733377,741669,741769,8.292000,8.618000
170,1912,1912,4778942,723051,723385,745854,745954,22.469000,22.803000
170,5202,5202,5452941,752051,752385,765300,765400,12.915000,13.249000
170,5308,5308,54bc941,761051,761377,776311,776411,14.934000,15.260000
170,4601,4601,51f9941,788395,788721,799165,799265,10.444000,10.770000
170,6093,6093,57cd941,833051,833385,850126,850226,16.741000,17.075000
170,4535,4535,51b7940,841051,841377,857344,857444,15.967000,16.293000
170,6269,6269,587d941,892582,892916,912060,912160,19.144000,19.478000
170,4040,4040,4fc8943,911051,911385,932683,932783,21.298000,21.632000
170,4739,4739,5283940,978051,978377,990943,991043,12.566000,12.892000
170,6943,6943,5b1f941,983051,983385,1003098,1003198,19.713000,20.047000
170,8476,8476,611c941,997051,997377,1014000,1014100,16.623000,16.949000
170,7642,7642,5dda943,1089051,1089377,1105696,1105796,16.319000,16.645000
170,8221,8221,601d941,1108424,1108750,1121419,1121519,12.669000,12.995000
170,8014,8014,5f4e941,1158051,1158377,1170164,1170264,11.787000,12.113000
170,8617,8617,61a9942,1187051,1187377,1195626,1195726,8.249000,8.575000
170,9977,9977,66f9943,1261051,1261385,1270932,1271032,9.547000,9.881000
170,7213,7213,5c2d942,1277051,1277377,1290192,1290292,12.815000,13.141000
170,7852,7852,5eac941,1343051,1343377,1355888,1355988,12.511000,12.837000
170,8554,8554,616a943,1336051,1336385,1361310,1361410,24.925000,25.259000
170,5340,5340,54dc942,1328051,1328377,1372185,1372285,43.808000,44.134000
170,8064,8064,5f80941,1379051,1379377,1394375,1394475,14.998000,15.324000
170,6937,6937,5b19940,1386051,1386377,1398570,1398670,12.193000,12.519000
170,6863,6863,5acf940,1466051,1466377,1472939,1473039,6.562000,6.888000
170,4918,4918,5336941,1487051,1487377,1510015,1510115,22.638000,22.964000
170,9652,9652,65b4940,1506051,1506385,1521006,1521106,14.621000,14.955000
170,7967,7967,5f1f940,1520051,1520385,1527754,1527854,7.369000,7.703000
170,8842,8842,628a941,1535051,1535385,1541967,1542067,6.582000,6.916000
170,7839,7839,5e9f941,1563051,1563385,1572578,1572678,9.193000,9.527000
170,6127,6127,57ef941,1562395,1562729,1577975,1578075,15.246000,15.580000
170,9811,9811,6653942,1583051,1583377,1595647,1595747,12.270000,12.596000
170,8610,8610,61a2940,1778051,1778385,1792877,1792977,14.492000,14.826000
170,10529,10529,6921943,1784051,1784385,1798315,1798415,13.930000,14.264000
170,5502,5502,557e943,1952051,1952385,1978268,1978368,25.883000,26.217000
170,10968,10968,6ad8942,2005051,2005385,2014442,2014542,9.057000,9.391000
171,1009,1009,43f1943,136051,136385,143806,143906,7.421000,7.755000
171,515,515,4203942,164382,164716,174262,174362,9.546000,9.880000
171,652,652,428c940,202051,202377,217747,217847,15.370000,15.696000
171,2265,2265,48d9942,244051,244385,257154,257254,12.769000,13.103000
171,1352,1352,4548940,260431,260756,289820,289920,29.064000,29.389000
171,1259,1259,44eb942,281051,281377,300771,300871,19.394000,19.720000
171,4282,4282,50ba942,355051,355385,389551,389651,34.166000,34.500000
171,1973,1973,47b5940,400901,401235,407829,407929,6.594000,6.928000
171,2157,2157,486d941,387051,387377,415233,415333,27.856000,28.182000
171,2871,2871,4b37941,502051,502385,508006,508106,5.621000,5.955000
171,3366,3366,4d26940,520050,520385,531732,531832,11.347000,11.682000
171,4381,4381,511d940,544051,544385,559686,559786,15.301000,15.635000
171,4186,4186,505a941,543051,543377,565337,565437,21.960000,22.286000
171,2339,2339,4923943,562051,562377,576059,576159,13.682000,14.008000
171,2924,2924,4b6c941,554051,554377,580269,580369,25.892000,26.218000
171,5886,5886,56fe942,627051,627377,643243,643343,15.866000,16.192000
171,6680,6680,5a18942,654051,654385,672148,672248,17.763000,18.097000
171,5928,5928,5728941,666456,666782,686626,686726,19.844000,20.170000
171,7744,7744,5e40943,805051,805385,823751,823851,18.366000,18.700000
171,4180,4180,5054942,836051,836385,843730,843830,7.345000,7.679000
171,4525,4525,51ad940,906051,906385,917242,917342,10.857000,11.191000
171,7277,7277,5c6d943,907051,907377,921462,921562,14.085000,14.411000
171,3844,3844,4f04940,902051,902385,926900,927000,24.515000,24.849000
171,7902,7902,5ede943,933051,933377,943344,943444,9.967000,10.293000
171,5866,5866,56ea941,1029051,1029385,1050325,1050425,20.940000,21.274000
171,4946,4946,5352940,1055051,1055377,1061862,1061962,6.485000,6.811000
171,7633,7633,5dd1942,1065051,1065377,1081777,1081877,16.400000,16.726000
171,4833,4833,52e1943,1088051,1088385,1100781,1100881,12.396000,12.730000
171,10325,10325,6855941,1080051,1080385,1106323,1106423,25.938000,26.272000
171,10215,10215,67e7942,1133051,1133385,1149563,1149663,16.178000,16.512000
171,5418,5418,552a943,1170986,1171320,1176117,1176217,4.797000,5.131000
171,7407,7407,5cef941,1183051,1183377,1195412,1195512,12.035000,12.361000
171,7500,7500,5d4c941,1202051,1202377,1212335,1212435,9.958000,10.284000
171,8672,8672,61e0943,1268051,1268385,1273050,1273150,4.665000,4.999000
171,6476,6476,594c941,1290051,1290377,1305272,1305372,14.895000,15.221000
171,10745,10745,69f9943,1366051,1366377,1376654,1376754,10.277000,10.603000
171,6472,6472,5948940,1372051,1372377,1380827,1380927,8.450000,8.776000
171,8000,8000,5f40942,1421180,1421506,1438365,1438465,16.859000,17.185000
171,6110,6110,57de940,1497051,1497385,1517856,1517956,20.471000,20.805000
171,8607,8607,619f941,1508051,1508385,1523275,1523375,14.890000,15.224000
171,9035,9035,634b941,1548051,1548377,1558860,1558960,10.483000,10.809000
171,10147,10147,67a3940,1602051,1602377,1620410,1620510,18.033000,18.359000
171,8386,8386,60c2940,1633051,1633385,1644286,1644386,10.901000,11.235000
171,8641,8641,61c1941,1642051,1642377,1661358,1661458,18.981000,19.307000
171,10852,10852,6a64941,1710051,1710385,1725254,1725354,14.869000,15.203000
171,7295,7295,5c7f941,1800051,1800385,1806918,1807018,6.533000,6.867000
171,9407,9407,64bf941,1830051,1830385,1842323,1842423,11.938000,12.272000
171,6044,6044,579c942,1876051,1876377,1884609,1884709,8.232000,8.558000
171,7419,7419,5cfb943,1920051,1920385,1925166,1925266,4.781000,5.115000
172,944,944,43b0942,104051,104385,123789,123889,19.404000,19.738000
172,185,185,40b9941,134051,134385,139988,140088,5.603000,5.937000
172,506,506,41fa940,132051,132377,165130,165230,32.753000,33.079000
172,789,789,4315941,196051,196377,208229,208329,11.852000,12.178000
172,2711,2711,4a97941,299051,299385,316818,316918,17.433000,17.767000
172,3079,3079,4c07941,339051,339377,355077,355177,15.700000,16.026000
172,2312,2312,4908943,339051,339377,366055,366155,26.678000,27.004000
172,1590,1590,4636942,411051,411385,425898,425998,14.513000,14.847000
172,1625,1625,4659942,417137,417471,430064,430164,12.593000,12.927000
172,3080,3080,4c08941,440021,440347,451963,452063,11.616000,11.942000
172,3840,3840,4f00942,444051,444377,466652,466752,22.275000,22.601000
172,1525,1525,45f5942,396051,396377,470801,470901,74.424000,74.750000
172,3772,3772,4ebc942,469051,469385,490766,490866,21.381000,21.715000
172,1962,1962,47aa942,501051,501377,518620,518720,17.243000,17.569000
172,2526,2526,49de940,524479,524805,543549,543649,18.744000,19.070000
172,3830,3830,4ef6943,536051,536385,569024,569124,32.639000,32.973000
172,2596,2596,4a24940,707416,707750,721586,721686,13.836000,14.170000
172,6392,6392,58f8941,737051,737377,753270,753370,15.893000,16.219000
172,3135,3135,4c3f940,779051,779385,793919,794019,14.534000,14.868000
172,6243,6243,5863940,787051,787385,808106,808206,20.721000,21.055000
172,3852,3852,4f0c943,811051,811377,832387,832487,21.010000,21.336000
172,3352,3352,4d18940,851051,851385,856096,856196,4.711000,5.045000
172,4236,4236,508c943,809051,809385,861486,861586,52.101000,52.435000
172,5984,5984,5760940,866051,866377,874603,874703,8.226000,8.552000
172,3640,3640,4e38942,858051,858377,878819,878919,20.442000,20.768000
172,6124,6124,57ec940,845051,845385,890013,890113,44.628000,44.962000
172,3390,3390,4d3e942,927051,927377,938357,938457,10.980000,11.306000
172,5098,5098,53ea941,1051051,1051377,1057840,1057940,6.463000,6.789000
172,8745,8745,6229942,1037051,1037377,1067665,1067765,30.288000,30.614000
172,7658,7658,5dea941,1037051,1037377,1078496,1078596,41.119000,41.445000
172,8528,8528,6150943,1109051,1109377,1121713,1121813,12.336000,12.662000
172,4653,4653,522d943,1120051,1120385,1132639,1132739,12.254000,12.588000
172,7460,7460,5d24942,1175051,1175385,1185360,1185460,9.975000,10.309000
172,6911,6911,5aff941,1187395,1187721,1215695,1215795,27.974000,28.300000
172,8104,8104,5fa8942,1406051,1406385,1421464,1421564,15.079000,15.413000
172,5671,5671,5627941,1426051,1426377,1454153,1454253,27.776000,28.102000
172,10616,10616,6978941,1466051,1466385,1486664,1486764,20.279000,20.613000
172,9205,9205,63f5941,1485051,1485377,1497589,1497689,12.212000,12.538000
172,8533,8533,6155943,1538051,1538377,1554458,1554558,16.081000,16.407000
172,10868,10868,6a74942,1566051,1566385,1576875,1576975,10.490000,10.824000
172,6094,6094,57ce941,1580051,1580377,1598832,1598932,18.455000,18.781000
172,10523,10523,691b940,1608051,1608377,1624592,1624692,16.215000,16.541000
172,9463,9463,64f7940,1620051,1620377,1628839,1628939,8.462000,8.788000
172,9202,9202,63f2940,1707051,1707385,1723595,1723695,16.210000,16.544000
172,10029,10029,672d940,1767439,1767773,1782343,1782443,14.570000,14.904000
172,9100,9100,638c940,1791051,1791385,1801458,1801558,10.073000,10.407000
172,9815,9815,6657943,1908051,1908377,1921165,1921265,12.788000,13.114000
172,9766,9766,6626942,1976051,1976377,1989147,1989247,12.770000,13.096000
173,355,355,4163941,34051,34385,45446,45546,11.061000,11.395000
173,198,198,40c6943,33051,33385,50523,50623,17.138000,17.472000
173,2119,2119,4847941,78000,78334,102949,103049,24.615000,24.949000
173,939,939,43ab942,133051,133377,138122,138222,4.745000,5.071000
173,1703,1703,46a7943,229066,229400,238323,238423,8.923000,9.257000
173,1154,1154,4482941,234051,234385,242578,242678,8.193000,8.527000
173,926,926,439e941,258051,258385,274689,274789,16.304000,16.638000
173,1634,1634,4662941,279051,279377,293058,293158,13.681000,14.007000
173,4477,4477,517d940,303051,303377,322233,322333,18.856000,19.182000
173,474,474,41da941,301051,301377,326452,326552,25.075000,25.401000
173,2329,2329,4919943,327049,327375,339034,339134,11.659000,11.985000
173,2652,2652,4a5c941,328051,328377,358630,358730,30.253000,30.579000
173,594,594,4252940,341051,341377,364111,364211,22.734000,23.060000
173,1699,1699,46a3940,359370,359704,369456,369556,9.752000,10.086000
173,2599,2599,4a27943,334933,335267,376924,377024,41.657000,41.991000
173,2204,2204,489c943,408424,408750,418384,418484,9.634000,9.960000
173,2476,2476,49ac942,464051,464377,480603,480703,16.226000,16.552000
173,3572,3572,4df4941,492051,492385,505963,506063,13.578000,13.912000
173,5026,5026,53a2942,530051,530377,536002,536102,5.625000,5.951000
173,3673,3673,4e59943,619051,619385,629469,629569,10.084000,10.418000
173,1797,1797,4705940,650051,650385,685683,685783,35.298000,35.632000
173,3466,3466,4d8a943,710051,710377,723530,723630,13.153000,13.479000
173,4246,4246,5096941,783051,783385,800962,801062,17.577000,17.911000
173,7093,7093,5bb5940,748051,748377,806315,806415,57.938000,58.264000
173,5905,5905,5711940,850051,850377,859591,859691,9.214000,9.540000
173,6807,6807,5a97941,972051,972377,988625,988725,16.248000,16.574000
173,5644,5644,560c942,983439,983765,993993,994093,10.228000,10.554000
173,3854,3854,4f0e940,978051,978377,998242,998342,19.865000,20.191000
173,5726,5726,565e940,969051,969377,1002429,1002529,33.052000,33.378000
173,6170,6170,581a940,992051,992385,1013349,1013449,20.964000,21.298000
173,6275,6275,5883943,1066051,1066385,1072903,1073003,6.518000,6.852000
173,5776,5776,5690942,1074051,1074377,1079988,1080088,5.611000,5.937000
173,8173,8173,5fed943,1118051,1118385,1124006,1124106,5.621000,5.955000
173,6161,6161,5811940,1092446,1092780,1128148,1128248,35.368000,35.702000
173,7318,7318,5c96940,1172424,1172750,1184102,1184202,11.352000,11.678000
173,7577,7577,5d99941,1263051,1263377,1269078,1269178,5.701000,6.027000
173,7185,7185,5c11942,1397051,1397377,1405580,1405680,8.203000,8.529000
173,9060,9060,6364941,1414762,1415088,1432919,1433019,17.831000,18.157000
173,7001,7001,5b59941,1516051,1516385,1529185,1529285,12.800000,13.134000
173,6548,6548,5994941,1551446,1551780,1567247,1567347,15.467000,15.801000
173,3803,3803,4edb943,1581051,1581385,1592162,1592262,10.777000,11.111000
173,8380,8380,60bc940,1657051,1657385,1664694,1664794,7.309000,7.643000
173,6594,6594,59c2941,1827932,1828258,1841106,1841206,12.848000,13.174000
173,10327,10327,6857940,1907051,1907377,1924284,1924384,16.907000,17.233000
173,9822,9822,665e940,1935051,1935377,1960676,1960776,25.299000,25.625000
174,53,53,4035941,22051,22385,32530,32629,10.145000,10.479000
174,298,298,412a940,85051,85377,98171,98271,12.794000,13.120000
174,1562,1562,461a942,125051,125385,155203,155303,29.818000,30.152000
174,700,700,42bc942,170051,170377,183212,183312,12.835000,13.161000
174,548,548,4224940,174051,174377,196378,196478,22.001000,22.327000
174,2189,2189,488d942,196051,196377,207338,207438,10.961000,11.287000
174,3470,3470,4d8e943,208051,208385,228845,228945,20.460000,20.794000
174,2388,2388,4954943,223431,223757,233621,233721,9.864000,10.190000
174,2092,2092,482c940,240778,241104,256734,256835,15.630000,15.956000
174,1512,1512,45e8942,221051,221377,275341,275441,53.964000,54.290000
174,4632,4632,5218942,304051,304377,327711,327811,23.334000,23.660000
174,1597,1597,463d943,329051,329385,344153,344253,14.768000,15.102000
174,2263,2263,48d7940,337051,337385,348349,348449,10.964000,11.298000
174,2762,2762,4aca943,353051,353385,358152,358252,4.767000,5.101000
174,1629,1629,465d940,413039,413373,424382,424482,11.009000,11.343000
174,1915,1915,477b940,445051,445377,461504,461604,16.127000,16.453000
174,5679,5679,562f942,548051,548377,565902,566002,17.525000,17.851000
174,5215,5215,545f943,559051,559377,570096,570196,10.719000,11.045000
174,6344,6344,58c8942,576051,576385,590690,590790,14.305000,14.639000
174,2269,2269,48dd941,632051,632377,645283,645383,12.906000,13.232000
174,4464,4464,5170940,634051,634377,653178,653278,18.801000,19.127000
174,2058,2058,480a940,664051,664385,678245,678345,13.860000,14.194000
174,3550,3550,4dde940,684051,684377,710948,711048,26.571000,26.897000
174,4975,4975,536f942,750051,750385,761445,761545,11.060000,11.394000
174,5936,5936,5730941,876051,876385,892483,892583,16.098000,16.432000
174,8225,8225,6021942,906051,906377,911167,911267,4.790000,5.116000
174,6958,6958,5b2e941,953051,953385,977127,977227,23.742000,24.076000
174,9064,9064,6368943,999424,999750,1022403,1022503,22.653000,22.979000
174,7531,7531,5d6b943,1015051,1015385,1031532,1031633,16.147000,16.481000
174,8718,8718,620e942,1043051,1043385,1050712,1050812,7.327000,7.661000
174,9561,9561,6559943,1059051,1059377,1070378,1070478,11.001000,11.327000
174,8201,8201,6009943,1068051,1068385,1081168,1081268,12.783000,13.117000
174,5908,5908,5714940,1118051,1118377,1124886,1124986,6.509000,6.835000
174,5730,5730,5662941,1151051,1151377,1160709,1160809,9.332000,9.658000
174,8142,8142,5fce942,1224051,1224377,1231919,1232019,7.542000,7.868000
174,7527,7527,5d67941,1242051,1242377,1247096,1247196,4.719000,5.045000
174,9286,9286,6446941,1295425,1295759,1310751,1310851,14.992000,15.326000
174,10652,10652,699c943,1324051,1324385,1337661,1337761,13.276000,13.610000
174,9801,9801,6649940,1402439,1402773,1424019,1424119,21.246000,21.580000
174,8687,8687,61ef943,1416051,1416377,1428204,1428304,11.827000,12.153000
174,10895,10895,6a8f942,1463051,1463377,1491876,1491976,28.499000,28.825000
174,7720,7720,5e28941,1598051,1598385,1619438,1619538,21.053000,21.387000
174,9266,9266,6432942,1639051,1639385,1653879,1653979,14.494000,14.828000
174,9674,9674,65ca940,1722410,1722736,1734595,1734695,11.859000,12.185000
174,10042,10042,673a941,2470051,2470377,2476879,2476979,6.502000,6.828000
175,248,248,40f8941,24051,24385,36270,36370,11.885000,12.219000
175,445,445,41bd941,28051,28385,52766,52866,24.381000,24.715000
175,900,900,4384943,70051,70385,101228,101328,30.843000,31.177000
175,892,892,437c943,218051,218385,240405,240505,22.020000,22.354000
175,1349,1349,4545940,266051,266385,281777,281877,15.392000,15.726000
175,2342,2342,4926943,304051,304385,323436,323536,19.051000,19.385000
175,5757,5757,567d943,485051,485377,500108,500208,14.731000,15.057000
175,2970,2970,4b9a940,492051,492377,507048,507148,14.671000,14.997000
175,5274,5274,549a943,533051,533377,548423,548523,15.046000,15.372000
175,4057,4057,4fd9942,605051,605385,615403,615503,10.018000,10.352000
175,5114,5114,53fa941,642051,642385,663034,663134,20.649000,20.983000
175,2555,2555,49fb940,702051,702377,716842,716942,14.465000,14.791000
175,5719,5719,5657943,715051,715377,724615,724715,9.238000,9.564000
175,3267,3267,4cc3942,719439,719765,735573,735673,15.808000,16.134000
175,3547,3547,4ddb943,710051,710385,739740,739840,29.355000,29.689000
175,5894,5894,5706942,736051,736377,750117,750217,13.740000,14.066000
175,3575,3575,4df7940,739051,739385,754320,754420,14.935000,15.269000
175,6401,6401,5901943,827051,827377,840939,841039,13.562000,13.888000
175,8188,8188,5ffc943,921051,921385,951553,951653,30.168000,30.502000
175,6024,6024,5788942,949051,949385,968118,968218,18.733000,19.067000
175,5699,5699,5643943,1042051,1042385,1052119,1052219,9.734000,10.068000
175,5050,5050,53ba940,1083051,1083385,1093369,1093469,9.984000,10.318000
175,7079,7079,5ba7941,1093051,1093377,1101615,1101715,8.238000,8.564000
175,8222,8222,601e941,1115051,1115385,1135400,1135500,20.015000,20.349000
175,9970,9970,66f2942,1127051,1127377,1146242,1146342,18.865000,19.191000
175,8765,8765,623d941,1138439,1138765,1150436,1150536,11.671000,11.997000
175,6220,6220,584c940,1134051,1134377,1157044,1157144,22.667000,22.993000
175,10893,10893,6a8d942,1237416,1237742,1259983,1260083,22.241000,22.567000
175,7208,7208,5c28940,1276051,1276377,1290104,1290204,13.727000,14.053000
175,7861,7861,5eb5941,1413051,1413385,1428943,1429043,15.558000,15.892000
175,9442,9442,64e2942,1451051,1451377,1473986,1474086,22.609000,22.935000
175,8960,8960,6300940,1487051,1487385,1501484,1501584,14.099000,14.433000
175,9405,9405,64bd940,1576051,1576385,1595826,1595926,19.441000,19.775000
175,6015,6015,577f940,1604051,1604377,1620653,1620753,16.276000,16.602000
175,10567,10567,6947942,1652051,1652377,1659762,1659862,7.385000,7.711000
175,8569,8569,6179940,1719051,1719377,1747004,1747104,27.627000,27.953000
175,10665,10665,69a9943,1737051,1737377,1754810,1754910,17.433000,17.759000
175,10786,10786,6a22940,1894051,1894385,1904075,1904175,9.690000,10.024000
175,8295,8295,6067941,1881051,1881385,1908913,1909013,27.528000,27.862000
175,8806,8806,6266941,2086051,2086385,2106899,2106999,20.514000,20.848000
175,10264,10264,6818943,2135051,2135377,2141082,2141182,5.705000,6.031000
175,7193,7193,5c19942,2134051,2134385,2147465,2147565,13.080000,13.414000
176,264,264,4108942,26051,26385,51482,51582,25.097000,25.431000
176,183,183,40b7943,40051,40385,77828,77928,37.443000,37.777000
176,626,626,4272943,83051,83377,100010,100110,16.633000,16.959000
176,1251,1251,44e3942,117495,117821,135535,135635,17.714000,18.040000
176,226,226,40e2941,119051,119377,139680,139780,20.303000,20.629000
176,776,776,4308940,109051,109385,143848,143948,34.463000,34.797000
176,717,717,42cd943,153051,153385,165357,165457,11.972000,12.306000
176,1134,1134,446e941,160051,160385,188715,188815,28.330000,28.664000
176,694,694,42b6941,203051,203377,208152,208252,4.775000,5.101000
176,1569,1569,4621942,203051,203385,226342,226442,22.957000,23.291000
176,1974,1974,47b6942,224051,224377,244694,244794,20.317000,20.643000
176,615,615,4267940,257051,257376,262092,262193,4.716000,5.041000
176,997,997,43e5941,256051,256385,287398,287498,31.013000,31.347000
176,2133,2133,4855941,292051,292377,332408,332508,40.031000,40.357000
176,2542,2542,49ee943,306051,306377,365504,365604,59.127000,59.453000
176,1765,1765,46e5940,371051,371377,379657,379757,8.280000,8.606000
176,2163,2163,4873940,402051,402385,416895,416995,14.510000,14.844000
176,1537,1537,4601941,457051,457385,468252,468352,10.867000,11.201000
176,3934,3934,4f5e942,485051,485385,505192,505292,19.807000,20.141000
176,2609,2609,4a31942,486051,486385,518496,518596,32.111000,32.445000
176,3717,3717,4e85942,529051,529385,552463,552563,23.078000,23.412000
176,3865,3865,4f19940,543051,543377,559364,559464,15.987000,16.313000
176,2422,2422,4976940,553051,553385,563543,563643,10.158000,10.492000
176,2814,2814,4afe940,536051,536385,571061,571161,34.676000,35.010000
176,3730,3730,4e92941,586051,586377,597374,597474,10.997000,11.323000
176,4969,4969,5369943,633051,633385,651269,651369,17.884000,18.218000
176,5061,5061,53c5941,674051,674377,712857,712957,38.480000,38.806000
176,2463,2463,499f940,721051,721385,730582,730682,9.197000,9.531000
176,6964,6964,5b34943,768051,768385,790084,790184,21.699000,22.033000
176,4460,4460,516c943,779051,779385,800983,801083,21.598000,21.932000
176,4221,4221,507d942,776051,776377,811818,811918,35.441000,35.767000
176,4211,4211,5073943,822051,822377,840408,840508,18.031000,18.357000
176,6977,6977,5b41942,854051,854385,884260,884360,29.875000,30.209000
176,7218,7218,5c32943,855051,855377,889423,889523,34.046000,34.372000
176,5927,5927,5727940,896051,896377,901056,901156,4.679000,5.005000
176,7020,7020,5b6c940,867402,867736,930350,930450,62.614000,62.948000
176,7064,7064,5b98942,993627,993953,1000468,1000568,6.515000,6.841000
176,4334,4334,50ee943,1035051,1035385,1058901,1059001,23.516000,23.850000
176,9507,9507,6523942,1056099,1056425,1076735,1076835,20.310000,20.636000
176,4257,4257,50a1940,1050051,1050377,1082114,1082214,31.737000,32.063000
176,5194,5194,544a940,1145051,1145385,1156213,1156313,10.828000,11.162000
176,6536,6536,5988940,1258446,1258780,1277232,1277332,18.452000,18.786000
176,9670,9670,65c6941,1313051,1313385,1328754,1328854,15.369000,15.703000
176,10350,10350,686e941,1339051,1339377,1344938,1345038,5.561000,5.887000
176,10469,10469,68e5942,1320051,1320385,1369032,1369132,48.647000,48.981000
176,10814,10814,6a3e941,1398051,1398377,1404008,1404108,5.631000,5.957000
176,7322,7322,5c9a942,1410395,1410721,1423454,1423554,12.733000,13.059000
176,7069,7069,5b9d941,1446051,1446385,1456438,1456538,10.053000,10.387000
176,10587,10587,695b942,2103051,2103377,2125070,2125170,21.693000,22.019000
177,245,245,40f5941,39457,39783,47245,47345,7.462000,7.788000
177,6,6,4006943,49051,49385,56804,56904,7.419000,7.753000
177,434,434,41b2941,87051,87377,94712,94812,7.335000,7.661000
177,799,799,431f943,103196,103522,126365,126465,22.843000,23.169000
177,197,197,40c5943,70051,70385,148205,148305,77.820000,78.154000
177,2874,2874,4b3a942,176051,176377,183757,183857,7.380000,7.706000
177,1882,1882,475a941,182051,182377,194253,194353,11.876000,12.202000
177,2282,2282,48ea940,172051,172377,198443,198543,26.066000,26.392000
177,714,714,42ca940,205139,205473,220152,220252,14.679000,15.013000
177,3611,3611,4e1b941,207051,207377,225594,225694,18.217000,18.543000
177,230,230,40e6943,212051,212377,231969,232069,19.592000,19.918000
177,346,346,415a941,209051,209385,243815,243915,34.430000,34.764000
177,1631,1631,465f943,223051,223377,250655,250755,27.278000,27.604000
177,3520,3520,4dc0943,283051,283385,292592,292692,9.207000,9.541000
177,2196,2196,4894940,321051,321385,335111,335211,13.726000,14.060000
177,1802,1802,470a941,328051,328377,345935,346035,17.558000,17.884000
177,4784,4784,52b0942,346051,346385,364153,364253,17.768000,18.102000
177,2717,2717,4a9d941,370051,370377,383466,383566,13.089000,13.415000
177,1475,1475,45c3940,380051,380377,391326,391426,10.949000,11.275000
177,4510,4510,519e943,395051,395385,418207,418307,22.822000,23.156000
177,6006,6006,5776941,573051,573377,599523,599623,26.146000,26.472000
177,2645,2645,4a55942,594395,594721,604942,605042,10.221000,10.547000
177,3601,3601,4e11943,586051,586377,610335,610435,23.958000,24.284000
177,4255,4255,509f942,618051,618377,624832,624932,6.455000,6.781000
177,6030,6030,578e943,636051,636377,657461,657561,21.084000,21.410000
177,5873,5873,56f1943,684051,684377,701207,701307,16.830000,17.156000
177,5733,5733,5665942,769051,769385,774980,775080,5.595000,5.929000
177,3968,3968,4f80940,768051,768377,779170,779270,10.793000,11.119000
177,4607,4607,51ff943,827051,827385,838053,838153,10.668000,11.002000
177,4596,4596,51f4942,857051,857377,872602,872702,15.225000,15.551000
177,8296,8296,6068943,942418,942752,974630,974730,31.878000,32.212000
177,7837,7837,5e9d940,1165051,1165385,1174062,1174162,8.677000,9.011000
177,8896,8896,62c0943,1226051,1226385,1243549,1243649,17.164000,17.498000
177,8628,8628,61b4943,1233439,1233773,1260005,1260105,26.232000,26.566000
177,6423,6423,5917942,1271051,1271385,1282099,1282199,10.714000,11.048000
177,8475,8475,611b941,1292051,1292377,1309169,1309269,16.792000,17.118000
177,9882,9882,669a941,1333051,1333377,1339924,1340024,6.547000,6.873000
177,9047,9047,6357940,1446051,1446385,1474582,1474682,28.197000,28.531000
177,10798,10798,6a2e941,1474409,1474743,1500832,1500932,26.089000,26.423000
177,9458,9458,64f2943,1477051,1477377,1513247,1513347,35.870000,36.196000
177,10040,10040,6738942,1516051,1516385,1522001,1522101,5.616000,5.950000
177,9640,9640,65a8941,1507051,1507377,1545708,1545808,38.331000,38.657000
177,7910,7910,5ee6943,1532257,1532591,1578427,1578527,45.836000,46.170000
177,9247,9247,641f940,1620051,1620385,1632235,1632335,11.850000,12.184000
177,10198,10198,67d6940,1754051,1754385,1774083,1774183,19.698000,20.032000
177,9795,9795,6643943,2172051,2172377,2193148,2193248,20.771000,21.097000
177,9828,9828,6664940,2218051,2218377,2225769,2225869,7.392000,7.718000
178,134,134,4086940,34051,34385,51681,51781,17.296000,17.630000
178,425,425,41a9943,64051,64377,84579,84679,20.202000,20.528000
178,123,123,407b943,85051,85385,92806,92906,7.421000,7.755000
178,564,564,4234943,89051,89377,99448,99548,10.071000,10.397000
178,1142,1142,4476942,250051,250377,288807,288907,38.430000,38.756000
178,1845,1845,4735940,295051,295377,311135,311235,15.758000,16.084000
178,4689,4689,5251943,321051,321385,328736,328836,7.351000,7.685000
178,1950,1950,479e942,353051,353385,396530,396630,43.145000,43.479000
178,4305,4305,50d1942,435051,435377,444483,444583,9.106000,9.432000
178,2943,2943,4b7f943,480051,480385,505830,505930,25.445000,25.779000
178,5618,5618,55f2941,616416,616750,623337,623437,6.587000,6.921000
178,4543,4543,51bf940,611531,611865,629916,630016,18.051000,18.385000
178,3938,3938,4f62940,656051,656385,665594,665694,9.209000,9.543000
178,5064,5064,53c8941,676051,676377,693368,693468,16.991000,17.317000
178,3722,3722,4e8a941,704051,704385,715578,715678,11.193000,11.527000
178,4931,4931,5343942,766051,766377,772871,772971,6.494000,6.820000
178,4139,4139,502b942,783416,783742,789391,789491,5.649000,5.975000
178,6326,6326,58b6943,833051,833385,842517,842617,9.132000,9.466000
178,2418,2418,4972943,902051,902385,909308,909408,6.923000,7.257000
178,5623,5623,55f7943,893760,894086,917893,917993,23.807000,24.133000
178,9987,9987,6703941,983051,983377,990893,990993,7.516000,7.842000
178,9013,9013,6335941,990051,990377,1003306,1003406,12.929000,13.255000
178,5787,5787,569b943,989051,989385,1007500,1007600,18.115000,18.449000
178,3594,3594,4e0a940,976051,976385,1018384,1018484,41.999000,42.333000
178,7800,7800,5e78942,987051,987377,1029292,1029393,41.915000,42.241000
178,7822,7822,5e8e940,1008051,1008385,1041706,1041807,33.321000,33.655000
178,7821,7821,5e8d943,1105761,1106087,1117970,1118070,11.883000,12.209000
178,5818,5818,56ba942,1140051,1140377,1154439,1154539,14.062000,14.388000
178,7626,7626,5dca943,1213051,1213377,1223935,1224035,10.558000,10.884000
178,4647,4647,5227942,1312051,1312377,1327729,1327829,15.352000,15.678000
178,9146,9146,63ba942,1408782,1409108,1482302,1482402,73.194000,73.520000
178,7037,7037,5b7d941,1475051,1475385,1486598,1486698,11.213000,11.547000
178,10848,10848,6a60942,1537051,1537385,1547458,1547558,10.073000,10.407000
178,7282,7282,5c72943,1574051,1574385,1580023,1580123,5.638000,5.972000
178,9105,9105,6391941,1600051,1600385,1635169,1635269,34.784000,35.118000
178,7481,7481,5d39943,1906051,1906377,1912002,1912102,5.625000,5.951000
178,10174,10174,67be942,1937395,1937721,1949617,1949717,11.896000,12.222000
178,10788,10788,6a24940,1941051,1941377,1955132,1955232,13.755000,14.081000
178,10973,10973,6add943,2417051,2417385,2424795,2424895,7.410000,7.744000
178,9764,9764,6624943,2515051,2515385,2527299,2527399,11.914000,12.248000
178,10578,10578,6952942,2703051,2703377,2715281,2715381,11.904000,12.230000
179,54,54,4036941,81051,81385,89645,89745,8.260000,8.594000
179,1360,1360,4550942,141051,141385,161209,161309,19.824000,20.158000
179,2219,2219,48ab940,199402,199728,206215,206315,6.487000,6.813000
179,2076,2076,481c941,161051,161385,229923,230023,68.538000,68.872000
179,1023,1023,43ff940,223416,223742,235432,235532,11.690000,12.016000
179,2616,2616,4a38941,221051,221385,251835,251935,30.450000,30.784000
179,1105,1105,4451943,222051,222377,262769,262869,40.392000,40.718000
179,3144,3144,4c48940,280051,280385,295080,295180,14.695000,15.029000
179,1919,1919,477f940,368416,368742,380000,380100,11.258000,11.584000
179,2732,2732,4aac943,406051,406377,418118,418218,11.741000,12.067000
179,2726,2726,4aa6940,440051,440377,449542,449642,9.165000,9.491000
179,4938,4938,534a941,563395,563721,572075,572175,8.354000,8.680000
179,3477,3477,4d95940,593446,593780,618812,618912,25.032000,25.366000
179,4538,4538,51ba940,631051,631385,641375,641475,9.990000,10.324000
179,4021,4021,4fb5942,633051,633385,646767,646867,13.382000,13.716000
179,3614,3614,4e1e942,648051,648385,655713,655813,7.328000,7.662000
179,3188,3188,4c74941,689080,689406,710445,710545,21.039000,21.365000
179,3744,3744,4ea0941,727051,727385,756761,756861,29.376000,29.710000
179,3760,3760,4eb0940,759051,759385,767263,767363,7.878000,8.212000
179,5827,5827,56c3943,761051,761377,778693,778793,17.316000,17.642000
179,7337,7337,5ca9941,784051,784377,791837,791937,7.460000,7.786000
179,4783,4783,52af943,778051,778385,802724,802824,24.339000,24.673000
179,5290,5290,54aa942,893051,893377,910957,911057,17.580000,17.906000
179,5140,5140,5414942,909051,909377,925048,925148,15.671000,15.997000
179,2736,2736,4ab0943,954051,954385,962575,962675,8.190000,8.524000
179,4657,4657,5231940,997051,997385,1002417,1002517,5.032000,5.366000
179,5736,5736,5668942,1011051,1011385,1025014,1025115,13.629000,13.963000
179,5158,5158,5426941,1038110,1038445,1068915,1069015,30.470000,30.805000
179,7622,7622,5dc6941,1037051,1037385,1074383,1074483,36.998000,37.332000
179,7784,7784,5e68943,1082051,1082377,1099241,1099341,16.864000,17.190000
179,8645,8645,61c5941,1167051,1167377,1173919,1174019,6.542000,6.868000
179,10036,10036,6734941,1203051,1203385,1222122,1222222,18.737000,19.071000
179,8308,8308,6074941,1245051,1245385,1256343,1256443,10.958000,11.292000
179,6592,6592,59c0942,1267051,1267385,1275776,1275876,8.391000,8.725000
179,9789,9789,663d941,1294051,1294385,1313848,1313948,19.463000,19.797000
179,5018,5018,539a942,1317051,1317377,1333709,1333809,16.332000,16.658000
179,9419,9419,64cb942,1789051,1789377,1810108,1810208,20.731000,21.057000
179,10183,10183,67c7940,1867416,1867750,1875156,1875256,7.406000,7.740000
179,10306,10306,6842943,1934051,1934385,1943030,1943130,8.645000,8.979000
179,7714,7714,5e22943,2163051,2163385,2171650,2171750,8.265000,8.599000
179,10100,10100,6774943,2193453,2193779,2220738,2220838,26.959000,27.285000
179,7913,7913,5ee9943,2378051,2378385,2405962,2406062,27.577000,27.911000
180,483,483,41e3942,167051,167377,179583,179683,12.206000,12.532000
180,71,71,4047940,137051,137385,190795,190895,53.410000,53.744000
180,2640,2640,4a50941,267051,267377,278297,278397,10.920000,11.246000
180,2222,2222,48ae942,272051,272385,283798,283898,11.413000,11.747000
180,1476,1476,45c4942,364051,364385,382355,382455,17.970000,18.304000
180,3052,3052,4bec941,390051,390377,402254,402354,11.877000,12.203000
180,4249,4249,5099943,471051,471377,488600,488700,17.223000,17.549000
180,3535,3535,4dcf943,608051,608385,649743,649843,41.358000,41.692000
180,5029,5029,53a5941,754051,754385,761772,761872,7.387000,7.721000
180,4155,4155,503b940,836051,836377,843750,843850,7.373000,7.699000
180,6305,6305,58a1943,871051,871385,878127,878227,6.742000,7.076000
180,7529,7529,5d69941,1058051,1058385,1070232,1070332,11.847000,12.181000
180,6880,6880,5ae0941,1056289,1056623,1082763,1082863,26.140000,26.474000
180,6509,6509,596d940,1134083,1134409,1155986,1156086,21.577000,21.903000
180,7023,7023,5b6f940,1156051,1156385,1171617,1171717,15.232000,15.566000
180,8018,8018,5f52940,1264438,1264764,1276605,1276705,11.841000,12.167000
180,9592,9592,6578942,1375051,1375385,1388156,1388256,12.771000,13.105000
180,7598,7598,5dae940,1379051,1379377,1402403,1402503,23.026000,23.352000
180,7528,7528,5d68942,1549051,1549385,1554957,1555057,5.572000,5.906000
180,8555,8555,616b943,1569051,1569377,1593015,1593115,23.638000,23.964000
180,9241,9241,6419942,1666051,1666385,1679959,1680059,13.574000,13.908000
180,9327,9327,646f942,1785051,1785385,1791071,1791171,5.686000,6.020000
180,7843,7843,5ea3942,1776051,1776377,1796252,1796352,19.875000,20.201000
180,9726,9726,65fe940,1837051,1837377,1853154,1853254,15.777000,16.103000
181,85,85,4055940,103051,103385,124265,124365,20.880000,21.214000
181,906,906,438a941,162051,162377,172290,172390,9.913000,10.239000
181,390,390,4186942,159051,159377,193747,193847,34.370000,34.696000
181,1252,1252,44e4943,178051,178385,197945,198045,19.560000,19.894000
181,540,540,421c943,202051,202377,208877,208977,6.500000,6.826000
181,2350,2350,492e940,199051,199385,225235,225335,25.850000,26.184000
181,572,572,423c940,217438,217764,230687,230787,12.923000,13.249000
181,395,395,418b942,275051,275377,281849,281949,6.472000,6.798000
181,4862,4862,52fe943,346051,346377,352055,352155,5.678000,6.004000
181,3669,3669,4e55940,363051,363377,370212,370312,6.835000,7.161000
181,1490,1490,45d2942,342410,342736,374489,374589,31.753000,32.079000
181,4434,4434,5152943,366051,366385,381170,381270,14.785000,15.119000
181,683,683,42ab942,384051,384377,401495,401595,17.118000,17.444000
181,3947,3947,4f6b941,405051,405377,428338,428438,22.961000,23.287000
181,2502,2502,49c6941,494051,494385,526807,526907,32.422000,32.756000
181,3685,3685,4e65940,523050,523385,555200,555300,31.815000,32.150000
181,3215,3215,4c8f942,547051,547377,560714,560814,13.337000,13.663000
181,3741,3741,4e9d940,623986,624312,637969,638069,13.657000,13.983000
181,3696,3696,4e70940,692051,692377,697972,698072,5.595000,5.921000
181,4409,4409,5139942,678051,678385,721695,721795,43.310000,43.644000
181,4765,4765,529d941,1007051,1007385,1019237,1019337,11.852000,12.186000
181,4871,4871,5307940,1059051,1059385,1064126,1064226,4.741000,5.075000
181,7597,7597,5dad941,1127051,1127377,1140188,1140288,12.811000,13.137000
181,4470,4470,5176941,1154051,1154377,1162677,1162777,8.300000,8.626000
181,6618,6618,59da942,1170051,1170385,1179524,1179624,9.139000,9.473000
181,10221,10221,67ed943,1228051,1228385,1234025,1234125,5.640000,5.974000
181,6475,6475,594b942,1250051,1250377,1260075,1260175,9.698000,10.024000
181,9048,9048,6358943,1290051,1290377,1303975,1304075,13.598000,13.924000
181,3796,3796,4ed4943,1370051,1370377,1377313,1377413,6.936000,7.262000
181,9224,9224,6408940,1384416,1384750,1405077,1405177,20.327000,20.661000
181,9111,9111,6397941,1420712,1421046,1439158,1439258,18.112000,18.446000
181,9313,9313,6461942,1530051,1530385,1539510,1539610,9.125000,9.459000
181,9384,9384,64a8942,1568395,1568729,1590593,1590693,21.864000,22.198000
181,8156,8156,5fdc941,1679051,1679377,1690356,1690456,10.979000,11.305000
181,10714,10714,69da943,1745051,1745377,1754542,1754642,9.165000,9.491000
181,9756,9756,661c942,1799051,1799385,1805916,1806016,6.531000,6.865000
181,9357,9357,648d940,1856051,1856377,1873626,1873726,17.249000,17.575000
182,496,496,41f0940,28051,28385,41571,41671,13.186000,13.520000
182,8,8,4008942,77051,77385,82972,83072,5.587000,5.921000
182,941,941,43ad942,99051,99377,106688,106788,7.311000,7.637000
182,2104,2104,4838943,224051,224377,234584,234684,10.207000,10.533000
182,3642,3642,4e3a942,274051,274385,283827,283927,9.442000,9.776000
182,1720,1720,46b8943,278446,278780,293191,293291,14.411000,14.745000
182,3278,3278,4cce943,282416,282750,309916,310016,27.166000,27.500000
182,2452,2452,4994941,326425,326759,341228,341328,14.469000,14.803000
182,2181,2181,4885941,326051,326385,352207,352307,25.822000,26.156000
182,2209,2209,48a1940,454051,454377,461250,461350,6.873000,7.199000
182,2916,2916,4b64940,484051,484377,502393,502493,18.016000,18.342000
182,2791,2791,4ae7941,580051,580377,590480,590580,10.103000,10.429000
182,3996,3996,4f9c942,607051,607377,612319,612419,4.942000,5.268000
182,4039,4039,4fc7942,615051,615377,626395,626495,11.018000,11.344000
182,6146,6146,5802941,615051,615385,630619,630719,15.234000,15.568000
182,2679,2679,4a77943,719051,719385,724955,725055,5.570000,5.904000
182,4443,4443,515b941,798051,798385,812848,812948,14.463000,14.797000
182,7523,7523,5d63941,870332,870658,884553,884653,13.895000,14.221000
182,5080,5080,53d8943,910051,910385,949810,949910,39.425000,39.759000
182,8341,8341,6095942,958051,958377,969227,969327,10.850000,11.176000
182,5260,5260,548c940,1000051,1000377,1013085,1013185,12.708000,13.034000
182,9597,9597,657d943,1056051,1056377,1074018,1074118,17.641000,17.967000
182,7566,7566,5d8e941,1191051,1191377,1203199,1203299,11.822000,12.148000
182,5117,5117,53fd940,1214051,1214385,1222616,1222716,8.231000,8.565000
182,7333,7333,5ca5941,1276051,1276377,1281087,1281187,4.710000,5.036000
182,7768,7768,5e58943,1275051,1275377,1285239,1285339,9.862000,10.188000
182,9648,9648,65b0941,1324051,1324377,1333575,1333675,9.198000,9.524000
182,10119,10119,6787940,1379051,1379377,1396297,1396397,16.920000,17.246000
182,9398,9398,64b6943,1415051,1415385,1436826,1436926,21.441000,21.775000
182,10395,10395,689b941,1523051,1523385,1534260,1534360,10.875000,11.209000
182,7456,7456,5d20942,1569051,1569385,1583938,1584038,14.553000,14.887000
182,10832,10832,6a50941,1669051,1669385,1679861,1679961,10.476000,10.810000
182,8470,8470,6116943,1971051,1971385,1987912,1988012,16.527000,16.861000
182,8962,8962,6302940,2160051,2160377,2166887,2166987,6.510000,6.836000
182,9782,9782,6636943,2253051,2253385,2260786,2260886,7.401000,7.735000
183,366,366,416e942,31051,31385,45083,45183,13.698000,14.032000
183,710,710,42c6942,248051,248377,257750,257850,9.373000,9.699000
183,1665,1665,4681940,250051,250385,281168,281268,30.783000,31.117000
183,2044,2044,47fc943,314051,314377,328242,328342,13.865000,14.191000
183,1653,1653,4675943,353736,354070,375225,375325,21.155000,21.489000
183,1771,1771,46eb940,385051,385385,395337,395437,9.952000,10.286000
183,1971,1971,47b3942,422577,422903,429559,429659,6.656000,6.982000
183,1329,1329,4531943,479051,479385,490784,490884,11.399000,11.733000
183,3298,3298,4ce2941,542051,542385,566016,566116,23.631000,23.965000
183,4688,4688,5250942,573051,573377,586423,586523,13.046000,13.372000
183,4121,4121,5019940,593051,593385,606870,606970,13.485000,13.819000
183,2321,2321,4911941,643051,643385,649865,649965,6.480000,6.814000
183,6698,6698,5a2a942,774051,774377,780850,780950,6.473000,6.799000
183,5739,5739,566b941,809051,809385,824062,824162,14.677000,15.011000
183,3391,3391,4d3f940,796051,796377,831132,831232,34.755000,35.081000
183,5934,5934,572e942,898051,898385,906923,907023,8.538000,8.872000
183,6589,6589,59bd943,884051,884385,913384,913484,28.999000,29.333000
183,4619,4619,520b942,911051,911377,918900,919000,7.523000,7.849000
183,4980,4980,5374940,929051,929377,936240,936340,6.863000,7.189000
183,7017,7017,5b69942,1028489,1028815,1046576,1046676,17.761000,18.087000
183,6742,6742,5a56940,1148051,1148377,1163237,1163337,14.860000,15.186000
183,8451,8451,6103941,1185051,1185385,1200004,1200104,14.619000,14.953000
183,6616,6616,59d8941,1247051,1247385,1266313,1266413,18.928000,19.262000
183,10140,10140,679c942,1271051,1271385,1280114,1280214,8.729000,9.063000
183,9587,9587,6573940,1282051,1282377,1289772,1289872,7.395000,7.721000
183,10165,10165,67b5942,1353431,1353757,1385746,1385846,31.989000,32.315000
183,4645,4645,5225943,1405051,1405385,1428052,1428152,22.667000,23.001000
183,8299,8299,606b940,1429051,1429377,1445422,1445522,16.045000,16.371000
183,7600,7600,5db0942,1505409,1505743,1529705,1529805,23.962000,24.296000
183,10722,10722,69e2943,1517051,1517385,1535122,1535222,17.737000,18.071000
183,6524,6524,597c942,1673051,1673385,1686099,1686199,12.714000,13.048000
183,10655,10655,699f941,1700051,1700377,1709435,1709535,9.058000,9.384000
183,7381,7381,5cd5942,1692051,1692385,1718981,1719081,26.596000,26.930000
183,8972,8972,630c941,1742425,1742759,1750163,1750263,7.404000,7.738000
183,10901,10901,6a95941,1820051,1820377,1828599,1828699,8.222000,8.548000
183,6702,6702,5a2e941,1902051,1902385,1921354,1921454,18.969000,19.303000
183,10967,10967,6ad7942,2122051,2122377,2130639,2130739,8.262000,8.588000
184,902,902,4386940,104051,104377,111727,111827,7.350000,7.676000
184,646,646,4286941,131051,131377,148087,148187,16.710000,17.036000
184,1714,1714,46b2941,137051,137385,153482,153582,16.097000,16.431000
184,1885,1885,475d940,108416,108742,158951,159051,50.209000,50.535000
184,1785,1785,46f9941,243051,243377,248139,248239,4.762000,5.088000
184,1428,1428,4594942,283395,283721,301710,301810,17.989000,18.315000
184,935,935,43a7941,319051,319385,333779,333879,14.394000,14.728000
184,1479,1479,45c7942,319051,319377,338028,338128,18.651000,18.977000
184,2307,2307,4903940,335051,335377,342215,342315,6.838000,7.164000
184,3976,3976,4f88942,323051,323385,348887,348987,25.502000,25.836000
184,3357,3357,4d1d941,330051,330385,354325,354425,23.940000,24.274000
184,1759,1759,46df942,444051,444377,505643,505743,61.266000,61.592000
184,4625,4625,5211940,554051,554385,570766,570866,16.381000,16.715000
184,2984,2984,4ba8942,571051,571385,580501,580601,9.116000,9.450000
184,2844,2844,4b1c942,654051,654377,671967,672067,17.590000,17.916000
184,6671,6671,5a0f941,746051,746385,755622,755722,9.237000,9.571000
184,2845,2845,4b1d940,752051,752385,794117,794217,41.732000,42.066000
184,3273,3273,4cc9941,773051,773385,799615,799715,26.230000,26.564000
184,6053,6053,57a5943,804051,804385,821553,821653,17.168000,17.502000
184,9824,9824,6660940,830438,830764,844331,844431,13.567000,13.893000
184,6942,6942,5b1e940,841051,841385,849090,849190,7.705000,8.039000
184,7832,7832,5e98943,869051,869385,890792,890892,21.407000,21.741000
184,6626,6626,59e2941,896051,896385,913364,913464,16.979000,17.313000
184,5270,5270,5496940,942051,942377,949696,949796,7.319000,7.645000
184,5465,5465,5559943,945051,945377,955065,955165,9.688000,10.014000
184,3095,3095,4c17940,954051,954385,960017,960117,5.632000,5.966000
184,2688,2688,4a80941,982051,982377,999668,999768,17.291000,17.617000
184,5002,5002,538a941,1029051,1029377,1041320,1041421,11.943000,12.269000
184,1666,1666,4682943,1017051,1017377,1045598,1045697,28.221000,28.547000
184,8552,8552,6168942,1074051,1074377,1085413,1085513,11.036000,11.362000
184,4635,4635,521b943,1073051,1073377,1096424,1096524,23.047000,23.373000
184,6118,6118,57e6940,1177051,1177377,1193881,1193981,16.504000,16.830000
184,8639,8639,61bf940,1482051,1482385,1495187,1495287,12.802000,13.136000
184,9915,9915,66bb942,1498051,1498385,1507471,1507571,9.086000,9.420000
184,4770,4770,52a2941,1490051,1490377,1511689,1511789,21.312000,21.638000
184,7729,7729,5e31941,1523051,1523385,1537022,1537122,13.637000,13.971000
184,8710,8710,6206942,1545410,1545736,1555995,1556095,10.259000,10.585000
184,8983,8983,6317941,1651410,1651736,1671945,1672045,20.209000,20.535000
184,10530,10530,6922941,1717051,1717377,1736799,1736899,19.422000,19.748000
184,8509,8509,613d943,1736051,1736377,1765213,1765313,28.836000,29.162000
184,10881,10881,6a81940,1800051,1800377,1808957,1809057,8.580000,8.906000
184,10719,10719,69df940,1811051,1811385,1821379,1821479,9.994000,10.328000
184,10536,10536,6928941,1898051,1898385,1905833,1905933,7.448000,7.782000
184,7445,7445,5d15943,2006051,2006385,2014617,2014717,8.232000,8.566000
184,8548,8548,6164943,2192446,2192780,2208244,2208344,15.464000,15.798000
185,1886,1886,475e943,176276,176610,197671,197771,21.061000,21.395000
185,130,130,4082940,166051,166377,208486,208586,42.109000,42.435000
185,2245,2245,48c5943,260051,260385,270846,270946,10.461000,10.795000
185,3975,3975,4f87942,239053,239387,276275,276375,36.888000,37.222000
185,1483,1483,45cb940,337051,337385,347380,347480,9.995000,10.329000
185,825,825,4339943,348051,348377,354820,354920,6.443000,6.769000
185,2563,2563,4a03943,358051,358385,367521,367621,9.136000,9.470000
185,1776,1776,46f0940,387051,387385,405438,405538,18.053000,18.387000
185,2559,2559,49ff941,401051,401385,413451,413551,12.066000,12.400000
185,1208,1208,44b8943,492051,492385,506147,506247,13.762000,14.096000
185,4119,4119,5017943,588409,588743,621657,621757,32.914000,33.248000
185,3330,3330,4d02941,620051,620377,632168,632268,11.791000,12.117000
185,4668,4668,523c941,758051,758377,775725,775825,17.348000,17.674000
185,3660,3660,4e4c942,773051,773377,788677,788777,15.300000,15.626000
185,5604,5604,55e4942,794453,794779,808915,809015,14.136000,14.462000
185,5453,5453,554d940,809051,809377,814098,814198,4.721000,5.047000
185,3299,3299,4ce3940,854051,854377,871687,871787,17.310000,17.636000
185,5784,5784,5698942,1004051,1004385,1021693,1021793,17.308000,17.642000
185,5790,5790,569e942,1044013,1044340,1084686,1084786,40.346000,40.673000
185,7267,7267,5c63940,1076051,1076385,1089947,1090047,13.562000,13.896000
185,7828,7828,5e94941,1113840,1114166,1119764,1119864,5.598000,5.924000
185,8330,8330,608a943,1133051,1133377,1151561,1151661,18.184000,18.510000
185,8405,8405,60d5941,1220051,1220385,1233275,1233375,12.890000,13.224000
185,4840,4840,52e8942,1375051,1375385,1383456,1383556,8.071000,8.405000
185,7097,7097,5bb9943,1448051,1448377,1461062,1461162,12.685000,13.011000
185,7435,7435,5d0b940,1497051,1497385,1503838,1503938,6.453000,6.787000
185,7761,7761,5e51943,1521463,1521797,1541735,1541835,19.938000,20.272000
185,5196,5196,544c941,1570051,1570385,1588371,1588471,17.986000,18.320000
185,9641,9641,65a9940,1601051,1601385,1608776,1608876,7.391000,7.725000
185,5737,5737,5669940,1601436,1601762,1620406,1620506,18.644000,18.970000
185,7395,7395,5ce3941,1636051,1636385,1644641,1644741,8.256000,8.590000
185,9509,9509,6525942,1671439,1671765,1681064,1681164,9.299000,9.625000
185,10953,10953,6ac9942,1783051,1783377,1793400,1793500,10.023000,10.349000
185,7409,7409,5cf1942,1890395,1890721,1914977,1915077,24.256000,24.582000
185,10143,10143,679f943,2069051,2069377,2081314,2081415,11.937000,12.263000
186,154,154,409a941,45051,45385,80332,80432,34.947000,35.281000
186,690,690,42b2943,117051,117377,129192,129292,11.815000,12.141000
186,1022,1022,43fe940,160051,160385,170425,170525,10.040000,10.374000
186,835,835,4343940,138051,138385,175792,175892,37.407000,37.741000
186,1522,1522,45f2943,200051,200385,216598,216698,16.213000,16.547000
186,655,655,428f941,251416,251742,274987,275087,23.245000,23.571000
186,1257,1257,44e9940,376051,376377,387430,387530,11.053000,11.379000
186,2003,2003,47d3940,421051,421377,440238,440338,18.861000,19.187000
186,1213,1213,44bd940,435051,435377,459394,459494,24.017000,24.343000
186,3619,3619,4e23940,467051,467377,481293,481393,13.916000,14.242000
186,2853,2853,4b25942,489051,489385,494110,494210,4.725000,5.059000
186,4990,4990,537e943,545453,545779,555913,556013,10.134000,10.460000
186,5725,5725,565d940,574051,574377,604166,604266,29.789000,30.115000
186,4620,4620,520c942,657051,657385,665127,665227,7.742000,8.076000
186,2115,2115,4843942,862651,862985,882834,882934,19.849000,20.183000
186,4733,4733,527d940,917607,917933,937337,937437,19.404000,19.730000
186,4971,4971,536b941,959051,959385,968791,968891,9.406000,9.740000
186,3870,3870,4f1e943,1034051,1034385,1050365,1050465,15.980000,16.314000
186,6975,6975,5b3f942,1041051,1041377,1054510,1054610,13.133000,13.459000
186,5213,5213,545d943,1044051,1044385,1061806,1061906,17.421000,17.755000
186,4306,4306,50d2940,1069051,1069377,1076768,1076868,7.391000,7.717000
186,5950,5950,573e940,1061051,1061377,1095356,1095456,33.979000,34.305000
186,6303,6303,589f942,1301051,1301385,1312248,1312348,10.863000,11.197000
186,7841,7841,5ea1940,1321477,1321803,1345866,1345966,24.063000,24.389000
186,7171,7171,5c03942,1331051,1331385,1351329,1351429,19.944000,20.278000
186,3013,3013,4bc5943,1338051,1338385,1383984,1384084,45.599000,45.933000
186,10739,10739,69f3942,1371051,1371385,1388129,1388229,16.744000,17.078000
186,9033,9033,6349942,1405051,1405385,1410087,1410187,4.702000,5.036000
186,9899,9899,66ab942,1481051,1481377,1491681,1491781,10.304000,10.630000
186,7654,7654,5de6943,1477051,1477377,1495879,1495979,18.502000,18.828000
186,7611,7611,5dbb941,1558051,1558385,1565722,1565822,7.337000,7.671000
186,8777,8777,6249943,1574409,1574743,1590972,1591072,16.229000,16.563000
186,10474,10474,68ea941,1688051,1688377,1700708,1700808,12.331000,12.657000
186,6062,6062,57ae941,1847051,1847377,1863778,1863878,16.401000,16.727000
186,10833,10833,6a51940,1910051,1910377,1916919,1917019,6.542000,6.868000
186,9261,9261,642d942,2009051,2009377,2024777,2024877,15.400000,15.726000
186,9158,9158,63c6941,2008847,2009173,2030295,2030395,21.122000,21.448000
187,1532,1532,45fc942,90051,90377,98712,98812,8.335000,8.661000
187,1410,1410,4582940,237051,237377,266383,266483,29.006000,29.332000
187,1841,1841,4731940,393051,393377,403268,403368,9.891000,10.217000
187,1049,1049,4419943,445051,445385,454626,454726,9.241000,9.575000
187,3166,3166,4c5e941,539051,539377,554887,554987,15.510000,15.836000
187,2175,2175,487f940,574051,574385,595506,595606,21.121000,21.455000
187,3115,3115,4c2b941,598051,598385,621704,621804,23.319000,23.653000
187,4692,4692,5254942,619051,619385,631125,631225,11.740000,12.074000
187,4480,4480,5180940,669051,669377,683475,683575,14.098000,14.424000
187,3649,3649,4e41942,730051,730385,742678,742778,12.293000,12.627000
187,4967,4967,5367940,765051,765385,773614,773714,8.229000,8.563000
187,4082,4082,4ff2940,771051,771385,777818,777918,6.433000,6.767000
187,2299,2299,48fb943,840051,840385,861061,861161,20.676000,21.010000
187,5035,5035,53ab942,856851,857177,877337,877437,20.160000,20.486000
187,10155,10155,67ab940,883051,883377,910757,910857,27.380000,27.706000
187,4641,4641,5221941,912977,913311,927079,927179,13.768000,14.102000
187,7637,7637,5dd5942,977051,977385,990939,991039,13.554000,13.888000
187,5073,5073,53d1940,988051,988385,997448,997548,9.063000,9.397000
187,6826,6826,5aaa941,994051,994377,1012002,1012102,17.625000,17.951000
187,6530,6530,5982940,1056051,1056377,1066519,1066619,10.142000,10.468000
187,7905,7905,5ee1943,1182051,1182385,1190803,1190903,8.418000,8.752000
187,7524,7524,5d64942,1199051,1199385,1207187,1207287,7.802000,8.136000
187,9212,9212,63fc940,1208051,1208377,1219239,1219339,10.862000,11.188000
187,8412,8412,60dc943,1284051,1284377,1293570,1293670,9.193000,9.519000
187,7881,7881,5ec9941,1314051,1314385,1323541,1323641,9.156000,9.490000
187,6571,6571,59ab940,1336051,1336385,1345413,1345513,9.028000,9.362000
187,7783,7783,5e67941,1344051,1344385,1353492,1353592,9.107000,9.441000
187,6944,6944,5b20943,1400051,1400385,1409537,1409637,9.152000,9.486000
187,10212,10212,67e4940,1410051,1410385,1428332,1428432,17.947000,18.281000
187,10646,10646,6996940,1471051,1471377,1491742,1491842,20.365000,20.691000
187,9373,9373,649d942,1516051,1516385,1529632,1529732,13.247000,13.581000
187,9156,9156,63c4940,1656051,1656385,1662831,1662931,6.446000,6.780000
187,9825,9825,6661940,1662438,1662764,1673437,1673537,10.673000,10.999000
187,10086,10086,6766940,1689051,1689377,1698474,1698574,9.097000,9.423000
187,9297,9297,6451943,2131051,2131377,2137086,2137186,5.709000,6.035000
187,10025,10025,6729942,2267051,2267385,2280141,2280241,12.756000,13.090000
188,2988,2988,4bac941,98051,98385,114883,114983,16.498000,16.832000
188,379,379,417b942,125051,125377,130958,131057,5.581000,5.907000
188,986,986,43da943,215051,215385,224588,224688,9.203000,9.537000
188,1619,1619,4653942,269051,269377,288703,288803,19.326000,19.652000
188,3023,3023,4bcf942,322431,322757,339861,339961,17.104000,17.430000
188,1153,1153,4481942,310026,310360,359687,359787,49.327000,49.661000
188,1492,1492,45d4941,333051,333385,363885,363985,30.500000,30.834000
188,982,982,43d6940,327416,327742,372279,372379,44.537000,44.863000
188,2765,2765,4acd940,441051,441385,462083,462183,20.698000,21.032000
188,4787,4787,52b3941,517409,517742,536817,536917,19.075000,19.408000
188,2436,2436,4984941,532051,532385,542487,542587,10.102000,10.436000
188,5526,5526,5596942,535051,535377,547906,548006,12.529000,12.855000
188,2829,2829,4b0d943,528425,528759,575461,575561,46.702000,47.036000
188,2488,2488,49b8941,586051,586385,616563,616663,30.178000,30.512000
188,6809,6809,5a99940,762051,762385,778271,778371,15.886000,16.220000
188,7740,7740,5e3c943,813051,813377,819254,819354,5.877000,6.203000
188,8096,8096,5fa0943,820051,820377,832341,832441,11.964000,12.290000
188,7890,7890,5ed2943,844051,844377,851093,851193,6.716000,7.042000
188,6885,6885,5ae5942,844051,844377,856192,856292,11.815000,12.141000
188,6965,6965,5b35940,944438,944764,958351,958451,13.587000,13.913000
188,8828,8828,627c943,991051,991385,1033186,1033286,41.801000,42.135000
188,5381,5381,5505941,1091400,1091726,1098200,1098300,6.474000,6.800000
188,8100,8100,5fa4941,1085051,1085377,1107886,1107986,22.509000,22.835000
188,7951,7951,5f0f942,1114051,1114385,1123300,1123400,8.915000,9.249000
188,6262,6262,5876942,1114051,1114385,1139057,1139157,24.672000,25.006000
188,8755,8755,6233941,1159051,1159385,1179311,1179411,19.926000,20.260000
188,4141,4141,502d940,1210051,1210385,1216044,1216144,5.659000,5.993000
188,9608,9608,6588943,1201051,1201377,1232497,1232597,31.120000,31.446000
188,9441,9441,64e1941,1245051,1245385,1280973,1281073,35.588000,35.922000
188,8882,8882,62b2943,1295051,1295377,1302794,1302894,7.417000,7.743000
188,9864,9864,6688941,1342051,1342377,1349774,1349874,7.397000,7.723000
188,9380,9380,64a4943,1349051,1349385,1361008,1361108,11.623000,11.957000
188,5016,5016,5398942,1415051,1415377,1422782,1422882,7.405000,7.731000
188,7374,7374,5cce942,1396051,1396385,1427748,1427848,31.363000,31.697000
188,10595,10595,6963940,1501051,1501385,1516234,1516334,14.849000,15.183000
188,8398,8398,60ce940,1552051,1552377,1559083,1559183,6.706000,7.032000
188,6868,6868,5ad4942,1570051,1570377,1583162,1583262,12.785000,13.111000
188,9876,9876,6694940,1610051,1610377,1629220,1629320,18.843000,19.169000
188,10425,10425,68b9942,1682368,1682694,1692320,1692420,9.626000,9.952000
188,10637,10637,698d943,1690453,1690779,1698115,1698215,7.336000,7.662000
188,8557,8557,616d940,1927051,1927385,1933915,1934015,6.530000,6.864000
188,10062,10062,674e942,1961051,1961385,1973982,1974082,12.597000,12.931000
188,9921,9921,66c1943,2298051,2298385,2304891,2304991,6.506000,6.840000
189,616,616,4268941,65051,65385,93829,93929,28.444000,28.778000
189,17,17,4011942,110051,110377,122136,122236,11.759000,12.085000
189,1168,1168,4490942,111051,111385,127653,127753,16.268000,16.602000
189,438,438,41b6942,136202,136528,163424,163524,26.896000,27.222000
189,1227,1227,44cb943,155051,155377,168941,169041,13.564000,13.890000
189,869,869,4365941,170432,170766,181162,181262,10.396000,10.730000
189,2343,2343,4927943,162051,162377,185429,185529,23.052000,23.378000
189,786,786,4312940,176051,176377,201916,202016,25.539000,25.865000
189,1499,1499,45db943,198051,198385,213709,213809,15.324000,15.658000
189,1455,1455,45af940,219406,219732,233739,233839,14.007000,14.333000
189,725,725,42d5942,293051,293377,310325,310425,16.948000,17.274000
189,3801,3801,4ed9941,344051,344377,375743,375843,31.366000,31.692000
189,2154,2154,486a941,388051,388385,393978,394078,5.593000,5.927000
189,937,937,43a9943,424051,424377,437241,437341,12.864000,13.190000
189,1608,1608,4648940,455617,455943,470484,470584,14.541000,14.867000
189,4778,4778,52aa943,487051,487377,493032,493132,5.655000,5.981000
189,4192,4192,5060941,669443,669777,674546,674646,4.769000,5.103000
189,3158,3158,4c56940,735051,735377,740105,740205,4.728000,5.054000
189,7316,7316,5c94942,783410,783736,816421,816521,32.685000,33.011000
189,8388,8388,60c4943,805051,805377,827447,827547,22.070000,22.396000
189,5783,5783,5697941,915051,915385,945393,945493,30.008000,30.342000
189,5370,5370,54fa942,1059051,1059385,1079454,1079554,20.069000,20.403000
189,4529,4529,51b1940,1102051,1102385,1121406,1121506,19.021000,19.355000
189,4447,4447,515f942,1125051,1125377,1143716,1143816,18.339000,18.665000
189,7007,7007,5b5f940,1189051,1189377,1204943,1205043,15.566000,15.892000
189,10015,10015,671f941,1392249,1392575,1414870,1414970,22.295000,22.621000
189,6661,6661,5a05941,1586051,1586385,1592046,1592146,5.661000,5.995000
189,10074,10074,675a941,1625051,1625377,1630975,1631075,5.598000,5.924000
189,9138,9138,63b2941,1730051,1730385,1749115,1749215,18.730000,19.064000
189,9526,9526,6536942,1782051,1782377,1800426,1800526,18.049000,18.375000
189,10631,10631,6987940,1926051,1926377,1941675,1941775,15.298000,15.624000
189,9856,9856,6680942,2146051,2146385,2159065,2159165,12.680000,13.014000
190,88,88,4058941,90051,90385,99711,99811,9.326000,9.660000
190,238,238,40ee941,88051,88385,103875,103975,15.490000,15.824000
190,473,473,41d9941,80051,80377,108080,108180,27.703000,28.029000
190,680,680,42a8940,155051,155377,190168,190268,34.791000,35.117000
190,1170,1170,4492943,208051,208377,217926,218026,9.549000,9.875000
190,3087,3087,4c0f942,254051,254377,272315,272415,17.938000,18.264000
190,1047,1047,4417940,273051,273377,317619,317719,44.242000,44.568000
190,284,284,411c943,347051,347385,371062,371162,23.677000,24.011000
190,3917,3917,4f4d942,366051,366385,382710,382810,16.325000,16.659000
190,3063,3063,4bf7943,447051,447377,454823,454923,7.446000,7.772000
190,2408,2408,4968941,441051,441377,459221,459321,17.844000,18.170000
190,4782,4782,52ae943,540051,540385,546922,547022,6.537000,6.871000
190,3729,3729,4e91942,530051,530385,552339,552439,21.954000,22.288000
190,3426,3426,4d62943,683051,683385,691925,692025,8.540000,8.874000
190,6111,6111,57df941,682444,682770,704599,704699,21.829000,22.155000
190,7134,7134,5bde942,757051,757377,762176,762276,4.799000,5.125000
190,4489,4489,5189940,855881,856215,875148,875248,18.933000,19.267000
190,3458,3458,4d82943,879051,879385,887262,887362,7.877000,8.211000
190,7260,7260,5c5c941,882051,882385,908093,908193,25.708000,26.042000
190,6020,6020,5784943,947051,947377,953849,953949,6.472000,6.798000
190,5470,5470,555e940,1029051,1029385,1045132,1045232,15.747000,16.081000
190,6897,6897,5af1940,1105051,1105385,1111915,1112015,6.530000,6.864000
190,6529,6529,5981942,1091051,1091385,1118417,1118517,27.032000,27.366000
190,8347,8347,609b943,1107051,1107385,1123939,1124039,16.554000,16.888000
190,8346,8346,609a943,1151051,1151385,1156154,1156254,4.769000,5.103000
190,5519,5519,558f943,1198439,1198773,1212430,1212530,13.657000,13.991000
190,2885,2885,4b45942,1237882,1238216,1253548,1253648,15.332000,15.666000
190,8396,8396,60cc940,1283805,1284131,1293372,1293472,9.241000,9.567000
190,8011,8011,5f4b940,1280051,1280385,1297590,1297690,17.205000,17.539000
190,6272,6272,5880941,1314051,1314385,1319085,1319185,4.700000,5.034000
190,8022,8022,5f56943,1313051,1313377,1324262,1324362,10.885000,11.211000
190,10867,10867,6a73942,1346051,1346377,1360176,1360276,13.799000,14.125000
190,9170,9170,63d2943,1399051,1399377,1407656,1407756,8.279000,8.605000
190,5103,5103,53ef941,1442438,1442764,1464422,1464522,21.658000,21.984000
190,7680,7680,5e00942,1431051,1431385,1470941,1471041,39.556000,39.890000
190,7245,7245,5c4d941,1470051,1470385,1498247,1498347,27.862000,28.196000
190,10767,10767,6a0f943,1533841,1534175,1543050,1543150,8.875000,9.209000
190,7593,7593,5da9942,1553051,1553385,1564217,1564317,10.832000,11.166000
190,10629,10629,6985943,1659051,1659377,1667735,1667835,8.358000,8.684000
190,10450,10450,68d2943,1662439,1662773,1673154,1673254,10.381000,10.715000
190,8177,8177,5ff1940,1705051,1705377,1727815,1727915,22.438000,22.764000
190,10526,10526,691e941,1732051,1732385,1757389,1757489,25.004000,25.338000
190,7643,7643,5ddb941,1779051,1779385,1784978,1785078,5.593000,5.927000
190,8916,8916,62d4940,2091051,2091385,2102221,2102321,10.836000,11.170000
190,9689,9689,65d9943,2237051,2237377,2245682,2245782,8.305000,8.631000
190,9232,9232,6410943,2301051,2301385,2317783,2317883,16.398000,16.732000
191,9,9,4009941,32050,32385,37977,38077,5.592000,5.927000
191,141,141,408d942,34051,34385,45370,45470,10.985000,11.319000
191,2521,2521,49d9942,262029,262363,273620,273720,11.257000,11.591000
191,340,340,4154942,265051,265377,282491,282591,17.114000,17.440000
191,712,712,42c8940,286051,286377,301211,301311,14.834000,15.160000
191,1303,1303,4517942,394051,394385,408059,408159,13.674000,14.008000
191,2274,2274,48e2942,503051,503377,524102,524202,20.725000,21.051000
191,4491,4491,518b942,535051,535377,555404,555504,20.027000,20.353000
191,5264,5264,5490943,719051,719385,730208,730308,10.823000,11.157000
191,3784,3784,4ec8941,763051,763385,779493,779593,16.108000,16.442000
191,5660,5660,561c942,835051,835377,848192,848292,12.815000,13.141000
191,6300,6300,589c940,865427,865753,886300,886400,20.547000,20.873000
191,8242,8242,6032942,878205,878531,907000,907100,28.469000,28.795000
191,4425,4425,5149943,918051,918385,941447,941547,23.062000,23.396000
191,6082,6082,57c2942,957051,957377,974497,974597,17.120000,17.446000
191,7220,7220,5c34943,978439,978773,983517,983617,4.744000,5.078000
191,3962,3962,4f7a942,1007051,1007385,1028115,1028215,20.730000,21.064000
191,7022,7022,5b6e941,1063051,1063385,1080801,1080901,17.416000,17.750000
191,6029,6029,578d942,1117051,1117377,1150802,1150902,33.425000,33.751000
191,9280,9280,6440941,1231051,1231377,1250203,1250303,18.826000,19.152000
191,5590,5590,55d6943,1299051,1299377,1314419,1314519,15.042000,15.368000
191,7165,7165,5bfd942,1300051,1300385,1318591,1318691,18.206000,18.540000
191,7279,7279,5c6f943,1358051,1358377,1381846,1381946,23.469000,23.795000
191,9730,9730,6602943,1371051,1371377,1392157,1392257,20.780000,21.106000
191,4663,4663,5237941,1388051,1388385,1406205,1406305,17.820000,18.154000
191,9164,9164,63cc942,1453051,1453385,1458093,1458193,4.708000,5.042000
191,8397,8397,60cd941,1446926,1447252,1473967,1474067,26.715000,27.041000
191,8270,8270,604e943,1463438,1463764,1486366,1486466,22.602000,22.928000
191,9657,9657,65b9940,1508051,1508377,1518353,1518453,9.976000,10.302000
191,10887,10887,6a87940,1552051,1552385,1567321,1567421,14.936000,15.270000
191,5179,5179,543b941,1558416,1558742,1581493,1581593,22.751000,23.077000
191,10064,10064,6750941,1858424,1858750,1864721,1864821,5.971000,6.297000
191,7111,7111,5bc7943,2128051,2128377,2147470,2147570,19.093000,19.419000
191,8831,8831,627f941,2350051,2350385,2356852,2356952,6.467000,6.801000
192,606,606,425e943,28051,28385,40798,40898,12.413000,12.747000
192,1346,1346,4542941,91051,91385,111799,111899,20.414000,20.748000
192,18,18,4012943,93051,93385,117255,117355,23.870000,24.204000
192,1079,1079,4437940,164051,164377,188004,188104,23.627000,23.953000
192,1582,1582,462e943,179051,179377,209859,209959,30.482000,30.808000
192,792,792,4318941,176051,176377,221739,221839,45.362000,45.688000
192,1944,1944,4798941,242051,242377,273626,273726,31.249000,31.575000
192,3589,3589,4e05940,363051,363377,372518,372618,9.141000,9.467000
192,3106,3106,4c22941,361051,361385,377858,377958,16.473000,16.807000
192,2820,2820,4b04943,411051,411385,417864,417964,6.479000,6.813000
192,2140,2140,485c942,457051,457377,472884,472984,15.507000,15.833000
192,3597,3597,4e0d940,457051,457385,491612,491712,34.227000,34.561000
192,2766,2766,4ace940,486051,486377,495852,495952,9.475000,9.801000
192,3238,3238,4ca6941,492051,492385,500637,500737,8.252000,8.586000
192,1795,1795,4703940,529051,529377,539384,539484,10.007000,10.333000
192,5193,5193,5449940,600759,601085,630306,630406,29.221000,29.547000
192,5332,5332,54d4943,686051,686385,708254,708354,21.869000,22.203000
192,5101,5101,53ed943,711051,711385,751360,751460,39.975000,40.309000
192,4184,4184,5058941,730051,730385,772861,772961,42.476000,42.810000
192,7151,7151,5bef943,751051,751385,794777,794877,43.392000,43.726000
192,4253,4253,509d940,794051,794377,803849,803949,9.472000,9.798000
192,4201,4201,5069943,830051,830377,846780,846880,16.403000,16.729000
192,3668,3668,4e54942,806051,806385,852254,852354,45.869000,46.203000
192,6149,6149,5805943,840051,840377,857642,857742,17.265000,17.591000
192,6058,6058,57aa940,860051,860385,866862,866962,6.477000,6.811000
192,5549,5549,55ad943,868051,868385,905272,905372,36.887000,37.221000
192,5550,5550,55ae942,896051,896385,909466,909566,13.081000,13.415000
192,5161,5161,5429940,877782,878108,942254,942354,64.146000,64.472000
192,3460,3460,4d84943,994051,994377,1011211,1011311,16.834000,17.160000
192,10891,10891,6a8b940,1022446,1022780,1028353,1028453,5.573000,5.907000
192,7330,7330,5ca2943,1024051,1024377,1043388,1043488,19.011000,19.337000
192,5881,5881,56f9941,1079051,1079385,1093421,1093521,14.036000,14.370000
192,4951,4951,5357940,1104051,1104385,1112662,1112762,8.277000,8.611000
192,3674,3674,4e5a940,1115051,1115377,1134578,1134678,19.201000,19.527000
192,6280,6280,5888940,1139051,1139377,1149476,1149576,10.099000,10.425000
192,7817,7817,5e89943,1162051,1162385,1187764,1187864,25.379000,25.713000
192,8873,8873,62a9942,1209051,1209385,1235643,1235743,26.258000,26.592000
192,7234,7234,5c42940,1270051,1270385,1290519,1290619,20.134000,20.468000
192,9528,9528,6538941,1385051,1385385,1400028,1400128,14.643000,14.977000
192,10505,10505,6909943,1473051,1473385,1484669,1484769,11.284000,11.618000
192,9236,9236,6414942,1485051,1485385,1503294,1503394,17.909000,18.243000
192,9978,9978,66fa942,1492051,1492377,1507510,1507610,15.133000,15.459000
192,7916,7916,5eec942,1487051,1487377,1511721,1511821,24.344000,24.670000
192,9269,9269,6435940,1677051,1677377,1683819,1683919,6.442000,6.768000
192,9702,9702,65e6942,1844051,1844385,1850913,1851013,6.528000,6.862000
192,9187,9187,63e3943,1840395,1840729,1859888,1859988,19.159000,19.493000
192,9210,9210,63fa943,1965051,1965385,1989935,1990035,24.550000,24.884000
193,756,756,42f4942,36431,36757,61265,61365,24.508000,24.834000
193,31,31,401f940,66051,66385,78206,78306,11.821000,12.155000
193,708,708,42c4943,156051,156377,162035,162135,5.658000,5.984000
193,857,857,4359943,159933,160259,168687,168787,8.428000,8.754000
193,3035,3035,4bdb943,171409,171743,181913,182013,10.170000,10.504000
193,2400,2400,4960940,263416,263750,273035,273135,9.285000,9.619000
193,1199,1199,44af941,288051,288377,300201,300301,11.824000,12.150000
193,2619,2619,4a3b941,331051,331377,356799,356899,25.422000,25.748000
193,3361,3361,4d21941,362051,362377,370441,370541,8.064000,8.390000
193,1389,1389,456d941,344051,344385,377141,377241,32.756000,33.090000
193,2965,2965,4b95942,392051,392377,403184,403284,10.807000,11.133000
193,4567,4567,51d7942,394051,394385,424954,425054,30.569000,30.903000
193,3281,3281,4cd1941,400051,400385,430471,430571,30.086000,30.420000
193,2036,2036,47f4943,429051,429385,455442,455542,26.057000,26.391000
193,1239,1239,44d7943,455051,455377,469018,469118,13.641000,13.967000
193,2183,2183,4887942,508051,508377,531014,531114,22.637000,22.963000
193,5659,5659,561b942,523050,523385,542505,542605,19.120000,19.455000
193,4843,4843,52eb941,540051,540377,561764,561864,21.387000,21.713000
193,3612,3612,4e1c941,569051,569377,579834,579934,10.457000,10.783000
193,2823,2823,4b07943,582051,582377,591542,591642,9.165000,9.491000
193,5190,5190,5446942,651051,651377,669486,669586,18.109000,18.435000
193,5001,5001,5389941,720051,720377,725075,725175,4.698000,5.024000
193,5347,5347,54e3943,760051,760377,774259,774359,13.882000,14.208000
193,7233,7233,5c41942,778051,778385,805919,806019,27.534000,27.868000
193,3694,3694,4e6e940,805051,805385,829532,829632,24.147000,24.481000
193,5711,5711,564f941,836919,837245,868348,868448,31.103000,31.429000
193,4960,4960,5360940,913051,913377,931422,931522,18.045000,18.371000
193,4807,4807,52c7940,999051,999385,1004921,1005021,5.536000,5.870000
193,6123,6123,57eb940,1008051,1008385,1035581,1035682,27.196000,27.530000
193,3731,3731,4e93942,1005051,1005385,1046588,1046687,41.203000,41.537000
193,5509,5509,5585942,1135051,1135385,1140956,1141056,5.571000,5.905000
193,6385,6385,58f1940,1144439,1144773,1159451,1159551,14.678000,15.012000
193,7685,7685,5e05940,1170051,1170385,1177791,1177891,7.406000,7.740000
193,6100,6100,57d4942,1187051,1187385,1195735,1195835,8.350000,8.684000
193,10478,10478,68ee941,1400051,1400377,1405126,1405226,4.749000,5.075000
193,9636,9636,65a4941,1405330,1405664,1415249,1415349,9.585000,9.919000
193,9110,9110,6396942,1497051,1497377,1541008,1541108,43.631000,43.957000
193,10658,10658,69a2941,1512051,1512377,1563042,1563142,50.665000,50.991000
193,10371,10371,6883940,1579051,1579377,1585000,1585100,5.623000,5.949000
193,9634,9634,65a2940,1731051,1731385,1754564,1754664,23.179000,23.513000
193,10299,10299,683b940,1786051,1786385,1801791,1801891,15.406000,15.740000
193,10471,10471,68e7940,1873051,1873377,1892326,1892426,18.949000,19.275000
193,8408,8408,60d8943,1991051,1991377,2000578,2000678,9.201000,9.527000
193,9495,9495,6517941,2318051,2318377,2327524,2327624,9.147000,9.473000
194,1089,1089,4441940,62696,63030,112245,112345,49.215000,49.549000
194,1313,1313,4521942,222051,222377,231078,231178,8.701000,9.027000
194,1282,1282,4502941,261051,261385,267005,267105,5.620000,5.954000
194,2568,2568,4a08943,261051,261376,272394,272494,11.018000,11.343000
194,3617,3617,4e21943,341051,341385,359172,359272,17.787000,18.121000
194,3662,3662,4e4e940,325051,325385,364689,364789,39.304000,39.638000
194,3199,3199,4c7f941,406051,406385,426768,426868,20.383000,20.717000
194,1762,1762,46e2941,462410,462736,467430,467530,4.694000,5.020000
194,3806,3806,4ede940,524050,524385,535603,535703,11.218000,11.553000
194,3832,3832,4ef8940,571051,571385,595826,595926,24.441000,24.775000
194,3309,3309,4ced943,689051,689377,699733,699833,10.356000,10.682000
194,5137,5137,5411943,658531,658865,703875,703975,45.010000,45.344000
194,2487,2487,49b7940,695051,695385,721958,722058,26.573000,26.907000
194,4137,4137,5029943,802051,802385,812754,812854,10.369000,10.703000
194,5185,5185,5441942,841051,841377,847127,847227,5.750000,6.076000
194,8012,8012,5f4c943,961051,961377,968824,968924,7.447000,7.773000
194,6232,6232,5858940,1001492,1001818,1010112,1010212,8.294000,8.620000
194,7617,7617,5dc1941,988051,988385,1014332,1014432,25.947000,26.281000
194,7444,7444,5d14940,1081416,1081742,1092755,1092855,11.013000,11.339000
194,6134,6134,57f6942,1117051,1117377,1133008,1133108,15.631000,15.957000
194,6795,6795,5a8b940,1249051,1249377,1256831,1256931,7.454000,7.780000
194,9857,9857,6681941,1317051,1317385,1341024,1341124,23.639000,23.973000
194,8279,8279,6057943,1320051,1320385,1345191,1345291,24.806000,25.140000
194,10748,10748,69fc942,1417051,1417377,1430657,1430757,13.280000,13.606000
194,8432,8432,60f0941,1473051,1473385,1493065,1493165,19.680000,20.014000
194,10992,10992,6af0943,1517051,1517377,1528379,1528479,11.002000,11.328000
194,10382,10382,688e940,1619051,1619377,1629459,1629559,10.082000,10.408000
194,9993,9993,6709942,1710051,1710385,1715098,1715198,4.713000,5.047000
194,10742,10742,69f6941,1723051,1723385,1743049,1743149,19.664000,19.998000
194,6730,6730,5a4a943,1753153,1753479,1759223,1759323,5.744000,6.070000
194,9128,9128,63a8942,1796051,1796377,1806396,1806496,10.019000,10.345000
194,9637,9637,65a5940,2085051,2085385,2098104,2098204,12.719000,13.053000
194,8786,8786,6252943,2269051,2269377,2282107,2282207,12.730000,13.056000
195,46,46,402e942,29051,29385,42442,42542,13.057000,13.391000
195,97,97,4061941,104051,104377,123215,123315,18.838000,19.164000
195,1959,1959,47a7942,160051,160377,176488,176588,16.111000,16.437000
195,566,566,4236943,194051,194385,205621,205721,11.236000,11.570000
195,1216,1216,44c0941,158051,158377,211122,211222,52.745000,53.071000
195,1706,1706,46aa940,306051,306377,311942,312042,5.565000,5.891000
195,1668,1668,4684940,346051,346385,352873,352973,6.488000,6.822000
195,4408,4408,5138941,350051,350377,365354,365454,14.977000,15.303000
195,1995,1995,47cb940,363051,363385,376141,376241,12.756000,13.090000
195,1989,1989,47c5943,382051,382377,396905,397005,14.528000,14.854000
195,1440,1440,45a0942,416051,416385,422003,422103,5.618000,5.952000
195,3315,3315,4cf3942,457051,457385,462097,462197,4.712000,5.046000
195,1740,1740,46cc942,521050,521377,528789,528889,7.412000,7.739000
195,2739,2739,4ab3942,589843,590177,625215,625315,35.038000,35.372000
195,4987,4987,537b943,664051,664377,680120,680220,15.743000,16.069000
195,4504,4504,5198941,687104,687430,700242,700342,12.812000,13.138000
195,5672,5672,5628942,709051,709385,716747,716847,7.362000,7.696000
195,5796,5796,56a4942,717051,717385,727596,727696,10.211000,10.545000
195,3690,3690,4e6a940,727051,727385,738573,738673,11.188000,11.522000
195,3651,3651,4e43941,716051,716377,755987,756087,39.610000,39.936000
195,7877,7877,5ec5940,754051,754377,772301,772401,17.924000,18.250000
195,3524,3524,4dc4941,858051,858385,878102,878202,19.717000,20.051000
195,5358,5358,54ee940,906439,906765,943029,943129,36.264000,36.590000
195,7504,7504,5d50941,940051,940377,960850,960950,20.473000,20.799000
195,5577,5577,55c9942,1024051,1024385,1036028,1036128,11.643000,11.977000
195,5657,5657,5619940,1034395,1034721,1051600,1051700,16.879000,17.205000
195,5800,5800,56a8940,1083051,1083385,1090737,1090837,7.352000,7.686000
195,5316,5316,54c4943,1128051,1128385,1140281,1140381,11.896000,12.230000
195,6775,6775,5a77942,1153051,1153385,1159887,1159987,6.502000,6.836000
195,7148,7148,5bec940,1217051,1217377,1227949,1228049,10.572000,10.898000
195,5504,5504,5580942,1241051,1241385,1260420,1260520,19.035000,19.369000
195,6047,6047,579f943,1276051,1276385,1282073,1282173,5.688000,6.022000
195,9786,9786,663a943,1273051,1273377,1286283,1286383,12.906000,13.232000
195,8816,8816,6270943,1299051,1299385,1311247,1311347,11.862000,12.196000
195,7116,7116,5bcc943,1329786,1330112,1356387,1356487,26.275000,26.601000
195,9733,9733,6605940,1397051,1397377,1415036,1415136,17.659000,17.985000
195,4884,4884,5314941,1395051,1395377,1426021,1426121,30.644000,30.970000
195,8171,8171,5feb941,1406051,1406385,1431535,1431635,25.150000,25.484000
195,10090,10090,676a942,1482051,1482385,1500980,1501080,18.595000,18.929000
195,9891,9891,66a3942,1561051,1561385,1583495,1583595,22.110000,22.444000
195,10282,10282,682a943,1626051,1626385,1637432,1637532,11.047000,11.381000
195,6314,6314,58aa943,1654845,1655179,1664942,1665042,9.763000,10.097000
195,9910,9910,66b6943,1770051,1770385,1775086,1775186,4.701000,5.035000
195,10821,10821,6a45943,1921051,1921385,1936833,1936933,15.448000,15.782000
195,9051,9051,635b941,1921051,1921377,1941110,1941210,19.733000,20.059000
195,10672,10672,69b0942,2032051,2032385,2041540,2041640,9.155000,9.489000
195,10736,10736,69f0943,2406051,2406377,2413771,2413871,7.394000,7.720000
196,300,300,412c940,176051,176385,184608,184708,8.223000,8.557000
196,2019,2019,47e3940,355051,355385,380572,380672,25.187000,25.521000
196,1961,1961,47a9940,446051,446377,464150,464250,17.773000,18.099000
196,4575,4575,51df941,507051,507377,515672,515771,8.295000,8.621000
196,5265,5265,5491941,554051,554385,560862,560962,6.477000,6.811000
196,5291,5291,54ab941,578051,578377,590346,590446,11.969000,12.295000
196,1833,1833,4729941,641464,641790,656050,656150,14.260000,14.586000
196,4559,4559,51cf941,705051,705385,720260,720360,14.875000,15.209000
196,5803,5803,56ab941,821051,821385,832812,832912,11.427000,11.761000
196,5858,5858,56e2942,824524,824850,848316,848416,23.466000,23.792000
196,6920,6920,5b08942,815395,815721,852632,852732,36.911000,37.237000
196,4926,4926,533e942,870051,870385,876831,876931,6.446000,6.780000
196,4736,4736,5280943,875051,875377,881026,881126,5.649000,5.975000
196,5428,5428,5534943,891051,891385,898027,898127,6.642000,6.976000
196,7173,7173,5c05941,941051,941377,954471,954571,13.094000,13.420000
196,6960,6960,5b30942,1003364,1003698,1010148,1010248,6.450000,6.784000
196,7358,7358,5cbe941,1010051,1010377,1018988,1019088,8.611000,8.937000
196,9386,9386,64aa943,1028051,1028377,1055581,1055681,27.204000,27.530000
196,4965,4965,5365940,1070453,1070779,1088105,1088205,17.326000,17.652000
196,8306,8306,6072940,1111051,1111377,1130539,1130639,19.162000,19.488000
196,8871,8871,62a7943,1138439,1138765,1164553,1164653,25.788000,26.114000
196,8915,8915,62d3943,1149353,1149687,1175520,1175620,25.833000,26.167000
196,6721,6721,5a41940,1161051,1161377,1235088,1235188,73.711000,74.037000
196,6650,6650,59fa942,1286051,1286377,1301903,1302003,15.526000,15.852000
196,8122,8122,5fba941,1306051,1306377,1320273,1320373,13.896000,14.222000
196,7510,7510,5d56940,1341531,1341865,1368200,1368300,26.335000,26.669000
196,8484,8484,6124940,1357051,1357385,1373668,1373768,16.283000,16.617000
196,7406,7406,5cee940,1371051,1371385,1379720,1379820,8.335000,8.669000
196,6906,6906,5afa942,1420051,1420377,1431165,1431265,10.788000,11.114000
196,7948,7948,5f0c941,1433938,1434272,1446195,1446295,11.923000,12.257000
196,7398,7398,5ce6942,1457051,1457385,1473573,1473673,16.188000,16.522000
196,10661,10661,69a5940,1533051,1533377,1538149,1538249,4.772000,5.098000
196,7266,7266,5c62943,1559051,1559377,1585388,1585488,26.011000,26.337000
196,9878,9878,6696943,1596051,1596385,1608745,1608845,12.360000,12.694000
196,10666,10666,69aa942,1655051,1655385,1662754,1662854,7.369000,7.703000
196,8406,8406,60d6940,1694051,1694377,1700025,1700125,5.648000,5.974000
196,9097,9097,6389943,1704051,1704377,1718900,1719000,14.523000,14.849000
196,7532,7532,5d6c941,1808051,1808377,1822891,1822991,14.514000,14.840000
196,10831,10831,6a4f942,2051051,2051377,2058792,2058892,7.415000,7.741000
197,38,38,4026941,34051,34385,39125,39225,4.740000,5.074000
197,450,450,41c2943,49051,49377,58518,58618,9.141000,9.467000
197,288,288,4120941,62051,62377,80214,80314,17.837000,18.163000
197,831,831,433f941,80051,80385,98679,98779,18.294000,18.628000
197,37,37,4025941,94051,94385,104741,104841,10.356000,10.690000
197,378,378,417a940,138051,138377,157112,157212,18.735000,19.061000
197,1628,1628,465c940,154132,154458,176443,176543,21.985000,22.311000
197,2060,2060,480c943,216051,216385,222840,222940,6.455000,6.789000
197,2359,2359,4937943,269051,269385,285610,285710,16.225000,16.559000
197,1591,1591,4637942,285051,285377,292793,292893,7.416000,7.742000
197,1424,1424,4590940,329051,329377,345621,345721,16.244000,16.570000
197,1555,1555,4613943,337051,337377,349836,349936,12.459000,12.785000
197,1452,1452,45ac940,367051,367385,391488,391588,24.103000,24.437000
197,2375,2375,4947940,467051,467377,491940,492040,24.563000,24.889000
197,3702,3702,4e76941,491051,491377,502272,502372,10.895000,11.221000
197,1405,1405,457d943,539051,539377,550438,550538,11.061000,11.387000
197,4327,4327,50e7942,575051,575385,587301,587401,11.916000,12.250000
197,6083,6083,57c3942,620051,620385,627801,627901,7.416000,7.750000
197,1638,1638,4666941,636051,636385,642103,642203,5.718000,6.052000
197,4411,4411,513b943,639051,639377,666037,666137,26.660000,26.986000
197,4809,4809,52c9940,659051,659377,670247,670347,10.870000,11.196000
197,3595,3595,4e0b941,717051,717385,734551,734651,17.166000,17.500000
197,7122,7122,5bd2943,910051,910385,919626,919726,9.241000,9.575000
197,8935,8935,62e7941,967773,968107,977247,977347,9.140000,9.474000
197,9348,9348,6484941,1002051,1002385,1014810,1014910,12.425000,12.759000
197,7494,7494,5d46942,1014051,1014377,1032634,1032734,18.257000,18.583000
197,6442,6442,592a940,1035051,1035385,1049039,1049139,13.654000,13.988000
197,5698,5698,5642942,1122051,1122377,1135607,1135707,13.230000,13.556000
197,5053,5053,53bd940,1113650,1113984,1140712,1140812,26.728000,27.062000
197,5218,5218,5462943,1156051,1156385,1174526,1174626,18.141000,18.475000
197,6157,6157,580d941,1163051,1163385,1179921,1180021,16.536000,16.870000
197,8182,8182,5ff6941,1316051,1316385,1331780,1331880,15.395000,15.729000
197,10307,10307,6843942,1376051,1376377,1387220,1387320,10.843000,11.169000
197,9578,9578,656a941,1376051,1376385,1411483,1411583,35.098000,35.432000
197,9015,9015,6337940,1381051,1381377,1431688,1431788,50.311000,50.637000
197,7249,7249,5c51941,1489051,1489377,1495979,1496079,6.602000,6.928000
197,10684,10684,69bc943,1485051,1485377,1506873,1506973,21.496000,21.822000
197,8338,8338,6092940,1511438,1511764,1521919,1522019,10.155000,10.481000
197,10172,10172,67bc940,1560051,1560385,1570380,1570480,9.995000,10.329000
197,7226,7226,5c3a940,1563791,1564117,1574600,1574700,10.483000,10.809000
197,10043,10043,673b943,1634051,1634385,1645440,1645540,11.055000,11.389000
197,7521,7521,5d61942,1631051,1631377,1656339,1656439,24.962000,25.288000
197,9649,9649,65b1940,1707051,1707377,1714700,1714800,7.323000,7.649000
197,10763,10763,6a0b942,1730051,1730385,1751356,1751456,20.971000,21.305000
197,5393,5393,5511942,1799453,1799779,1812655,1812755,12.876000,13.202000
197,6982,6982,5b46943,1971051,1971385,1977012,1977112,5.627000,5.961000
197,7782,7782,5e66943,1971051,1971385,1987035,1987135,15.650000,15.984000
197,10721,10721,69e1941,2065051,2065377,2077269,2077370,11.892000,12.218000
198,1041,1041,4411942,90051,90377,98342,98442,7.965000,8.291000
198,1029,1029,4405941,133051,133385,145803,145903,12.418000,12.752000
198,4329,4329,50e9942,184431,184757,206344,206444,21.587000,21.913000
198,960,960,43c0943,299051,299377,306725,306825,7.348000,7.674000
198,4269,4269,50ad943,283051,283385,312116,312216,28.731000,29.065000
198,732,732,42dc943,369051,369377,384746,384846,15.369000,15.695000
198,4797,4797,52bd943,382051,382377,388913,389013,6.536000,6.862000
198,1992,1992,47c8943,443051,443385,451256,451356,7.871000,8.205000
198,3061,3061,4bf5941,448438,448764,464197,464297,15.433000,15.759000
198,2926,2926,4b6e943,533051,533385,550966,551066,17.581000,17.915000
198,1772,1772,46ec940,535051,535385,556327,556427,20.942000,21.276000
198,3851,3851,4f0b942,550051,550385,562309,562409,11.924000,12.258000
198,2024,2024,47e8940,603425,603759,614215,614315,10.456000,10.790000
198,2464,2464,49a0940,666051,666377,688884,688984,22.507000,22.833000
198,5110,5110,53f6941,689424,689750,710633,710733,20.883000,21.209000
198,6290,6290,5892941,697051,697385,716193,716293,18.808000,19.142000
198,5084,5084,53dc940,751051,751377,762795,762895,11.418000,11.744000
198,5334,5334,54d6942,771488,771822,791657,791757,19.835000,20.169000
198,4734,4734,527e943,779051,779385,800187,800287,20.802000,21.136000
198,4836,4836,52e4940,832051,832377,847176,847276,14.799000,15.125000
198,4226,4226,5082940,942051,942385,956213,956313,13.828000,14.162000
198,6810,6810,5a9a943,952051,952385,968314,968414,15.929000,16.263000
198,4741,4741,5285941,933051,933385,973714,973814,40.329000,40.663000
198,6869,6869,5ad5940,989051,989377,1000355,1000455,10.978000,11.304000
198,7019,7019,5b6b943,1045051,1045377,1065313,1065413,19.936000,20.262000
198,7692,7692,5e0c942,1072783,1073117,1090009,1090109,16.892000,17.226000
198,7438,7438,5d0e942,1090051,1090377,1102594,1102694,12.217000,12.543000
198,6341,6341,58c5941,1109396,1109730,1125227,1125327,15.497000,15.831000
198,8271,8271,604f943,1125051,1125377,1134664,1134764,9.287000,9.613000
198,9955,9955,66e3942,1142051,1142385,1152285,1152385,9.900000,10.234000
198,8721,8721,6211943,1231051,1231377,1245445,1245545,14.068000,14.394000
198,9148,9148,63bc943,1289439,1289773,1312246,1312346,22.473000,22.807000
198,3881,3881,4f29940,1331051,1331377,1345962,1346062,14.585000,14.911000
198,7978,7978,5f2a940,1399051,1399385,1422443,1422543,23.058000,23.392000
198,9180,9180,63dc940,1442434,1442760,1450997,1451097,8.237000,8.563000
198,9829,9829,6665943,1500051,1500385,1517679,1517779,17.294000,17.628000
198,8856,8856,6298943,1578459,1578793,1597987,1598087,19.194000,19.528000
198,8938,8938,62ea940,1773051,1773377,1780771,1780871,7.394000,7.720000
198,10470,10470,68e6943,1783051,1783385,1789940,1790040,6.555000,6.889000
198,9221,9221,6405940,1805051,1805377,1820482,1820582,15.105000,15.431000
198,9172,9172,63d4940,1817051,1817385,1837746,1837846,20.361000,20.695000
198,10826,10826,6a4a941,2105051,2105385,2120936,2121036,15.551000,15.885000
198,10069,10069,6755943,2256051,2256385,2263793,2263893,7.408000,7.742000
199,276,276,4114943,22051,22385,32492,32592,10.107000,10.441000
199,388,388,4184942,75051,75377,87331,87431,11.954000,12.280000
199,1050,1050,441a943,166051,166385,181170,181270,14.785000,15.119000
199,4058,4058,4fda941,251255,251589,276594,276694,25.005000,25.339000
199,334,334,414e942,263051,263385,281966,282066,18.581000,18.915000
199,4612,4612,5204941,279051,279377,287706,287806,8.329000,8.655000
199,1661,1661,467d941,256051,256385,303686,303786,47.301000,47.635000
199,704,704,42c0941,301051,301377,311358,311458,9.981000,10.307000
199,1110,1110,4456941,285051,285385,315574,315674,30.189000,30.523000
199,2573,2573,4a0d940,324347,324681,340181,340281,15.500000,15.834000
199,4207,4207,506f942,375051,375377,387133,387233,11.756000,12.082000
199,1000,1000,43e8942,389051,389385,401493,401593,12.108000,12.442000
199,844,844,434c941,394051,394377,405689,405789,11.312000,11.638000
199,1469,1469,45bd942,411763,412089,418666,418766,6.577000,6.903000
199,3132,3132,4c3c940,411051,411377,425079,425179,13.702000,14.028000
199,4242,4242,5092941,495051,495385,504016,504116,8.631000,8.965000
199,2583,2583,4a17942,550424,550750,564466,564566,13.716000,14.042000
199,2731,2731,4aab942,556051,556385,569877,569977,13.492000,13.826000
199,6473,6473,5949942,587482,587808,623321,623421,35.513000,35.839000
199,2816,2816,4b00941,679051,679385,691269,691369,11.884000,12.218000
199,2793,2793,4ae9943,700051,700377,708730,708830,8.353000,8.679000
199,4176,4176,5050941,735051,735377,741804,741904,6.427000,6.753000
199,6707,6707,5a33941,769051,769377,796796,796896,27.419000,27.745000
199,5651,5651,5613942,843051,843385,858486,858586,15.101000,15.435000
199,5022,5022,539e940,850051,850377,869478,869578,19.101000,19.427000
199,4577,4577,51e1941,905051,905377,922348,922448,16.971000,17.297000
199,5983,5983,575f940,959051,959377,978253,978353,18.876000,19.202000
199,6663,6663,5a07941,975051,975385,1000476,1000576,25.091000,25.425000
199,6236,6236,585c940,1125051,1125377,1135348,1135448,9.971000,10.297000
199,6677,6677,5a15941,1157849,1158183,1175295,1175395,17.112000,17.446000
199,6980,6980,5b44940,1211614,1211948,1216728,1216828,4.780000,5.114000
199,7976,7976,5f28942,1260051,1260377,1272621,1272721,12.244000,12.570000
199,6894,6894,5aee941,1295416,1295750,1301395,1301495,5.645000,5.979000
199,7825,7825,5e91940,1289051,1289385,1305602,1305702,16.217000,16.551000
199,9095,9095,6387941,1301051,1301385,1311426,1311526,10.041000,10.375000
199,10297,10297,6839941,1360051,1360385,1386576,1386676,26.191000,26.525000
199,9881,9881,6699942,1708051,1708377,1725554,1725654,17.177000,17.503000
199,6845,6845,5abd940,1804051,1804385,1819865,1819965,15.480000,15.814000
199,9379,9379,64a3942,1861051,1861385,1873262,1873362,11.877000,12.211000
199,10097,10097,6771942,1932051,1932385,1951782,1951882,19.397000,19.731000
199,10668,10668,69ac941,2034051,2034377,2040943,2041043,6.566000,6.892000
199,10725,10725,69e5942,2076051,2076377,2087055,2087155,10.678000,11.004000
199,9155,9155,63c3943,2124051,2124385,2137025,2137125,12.640000,12.974000
199,9473,9473,6501942,2172051,2172385,2186904,2187004,14.519000,14.853000
199,10310,10310,6846943,2282051,2282377,2298717,2298817,16.340000,16.666000
199,9998,9998,670e943,2613051,2613377,2628806,2628906,15.429000,15.755000
200,255,255,40ff941,94051,94377,112895,112995,18.518000,18.844000
200,419,419,41a3940,193051,193377,199884,199984,6.507000,6.833000
200,1366,1366,4556940,192051,192377,211084,211184,18.707000,19.033000
200,1767,1767,46e7943,205051,205385,233060,233160,27.675000,28.009000
200,2015,2015,47df941,270051,270377,284289,284389,13.912000,14.238000
200,2511,2511,49cf940,414051,414377,426578,426678,12.201000,12.527000
200,2220,2220,48ac941,432051,432385,438891,438991,6.506000,6.840000
200,1884,1884,475c940,433427,433761,444369,444469,10.608000,10.942000
200,2743,2743,4ab7941,413910,414236,448598,448698,34.362000,34.688000
200,3982,3982,4f8e941,688051,688377,694836,694936,6.459000,6.785000
200,6568,6568,59a8941,731051,731377,742289,742389,10.912000,11.238000
200,3258,3258,4cba942,733051,733377,750540,750640,17.163000,17.489000
200,3892,3892,4f34942,773416,773750,789525,789625,15.775000,16.109000
200,3270,3270,4cc6940,770051,770377,805938,806038,35.561000,35.887000
200,6666,6666,5a0a943,800051,800385,816954,817054,16.569000,16.903000
200,5493,5493,5575942,949051,949385,959662,959762,10.277000,10.611000
200,9667,9667,65c3940,1059356,1059682,1068805,1068905,9.123000,9.449000
200,4514,4514,51a2943,1055051,1055377,1073024,1073124,17.647000,17.973000
200,5513,5513,5589940,1095051,1095377,1102749,1102849,7.372000,7.698000
200,7475,7475,5d33940,1099051,1099385,1112975,1113075,13.590000,13.924000
200,6681,6681,5a19940,1124531,1124865,1134280,1134380,9.415000,9.749000
200,7772,7772,5e5c942,1142051,1142377,1152183,1152283,9.806000,10.132000
200,9919,9919,66bf942,1149051,1149377,1161306,1161406,11.929000,12.255000
200,3960,3960,4f78942,1193051,1193385,1210406,1210506,17.021000,17.355000
200,9040,9040,6350941,1261051,1261385,1273696,1273796,12.311000,12.645000
200,9089,9089,6381940,1398051,1398385,1408913,1409013,10.528000,10.862000
200,9475,9475,6503940,1465051,1465385,1477162,1477262,11.777000,12.111000
200,9356,9356,648c943,1521051,1521385,1529586,1529686,8.201000,8.535000
200,9582,9582,656e940,1613051,1613377,1623387,1623487,10.010000,10.336000
200,6908,6908,5afc943,1700051,1700385,1716856,1716956,16.471000,16.805000
200,5221,5221,5465943,1893051,1893377,1898141,1898241,4.764000,5.090000
201,195,195,40c3940,38416,38742,43536,43636,4.794000,5.120000
201,1269,1269,44f5940,88051,88377,94063,94163,5.686000,6.012000
201,1463,1463,45b7940,124051,124385,129998,130099,5.613000,5.947000
201,1976,1976,47b8942,168051,168377,177428,177528,9.051000,9.377000
201,2317,2317,490d943,267409,267743,277954,278054,10.211000,10.545000
201,4857,4857,52f9943,358051,358385,369331,369431,10.946000,11.280000
201,1760,1760,46e0940,364714,365040,381741,381841,16.701000,17.027000
201,1659,1659,467b943,388051,388377,403492,403592,15.115000,15.441000
201,1716,1716,46b4940,416051,416377,429664,429764,13.287000,13.613000
201,2689,2689,4a81941,427051,427377,436576,436676,9.199000,9.525000
201,4750,4750,528e940,500051,500377,512134,512233,11.757000,12.083000
201,3556,3556,4de4941,695345,695671,713460,713560,17.789000,18.115000
201,6197,6197,5835941,758051,758377,768467,768567,10.090000,10.416000
201,3455,3455,4d7f940,830051,830377,839304,839404,8.927000,9.253000
201,4959,4959,535f941,837051,837377,850951,851051,13.574000,13.900000
201,6786,6786,5a82943,906051,906385,922688,922788,16.303000,16.637000
201,6638,6638,59ee941,951051,951385,966403,966503,15.018000,15.352000
201,5227,5227,546b940,1062051,1062385,1069784,1069884,7.399000,7.733000
201,6586,6586,59ba940,1080051,1080377,1089485,1089585,9.108000,9.434000
201,7183,7183,5c0f940,1156051,1156377,1167632,1167732,11.255000,11.581000
201,3427,3427,4d63941,1155051,1155385,1173100,1173200,17.715000,18.049000
201,7451,7451,5d1b942,1163051,1163385,1178497,1178597,15.112000,15.446000
201,5948,5948,573c943,1169051,1169377,1184844,1184944,15.467000,15.793000
201,7998,7998,5f3e940,1254051,1254385,1269057,1269157,14.672000,15.006000
201,8274,8274,6052940,1403051,1403377,1415538,1415638,12.161000,12.487000
201,7362,7362,5cc2943,1498051,1498377,1514000,1514100,15.623000,15.949000
201,7375,7375,5ccf943,1567051,1567377,1583661,1583761,16.284000,16.610000
201,10243,10243,6803942,1646051,1646385,1655618,1655718,9.233000,9.567000
201,8964,8964,6304942,1776051,1776385,1782003,1782103,5.618000,5.952000
201,7486,7486,5d3e942,1924051,1924385,1940644,1940744,16.259000,16.593000
202,838,838,4346941,116051,116377,123833,123933,7.456000,7.782000
202,562,562,4232941,146051,146385,162430,162530,16.045000,16.379000
202,1388,1388,456c941,194051,194385,203588,203688,9.203000,9.537000
202,634,634,427a940,314051,314385,332749,332849,18.364000,18.698000
202,1968,1968,47b0941,321051,321377,339132,339232,17.755000,18.081000
202,1792,1792,4700941,329677,330003,343304,343404,13.301000,13.627000
202,1013,1013,43f5942,354051,354385,365064,365164,10.679000,11.013000
202,1565,1565,461d940,343051,343385,384633,384733,41.248000,41.582000
202,1340,1340,453c940,383051,383377,402573,402673,19.196000,19.522000
202,2322,2322,4912942,527230,527564,541964,542064,14.400000,14.734000
202,3599,3599,4e0f940,616051,616385,627404,627504,11.019000,11.353000
202,7131,7131,5bdb943,676051,676377,693249,693349,16.872000,17.198000
202,6193,6193,5831941,693246,693580,703804,703904,10.224000,10.558000
202,3932,3932,4f5c942,696051,696377,707978,708078,11.601000,11.927000
202,4047,4047,4fcf943,706051,706385,718325,718425,11.940000,12.274000
202,7673,7673,5df9943,723395,723729,729498,729598,5.769000,6.103000
202,3208,3208,4c88940,741051,741377,758606,758706,17.229000,17.555000
202,5219,5219,5463940,759051,759385,765901,766001,6.516000,6.850000
202,5530,5530,559a943,805051,805377,817542,817642,12.165000,12.491000
202,3126,3126,4c36943,866051,866385,878269,878369,11.884000,12.218000
202,7372,7372,5ccc942,903051,903385,910857,910957,7.472000,7.806000
202,5656,5656,5618940,905051,905377,927365,927465,21.988000,22.314000
202,6693,6693,5a25941,925051,925385,941941,942041,16.556000,16.890000
202,4968,4968,5368941,934051,934385,953917,954017,19.532000,19.866000
202,6629,6629,59e5940,950051,950385,959334,959434,8.949000,9.283000
202,6340,6340,58c4940,1019051,1019377,1027591,1027692,8.214000,8.540000
202,9718,9718,65f6943,1102416,1102742,1110074,1110174,7.332000,7.658000
202,5749,5749,5675942,1301051,1301377,1314144,1314244,12.767000,13.093000
202,6543,6543,598f941,1346051,1346377,1352826,1352926,6.449000,6.775000
202,8730,8730,621a940,1378431,1378757,1389778,1389878,11.021000,11.347000
202,8686,8686,61ee941,1383051,1383385,1398089,1398189,14.704000,15.038000
202,8234,8234,602a940,1397051,1397385,1416432,1416532,19.047000,19.381000
202,8910,8910,62ce941,1416051,1416377,1435344,1435444,18.967000,19.293000
202,9424,9424,64d0942,1436051,1436377,1442799,1442899,6.422000,6.748000
202,5354,5354,54ea943,1444051,1444377,1462454,1462554,18.077000,18.403000
202,9850,9850,667a942,1469051,1469377,1489893,1489993,20.516000,20.842000
202,10458,10458,68da943,1644051,1644377,1652702,1652802,8.325000,8.651000
202,10547,10547,6933941,1665051,1665377,1670984,1671084,5.607000,5.933000
202,5683,5683,5633943,1663051,1663385,1678336,1678436,14.951000,15.285000
202,8615,8615,61a7941,2140051,2140385,2149532,2149632,9.147000,9.481000
202,9316,9316,6464940,2446438,2446764,2461331,2461431,14.567000,14.893000
202,10896,10896,6a90941,2537051,2537377,2543908,2544008,6.531000,6.857000
203,324,324,4144943,91051,91377,100538,100638,9.161000,9.487000
203,1940,1940,4794942,103425,103759,112001,112101,8.242000,8.576000
203,440,440,41b8943,91051,91385,116217,116317,24.832000,25.166000
203,1602,1602,4642943,220431,220757,242679,242779,21.922000,22.248000
203,328,328,4148943,242051,242385,248046,248146,5.661000,5.995000
203,1276,1276,44fc940,228856,229190,252217,252317,23.027000,23.361000
203,1854,1854,473e942,227051,227377,256446,256546,29.069000,29.395000
203,4145,4145,5031942,295051,295377,308156,308256,12.779000,13.105000
203,5229,5229,546d942,310051,310377,330485,330585,20.108000,20.434000
203,2550,2550,49f6943,344416,344750,351175,351275,6.425000,6.759000
203,1487,1487,45cf942,369051,369385,380461,380561,11.076000,11.410000
203,3663,3663,4e4f942,432051,432377,444251,444351,11.874000,12.200000
203,3319,3319,4cf7941,454051,454385,467119,467219,12.734000,13.068000
203,2773,2773,4ad5942,476051,476377,481078,481178,4.701000,5.027000
203,2206,2206,489e940,539051,539385,545014,545114,5.629000,5.963000
203,6296,6296,5898943,645051,645385,653561,653661,8.176000,8.510000
203,3174,3174,4c66943,660051,660385,665067,665167,4.682000,5.016000
203,4060,4060,4fdc941,648093,648419,673519,673619,25.100000,25.426000
203,3007,3007,4bbf942,683051,683377,699356,699456,15.979000,16.305000
203,5344,5344,54e0942,722051,722385,733358,733458,10.973000,11.307000
203,4398,4398,512e941,785051,785385,803185,803285,17.800000,18.134000
203,6684,6684,5a1c942,929051,929377,946086,946186,16.709000,17.035000
203,6950,6950,5b26940,951051,951377,965986,966086,14.609000,14.935000
203,7072,7072,5ba0943,973051,973377,984197,984297,10.820000,11.146000
203,6136,6136,57f8940,965051,965385,996390,996490,31.005000,31.339000
203,9972,9972,66f4943,1135051,1135385,1142365,1142465,6.980000,7.314000
203,7303,7303,5c87940,1166616,1166950,1174826,1174926,7.876000,8.210000
203,7201,7201,5c21942,1168051,1168377,1180851,1180951,12.474000,12.800000
203,3542,3542,4dd6941,1167051,1167385,1186289,1186389,18.904000,19.238000
203,9167,9167,63cf940,1282051,1282377,1291643,1291743,9.266000,9.592000
203,3740,3740,4e9c942,1291051,1291385,1298187,1298287,6.802000,7.136000
203,8709,8709,6205940,1324051,1324377,1337017,1337117,12.640000,12.966000
203,8183,8183,5ff7943,1374051,1374377,1407615,1407715,33.238000,33.564000
203,9358,9358,648e940,1545051,1545385,1553570,1553670,8.185000,8.519000
203,8799,8799,625f943,1550051,1550385,1558931,1559031,8.546000,8.880000
203,9870,9870,668e943,1571051,1571377,1576932,1577032,5.555000,5.881000
203,7560,7560,5d88941,1572439,1572765,1581131,1581231,8.366000,8.692000
203,10406,10406,68a6943,1679256,1679582,1688947,1689047,9.365000,9.691000
203,8023,8023,5f57940,1900051,1900385,1932354,1932454,31.969000,32.303000
203,10008,10008,6718940,2044051,2044377,2065852,2065952,21.475000,21.801000
203,10796,10796,6a2c943,2482051,2482377,2488941,2489041,6.564000,6.890000
204,304,304,4130940,50051,50377,55095,55195,4.718000,5.044000
204,928,928,43a0940,45051,45377,59323,59423,13.946000,14.272000
204,459,459,41cb943,39051,39377,63468,63568,24.091000,24.417000
204,1181,1181,449d942,129051,129384,146381,146481,16.997000,17.330000
204,55,55,4037942,120051,120377,150575,150675,30.198000,30.524000
204,396,396,418c943,129051,129377,155964,156064,26.587000,26.913000
204,586,586,424a943,146051,146385,160160,160260,13.775000,14.109000
204,1461,1461,45b5942,192051,192377,198148,198248,5.771000,6.097000
204,1192,1192,44a8941,235051,235377,260850,260950,25.473000,25.799000
204,2366,2366,493e943,260063,260397,276847,276947,16.450000,16.784000
204,2236,2236,48bc942,281051,281377,292755,292855,11.378000,11.704000
204,2661,2661,4a65943,381051,381377,390544,390644,9.167000,9.493000
204,3687,3687,4e67940,469051,469385,487096,487196,17.711000,18.045000
204,3712,3712,4e80940,490051,490377,509386,509486,19.009000,19.335000
204,5154,5154,5422942,534051,534377,548626,548726,14.249000,14.575000
204,3530,3530,4dca942,537051,537377,552820,552920,15.443000,15.769000
204,4352,4352,5100942,582051,582377,602839,602939,20.462000,20.788000
204,4463,4463,516f940,574051,574377,611932,612032,37.555000,37.881000
204,4993,4993,5381942,603051,603385,643339,643439,39.954000,40.288000
204,3083,3083,4c0b941,640416,640742,660021,660121,19.279000,19.605000
204,3148,3148,4c4c940,649051,649385,664637,664737,15.252000,15.586000
204,4925,4925,533d943,642051,642377,668857,668957,26.480000,26.806000
204,6229,6229,5855941,720051,720377,744074,744174,23.697000,24.023000
204,5160,5160,5428940,731051,731385,760500,760600,29.115000,29.449000
204,6725,6725,5a45940,764051,764377,773711,773811,9.334000,9.660000
204,5297,5297,54b1940,845051,845385,854497,854597,9.112000,9.446000
204,5664,5664,5620941,837409,837743,873188,873288,35.445000,35.779000
204,4581,4581,51e5940,921051,921385,937980,938080,16.595000,16.929000
204,6415,6415,590f942,979051,979385,1000250,1000350,20.865000,21.199000
204,3939,3939,4f63943,1044452,1044778,1063832,1063932,19.054000,19.380000
204,5919,5919,571f940,1137051,1137385,1156469,1156569,19.084000,19.418000
204,7285,7285,5c75942,1144051,1144385,1160611,1160711,16.226000,16.560000
204,7087,7087,5baf942,1152051,1152385,1164827,1164927,12.442000,12.776000
204,9933,9933,66cd940,1320051,1320385,1334307,1334407,13.922000,14.256000
204,9014,9014,6336943,1348051,1348385,1356663,1356763,8.278000,8.612000
204,6364,6364,58dc943,1354051,1354377,1364494,1364594,10.117000,10.443000
204,8985,8985,6319941,1444051,1444385,1457084,1457184,12.699000,13.033000
204,8146,8146,5fd2943,1458051,1458385,1479243,1479343,20.858000,21.192000
204,10076,10076,675c942,1510051,1510377,1518609,1518709,8.232000,8.558000
204,7995,7995,5f3b942,1537051,1537385,1546478,1546578,9.093000,9.427000
204,9052,9052,635c940,1563051,1563377,1589637,1589737,26.260000,26.586000
204,10192,10192,67d0943,1696051,1696385,1705579,1705679,9.194000,9.528000
204,9179,9179,63db942,1754051,1754385,1767942,1768042,13.557000,13.891000
204,10054,10054,6746940,1779051,1779377,1800590,1800690,21.213000,21.539000
204,9414,9414,64c6941,1940051,1940377,1977584,1977684,37.207000,37.533000
204,10061,10061,674d941,2312051,2312377,2319822,2319922,7.445000,7.771000
204,10544,10544,6930943,2391051,2391377,2406736,2406836,15.359000,15.685000
205,173,173,40ad941,89051,89385,95901,96001,6.516000,6.850000
205,930,930,43a2943,125051,125385,153370,153470,27.985000,28.319000
205,715,715,42cb940,162051,162385,180831,180931,18.446000,18.780000
205,1310,1310,451e943,178051,178377,191828,191928,13.451000,13.777000
205,623,623,426f940,188051,188385,204642,204742,16.257000,16.591000
205,1295,1295,450f940,166051,166377,209042,209142,42.665000,42.991000
205,2383,2383,494f943,211418,211752,218279,218379,6.527000,6.861000
205,1736,1736,46c8943,230051,230385,256779,256879,26.394000,26.728000
205,2747,2747,4abb940,285051,285377,294793,294893,9.416000,9.742000
205,800,800,4320941,340051,340385,354921,355021,14.536000,14.870000
205,1852,1852,473c942,346051,346377,385920,386020,39.543000,39.869000
205,6023,6023,5787941,374051,374377,391394,391494,17.017000,17.343000
205,4626,4626,5212942,386051,386377,403360,403460,16.983000,17.309000
205,1981,1981,47bd940,418404,418730,430676,430776,11.946000,12.272000
205,3216,3216,4c90940,478051,478385,489218,489318,10.833000,11.167000
205,5678,5678,562e943,491051,491385,497907,498007,6.522000,6.856000
205,1970,1970,47b2943,658416,658750,673373,673473,14.623000,14.957000
205,7102,7102,5bbe941,734051,734377,743431,743531,9.054000,9.380000
205,2821,2821,4b05941,765051,765377,779939,780039,14.562000,14.888000
205,5834,5834,56ca941,759051,759377,784088,784188,24.711000,25.037000
205,7120,7120,5bd0941,815051,815385,824653,824753,9.268000,9.602000
205,5524,5524,5594943,842051,842377,849789,849889,7.412000,7.738000
205,6271,6271,587f942,873051,873385,878965,879065,5.580000,5.914000
205,4958,4958,535e942,885051,885377,906209,906309,20.832000,21.158000
205,5025,5025,53a1942,981051,981377,993180,993280,11.803000,12.129000
205,7603,7603,5db3943,1015051,1015385,1028194,1028293,12.809000,13.143000
205,4300,4300,50cc940,1065051,1065377,1092396,1092496,27.019000,27.345000
205,8367,8367,60af943,1147425,1147759,1159528,1159628,11.769000,12.103000
205,5378,5378,5502940,1229051,1229377,1237778,1237878,8.401000,8.727000
205,9707,9707,65eb943,1301051,1301377,1316574,1316674,15.197000,15.523000
205,10693,10693,69c5943,1414453,1414779,1469710,1469810,54.931000,55.257000
205,10353,10353,6871941,1841051,1841377,1853304,1853404,11.927000,12.253000
205,10702,10702,69ce941,1921051,1921377,1932403,1932503,11.026000,11.352000
205,10703,10703,69cf941,2150051,2150385,2171026,2171126,20.641000,20.975000
205,10213,10213,67e5940,2295051,2295377,2305446,2305546,10.069000,10.395000
206,99,99,4063943,46051,46385,53816,53916,7.431000,7.765000
206,265,265,4109942,49051,49385,59183,59283,9.798000,10.132000
206,1036,1036,440c943,114121,114455,142542,142642,28.087000,28.421000
206,535,535,4217942,146051,146385,162614,162714,16.229000,16.563000
206,2150,2150,4866942,155051,155377,195302,195402,39.925000,40.251000
206,1831,1831,4727941,264051,264377,282624,282724,18.247000,18.573000
206,3291,3291,4cdb940,292051,292385,302379,302479,9.994000,10.328000
206,1396,1396,4574940,303051,303377,317615,317715,14.238000,14.564000
206,794,794,431a943,312640,312974,340408,340508,27.434000,27.768000
206,823,823,4337942,331051,331385,351387,351487,20.002000,20.336000
206,3005,3005,4bbd941,332051,332385,362290,362390,29.905000,30.239000
206,2646,2646,4a56943,363453,363779,369407,369507,5.628000,5.954000
206,3643,3643,4e3b942,400402,400736,419458,419558,18.722000,19.056000
206,2320,2320,4910940,437051,437377,469342,469442,31.965000,32.291000
206,2394,2394,495a942,477051,477385,490080,490180,12.695000,13.029000
206,5816,5816,56b8942,789051,789377,806908,807008,17.531000,17.857000
206,7576,7576,5d98942,856431,856757,863186,863286,6.429000,6.755000
206,4442,4442,515a940,867051,867385,876254,876354,8.869000,9.203000
206,4372,4372,5114941,884051,884385,918057,918157,33.672000,34.006000
206,5096,5096,53e8940,902051,902377,923549,923649,21.172000,21.498000
206,6755,6755,5a63941,913051,913385,932360,932460,18.975000,19.309000
206,8184,8184,5ff8943,918051,918385,951962,952062,33.577000,33.911000
206,9612,9612,658c941,1015051,1015377,1023650,1023750,8.273000,8.599000
206,7269,7269,5c65942,1052051,1052377,1057077,1057177,4.700000,5.026000
206,6578,6578,59b2940,1033051,1033385,1067888,1067988,34.503000,34.837000
206,3991,3991,4f97940,1072051,1072385,1096269,1096369,23.884000,24.218000
206,7942,7942,5f06940,1283051,1283377,1297975,1298075,14.598000,14.924000
206,5933,5933,572d943,1279051,1279377,1303848,1303948,24.471000,24.797000
206,5901,5901,570d940,1302051,1302377,1317609,1317709,15.232000,15.558000
206,10894,10894,6a8e943,1359051,1359385,1375583,1375683,16.198000,16.532000
206,8954,8954,62fa942,1426051,1426377,1441214,1441314,14.837000,15.163000
206,10482,10482,68f2940,1588051,1588385,1610313,1610413,21.928000,22.262000
206,10782,10782,6a1e940,1910051,1910385,1926214,1926314,15.829000,16.163000
206,10123,10123,678b940,1935051,1935377,1948258,1948358,12.881000,13.207000
206,10324,10324,6854942,2005051,2005377,2024745,2024845,19.368000,19.694000
206,10308,10308,6844941,2091662,2091997,2107477,2107577,15.480000,15.815000
206,9133,9133,63ad940,2087051,2087385,2112959,2113059,25.574000,25.908000
206,9293,9293,644d941,2158051,2158385,2180567,2180667,22.182000,22.516000
206,10769,10769,6a11940,2598051,2598385,2612817,2612917,14.432000,14.766000
207,463,463,41cf943,51051,51377,56949,57049,5.572000,5.898000
207,271,271,410f942,44051,44385,81798,81898,37.413000,37.747000
207,523,523,420b943,72051,72385,86602,86702,14.217000,14.551000
207,633,633,4279943,159051,159377,189324,189424,29.947000,30.273000
207,2658,2658,4a62942,204051,204385,209965,210065,5.580000,5.914000
207,1281,1281,4501943,226051,226377,236395,236495,10.018000,10.344000
207,1598,1598,463e942,237051,237385,243004,243104,5.619000,5.953000
207,910,910,438e943,341051,341377,375988,376088,34.611000,34.937000
207,131,131,4083943,381051,381377,396915,397015,15.538000,15.864000
207,1204,1204,44b4943,417051,417385,425615,425715,8.230000,8.564000
207,1321,1321,4529943,422395,422721,436502,436602,13.781000,14.107000
207,1932,1932,478c943,444051,444385,470819,470919,26.434000,26.768000
207,3041,3041,4be1941,488266,488592,516433,516533,27.841000,28.167000
207,4791,4791,52b7942,512050,512385,520605,520704,8.220000,8.555000
207,1815,1815,4717943,523430,523757,530217,530317,6.460000,6.787000
207,2495,2495,49bf942,528051,528377,537490,537590,9.113000,9.439000
207,3927,3927,4f57942,588051,588377,602057,602157,13.680000,14.006000
207,5686,5686,5636942,639900,640226,650237,650337,10.011000,10.337000
207,2663,2663,4a67943,663876,664202,691898,691998,27.696000,28.022000
207,3058,3058,4bf2942,691051,691377,702350,702450,10.973000,11.299000
207,5408,5408,5520942,715051,715385,731865,731965,16.480000,16.814000
207,4882,4882,5312942,754051,754385,766257,766357,11.872000,12.206000
207,3935,3935,4f5f941,769051,769377,777607,777707,8.230000,8.556000
207,2832,2832,4b10940,805051,805385,828540,828640,23.155000,23.489000
207,3797,3797,4ed5943,867051,867377,873815,873915,6.438000,6.764000
207,4128,4128,5020941,926051,926377,934664,934764,8.287000,8.613000
207,4856,4856,52f8940,1023051,1023385,1048324,1048424,24.939000,25.273000
207,7495,7495,5d47943,1057051,1057377,1074424,1074524,17.047000,17.373000
207,6235,6235,585b940,1192051,1192385,1202364,1202464,9.979000,10.313000
207,6831,6831,5aaf940,1199051,1199385,1218427,1218527,19.042000,19.376000
207,9655,9655,65b7941,1287051,1287377,1308351,1308451,20.974000,21.300000
207,10167,10167,67b7941,1443051,1443385,1454332,1454432,10.947000,11.281000
207,9796,9796,6644941,1797051,1797377,1803905,1804005,6.528000,6.854000
207,5648,5648,5610942,1799051,1799377,1809356,1809456,9.979000,10.305000
207,6940,6940,5b1c940,1876051,1876377,1905147,1905247,28.770000,29.096000
207,10363,10363,687b943,2384051,2384385,2394393,2394493,10.008000,10.342000
207,7425,7425,5d01941,2516051,2516377,2531888,2531988,15.511000,15.837000
208,1856,1856,4740941,148051,148377,157844,157944,9.467000,9.793000
208,1331,1331,4533941,199051,199385,209042,209142,9.657000,9.991000
208,1132,1132,446c941,214051,214385,235498,235598,21.113000,21.447000
208,686,686,42ae940,235051,235377,243663,243763,8.286000,8.612000
208,788,788,4314942,288415,288741,305101,305201,16.360000,16.686000
208,1726,1726,46be941,301051,301377,317769,317869,16.392000,16.718000
208,3219,3219,4c93940,314051,314377,323254,323354,8.877000,9.203000
208,414,414,419e941,321051,321377,334200,334300,12.823000,13.149000
208,962,962,43c2940,323051,323377,345029,345129,21.652000,21.978000
208,3424,3424,4d60942,336051,336377,361360,361460,24.983000,25.309000
208,3578,3578,4dfa943,381742,382076,402272,402372,20.196000,20.530000
208,1274,1274,44fa942,425051,425377,453315,453415,27.938000,28.264000
208,2572,2572,4a0c943,421051,421385,458786,458886,37.401000,37.735000
208,5540,5540,55a4943,591051,591385,601392,601492,10.007000,10.341000
208,2901,2901,4b55941,601051,601385,611487,611587,10.102000,10.436000
208,3435,3435,4d6b941,632051,632385,664009,664109,31.624000,31.958000
208,3813,3813,4ee5941,679051,679385,720134,720234,40.749000,41.083000
208,1645,1645,466d943,711051,711377,757656,757756,46.279000,46.605000
208,4374,4374,5116942,754051,754377,767189,767289,12.812000,13.138000
208,6412,6412,590c943,753051,753377,779615,779715,26.238000,26.564000
208,5113,5113,53f9942,778804,779130,799289,799389,20.159000,20.485000
208,8772,8772,6244940,802051,802385,810268,810368,7.883000,8.217000
208,7009,7009,5b61941,810051,810377,821145,821245,10.768000,11.094000
208,4792,4792,52b8942,854051,854385,872483,872583,18.098000,18.432000
208,5856,5856,56e0941,829530,829856,880300,880400,50.444000,50.770000
208,6117,6117,57e5943,840051,840377,896641,896741,56.264000,56.590000
208,4332,4332,50ec942,879051,879385,926699,926799,47.314000,47.648000
208,7098,7098,5bba940,923051,923385,930871,930971,7.486000,7.820000
208,6459,6459,593b940,1021668,1021994,1055264,1055364,33.270000,33.596000
208,8950,8950,62f6942,1099051,1099385,1106736,1106836,7.351000,7.685000
208,7003,7003,5b5b942,1109051,1109385,1120795,1120895,11.410000,11.744000
208,7137,7137,5be1940,1180051,1180377,1199621,1199721,19.244000,19.570000
208,7590,7590,5da6942,1273051,1273385,1290010,1290110,16.625000,16.959000
208,10254,10254,680e940,1477051,1477377,1489205,1489305,11.828000,12.154000
208,7254,7254,5c56943,1486051,1486377,1498693,1498793,12.316000,12.642000
208,9547,9547,654b943,1542051,1542377,1549789,1549889,7.412000,7.738000
208,5702,5702,5646940,1538051,1538377,1590335,1590435,51.958000,52.284000
208,9696,9696,65e0940,1593051,1593377,1600806,1600906,7.429000,7.755000
208,8937,8937,62e9943,1579051,1579385,1606290,1606390,26.905000,27.239000
208,10186,10186,67ca940,1801051,1801385,1823381,1823481,21.996000,22.330000
208,8598,8598,6196943,1938051,1938377,1960047,1960147,21.670000,21.996000
208,10737,10737,69f1943,1967051,1967377,1996362,1996462,28.985000,29.311000
208,8513,8513,6141943,2029051,2029385,2040318,2040418,10.933000,11.267000
208,9186,9186,63e2941,2022051,2022385,2049579,2049679,27.194000,27.528000
208,9690,9690,65da940,2142051,2142377,2153353,2153453,10.976000,11.302000
208,10016,10016,6720940,2253051,2253385,2263432,2263532,10.047000,10.381000
208,10613,10613,6975943,2399051,2399385,2410369,2410469,10.984000,11.318000
208,10715,10715,69db943,2421051,2421377,2437627,2437727,16.250000,16.576000
209,94,94,405e940,43051,43385,54281,54381,10.896000,11.230000
209,632,632,4278940,79051,79385,101128,101228,21.743000,22.077000
209,452,452,41c4941,111051,111385,120343,120443,8.958000,9.292000
209,1073,1073,4431943,111051,111377,133650,133750,22.273000,22.599000
209,1233,1233,44d1940,127051,127385,143681,143781,16.296000,16.630000
209,608,608,4260942,198051,198377,211047,211147,12.670000,12.996000
209,771,771,4303941,175051,175385,216447,216547,41.062000,41.396000
209,2202,2202,489a943,212180,212506,239131,239231,26.625000,26.951000
209,2585,2585,4a19940,302051,302377,332244,332344,29.867000,30.193000
209,1655,1655,4677943,374051,374385,420411,420511,46.026000,46.360000
209,3546,3546,4dda941,506051,506377,513823,513923,7.446000,7.772000
209,4193,4193,5061941,659425,659759,679180,679280,19.421000,19.755000
209,5384,5384,5508941,648051,648385,684716,684816,36.331000,36.665000
209,3184,3184,4c70940,678051,678385,688884,688984,10.499000,10.833000
209,2696,2696,4a88943,692051,692385,723801,723901,31.416000,31.750000
209,5961,5961,5749941,719465,719799,736844,736944,17.045000,17.379000
209,3042,3042,4be2943,787051,787377,811061,811161,23.684000,24.010000
209,4245,4245,5095940,883051,883385,894989,895089,11.604000,11.938000
209,7607,7607,5db7943,933051,933377,959982,960082,26.605000,26.931000
209,5243,5243,547b942,1004051,1004377,1017131,1017231,12.754000,13.080000
209,5481,5481,5569940,1037051,1037377,1058461,1058561,21.084000,21.410000
209,6389,6389,58f5940,1107051,1107385,1125636,1125736,18.251000,18.585000
209,6316,6316,58ac941,1209051,1209385,1217694,1217794,8.309000,8.643000
209,5183,5183,543f941,1197051,1197377,1223061,1223161,25.684000,26.010000
209,4949,4949,5355941,1217051,1217385,1244019,1244119,26.634000,26.968000
209,6888,6888,5ae8941,1297051,1297377,1304788,1304888,7.411000,7.737000
209,10601,10601,6969943,1263051,1263385,1308999,1309099,45.614000,45.948000
209,7713,7713,5e21940,1333051,1333377,1338098,1338198,4.721000,5.047000
209,9720,9720,65f8940,1365051,1365377,1372816,1372916,7.439000,7.765000
209,9489,9489,6511941,1513051,1513385,1552968,1553068,39.583000,39.917000
209,8739,8739,6223940,1569051,1569385,1577495,1577595,8.110000,8.444000
209,8805,8805,6265941,1644051,1644385,1653596,1653696,9.211000,9.545000
209,7871,7871,5ebf941,1646051,1646385,1662666,1662766,16.281000,16.615000
209,8629,8629,61b5940,1649051,1649385,1668121,1668221,18.736000,19.070000
209,9290,9290,644a943,1666051,1666385,1672331,1672431,5.946000,6.280000
209,6652,6652,59fc943,1743507,1743841,1760877,1760977,17.036000,17.370000
209,10033,10033,6731943,1859051,1859385,1875719,1875819,16.334000,16.668000
209,9837,9837,666d941,2097051,2097385,2108386,2108486,11.001000,11.335000
210,380,380,417c941,58395,58721,75105,75205,16.384000,16.710000
210,613,613,4265942,55051,55377,79247,79347,23.870000,24.196000
210,176,176,40b0940,65051,65377,84566,84666,19.189000,19.515000
210,573,573,423d940,74051,74385,107615,107715,33.230000,33.564000
210,945,945,43b1941,124409,124743,139618,139718,14.875000,15.209000
210,824,824,4338943,147051,147377,153905,154005,6.528000,6.854000
210,1594,1594,463a942,148051,148377,159391,159491,11.014000,11.340000
210,758,758,42f6940,165051,165385,172779,172879,7.394000,7.728000
210,2047,2047,47ff942,261051,261376,278824,278924,17.448000,17.773000
210,1226,1226,44ca942,282051,282385,287075,287175,4.690000,5.024000
210,2114,2114,4842941,287051,287377,302780,302880,15.403000,15.729000
210,2161,2161,4871943,299453,299779,308200,308300,8.421000,8.747000
210,1292,1292,450c940,299051,299377,313594,313694,14.217000,14.543000
210,777,777,4309941,417438,417764,425136,425236,7.372000,7.698000
210,4223,4223,507f942,437051,437385,453748,453848,16.363000,16.697000
210,4707,4707,5263942,533051,533377,543074,543174,9.697000,10.023000
210,6224,6224,5850942,570051,570377,599380,599480,29.003000,29.329000
210,3818,3818,4eea941,634051,634385,672714,672814,38.329000,38.663000
210,5665,5665,5621940,666051,666385,689681,689781,23.296000,23.630000
210,6482,6482,5952942,684810,685136,706531,706631,21.395000,21.721000
210,4498,4498,5192941,730051,730385,741347,741447,10.962000,11.296000
210,6574,6574,59ae942,747051,747377,755895,755995,8.518000,8.844000
210,5289,5289,54a9941,862051,862377,872468,872568,10.091000,10.417000
210,4339,4339,50f3940,857051,857377,877861,877961,20.484000,20.810000
210,6347,6347,58cb940,921051,921377,930680,930780,9.303000,9.629000
210,6042,6042,579a942,935618,935944,942450,942550,6.506000,6.832000
210,4481,4481,5181943,967051,967377,987209,987309,19.832000,20.158000
210,4998,4998,5386940,985051,985385,998036,998136,12.651000,12.985000
210,7094,7094,5bb6940,1039051,1039385,1045858,1045958,6.473000,6.807000
210,6106,6106,57da940,1055051,1055385,1063631,1063731,8.246000,8.580000
210,8855,8855,6297941,1117051,1117385,1123021,1123121,5.636000,5.970000
210,6309,6309,58a5942,1098051,1098377,1128389,1128489,30.012000,30.338000
210,7568,7568,5d90942,1161051,1161377,1170609,1170709,9.232000,9.558000
210,8140,8140,5fcc941,1217051,1217385,1236513,1236613,19.128000,19.462000
210,6970,6970,5b3a940,1270051,1270377,1285674,1285774,15.297000,15.623000
210,6704,6704,5a30942,1283051,1283377,1299043,1299143,15.666000,15.992000
210,5279,5279,549f940,1271051,1271377,1304415,1304515,33.038000,33.364000
210,9646,9646,65ae942,1314051,1314377,1322666,1322766,8.289000,8.615000
210,6371,6371,58e3942,1306410,1306736,1336380,1336480,29.644000,29.970000
210,6416,6416,5910941,1341051,1341377,1388190,1388290,46.813000,47.139000
210,10641,10641,6991942,1403051,1403385,1418921,1419021,15.536000,15.870000
210,6277,6277,5885943,1414051,1414377,1424244,1424344,9.867000,10.193000
210,8267,8267,604b943,1512051,1512377,1532448,1532548,20.071000,20.397000
210,9022,9022,633e943,1620051,1620377,1625111,1625211,4.734000,5.060000
210,7932,7932,5efc942,1626051,1626377,1645353,1645453,18.976000,19.302000
210,9069,9069,636d943,1742051,1742385,1765521,1765621,23.136000,23.470000
210,9601,9601,6581942,1773051,1773377,1780841,1780941,7.464000,7.790000
210,9432,9432,64d8942,1789051,1789377,1797673,1797773,8.296000,8.622000
210,8809,8809,6269942,1844051,1844385,1866954,1867054,22.569000,22.903000
210,10830,10830,6a4e942,1884051,1884385,1892732,1892832,8.347000,8.681000
210,9774,9774,662e941,1907051,1907385,1921032,1921132,13.647000,13.981000
210,8819,8819,6273943,2072861,2073196,2079731,2079831,6.535000,6.870000
210,8575,8575,617f943,2074051,2074377,2085178,2085278,10.801000,11.127000
211,13,13,400d942,64051,64385,72690,72790,8.305000,8.639000
211,108,108,406c941,60051,60385,78069,78169,17.684000,18.018000
211,29,29,401d942,136051,136385,179296,179396,42.911000,43.245000
211,2385,2385,4951942,164446,164780,201043,201143,36.263000,36.597000
211,1443,1443,45a3943,218051,218385,249319,249419,30.934000,31.268000
211,1451,1451,45ab940,259051,259385,266788,266888,7.403000,7.737000
211,1262,1262,44ee942,413051,413385,428282,428382,14.897000,15.231000
211,908,908,438c942,480051,480377,491366,491466,10.989000,11.315000
211,2057,2057,4809942,526439,526773,535173,535273,8.400000,8.734000
211,3293,3293,4cdd942,585395,585729,604125,604225,18.396000,18.730000
211,4623,4623,520f941,637051,637377,646588,646688,9.211000,9.537000
211,5330,5330,54d2942,753051,753377,763521,763621,10.144000,10.470000
211,7041,7041,5b81941,781829,782163,799006,799106,16.843000,17.177000
211,5283,5283,54a3943,801051,801385,806949,807049,5.564000,5.898000
211,7073,7073,5ba1942,783051,783385,815453,815553,32.068000,32.402000
211,3638,3638,4e36940,808051,808377,819624,819724,11.247000,11.573000
211,6764,6764,5a6c942,823051,823385,830785,830885,7.400000,7.734000
211,4891,4891,531b940,851416,851742,866379,866479,14.637000,14.963000
211,4519,4519,51a7942,999051,999377,1016028,1016128,16.651000,16.977000
211,5654,5654,5616942,1097459,1097793,1108204,1108304,10.411000,10.745000
211,7565,7565,5d8d940,1125051,1125377,1135329,1135429,9.952000,10.278000
211,6711,6711,5a37943,1118051,1118385,1140660,1140760,22.275000,22.609000
211,7035,7035,5b7b940,1193051,1193385,1199824,1199924,6.439000,6.773000
211,8232,8232,6028941,1189051,1189385,1218356,1218456,28.971000,29.305000
211,8290,8290,6062940,1205051,1205377,1251866,1251966,46.489000,46.815000
211,5543,5543,55a7941,1246051,1246385,1272355,1272455,25.970000,26.304000
211,9900,9900,66ac941,1306051,1306377,1317055,1317155,10.678000,11.004000
211,8238,8238,602e942,1301421,1301755,1322401,1322501,20.646000,20.980000
211,7159,7159,5bf7940,1310051,1310377,1327918,1328018,17.541000,17.867000
211,10397,10397,689d941,1367051,1367377,1378399,1378499,11.022000,11.348000
211,6598,6598,59c6940,1364051,1364377,1385393,1385493,21.016000,21.342000
211,9102,9102,638e941,1415051,1415385,1422717,1422817,7.332000,7.666000
211,8583,8583,6187943,1438051,1438377,1455613,1455713,17.236000,17.562000
211,10674,10674,69b2940,1594051,1594385,1615987,1616087,21.602000,21.936000
211,6715,6715,5a3b940,1623416,1623750,1643713,1643813,19.963000,20.297000
211,8930,8930,62e2940,1633051,1633377,1649359,1649459,15.982000,16.308000
211,10861,10861,6a6d942,1637796,1638130,1654813,1654913,16.683000,17.017000
211,10495,10495,68ff943,1683051,1683377,1701163,1701263,17.786000,18.112000
211,10510,10510,690e943,1787051,1787377,1792110,1792210,4.733000,5.059000
211,10734,10734,69ee943,1795051,1795377,1806355,1806455,10.978000,11.304000
211,9698,9698,65e2941,1854051,1854377,1864439,1864539,10.062000,10.388000
211,9257,9257,6429940,1938051,1938385,1951097,1951197,12.712000,13.046000
211,9956,9956,66e4940,1945051,1945385,1965483,1965583,20.098000,20.432000
211,8595,8595,6193940,1990051,1990385,2004929,2005029,14.544000,14.878000
211,10315,10315,684b940,1996051,1996377,2015771,2015871,19.394000,19.720000
211,9073,9073,6371942,2014051,2014377,2036092,2036192,21.715000,22.041000
211,10173,10173,67bd941,2100051,2100385,2121980,2122080,21.595000,21.929000
211,9973,9973,66f5940,2141051,2141385,2163002,2163102,21.617000,21.951000
211,9731,9731,6603943,2160051,2160385,2185683,2185783,25.298000,25.632000
211,10766,10766,6a0e943,2437051,2437385,2451884,2451984,14.499000,14.833000
212,565,565,4235941,61051,61385,77600,77700,16.215000,16.549000
212,262,262,4106942,85051,85385,101508,101608,16.123000,16.457000
212,1034,1034,440a942,147051,147385,153825,153925,6.440000,6.774000
212,1126,1126,4466941,193424,193750,200268,200368,6.518000,6.844000
212,1878,1878,4756941,237051,237377,259835,259935,22.458000,22.784000
212,1866,1866,474a942,241051,241377,302636,302736,61.259000,61.585000
212,2132,2132,4854941,379051,379385,392633,392733,13.248000,13.582000
212,3727,3727,4e8f942,412051,412385,420644,420744,8.259000,8.593000
212,5520,5520,5590943,419051,419385,424991,425091,5.606000,5.940000
212,4757,4757,5295943,502051,502385,510691,510791,8.306000,8.640000
212,4499,4499,5193943,619051,619385,640521,640621,21.136000,21.470000
212,2234,2234,48ba942,611051,611377,646034,646134,34.657000,34.983000
212,3255,3255,4cb7940,647051,647377,663455,663555,16.078000,16.404000
212,2706,2706,4a92941,691051,691385,697818,697918,6.433000,6.767000
212,7719,7719,5e27943,880051,880385,886937,887037,6.552000,6.886000
212,7923,7923,5ef3941,920051,920377,933844,933944,13.467000,13.793000
212,5746,5746,5672940,1024051,1024377,1034512,1034612,10.135000,10.461000
212,3438,3438,4d6e943,1009424,1009750,1039998,1040098,30.248000,30.574000
212,7411,7411,5cf3940,1105051,1105377,1110124,1110224,4.747000,5.073000
212,7496,7496,5d48940,1149264,1149598,1181957,1182057,32.359000,32.693000
212,7081,7081,5ba9941,1150051,1150385,1197499,1197599,47.114000,47.448000
212,7338,7338,5caa941,1156051,1156385,1208557,1208657,52.172000,52.506000
212,6984,6984,5b48940,1228673,1228999,1266406,1266506,37.407000,37.733000
212,6138,6138,57fa942,1300051,1300385,1310475,1310575,10.090000,10.424000
212,4864,4864,5300940,1311438,1311764,1323627,1323727,11.863000,12.189000
212,4229,4229,5085943,1442051,1442385,1452493,1452593,10.108000,10.442000
212,10286,10286,682e943,1927438,1927764,1932584,1932684,4.820000,5.146000
212,8876,8876,62ac942,2258051,2258385,2272253,2272353,13.868000,14.202000
213,1731,1731,46c3941,106857,107191,120596,120696,13.405000,13.739000
213,1527,1527,45f7942,184446,184780,216035,216135,31.255000,31.589000
213,612,612,4264942,207051,207377,221528,221628,14.151000,14.477000
213,2409,2409,4969943,238051,238385,259085,259186,20.700000,21.034000
213,1436,1436,459c942,243051,243377,264579,264679,21.202000,21.528000
213,2946,2946,4b82942,364051,364385,386844,386944,22.459000,22.793000
213,3254,3254,4cb6942,392051,392377,404989,405089,12.612000,12.938000
213,2483,2483,49b3940,388438,388764,409217,409317,20.453000,20.779000
213,1127,1127,4467942,401051,401385,420079,420179,18.694000,19.028000
213,2912,2912,4b60941,521050,521385,534050,534150,12.665000,13.000000
213,4921,4921,5339943,570051,570385,593557,593657,23.172000,23.506000
213,2968,2968,4b98940,625051,625385,636357,636457,10.972000,11.306000
213,7648,7648,5de0942,653051,653377,672370,672470,18.993000,19.319000
213,4210,4210,5072941,671051,671377,682224,682324,10.847000,11.173000
213,4855,4855,52f7941,686051,686385,696357,696457,9.972000,10.306000
213,5089,5089,53e1941,681051,681377,701770,701870,20.393000,20.719000
213,2867,2867,4b33941,773051,773385,778128,778228,4.743000,5.077000
213,2928,2928,4b70940,775051,775377,785394,785494,10.017000,10.343000
213,6089,6089,57c9942,832051,832385,841562,841662,9.177000,9.511000
213,7370,7370,5cca941,869051,869385,881988,882088,12.603000,12.937000
213,4624,4624,5210940,873051,873377,886120,886220,12.743000,13.069000
213,6066,6066,57b2941,877431,877757,890327,890427,12.570000,12.896000
213,3839,3839,4eff940,906051,906377,932659,932759,26.282000,26.608000
213,6552,6552,5998943,979051,979377,984949,985049,5.572000,5.898000
213,8255,8255,603f942,975051,975385,989106,989206,13.721000,14.055000
213,8133,8133,5fc5941,1007302,1007628,1038960,1039060,31.332000,31.658000
213,2637,2637,4a4d943,1039051,1039377,1057536,1057636,18.159000,18.485000
213,5555,5555,55b3943,1058051,1058385,1079489,1079589,21.104000,21.438000
213,10960,10960,6ad0941,1174051,1174385,1189123,1189223,14.738000,15.072000
213,5978,5978,575a940,1229051,1229385,1251145,1251245,21.760000,22.094000
213,7107,7107,5bc3943,1291051,1291385,1311327,1311427,19.942000,20.276000
213,8692,8692,61f4942,1318418,1318752,1339012,1339112,20.260000,20.594000
213,6449,6449,5931940,1336051,1336385,1350541,1350641,14.156000,14.490000
213,8403,8403,60d3943,1330051,1330377,1371274,1371374,40.897000,41.223000
213,7574,7574,5d96942,1405051,1405377,1438070,1438170,32.693000,33.019000
213,6453,6453,5935940,1518051,1518385,1528304,1528404,9.919000,10.253000
213,9166,9166,63ce943,1642051,1642385,1649711,1649811,7.326000,7.660000
213,5491,5491,5573943,1642051,1642385,1653939,1654039,11.554000,11.888000
213,8268,8268,604c941,1730929,1731263,1765851,1765951,34.588000,34.922000
213,10710,10710,69d6940,1838051,1838385,1850190,1850290,11.805000,12.139000
213,9580,9580,656c940,1848438,1848764,1865199,1865299,16.435000,16.761000
213,5027,5027,53a3943,1907051,1907385,1931723,1931823,24.338000,24.672000
213,10391,10391,6897942,2023051,2023385,2032577,2032677,9.192000,9.526000
213,10135,10135,6797941,2151051,2151385,2165989,2166089,14.604000,14.938000
214,587,587,424b941,77051,77385,90284,90384,12.899000,13.233000
214,791,791,4317940,111051,111377,117833,117933,6.456000,6.782000
214,583,583,4247942,147051,147385,160523,160623,13.138000,13.472000
214,865,865,4361943,213188,213514,242815,242915,29.301000,29.627000
214,1952,1952,47a0943,252051,252377,265243,265343,12.866000,13.192000
214,4134,4134,5026943,289051,289385,300701,300801,11.316000,11.650000
214,3265,3265,4cc1941,295051,295377,306262,306362,10.885000,11.211000
214,731,731,42db943,361051,361385,374556,374656,13.171000,13.505000
214,2113,2113,4841943,366051,366377,397565,397665,31.188000,31.514000
214,3521,3521,4dc1943,448051,448377,457519,457619,9.142000,9.468000
214,3498,3498,4daa941,502834,503168,521391,521491,18.223000,18.557000
214,2876,2876,4b3c941,531051,531385,544763,544863,13.378000,13.712000
214,1372,1372,455c942,552679,553013,576845,576945,23.832000,24.166000
214,3163,3163,4c5b941,722051,722385,728941,729041,6.556000,6.890000
214,3373,3373,4d2d943,734051,734385,747127,747227,12.742000,13.076000
214,4715,4715,526b941,790424,790750,806537,806637,15.787000,16.113000
214,7582,7582,5d9e941,803051,803385,826102,826202,22.717000,23.051000
214,4289,4289,50c1940,811051,811385,831558,831658,20.173000,20.507000
214,3422,3422,4d5e940,859051,859377,897296,897396,37.919000,38.245000
214,5992,5992,5768942,932051,932385,946123,946223,13.738000,14.072000
214,9265,9265,6431941,998051,998385,1005791,1005891,7.406000,7.740000
214,6828,6828,5aac943,1022051,1022385,1034215,1034316,11.830000,12.164000
214,4170,4170,504a942,1041051,1041377,1056840,1056940,15.463000,15.789000
214,8859,8859,629b941,1095870,1096196,1120607,1120707,24.411000,24.737000
214,6902,6902,5af6942,1224051,1224377,1235318,1235418,10.941000,11.267000
214,9101,9101,638d941,1229051,1229385,1240811,1240911,11.426000,11.760000
214,7956,7956,5f14941,1313051,1313377,1332840,1332940,19.463000,19.789000
214,9250,9250,6422943,1374051,1374377,1383556,1383656,9.179000,9.505000
214,10911,10911,6a9f943,1371051,1371385,1387729,1387829,16.344000,16.678000
214,9807,9807,664f942,2186051,2186385,2205327,2205427,18.942000,19.276000
214,9538,9538,6542941,2366051,2366385,2373800,2373900,7.415000,7.749000
215,569,569,4239941,41051,41377,50451,50551,9.074000,9.400000
215,133,133,4085940,51051,51385,64153,64252,12.768000,13.102000
215,243,243,40f3942,78051,78377,83102,83202,4.725000,5.051000
215,365,365,416d942,119051,119377,143954,144054,24.577000,24.903000
215,1160,1160,4488940,140051,140377,158370,158470,17.993000,18.319000
215,332,332,414c942,167051,167377,183636,183736,16.259000,16.585000
215,980,980,43d4940,242051,242385,258707,258806,16.322000,16.656000
215,1273,1273,44f9943,240481,240815,264075,264175,23.260000,23.594000
215,3476,3476,4d94943,266051,266377,272023,272123,5.646000,5.972000
215,2250,2250,48ca942,288051,288377,297503,297603,9.126000,9.452000
215,1729,1729,46c1940,342051,342385,361442,361542,19.057000,19.391000
215,4371,4371,5113943,365479,365805,371344,371444,5.539000,5.865000
215,1586,1586,4632940,365051,365377,382566,382666,17.189000,17.515000
215,5700,5700,5644940,406051,406385,417142,417242,10.757000,11.091000
215,4023,4023,4fb7941,439051,439377,447840,447940,8.463000,8.789000
215,2178,2178,4882942,462418,462752,475247,475347,12.495000,12.829000
215,2009,2009,47d9943,513050,513377,541247,541347,27.870000,28.197000
215,4516,4516,51a4942,691051,691377,697017,697117,5.640000,5.966000
215,3732,3732,4e94942,759051,759377,775205,775305,15.828000,16.154000
215,5180,5180,543c943,781051,781377,790582,790682,9.205000,9.531000
215,5647,5647,560f941,777051,777377,794781,794881,17.404000,17.730000
215,3318,3318,4cf6940,780051,780377,800127,800227,19.750000,20.076000
215,6204,6204,583c943,795051,795377,815477,815577,20.100000,20.426000
215,5853,5853,56dd941,859051,859385,881362,881462,21.977000,22.311000
215,4826,4826,52da941,878051,878377,886780,886880,8.403000,8.729000
215,5399,5399,5517943,881051,881385,892221,892321,10.836000,11.170000
215,4795,4795,52bb943,946051,946385,969816,969916,23.431000,23.765000
215,5794,5794,56a2943,1089051,1089377,1113871,1113971,24.494000,24.820000
215,5734,5734,5666942,1113051,1113385,1129348,1129448,15.963000,16.297000
215,6014,6014,577e941,1242051,1242385,1251581,1251681,9.196000,9.530000
215,7914,7914,5eea940,1255051,1255385,1264918,1265018,9.533000,9.867000
215,10460,10460,68dc943,1303051,1303377,1316616,1316716,13.239000,13.565000
215,9054,9054,635e943,1313051,1313385,1330921,1331021,17.536000,17.870000
215,10383,10383,688f943,1362051,1362377,1367073,1367173,4.696000,5.022000
215,7635,7635,5dd3943,1425051,1425385,1439903,1440003,14.518000,14.852000
215,9924,9924,66c4941,1452051,1452377,1458890,1458990,6.513000,6.839000
215,8450,8450,6102943,1444051,1444377,1463108,1463208,18.731000,19.057000
215,3244,3244,4cac943,1452051,1452377,1479385,1479485,27.008000,27.334000
215,9743,9743,660f941,1615051,1615377,1631940,1632040,16.563000,16.889000
215,10750,10750,69fe942,1737051,1737377,1748396,1748496,11.019000,11.345000
215,10030,10030,672e940,1819051,1819377,1826173,1826273,6.796000,7.122000
215,9683,9683,65d3942,1821051,1821385,1831687,1831787,10.302000,10.636000
215,9752,9752,6618942,1828051,1828377,1841161,1841261,12.784000,13.110000
215,10755,10755,6a03943,1851051,1851377,1868666,1868766,17.289000,17.615000
215,8785,8785,6251940,1957051,1957377,1971420,1971520,14.043000,14.369000
215,9855,9855,667f942,1983446,1983780,2000108,2000208,16.328000,16.662000
215,6639,6639,59ef941,1998051,1998377,2014694,2014794,16.317000,16.643000
216,609,609,4261940,78051,78377,99475,99575,21.098000,21.424000
216,551,551,4227943,102051,102377,119508,119608,17.131000,17.457000
216,1404,1404,457c943,117834,118160,144408,144508,26.248000,26.574000
216,1644,1644,466c940,174051,174377,206259,206359,31.882000,32.208000
216,1593,1593,4639943,199051,199385,217455,217555,18.070000,18.404000
216,2086,2086,4826941,283051,283385,297917,298017,14.532000,14.866000
216,1429,1429,4595940,348453,348779,372540,372640,23.761000,24.087000
216,1984,1984,47c0942,362051,362377,399831,399931,37.454000,37.780000
216,2162,2162,4872940,423051,423385,441472,441572,18.087000,18.421000
216,2417,2417,4971941,513050,513377,532906,533006,19.529000,19.856000
216,3050,3050,4bea943,562051,562377,578031,578131,15.654000,15.980000
216,6564,6564,59a4942,626195,626529,645880,645980,19.351000,19.685000
216,2643,2643,4a53943,705051,705377,726268,726368,20.891000,21.217000
216,4702,4702,525e941,782051,782385,798361,798461,15.976000,16.310000
216,3912,3912,4f48943,795051,795377,805406,805506,10.029000,10.355000
216,4122,4122,501a942,801051,801377,823578,823678,22.201000,22.527000
216,8455,8455,6107943,825425,825759,848074,848174,22.315000,22.649000
216,4719,4719,526f940,915795,916121,938937,939037,22.816000,23.142000
216,8165,8165,5fe5941,997425,997759,1019063,1019163,21.304000,21.638000
216,3183,3183,4c6f941,1067051,1067377,1092618,1092718,25.241000,25.567000
216,6246,6246,5866940,1202051,1202377,1211251,1211351,8.874000,9.200000
216,9440,9440,64e0941,1268719,1269045,1283770,1283870,14.725000,15.051000
216,8889,8889,62b9940,1324425,1324759,1341058,1341158,16.299000,16.633000
216,8760,8760,6238942,1355051,1355377,1364642,1364742,9.265000,9.591000
216,5795,5795,56a3940,1379051,1379377,1401279,1401379,21.902000,22.228000
216,8355,8355,60a3940,1398051,1398377,1406746,1406846,8.369000,8.695000
216,5845,5845,56d5941,1379051,1379385,1412300,1412400,32.915000,33.249000
216,10349,10349,686d942,1395051,1395385,1417767,1417867,22.382000,22.716000
216,9675,9675,65cb943,1593051,1593377,1606178,1606278,12.801000,13.127000
216,9165,9165,63cd941,1599051,1599385,1612013,1612113,12.628000,12.962000
216,10644,10644,6994942,1661051,1661377,1675743,1675843,14.366000,14.692000
216,10850,10850,6a62940,1657051,1657377,1681201,1681301,23.824000,24.150000
216,10600,10600,6968943,1720051,1720385,1733075,1733175,12.690000,13.024000
216,9604,9604,6584941,1745051,1745377,1761488,1761588,16.111000,16.437000
216,5673,5673,5629941,1764461,1764795,1794365,1794465,29.570000,29.904000
216,7834,7834,5e9a943,1780051,1780385,1799877,1799977,19.492000,19.826000
216,10980,10980,6ae4941,1803051,1803385,1814411,1814511,11.026000,11.360000
216,10467,10467,68e3942,2578051,2578377,2590266,2590366,11.889000,12.215000
217,1654,1654,4676943,47051,47385,60927,61027,13.542000,13.876000
217,454,454,41c6941,89051,89385,101089,101189,11.704000,12.038000
217,1247,1247,44df940,96051,96377,105254,105354,8.877000,9.203000
217,338,338,4152941,188051,188385,195796,195896,7.411000,7.745000
217,542,542,421e941,188051,188385,204909,205009,16.524000,16.858000
217,1996,1996,47cc940,471438,471764,496949,497049,25.185000,25.511000
217,5017,5017,5399941,512050,512377,517967,518067,5.590000,5.917000
217,2963,2963,4b93942,579051,579385,595247,595347,15.862000,16.196000
217,5771,5771,568b942,596051,596377,612494,612594,16.117000,16.443000
217,2111,2111,483f940,682051,682385,694181,694281,11.796000,12.130000
217,4655,4655,522f941,769051,769377,779521,779621,10.144000,10.470000
217,6923,6923,5b0b943,768051,768385,802183,802283,33.798000,34.132000
217,7344,7344,5cb0942,817051,817385,829588,829688,12.203000,12.537000
217,3204,3204,4c84940,837402,837736,847067,847167,9.331000,9.665000
217,4243,4243,5093940,850416,850742,863161,863261,12.419000,12.745000
217,4552,4552,51c8941,904051,904385,912727,912827,8.342000,8.676000
217,7317,7317,5c95941,934051,934377,945326,945426,10.949000,11.275000
217,8351,8351,609f941,948051,948377,953127,953227,4.750000,5.076000
217,6242,6242,5862940,1077051,1077377,1100223,1100323,22.846000,23.172000
217,6862,6862,5ace940,1181051,1181385,1188737,1188837,7.352000,7.686000
217,5721,5721,5659943,1203933,1204259,1217411,1217511,13.152000,13.478000
217,5228,5228,546c941,1240051,1240385,1264445,1264545,24.060000,24.394000
217,5482,5482,556a943,1331051,1331377,1340533,1340633,9.156000,9.482000
217,10056,10056,6748941,1365051,1365377,1374831,1374931,9.454000,9.780000
217,8454,8454,6106943,1373051,1373385,1393679,1393779,20.294000,20.628000
217,6112,6112,57e0942,1382051,1382385,1405388,1405488,23.003000,23.337000
217,10954,10954,6aca943,1448808,1449134,1461256,1461356,12.122000,12.448000
217,5069,5069,53cd943,1445051,1445377,1466689,1466789,21.312000,21.638000
217,6609,6609,59d1943,1656453,1656779,1666093,1666193,9.314000,9.640000
217,7305,7305,5c89943,1661051,1661377,1680047,1680147,18.670000,18.996000
217,8551,8551,6167943,1686051,1686385,1697444,1697544,11.059000,11.393000
217,10707,10707,69d3943,1836051,1836377,1849128,1849228,12.751000,13.077000
217,9019,9019,633b942,1875051,1875377,1880126,1880226,4.749000,5.075000
217,9908,9908,66b4941,2089051,2089377,2102181,2102281,12.804000,13.130000
217,10438,10438,68c6942,2119051,2119385,2138361,2138461,18.976000,19.310000
217,7293,7293,5c7d942,2207051,2207377,2212970,2213070,5.593000,5.919000
217,10368,10368,6880941,2317395,2317729,2328828,2328928,11.099000,11.433000
217,10253,10253,680d941,2481051,2481385,2489713,2489813,8.328000,8.662000
218,20,20,4014940,22051,22385,28034,28134,5.649000,5.983000
218,430,430,41ae940,37051,37377,61069,61169,23.692000,24.018000
218,311,311,4137943,78051,78377,90251,90351,11.874000,12.200000
218,40,40,4028941,84051,84385,95663,95763,11.278000,11.612000
218,267,267,410b942,100051,100385,119269,119369,18.884000,19.218000
218,668,668,429c940,175051,175377,190611,190711,15.234000,15.560000
218,917,917,4395943,185051,185377,198354,198454,12.977000,13.303000
218,1271,1271,44f7943,276051,276385,304758,304858,28.373000,28.707000
218,2979,2979,4ba3941,308051,308385,314910,315010,6.525000,6.859000
218,1358,1358,454e942,375051,375385,381011,381111,5.626000,5.960000
218,2289,2289,48f1941,378051,378385,408952,409052,30.567000,30.901000
218,1488,1488,45d0942,435051,435377,450242,450342,14.865000,15.191000
218,4178,4178,5052941,452051,452377,477610,477710,25.233000,25.559000
218,1853,1853,473d942,461051,461385,488542,488642,27.157000,27.491000
218,3600,3600,4e10943,516050,516385,521980,522079,5.595000,5.930000
218,5872,5872,56f0943,536051,536377,545577,545677,9.200000,9.526000
218,2252,2252,48cc940,536051,536385,553676,553776,17.291000,17.625000
218,3808,3808,4ee0943,576051,576385,593124,593224,16.739000,17.073000
218,4148,4148,5034940,621051,621385,648325,648425,26.940000,27.274000
218,4940,4940,534c941,641051,641377,652515,652615,11.138000,11.464000
218,4528,4528,51b0940,648982,649308,672339,672439,23.031000,23.357000
218,2007,2007,47d7941,666051,666385,679220,679320,12.835000,13.169000
218,3898,3898,4f3a940,751051,751377,759110,759210,7.733000,8.059000
218,4079,4079,4fef940,813550,813884,824691,824791,10.807000,11.141000
218,4296,4296,50c8941,860051,860385,870846,870946,10.461000,10.795000
218,4759,4759,5297942,851395,851729,876201,876301,24.472000,24.806000
218,5119,5119,53ff941,860051,860377,895636,895736,35.259000,35.585000
218,5132,5132,540c940,891051,891385,906211,906311,14.826000,15.160000
218,6420,6420,5914942,957051,957377,964776,964876,7.399000,7.725000
218,5034,5034,53aa942,972769,973103,987996,988096,14.893000,15.227000
218,9793,9793,6641943,1027617,1027943,1037309,1037408,9.366000,9.692000
218,5514,5514,558a940,1024051,1024385,1045603,1045703,21.218000,21.552000
218,4208,4208,5070941,1120051,1120385,1148131,1148231,27.746000,28.080000
218,4195,4195,5063941,1182051,1182377,1197815,1197915,15.438000,15.764000
218,8778,8778,624a941,1285051,1285377,1301698,1301798,16.321000,16.647000
218,5640,5640,5608942,1264051,1264377,1336657,1336757,72.280000,72.606000
218,8640,8640,61c0942,1321409,1321743,1342132,1342232,20.389000,20.723000
218,10456,10456,68d8940,1343051,1343385,1369407,1369507,26.022000,26.356000
218,8503,8503,6137940,1413051,1413385,1420361,1420461,6.976000,7.310000
218,9235,9235,6413943,1463051,1463385,1480998,1481098,17.613000,17.947000
218,9371,9371,649b942,1474535,1474869,1508564,1508664,33.695000,34.029000
218,10502,10502,6906942,1613051,1613385,1622541,1622641,9.156000,9.490000
218,7446,7446,5d16941,1616051,1616377,1633129,1633229,16.752000,17.078000
218,8072,8072,5f88941,1699051,1699385,1704948,1705048,5.563000,5.897000
218,9294,9294,644e941,1726051,1726377,1736426,1736526,10.049000,10.375000
218,9209,9209,63f9943,1755051,1755385,1763738,1763838,8.353000,8.687000
218,8744,8744,6228941,1793051,1793385,1808815,1808915,15.430000,15.764000
218,10857,10857,6a69940,1824051,1824377,1833513,1833613,9.136000,9.462000
218,9545,9545,6549940,1999395,1999729,2008045,2008145,8.316000,8.650000
218,10553,10553,6939940,2219051,2219377,2234797,2234897,15.420000,15.746000
218,10527,10527,691f943,2807051,2807385,2826285,2826385,18.900000,19.234000
219,250,250,40fa943,24051,24385,38104,38204,13.719000,14.053000
219,129,129,4081941,40051,40377,48766,48866,8.389000,8.715000
219,2,2,4002940,57051,57385,62989,63089,5.604000,5.938000
219,2071,2071,4817941,98762,99096,122497,122597,23.401000,23.735000
219,118,118,4076941,109051,109385,127964,128063,18.579000,18.913000
219,584,584,4248943,166051,166385,179136,179236,12.751000,13.085000
219,868,868,4364942,146051,146385,184530,184630,38.145000,38.479000
219,933,933,43a5941,214051,214385,221792,221892,7.407000,7.741000
219,1679,1679,468f942,200303,200637,227239,227339,26.602000,26.936000
219,3648,3648,4e40943,274051,274385,280941,281041,6.556000,6.890000
219,817,817,4331941,249051,249385,286377,286477,36.992000,37.326000
219,3636,3636,4e34942,270051,270385,291855,291955,21.470000,21.804000
219,4014,4014,4fae943,328051,328377,336780,336880,8.403000,8.729000
219,3555,3555,4de3940,431051,431377,438688,438788,7.311000,7.637000
219,3048,3048,4be8940,448051,448377,473506,473606,25.129000,25.455000
219,1296,1296,4510940,478051,478385,508313,508413,29.928000,30.262000
219,4406,4406,5136941,556051,556377,567803,567903,11.426000,11.752000
219,4018,4018,4fb2943,626051,626377,642310,642410,15.933000,16.259000
219,6614,6614,59d6943,660453,660779,675064,675164,14.285000,14.611000
219,3644,3644,4e3c942,662051,662377,679930,680030,17.553000,17.879000
219,5563,5563,55bb943,661963,662297,694773,694873,32.476000,32.810000
219,2944,2944,4b80941,675446,675780,715111,715211,39.331000,39.665000
219,4889,4889,5319942,712051,712385,757220,757320,44.835000,45.169000
219,2925,2925,4b6d940,763051,763377,783110,783210,19.733000,20.059000
219,7499,7499,5d4b941,757051,757385,794137,794237,36.752000,37.086000
219,5057,5057,53c1943,841658,841984,857336,857436,15.352000,15.678000
219,6447,6447,592f942,965051,965385,971918,972018,6.533000,6.867000
219,6208,6208,5840942,973051,973385,985063,985163,11.678000,12.012000
219,8300,8300,606c942,988051,988377,1002818,1002918,14.441000,14.767000
219,4728,4728,5278942,1051979,1052305,1066568,1066668,14.263000,14.589000
219,9067,9067,636b942,1131051,1131385,1160145,1160245,28.760000,29.094000
219,10457,10457,68d9942,1207051,1207377,1221082,1221182,13.705000,14.031000
219,8157,8157,5fdd943,1221051,1221385,1229695,1229795,8.310000,8.644000
219,7786,7786,5e6a940,1233051,1233385,1239868,1239968,6.483000,6.817000
219,9050,9050,635a941,1258051,1258377,1271931,1272031,13.554000,13.880000
219,7075,7075,5ba3940,1285051,1285385,1297893,1297993,12.508000,12.842000
219,4966,4966,5366942,1286051,1286385,1303407,1303507,17.022000,17.356000
219,4735,4735,527f942,1279051,1279377,1308838,1308938,29.461000,29.787000
219,3850,3850,4f0a940,1281051,1281385,1314383,1314483,32.998000,33.332000
219,10098,10098,6772942,1348051,1348385,1368193,1368293,19.808000,20.142000
219,8702,8702,61fe940,1373051,1373385,1384317,1384417,10.932000,11.266000
219,8986,8986,631a941,1405051,1405385,1415359,1415459,9.974000,10.308000
219,9831,9831,6667943,1403051,1403377,1419570,1419670,16.193000,16.519000
219,7928,7928,5ef8941,1423008,1423334,1446504,1446604,23.170000,23.496000
219,9525,9525,6535941,1422051,1422385,1451954,1452054,29.569000,29.903000
219,10937,10937,6ab9943,1531437,1531771,1543784,1543884,12.013000,12.347000
219,9242,9242,641a940,1569051,1569385,1595849,1595949,26.464000,26.798000
219,8969,8969,6309940,1586051,1586385,1601239,1601339,14.854000,15.188000
219,7838,7838,5e9e942,1603395,1603729,1617586,1617686,13.857000,14.191000
219,9809,9809,6651943,1613051,1613385,1628497,1628597,15.112000,15.446000
219,9588,9588,6574940,1625051,1625385,1639533,1639633,14.148000,14.482000
219,9087,9087,637f940,1626051,1626377,1644953,1645053,18.576000,18.902000
219,6637,6637,59ed943,1644051,1644377,1684372,1684472,39.995000,40.321000
219,10627,10627,6983943,1779051,1779377,1802099,1802199,22.722000,23.048000
219,10408,10408,68a8941,1927051,1927385,1938656,1938756,11.271000,11.605000
219,7751,7751,5e47941,1970051,1970385,1976905,1977005,6.520000,6.854000
219,8115,8115,5fb3943,2216051,2216377,2224657,2224757,8.280000,8.606000
219,10472,10472,68e8940,2359051,2359377,2368569,2368669,9.192000,9.518000
220,839,839,4347943,145051,145377,162351,162451,16.974000,17.300000
220,3443,3443,4d73943,180051,180377,190438,190538,10.061000,10.387000
220,166,166,40a6941,202051,202377,208916,209016,6.539000,6.865000
220,855,855,4357940,192051,192385,214358,214458,21.973000,22.307000
220,1712,1712,46b0943,194051,194377,231841,231941,37.464000,37.790000
220,3957,3957,4f75943,436051,436385,449172,449272,12.787000,13.121000
220,5376,5376,5500943,460051,460377,474692,474792,14.315000,14.641000
220,4974,4974,536e942,456380,456714,480186,480286,23.472000,23.806000
220,4890,4890,531a943,522050,522377,555139,555239,32.762000,33.089000
220,3358,3358,4d1e941,603051,603385,612732,612832,9.347000,9.681000
220,4025,4025,4fb9940,603051,603377,623769,623869,20.392000,20.718000
220,2682,2682,4a7a940,621051,621385,631445,631545,10.060000,10.394000
220,2789,2789,4ae5942,632346,632680,639139,639239,6.459000,6.793000
220,4935,4935,5347943,638051,638385,649662,649762,11.277000,11.611000
220,4001,4001,4fa1940,624051,624377,655114,655214,30.737000,31.063000
220,3974,3974,4f86940,641051,641377,678721,678821,37.344000,37.670000
220,2221,2221,48ad940,695051,695377,718763,718863,23.386000,23.712000
220,5837,5837,56cd942,794051,794385,815006,815106,20.621000,20.955000
220,5275,5275,549b940,836051,836377,849853,849953,13.476000,13.802000
220,6998,6998,5b56942,858051,858385,881867,881967,23.482000,23.816000
220,6855,6855,5ac7943,882051,882377,895085,895185,12.708000,13.034000
220,6207,6207,583f941,862051,862385,906089,906189,43.704000,44.038000
220,6274,6274,5882942,896755,897081,912871,912971,15.790000,16.116000
220,6069,6069,57b5943,911051,911377,919643,919743,8.266000,8.592000
220,7639,7639,5dd7941,913051,913385,925014,925114,11.629000,11.963000
220,4814,4814,52ce940,845051,845385,930403,930503,85.018000,85.352000
220,6969,6969,5b39941,916051,916385,948022,948122,31.637000,31.971000
220,5014,5014,5396943,991051,991377,1018605,1018705,27.228000,27.554000
220,7074,7074,5ba2941,1127051,1127377,1136854,1136954,9.477000,9.803000
220,9009,9009,6331943,1193051,1193377,1210506,1210606,17.129000,17.455000
220,7958,7958,5f16942,1266051,1266377,1277269,1277369,10.892000,11.218000
220,9514,9514,652a943,1302051,1302377,1317797,1317897,15.420000,15.746000
220,6700,6700,5a2c943,1367051,1367385,1385132,1385232,17.747000,18.081000
220,4513,4513,51a1943,1386051,1386377,1413079,1413179,26.702000,27.028000
220,6580,6580,59b4942,1385051,1385377,1418586,1418686,33.209000,33.535000
220,8963,8963,6303940,1419051,1419385,1434931,1435031,15.546000,15.880000
220,7439,7439,5d0f943,1400051,1400385,1440324,1440424,39.939000,40.273000
220,10260,10260,6814941,1440051,1440377,1474600,1474700,34.223000,34.549000
220,9949,9949,66dd943,1555051,1555377,1570345,1570445,14.968000,15.294000
220,8877,8877,62ad942,1606051,1606377,1620321,1620421,13.944000,14.270000
220,9400,9400,64b8940,1641051,1641377,1659427,1659527,18.050000,18.376000
220,10537,10537,6929942,1654051,1654377,1664868,1664968,10.491000,10.817000
220,10780,10780,6a1c941,1663051,1663377,1674242,1674342,10.865000,11.191000
220,10663,10663,69a7942,1687051,1687377,1692989,1693089,5.612000,5.938000
220,9289,9289,6449941,1782051,1782377,1795993,1796093,13.616000,13.942000
220,9109,9109,6395940,1796051,1796377,1818776,1818876,22.399000,22.725000
220,9362,9362,6492942,1796438,1796764,1826643,1826743,29.879000,30.205000
220,10673,10673,69b1943,1926051,1926385,1944318,1944418,17.933000,18.267000
220,10075,10075,675b940,2150051,2150377,2169267,2169367,18.890000,19.216000
220,10925,10925,6aad943,2317051,2317377,2328318,2328418,10.941000,11.267000
221,132,132,4084940,21051,21385,35942,36042,14.557000,14.891000
221,1478,1478,45c6940,148745,149079,158172,158272,9.093000,9.427000
221,508,508,41fc941,135051,135377,162366,162466,26.989000,27.315000
221,2459,2459,499b941,169051,169377,174078,174178,4.701000,5.027000
221,105,105,4069940,162051,162385,178277,178377,15.892000,16.226000
221,977,977,43d1940,156051,156385,198175,198275,41.790000,42.124000
221,2093,2093,482d941,266051,266377,290232,290332,23.855000,24.181000
221,706,706,42c2943,307051,307385,324196,324296,16.811000,17.145000
221,921,921,4399943,397051,397377,408551,408651,11.174000,11.500000
221,5144,5144,5418941,559051,559385,584758,584858,25.373000,25.707000
221,4587,4587,51eb943,588051,588377,604818,604918,16.441000,16.767000
221,4316,4316,50dc943,580051,580385,610332,610432,29.947000,30.281000
221,4796,4796,52bc940,676051,676385,694963,695063,18.578000,18.912000
221,3754,3754,4eaa940,709051,709385,728119,728219,18.734000,19.068000
221,5602,5602,55e2942,730051,730385,748076,748176,17.691000,18.025000
221,4554,4554,51ca943,781865,782191,788862,788962,6.671000,6.997000
221,5006,5006,538e942,793051,793385,809303,809403,15.918000,16.252000
221,3742,3742,4e9e940,777051,777385,813552,813652,36.167000,36.501000
221,6830,6830,5aae941,797051,797385,818446,818546,21.061000,21.395000
221,5925,5925,5725943,855031,855357,876503,876603,21.146000,21.472000
221,3305,3305,4ce9942,909051,909385,917737,917837,8.352000,8.686000
221,6165,6165,5815943,920051,920385,927827,927927,7.442000,7.776000
221,5903,5903,570f941,939051,939385,952635,952735,13.250000,13.584000
221,7471,7471,5d2f940,1021051,1021377,1053521,1053621,32.144000,32.470000
221,6916,6916,5b04942,1039051,1039377,1059043,1059143,19.666000,19.992000
221,6471,6471,5947941,1034051,1034377,1070068,1070168,35.691000,36.017000
221,5558,5558,55b6942,1070051,1070385,1082307,1082407,11.922000,12.256000
221,8682,8682,61ea941,1156051,1156377,1171799,1171899,15.422000,15.748000
221,8906,8906,62ca940,1236051,1236385,1246501,1246601,10.116000,10.450000
221,6294,6294,5896941,1252051,1252377,1262230,1262330,9.853000,10.179000
221,8266,8266,604a942,1406051,1406377,1415664,1415764,9.287000,9.613000
221,4704,4704,5260941,1420051,1420377,1443259,1443359,22.882000,23.208000
221,8511,8511,613f940,1450994,1451320,1465166,1465266,13.846000,14.172000
221,5917,5917,571d940,1457051,1457385,1481509,1481609,24.124000,24.458000
221,5956,5956,5744943,1474051,1474377,1489714,1489814,15.337000,15.663000
221,4923,4923,533b940,1481051,1481385,1519188,1519288,37.803000,38.137000
221,7380,7380,5cd4942,1505051,1505377,1524715,1524815,19.338000,19.664000
221,10058,10058,674a943,1578051,1578385,1583983,1584083,5.598000,5.932000
221,9481,9481,6509941,1605051,1605385,1617227,1617327,11.842000,12.176000
221,9867,9867,668b940,1671919,1672253,1680577,1680677,8.324000,8.658000
221,8193,8193,6001941,1725051,1725385,1736500,1736600,11.115000,11.449000
221,10435,10435,68c3940,1747051,1747385,1759163,1759263,11.778000,12.112000
221,10943,10943,6abf943,2041051,2041377,2059505,2059604,18.128000,18.454000
221,8923,8923,62db940,2057051,2057377,2066548,2066649,9.171000,9.497000
221,10640,10640,6990942,2130446,2130780,2166336,2166436,35.556000,35.890000
221,9217,9217,6401943,2304051,2304385,2325954,2326054,21.569000,21.903000
221,10557,10557,693d940,2327418,2327752,2336947,2337047,9.195000,9.529000
222,220,220,40dc941,45051,45385,54668,54768,9.283000,9.617000
222,149,149,4095941,51051,51377,83753,83853,32.376000,32.702000
222,407,407,4197943,78051,78385,92502,92602,14.117000,14.451000
222,152,152,4098941,124051,124377,137959,138059,13.582000,13.908000
222,2638,2638,4a4e942,260051,260385,289070,289170,28.685000,29.019000
222,1897,1897,4769942,292051,292385,304961,305061,12.576000,12.910000
222,1102,1102,444e942,374051,374385,381750,381850,7.365000,7.699000
222,1032,1032,4408940,372051,372385,389908,390008,17.523000,17.857000
222,3902,3902,4f3e943,371051,371385,409417,409517,38.032000,38.366000
222,2218,2218,48aa943,434051,434385,447963,448063,13.578000,13.912000
222,2179,2179,4883940,427051,427385,452136,452236,24.751000,25.085000
222,3728,3728,4e90943,489409,489743,497351,497451,7.608000,7.942000
222,5124,5124,5404940,544416,544742,561221,561321,16.479000,16.805000
222,3736,3736,4e98940,560416,560742,571716,571816,10.974000,11.300000
222,3441,3441,4d71940,544416,544742,582571,582671,37.829000,38.155000
222,1918,1918,477e943,673051,673377,682591,682691,9.214000,9.540000
222,4646,4646,5226943,707051,707385,715023,715123,7.638000,7.972000
222,2687,2687,4a7f940,699051,699377,724745,724845,25.368000,25.694000
222,3979,3979,4f8b943,714051,714377,738326,738426,23.949000,24.275000
222,3412,3412,4d54943,728051,728385,746774,746874,18.389000,18.723000
222,4723,4723,5273940,777051,777377,792817,792917,15.440000,15.766000
222,3143,3143,4c47940,855051,855385,871604,871704,16.219000,16.553000
222,4558,4558,51ce940,857051,857385,888054,888154,30.669000,31.003000
222,8413,8413,60dd942,963051,963377,981407,981507,18.030000,18.356000
222,8920,8920,62d8942,1022395,1022721,1063299,1063399,40.578000,40.904000
222,4542,4542,51be941,1081051,1081385,1102639,1102739,21.254000,21.588000
222,9378,9378,64a2943,1198051,1198385,1205322,1205422,6.937000,7.271000
222,6478,6478,594e940,1240019,1240353,1246857,1246957,6.504000,6.838000
222,8394,8394,60ca941,1290051,1290377,1298613,1298713,8.236000,8.562000
222,5588,5588,55d4940,1300051,1300385,1313048,1313148,12.663000,12.997000
222,6454,6454,5936940,1310051,1310377,1320943,1321043,10.566000,10.892000
222,8823,8823,6277942,1345051,1345385,1350986,1351086,5.601000,5.935000
222,6493,6493,595d940,1418051,1418385,1423962,1424062,5.577000,5.911000
222,8759,8759,6237941,1483051,1483385,1515046,1515146,31.661000,31.995000
222,10804,10804,6a34941,1623051,1623385,1629869,1629969,6.484000,6.818000
222,10087,10087,6767943,1813051,1813385,1831923,1832023,18.538000,18.872000
222,9043,9043,6353940,1889051,1889385,1921507,1921607,32.122000,32.456000
222,10266,10266,681a943,1984051,1984385,2020132,2020232,35.747000,36.081000
222,7101,7101,5bbd943,2041051,2041385,2052280,2052380,10.895000,11.229000
222,10179,10179,67c3940,2152882,2153208,2162332,2162432,9.124000,9.450000
223,202,202,40ca941,65051,65377,76255,76355,10.878000,11.204000
223,272,272,4110940,73410,73736,82034,82134,8.298000,8.624000
223,1752,1752,46d8940,101416,101750,125611,125711,23.861000,24.195000
223,1343,1343,453f940,131051,131377,137816,137916,6.439000,6.765000
223,199,199,40c7943,160051,160377,184784,184884,24.407000,24.733000
223,595,595,4253942,168051,168377,194649,194749,26.272000,26.598000
223,80,80,4050941,169051,169377,198847,198947,29.470000,29.796000
223,1355,1355,454b940,157051,157385,204286,204386,46.901000,47.235000
223,905,905,4389940,205051,205377,212761,212861,7.384000,7.710000
223,2253,2253,48cd943,278051,278377,289705,289805,11.328000,11.654000
223,5192,5192,5448942,298051,298385,320646,320746,22.261000,22.595000
223,1900,1900,476c941,302051,302385,324795,324895,22.410000,22.744000
223,2279,2279,48e7940,323051,323385,351013,351113,27.628000,27.962000
223,2041,2041,47f9941,352051,352385,371388,371488,19.003000,19.337000
223,1850,1850,473a943,382051,382377,414821,414921,32.444000,32.770000
223,3512,3512,4db8940,446051,446377,460833,460933,14.456000,14.782000
223,1889,1889,4761940,596051,596385,605330,605430,8.945000,9.279000
223,3899,3899,4f3b940,593051,593385,610645,610745,17.260000,17.594000
223,6282,6282,588a942,646051,646377,676609,676709,30.232000,30.558000
223,5446,5446,5546940,690051,690385,714024,714124,23.639000,23.973000
223,5230,5230,546e943,715051,715377,723623,723723,8.246000,8.572000
223,6892,6892,5aec940,884804,885130,903205,903305,18.075000,18.401000
223,4877,4877,530d941,1032051,1032377,1047182,1047282,14.805000,15.131000
223,7311,7311,5c8f940,1044439,1044764,1067599,1067699,22.835000,23.160000
223,3828,3828,4ef4943,1054051,1054385,1077710,1077810,23.325000,23.659000
223,6405,6405,5905941,1274051,1274385,1291054,1291154,16.669000,17.003000
223,8714,8714,620a942,1347051,1347385,1365784,1365884,18.399000,18.733000
223,9251,9251,6423941,1420051,1420385,1428710,1428810,8.325000,8.659000
223,8565,8565,6175941,1484051,1484385,1496300,1496400,11.915000,12.249000
223,5262,5262,548e943,1529051,1529377,1546601,1546701,17.224000,17.550000
223,9318,9318,6466941,1623051,1623385,1636165,1636265,12.780000,13.114000
223,9846,9846,6676941,1822051,1822377,1841298,1841398,18.921000,19.247000
223,9928,9928,66c8942,1869051,1869385,1894920,1895020,25.535000,25.869000
223,8418,8418,60e2941,1886395,1886721,1917052,1917152,30.331000,30.657000
223,10556,10556,693c940,2036051,2036377,2063311,2063410,26.934000,27.260000
223,9628,9628,659c940,2460051,2460385,2480192,2480292,19.807000,20.141000
223,7628,7628,5dcc941,2590051,2590385,2606714,2606814,16.329000,16.663000
224,113,113,4071941,23051,23385,36235,36335,12.850000,13.184000
224,676,676,42a4940,134416,134750,162530,162630,27.780000,28.114000
224,42,42,402a940,126051,126377,172002,172102,45.625000,45.951000
224,1135,1135,446f940,138523,138857,176225,176325,37.368000,37.702000
224,1065,1065,4429941,131051,131377,181617,181717,50.240000,50.566000
224,682,682,42aa941,191051,191385,198796,198896,7.411000,7.745000
224,1141,1141,4475942,195051,195377,217058,217158,21.681000,22.007000
224,1657,1657,4679940,229051,229377,241852,241952,12.475000,12.801000
224,4574,4574,51de942,208051,208385,252788,252888,44.403000,44.737000
224,2496,2496,49c0942,293446,293780,299397,299497,5.617000,5.951000
224,730,730,42da941,292051,292377,329653,329753,37.276000,37.602000
224,1402,1402,457a940,361051,361377,373570,373670,12.193000,12.519000
224,3970,3970,4f82941,384051,384377,393597,393697,9.220000,9.546000
224,2782,2782,4ade941,396051,396385,404714,404814,8.329000,8.663000
224,2586,2586,4a1a941,376051,376377,408925,409025,32.548000,32.874000
224,2441,2441,4989940,413051,413377,444893,444993,31.516000,31.842000
224,7880,7880,5ec8941,457051,457377,487925,488025,30.548000,30.874000
224,5328,5328,54d0942,561395,561721,570961,571061,9.240000,9.566000
224,2352,2352,4930943,609051,609385,626567,626667,17.182000,17.516000
224,5375,5375,54ff943,621051,621377,648543,648643,27.166000,27.492000
224,4164,4164,5044942,656051,656385,662864,662964,6.479000,6.813000
224,2908,2908,4b5c940,713051,713385,735891,735991,22.506000,22.840000
224,4591,4591,51ef943,792051,792385,803935,804035,11.550000,11.884000
224,4748,4748,528c940,798416,798742,819507,819607,20.765000,21.091000
224,5362,5362,54f2941,808051,808377,824991,825091,16.614000,16.940000
224,3823,3823,4eef941,836051,836377,875729,875829,39.352000,39.678000
224,5397,5397,5515943,874051,874377,886654,886754,12.277000,12.603000
224,7124,7124,5bd4940,862096,862430,922094,922194,59.664000,59.998000
224,4712,4712,5268940,987051,987377,992116,992216,4.739000,5.065000
224,7300,7300,5c84942,1041051,1041385,1050643,1050743,9.258000,9.592000
224,8657,8657,61d1942,1060051,1060385,1073902,1074002,13.517000,13.851000
224,7119,7119,5bcf942,1070051,1070377,1103377,1103477,33.000000,33.326000
224,7789,7789,5e6d942,1107051,1107377,1125337,1125437,17.960000,18.286000
224,6804,6804,5a94942,1111051,1111385,1130921,1131021,19.536000,19.870000
224,7326,7326,5c9e942,1243051,1243377,1258094,1258194,14.717000,15.043000
224,7886,7886,5ece942,1249051,1249385,1263543,1263643,14.158000,14.492000
224,7773,7773,5e5d940,1256051,1256377,1274363,1274463,17.986000,18.312000
224,9244,9244,641c942,1261051,1261385,1278588,1278688,17.203000,17.537000
224,9544,9544,6548942,1251051,1251377,1285428,1285528,34.051000,34.377000
224,9034,9034,634a940,1287051,1287385,1292074,1292174,4.689000,5.023000
224,9104,9104,6390942,1297051,1297377,1311998,1312098,14.621000,14.947000
224,9560,9560,6558941,1303895,1304221,1317386,1317486,13.165000,13.491000
224,9103,9103,638f940,1385051,1385385,1391902,1392002,6.517000,6.851000
224,8179,8179,5ff3941,1450051,1450377,1479240,1479340,28.863000,29.189000
224,10497,10497,6901942,1551051,1551385,1569485,1569585,18.100000,18.434000
224,8314,8314,607a942,1603051,1603377,1620573,1620673,17.196000,17.522000
224,5884,5884,56fc943,1599051,1599377,1626118,1626218,26.741000,27.067000
224,9884,9884,669c940,1688051,1688377,1696628,1696728,8.251000,8.577000
224,7644,7644,5ddc942,1682051,1682377,1707586,1707686,25.209000,25.535000
224,10636,10636,698c942,1690864,1691198,1713055,1713155,21.857000,22.191000
224,9770,9770,662a940,1913051,1913385,1933125,1933225,19.740000,20.074000
224,9223,9223,6407940,1994051,1994377,2008814,2008914,14.437000,14.763000
225,86,86,4056941,42051,42385,48931,49031,6.546000,6.880000
225,446,446,41be942,70663,70997,80776,80876,9.779000,10.113000
225,643,643,4283943,104409,104743,125019,125119,20.276000,20.610000
225,1708,1708,46ac942,254051,254385,267137,267237,12.752000,13.086000
225,2130,2130,4852943,255051,255385,272527,272627,17.142000,17.476000
225,424,424,41a8942,347051,347377,377670,377770,30.293000,30.619000
225,955,955,43bb940,365051,365385,399477,399577,34.092000,34.426000
225,4462,4462,516e943,394051,394385,415780,415880,21.395000,21.729000
225,3252,3252,4cb4942,429051,429377,450083,450183,20.706000,21.032000
225,2888,2888,4b48940,554051,554377,568936,569036,14.559000,14.885000
225,4095,4095,4fff942,649051,649377,654978,655078,5.601000,5.927000
225,3948,3948,4f6c941,693051,693385,710074,710174,16.689000,17.023000
225,2798,2798,4aee941,705418,705752,720541,720641,14.789000,15.123000
225,3141,3141,4c45942,714051,714385,752052,752152,37.667000,38.001000
225,5036,5036,53ac940,760051,760385,788038,788138,27.653000,27.987000
225,2939,2939,4b7b940,879051,879377,890301,890401,10.924000,11.250000
225,5907,5907,5713942,928051,928385,938874,938974,10.489000,10.823000
225,7894,7894,5ed6943,935051,935385,955297,955397,19.912000,20.246000
225,6009,6009,5779942,947051,947385,959464,959564,12.079000,12.413000
225,5350,5350,54e6942,1003051,1003377,1008950,1009050,5.573000,5.899000
225,6957,6957,5b2d941,1031051,1031385,1042821,1042922,11.436000,11.770000
225,3759,3759,4eaf940,1051051,1051377,1065909,1066009,14.532000,14.858000
225,4050,4050,4fd2942,1062051,1062377,1104567,1104667,42.190000,42.516000
225,4977,4977,5371943,1103051,1103377,1120998,1121098,17.621000,17.947000
225,8973,8973,630d941,1132051,1132377,1138009,1138109,5.632000,5.958000
225,5135,5135,540f943,1129051,1129385,1161883,1161983,32.498000,32.832000
225,6743,6743,5a57940,1221051,1221385,1229771,1229871,8.386000,8.720000
225,9487,9487,650f943,1285051,1285385,1295401,1295501,10.016000,10.350000
225,9003,9003,632b941,1289051,1289377,1300932,1301032,11.555000,11.881000
225,6109,6109,57dd943,1299051,1299385,1317343,1317443,17.958000,18.292000
225,10856,10856,6a68942,1420051,1420377,1430930,1431030,10.553000,10.879000
225,8884,8884,62b4942,1419051,1419385,1436275,1436375,16.890000,17.224000
225,9629,9629,659d940,1455051,1455385,1466348,1466448,10.963000,11.297000
225,5745,5745,5671941,1588051,1588377,1600283,1600383,11.906000,12.232000
225,9554,9554,6552942,1722051,1722385,1732423,1732523,10.038000,10.372000
225,10948,10948,6ac4940,1712051,1712385,1743421,1743521,31.036000,31.370000
225,9995,9995,670b942,1736051,1736377,1750894,1750994,14.517000,14.843000
225,10546,10546,6932940,1741051,1741385,1755073,1755173,13.688000,14.022000
225,8593,8593,6191942,1810051,1810377,1833751,1833851,23.374000,23.700000
225,9462,9462,64f6940,2067051,2067385,2079249,2079349,11.864000,12.198000
225,8912,8912,62d0943,2165051,2165385,2174537,2174637,9.152000,9.486000
226,1010,1010,43f2941,67051,67377,81834,81934,14.457000,14.783000
226,1114,1114,445a940,63051,63377,89187,89287,25.810000,26.136000
226,574,574,423e943,76051,76385,93370,93470,16.985000,17.319000
226,814,814,432e943,91051,91385,119479,119579,28.094000,28.428000
226,391,391,4187942,99051,99385,124924,125024,25.539000,25.873000
226,880,880,4370943,105051,105377,130394,130494,25.017000,25.343000
226,877,877,436d943,147051,147377,156569,156669,9.192000,9.518000
226,411,411,419b942,119813,120147,162032,162132,41.885000,42.219000
226,533,533,4215941,143051,143385,167505,167605,24.120000,24.454000
226,2548,2548,49f4940,233051,233377,255471,255571,22.094000,22.420000
226,1347,1347,4543940,308051,308377,319903,320003,11.526000,11.852000
226,2353,2353,4931943,334051,334385,344564,344664,10.179000,10.513000
226,3290,3290,4cda942,426051,426385,431099,431199,4.714000,5.048000
226,1991,1991,47c7940,466051,466385,486067,486167,19.682000,20.016000
226,2251,2251,48cb941,451051,451377,491517,491617,40.140000,40.466000
226,2985,2985,4ba9940,497402,497736,526374,526474,28.638000,28.972000
226,2017,2017,47e1941,538051,538377,547925,548025,9.548000,9.874000
226,2562,2562,4a02943,566051,566385,579106,579206,12.721000,13.055000
226,2472,2472,49a8940,580051,580385,592128,592228,11.743000,12.077000
226,1698,1698,46a2942,589051,589377,615548,615648,26.171000,26.497000
226,4590,4590,51ee941,633051,633385,644341,644441,10.956000,11.290000
226,3677,3677,4e5d941,786590,786924,825537,825637,38.613000,38.947000
226,7883,7883,5ecb941,889051,889385,907171,907271,17.786000,18.120000
226,4156,4156,503c943,933051,933377,949737,949837,16.360000,16.686000
226,4953,4953,5359942,966051,966377,975992,976092,9.615000,9.941000
226,5207,5207,5457940,1048051,1048377,1070713,1070813,22.336000,22.662000
226,8650,8650,61ca943,1133051,1133385,1146115,1146215,12.730000,13.064000
226,9072,9072,6370941,1190051,1190377,1197742,1197842,7.365000,7.691000
226,6477,6477,594d942,1211051,1211377,1217957,1218057,6.580000,6.906000
226,6981,6981,5b45942,1241051,1241385,1252326,1252426,10.941000,11.275000
226,9078,9078,6376942,1474051,1474377,1491620,1491720,17.243000,17.569000
226,8329,8329,6089943,1505051,1505377,1538920,1539020,33.543000,33.869000
226,6154,6154,580a941,1552051,1552377,1562439,1562539,10.062000,10.388000
226,7505,7505,5d51941,1589051,1589377,1605657,1605757,16.280000,16.606000
226,8194,8194,6002940,1628051,1628377,1641988,1642088,13.611000,13.937000
226,9950,9950,66de942,1681051,1681377,1686146,1686246,4.769000,5.095000
226,8590,8590,618e940,1685051,1685377,1702588,1702688,17.211000,17.537000
226,10115,10115,6783940,1733051,1733377,1750300,1750400,16.923000,17.249000
226,7077,7077,5ba5941,1804051,1804385,1814389,1814489,10.004000,10.338000
226,10873,10873,6a79943,2040051,2040377,2045954,2046054,5.577000,5.903000
226,6919,6919,5b07943,2079051,2079377,2110508,2110608,31.131000,31.457000
226,9190,9190,63e6942,2103051,2103377,2130254,2130354,26.877000,27.203000
226,10252,10252,680c943,2303424,2303750,2320141,2320241,16.391000,16.717000
227,538,538,421a941,107854,108188,119530,119630,11.342000,11.676000
227,180,180,40b4940,143051,143377,169299,169399,25.922000,26.248000
227,848,848,4350940,170051,170385,176849,176949,6.464000,6.798000
227,2801,2801,4af1943,189051,189385,218392,218492,29.007000,29.341000
227,1359,1359,454f941,286051,286377,297271,297371,10.894000,11.220000
227,156,156,409c942,292051,292377,324627,324727,32.250000,32.576000
227,2301,2301,48fd943,317051,317385,332997,333097,15.612000,15.946000
227,1485,1485,45cd943,330051,330385,346354,346454,15.969000,16.303000
227,2226,2226,48b2940,378051,378385,388875,388975,10.490000,10.824000
227,1979,1979,47bb943,387051,387377,415249,415349,27.872000,28.198000
227,4344,4344,50f8942,418537,418871,447782,447882,28.911000,29.245000
227,2993,2993,4bb1941,434051,434377,453257,453357,18.880000,19.206000
227,3317,3317,4cf5942,559051,559385,567390,567490,8.005000,8.339000
227,4071,4071,4fe7942,563051,563385,571532,571632,8.147000,8.481000
227,5414,5414,5526941,590051,590385,599630,599730,9.245000,9.579000
227,3345,3345,4d11942,680051,680377,690497,690597,10.120000,10.446000
227,2533,2533,49e5942,732051,732385,752301,752401,19.916000,20.250000
227,5489,5489,5571942,830051,830377,840448,840548,10.071000,10.397000
227,5512,5512,5588940,839051,839385,850410,850510,11.025000,11.359000
227,7162,7162,5bfa943,854051,854385,874310,874410,19.925000,20.259000
227,5916,5916,571c941,872051,872385,885338,885438,12.953000,13.287000
227,7320,7320,5c98943,912051,912385,920680,920780,8.295000,8.629000
227,4526,4526,51ae943,911051,911377,928429,928529,17.052000,17.378000
227,6148,6148,5804942,918051,918385,950298,950398,31.913000,32.247000
227,5625,5625,55f9941,935051,935377,955757,955857,20.380000,20.706000
227,6366,6366,58de940,951051,951385,961219,961319,9.834000,10.168000
227,4007,4007,4fa7942,976051,976385,991793,991893,15.408000,15.742000
227,1530,1530,45fa943,984051,984377,1011466,1011566,27.089000,27.415000
227,6853,6853,5ac5940,1197051,1197377,1213747,1213847,16.370000,16.696000
227,7703,7703,5e17943,1262439,1262765,1291363,1291463,28.598000,28.924000
227,8169,8169,5fe9943,1321051,1321385,1347339,1347439,25.954000,26.288000
227,9355,9355,648b943,1423051,1423385,1431604,1431704,8.219000,8.553000
227,4922,4922,533a941,1437051,1437385,1451017,1451117,13.632000,13.966000
227,7640,7640,5dd8943,1446051,1446385,1463575,1463675,17.190000,17.524000
227,5429,5429,5535943,1466051,1466385,1482092,1482192,15.707000,16.041000
227,8105,8105,5fa9942,1499051,1499377,1516624,1516724,17.247000,17.573000
227,8601,8601,6199941,1511051,1511377,1522536,1522636,11.159000,11.485000
227,9957,9957,66e5943,1565374,1565708,1576447,1576547,10.739000,11.073000
227,10112,10112,6780940,1718051,1718385,1734747,1734847,16.362000,16.696000
227,8637,8637,61bd941,2131051,2131377,2140646,2140746,9.269000,9.595000
228,480,480,41e0941,36051,36385,49233,49333,12.848000,13.182000
228,139,139,408b941,67051,67385,83904,84004,16.519000,16.853000
228,1191,1191,44a7940,85416,85742,115396,115496,29.654000,29.980000
228,443,443,41bb941,171051,171377,185814,185914,14.437000,14.763000
228,1480,1480,45c8943,181051,181385,191332,191432,9.947000,10.281000
228,752,752,42f0943,169051,169377,198933,199033,29.556000,29.882000
228,2704,2704,4a90940,207051,207385,212128,212228,4.743000,5.077000
228,943,943,43af943,235051,235377,246294,246394,10.917000,11.243000
228,2451,2451,4993941,284051,284385,298021,298121,13.636000,13.970000
228,1339,1339,453b940,305051,305377,315516,315616,10.139000,10.465000
228,1119,1119,445f943,325051,325385,330998,331098,5.613000,5.947000
228,2147,2147,4863941,430051,430377,441051,441151,10.674000,11.000000
228,2709,2709,4a95940,429439,429765,451609,451709,21.844000,22.170000
228,1426,1426,4592941,514050,514385,520900,521000,6.515000,6.850000
228,2438,2438,4986941,526974,527300,553283,553383,25.983000,26.309000
228,3783,3783,4ec7943,578051,578377,586669,586769,8.292000,8.618000
228,5848,5848,56d8941,587051,587377,592153,592253,4.776000,5.102000
228,2813,2813,4afd940,715416,715750,727425,727525,11.675000,12.009000
228,3958,3958,4f76943,741051,741377,769915,770015,28.538000,28.864000
228,4181,4181,5055940,766051,766377,776481,776581,10.104000,10.430000
228,4182,4182,5056943,834051,834377,859996,860096,25.619000,25.945000
228,3260,3260,4cbc941,834051,834385,870794,870894,36.409000,36.743000
228,4084,4084,4ff4942,926051,926377,946318,946418,19.941000,20.267000
228,7145,7145,5be9943,945051,945385,996048,996148,50.663000,50.997000
228,8495,8495,612f942,989051,989385,1001160,1001260,11.775000,12.109000
228,5533,5533,559d940,1034051,1034385,1041739,1041839,7.354000,7.688000
228,5842,5842,56d2943,1040051,1040377,1051862,1051962,11.485000,11.811000
228,6893,6893,5aed941,1046051,1046377,1056034,1056134,9.657000,9.983000
228,7605,7605,5db5941,1072051,1072385,1082502,1082602,10.117000,10.451000
228,7955,7955,5f13943,1111192,1111526,1118997,1119097,7.471000,7.805000
228,8731,8731,621b943,1180051,1180377,1192850,1192950,12.473000,12.799000
228,7514,7514,5d5a942,1182051,1182377,1203858,1203958,21.481000,21.807000
228,8309,8309,6075942,1216051,1216377,1227051,1227151,10.674000,11.000000
228,4742,4742,5286940,1234051,1234377,1250863,1250963,16.486000,16.812000
228,8638,8638,61be943,1227051,1227385,1256426,1256526,29.041000,29.375000
228,9559,9559,6557943,1281854,1282180,1288729,1288829,6.549000,6.875000
228,9330,9330,6472942,1340051,1340377,1353153,1353253,12.776000,13.102000
228,8250,8250,603a940,1510395,1510721,1519041,1519141,8.320000,8.646000
228,10357,10357,6875940,1777051,1777385,1785668,1785768,8.283000,8.617000
228,10572,10572,694c942,2375402,2375736,2389464,2389564,13.728000,14.062000
229,1223,1223,44c7941,40051,40377,54040,54140,13.663000,13.989000
229,2237,2237,48bd943,177051,177385,183013,183113,5.628000,5.962000
229,558,558,422e941,246051,246385,271002,271102,24.617000,24.951000
229,2427,2427,497b943,255051,255385,276442,276542,21.057000,21.391000
229,761,761,42f9943,275051,275385,287385,287485,12.000000,12.334000
229,2205,2205,489d940,280051,280385,299336,299436,18.951000,19.285000
229,2198,2198,4896940,297051,297377,311071,311171,13.694000,14.020000
229,3637,3637,4e35943,323051,323377,333465,333565,10.088000,10.414000
229,5201,5201,5451943,370051,370385,382300,382400,11.915000,12.249000
229,5463,5463,5557943,382051,382377,397834,397934,15.457000,15.783000
229,3389,3389,4d3d943,416719,417045,447177,447277,30.132000,30.458000
229,5821,5821,56bd940,491051,491385,511375,511475,19.990000,20.324000
229,3073,3073,4c01940,521050,521377,530533,530633,9.156000,9.483000
229,4589,4589,51ed940,634818,635144,649059,649159,13.915000,14.241000
229,3092,3092,4c14940,644051,644377,653253,653353,8.876000,9.202000
229,4076,4076,4fec943,686051,686385,751645,751745,65.260000,65.594000
229,6107,6107,57db940,781051,781377,800294,800394,18.917000,19.243000
229,6731,6731,5a4b942,988051,988385,998667,998767,10.282000,10.616000
229,10903,10903,6a97940,1069051,1069377,1084502,1084602,15.125000,15.451000
229,7553,7553,5d81943,1100051,1100385,1107152,1107252,6.767000,7.101000
229,7875,7875,5ec3942,1095402,1095736,1111370,1111470,15.634000,15.968000
229,7986,7986,5f32943,1131051,1131385,1156355,1156455,24.970000,25.304000
229,6025,6025,5789943,1191051,1191377,1214662,1214762,23.285000,23.611000
229,4661,4661,5235942,1237051,1237377,1257617,1257717,20.240000,20.566000
229,10273,10273,6821942,1277051,1277377,1301224,1301324,23.847000,24.173000
229,7273,7273,5c69942,1358051,1358377,1366739,1366839,8.362000,8.688000
229,7889,7889,5ed1940,1371051,1371377,1385904,1386004,14.527000,14.853000
229,6844,6844,5abc941,1417550,1417884,1427967,1428067,10.083000,10.417000
229,7095,7095,5bb7943,1432051,1432385,1444459,1444559,12.074000,12.408000
229,8724,8724,6214943,1499051,1499385,1505908,1506008,6.523000,6.857000
229,8003,8003,5f43940,1506051,1506385,1518238,1518338,11.853000,12.187000
229,10712,10712,69d8941,1516051,1516377,1534732,1534832,18.355000,18.681000
229,10082,10082,6762941,1580051,1580385,1585115,1585215,4.730000,5.064000
229,8742,8742,6226942,1585051,1585385,1598729,1598829,13.344000,13.678000
229,9747,9747,6613940,1712051,1712377,1727342,1727442,14.965000,15.291000
229,8968,8968,6308943,1765051,1765385,1778978,1779078,13.593000,13.927000
229,4270,4270,50ae943,1799051,1799385,1824684,1824784,25.299000,25.633000
229,8860,8860,629c940,1940395,1940721,1948166,1948266,7.445000,7.771000
229,10744,10744,69f8942,2148051,2148377,2154011,2154111,5.634000,5.960000
229,10743,10743,69f7942,2212051,2212385,2223387,2223487,11.002000,11.336000
229,10656,10656,69a0943,2347051,2347377,2355679,2355779,8.302000,8.628000
230,826,826,433a943,52051,52385,66824,66924,14.439000,14.773000
230,290,290,4122940,83051,83377,96554,96654,13.177000,13.503000
230,1319,1319,4527943,123051,123385,140328,140428,16.943000,17.277000
230,325,325,4145941,178051,178377,196425,196525,18.048000,18.374000
230,2690,2690,4a82941,196889,197215,222759,222859,25.544000,25.870000
230,1547,1547,460b940,212051,212385,231711,231811,19.326000,19.660000
230,1734,1734,46c6940,226051,226377,237253,237353,10.876000,11.202000
230,1778,1778,46f2941,264287,264613,301385,301485,36.772000,37.098000
230,1470,1470,45be940,265051,265385,318049,318149,52.664000,52.998000
230,221,221,40dd942,302051,302377,323502,323602,21.125000,21.451000
230,3549,3549,4ddd941,327051,327377,349424,349524,22.047000,22.373000
230,2081,2081,4821942,387051,387385,392993,393093,5.608000,5.942000
230,4052,4052,4fd4940,385319,385653,403975,404075,18.322000,18.656000
230,2989,2989,4bad942,437051,437385,451552,451652,14.167000,14.501000
230,5174,5174,5436941,468051,468385,487273,487373,18.888000,19.222000
230,3771,3771,4ebb941,517050,517385,528352,528452,10.967000,11.302000
230,3253,3253,4cb5941,540051,540385,548490,548590,8.105000,8.439000
230,3162,3162,4c5a942,565409,565743,572297,572397,6.554000,6.888000
230,2986,2986,4baa943,591051,591377,621530,621630,30.153000,30.479000
230,4768,4768,52a0940,622437,622763,638677,638777,15.914000,16.240000
230,5254,5254,5486942,659051,659377,674305,674405,14.928000,15.254000
230,3605,3605,4e15940,685051,685385,699652,699752,14.267000,14.601000
230,2084,2084,4824940,707051,707377,725060,725160,17.683000,18.009000
230,2760,2760,4ac8942,749051,749385,769988,770088,20.603000,20.937000
230,6581,6581,59b5943,807051,807385,821523,821623,14.138000,14.472000
230,5617,5617,55f1942,805051,805385,836186,836286,30.801000,31.135000
230,4419,4419,5143942,829051,829377,840433,840533,11.056000,11.382000
230,6584,6584,59b8943,824051,824377,845830,845930,21.453000,21.779000
230,8393,8393,60c9943,847051,847385,859133,859233,11.748000,12.082000
230,5434,5434,553a942,1102051,1102385,1121917,1122017,19.532000,19.866000
230,4190,4190,505e940,1146051,1146385,1160412,1160512,14.027000,14.361000
230,9387,9387,64ab943,1271051,1271385,1285823,1285923,14.438000,14.772000
230,9281,9281,6441943,1315051,1315385,1328252,1328352,12.867000,13.201000
230,8547,8547,6163943,1410051,1410385,1418713,1418813,8.328000,8.662000
230,8087,8087,5f97942,1479051,1479385,1486792,1486892,7.407000,7.741000
230,5772,5772,568c940,1494051,1494377,1505330,1505430,10.953000,11.279000
230,10452,10452,68d4941,1521051,1521385,1545992,1546092,24.607000,24.941000
230,9630,9630,659e940,1617051,1617377,1630164,1630264,12.787000,13.113000
230,9291,9291,644b941,1720051,1720385,1727811,1727911,7.426000,7.760000
230,9198,9198,63ee942,1774051,1774385,1782566,1782666,8.181000,8.515000
230,9838,9838,666e940,1784051,1784377,1790835,1790935,6.458000,6.784000
230,9642,9642,65aa941,1787402,1787736,1797121,1797221,9.385000,9.719000
230,9517,9517,652d940,1843051,1843385,1866156,1866256,22.771000,23.105000
230,9522,9522,6532942,2020051,2020385,2034839,2034939,14.454000,14.788000
230,10991,10991,6aef941,2104051,2104377,2113645,2113745,9.268000,9.594000
231,1517,1517,45ed942,92058,92392,105272,105372,12.880000,13.214000
231,2063,2063,480f943,157051,157385,164708,164808,7.323000,7.657000
231,2271,2271,48df940,253051,253377,263631,263731,10.254000,10.580000
231,2158,2158,486e940,318876,319202,336474,336574,17.272000,17.598000
231,3493,3493,4da5940,338051,338385,350161,350261,11.776000,12.110000
231,3822,3822,4eee943,394051,394385,406890,406990,12.505000,12.839000
231,2683,2683,4a7b943,401051,401385,437661,437761,36.276000,36.610000
231,3449,3449,4d79941,456051,456385,465284,465384,8.899000,9.233000
231,2482,2482,49b2940,460051,460377,470722,470822,10.345000,10.671000
231,2412,2412,496c942,476051,476385,498992,499092,22.607000,22.941000
231,3425,3425,4d61942,513050,513377,521579,521679,8.202000,8.529000
231,3285,3285,4cd5940,541051,541385,554124,554224,12.739000,13.073000
231,4427,4427,514b940,605051,605377,616208,616308,10.831000,11.157000
231,3507,3507,4db3942,632051,632385,641510,641610,9.125000,9.459000
231,6362,6362,58da943,655051,655385,675742,675842,20.357000,20.691000
231,6050,6050,57a2942,915051,915377,936612,936712,21.235000,21.561000
231,5507,5507,5583941,1001051,1001385,1011800,1011900,10.415000,10.749000
231,8246,8246,6036940,1065051,1065385,1088157,1088257,22.772000,23.106000
231,7031,7031,5b77942,1063051,1063377,1093758,1093858,30.381000,30.707000
231,4366,4366,510e943,1182051,1182377,1197199,1197299,14.822000,15.148000
231,4142,4142,502e941,1201051,1201385,1224510,1224610,23.125000,23.459000
231,6606,6606,59ce940,1206416,1206750,1230003,1230103,23.253000,23.587000
231,9879,9879,6697943,1461051,1461377,1474776,1474876,13.399000,13.725000
231,7591,7591,5da7940,1491051,1491377,1505034,1505134,13.657000,13.983000
231,5271,5271,5497943,1520476,1520802,1541964,1542064,21.162000,21.488000
231,8051,8051,5f73940,1616051,1616377,1626455,1626555,10.078000,10.404000
231,6738,6738,5a52943,1658051,1658385,1677562,1677662,19.177000,19.511000
231,9704,9704,65e8940,1695913,1696239,1716123,1716223,19.884000,20.210000
231,10724,10724,69e4940,1718051,1718377,1732746,1732846,14.369000,14.695000
231,8733,8733,621d942,1870051,1870385,1887595,1887695,17.210000,17.544000
231,10919,10919,6aa7941,1894051,1894377,1902814,1902914,8.437000,8.763000
231,9046,9046,6356943,1972051,1972385,1995471,1995571,23.086000,23.420000
231,9889,9889,66a1942,2258051,2258377,2274638,2274738,16.261000,16.587000
232,76,76,404c942,66051,66377,82060,82160,15.683000,16.009000
232,1093,1093,4445943,80051,80377,106866,106966,26.489000,26.815000
232,1140,1140,4474942,107051,107385,125943,126043,18.558000,18.892000
232,1169,1169,4491941,213051,213385,240402,240502,27.017000,27.351000
232,1672,1672,4688943,307051,307377,321914,322014,14.537000,14.863000
232,1955,1955,47a3940,312051,312377,327380,327480,15.003000,15.329000
232,2852,2852,4b24940,347899,348233,367938,368038,19.705000,20.039000
232,1193,1193,44a9942,380051,380377,386841,386941,6.464000,6.790000
232,1883,1883,475b941,378051,378385,411671,411771,33.286000,33.620000
232,1060,1060,4424940,403051,403377,417139,417239,13.762000,14.088000
232,2297,2297,48f9940,448031,448365,467377,467477,19.012000,19.346000
232,1579,1579,462b941,477051,477385,496613,496713,19.228000,19.562000
232,1446,1446,45a6940,491051,491385,502130,502230,10.745000,11.079000
232,4204,4204,506c941,480051,480385,507604,507704,27.219000,27.553000
232,2326,2326,4916940,519050,519385,526846,526946,7.461000,7.796000
232,6172,6172,581c943,643051,643385,662722,662822,19.337000,19.671000
232,4767,4767,529f940,733438,733764,769270,769370,35.506000,35.832000
232,4754,4754,5292940,746051,746377,774801,774901,28.424000,28.750000
232,4518,4518,51a6940,772051,772377,829950,830050,57.573000,57.899000
232,4130,4130,5022940,776051,776385,835487,835587,59.102000,59.436000
232,6822,6822,5aa6943,857051,857385,866598,866698,9.213000,9.547000
232,7058,7058,5b92943,863051,863385,893088,893188,29.703000,30.037000
232,7363,7363,5cc3941,913051,913385,921675,921775,8.290000,8.624000
232,5838,5838,56ce943,933051,933377,947960,948060,14.583000,14.909000
232,7356,7356,5cbc940,962051,962377,974100,974200,11.723000,12.049000
232,5454,5454,554e943,1016051,1016385,1039148,1039249,22.763000,23.097000
232,3692,3692,4e6c941,1046051,1046385,1066727,1066827,20.342000,20.676000
232,8258,8258,6042942,1066051,1066377,1076868,1076968,10.491000,10.817000
232,7309,7309,5c8d940,1104051,1104385,1120226,1120326,15.841000,16.175000
232,7334,7334,5ca6941,1140051,1140377,1156271,1156371,15.894000,16.220000
232,10568,10568,6948942,1218051,1218377,1240995,1241095,22.618000,22.944000
232,8448,8448,6100943,1252051,1252385,1258957,1259057,6.572000,6.906000
232,8829,8829,627d941,1294975,1295309,1307389,1307489,12.080000,12.414000
232,4335,4335,50ef940,1302051,1302385,1314289,1314389,11.904000,12.238000
232,10387,10387,6893940,1325416,1325742,1335003,1335103,9.261000,9.587000
232,6378,6378,58ea941,1341051,1341377,1351513,1351613,10.136000,10.462000
232,10811,10811,6a3b941,1391051,1391377,1401371,1401471,9.994000,10.320000
232,10726,10726,69e6940,1422051,1422385,1431623,1431723,9.238000,9.572000
232,7949,7949,5f0d940,1424051,1424377,1435868,1435968,11.491000,11.817000
232,9090,9090,6382940,1435453,1435779,1446816,1446916,11.037000,11.363000
232,8858,8858,629a940,1503464,1503798,1510367,1510467,6.569000,6.903000
232,7972,7972,5f24942,1504051,1504377,1517958,1518058,13.581000,13.907000
232,7232,7232,5c40941,1610051,1610377,1620457,1620557,10.080000,10.406000
232,8587,8587,618b942,1794051,1794385,1808963,1809063,14.578000,14.912000
232,9653,9653,65b5940,2016051,2016377,2023809,2023909,7.432000,7.758000
232,8025,8025,5f59941,2070439,2070765,2083573,2083673,12.808000,13.134000
232,9325,9325,646d940,2280051,2280385,2298426,2298526,18.041000,18.375000
233,70,70,4046942,21051,21385,37849,37949,16.464000,16.798000
233,287,287,411f942,69051,69385,79991,80091,10.606000,10.940000
233,291,291,4123942,123051,123377,138769,138869,15.392000,15.718000
233,1724,1724,46bc943,254051,254377,261452,261552,7.075000,7.401000
233,1473,1473,45c1942,259051,259385,267709,267809,8.324000,8.658000
233,1911,1911,4777943,262051,262377,274265,274365,11.888000,12.214000
233,2737,2737,4ab1941,544051,544385,552597,552697,8.212000,8.546000
233,3343,3343,4d0f941,569051,569385,580338,580438,10.953000,11.287000
233,4743,4743,5287943,576814,577148,593445,593545,16.297000,16.631000
233,3584,3584,4e00943,763051,763377,776449,776549,13.072000,13.398000
233,4466,4466,5172943,763051,763385,785910,786010,22.525000,22.859000
233,7353,7353,5cb9942,784995,785329,824941,825041,39.612000,39.946000
233,4539,4539,51bb943,853051,853377,859892,859992,6.515000,6.841000
233,6856,6856,5ac8942,839449,839775,898636,898736,58.861000,59.187000
233,5828,5828,56c4943,886051,886385,908127,908227,21.742000,22.076000
233,6491,6491,595b942,900051,900385,918996,919096,18.611000,18.945000
233,5624,5624,55f8940,1053051,1053385,1067268,1067368,13.883000,14.217000
233,5304,5304,54b8943,1089051,1089377,1101019,1101119,11.642000,11.968000
233,6333,6333,58bd941,1157051,1157385,1163888,1163988,6.503000,6.837000
233,7209,7209,5c29941,1172051,1172385,1192014,1192114,19.629000,19.963000
233,6267,6267,587b943,1178051,1178385,1197487,1197587,19.102000,19.436000
233,8276,8276,6054943,1231051,1231377,1246541,1246641,15.164000,15.490000
233,7557,7557,5d85940,1234147,1234481,1257399,1257499,22.918000,23.252000
233,9258,9258,642a942,1254051,1254385,1281808,1281908,27.423000,27.757000
233,10839,10839,6a57943,1370051,1370385,1376020,1376120,5.635000,5.969000
233,8633,8633,61b9942,1437051,1437377,1451168,1451268,13.791000,14.117000
233,6871,6871,5ad7941,1428051,1428385,1456677,1456777,28.292000,28.626000
233,7083,7083,5bab940,1510051,1510385,1517819,1517919,7.434000,7.768000
233,10916,10916,6aa4942,1485051,1485377,1532880,1532980,47.503000,47.829000
233,10449,10449,68d1942,1596051,1596377,1601930,1602030,5.553000,5.879000
233,9564,9564,655c943,1608051,1608385,1617603,1617703,9.218000,9.552000
233,7826,7826,5e92941,2054051,2054377,2063561,2063660,9.184000,9.510000
233,8783,8783,624f942,2331791,2332117,2336852,2336952,4.735000,5.061000
233,10581,10581,6955941,2382051,2382377,2394295,2394395,11.918000,12.244000
234,1096,1096,4448942,91051,91377,102079,102179,10.702000,11.028000
234,767,767,42ff942,118051,118385,126620,126720,8.235000,8.569000
234,2002,2002,47d2940,181051,181377,210817,210917,29.440000,29.766000
234,4465,4465,5171941,220051,220385,238716,238816,18.331000,18.665000
234,2039,2039,47f7940,243051,243377,258856,258955,15.479000,15.805000
234,1941,1941,4795943,256051,256376,263221,263321,6.845000,7.170000
234,169,169,40a9943,244051,244385,267415,267515,23.030000,23.364000
234,1899,1899,476b940,287051,287385,300175,300275,12.790000,13.124000
234,2676,2676,4a74941,339483,339809,370596,370696,30.787000,31.113000
234,3353,3353,4d19940,411051,411385,427630,427730,16.245000,16.579000
234,1782,1782,46f6940,419051,419377,431817,431917,12.440000,12.766000
234,2261,2261,48d5941,441051,441377,456580,456680,15.203000,15.529000
234,1415,1415,4587940,444674,445008,472977,473077,27.969000,28.303000
234,1528,1528,45f8942,489051,489385,509856,509956,20.471000,20.805000
234,3167,3167,4c5f941,524050,524377,534482,534582,10.105000,10.432000
234,5878,5878,56f6941,524050,524377,540007,540107,15.630000,15.957000
234,2449,2449,4991940,546832,547158,560087,560187,12.929000,13.255000
234,1544,1544,4608943,653051,653377,661647,661747,8.270000,8.596000
234,4916,4916,5334941,727051,727377,740062,740162,12.685000,13.011000
234,5402,5402,551a940,716051,716377,753799,753899,37.422000,37.748000
234,3221,3221,4c95940,801051,801377,813783,813883,12.406000,12.732000
234,4340,4340,50f4943,905051,905377,923601,923701,18.224000,18.550000
234,8508,8508,613c941,950051,950377,963038,963138,12.661000,12.987000
234,8422,8422,60e6942,997051,997385,1012030,1012130,14.645000,14.979000
234,4756,4756,5294940,1065051,1065385,1071887,1071987,6.502000,6.836000
234,6407,6407,5907942,1119395,1119721,1132536,1132636,12.815000,13.141000
234,6317,6317,58ad940,1119439,1119765,1138074,1138174,18.309000,18.635000
234,3528,3528,4dc8943,1132051,1132377,1143505,1143605,11.128000,11.454000
234,6517,6517,5975943,1285051,1285377,1304785,1304885,19.408000,19.734000
234,7983,7983,5f2f943,1296051,1296385,1310202,1310302,13.817000,14.151000
234,9070,9070,636e942,1391051,1391385,1403942,1404042,12.557000,12.891000
234,9227,9227,640b940,1416051,1416377,1422847,1422947,6.470000,6.796000
234,8084,8084,5f94942,1406051,1406377,1427076,1427176,20.699000,21.025000
234,5249,5249,5481941,1475051,1475377,1503944,1504044,28.567000,28.893000
234,7039,7039,5b7f941,1503959,1504285,1530058,1530158,25.773000,26.099000
234,7870,7870,5ebe940,1542439,1542773,1569186,1569286,26.413000,26.747000
234,8844,8844,628c943,1657051,1657377,1674600,1674700,17.223000,17.549000
234,8260,8260,6044941,1660051,1660377,1685461,1685561,25.084000,25.410000
234,10521,10521,6919943,1694051,1694385,1708985,1709085,14.600000,14.934000
234,10667,10667,69ab940,1732051,1732377,1751264,1751364,18.887000,19.213000
234,10006,10006,6716942,2154051,2154385,2168959,2169059,14.574000,14.908000
235,2977,2977,4ba1941,133051,133377,143430,143530,10.053000,10.379000
235,237,237,40ed940,182051,182385,239012,239112,56.627000,56.961000
235,3531,3531,4dcb943,264051,264377,270920,271020,6.543000,6.869000
235,2597,2597,4a25942,229051,229377,276307,276407,46.930000,47.256000
235,1683,1683,4693940,335051,335385,354938,355038,19.553000,19.887000
235,2444,2444,498c941,484051,484377,502151,502251,17.774000,18.100000
235,3347,3347,4d13940,487051,487377,514775,514875,27.398000,27.724000
235,2443,2443,498b941,516050,516377,522874,522973,6.497000,6.824000
235,6664,6664,5a08943,607051,607377,613029,613129,5.652000,5.978000
235,2536,2536,49e8941,633051,633377,648666,648766,15.289000,15.615000
235,4873,4873,5309942,730051,730385,738106,738206,7.721000,8.055000
235,5875,5875,56f3941,788051,788377,810303,810403,21.926000,22.252000
235,8350,8350,609e943,949051,949377,955009,955109,5.632000,5.958000
235,5974,5974,5756940,942051,942377,962167,962267,19.790000,20.116000
235,6905,6905,5af9940,954051,954385,980498,980598,26.113000,26.447000
235,6751,6751,5a5f943,984051,984377,992633,992733,8.256000,8.582000
235,6142,6142,57fe941,998051,998377,1009151,1009251,10.774000,11.100000
235,5372,5372,54fc942,1004051,1004385,1013330,1013430,8.945000,9.279000
235,4530,4530,51b2941,1041051,1041377,1055384,1055484,14.007000,14.333000
235,8618,8618,61aa942,1052051,1052377,1060604,1060704,8.227000,8.553000
235,7302,7302,5c86942,1080051,1080377,1098959,1099059,18.582000,18.908000
235,6806,6806,5a96941,1114051,1114385,1155513,1155613,41.128000,41.462000
235,6870,6870,5ad6940,1265051,1265377,1287860,1287960,22.483000,22.809000
235,8202,8202,600a943,1333051,1333377,1346196,1346296,12.819000,13.145000
235,7062,7062,5b96940,1447051,1447385,1454776,1454876,7.391000,7.725000
235,5023,5023,539f942,1426051,1426377,1460173,1460273,33.796000,34.122000
235,8419,8419,60e3942,1502051,1502385,1515977,1516077,13.592000,13.926000
235,10754,10754,6a02943,1571008,1571334,1591302,1591402,19.968000,20.294000
235,8243,8243,6033940,1570051,1570377,1607566,1607666,37.189000,37.515000
235,10000,10000,6710942,1618051,1618385,1634953,1635053,16.568000,16.902000
235,9334,9334,6476940,1694051,1694377,1708077,1708177,13.700000,14.026000
235,10227,10227,67f3943,1728051,1728385,1742882,1742982,14.497000,14.831000
235,10051,10051,6743941,1770051,1770377,1792091,1792191,21.714000,22.040000
235,10695,10695,69c7943,2024051,2024385,2046421,2046521,22.036000,22.370000
235,7898,7898,5eda941,2066051,2066385,2073845,2073945,7.460000,7.794000
235,9480,9480,6508943,2168051,2168385,2176773,2176873,8.388000,8.722000
235,9143,9143,63b7940,2176051,2176377,2187790,2187890,11.413000,11.739000
235,8215,8215,6017942,2276051,2276385,2281094,2281194,4.709000,5.043000
236,729,729,42d9940,33051,33385,46827,46927,13.442000,13.776000
236,1642,1642,466a942,62051,62377,82602,82702,20.225000,20.551000
236,363,363,416b942,148051,148385,158436,158536,10.051000,10.385000
236,989,989,43dd940,229051,229385,241066,241166,11.681000,12.015000
236,1335,1335,4537940,238051,238377,247600,247700,9.223000,9.549000
236,1887,1887,475f941,311051,311385,329468,329568,18.083000,18.417000
236,829,829,433d942,323051,323385,337021,337121,13.636000,13.970000
236,1640,1640,4668941,316051,316385,353238,353338,36.853000,37.187000
236,1540,1540,4604942,345051,345385,362544,362644,17.159000,17.493000
236,724,724,42d4940,395051,395385,411684,411784,16.299000,16.633000
236,3196,3196,4c7c940,481051,481385,500067,500167,18.682000,19.016000
236,3102,3102,4c1e941,497819,498145,516745,516845,18.600000,18.926000
236,5046,5046,53b6942,523761,524088,533339,533439,9.251000,9.578000
236,3428,3428,4d64940,547051,547377,555535,555635,8.158000,8.484000
236,2927,2927,4b6f943,549218,549552,561500,561600,11.948000,12.282000
236,2216,2216,48a8942,553051,553377,565668,565768,12.291000,12.617000
236,1938,1938,4792940,568051,568385,586360,586460,17.975000,18.309000
236,2125,2125,484d940,611051,611385,619637,619737,8.252000,8.586000
236,1819,1819,471b941,619051,619385,637741,637841,18.356000,18.690000
236,2865,2865,4b31942,686051,686377,697435,697535,11.058000,11.384000
236,6930,6930,5b12941,769051,769385,786321,786421,16.936000,17.270000
236,7991,7991,5f37942,820051,820385,830538,830638,10.153000,10.487000
236,6537,6537,5989941,959051,959377,983557,983657,24.180000,24.506000
236,7610,7610,5dba941,993051,993377,998122,998222,4.745000,5.071000
236,6627,6627,59e3942,993051,993377,1008892,1008992,15.515000,15.841000
236,8297,8297,6069940,1056416,1056750,1080939,1081039,24.189000,24.523000
236,8354,8354,60a2943,1109051,1109385,1136278,1136378,26.893000,27.227000
236,8704,8704,6200943,1184051,1184377,1195582,1195682,11.205000,11.531000
236,7759,7759,5e4f941,1201051,1201377,1224230,1224330,22.853000,23.179000
236,8209,8209,6011942,1296051,1296385,1302013,1302113,5.628000,5.962000
236,6750,6750,5a5e940,1378051,1378377,1391516,1391616,13.139000,13.465000
236,6192,6192,5830941,1398051,1398385,1446742,1446842,48.357000,48.691000
236,4680,4680,5248943,1422051,1422377,1452264,1452364,29.887000,30.213000
236,4955,4955,535b940,1409051,1409385,1468687,1468787,59.302000,59.636000
236,9317,9317,6465941,1502051,1502385,1522338,1522438,19.953000,20.287000
236,5130,5130,540a941,1553051,1553385,1575002,1575102,21.617000,21.951000
236,6588,6588,59bc941,1575051,1575377,1596928,1597028,21.551000,21.877000
236,7109,7109,5bc5942,1835051,1835385,1847257,1847357,11.872000,12.206000
236,9382,9382,64a6942,1872051,1872377,1888649,1888749,16.272000,16.598000
236,6778,6778,5a7a943,1870051,1870377,1894075,1894175,23.698000,24.024000
236,10222,10222,67ee941,2106051,2106377,2120972,2121072,14.595000,14.921000
236,10678,10678,69b6941,2399051,2399385,2414016,2414116,14.631000,14.965000
236,10888,10888,6a88941,2531051,2531385,2537940,2538040,6.555000,6.889000
237,232,232,40e8941,77051,77377,84700,84800,7.323000,7.649000
237,1006,1006,43ee943,88051,88377,111931,112031,23.554000,23.880000
237,701,701,42bd940,129051,129377,134959,135059,5.582000,5.908000
237,418,418,41a2943,122051,122377,139179,139279,16.802000,17.128000
237,1842,1842,4732943,242051,242385,259503,259602,17.118000,17.452000
237,2666,2666,4a6a942,251965,252291,284592,284692,32.301000,32.627000
237,2107,2107,483b942,296051,296377,308285,308385,11.908000,12.234000
237,899,899,4383942,295051,295377,330359,330459,34.982000,35.308000
237,1741,1741,46cd943,405051,405385,411935,412035,6.550000,6.884000
237,3667,3667,4e53943,406051,406385,417355,417455,10.970000,11.304000
237,2505,2505,49c9943,448051,448377,458568,458668,10.191000,10.517000
237,2878,2878,4b3e941,451051,451377,463965,464065,12.588000,12.914000
237,5542,5542,55a6942,564051,564385,573636,573736,9.251000,9.585000
237,2595,2595,4a23940,578051,578385,583966,584066,5.581000,5.915000
237,4950,4950,5356943,578051,578377,591155,591255,12.778000,13.104000
237,3971,3971,4f83941,584051,584385,616675,616775,32.290000,32.624000
237,4162,4162,5042940,685051,685385,700164,700264,14.779000,15.113000
237,2730,2730,4aaa940,695051,695385,705575,705675,10.190000,10.524000
237,3335,3335,4d07940,723051,723377,751005,751105,27.628000,27.954000
237,2159,2159,486f942,747051,747377,758344,758444,10.967000,11.293000
237,2913,2913,4b61942,763051,763377,769818,769918,6.441000,6.767000
237,4517,4517,51a5943,776463,776797,784210,784310,7.413000,7.747000
237,6288,6288,5890941,845051,845377,853600,853700,8.223000,8.549000
237,2811,2811,4afb941,807733,808067,866397,866497,58.330000,58.664000
237,5982,5982,575e941,888051,888385,895786,895886,7.401000,7.735000
237,4830,4830,52de943,1052051,1052377,1058873,1058973,6.496000,6.822000
237,6798,6798,5a8e941,1099051,1099385,1112123,1112223,12.738000,13.072000
237,2356,2356,4934943,1100051,1100385,1118609,1118709,18.224000,18.558000
237,6429,6429,591d943,1130051,1130385,1157460,1157560,27.075000,27.409000
237,9536,9536,6540942,1451051,1451385,1476827,1476927,25.442000,25.776000
237,10580,10580,6954943,1528453,1528779,1536238,1536338,7.459000,7.785000
237,7076,7076,5ba4940,1543051,1543385,1556126,1556226,12.741000,13.075000
237,8214,8214,6016942,1537051,1537385,1561667,1561767,24.282000,24.616000
237,10162,10162,67b2941,1585405,1585731,1597437,1597537,11.706000,12.032000
237,10951,10951,6ac7942,1608051,1608377,1627365,1627465,18.988000,19.314000
237,8082,8082,5f92942,1609051,1609377,1633036,1633136,23.659000,23.985000
237,5781,5781,5695940,1617051,1617385,1639949,1640049,22.564000,22.898000
237,9565,9565,655d940,1657051,1657385,1667357,1667457,9.972000,10.306000
237,10328,10328,6858942,1676876,1677210,1686848,1686948,9.638000,9.972000
237,9331,9331,6473942,1725051,1725377,1740779,1740879,15.402000,15.728000
237,10574,10574,694e940,1803051,1803385,1816053,1816153,12.668000,13.002000
237,10525,10525,691d941,1957051,1957377,1963873,1963973,6.496000,6.822000
237,9195,9195,63eb943,1963051,1963385,1974355,1974455,10.970000,11.304000
237,10836,10836,6a54943,2104051,2104385,2116234,2116334,11.849000,12.183000
237,10453,10453,68d5942,2125051,2125377,2156202,2156302,30.825000,31.151000
237,8695,8695,61f7941,2224051,2224385,2238796,2238896,14.411000,14.745000
237,9962,9962,66ea942,2301051,2301385,2318563,2318663,17.178000,17.512000
238,333,333,414d942,29051,29385,41549,41649,12.164000,12.498000
238,707,707,42c3940,44051,44385,62850,62950,18.465000,18.799000
238,931,931,43a3941,36186,36512,68240,68340,31.728000,32.054000
238,125,125,407d940,72051,72385,90083,90183,17.698000,18.032000
238,299,299,412b940,70051,70385,96298,96398,25.913000,26.247000
238,601,601,4259941,163051,163377,170979,171079,7.602000,7.928000
238,341,341,4155942,155051,155377,175173,175273,19.796000,20.122000
238,1197,1197,44ad943,179051,179377,186721,186821,7.344000,7.670000
238,1777,1777,46f1940,182051,182385,191576,191676,9.191000,9.525000
238,953,953,43b9942,151416,151742,207955,208055,56.213000,56.539000
238,818,818,4332943,207395,207729,221324,221424,13.595000,13.929000
238,1074,1074,4432940,248051,248377,264355,264455,15.978000,16.304000
238,4568,4568,51d8943,321051,321377,326139,326239,4.762000,5.088000
238,1200,1200,44b0943,330051,330385,336951,337051,6.566000,6.900000
238,3104,3104,4c20941,336051,336377,358641,358741,22.264000,22.590000
238,1477,1477,45c5941,343051,343377,362808,362908,19.431000,19.757000
238,3179,3179,4c6b943,375051,375377,395143,395243,19.766000,20.092000
238,2200,2200,4898941,393477,393803,399434,399534,5.631000,5.957000
238,5862,5862,56e6942,422051,422385,429825,429925,7.440000,7.774000
238,6388,6388,58f4943,579051,579377,611009,611109,31.632000,31.958000
238,4400,4400,5130943,594673,595007,626180,626280,31.173000,31.507000
238,3475,3475,4d93940,618051,618385,645813,645913,27.428000,27.762000
238,3320,3320,4cf8943,630051,630377,651268,651368,20.891000,21.217000
238,3207,3207,4c87940,677051,677385,694624,694724,17.239000,17.573000
238,7360,7360,5cc0943,720051,720385,727906,728006,7.521000,7.855000
238,4031,4031,4fbf940,717051,717377,733731,733831,16.354000,16.680000
238,4534,4534,51b6940,728051,728385,770479,770579,42.094000,42.428000
238,4011,4011,4fab940,763051,763377,775914,776014,12.537000,12.863000
238,4363,4363,510b941,821051,821377,829629,829729,8.252000,8.578000
238,3011,3011,4bc3942,832395,832729,840484,840584,7.755000,8.089000
238,6465,6465,5941943,850051,850385,883500,883600,33.115000,33.449000
238,8043,8043,5f6b941,853051,853385,894392,894492,41.007000,41.341000
238,3403,3403,4d4b942,842424,842750,908736,908836,65.986000,66.312000
238,3833,3833,4ef9940,896051,896385,915049,915149,18.664000,18.998000
238,8070,8070,5f86942,910051,910385,927469,927569,17.084000,17.418000
238,3997,3997,4f9d940,932051,932377,945117,945217,12.740000,13.066000
238,7055,7055,5b8f941,1007051,1007385,1016540,1016640,9.155000,9.489000
238,6979,6979,5b43943,995438,995764,1021959,1022059,26.195000,26.521000
238,4718,4718,526e940,1015051,1015385,1042249,1042349,26.864000,27.198000
238,6935,6935,5b17942,1042439,1042772,1047667,1047768,4.895000,5.228000
238,9814,9814,6656943,1205438,1205764,1230259,1230359,24.495000,24.821000
238,10728,10728,69e8942,1265418,1265752,1274052,1274152,8.300000,8.634000
238,9159,9159,63c7942,1298051,1298385,1306574,1306674,8.189000,8.523000
238,7964,7964,5f1c941,1342051,1342385,1357437,1357537,15.052000,15.386000
238,10146,10146,67a2942,1441051,1441385,1453175,1453275,11.790000,12.124000
238,7765,7765,5e55941,1446051,1446385,1479102,1479202,32.717000,33.051000
238,7694,7694,5e0e940,1493051,1493377,1510414,1510514,17.037000,17.363000
238,9817,9817,6659940,1532051,1532385,1552978,1553078,20.593000,20.927000
238,8317,8317,607d940,1610051,1610377,1629476,1629576,19.099000,19.425000
238,10757,10757,6a05940,1629051,1629385,1652364,1652464,22.979000,23.313000
238,9082,9082,637a942,1655051,1655377,1661030,1661130,5.653000,5.979000
238,9531,9531,653b941,1721051,1721385,1728731,1728831,7.346000,7.680000
238,8119,8119,5fb7943,1746051,1746385,1765584,1765684,19.199000,19.533000
238,7354,7354,5cba943,1761051,1761385,1771383,1771483,9.998000,10.332000
238,10514,10514,6912943,1879051,1879377,1884977,1885077,5.600000,5.926000
238,8924,8924,62dc940,1864051,1864377,1895157,1895257,30.780000,31.106000
238,9344,9344,6480943,2307051,2307377,2326259,2326359,18.882000,19.208000
239,1757,1757,46dd941,42431,42757,49199,49299,6.442000,6.768000
239,384,384,4180942,34051,34385,57048,57148,22.663000,22.997000
239,376,376,4178940,44051,44385,93819,93919,49.434000,49.768000
239,1067,1067,442b943,158051,158385,174746,174846,16.361000,16.695000
239,664,664,4298942,157051,157377,180196,180296,22.819000,23.145000
239,3228,3228,4c9c941,179051,179385,193033,193133,13.648000,13.982000
239,659,659,4293941,215051,215385,227303,227403,11.918000,12.252000
239,2035,2035,47f3940,215051,215377,232704,232804,17.327000,17.653000
239,4827,4827,52db942,243051,243377,261477,261578,18.100000,18.426000
239,1386,1386,456a942,236051,236385,266932,267032,30.547000,30.881000
239,2238,2238,48be940,281051,281385,287835,287935,6.450000,6.784000
239,749,749,42ed940,327051,327377,335648,335748,8.271000,8.597000
239,4151,4151,5037943,301009,301335,341018,341118,39.683000,40.009000
239,2633,2633,4a49940,350156,350490,387627,387727,37.137000,37.471000
239,4897,4897,5321941,461051,461385,478119,478219,16.734000,17.068000
239,2275,2275,48e3940,463051,463385,483636,483736,20.251000,20.585000
239,2971,2971,4b9b942,499051,499377,511168,511268,11.791000,12.117000
239,1399,1399,4577940,577051,577385,591894,591994,14.509000,14.843000
239,1828,1828,4724942,616051,616385,627397,627497,11.012000,11.346000
239,2947,2947,4b83943,630051,630377,661140,661240,30.763000,31.089000
239,4044,4044,4fcc943,666051,666377,679288,679388,12.911000,13.237000
239,5485,5485,556d941,702051,702377,712301,712401,9.924000,10.250000
239,5516,5516,558c941,729051,729377,744693,744793,15.316000,15.642000
239,2544,2544,49f0940,760051,760385,773561,773661,13.176000,13.510000
239,6345,6345,58c9941,761051,761385,791253,791353,29.868000,30.202000
239,4679,4679,5247941,784051,784377,795379,795479,11.002000,11.328000
239,9671,9671,65c7941,800402,800736,816104,816204,15.368000,15.702000
239,4565,4565,51d5941,831395,831729,846093,846193,14.364000,14.698000
239,6156,6156,580c942,854051,854377,868062,868162,13.685000,14.011000
239,8251,8251,603b943,952051,952385,965969,966069,13.584000,13.918000
239,5707,5707,564b940,1007051,1007377,1041795,1041895,34.418000,34.744000
239,5031,5031,53a7942,1101051,1101377,1123734,1123834,22.357000,22.683000
239,6878,6878,5ade940,1117051,1117385,1134538,1134638,17.153000,17.487000
239,8808,8808,6268943,1145051,1145385,1153013,1153113,7.628000,7.962000
239,8865,8865,62a1942,1164051,1164385,1180826,1180926,16.441000,16.775000
239,9256,9256,6428943,1278425,1278759,1291659,1291759,12.900000,13.234000
239,9208,9208,63f8941,1326051,1326377,1355612,1355712,29.235000,29.561000
239,6211,6211,5843943,1362051,1362377,1367075,1367175,4.698000,5.024000
239,9194,9194,63ea941,1360051,1360377,1372139,1372239,11.762000,12.088000
239,10455,10455,68d7942,1362051,1362377,1378021,1378121,15.644000,15.970000
239,8703,8703,61ff940,1452051,1452377,1471207,1471307,18.830000,19.156000
239,8434,8434,60f2942,1614051,1614385,1629300,1629400,14.915000,15.249000
239,7891,7891,5ed3941,1678051,1678377,1690227,1690327,11.850000,12.176000
239,9275,9275,643b942,1679051,1679385,1701469,1701569,22.084000,22.418000
239,8477,8477,611d942,1779051,1779377,1789541,1789641,10.164000,10.490000
239,9772,9772,662c942,1829051,1829377,1847637,1847737,18.260000,18.586000
239,9853,9853,667d942,2022051,2022377,2042178,2042278,19.801000,20.127000
239,10871,10871,6a77940,2148051,2148385,2162291,2162391,13.906000,14.240000
239,9394,9394,64b2941,2264051,2264385,2274487,2274587,10.102000,10.436000
239,9703,9703,65e7942,2337135,2337469,2345707,2345807,8.238000,8.572000
239,10885,10885,6a85940,2390051,2390377,2401274,2401374,10.897000,11.223000
240,145,145,4091940,75051,75385,98087,98187,22.702000,23.036000
240,1059,1059,4423942,65051,65385,125402,125502,60.017000,60.351000
240,1474,1474,45c2941,116051,116377,130908,131008,14.531000,14.857000
240,524,524,420c943,105051,105377,136314,136414,30.937000,31.263000
240,536,536,4218943,145051,145377,155460,155560,10.083000,10.409000
240,968,968,43c8942,179051,179385,192476,192576,13.091000,13.425000
240,2277,2277,48e5942,196051,196385,214551,214651,18.166000,18.500000
240,4196,4196,5064943,258051,258385,265701,265801,7.316000,7.650000
240,1318,1318,4526940,255051,255385,285541,285641,30.156000,30.490000
240,3017,3017,4bc9940,395051,395377,410999,411099,15.622000,15.948000
240,2543,2543,49ef941,404051,404377,416389,416489,12.012000,12.338000
240,1751,1751,46d7941,411051,411385,421734,421834,10.349000,10.683000
240,3181,3181,4c6d941,452051,452377,466072,466172,13.695000,14.021000
240,5246,5246,547e942,459051,459385,477917,478017,18.532000,18.866000
240,3109,3109,4c25943,490770,491096,516588,516689,25.492000,25.818000
240,2325,2325,4915942,550051,550377,578356,578456,27.979000,28.305000
240,5598,5598,55de943,584402,584736,606400,606500,21.664000,21.998000
240,3659,3659,4e4b941,590051,590377,611745,611845,21.368000,21.694000
240,5914,5914,571a941,684051,684377,694396,694496,10.019000,10.345000
240,2358,2358,4936943,695051,695377,705448,705548,10.071000,10.397000
240,6292,6292,5894941,696402,696736,713816,713916,17.080000,17.414000
240,6989,6989,5b4d940,724051,724385,732654,732754,8.269000,8.603000
240,4032,4032,4fc0943,726051,726385,743011,743111,16.626000,16.960000
240,2591,2591,4a1f940,716783,717109,748491,748591,31.382000,31.708000
240,5159,5159,5427940,781051,781385,788769,788869,7.384000,7.718000
240,4165,4165,5045943,774051,774385,794265,794365,19.880000,20.214000
240,6218,6218,584a940,850051,850377,865676,865776,15.299000,15.625000
240,4790,4790,52b6943,848051,848385,871125,871225,22.740000,23.074000
240,3411,3411,4d53940,878051,878385,903191,903291,24.806000,25.140000
240,4421,4421,5145941,874051,874377,908628,908728,34.251000,34.577000
240,6021,6021,5785941,883051,883377,917539,917639,34.162000,34.488000
240,8077,8077,5f8d942,919051,919385,950306,950406,30.921000,31.255000
240,7252,7252,5c54942,948051,948377,960233,960333,11.856000,12.182000
240,9460,9460,64f4941,1019051,1019385,1024942,1025041,5.557000,5.891000
240,7068,7068,5b9c942,1134761,1135087,1171814,1171914,36.727000,37.053000
240,9626,9626,659a942,1194051,1194377,1213673,1213773,19.296000,19.622000
240,6603,6603,59cb941,1224051,1224385,1244238,1244338,19.853000,20.187000
240,7478,7478,5d36940,1259051,1259385,1269766,1269866,10.381000,10.715000
240,7974,7974,5f26941,1238051,1238377,1280737,1280837,42.360000,42.686000
240,7725,7725,5e2d940,1259051,1259377,1297165,1297265,37.788000,38.114000
240,6168,6168,5818940,1302051,1302385,1323665,1323765,21.280000,21.614000
240,6418,6418,5912942,1322051,1322385,1353833,1353933,31.448000,31.782000
240,10519,10519,6917940,1390051,1390377,1415710,1415810,25.333000,25.659000
240,8663,8663,61d7940,1459051,1459377,1468531,1468631,9.154000,9.480000
240,9620,9620,6594941,1446051,1446385,1474573,1474673,28.188000,28.522000
240,9245,9245,641d941,1450051,1450385,1485485,1485585,35.100000,35.434000
240,8654,8654,61ce943,1485051,1485377,1493637,1493737,8.260000,8.586000
240,8073,8073,5f89942,1540051,1540385,1559318,1559418,18.933000,19.267000
240,8353,8353,60a1942,1548051,1548377,1564831,1564931,16.454000,16.780000
240,9010,9010,6332942,1573051,1573377,1585490,1585590,12.113000,12.439000
240,4907,4907,532b942,1589051,1589385,1602966,1603066,13.581000,13.915000
240,9664,9664,65c0942,1705051,1705377,1719710,1719810,14.333000,14.659000
240,10988,10988,6aec940,1737051,1737377,1760797,1760897,23.420000,23.746000
240,10515,10515,6913940,1901051,1901377,1911405,1911505,10.028000,10.354000
240,9643,9643,65ab941,2073051,2073385,2102175,2102275,28.790000,29.124000
240,8581,8581,6185942,2233051,2233385,2250549,2250649,17.164000,17.498000
240,10401,10401,68a1940,2442051,2442385,2454234,2454334,11.849000,12.183000
241,629,629,4275943,54418,54752,70247,70347,15.495000,15.829000
241,866,866,4362943,58431,58757,86316,86416,27.559000,27.885000
241,436,436,41b4943,106051,106385,146231,146331,39.846000,40.180000
241,392,392,4188943,177051,177377,184712,184812,7.335000,7.661000
241,956,956,43bc941,177051,177377,192797,192897,15.420000,15.746000
241,621,621,426d940,167051,167377,207314,207414,39.937000,40.263000
241,695,695,42b7941,349051,349385,355893,355993,6.508000,6.842000
241,2079,2079,481f942,528051,528385,537393,537493,9.008000,9.342000
241,2592,2592,4a20942,522449,522783,548454,548554,25.671000,26.005000
241,6556,6556,599c942,700051,700377,733114,733214,32.737000,33.063000
241,3223,3223,4c97940,741051,741385,758421,758521,17.036000,17.370000
241,6736,6736,5a50942,805051,805385,824256,824356,18.871000,19.205000
241,7697,7697,5e11941,878051,878377,884029,884129,5.652000,5.978000
241,5505,5505,5581942,925051,925377,945110,945210,19.733000,20.059000
241,6896,6896,5af0943,916051,916377,950733,950833,34.356000,34.682000
241,8627,8627,61b3943,982051,982385,1002237,1002337,19.852000,20.186000
241,5861,5861,56e5943,1015051,1015377,1054789,1054889,39.412000,39.738000
241,5810,5810,56b2943,1080051,1080385,1116393,1116493,36.008000,36.342000
241,6439,6439,5927941,1183051,1183377,1200503,1200603,17.126000,17.452000
241,8516,8516,6144941,1318051,1318377,1325771,1325871,7.394000,7.720000
241,9450,9450,64ea943,1361051,1361385,1394572,1394672,33.187000,33.521000
241,10688,10688,69c0941,1444051,1444385,1451813,1451913,7.428000,7.762000
241,7787,7787,5e6b942,1466735,1467069,1484296,1484396,17.227000,17.561000
241,7726,7726,5e2e943,1514051,1514377,1560251,1560351,45.874000,46.200000
241,7969,7969,5f21941,1658051,1658377,1667489,1667589,9.112000,9.438000
241,8705,8705,6201943,1638051,1638385,1675366,1675466,36.981000,37.315000
241,10354,10354,6872943,1677051,1677385,1685634,1685734,8.249000,8.583000
241,9099,9099,638b942,1753051,1753377,1768071,1768171,14.694000,15.020000
241,8822,8822,6276940,1863051,1863385,1879419,1879519,16.034000,16.368000
241,10783,10783,6a1f940,1907051,1907385,1916541,1916641,9.156000,9.490000
241,10348,10348,686c942,2015051,2015377,2023691,2023791,8.314000,8.640000
241,9519,9519,652f943,2147051,2147385,2156504,2156604,9.119000,9.453000
241,10132,10132,6794943,2184051,2184377,2214996,2215096,30.619000,30.945000
242,397,397,418d942,39051,39377,60700,60800,21.323000,21.649000
242,1764,1764,46e4940,184978,185304,200581,200681,15.277000,15.603000
242,577,577,4241942,226051,226377,247860,247960,21.483000,21.809000
242,1038,1038,440e940,244051,244377,253570,253670,9.193000,9.519000
242,477,477,41dd943,266051,266385,289257,289357,22.872000,23.206000
242,4041,4041,4fc9943,281051,281377,295178,295278,13.801000,14.127000
242,2429,2429,497d943,315051,315385,329069,329169,13.684000,14.018000
242,1458,1458,45b2943,309051,309377,340013,340113,30.636000,30.962000
242,4436,4436,5154943,329051,329385,350915,351015,21.530000,21.864000
242,1157,1157,4485940,334718,335044,356387,356487,21.343000,21.669000
242,2991,2991,4baf941,333051,333385,372823,372923,39.438000,39.772000
242,4326,4326,50e6943,357051,357385,377006,377106,19.621000,19.955000
242,1484,1484,45cc943,349051,349385,387890,387990,38.505000,38.839000
242,889,889,4379943,370051,370377,405533,405633,35.156000,35.482000
242,3367,3367,4d27941,447051,447385,464140,464240,16.755000,17.089000
242,3723,3723,4e8b942,454051,454377,470705,470805,16.328000,16.654000
242,5808,5808,56b0940,468051,468377,476076,476176,7.699000,8.025000
242,2642,2642,4a52940,465446,465780,481465,481565,15.685000,16.019000
242,2803,2803,4af3943,479051,479377,503929,504029,24.552000,24.878000
242,5045,5045,53b5943,640051,640385,659366,659466,18.981000,19.315000
242,5918,5918,571e942,654051,654385,707856,707956,53.471000,53.805000
242,6122,6122,57ea943,721051,721385,748607,748707,27.222000,27.556000
242,7554,7554,5d82941,904402,904736,913501,913601,8.765000,9.099000
242,5987,5987,5763943,892051,892377,926966,927066,34.589000,34.915000
242,5242,5242,547a940,929051,929385,938524,938624,9.139000,9.473000
242,6380,6380,58ec942,932051,932377,959886,959986,27.509000,27.835000
242,9581,9581,656d940,1036051,1036377,1043911,1044011,7.534000,7.860000
242,4914,4914,5332940,1073051,1073385,1084346,1084446,10.961000,11.295000
242,5267,5267,5493940,1065051,1065385,1089875,1089975,24.490000,24.824000
242,5865,5865,56e9941,1136051,1136377,1152525,1152625,16.148000,16.474000
242,7819,7819,5e8b942,1192051,1192385,1211082,1211182,18.697000,19.031000
242,7567,7567,5d8f943,1202051,1202377,1243791,1243891,41.414000,41.740000
242,9315,9315,6463940,1282051,1282377,1295396,1295496,13.019000,13.345000
242,10128,10128,6790941,1346051,1346377,1354634,1354734,8.257000,8.583000
242,7930,7930,5efa940,1359051,1359377,1366786,1366886,7.409000,7.735000
242,9500,9500,651c941,1373051,1373385,1385220,1385320,11.835000,12.169000
242,9607,9607,6587941,1523051,1523385,1533278,1533378,9.893000,10.227000
242,7431,7431,5d07942,1514051,1514377,1545273,1545373,30.896000,31.222000
242,10063,10063,674f940,1545051,1545377,1554645,1554745,9.268000,9.594000
242,9596,9596,657c943,1552051,1552385,1572915,1573015,20.530000,20.864000
242,8998,8998,6326943,1574388,1574722,1583877,1583977,9.155000,9.489000
242,8426,8426,60ea940,1644051,1644385,1659250,1659350,14.865000,15.199000
242,7166,7166,5bfe943,1635438,1635764,1664825,1664925,29.061000,29.387000
242,7470,7470,5d2e943,1863051,1863385,1874178,1874278,10.793000,11.127000
242,5342,5342,54de943,1906051,1906385,1917351,1917451,10.966000,11.300000
242,9499,9499,651b940,1894438,1894764,1928289,1928389,33.525000,33.851000
242,9154,9154,63c2940,2041051,2041385,2053224,2053323,11.839000,12.173000
242,10392,10392,6898940,2052502,2052836,2070999,2071099,18.163000,18.497000
242,9976,9976,66f8940,2105051,2105377,2117240,2117340,11.863000,12.189000
243,194,194,40c2943,60051,60377,85359,85459,24.982000,25.308000
243,479,479,41df940,122051,122377,143382,143482,21.005000,21.331000
243,1956,1956,47a4941,148051,148385,159308,159408,10.923000,11.257000
243,1990,1990,47c6941,153438,153764,175545,175645,21.781000,22.107000
243,619,619,426b940,161051,161385,197346,197446,35.961000,36.295000
243,2581,2581,4a15942,224051,224377,245542,245642,21.165000,21.491000
243,1733,1733,46c5942,251410,251736,274014,274114,22.278000,22.604000
243,1220,1220,44c4942,271051,271385,304029,304129,32.644000,32.978000
243,1662,1662,467e941,304051,304385,320041,320141,15.656000,15.990000
243,739,739,42e3943,316051,316377,341715,341815,25.338000,25.664000
243,3015,3015,4bc7940,337051,337385,347105,347205,9.720000,10.054000
243,1456,1456,45b0941,344051,344385,360869,360969,16.484000,16.818000
243,1541,1541,4605941,353362,353696,384273,384373,30.577000,30.911000
243,2512,2512,49d0941,459051,459385,473924,474024,14.539000,14.873000
243,5832,5832,56c8941,600051,600385,611339,611439,10.954000,11.288000
243,7650,7650,5de2940,627051,627377,640388,640488,13.011000,13.337000
243,1203,1203,44b3943,649051,649377,677253,677353,27.876000,28.202000
243,5619,5619,55f3940,688051,688377,701085,701185,12.708000,13.034000
243,4298,4298,50ca943,686051,686377,708058,708158,21.681000,22.007000
243,5621,5621,55f5941,701051,701377,729259,729359,27.882000,28.208000
243,6386,6386,58f2940,926416,926750,940180,940280,13.430000,13.764000
243,7349,7349,5cb5941,945051,945385,968852,968952,23.467000,23.801000
243,4355,4355,5103940,1007051,1007377,1025452,1025551,18.075000,18.401000
243,9672,9672,65c8943,1121051,1121385,1133119,1133219,11.734000,12.068000
243,7082,7082,5baa943,1155051,1155385,1171692,1171792,16.307000,16.641000
243,8784,8784,6250943,1238051,1238385,1246588,1246688,8.203000,8.537000
243,8626,8626,61b2942,1314051,1314377,1338198,1338298,23.821000,24.147000
243,6910,6910,5afe942,1382051,1382385,1395091,1395191,12.706000,13.040000
243,8154,8154,5fda942,1388051,1388377,1400645,1400745,12.268000,12.594000
243,8624,8624,61b0943,1379051,1379385,1406082,1406182,26.697000,27.031000
243,7874,7874,5ec2940,1399051,1399385,1423452,1423552,24.067000,24.401000
243,8781,8781,624d940,1603051,1603385,1623165,1623265,19.780000,20.114000
243,7525,7525,5d65942,1636439,1636773,1662128,1662228,25.355000,25.689000
243,9029,9029,6345941,1905051,1905377,1916333,1916433,10.956000,11.282000
243,7084,7084,5bac943,2084409,2084743,2118288,2118388,33.545000,33.879000
243,10388,10388,6894942,2168051,2168385,2181966,2182066,13.581000,13.915000
243,7182,7182,5c0e943,2174051,2174377,2202284,2202384,27.907000,28.233000
243,10078,10078,675e943,2188051,2188385,2218721,2218821,30.336000,30.670000
243,10959,10959,6acf943,2438051,2438385,2459148,2459248,20.763000,21.097000
244,294,294,4126942,42051,42385,60524,60624,18.139000,18.473000
244,1091,1091,4443943,160051,160385,169527,169627,9.142000,9.476000
244,467,467,41d3940,187051,187385,252702,252802,65.317000,65.651000
244,2776,2776,4ad8942,248051,248385,267009,267109,18.624000,18.958000
244,1605,1605,4645943,346051,346377,359097,359197,12.720000,13.046000
244,4700,4700,525c943,357051,357377,364442,364542,7.065000,7.391000
244,2477,2477,49ad941,331784,332110,369832,369932,37.722000,38.048000
244,3915,3915,4f4b941,358051,358385,375306,375406,16.921000,17.255000
244,4380,4380,511c943,381051,381377,391439,391539,10.062000,10.388000
244,2604,2604,4a2c943,391731,392057,398663,398763,6.606000,6.932000
244,3379,3379,4d33941,424051,424385,444200,444300,19.815000,20.149000
244,4576,4576,51e0943,450051,450377,461303,461403,10.926000,11.252000
244,3360,3360,4d20941,472051,472377,483281,483381,10.904000,11.230000
244,5892,5892,5704943,497051,497385,505967,506067,8.582000,8.916000
244,4650,4650,522a942,523536,523871,530383,530483,6.512000,6.847000
244,3579,3579,4dfb943,620051,620377,636786,636886,16.409000,16.735000
244,4701,4701,525d941,675051,675377,693198,693298,17.821000,18.147000
244,4563,4563,51d3940,793051,793385,816865,816965,23.480000,23.814000
244,5582,5582,55ce941,827051,827377,877244,877344,49.867000,50.193000
244,5438,5438,553e941,836051,836377,882674,882774,46.297000,46.623000
244,5284,5284,54a4943,883051,883377,908428,908528,25.051000,25.377000
244,6658,6658,5a02940,929953,930287,940975,941075,10.688000,11.022000
244,2534,2534,49e6941,938051,938385,952667,952767,14.282000,14.616000
244,8537,8537,6159941,962051,962385,970621,970721,8.236000,8.570000
244,6279,6279,5887943,996051,996385,1006978,1007078,10.593000,10.927000
244,8301,8301,606d943,983051,983377,1013466,1013566,30.089000,30.415000
244,7763,7763,5e53942,1113051,1113377,1123415,1123515,10.038000,10.364000
244,6705,6705,5a31940,1130024,1130350,1151617,1151717,21.267000,21.593000
244,5534,5534,559e942,1144051,1144377,1157007,1157107,12.630000,12.956000
244,7308,7308,5c8c940,1139051,1139385,1172637,1172737,33.252000,33.586000
244,9021,9021,633d941,1197051,1197385,1221208,1221308,23.823000,24.157000
244,5294,5294,54ae940,1220051,1220377,1233271,1233371,12.894000,13.220000
244,7687,7687,5e07943,1257051,1257385,1273673,1273773,16.288000,16.622000
244,5953,5953,5741940,1477605,1477931,1491517,1491617,13.586000,13.912000
244,10111,10111,677f940,1559051,1559385,1580253,1580353,20.868000,21.202000
244,7065,7065,5b99941,1559051,1559385,1584446,1584546,25.061000,25.395000
244,6688,6688,5a20943,1660752,1661078,1673831,1673931,12.753000,13.079000
244,8571,8571,617b942,1722051,1722385,1731560,1731660,9.175000,9.509000
244,3954,3954,4f72943,1765051,1765377,1792419,1792519,27.042000,27.368000
244,5049,5049,53b9943,1792051,1792385,1803138,1803238,10.753000,11.087000
244,9134,9134,63ae940,1839051,1839385,1851228,1851328,11.843000,12.177000
244,6166,6166,5816941,1978328,1978654,1995835,1995935,17.181000,17.507000
244,9402,9402,64ba943,2213051,2213385,2224330,2224430,10.945000,11.279000
244,9830,9830,6666943,2259051,2259377,2268558,2268658,9.181000,9.507000
245,1189,1189,44a5940,49051,49377,72055,72155,22.678000,23.004000
245,1800,1800,4708942,104051,104377,116878,116978,12.501000,12.827000
245,2660,2660,4a64943,118051,118377,134691,134791,16.314000,16.640000
245,557,557,422d940,138051,138377,148757,148857,10.380000,10.706000
245,1122,1122,4462943,175051,175377,181009,181109,5.632000,5.958000
245,768,768,4300942,181051,181385,203365,203465,21.980000,22.314000
245,890,890,437a941,244051,244377,282784,282884,38.407000,38.733000
245,1958,1958,47a6940,280051,280377,291986,292086,11.609000,11.935000
245,854,854,4356943,275051,275377,305718,305818,30.341000,30.667000
245,1840,1840,4730940,290051,290377,317365,317465,26.988000,27.314000
245,475,475,41db943,301051,301377,322924,323024,21.547000,21.873000
245,1454,1454,45ae941,306416,306750,328356,328456,21.606000,21.940000
245,2419,2419,4973940,342438,342764,357532,357632,14.768000,15.094000
245,1397,1397,4575942,400894,401228,416330,416430,15.102000,15.436000
245,5778,5778,5692943,437051,437377,446128,446228,8.751000,9.077000
245,5444,5444,5544940,675395,675721,692610,692710,16.889000,17.215000
245,3861,3861,4f15940,730051,730385,741273,741373,10.888000,11.222000
245,3848,3848,4f08940,778051,778385,793213,793313,14.828000,15.162000
245,5343,5343,54df943,863051,863385,873446,873546,10.061000,10.395000
245,2538,2538,49ea942,883051,883377,901056,901156,17.679000,18.005000
245,10446,10446,68ce941,997051,997385,1010903,1011003,13.518000,13.852000
245,5611,5611,55eb940,1067453,1067779,1086757,1086857,18.978000,19.304000
245,7484,7484,5d3c942,1086051,1086377,1099970,1100070,13.593000,13.919000
245,7931,7931,5efb943,1122051,1122377,1151615,1151715,29.238000,29.564000
245,6922,6922,5b0a940,1155361,1155687,1165605,1165705,9.918000,10.244000
245,7728,7728,5e30940,1187051,1187377,1203675,1203775,16.298000,16.624000
245,9181,9181,63dd943,1222051,1222377,1234294,1234394,11.917000,12.243000
245,6505,6505,5969941,1287051,1287385,1296628,1296728,9.243000,9.577000
245,9728,9728,6600941,1327051,1327377,1346277,1346377,18.900000,19.226000
245,4561,4561,51d1940,1370051,1370377,1392235,1392335,21.858000,22.184000
245,8110,8110,5fae943,1378051,1378385,1403206,1403306,24.821000,25.155000
245,10420,10420,68b4943,1415051,1415385,1422785,1422885,7.400000,7.734000
245,9377,9377,64a1942,1426051,1426385,1433739,1433839,7.354000,7.688000
245,6823,6823,5aa7940,1470051,1470385,1491059,1491159,20.674000,21.008000
245,10650,10650,699a941,1583051,1583377,1605008,1605108,21.631000,21.957000
245,7709,7709,5e1d942,1597051,1597385,1610578,1610678,13.193000,13.527000
245,9898,9898,66aa940,1798051,1798385,1804888,1804988,6.503000,6.837000
245,7844,7844,5ea4943,1955051,1955385,1967287,1967387,11.902000,12.236000
245,9474,9474,6502940,1963051,1963377,1984129,1984229,20.752000,21.078000
246,490,490,41ea940,50051,50385,77166,77266,26.781000,27.115000
246,61,61,403d941,53051,53385,81343,81443,27.958000,28.292000
246,10,10,400a941,81051,81385,102892,102992,21.507000,21.841000
246,373,373,4175942,92051,92377,107071,107171,14.694000,15.020000
246,526,526,420e943,139051,139377,153901,154001,14.524000,14.850000
246,69,69,4045941,187051,187377,217314,217414,29.937000,30.263000
246,2101,2101,4835943,241051,241377,250357,250457,8.980000,9.306000
246,3831,3831,4ef7942,219051,219377,269500,269600,50.123000,50.449000
246,1515,1515,45eb941,356051,356385,381945,382045,25.560000,25.894000
246,2381,2381,494d942,405051,405377,416343,416443,10.966000,11.292000
246,4610,4610,5202943,450051,450385,465870,465970,15.485000,15.819000
246,4673,4673,5241940,490051,490385,496924,497024,6.539000,6.873000
246,3429,3429,4d65941,587051,587377,599625,599725,12.248000,12.574000
246,2783,2783,4adf941,586051,586377,611728,611828,25.351000,25.677000
246,2750,2750,4abe940,619051,619385,637329,637429,17.944000,18.278000
246,5426,5426,5532941,647395,647721,669665,669765,21.944000,22.270000
246,3714,3714,4e82943,658438,658764,680687,680787,21.923000,22.249000
246,6147,6147,5803943,760051,760385,776342,776442,15.957000,16.291000
246,4467,4467,5173940,778485,778819,788871,788971,10.052000,10.386000
246,4368,4368,5110940,777439,777765,794401,794501,16.636000,16.962000
246,5287,5287,54a7942,789051,789385,799892,799992,10.507000,10.841000
246,5313,5313,54c1940,822051,822377,860883,860983,38.506000,38.832000
246,4638,4638,521e940,861051,861385,866963,867063,5.578000,5.912000
246,4605,4605,51fd941,874051,874377,893545,893645,19.168000,19.494000
246,7562,7562,5d8a943,878051,878377,904562,904662,26.185000,26.511000
246,5224,5224,5468942,920051,920385,930437,930537,10.052000,10.386000
246,5802,5802,56aa941,923051,923385,942403,942503,19.018000,19.352000
246,4209,4209,5071943,941051,941385,964241,964341,22.856000,23.190000
246,5445,5445,5545940,981051,981385,994998,995098,13.613000,13.947000
246,8515,8515,6143943,1130446,1130780,1142693,1142793,11.913000,12.247000
246,8395,8395,60cb943,1304051,1304377,1315711,1315811,11.334000,11.660000
246,7980,7980,5f2c940,1325922,1326256,1339959,1340059,13.703000,14.037000
246,5546,5546,55aa942,1380051,1380377,1405341,1405441,24.964000,25.290000
246,4670,4670,523e940,1415051,1415385,1432603,1432703,17.218000,17.552000
246,7240,7240,5c48943,1561051,1561377,1572328,1572428,10.951000,11.277000
246,8289,8289,6061942,1582051,1582385,1595059,1595159,12.674000,13.008000
246,5910,5910,5716943,1649424,1649750,1664381,1664481,14.631000,14.957000
246,8277,8277,6055941,1731051,1731377,1741409,1741509,10.032000,10.358000
246,8862,8862,629e942,1730416,1730750,1748108,1748208,17.358000,17.692000
246,8866,8866,62a2940,1756051,1756377,1771708,1771808,15.331000,15.657000
246,10379,10379,688b940,1759431,1759757,1777962,1778062,18.205000,18.531000
246,10565,10565,6945943,1799051,1799385,1817614,1817714,18.229000,18.563000
246,9875,9875,6693941,1885051,1885385,1891912,1892012,6.527000,6.861000
246,10134,10134,6796941,2371438,2371764,2380951,2381051,9.187000,9.513000
246,10841,10841,6a59940,2670051,2670377,2680466,2680566,10.089000,10.415000
247,1125,1125,4465941,84051,84377,95251,95351,10.874000,11.200000
247,281,281,4119943,89051,89385,100630,100730,11.245000,11.579000
247,140,140,408c943,97051,97385,116869,116969,19.484000,19.818000
247,153,153,4099940,123051,123385,138748,138848,15.363000,15.697000
247,822,822,4336940,149051,149377,171128,171228,21.751000,22.077000
247,625,625,4271943,182409,182743,197155,197255,14.412000,14.746000
247,1874,1874,4752943,199051,199377,217395,217495,18.018000,18.344000
247,502,502,41f6940,211051,211377,291862,291962,80.485000,80.811000
247,2410,2410,496a943,280355,280689,309755,309855,29.066000,29.400000
247,351,351,415f941,293588,293914,323567,323667,29.653000,29.979000
247,2519,2519,49d7942,328051,328385,342797,342897,14.412000,14.746000
247,3877,3877,4f25941,340416,340750,368636,368736,27.886000,28.220000
247,3925,3925,4f55942,601051,601377,612403,612503,11.026000,11.352000
247,9011,9011,6333941,667051,667385,679622,679722,12.237000,12.571000
247,3176,3176,4c68943,666051,666377,685112,685212,18.735000,19.061000
247,4413,4413,513d941,800051,800385,851537,851637,51.152000,51.486000
247,6489,6489,5959943,857051,857377,899384,899484,42.007000,42.333000
247,7060,7060,5b94940,894051,894377,904355,904455,9.978000,10.304000
247,6155,6155,580b942,891051,891385,908531,908631,17.146000,17.480000
247,2622,2622,4a3e943,1004051,1004385,1025442,1025541,21.057000,21.391000
247,8848,8848,6290943,1031425,1031759,1039182,1039282,7.423000,7.757000
247,3566,3566,4dee941,1024051,1024385,1044701,1044801,20.316000,20.650000
247,8016,8016,5f50942,1031417,1031752,1055011,1055111,23.259000,23.594000
247,5867,5867,56eb943,1025051,1025377,1059226,1059326,33.849000,34.175000
247,9285,9285,6445940,1109051,1109385,1125661,1125761,16.276000,16.610000
247,8280,8280,6058941,1133051,1133385,1143492,1143592,10.107000,10.441000
247,5716,5716,5654941,1165051,1165377,1172843,1172943,7.466000,7.792000
247,9364,9364,6494943,1161051,1161385,1184588,1184688,23.203000,23.537000
247,6259,6259,5873942,1177051,1177385,1191080,1191180,13.695000,14.029000
247,6582,6582,59b6940,1234051,1234377,1258874,1258974,24.497000,24.823000
247,6068,6068,57b4943,1236051,1236385,1264416,1264516,28.031000,28.365000
247,8027,8027,5f5b942,1281051,1281385,1298782,1298882,17.397000,17.731000
247,6234,6234,585a942,1308051,1308377,1321712,1321812,13.335000,13.661000
247,7660,7660,5dec940,1312051,1312377,1327170,1327270,14.793000,15.119000
247,8468,8468,6114940,1371051,1371377,1377206,1377306,5.829000,6.155000
247,10912,10912,6aa0942,1364051,1364385,1383769,1383869,19.384000,19.718000
247,8472,8472,6118942,1542051,1542385,1551597,1551697,9.212000,9.546000
247,10823,10823,6a47940,1540051,1540385,1562160,1562260,21.775000,22.109000
247,8839,8839,6287943,1567051,1567377,1574707,1574807,7.330000,7.656000
247,9623,9623,6597942,1662431,1662757,1672982,1673082,10.225000,10.551000
247,7384,7384,5cd8943,1709051,1709385,1755577,1755677,46.192000,46.526000
247,8827,8827,627b942,1776051,1776385,1782773,1782873,6.388000,6.722000
247,10303,10303,683f941,1956051,1956385,1967720,1967820,11.335000,11.669000
247,10605,10605,696d940,1967051,1967377,1978687,1978787,11.310000,11.636000
247,10244,10244,6804940,1976051,1976385,2007845,2007945,31.460000,31.794000
247,10402,10402,68a2943,2336051,2336377,2350004,2350104,13.627000,13.953000
247,9711,9711,65ef941,2429051,2429385,2441277,2441377,11.892000,12.226000
248,41,41,4029941,22051,22385,39676,39776,17.291000,17.625000
248,296,296,4128940,38051,38385,50183,50283,11.798000,12.132000
248,464,464,41d0942,44409,44743,67752,67852,23.009000,23.343000
248,468,468,41d4943,68051,68385,77473,77573,9.088000,9.422000
248,449,449,41c1941,104566,104900,115857,115957,10.957000,11.291000
248,1543,1543,4607941,119198,119524,139081,139181,19.557000,19.883000
248,501,501,41f5943,127051,127385,151653,151753,24.268000,24.602000
248,553,553,4229942,180660,180994,200183,200283,19.189000,19.523000
248,2090,2090,482a940,193051,193385,205573,205673,12.188000,12.522000
248,1524,1524,45f4941,183410,183736,224736,224836,41.000000,41.326000
248,429,429,41ad940,259051,259385,269444,269544,10.059000,10.393000
248,1159,1159,4487941,255469,255795,274967,275067,19.172000,19.498000
248,4314,4314,50da941,290051,290385,295151,295251,4.766000,5.100000
248,2137,2137,4859940,313446,313780,333731,333831,19.951000,20.285000
248,1539,1539,4603941,311849,312175,346987,347087,34.812000,35.138000
248,3119,3119,4c2f943,329051,329377,363314,363414,33.937000,34.263000
248,1923,1923,4783941,477051,477377,514040,514140,36.663000,36.989000
248,4905,4905,5329943,537051,537385,560890,560990,23.505000,23.839000
248,2407,2407,4967942,561051,561385,569648,569748,8.263000,8.597000
248,3494,3494,4da6941,584051,584385,589975,590075,5.590000,5.924000
248,3686,3686,4e66941,622051,622377,636655,636755,14.278000,14.604000
248,2794,2794,4aea942,614012,614338,642192,642292,27.854000,28.180000
248,3314,3314,4cf2943,747051,747385,764545,764645,17.160000,17.494000
248,4493,4493,518d941,759051,759385,781206,781306,21.821000,22.155000
248,2589,2589,4a1d940,762051,762377,786660,786760,24.283000,24.609000
248,4615,4615,5207941,793051,793385,814151,814251,20.766000,21.100000
248,5356,5356,54ec941,875051,875385,888464,888564,13.079000,13.413000
248,8588,8588,618c943,1019495,1019829,1033208,1033308,13.379000,13.713000
248,6601,6601,59c9943,1036051,1036377,1050035,1050135,13.658000,13.984000
248,7268,7268,5c64943,1109051,1109385,1126499,1126599,17.114000,17.448000
248,4087,4087,4ff7943,1194438,1194764,1207546,1207646,12.782000,13.108000
248,6217,6217,5849941,1256051,1256377,1268232,1268332,11.855000,12.181000
248,6790,6790,5a86943,1291051,1291377,1320633,1320733,29.256000,29.582000
248,8775,8775,6247942,1531051,1531377,1546105,1546205,14.728000,15.054000
248,8820,8820,6274940,1582425,1582759,1599079,1599179,16.320000,16.654000
248,9841,9841,6671940,1613051,1613385,1626730,1626830,13.345000,13.679000
248,8766,8766,623e940,1656051,1656377,1670008,1670108,13.631000,13.957000
248,10566,10566,6946943,1717051,1717377,1757793,1757893,40.416000,40.742000
248,10807,10807,6a37941,1773051,1773377,1787899,1787999,14.522000,14.848000
248,8674,8674,61e2940,1844051,1844385,1856175,1856275,11.790000,12.124000
248,10570,10570,694a940,1980051,1980377,1998024,1998124,17.647000,17.973000
248,9529,9529,6539943,1986051,1986377,2008945,2009045,22.568000,22.894000
248,10560,10560,6940943,2118051,2118385,2141804,2141904,23.419000,23.753000
248,10381,10381,688d943,2151051,2151377,2174802,2174902,23.425000,23.751000
249,335,335,414f943,22051,22385,39877,39977,17.492000,17.826000
249,175,175,40af940,57051,57385,75411,75511,18.026000,18.360000
249,138,138,408a940,82896,83222,95271,95371,12.049000,12.375000
249,292,292,4124940,110484,110810,125772,125872,14.962000,15.288000
249,879,879,436f942,185051,185377,217425,217525,32.048000,32.374000
249,993,993,43e1943,201051,201385,224679,224779,23.294000,23.628000
249,2403,2403,4963942,248051,248385,256662,256763,8.277000,8.611000
249,2647,2647,4a57943,270981,271307,282396,282496,11.089000,11.415000
249,2246,2246,48c6943,270051,270377,286572,286672,16.195000,16.521000
249,886,886,4376942,300051,300377,314665,314765,14.288000,14.614000
249,2858,2858,4b2a942,380051,380377,395297,395397,14.920000,15.246000
249,1861,1861,4745941,378051,378377,400842,400942,22.465000,22.791000
249,3841,3841,4f01940,438051,438377,452894,452994,14.517000,14.843000
249,5280,5280,54a0941,466438,466764,475142,475242,8.378000,8.704000
249,3990,3990,4f96943,485051,485377,504224,504324,18.847000,19.173000
249,5915,5915,571b941,532916,533250,541574,541674,8.324000,8.658000
249,2367,2367,493f942,538051,538377,547533,547633,9.156000,9.482000
249,6451,6451,5933943,542051,542385,553051,553151,10.666000,11.000000
249,6369,6369,58e1940,539856,540190,561504,561604,21.314000,21.648000
249,4373,4373,5115941,564051,564377,574516,574616,10.139000,10.465000
249,2259,2259,48d3940,591051,591385,603244,603344,11.859000,12.193000
249,3382,3382,4d36941,593051,593385,619733,619833,26.348000,26.682000
249,5369,5369,54f9943,653051,653385,683488,683588,30.103000,30.437000
249,7100,7100,5bbc941,803051,803377,820247,820347,16.870000,17.196000
249,5211,5211,545b941,826051,826377,838268,838368,11.891000,12.217000
249,6019,6019,5783943,880051,880377,894033,894133,13.656000,13.982000
249,6746,6746,5a5a942,942051,942385,963574,963674,21.189000,21.523000
249,5231,5231,546f941,989051,989377,996810,996910,7.433000,7.759000
249,4150,4150,5036942,1071051,1071385,1083462,1083562,12.077000,12.411000
249,6605,6605,59cd942,1079418,1079752,1089117,1089217,9.365000,9.699000
249,5701,5701,5645940,1112051,1112377,1119805,1119905,7.428000,7.754000
249,8092,8092,5f9c943,1211051,1211377,1223305,1223405,11.928000,12.254000
249,3838,3838,4efe940,1218051,1218385,1236421,1236521,18.036000,18.370000
249,6060,6060,57ac940,1229051,1229385,1241959,1242059,12.574000,12.908000
249,5169,5169,5431941,1228051,1228385,1252823,1252923,24.438000,24.772000
249,5714,5714,5652940,1358051,1358377,1371169,1371269,12.792000,13.118000
249,9353,9353,6489940,1388051,1388385,1412614,1412714,24.229000,24.563000
249,5724,5724,565c940,1406051,1406385,1423660,1423760,17.275000,17.609000
249,8945,8945,62f1943,1463051,1463385,1479298,1479398,15.913000,16.247000
249,10108,10108,677c942,1519051,1519385,1526861,1526961,7.476000,7.810000
249,8697,8697,61f9940,1559051,1559377,1569398,1569498,10.021000,10.347000
249,10794,10794,6a2a940,1554051,1554377,1574928,1575028,20.551000,20.877000
249,8089,8089,5f99942,1567051,1567385,1580419,1580519,13.034000,13.368000
249,8305,8305,6071942,1704051,1704385,1714465,1714565,10.080000,10.414000
249,8433,8433,60f1940,1716332,1716666,1729563,1729663,12.897000,13.231000
249,8116,8116,5fb4942,1781395,1781729,1800824,1800924,19.095000,19.429000
249,10404,10404,68a4940,1866051,1866385,1882741,1882841,16.356000,16.690000
249,10462,10462,68de940,2172051,2172385,2178927,2179027,6.542000,6.876000
250,167,167,40a7941,59051,59377,75581,75681,16.204000,16.530000
250,737,737,42e1940,134051,134385,152952,153052,18.567000,18.901000
250,803,803,4323941,144424,144750,158458,158558,13.708000,14.034000
250,924,924,439c940,156051,156385,186883,186983,30.498000,30.832000
250,1447,1447,45a7941,211051,211377,228644,228744,17.267000,17.593000
250,648,648,4288942,204355,204681,234042,234142,29.361000,29.687000
250,1324,1324,452c941,241051,241377,247913,248013,6.536000,6.862000
250,3340,3340,4d0c941,263051,263385,270802,270902,7.417000,7.751000
250,964,964,43c4942,261051,261385,276173,276273,14.788000,15.122000
250,4396,4396,512c941,315051,315385,321482,321582,6.097000,6.431000
250,7046,7046,5b86943,654453,654779,668008,668108,13.229000,13.555000
250,7244,7244,5c4c942,678051,678385,692978,693078,14.593000,14.927000
250,6710,6710,5a36943,694051,694385,701829,701929,7.444000,7.778000
250,7513,7513,5d59943,697051,697385,708292,708392,10.907000,11.241000
250,4089,4089,4ff9940,772051,772385,780749,780849,8.364000,8.698000
250,3746,3746,4ea2940,761051,761377,791876,791976,30.499000,30.825000
250,5390,5390,550e943,912051,912385,935543,935643,23.158000,23.492000
250,6913,6913,5b01943,948051,948377,969322,969422,20.945000,21.271000
250,3821,3821,4eed940,973051,973377,984402,984502,11.025000,11.351000
250,8189,8189,5ffd941,986753,987087,998703,998803,11.616000,11.950000
250,8053,8053,5f75943,1008051,1008385,1020504,1020604,12.119000,12.453000
250,7743,7743,5e3f942,1026051,1026377,1041430,1041530,15.053000,15.379000
250,8953,8953,62f9941,1044051,1044377,1059460,1059560,15.083000,15.409000
250,5868,5868,56ec940,1090342,1090668,1104536,1104636,13.868000,14.194000
250,5706,5706,564a940,1257051,1257377,1268405,1268505,11.028000,11.354000
250,7760,7760,5e50941,1267051,1267385,1277950,1278050,10.565000,10.899000
250,9835,9835,666b941,1259813,1260139,1283681,1283781,23.542000,23.868000
250,9359,9359,648f942,1458395,1458721,1498650,1498750,39.929000,40.255000
250,9311,9311,645f940,1501051,1501385,1516612,1516712,15.227000,15.561000
250,10586,10586,695a941,1497051,1497385,1522069,1522169,24.684000,25.018000
250,10815,10815,6a3f940,1525051,1525385,1536421,1536521,11.036000,11.370000
250,7000,7000,5b58941,1515051,1515377,1541891,1541991,26.514000,26.840000
250,8977,8977,6311941,1675051,1675377,1692158,1692258,16.781000,17.107000
250,7790,7790,5e6e942,1683051,1683377,1698796,1698896,15.419000,15.745000
250,10231,10231,67f7940,1698051,1698377,1716363,1716463,17.986000,18.312000
250,9920,9920,66c0943,1701051,1701385,1721904,1722004,20.519000,20.853000
250,9524,9524,6534940,1717051,1717385,1727299,1727399,9.914000,10.248000
250,8723,8723,6213942,1846051,1846377,1861902,1862002,15.525000,15.851000
250,5268,5268,5494943,1923409,1923743,1948423,1948523,24.680000,25.014000
250,8751,8751,622f942,1976051,1976377,1991858,1991958,15.481000,15.807000
250,9810,9810,6652941,2079051,2079377,2092936,2093035,13.559000,13.885000
250,10660,10660,69a4943,2407051,2407377,2417516,2417616,10.139000,10.465000
251,122,122,407a940,127051,127377,148374,148474,20.997000,21.323000
251,1381,1381,4565942,214051,214377,234459,234559,20.082000,20.408000
251,3616,3616,4e20942,242051,242377,264463,264563,22.086000,22.412000
251,2156,2156,486c942,285051,285377,299060,299160,13.683000,14.009000
251,3086,3086,4c0e942,331051,331377,344017,344117,12.640000,12.966000
251,2005,2005,47d5940,373409,373743,378524,378624,4.781000,5.115000
251,492,492,41ec942,350051,350385,390595,390695,40.210000,40.544000
251,4086,4086,4ff6940,404051,404377,425116,425216,20.739000,21.065000
251,3025,3025,4bd1942,408051,408385,430685,430785,22.300000,22.634000
251,4309,4309,50d5940,431051,431377,441432,441532,10.055000,10.381000
251,1702,1702,46a6942,436051,436385,452769,452869,16.384000,16.718000
251,1014,1014,43f6940,446051,446377,463589,463689,17.212000,17.538000
251,2956,2956,4b8c940,474051,474377,494655,494755,20.278000,20.604000
251,4173,4173,504d940,513050,513377,533182,533282,19.805000,20.132000
251,3310,3310,4cee943,564051,564377,586111,586211,21.734000,22.060000
251,3175,3175,4c67940,626416,626742,637811,637911,11.069000,11.395000
251,2284,2284,48ec940,644051,644377,656276,656376,11.899000,12.225000
251,6523,6523,597b940,678051,678385,689319,689419,10.934000,11.268000
251,3463,3463,4d87940,738051,738385,751695,751795,13.310000,13.644000
251,5585,5585,55d1943,752051,752385,757139,757239,4.754000,5.088000
251,4034,4034,4fc2940,766051,766385,790444,790544,24.059000,24.393000
251,4073,4073,4fe9940,788051,788385,801324,801424,12.939000,13.273000
251,4256,4256,50a0940,780051,780385,816783,816883,36.398000,36.732000
251,5597,5597,55dd943,800051,800385,822218,822318,21.833000,22.167000
251,5688,5688,5638940,817051,817377,881402,881502,64.025000,64.351000
251,7497,7497,5d49942,925051,925377,936345,936445,10.968000,11.294000
251,5305,5305,54b9941,953051,953385,970512,970612,17.127000,17.461000
251,6295,6295,5897943,959051,959377,975947,976047,16.570000,16.896000
251,5150,5150,541e943,996051,996377,1029763,1029864,33.386000,33.712000
251,5013,5013,5395941,1042148,1042483,1050798,1050898,8.315000,8.650000
251,7357,7357,5cbd942,1064051,1064385,1077356,1077456,12.971000,13.305000
251,5094,5094,53e6943,1114051,1114385,1123600,1123700,9.215000,9.549000
251,9431,9431,64d7942,1120051,1120385,1127779,1127879,7.394000,7.728000
251,8780,8780,624c943,1188725,1189059,1205371,1205471,16.312000,16.646000
251,4872,4872,5308942,1233051,1233385,1242236,1242336,8.851000,9.185000
251,6933,6933,5b15943,1294431,1294757,1321667,1321767,26.910000,27.236000
251,8619,8619,61ab943,1332051,1332385,1341576,1341676,9.191000,9.525000
251,8984,8984,6318942,1371051,1371377,1380648,1380748,9.271000,9.597000
251,9931,9931,66cb943,1413898,1414224,1437345,1437445,23.121000,23.447000
251,9417,9417,64c9941,1440051,1440385,1470111,1470211,29.726000,30.060000
251,5642,5642,560a940,1528051,1528385,1551073,1551173,22.688000,23.022000
251,10554,10554,693a941,1561051,1561377,1569986,1570086,8.609000,8.935000
251,7427,7427,5d03941,1567051,1567385,1576642,1576742,9.257000,9.591000
251,7624,7624,5dc8940,1575051,1575377,1586687,1586787,11.310000,11.636000
251,8979,8979,6313941,1580051,1580377,1613914,1614014,33.537000,33.863000
251,10859,10859,6a6b941,1719051,1719385,1729511,1729611,10.126000,10.460000
251,10216,10216,67e8943,1741051,1741377,1754282,1754382,12.905000,13.231000
251,9997,9997,670d943,1851431,1851757,1861086,1861186,9.329000,9.655000
251,10758,10758,6a06940,1869051,1869377,1878644,1878744,9.267000,9.593000
251,10113,10113,6781941,1917051,1917377,1923896,1923996,6.519000,6.845000
251,8729,8729,6219940,1935051,1935385,1943713,1943813,8.328000,8.662000
251,9946,9946,66da941,2137051,2137385,2160528,2160628,23.143000,23.477000
251,10961,10961,6ad1940,2162051,2162377,2183148,2183248,20.771000,21.097000
252,214,214,40d6940,156051,156377,161124,161224,4.747000,5.073000
252,2210,2210,48a2942,149051,149377,174977,175077,25.600000,25.926000
252,2725,2725,4aa5942,209438,209764,217147,217247,7.383000,7.709000
252,3057,3057,4bf1942,188438,188764,222600,222700,33.836000,34.162000
252,1300,1300,4514943,184051,184385,228123,228223,43.738000,44.072000
252,2490,2490,49ba940,265051,265385,289990,290090,24.605000,24.939000
252,1214,1214,44be941,284051,284377,303356,303456,18.979000,19.305000
252,843,843,434b941,294051,294385,308869,308969,14.484000,14.818000
252,1309,1309,451d941,302051,302377,324824,324924,22.447000,22.773000
252,4247,4247,5097943,336218,336552,348582,348682,12.030000,12.364000
252,2466,2466,49a2943,342051,342377,373038,373138,30.661000,30.987000
252,2639,2639,4a4f940,448051,448377,453075,453175,4.698000,5.024000
252,5544,5544,55a8941,479051,479385,495241,495341,15.856000,16.190000
252,3911,3911,4f47942,554600,554926,567843,567943,12.917000,13.243000
252,3777,3777,4ec1941,525051,525385,592650,592750,67.265000,67.599000
252,4537,4537,51b9942,571051,571385,598075,598175,26.690000,27.024000
252,2306,2306,4902941,544051,544377,603578,603678,59.201000,59.527000
252,1270,1270,44f6943,594051,594377,609004,609104,14.627000,14.953000
252,3613,3613,4e1d940,690424,690750,712128,712228,21.378000,21.704000
252,6531,6531,5983942,732051,732377,752236,752336,19.859000,20.185000
252,2931,2931,4b73942,773051,773385,780788,780888,7.403000,7.737000
252,4035,4035,4fc3941,787051,787385,792085,792185,4.700000,5.034000
252,6400,6400,5900943,775051,775377,796274,796374,20.897000,21.223000
252,5979,5979,575b940,859051,859385,870341,870441,10.956000,11.290000
252,4523,4523,51ab940,892051,892377,902347,902447,9.970000,10.296000
252,6022,6022,5786943,991051,991385,1025873,1025973,34.488000,34.822000
252,10191,10191,67cf942,1085051,1085377,1131633,1131733,46.256000,46.582000
252,6682,6682,5a1a942,1173051,1173377,1188787,1188887,15.410000,15.736000
252,10340,10340,6864942,1198051,1198377,1203987,1204087,5.610000,5.936000
252,8894,8894,62be942,1217051,1217377,1230545,1230645,13.168000,13.494000
252,7259,7259,5c5b942,1220051,1220377,1247564,1247664,27.187000,27.513000
252,8707,8707,6203941,1392580,1392914,1425758,1425858,32.844000,33.178000
252,8532,8532,6154940,1442106,1442440,1463984,1464084,21.544000,21.878000
252,9975,9975,66f7943,1466439,1466773,1482070,1482170,15.297000,15.631000
252,10211,10211,67e3941,1590770,1591104,1601191,1601291,10.087000,10.421000
252,8168,8168,5fe8940,1585051,1585377,1608808,1608908,23.431000,23.757000
252,9278,9278,643e940,1692051,1692385,1707941,1708041,15.556000,15.890000
252,7382,7382,5cd6940,1686051,1686377,1713685,1713785,27.308000,27.634000
252,10979,10979,6ae3940,1761402,1761736,1770069,1770169,8.333000,8.667000
252,8437,8437,60f5942,1772051,1772385,1792215,1792315,19.830000,20.164000
252,7925,7925,5ef5941,2065051,2065385,2075452,2075552,10.067000,10.401000
252,10927,10927,6aaf940,2320051,2320385,2345423,2345523,25.038000,25.372000
252,10360,10360,6878943,2563051,2563385,2583285,2583385,19.900000,20.234000
252,10810,10810,6a3a943,2633051,2633377,2649740,2649840,16.363000,16.689000
252,10696,10696,69c8942,2885051,2885377,2902532,2902632,17.155000,17.481000
253,227,227,40e3941,41051,41385,65356,65457,23.971000,24.305000
253,1935,1935,478f940,210051,210385,224328,224428,13.943000,14.277000
253,2264,2264,48d8943,262018,262353,296928,297028,34.575000,34.910000
253,3140,3140,4c44943,287051,287377,315002,315102,27.625000,27.951000
253,3913,3913,4f49943,309051,309385,320529,320629,11.144000,11.478000
253,3418,3418,4d5a943,305051,305385,336218,336318,30.833000,31.167000
253,2778,2778,4ada943,368841,369175,383164,383264,13.989000,14.323000
253,2952,2952,4b88943,416051,416377,426419,426519,10.042000,10.368000
253,4424,4424,5148943,433051,433377,446166,446266,12.789000,13.115000
253,3749,3749,4ea5943,501051,501377,522722,522822,21.345000,21.671000
253,3004,3004,4bbc942,587509,587835,623071,623171,35.236000,35.562000
253,3719,3719,4e87942,646051,646377,664082,664182,17.705000,18.031000
253,6874,6874,5ada941,709497,709831,724382,724482,14.551000,14.885000
253,1817,1817,4719943,723051,723385,744268,744368,20.883000,21.217000
253,4961,4961,5361940,794051,794385,820718,820818,26.333000,26.667000
253,4621,4621,520d940,817051,817377,832775,832875,15.398000,15.724000
253,4793,4793,52b9942,852051,852377,872778,872878,20.401000,20.727000
253,6479,6479,594f943,884051,884377,902119,902219,17.742000,18.068000
253,6073,6073,57b9941,908051,908377,915704,915804,7.327000,7.653000
253,5171,5171,5433941,924051,924377,935335,935435,10.958000,11.284000
253,5431,5431,5537940,910051,910385,943395,943495,33.010000,33.344000
253,4129,4129,5021942,961051,961377,976905,977005,15.528000,15.854000
253,6181,6181,5825940,974446,974780,981048,981148,6.268000,6.602000
253,6264,6264,5878941,994051,994385,1009851,1009951,15.466000,15.800000
253,9533,9533,653d942,976418,976752,1024330,1024430,47.578000,47.912000
253,3879,3879,4f27940,1005438,1005764,1049670,1049770,43.906000,44.232000
253,6322,6322,58b2940,1073051,1073385,1090767,1090867,17.382000,17.716000
253,8919,8919,62d7942,1109051,1109377,1136178,1136278,26.801000,27.127000
253,7651,7651,5de3941,1134051,1134377,1152854,1152954,18.477000,18.803000
253,7432,7432,5d08940,1171051,1171385,1176117,1176217,4.732000,5.066000
253,10428,10428,68bc942,1248051,1248385,1258469,1258569,10.084000,10.418000
253,10228,10228,67f4943,1283051,1283377,1297922,1298022,14.545000,14.871000
253,8060,8060,5f7c942,1294051,1294377,1306276,1306376,11.899000,12.225000
253,4909,4909,532d942,1363051,1363385,1388517,1388617,25.132000,25.466000
253,10153,10153,67a9940,1413051,1413385,1431584,1431684,18.199000,18.533000
253,10628,10628,6984941,1472051,1472377,1496924,1497024,24.547000,24.873000
253,10319,10319,684f940,1616402,1616736,1621509,1621609,4.773000,5.107000
253,10955,10955,6acb942,1619051,1619377,1625635,1625735,6.258000,6.584000
253,10647,10647,6997942,1632431,1632757,1657239,1657339,24.482000,24.808000
253,10218,10218,67ea940,1650051,1650385,1662736,1662836,12.351000,12.685000
253,8137,8137,5fc9940,1655051,1655385,1673617,1673717,18.232000,18.566000
253,8248,8248,6038942,1723051,1723385,1734345,1734445,10.960000,11.294000
253,10444,10444,68cc940,1723051,1723385,1747126,1747226,23.741000,24.075000
253,10835,10835,6a53940,1796051,1796385,1806427,1806527,10.042000,10.376000
253,10989,10989,6aed940,1861051,1861385,1874919,1875019,13.534000,13.868000
254,301,301,412d942,49051,49385,74629,74729,25.244000,25.578000
254,703,703,42bf942,46431,46757,80026,80126,33.269000,33.595000
254,399,399,418f940,122051,122385,134201,134301,11.816000,12.150000
254,2089,2089,4829941,120931,121257,150613,150713,29.356000,29.682000
254,920,920,4398943,185051,185385,203402,203502,18.017000,18.351000
254,1481,1481,45c9943,269051,269377,296273,296373,26.896000,27.222000
254,596,596,4254940,297051,297377,326384,326484,29.007000,29.333000
254,5572,5572,55c4943,391764,392098,405671,405771,13.573000,13.907000
254,5021,5021,539d942,394051,394385,416609,416709,22.224000,22.558000
254,2148,2148,4864943,521050,521385,527838,527938,6.453000,6.788000
254,2964,2964,4b94941,528120,528454,535860,535960,7.406000,7.740000
254,2981,2981,4ba5942,528051,528385,541330,541430,12.945000,13.279000
254,3214,3214,4c8e943,541051,541377,569700,569800,28.323000,28.649000
254,1448,1448,45a8941,569051,569377,592887,592987,23.510000,23.836000
254,4522,4522,51aa943,565051,565385,598402,598502,33.017000,33.351000
254,1980,1980,47bc943,571395,571721,603841,603941,32.120000,32.446000
254,4401,4401,5131940,645051,645377,663475,663575,18.098000,18.424000
254,6464,6464,5940943,661051,661377,671580,671680,10.203000,10.529000
254,3381,3381,4d35941,690051,690377,700991,701091,10.614000,10.940000
254,4429,4429,514d943,835051,835385,846388,846488,11.003000,11.337000
254,4231,4231,5087942,839051,839377,858966,859066,19.589000,19.915000
254,3552,3552,4de0940,881051,881385,889852,889952,8.467000,8.801000
254,6528,6528,5980941,976051,976385,987304,987404,10.919000,11.253000
254,5234,5234,5472941,994051,994377,1009663,1009763,15.286000,15.612000
254,5535,5535,559f943,1025051,1025377,1054123,1054223,28.746000,29.072000
254,6163,6163,5813940,1028051,1028377,1076067,1076167,47.690000,48.016000
254,5122,5122,5402943,1146051,1146377,1158179,1158279,11.802000,12.128000
254,5306,5306,54ba943,1165591,1165917,1177769,1177869,11.852000,12.178000
254,8226,8226,6022940,1278418,1278752,1284349,1284449,5.597000,5.931000
254,4213,4213,5075943,1345051,1345385,1369235,1369335,23.850000,24.184000
254,7222,7222,5c36940,1402051,1402385,1416667,1416767,14.282000,14.616000
254,9746,9746,6612943,1408051,1408377,1422903,1423003,14.526000,14.852000
254,7200,7200,5c20940,1428051,1428385,1442958,1443058,14.573000,14.907000
254,10958,10958,6ace941,1456051,1456377,1462016,1462116,5.639000,5.965000
254,10517,10517,6915943,1599051,1599377,1618377,1618477,19.000000,19.326000
254,7034,7034,5b7a941,1610051,1610385,1623921,1624021,13.536000,13.870000
254,8269,8269,604d940,1617051,1617377,1629316,1629416,11.939000,12.265000
254,10590,10590,695e940,1687051,1687385,1708049,1708149,20.664000,20.998000
254,8149,8149,5fd5941,1717051,1717377,1726526,1726626,9.149000,9.475000
254,10498,10498,6902940,1791051,1791377,1797901,1798001,6.524000,6.850000
254,7774,7774,5e5e941,2004051,2004385,2014483,2014583,10.098000,10.432000
254,10361,10361,6879942,2159051,2159377,2170343,2170443,10.966000,11.292000
255,516,516,4204943,81051,81385,86125,86225,4.740000,5.074000
255,2404,2404,4964941,83365,83691,98375,98475,14.684000,15.010000
255,665,665,4299940,55051,55377,102551,102651,47.174000,47.500000
255,485,485,41e5940,90051,90377,114467,114567,24.090000,24.416000
255,575,575,423f940,145631,145965,170168,170268,24.203000,24.537000
255,1211,1211,44bb941,162051,162377,211469,211569,49.092000,49.418000
255,3032,3032,4bd8942,256051,256376,261088,261188,4.712000,5.037000
255,570,570,423a943,236051,236385,273258,273358,36.873000,37.207000
255,1511,1511,45e7940,285051,285377,295756,295856,10.379000,10.705000
255,2380,2380,494c943,335051,335377,347276,347376,11.899000,12.225000
255,509,509,41fd942,323051,323385,358159,358259,34.774000,35.108000
255,1770,1770,46ea941,355453,355779,367643,367743,11.864000,12.190000
255,3721,3721,4e89943,416051,416385,423794,423894,7.409000,7.743000
255,2838,2838,4b16943,434051,434385,444442,444542,10.057000,10.391000
255,1553,1553,4611943,444051,444385,464763,464863,20.378000,20.712000
255,4724,4724,5274943,455051,455377,470216,470316,14.839000,15.165000
255,4600,4600,51f8941,467051,467385,500274,500374,32.889000,33.223000
255,3450,3450,4d7a941,560051,560385,581401,581501,21.016000,21.350000
255,6270,6270,587e941,584051,584377,599269,599369,14.892000,15.218000
255,4895,4895,531f943,624409,624743,633751,633851,9.008000,9.342000
255,2857,2857,4b29942,701051,701385,710561,710661,9.176000,9.510000
255,4107,4107,500b942,750051,750385,758657,758757,8.272000,8.606000
255,4074,4074,4fea941,796051,796377,804648,804748,8.271000,8.597000
255,4345,4345,50f9940,816051,816377,839994,840094,23.617000,23.943000
255,5522,5522,5592941,837051,837377,859788,859888,22.411000,22.737000
255,6660,6660,5a04940,856745,857071,887957,888057,30.886000,31.212000
255,4849,4849,52f1940,871051,871377,893534,893634,22.157000,22.483000
255,7866,7866,5eba943,897051,897377,902075,902175,4.698000,5.024000
255,4402,4402,5132943,927051,927377,950495,950595,23.118000,23.444000
255,7352,7352,5cb8941,943051,943385,972362,972462,28.977000,29.311000
255,4527,4527,51af942,1039051,1039385,1054358,1054458,14.973000,15.307000
255,7283,7283,5c73942,1049051,1049385,1063881,1063981,14.496000,14.830000
255,3720,3720,4e88941,1073051,1073385,1102855,1102955,29.470000,29.804000
255,9767,9767,6627942,1138051,1138377,1148416,1148516,10.039000,10.365000
255,4349,4349,50fd941,1152051,1152377,1176239,1176339,23.862000,24.188000
255,3978,3978,4f8a943,1189051,1189385,1208220,1208320,18.835000,19.169000
255,6540,6540,598c941,1182051,1182385,1215644,1215744,33.259000,33.593000
255,8667,8667,61db940,1261051,1261377,1280820,1280920,19.443000,19.769000
255,7912,7912,5ee8943,1315051,1315385,1327200,1327300,11.815000,12.149000
255,9753,9753,6619942,1553051,1553377,1568710,1568810,15.333000,15.659000
255,9736,9736,6608942,1544051,1544377,1574212,1574312,29.835000,30.161000
255,5592,5592,55d8943,1644051,1644385,1668545,1668645,24.160000,24.494000
255,5484,5484,556c942,1682051,1682385,1691498,1691598,9.113000,9.447000
255,10559,10559,693f940,1685395,1685729,1696843,1696943,11.114000,11.448000
255,8005,8005,5f45943,2019051,2019377,2037380,2037480,18.003000,18.329000
