port,pkt_seq,original_event_id,tail_flit,head_inject_req_ps,head_ingress_ack_ps,tail_egress_req_ps,tail_capture_ps,per_dest_latency_ns,tmax_component_ns
4,80,80,4050962,123051,123385,160076,160176,36.691000,37.025000
4,254,254,40fe962,251051,251377,379886,379986,128.509000,128.835000
4,182,182,40b6961,472051,472377,501042,501142,28.665000,28.991000
4,188,188,40bc961,529051,529377,535715,535815,6.338000,6.664000
5,80,80,4050962,123051,123385,160076,160176,36.691000,37.025000
5,254,254,40fe962,251051,251377,379886,379986,128.509000,128.835000
5,182,182,40b6961,472051,472377,501042,501142,28.665000,28.991000
5,188,188,40bc961,529051,529377,535715,535815,6.338000,6.664000
6,337,337,4151962,35051,35377,57028,57128,21.651000,21.977000
6,202,202,40ca960,30051,30385,94586,94686,64.201000,64.535000
6,13,13,400d962,86051,86385,99119,99219,12.734000,13.068000
6,80,80,4050962,123051,123385,161839,161939,38.454000,38.788000
6,118,118,4076961,60051,60385,184965,185065,124.580000,124.914000
6,262,262,4106963,279051,279377,290706,290806,11.329000,11.655000
6,70,70,4046960,194051,194377,320286,320386,125.909000,126.235000
6,205,205,40cd961,187051,187377,364570,364670,177.193000,177.519000
6,254,254,40fe962,251051,251377,379931,380031,128.554000,128.880000
6,61,61,403d961,422051,422385,495058,495158,72.673000,73.007000
6,182,182,40b6961,472051,472377,501033,501133,28.656000,28.982000
6,188,188,40bc961,529051,529377,535713,535813,6.336000,6.662000
6,217,217,40d9961,406892,407218,547360,547460,140.142000,140.468000
7,225,225,40e1962,29051,29385,35787,35887,6.402000,6.736000
7,90,90,405a961,40051,40385,48989,49089,8.604000,8.938000
7,337,337,4151962,35051,35377,57028,57128,21.651000,21.977000
7,381,381,417d962,32050,32385,71408,71508,39.023000,39.358000
7,219,219,40db960,50051,50377,77169,77269,26.792000,27.118000
7,202,202,40ca960,30051,30385,94586,94686,64.201000,64.535000
7,13,13,400d962,86051,86385,99120,99220,12.735000,13.069000
7,237,237,40ed963,66051,66385,103993,104093,37.608000,37.942000
7,327,327,4147960,82051,82385,109778,109878,27.393000,27.727000
7,336,336,4150960,90051,90385,115560,115660,25.175000,25.509000
7,147,147,4093963,118051,118377,126906,127006,8.529000,8.855000
7,390,390,4186960,92051,92377,156044,156144,63.667000,63.993000
7,80,80,4050962,123051,123385,161800,161900,38.415000,38.749000
7,123,123,407b960,143051,143385,167620,167720,24.235000,24.569000
7,99,99,4063961,85051,85385,173376,173476,87.991000,88.325000
7,118,118,4076961,60051,60385,184952,185052,124.567000,124.901000
7,0,0,4000963,147051,147385,196565,196665,49.180000,49.514000
7,306,306,4132962,197051,197385,211271,211371,13.886000,14.220000
7,162,162,40a2961,93051,93385,222722,222822,129.337000,129.671000
7,399,399,418f961,243051,243385,255369,255469,11.984000,12.318000
7,262,262,4106963,279051,279377,290682,290782,11.305000,11.631000
7,183,183,40b7962,279051,279377,314945,315045,35.568000,35.894000
7,70,70,4046960,194051,194377,320286,320386,125.909000,126.235000
7,207,207,40cf961,310051,310385,324796,324896,14.411000,14.745000
7,105,105,4069960,318051,318385,343493,343593,25.108000,25.442000
7,174,174,40ae963,173051,173385,349065,349165,175.680000,176.014000
7,81,81,4051961,166051,166385,353917,354017,187.532000,187.866000
7,210,210,40d2962,287051,287377,359713,359813,72.336000,72.662000
7,205,205,40cd961,187051,187377,364621,364721,177.244000,177.570000
7,375,375,4177962,353051,353377,369494,369594,16.117000,16.443000
7,87,87,4057963,176051,176377,374003,374103,197.626000,197.952000
7,254,254,40fe962,251051,251377,379892,379992,128.515000,128.841000
7,63,63,403f961,292051,292377,384729,384829,92.352000,92.678000
7,75,75,404b963,179051,179377,481397,481497,302.020000,302.346000
7,270,270,410e962,477051,477377,489275,489375,11.898000,12.224000
7,61,61,403d961,422051,422385,495058,495158,72.673000,73.007000
7,182,182,40b6961,472051,472377,501033,501133,28.656000,28.982000
7,297,297,4129963,493051,493377,526297,526397,32.920000,33.246000
7,188,188,40bc961,529051,529377,535674,535774,6.297000,6.623000
7,217,217,40d9961,406892,407218,547347,547447,140.129000,140.455000
7,357,357,4165962,615051,615377,627148,627248,11.771000,12.097000
7,321,321,4141961,693051,693377,705368,705468,11.991000,12.317000
7,186,186,40ba960,771051,771377,777670,777770,6.293000,6.619000
7,396,396,418c960,856051,856385,862628,862728,6.243000,6.577000
7,354,354,4162961,1021051,1021385,1033362,1033462,11.977000,12.311000
8,202,202,40ca960,30051,30385,48683,48783,18.298000,18.632000
8,90,90,405a961,40051,40385,54425,54525,14.040000,14.374000
8,381,381,417d962,32050,32385,66945,67045,34.560000,34.895000
8,118,118,4076961,60051,60385,71466,71566,11.081000,11.415000
8,219,219,40db960,50051,50377,76325,76425,25.948000,26.274000
8,225,225,40e1962,29051,29385,82131,82231,52.746000,53.080000
8,390,390,4186960,92051,92377,104360,104460,11.983000,12.309000
8,237,237,40ed963,66051,66385,115617,115717,49.232000,49.566000
8,336,336,4150960,90051,90385,127100,127200,36.715000,37.049000
8,147,147,4093963,118051,118377,132879,132979,14.502000,14.828000
8,337,337,4151962,35051,35377,138635,138735,103.258000,103.584000
8,80,80,4050962,123051,123385,144414,144514,21.029000,21.363000
8,13,13,400d962,86051,86385,151592,151692,65.207000,65.541000
8,0,0,4000963,147051,147385,157371,157471,9.986000,10.320000
8,99,99,4063961,85051,85385,165480,165580,80.095000,80.429000
8,123,123,407b960,143051,143385,171259,171359,27.874000,28.208000
8,174,174,40ae963,173051,173385,179643,179743,6.258000,6.592000
8,87,87,4057963,176051,176377,184513,184613,8.136000,8.462000
8,327,327,4147960,82051,82385,189361,189461,106.976000,107.310000
8,205,205,40cd961,187051,187377,205601,205701,18.224000,18.550000
8,306,306,4132962,197051,197385,214594,214694,17.209000,17.543000
8,162,162,40a2961,93051,93385,219615,219715,126.230000,126.564000
8,399,399,418f961,243051,243385,251978,252078,8.593000,8.927000
8,254,254,40fe962,251051,251377,282375,282475,30.998000,31.324000
8,183,183,40b7962,279051,279377,288230,288330,8.853000,9.179000
8,75,75,404b963,179051,179377,294037,294137,114.660000,114.986000
8,63,63,403f961,292051,292377,323541,323641,31.164000,31.490000
8,207,207,40cf961,310051,310385,328072,328172,17.687000,18.021000
8,262,262,4106963,279051,279377,332914,333014,53.537000,53.863000
8,105,105,4069960,318051,318385,344881,344981,26.496000,26.830000
8,210,210,40d2962,287051,287377,350667,350767,63.290000,63.616000
8,375,375,4177962,353051,353377,365493,365593,12.116000,12.442000
8,70,70,4046960,194051,194377,371272,371372,176.895000,177.221000
8,81,81,4051961,166051,166385,427020,427120,260.635000,260.969000
8,270,270,410e962,477051,477377,483824,483924,6.447000,6.773000
8,61,61,403d961,422051,422385,499427,499527,77.042000,77.376000
8,182,182,40b6961,472051,472377,506469,506569,34.092000,34.418000
8,297,297,4129963,493051,493377,522810,522910,29.433000,29.759000
8,188,188,40bc961,529051,529377,541346,541446,11.969000,12.295000
8,217,217,40d9961,406892,407218,579629,579729,172.411000,172.737000
8,357,357,4165962,615051,615377,621786,621886,6.409000,6.735000
8,321,321,4141961,693051,693377,699753,699853,6.376000,6.702000
8,186,186,40ba960,771051,771377,783383,783483,12.006000,12.332000
8,396,396,418c960,856051,856385,868429,868529,12.044000,12.378000
8,354,354,4162961,1021051,1021385,1029916,1030017,8.531000,8.865000
9,202,202,40ca960,30051,30385,48683,48783,18.298000,18.632000
9,118,118,4076961,60051,60385,68639,68739,8.254000,8.588000
9,337,337,4151962,35051,35377,138635,138735,103.258000,103.584000
9,80,80,4050962,123051,123385,144414,144514,21.029000,21.363000
9,13,13,400d962,86051,86385,151592,151692,65.207000,65.541000
9,205,205,40cd961,187051,187377,205591,205691,18.214000,18.540000
9,254,254,40fe962,251051,251377,282346,282446,30.969000,31.295000
9,262,262,4106963,279051,279377,329333,329433,49.956000,50.282000
9,70,70,4046960,194051,194377,371267,371367,176.890000,177.216000
9,61,61,403d961,422051,422385,499417,499517,77.032000,77.366000
9,182,182,40b6961,472051,472377,506464,506564,34.087000,34.413000
9,188,188,40bc961,529051,529377,541328,541428,11.951000,12.277000
9,217,217,40d9961,406892,407218,579632,579732,172.414000,172.740000
10,80,80,4050962,123051,123385,141960,142060,18.575000,18.909000
10,254,254,40fe962,251051,251377,282291,282391,30.914000,31.240000
10,182,182,40b6961,472051,472377,506420,506520,34.043000,34.369000
10,188,188,40bc961,529051,529377,541296,541396,11.919000,12.245000
11,80,80,4050962,123051,123385,141960,142060,18.575000,18.909000
11,254,254,40fe962,251051,251377,282291,282391,30.914000,31.240000
11,182,182,40b6961,472051,472377,506420,506520,34.043000,34.369000
11,188,188,40bc961,529051,529377,541296,541396,11.919000,12.245000
20,5,5,4005963,42051,42385,48719,48819,6.334000,6.668000
20,227,227,40e3960,39051,39377,82940,83040,43.563000,43.889000
20,53,53,4035962,85051,85385,132797,132897,47.412000,47.746000
20,80,80,4050962,123051,123385,160029,160129,36.644000,36.978000
20,137,137,4089962,199051,199377,314171,314271,114.794000,115.120000
20,254,254,40fe962,251051,251377,379886,379986,128.509000,128.835000
20,182,182,40b6961,472051,472377,501046,501146,28.669000,28.995000
20,188,188,40bc961,529051,529377,535719,535819,6.342000,6.668000
20,260,260,4104960,729051,729377,741345,741445,11.968000,12.294000
21,5,5,4005963,42051,42385,48715,48815,6.330000,6.664000
21,227,227,40e3960,39051,39377,82936,83036,43.559000,43.885000
21,53,53,4035962,85051,85385,132793,132893,47.408000,47.742000
21,80,80,4050962,123051,123385,160025,160125,36.640000,36.974000
21,137,137,4089962,199051,199377,314167,314267,114.790000,115.116000
21,254,254,40fe962,251051,251377,379886,379986,128.509000,128.835000
21,182,182,40b6961,472051,472377,501042,501142,28.665000,28.991000
21,188,188,40bc961,529051,529377,535715,535815,6.338000,6.664000
21,260,260,4104960,729051,729377,741341,741441,11.964000,12.290000
22,5,5,4005963,42051,42385,46341,46441,3.956000,4.290000
22,337,337,4151962,35051,35377,57055,57155,21.678000,22.004000
22,112,112,4070963,34051,34385,65398,65499,31.013000,31.347000
22,227,227,40e3960,39051,39377,82994,83094,43.617000,43.943000
22,19,19,4013963,71051,71377,88724,88824,17.347000,17.673000
22,202,202,40ca960,30051,30385,94612,94712,64.227000,64.561000
22,13,13,400d962,86051,86385,99156,99256,12.771000,13.105000
22,53,53,4035962,85051,85385,132833,132933,47.448000,47.782000
22,79,79,404f961,128051,128384,138631,138731,10.247000,10.580000
22,130,130,4082962,138051,138385,150219,150319,11.834000,12.168000
22,80,80,4050962,123051,123385,161890,161990,38.505000,38.839000
22,118,118,4076961,60051,60385,184992,185092,124.607000,124.941000
22,334,334,414e963,172051,172385,190822,190922,18.437000,18.771000
22,31,31,401f960,153051,153385,219681,219781,66.296000,66.630000
22,262,262,4106963,279051,279377,290757,290857,11.380000,11.706000
22,137,137,4089962,199051,199377,314212,314312,114.835000,115.161000
22,211,211,40d3962,315051,315385,319408,319508,4.023000,4.357000
22,70,70,4046960,194051,194377,324047,324147,129.670000,129.996000
22,301,301,412d960,312051,312377,337873,337973,25.496000,25.822000
22,205,205,40cd961,187051,187377,364585,364685,177.208000,177.534000
22,91,91,405b960,294051,294377,375283,375383,80.906000,81.232000
22,254,254,40fe962,251051,251377,379880,379980,128.503000,128.829000
22,283,283,411b962,460051,460377,464375,464475,3.998000,4.324000
22,61,61,403d961,422051,422385,495061,495161,72.676000,73.010000
22,182,182,40b6961,472051,472377,501048,501148,28.671000,28.997000
22,188,188,40bc961,529051,529377,535716,535816,6.339000,6.665000
22,217,217,40d9961,406892,407218,547375,547475,140.157000,140.483000
22,157,157,409d961,597051,597385,609391,609491,12.006000,12.340000
22,260,260,4104960,729051,729377,741375,741475,11.998000,12.324000
23,225,225,40e1962,29051,29385,35787,35887,6.402000,6.736000
23,5,5,4005963,42051,42385,46684,46784,4.299000,4.633000
23,90,90,405a961,40051,40385,51315,51415,10.930000,11.264000
23,337,337,4151962,35051,35377,57045,57145,21.668000,21.994000
23,112,112,4070963,34051,34385,65386,65486,31.001000,31.335000
23,381,381,417d962,32050,32385,71424,71524,39.039000,39.374000
23,219,219,40db960,50051,50377,77156,77256,26.779000,27.105000
23,227,227,40e3960,39051,39377,82984,83084,43.607000,43.933000
23,19,19,4013963,71051,71377,88711,88811,17.334000,17.660000
23,202,202,40ca960,30051,30385,94602,94702,64.217000,64.551000
23,13,13,400d962,86051,86385,99135,99235,12.750000,13.084000
23,237,237,40ed963,66051,66385,103994,104094,37.609000,37.943000
23,327,327,4147960,82051,82385,109794,109894,27.409000,27.743000
23,336,336,4150960,90051,90385,115547,115647,25.162000,25.496000
23,147,147,4093963,118051,118377,126922,127022,8.545000,8.871000
23,53,53,4035962,85051,85385,132832,132932,47.447000,47.781000
23,79,79,404f961,128051,128384,138609,138709,10.225000,10.558000
23,130,130,4082962,138051,138385,150218,150318,11.833000,12.167000
23,390,390,4186960,92051,92377,156073,156173,63.696000,64.022000
23,80,80,4050962,123051,123385,161826,161926,38.441000,38.775000
23,123,123,407b960,143051,143385,167649,167749,24.264000,24.598000
23,99,99,4063961,85051,85385,173402,173502,88.017000,88.351000
23,118,118,4076961,60051,60385,184981,185081,124.596000,124.930000
23,334,334,414e963,172051,172385,190758,190858,18.373000,18.707000
23,0,0,4000963,147051,147385,196581,196681,49.196000,49.530000
23,306,306,4132962,197051,197385,211258,211358,13.873000,14.207000
23,31,31,401f960,153051,153385,219670,219770,66.285000,66.619000
23,162,162,40a2961,93051,93385,224179,224279,130.794000,131.128000
23,399,399,418f961,243051,243385,255407,255507,12.022000,12.356000
23,262,262,4106963,279051,279377,290699,290799,11.322000,11.648000
23,137,137,4089962,199051,199377,314187,314287,114.810000,115.136000
23,183,183,40b7962,279051,279377,318678,318778,39.301000,39.627000
23,211,211,40d3962,315051,315385,323109,323209,7.724000,8.058000
23,70,70,4046960,194051,194377,327796,327896,133.419000,133.745000
23,207,207,40cf961,310051,310385,332357,332457,21.972000,22.306000
23,301,301,412d960,312051,312377,337922,338022,25.545000,25.871000
23,105,105,4069960,318051,318385,343491,343591,25.106000,25.440000
23,174,174,40ae963,173051,173385,349090,349190,175.705000,176.039000
23,81,81,4051961,166051,166385,353999,354099,187.614000,187.948000
23,210,210,40d2962,287051,287377,359788,359888,72.411000,72.737000
23,205,205,40cd961,187051,187377,364619,364719,177.242000,177.568000
23,375,375,4177962,353051,353377,369479,369579,16.102000,16.428000
23,87,87,4057963,176051,176377,374022,374122,197.645000,197.971000
23,91,91,405b960,294051,294377,378916,379016,84.539000,84.865000
23,254,254,40fe962,251051,251377,383477,383577,132.100000,132.426000
23,63,63,403f961,292051,292377,388337,388437,95.960000,96.286000
23,283,283,411b962,460051,460377,464354,464454,3.977000,4.303000
23,75,75,404b963,179051,179377,481390,481490,302.013000,302.339000
23,270,270,410e962,477051,477377,489277,489377,11.900000,12.226000
23,61,61,403d961,422051,422385,495051,495151,72.666000,73.000000
23,182,182,40b6961,472051,472377,501035,501135,28.658000,28.984000
23,297,297,4129963,493051,493377,526290,526390,32.913000,33.239000
23,188,188,40bc961,529051,529377,535676,535776,6.299000,6.625000
23,217,217,40d9961,406892,407218,547340,547440,140.122000,140.448000
23,157,157,409d961,597051,597385,609351,609451,11.966000,12.300000
23,357,357,4165962,615051,615377,627134,627234,11.757000,12.083000
23,321,321,4141961,693051,693377,705420,705520,12.043000,12.369000
23,260,260,4104960,729051,729377,741386,741486,12.009000,12.335000
23,186,186,40ba960,771051,771377,777723,777823,6.346000,6.672000
23,396,396,418c960,856051,856385,862690,862790,6.305000,6.639000
23,354,354,4162961,1021051,1021385,1033415,1033514,12.030000,12.364000
24,112,112,4070963,34051,34385,42945,43045,8.560000,8.894000
24,202,202,40ca960,30051,30385,48636,48736,18.251000,18.585000
24,90,90,405a961,40051,40385,54428,54528,14.043000,14.377000
24,227,227,40e3960,39051,39377,58920,59020,19.543000,19.869000
24,381,381,417d962,32050,32385,66934,67034,34.549000,34.884000
24,118,118,4076961,60051,60385,71444,71544,11.059000,11.393000
24,219,219,40db960,50051,50377,76270,76370,25.893000,26.219000
24,225,225,40e1962,29051,29385,82060,82160,52.675000,53.009000
24,5,5,4005963,42051,42385,87294,87394,44.909000,45.243000
24,19,19,4013963,71051,71377,92141,92241,20.764000,21.090000
24,390,390,4186960,92051,92377,104364,104464,11.987000,12.313000
24,237,237,40ed963,66051,66385,115621,115721,49.236000,49.570000
24,336,336,4150960,90051,90385,127104,127204,36.719000,37.053000
24,147,147,4093963,118051,118377,132883,132983,14.506000,14.832000
24,337,337,4151962,35051,35377,138639,138739,103.262000,103.588000
24,80,80,4050962,123051,123385,144418,144518,21.033000,21.367000
24,13,13,400d962,86051,86385,151596,151696,65.211000,65.545000
24,0,0,4000963,147051,147385,157375,157475,9.990000,10.324000
24,99,99,4063961,85051,85385,165484,165584,80.099000,80.433000
24,123,123,407b960,143051,143385,171263,171363,27.878000,28.212000
24,174,174,40ae963,173051,173385,179643,179743,6.258000,6.592000
24,87,87,4057963,176051,176377,184508,184608,8.131000,8.457000
24,334,334,414e963,172051,172385,189145,189245,16.760000,17.094000
24,327,327,4147960,82051,82385,194012,194112,111.627000,111.961000
24,205,205,40cd961,187051,187377,205641,205741,18.264000,18.590000
24,306,306,4132962,197051,197385,214543,214643,17.158000,17.492000
24,162,162,40a2961,93051,93385,219595,219695,126.210000,126.544000
24,53,53,4035962,85051,85385,226963,227063,141.578000,141.912000
24,79,79,404f961,128051,128384,232687,232787,104.303000,104.636000
24,130,130,4082962,138051,138385,238445,238545,100.060000,100.394000
24,399,399,418f961,243051,243385,251902,252002,8.517000,8.851000
24,254,254,40fe962,251051,251377,282347,282447,30.970000,31.296000
24,183,183,40b7962,279051,279377,288154,288254,8.777000,9.103000
24,75,75,404b963,179051,179377,294009,294109,114.632000,114.958000
24,137,137,4089962,199051,199377,317751,317851,118.374000,118.700000
24,63,63,403f961,292051,292377,323509,323609,31.132000,31.458000
24,207,207,40cf961,310051,310385,328043,328143,17.658000,17.992000
24,262,262,4106963,279051,279377,332910,333010,53.533000,53.859000
24,31,31,401f960,153051,153385,338743,338843,185.358000,185.692000
24,105,105,4069960,318051,318385,344865,344965,26.480000,26.814000
24,210,210,40d2962,287051,287377,350699,350799,63.322000,63.648000
24,375,375,4177962,353051,353377,365477,365577,12.100000,12.426000
24,70,70,4046960,194051,194377,371304,371404,176.927000,177.253000
24,301,301,412d960,312051,312377,379584,379684,67.207000,67.533000
24,81,81,4051961,166051,166385,427060,427160,260.675000,261.009000
24,91,91,405b960,294051,294377,462699,462799,168.322000,168.648000
24,283,283,411b962,460051,460377,472391,472491,12.014000,12.340000
24,270,270,410e962,477051,477377,483820,483920,6.443000,6.769000
24,61,61,403d961,422051,422385,499387,499487,77.002000,77.336000
24,182,182,40b6961,472051,472377,506465,506565,34.088000,34.414000
24,297,297,4129963,493051,493377,522771,522871,29.394000,29.720000
24,188,188,40bc961,529051,529377,541342,541442,11.965000,12.291000
24,211,211,40d3962,315051,315385,558152,558252,242.767000,243.101000
24,217,217,40d9961,406892,407218,579633,579733,172.415000,172.741000
24,157,157,409d961,597051,597385,605818,605918,8.433000,8.767000
24,357,357,4165962,615051,615377,621782,621882,6.405000,6.731000
24,321,321,4141961,693051,693377,699713,699813,6.336000,6.662000
24,260,260,4104960,729051,729377,737819,737919,8.442000,8.768000
24,186,186,40ba960,771051,771377,783387,783487,12.010000,12.336000
24,396,396,418c960,856051,856385,868433,868533,12.048000,12.382000
24,354,354,4162961,1021051,1021385,1029921,1030021,8.536000,8.870000
25,112,112,4070963,34051,34385,42941,43041,8.556000,8.890000
25,202,202,40ca960,30051,30385,48632,48732,18.247000,18.581000
25,227,227,40e3960,39051,39377,57524,57624,18.147000,18.473000
25,118,118,4076961,60051,60385,68627,68727,8.242000,8.576000
25,5,5,4005963,42051,42385,87294,87394,44.909000,45.243000
25,19,19,4013963,71051,71377,92136,92236,20.759000,21.085000
25,337,337,4151962,35051,35377,138635,138735,103.258000,103.584000
25,80,80,4050962,123051,123385,144414,144514,21.029000,21.363000
25,13,13,400d962,86051,86385,151592,151692,65.207000,65.541000
25,334,334,414e963,172051,172385,185225,185325,12.840000,13.174000
25,205,205,40cd961,187051,187377,205567,205667,18.190000,18.516000
25,53,53,4035962,85051,85385,226926,227026,141.541000,141.875000
25,79,79,404f961,128051,128384,232693,232793,104.309000,104.642000
25,130,130,4082962,138051,138385,238408,238508,100.023000,100.357000
25,254,254,40fe962,251051,251377,282309,282409,30.932000,31.258000
25,137,137,4089962,199051,199377,317706,317806,118.329000,118.655000
25,262,262,4106963,279051,279377,329309,329409,49.932000,50.258000
25,31,31,401f960,153051,153385,338670,338770,185.285000,185.619000
25,70,70,4046960,194051,194377,371230,371330,176.853000,177.179000
25,301,301,412d960,312051,312377,379515,379615,67.138000,67.464000
25,91,91,405b960,294051,294377,462750,462850,168.373000,168.699000
25,283,283,411b962,460051,460377,472421,472521,12.044000,12.370000
25,61,61,403d961,422051,422385,499378,499478,76.993000,77.327000
25,182,182,40b6961,472051,472377,506451,506551,34.074000,34.400000
25,188,188,40bc961,529051,529377,541341,541441,11.964000,12.290000
25,211,211,40d3962,315051,315385,558182,558282,242.797000,243.131000
25,217,217,40d9961,406892,407218,579632,579732,172.414000,172.740000
25,157,157,409d961,597051,597385,605848,605948,8.463000,8.797000
25,260,260,4104960,729051,729377,737818,737918,8.441000,8.767000
26,227,227,40e3960,39051,39377,57524,57624,18.147000,18.473000
26,5,5,4005963,42051,42385,87249,87349,44.864000,45.198000
26,80,80,4050962,123051,123385,141964,142064,18.579000,18.913000
26,53,53,4035962,85051,85385,226902,227002,141.517000,141.851000
26,254,254,40fe962,251051,251377,282294,282394,30.917000,31.243000
26,137,137,4089962,199051,199377,317689,317789,118.312000,118.638000
26,182,182,40b6961,472051,472377,506424,506524,34.047000,34.373000
26,188,188,40bc961,529051,529377,541300,541400,11.923000,12.249000
26,260,260,4104960,729051,729377,737778,737878,8.401000,8.727000
27,227,227,40e3960,39051,39377,57524,57624,18.147000,18.473000
27,5,5,4005963,42051,42385,87249,87349,44.864000,45.198000
27,80,80,4050962,123051,123385,141960,142060,18.575000,18.909000
27,53,53,4035962,85051,85385,226898,226998,141.513000,141.847000
27,254,254,40fe962,251051,251377,282290,282390,30.913000,31.239000
27,137,137,4089962,199051,199377,317685,317785,118.308000,118.634000
27,182,182,40b6961,472051,472377,506420,506520,34.043000,34.369000
27,188,188,40bc961,529051,529377,541296,541396,11.919000,12.245000
27,260,260,4104960,729051,729377,737774,737874,8.397000,8.723000
36,86,86,4056960,20051,20385,28846,28946,8.461000,8.795000
36,5,5,4005963,42051,42385,48716,48816,6.331000,6.665000
36,227,227,40e3960,39051,39377,82991,83091,43.614000,43.940000
36,53,53,4035962,85051,85385,132798,132898,47.413000,47.747000
36,89,89,4059963,109051,109385,167646,167746,58.261000,58.595000
36,95,95,405f960,221051,221377,229602,229702,8.225000,8.551000
36,137,137,4089962,199051,199377,314185,314285,114.808000,115.134000
36,260,260,4104960,729051,729377,741419,741519,12.042000,12.368000
37,86,86,4056960,20051,20385,28846,28946,8.461000,8.795000
37,5,5,4005963,42051,42385,48716,48816,6.331000,6.665000
37,227,227,40e3960,39051,39377,82991,83091,43.614000,43.940000
37,53,53,4035962,85051,85385,132798,132898,47.413000,47.747000
37,89,89,4059963,109051,109385,167646,167746,58.261000,58.595000
37,95,95,405f960,221051,221377,229602,229702,8.225000,8.551000
37,137,137,4089962,199051,199377,314185,314285,114.808000,115.134000
37,260,260,4104960,729051,729377,741419,741519,12.042000,12.368000
38,86,86,4056960,20051,20385,28842,28942,8.457000,8.791000
38,223,223,40df962,22051,22385,33333,33433,10.948000,11.282000
38,28,28,401c960,25051,25385,48146,48246,22.761000,23.095000
38,5,5,4005963,42051,42385,53948,54048,11.563000,11.897000
38,337,337,4151962,35051,35377,65544,65644,30.167000,30.493000
38,112,112,4070963,34051,34385,71353,71453,36.968000,37.302000
38,227,227,40e3960,39051,39377,88722,88822,49.345000,49.671000
38,19,19,4013963,71051,71377,94531,94631,23.154000,23.480000
38,13,13,400d962,86051,86385,99017,99117,12.632000,12.966000
38,202,202,40ca960,30051,30385,103815,103915,73.430000,73.764000
38,1,1,4001963,41051,41385,126986,127086,85.601000,85.935000
38,79,79,404f961,128051,128384,138458,138558,10.074000,10.407000
38,53,53,4035962,85051,85385,144280,144380,58.895000,59.229000
38,89,89,4059963,109051,109385,173179,173279,63.794000,64.128000
38,130,130,4082962,138051,138385,179001,179101,40.616000,40.950000
38,118,118,4076961,60051,60385,190577,190677,130.192000,130.526000
38,334,334,414e963,172051,172385,196380,196480,23.995000,24.329000
38,31,31,401f960,153051,153385,219586,219686,66.201000,66.535000
38,95,95,405f960,221051,221377,229771,229871,8.394000,8.720000
38,106,106,406a961,243051,243385,256756,256856,13.371000,13.705000
38,262,262,4106963,279051,279377,290701,290801,11.324000,11.650000
38,10,10,400a960,305051,305385,314013,314113,8.628000,8.962000
38,137,137,4089962,199051,199377,319831,319931,120.454000,120.780000
38,70,70,4046960,194051,194377,329201,329301,134.824000,135.150000
38,211,211,40d3962,315051,315385,333764,333864,18.379000,18.713000
38,301,301,412d960,312051,312377,342990,343090,30.613000,30.939000
38,205,205,40cd961,187051,187377,364640,364740,177.263000,177.589000
38,91,91,405b960,294051,294377,387533,387633,93.156000,93.482000
38,283,283,411b962,460051,460377,466779,466879,6.402000,6.728000
38,61,61,403d961,422051,422385,495155,495255,72.770000,73.104000
38,238,238,40ee961,288051,288377,506951,507051,218.574000,218.900000
38,217,217,40d9961,406892,407218,547361,547461,140.143000,140.469000
38,157,157,409d961,597051,597385,609364,609464,11.979000,12.313000
38,260,260,4104960,729051,729377,741414,741514,12.037000,12.363000
39,86,86,4056960,20051,20385,28842,28942,8.457000,8.791000
39,223,223,40df962,22051,22385,33334,33434,10.949000,11.283000
39,225,225,40e1962,29051,29385,37733,37833,8.348000,8.682000
39,28,28,401c960,25051,25385,48169,48269,22.784000,23.118000
39,5,5,4005963,42051,42385,53995,54095,11.610000,11.944000
39,337,337,4151962,35051,35377,65567,65667,30.190000,30.516000
39,112,112,4070963,34051,34385,71400,71500,37.015000,37.349000
39,381,381,417d962,32050,32385,77156,77256,44.771000,45.106000
39,219,219,40db960,50051,50377,82989,83089,32.612000,32.938000
39,227,227,40e3960,39051,39377,88745,88845,49.368000,49.694000
39,19,19,4013963,71051,71377,94578,94678,23.201000,23.527000
39,13,13,400d962,86051,86385,99088,99188,12.703000,13.037000
39,202,202,40ca960,30051,30385,103936,104036,73.551000,73.885000
39,237,237,40ed963,66051,66385,109718,109818,43.333000,43.667000
39,327,327,4147960,82051,82385,115459,115559,33.074000,33.408000
39,336,336,4150960,90051,90385,121241,121341,30.856000,31.190000
39,1,1,4001963,41051,41385,126982,127082,85.597000,85.931000
39,79,79,404f961,128051,128384,138532,138632,10.148000,10.481000
39,53,53,4035962,85051,85385,144328,144428,58.943000,59.277000
39,90,90,405a961,40051,40385,150103,150203,109.718000,110.052000
39,147,147,4093963,118051,118377,155899,155999,37.522000,37.848000
39,390,390,4186960,92051,92377,161678,161778,69.301000,69.627000
39,123,123,407b960,143051,143385,167474,167574,24.089000,24.423000
39,89,89,4059963,109051,109385,173253,173353,63.868000,64.202000
39,130,130,4082962,138051,138385,179049,179149,40.664000,40.998000
39,99,99,4063961,85051,85385,184828,184928,99.443000,99.777000
39,118,118,4076961,60051,60385,190624,190724,130.239000,130.573000
39,334,334,414e963,172051,172385,196403,196503,24.018000,24.352000
39,0,0,4000963,147051,147385,207951,208051,60.566000,60.900000
39,306,306,4132962,197051,197385,213733,213833,16.348000,16.682000
39,31,31,401f960,153051,153385,219633,219733,66.248000,66.582000
39,162,162,40a2961,93051,93385,224190,224290,130.805000,131.139000
39,95,95,405f960,221051,221377,229769,229869,8.392000,8.718000
39,106,106,406a961,243051,243385,256780,256881,13.395000,13.729000
39,399,399,418f961,243051,243385,261703,261804,18.318000,18.652000
39,262,262,4106963,279051,279377,290709,290809,11.332000,11.658000
39,10,10,400a960,305051,305385,314083,314183,8.698000,9.032000
39,183,183,40b7962,279051,279377,318593,318693,39.216000,39.542000
39,137,137,4089962,199051,199377,323441,323541,124.064000,124.390000
39,207,207,40cf961,310051,310385,327998,328098,17.613000,17.947000
39,70,70,4046960,194051,194377,332891,332991,138.514000,138.840000
39,211,211,40d3962,315051,315385,337401,337501,22.016000,22.350000
39,301,301,412d960,312051,312377,342999,343099,30.622000,30.948000
39,105,105,4069960,318051,318385,348703,348803,30.318000,30.652000
39,81,81,4051961,166051,166385,353573,353673,187.188000,187.522000
39,174,174,40ae963,173051,173385,358130,358230,184.745000,185.079000
39,210,210,40d2962,287051,287377,363053,363153,75.676000,76.002000
39,205,205,40cd961,187051,187377,367563,367663,180.186000,180.512000
39,87,87,4057963,176051,176377,373161,373261,196.784000,197.110000
39,91,91,405b960,294051,294377,387569,387669,93.192000,93.518000
39,63,63,403f961,292051,292377,393395,393495,101.018000,101.344000
39,375,375,4177962,353051,353377,399200,399300,45.823000,46.149000
39,283,283,411b962,460051,460377,466865,466965,6.488000,6.814000
39,75,75,404b963,179051,179377,481445,481545,302.068000,302.394000
39,270,270,410e962,477051,477377,489386,489486,12.009000,12.335000
39,61,61,403d961,422051,422385,495191,495291,72.806000,73.140000
39,238,238,40ee961,288051,288377,507037,507137,218.660000,218.986000
39,297,297,4129963,493051,493377,526308,526408,32.931000,33.257000
39,217,217,40d9961,406892,407218,547408,547508,140.190000,140.516000
39,157,157,409d961,597051,597385,609387,609487,12.002000,12.336000
39,357,357,4165962,615051,615377,627196,627296,11.819000,12.145000
39,321,321,4141961,693051,693377,705404,705504,12.027000,12.353000
39,260,260,4104960,729051,729377,741386,741486,12.009000,12.335000
39,186,186,40ba960,771051,771377,777701,777801,6.324000,6.650000
39,396,396,418c960,856051,856385,862686,862786,6.301000,6.635000
39,354,354,4162961,1021051,1021385,1033398,1033499,12.013000,12.347000
40,86,86,4056960,20051,20385,32406,32506,12.021000,12.355000
40,28,28,401c960,25051,25385,38176,38276,12.791000,13.125000
40,112,112,4070963,34051,34385,43934,44034,9.549000,9.883000
40,202,202,40ca960,30051,30385,49625,49725,19.240000,19.574000
40,227,227,40e3960,39051,39377,57528,57628,18.151000,18.477000
40,223,223,40df962,22051,22385,62401,62501,40.016000,40.350000
40,90,90,405a961,40051,40385,68182,68282,27.797000,28.131000
40,118,118,4076961,60051,60385,72691,72791,12.306000,12.640000
40,381,381,417d962,32050,32385,77543,77643,45.158000,45.493000
40,219,219,40db960,50051,50377,83285,83385,32.908000,33.234000
40,5,5,4005963,42051,42385,87818,87918,45.433000,45.767000
40,225,225,40e1962,29051,29385,92691,92791,63.306000,63.640000
40,19,19,4013963,71051,71377,98472,98572,27.095000,27.421000
40,1,1,4001963,41051,41385,104248,104348,62.863000,63.197000
40,237,237,40ed963,66051,66385,121507,121607,55.122000,55.456000
40,336,336,4150960,90051,90385,136358,136458,45.973000,46.307000
40,337,337,4151962,35051,35377,145701,145801,110.324000,110.650000
40,390,390,4186960,92051,92377,151471,151571,59.094000,59.420000
40,0,0,4000963,147051,147385,157227,157327,9.842000,10.176000
40,147,147,4093963,118051,118377,163006,163106,44.629000,44.955000
40,89,89,4059963,109051,109385,168762,168862,59.377000,59.711000
40,123,123,407b960,143051,143385,174573,174673,31.188000,31.522000
40,174,174,40ae963,173051,173385,179678,179778,6.293000,6.627000
40,13,13,400d962,86051,86385,184481,184581,98.096000,98.430000
40,334,334,414e963,172051,172385,189044,189144,16.659000,16.993000
40,99,99,4063961,85051,85385,193892,193992,108.507000,108.841000
40,87,87,4057963,176051,176377,198707,198807,22.330000,22.656000
40,327,327,4147960,82051,82385,203576,203676,121.191000,121.525000
40,205,205,40cd961,187051,187377,209469,209569,22.092000,22.418000
40,306,306,4132962,197051,197385,214587,214687,17.202000,17.536000
40,162,162,40a2961,93051,93385,219598,219698,126.213000,126.547000
40,53,53,4035962,85051,85385,226962,227062,141.577000,141.911000
40,79,79,404f961,128051,128384,232723,232823,104.339000,104.672000
40,95,95,405f960,221051,221377,237244,237344,15.867000,16.193000
40,130,130,4082962,138051,138385,242136,242236,103.751000,104.085000
40,106,106,406a961,243051,243385,253876,253976,10.491000,10.825000
40,399,399,418f961,243051,243385,259731,259830,16.346000,16.680000
40,183,183,40b7962,279051,279377,285838,285938,6.461000,6.787000
40,75,75,404b963,179051,179377,291693,291793,112.316000,112.642000
40,63,63,403f961,292051,292377,296778,296878,4.401000,4.727000
40,137,137,4089962,199051,199377,317811,317911,118.434000,118.760000
40,262,262,4106963,279051,279377,323673,323773,44.296000,44.622000
40,207,207,40cf961,310051,310385,328181,328281,17.796000,18.130000
40,31,31,401f960,153051,153385,333070,333170,179.685000,180.019000
40,10,10,400a960,305051,305385,338958,339058,33.573000,33.907000
40,105,105,4069960,318051,318385,350582,350682,32.197000,32.531000
40,210,210,40d2962,287051,287377,356424,356524,69.047000,69.373000
40,375,375,4177962,353051,353377,365459,365559,12.082000,12.408000
40,70,70,4046960,194051,194377,373724,373824,179.347000,179.673000
40,301,301,412d960,312051,312377,379598,379698,67.221000,67.547000
40,238,238,40ee961,288051,288377,415658,415758,127.281000,127.607000
40,81,81,4051961,166051,166385,427024,427124,260.639000,260.973000
40,91,91,405b960,294051,294377,462746,462846,168.369000,168.695000
40,283,283,411b962,460051,460377,472433,472533,12.056000,12.382000
40,270,270,410e962,477051,477377,483863,483963,6.486000,6.812000
40,61,61,403d961,422051,422385,499461,499561,77.076000,77.410000
40,297,297,4129963,493051,493377,522871,522971,29.494000,29.820000
40,211,211,40d3962,315051,315385,558241,558341,242.856000,243.190000
40,217,217,40d9961,406892,407218,579720,579820,172.502000,172.828000
40,157,157,409d961,597051,597385,605907,606007,8.522000,8.856000
40,357,357,4165962,615051,615377,621845,621945,6.468000,6.794000
40,321,321,4141961,693051,693377,697367,697467,3.990000,4.316000
40,260,260,4104960,729051,729377,737953,738053,8.576000,8.902000
40,186,186,40ba960,771051,771377,783485,783585,12.108000,12.434000
40,396,396,418c960,856051,856385,868567,868667,12.182000,12.516000
40,354,354,4162961,1021051,1021385,1030019,1030118,8.634000,8.968000
41,86,86,4056960,20051,20385,32406,32506,12.021000,12.355000
41,28,28,401c960,25051,25385,38176,38276,12.791000,13.125000
41,112,112,4070963,34051,34385,43934,44034,9.549000,9.883000
41,202,202,40ca960,30051,30385,49625,49725,19.240000,19.574000
41,227,227,40e3960,39051,39377,57528,57628,18.151000,18.477000
41,223,223,40df962,22051,22385,62401,62501,40.016000,40.350000
41,118,118,4076961,60051,60385,68605,68705,8.220000,8.554000
41,5,5,4005963,42051,42385,87259,87359,44.874000,45.208000
41,19,19,4013963,71051,71377,98472,98572,27.095000,27.421000
41,1,1,4001963,41051,41385,104248,104348,62.863000,63.197000
41,337,337,4151962,35051,35377,145701,145801,110.324000,110.650000
41,89,89,4059963,109051,109385,168801,168901,59.416000,59.750000
41,13,13,400d962,86051,86385,180329,180429,93.944000,94.278000
41,334,334,414e963,172051,172385,185235,185335,12.850000,13.184000
41,205,205,40cd961,187051,187377,209399,209499,22.022000,22.348000
41,53,53,4035962,85051,85385,226929,227029,141.544000,141.878000
41,79,79,404f961,128051,128384,232733,232833,104.349000,104.682000
41,95,95,405f960,221051,221377,237255,237355,15.878000,16.204000
41,130,130,4082962,138051,138385,242114,242214,103.729000,104.063000
41,106,106,406a961,243051,243385,253834,253934,10.449000,10.783000
41,137,137,4089962,199051,199377,317742,317842,118.365000,118.691000
41,262,262,4106963,279051,279377,323617,323717,44.240000,44.566000
41,31,31,401f960,153051,153385,329454,329554,176.069000,176.403000
41,10,10,400a960,305051,305385,338926,339026,33.541000,33.875000
41,70,70,4046960,194051,194377,373705,373805,179.328000,179.654000
41,301,301,412d960,312051,312377,379604,379704,67.227000,67.553000
41,238,238,40ee961,288051,288377,415639,415739,127.262000,127.588000
41,91,91,405b960,294051,294377,462747,462847,168.370000,168.696000
41,283,283,411b962,460051,460377,472353,472453,11.976000,12.302000
41,61,61,403d961,422051,422385,499382,499482,76.997000,77.331000
41,211,211,40d3962,315051,315385,558161,558261,242.776000,243.110000
41,217,217,40d9961,406892,407218,579615,579715,172.397000,172.723000
41,157,157,409d961,597051,597385,605827,605927,8.442000,8.776000
41,260,260,4104960,729051,729377,737775,737875,8.398000,8.724000
42,86,86,4056960,20051,20385,32402,32501,12.017000,12.351000
42,227,227,40e3960,39051,39377,57485,57585,18.108000,18.434000
42,5,5,4005963,42051,42385,87223,87323,44.838000,45.172000
42,89,89,4059963,109051,109385,157368,157468,47.983000,48.317000
42,53,53,4035962,85051,85385,226904,227004,141.519000,141.853000
42,95,95,405f960,221051,221377,233134,233234,11.757000,12.083000
42,137,137,4089962,199051,199377,317733,317833,118.356000,118.682000
42,260,260,4104960,729051,729377,737828,737928,8.451000,8.777000
43,86,86,4056960,20051,20385,32402,32501,12.017000,12.351000
43,227,227,40e3960,39051,39377,57485,57585,18.108000,18.434000
43,5,5,4005963,42051,42385,87223,87323,44.838000,45.172000
43,89,89,4059963,109051,109385,157368,157468,47.983000,48.317000
43,53,53,4035962,85051,85385,226904,227004,141.519000,141.853000
43,95,95,405f960,221051,221377,233134,233234,11.757000,12.083000
43,137,137,4089962,199051,199377,317733,317833,118.356000,118.682000
43,260,260,4104960,729051,729377,737828,737928,8.451000,8.777000
52,86,86,4056960,20051,20385,28850,28950,8.465000,8.799000
52,209,209,40d1963,20051,20385,34620,34720,14.235000,14.569000
52,89,89,4059963,109051,109385,167650,167750,58.265000,58.599000
52,332,332,414c960,53051,53385,196506,196606,143.121000,143.455000
52,95,95,405f960,221051,221377,229641,229741,8.264000,8.590000
52,47,47,402f960,174051,174385,361728,361828,187.343000,187.677000
53,86,86,4056960,20051,20385,28846,28946,8.461000,8.795000
53,209,209,40d1963,20051,20385,34616,34716,14.231000,14.565000
53,89,89,4059963,109051,109385,167646,167746,58.261000,58.595000
53,332,332,414c960,53051,53385,196502,196602,143.117000,143.451000
53,95,95,405f960,221051,221377,229641,229741,8.264000,8.590000
53,47,47,402f960,174051,174385,361724,361824,187.339000,187.673000
54,86,86,4056960,20051,20385,28846,28946,8.461000,8.795000
54,223,223,40df962,22051,22385,33338,33438,10.953000,11.287000
54,209,209,40d1963,20051,20385,38179,38279,17.794000,18.128000
54,28,28,401c960,25051,25385,48137,48237,22.752000,23.086000
54,235,235,40eb960,37051,37385,59781,59881,22.396000,22.730000
54,337,337,4151962,35051,35377,65587,65687,30.210000,30.536000
54,112,112,4070963,34051,34385,71370,71470,36.985000,37.319000
54,19,19,4013963,71051,71377,94535,94635,23.158000,23.484000
54,13,13,400d962,86051,86385,99022,99122,12.637000,12.971000
54,202,202,40ca960,30051,30385,103824,103924,73.439000,73.773000
54,1,1,4001963,41051,41385,126990,127090,85.605000,85.939000
54,175,175,40af962,84051,84385,132746,132846,48.361000,48.695000
54,79,79,404f961,128051,128384,138513,138613,10.129000,10.462000
54,89,89,4059963,109051,109385,173183,173283,63.798000,64.132000
54,130,130,4082962,138051,138385,179005,179105,40.620000,40.954000
54,118,118,4076961,60051,60385,190581,190681,130.196000,130.530000
54,334,334,414e963,172051,172385,196384,196484,23.999000,24.333000
54,332,332,414c960,53051,53385,202156,202256,148.771000,149.105000
54,31,31,401f960,153051,153385,219641,219741,66.256000,66.590000
54,95,95,405f960,221051,221377,229732,229832,8.355000,8.681000
54,16,16,4010962,239051,239385,251487,251587,12.102000,12.436000
54,106,106,406a961,243051,243385,256756,256856,13.371000,13.705000
54,259,259,4103963,126051,126385,267453,267553,141.068000,141.402000
54,262,262,4106963,279051,279377,290654,290754,11.277000,11.603000
54,10,10,400a960,305051,305385,314016,314116,8.631000,8.965000
54,70,70,4046960,194051,194377,329205,329305,134.828000,135.154000
54,211,211,40d3962,315051,315385,333769,333869,18.384000,18.718000
54,253,253,40fd960,115051,115385,338657,338757,223.272000,223.606000
54,301,301,412d960,312051,312377,343166,343266,30.789000,31.115000
54,205,205,40cd961,187051,187377,364601,364701,177.224000,177.550000
54,47,47,402f960,174051,174385,369464,369564,195.079000,195.413000
54,121,121,4079962,205051,205377,378167,378267,172.790000,173.116000
54,91,91,405b960,294051,294377,387550,387650,93.173000,93.499000
54,283,283,411b962,460051,460377,466822,466922,6.445000,6.771000
54,61,61,403d961,422051,422385,495172,495272,72.787000,73.121000
54,238,238,40ee961,288051,288377,506994,507094,218.617000,218.943000
54,271,271,410f961,498051,498385,512900,513000,14.515000,14.849000
54,217,217,40d9961,406892,407218,547365,547465,140.147000,140.473000
54,157,157,409d961,597051,597385,609368,609468,11.983000,12.317000
55,86,86,4056960,20051,20385,28842,28942,8.457000,8.791000
55,223,223,40df962,22051,22385,33333,33433,10.948000,11.282000
55,225,225,40e1962,29051,29385,37731,37831,8.346000,8.680000
55,209,209,40d1963,20051,20385,42393,42493,22.008000,22.342000
55,28,28,401c960,25051,25385,48180,48280,22.795000,23.129000
55,235,235,40eb960,37051,37385,59800,59900,22.415000,22.749000
55,337,337,4151962,35051,35377,65630,65730,30.253000,30.579000
55,112,112,4070963,34051,34385,71389,71489,37.004000,37.338000
55,381,381,417d962,32050,32385,77219,77319,44.834000,45.169000
55,219,219,40db960,50051,50377,82978,83078,32.601000,32.927000
55,19,19,4013963,71051,71377,94578,94678,23.201000,23.527000
55,13,13,400d962,86051,86385,99087,99187,12.702000,13.036000
55,202,202,40ca960,30051,30385,103934,104034,73.549000,73.883000
55,237,237,40ed963,66051,66385,109718,109818,43.333000,43.667000
55,327,327,4147960,82051,82385,115459,115559,33.074000,33.408000
55,336,336,4150960,90051,90385,121241,121341,30.856000,31.190000
55,1,1,4001963,41051,41385,126982,127082,85.597000,85.931000
55,175,175,40af962,84051,84385,132764,132864,48.379000,48.713000
55,79,79,404f961,128051,128384,138505,138605,10.121000,10.454000
55,90,90,405a961,40051,40385,150103,150203,109.718000,110.052000
55,147,147,4093963,118051,118377,155899,155999,37.522000,37.848000
55,390,390,4186960,92051,92377,161678,161778,69.301000,69.627000
55,123,123,407b960,143051,143385,167474,167574,24.089000,24.423000
55,89,89,4059963,109051,109385,173253,173353,63.868000,64.202000
55,130,130,4082962,138051,138385,179049,179149,40.664000,40.998000
55,99,99,4063961,85051,85385,184828,184928,99.443000,99.777000
55,118,118,4076961,60051,60385,190624,190724,130.239000,130.573000
55,334,334,414e963,172051,172385,196403,196503,24.018000,24.352000
55,332,332,414c960,53051,53385,202199,202299,148.814000,149.148000
55,0,0,4000963,147051,147385,207978,208078,60.593000,60.927000
55,306,306,4132962,197051,197385,213758,213858,16.373000,16.707000
55,31,31,401f960,153051,153385,219660,219760,66.275000,66.609000
55,162,162,40a2961,93051,93385,224203,224303,130.818000,131.152000
55,95,95,405f960,221051,221377,229720,229820,8.343000,8.669000
55,16,16,4010962,239051,239385,251494,251594,12.109000,12.443000
55,106,106,406a961,243051,243385,256780,256881,13.395000,13.729000
55,399,399,418f961,243051,243385,261703,261803,18.318000,18.652000
55,259,259,4103963,126051,126385,267509,267609,141.124000,141.458000
55,262,262,4106963,279051,279377,290772,290872,11.395000,11.721000
55,10,10,400a960,305051,305385,314072,314172,8.687000,9.021000
55,183,183,40b7962,279051,279377,318633,318733,39.256000,39.582000
55,207,207,40cf961,310051,310385,324198,324298,13.813000,14.147000
55,70,70,4046960,194051,194377,329271,329371,134.894000,135.220000
55,211,211,40d3962,315051,315385,333780,333880,18.395000,18.729000
55,253,253,40fd960,115051,115385,338627,338727,223.242000,223.576000
55,301,301,412d960,312051,312377,343183,343283,30.806000,31.132000
55,105,105,4069960,318051,318385,348752,348852,30.367000,30.701000
55,81,81,4051961,166051,166385,353593,353693,187.208000,187.542000
55,174,174,40ae963,173051,173385,358136,358236,184.751000,185.085000
55,210,210,40d2962,287051,287377,362992,363092,75.615000,75.941000
55,205,205,40cd961,187051,187377,367553,367653,180.176000,180.502000
55,47,47,402f960,174051,174385,372394,372494,198.009000,198.343000
55,87,87,4057963,176051,176377,376937,377037,200.560000,200.886000
55,121,121,4079962,205051,205377,381793,381893,176.416000,176.742000
55,91,91,405b960,294051,294377,387580,387680,93.203000,93.529000
55,63,63,403f961,292051,292377,393332,393432,100.955000,101.281000
55,375,375,4177962,353051,353377,399211,399311,45.834000,46.160000
55,283,283,411b962,460051,460377,466802,466902,6.425000,6.751000
55,75,75,404b963,179051,179377,481456,481556,302.079000,302.405000
55,270,270,410e962,477051,477377,489323,489423,11.946000,12.272000
55,61,61,403d961,422051,422385,495202,495302,72.817000,73.151000
55,238,238,40ee961,288051,288377,506974,507074,218.597000,218.923000
55,271,271,410f961,498051,498385,512930,513030,14.545000,14.879000
55,297,297,4129963,493051,493377,526308,526408,32.931000,33.257000
55,217,217,40d9961,406892,407218,547408,547508,140.190000,140.516000
55,157,157,409d961,597051,597385,609387,609487,12.002000,12.336000
55,357,357,4165962,615051,615377,627196,627296,11.819000,12.145000
55,321,321,4141961,693051,693377,705404,705504,12.027000,12.353000
55,186,186,40ba960,771051,771377,777726,777826,6.349000,6.675000
55,396,396,418c960,856051,856385,862713,862813,6.328000,6.662000
55,354,354,4162961,1021051,1021385,1033424,1033523,12.039000,12.373000
56,86,86,4056960,20051,20385,32410,32510,12.025000,12.359000
56,28,28,401c960,25051,25385,38180,38280,12.795000,13.129000
56,112,112,4070963,34051,34385,43938,44038,9.553000,9.887000
56,202,202,40ca960,30051,30385,49629,49729,19.244000,19.578000
56,235,235,40eb960,37051,37385,55387,55487,18.002000,18.336000
56,223,223,40df962,22051,22385,61078,61178,38.693000,39.027000
56,90,90,405a961,40051,40385,68149,68249,27.764000,28.098000
56,118,118,4076961,60051,60385,72671,72771,12.286000,12.620000
56,381,381,417d962,32050,32385,77512,77612,45.127000,45.462000
56,219,219,40db960,50051,50377,83312,83412,32.935000,33.261000
56,225,225,40e1962,29051,29385,89059,89159,59.674000,60.008000
56,19,19,4013963,71051,71377,98463,98563,27.086000,27.412000
56,1,1,4001963,41051,41385,104213,104313,62.828000,63.162000
56,175,175,40af962,84051,84385,110020,110120,25.635000,25.969000
56,209,209,40d1963,20051,20385,115750,115850,95.365000,95.699000
56,253,253,40fd960,115051,115385,120148,120248,4.763000,5.097000
56,237,237,40ed963,66051,66385,124837,124937,58.452000,58.786000
56,332,332,414c960,53051,53385,130575,130676,77.190000,77.524000
56,259,259,4103963,126051,126385,135138,135238,8.753000,9.087000
56,336,336,4150960,90051,90385,139986,140086,49.601000,49.935000
56,337,337,4151962,35051,35377,145719,145819,110.342000,110.668000
56,390,390,4186960,92051,92377,151476,151576,59.099000,59.425000
56,0,0,4000963,147051,147385,157245,157345,9.860000,10.194000
56,147,147,4093963,118051,118377,163011,163111,44.634000,44.960000
56,89,89,4059963,109051,109385,168780,168880,59.395000,59.729000
56,123,123,407b960,143051,143385,174578,174678,31.193000,31.527000
56,174,174,40ae963,173051,173385,179696,179796,6.311000,6.645000
56,13,13,400d962,86051,86385,184562,184662,98.177000,98.511000
56,334,334,414e963,172051,172385,189124,189224,16.739000,17.073000
56,99,99,4063961,85051,85385,193977,194077,108.592000,108.926000
56,87,87,4057963,176051,176377,198802,198902,22.425000,22.751000
56,327,327,4147960,82051,82385,203676,203776,121.291000,121.625000
56,205,205,40cd961,187051,187377,209487,209587,22.110000,22.436000
56,306,306,4132962,197051,197385,214612,214712,17.227000,17.561000
56,162,162,40a2961,93051,93385,219673,219773,126.288000,126.622000
56,79,79,404f961,128051,128384,232830,232930,104.446000,104.779000
56,95,95,405f960,221051,221377,237392,237492,16.015000,16.341000
56,130,130,4082962,138051,138385,242282,242382,103.897000,104.231000
56,16,16,4010962,239051,239385,248104,248204,8.719000,9.053000
56,106,106,406a961,243051,243385,253881,253981,10.496000,10.830000
56,399,399,418f961,243051,243385,259749,259849,16.364000,16.698000
56,183,183,40b7962,279051,279377,285843,285943,6.466000,6.792000
56,75,75,404b963,179051,179377,291711,291811,112.334000,112.660000
56,63,63,403f961,292051,292377,296779,296879,4.402000,4.728000
56,262,262,4106963,279051,279377,323665,323765,44.288000,44.614000
56,207,207,40cf961,310051,310385,328222,328322,17.837000,18.171000
56,31,31,401f960,153051,153385,333175,333275,179.790000,180.124000
56,10,10,400a960,305051,305385,338983,339083,33.598000,33.932000
56,47,47,402f960,174051,174385,344837,344937,170.452000,170.786000
56,105,105,4069960,318051,318385,350645,350745,32.260000,32.594000
56,210,210,40d2962,287051,287377,356499,356599,69.122000,69.448000
56,121,121,4079962,205051,205377,363024,363124,157.647000,157.973000
56,375,375,4177962,353051,353377,367948,368048,14.571000,14.897000
56,70,70,4046960,194051,194377,373753,373853,179.376000,179.702000
56,301,301,412d960,312051,312377,379652,379752,67.275000,67.601000
56,238,238,40ee961,288051,288377,415687,415787,127.310000,127.636000
56,81,81,4051961,166051,166385,427078,427178,260.693000,261.027000
56,91,91,405b960,294051,294377,462772,462872,168.395000,168.721000
56,283,283,411b962,460051,460377,472484,472584,12.107000,12.433000
56,270,270,410e962,477051,477377,483890,483990,6.513000,6.839000
56,61,61,403d961,422051,422385,499512,499612,77.127000,77.461000
56,271,271,410f961,498051,498385,513562,513661,15.177000,15.511000
56,297,297,4129963,493051,493377,522896,522996,29.519000,29.845000
56,211,211,40d3962,315051,315385,558242,558342,242.857000,243.191000
56,217,217,40d9961,406892,407218,579745,579845,172.527000,172.853000
56,157,157,409d961,597051,597385,605908,606008,8.523000,8.857000
56,357,357,4165962,615051,615377,621870,621970,6.493000,6.819000
56,321,321,4141961,693051,693377,697374,697474,3.997000,4.323000
56,186,186,40ba960,771051,771377,783466,783566,12.089000,12.415000
56,396,396,418c960,856051,856385,868524,868624,12.139000,12.473000
56,354,354,4162961,1021051,1021385,1030000,1030099,8.615000,8.949000
57,86,86,4056960,20051,20385,32406,32506,12.021000,12.355000
57,28,28,401c960,25051,25385,38176,38276,12.791000,13.125000
57,112,112,4070963,34051,34385,43934,44034,9.549000,9.883000
57,202,202,40ca960,30051,30385,49625,49725,19.240000,19.574000
57,235,235,40eb960,37051,37385,55383,55483,17.998000,18.332000
57,223,223,40df962,22051,22385,61074,61174,38.689000,39.023000
57,118,118,4076961,60051,60385,68682,68782,8.297000,8.631000
57,19,19,4013963,71051,71377,98459,98559,27.082000,27.408000
57,1,1,4001963,41051,41385,104209,104309,62.824000,63.158000
57,175,175,40af962,84051,84385,110016,110116,25.631000,25.965000
57,209,209,40d1963,20051,20385,115746,115846,95.361000,95.695000
57,253,253,40fd960,115051,115385,120144,120244,4.759000,5.093000
57,332,332,414c960,53051,53385,130634,130735,77.249000,77.583000
57,259,259,4103963,126051,126385,135144,135244,8.759000,9.093000
57,337,337,4151962,35051,35377,145715,145815,110.338000,110.664000
57,89,89,4059963,109051,109385,168802,168902,59.417000,59.751000
57,13,13,400d962,86051,86385,180343,180443,93.958000,94.292000
57,334,334,414e963,172051,172385,185312,185412,12.927000,13.261000
57,205,205,40cd961,187051,187377,209470,209570,22.093000,22.419000
57,79,79,404f961,128051,128384,232741,232841,104.357000,104.690000
57,95,95,405f960,221051,221377,237302,237402,15.925000,16.251000
57,130,130,4082962,138051,138385,242145,242245,103.760000,104.094000
57,16,16,4010962,239051,239385,248015,248115,8.630000,8.964000
57,106,106,406a961,243051,243385,253835,253935,10.450000,10.784000
57,262,262,4106963,279051,279377,323592,323692,44.215000,44.541000
57,31,31,401f960,153051,153385,329442,329542,176.057000,176.391000
57,10,10,400a960,305051,305385,338901,339001,33.516000,33.850000
57,47,47,402f960,174051,174385,344731,344831,170.346000,170.680000
57,121,121,4079962,205051,205377,363085,363185,157.708000,158.034000
57,70,70,4046960,194051,194377,373728,373828,179.351000,179.677000
57,301,301,412d960,312051,312377,379651,379751,67.274000,67.600000
57,238,238,40ee961,288051,288377,415662,415762,127.285000,127.611000
57,91,91,405b960,294051,294377,462796,462896,168.419000,168.745000
57,283,283,411b962,460051,460377,472378,472478,12.001000,12.327000
57,61,61,403d961,422051,422385,499432,499532,77.047000,77.381000
57,271,271,410f961,498051,498385,513506,513606,15.121000,15.455000
57,211,211,40d3962,315051,315385,558160,558260,242.775000,243.109000
57,217,217,40d9961,406892,407218,579639,579739,172.421000,172.747000
57,157,157,409d961,597051,597385,605826,605926,8.441000,8.775000
58,86,86,4056960,20051,20385,32406,32506,12.021000,12.355000
58,209,209,40d1963,20051,20385,109989,110089,89.604000,89.938000
58,332,332,414c960,53051,53385,121622,121722,68.237000,68.571000
58,89,89,4059963,109051,109385,157372,157472,47.987000,48.321000
58,95,95,405f960,221051,221377,233173,233273,11.796000,12.122000
58,47,47,402f960,174051,174385,344601,344701,170.216000,170.550000
59,86,86,4056960,20051,20385,32402,32501,12.017000,12.351000
59,209,209,40d1963,20051,20385,109985,110085,89.600000,89.934000
59,332,332,414c960,53051,53385,121618,121718,68.233000,68.567000
59,89,89,4059963,109051,109385,157368,157468,47.983000,48.317000
59,95,95,405f960,221051,221377,233173,233273,11.796000,12.122000
59,47,47,402f960,174051,174385,344597,344697,170.212000,170.546000
64,299,299,412b963,94051,94377,115368,115468,20.991000,21.317000
65,299,299,412b963,94051,94377,115368,115468,20.991000,21.317000
65,371,371,4173960,515050,515385,519364,519463,3.979000,4.314000
65,62,62,403e962,612051,612377,624360,624460,11.983000,12.309000
66,287,287,411f960,44015,44341,59828,59928,15.487000,15.813000
66,362,362,416a961,68051,68385,80146,80246,11.761000,12.095000
66,116,116,4074963,75051,75385,84983,85083,9.598000,9.932000
66,2,2,4002961,58051,58385,224195,224295,165.810000,166.144000
66,158,158,409e961,146051,146377,296407,296507,150.030000,150.356000
66,257,257,4101962,302051,302385,326066,326166,23.681000,24.015000
66,35,35,4023962,365051,365377,435747,435847,70.370000,70.696000
66,155,155,409b963,304051,304377,441553,441653,137.176000,137.502000
66,371,371,4173960,515050,515385,521704,521805,6.319000,6.654000
66,62,62,403e962,612051,612377,624374,624474,11.997000,12.323000
67,44,44,402c963,23051,23385,35430,35530,12.045000,12.379000
67,356,356,4164960,30051,30385,48342,48442,17.957000,18.291000
67,287,287,411f960,44015,44341,59828,59928,15.487000,15.813000
67,362,362,416a961,68051,68385,80146,80246,11.761000,12.095000
67,116,116,4074963,75051,75385,84983,85083,9.598000,9.932000
67,17,17,4011963,87051,87385,98033,98133,10.648000,10.982000
67,110,110,406e963,151051,151377,178963,179063,27.586000,27.912000
67,377,377,4179961,183051,183385,198571,198671,15.186000,15.520000
67,2,2,4002961,58051,58385,224171,224271,165.786000,166.120000
67,38,38,4026961,189051,189385,255428,255528,66.043000,66.377000
67,206,206,40ce962,273051,273385,285458,285558,12.073000,12.407000
67,158,158,409e961,146051,146377,296371,296471,149.994000,150.320000
67,257,257,4101962,302051,302385,326042,326142,23.657000,23.991000
67,65,65,4041963,271051,271385,371720,371820,100.335000,100.669000
67,35,35,4023962,365051,365377,435710,435810,70.333000,70.659000
67,155,155,409b963,304051,304377,441478,441578,137.101000,137.427000
67,353,353,4161963,548051,548377,556821,556921,8.444000,8.770000
68,209,209,40d1963,20051,20385,26808,26908,6.423000,6.757000
68,44,44,402c963,23051,23385,39654,39754,16.269000,16.603000
68,356,356,4164960,30051,30385,57878,57978,27.493000,27.827000
68,140,140,408c963,47051,47385,106285,106385,58.900000,59.234000
68,185,185,40b9961,71051,71385,111144,111244,39.759000,40.093000
68,17,17,4011963,87051,87385,166251,166351,78.866000,79.200000
68,110,110,406e963,151051,151377,178946,179046,27.569000,27.895000
68,8,8,4008961,97051,97385,203569,203669,106.184000,106.518000
68,332,332,414c960,53051,53385,260027,260126,206.642000,206.976000
68,206,206,40ce962,273051,273385,285456,285556,12.071000,12.405000
68,161,161,40a1962,210051,210385,291579,291679,81.194000,81.528000
68,377,377,4179961,183051,183385,302947,303047,119.562000,119.896000
68,38,38,4026961,189051,189385,314652,314752,125.267000,125.601000
68,386,386,4182961,233051,233377,339859,339959,106.482000,106.808000
68,284,284,411c962,193675,194001,356085,356185,162.084000,162.410000
68,224,224,40e0962,316051,316385,363931,364031,47.546000,47.880000
68,317,317,413d962,359051,359377,369726,369826,10.349000,10.675000
68,164,164,40a4962,204051,204377,375444,375544,171.067000,171.393000
68,47,47,402f960,174051,174385,415100,415200,240.715000,241.049000
68,65,65,4041963,271051,271385,433966,434066,162.581000,162.915000
68,353,353,4161963,548051,548377,556923,557023,8.546000,8.872000
68,200,200,40c8960,623051,623385,640766,640866,17.381000,17.715000
68,278,278,4116962,721051,721377,733399,733499,12.022000,12.348000
69,209,209,40d1963,20051,20385,26808,26908,6.423000,6.757000
69,140,140,408c963,47051,47385,106285,106385,58.900000,59.234000
69,185,185,40b9961,71051,71385,111144,111244,39.759000,40.093000
69,8,8,4008961,97051,97385,203644,203744,106.259000,106.593000
69,332,332,414c960,53051,53385,260012,260112,206.627000,206.961000
69,161,161,40a1962,210051,210385,291580,291680,81.195000,81.529000
69,386,386,4182961,233051,233377,339910,340010,106.533000,106.859000
69,284,284,411c962,193675,194001,356109,356209,162.108000,162.434000
69,224,224,40e0962,316051,316385,363967,364067,47.582000,47.916000
69,317,317,413d962,359051,359377,369750,369850,10.373000,10.699000
69,164,164,40a4962,204051,204377,375480,375580,171.103000,171.429000
69,248,248,40f8962,284051,284385,381263,381363,96.878000,97.212000
69,47,47,402f960,174051,174385,415137,415237,240.752000,241.086000
69,380,380,417c961,302051,302377,427985,428085,125.608000,125.934000
69,11,11,400b961,383051,383385,448760,448860,65.375000,65.709000
69,314,314,413a961,530051,530377,538692,538792,8.315000,8.641000
69,200,200,40c8960,623051,623385,640817,640917,17.432000,17.766000
69,278,278,4116962,721051,721377,733400,733500,12.023000,12.349000
70,209,209,40d1963,20051,20385,26808,26908,6.423000,6.757000
70,223,223,40df962,22051,22385,31299,31399,8.914000,9.248000
70,28,28,401c960,25051,25385,36136,36236,10.751000,11.085000
70,235,235,40eb960,37051,37385,43715,43815,6.330000,6.664000
70,112,112,4070963,34051,34385,49469,49569,15.084000,15.418000
70,19,19,4013963,71051,71377,104427,104527,33.050000,33.376000
70,140,140,408c963,47051,47385,108913,109013,61.528000,61.862000
70,43,43,402b962,107051,107385,119856,119956,12.471000,12.805000
70,175,175,40af962,84051,84385,154463,154563,70.078000,70.412000
70,1,1,4001963,41051,41385,160257,160357,118.872000,119.206000
70,245,245,40f5961,107051,107385,166042,166142,58.657000,58.991000
70,98,98,4062962,162051,162377,183253,183353,20.876000,21.202000
70,8,8,4008961,97051,97385,203629,203729,106.244000,106.578000
70,130,130,4082962,138051,138385,211754,211854,73.369000,73.703000
70,106,106,406a961,243051,243385,256779,256879,13.394000,13.728000
70,332,332,414c960,53051,53385,261832,261931,208.447000,208.781000
70,373,373,4175963,127051,127385,271180,271280,143.795000,144.129000
70,16,16,4010962,239051,239385,276990,277090,37.605000,37.939000
70,161,161,40a1962,210051,210385,291554,291654,81.169000,81.503000
70,91,91,405b960,294051,294377,300625,300725,6.248000,6.574000
70,334,334,414e963,172051,172385,308561,308661,136.176000,136.510000
70,10,10,400a960,305051,305385,314325,314425,8.940000,9.274000
70,31,31,401f960,153051,153385,320192,320292,166.807000,167.141000
70,79,79,404f961,128051,128384,329528,329628,201.144000,201.477000
70,301,301,412d960,312051,312377,334091,334191,21.714000,22.040000
70,259,259,4103963,126051,126385,339076,339176,212.691000,213.025000
70,253,253,40fd960,115051,115385,348424,348524,233.039000,233.373000
70,211,211,40d3962,315051,315385,352933,353033,37.548000,37.882000
70,224,224,40e0962,316051,316385,373137,373237,56.752000,57.086000
70,248,248,40f8962,284051,284385,378905,379005,94.520000,94.854000
70,397,397,418d962,77051,77377,388980,389080,311.603000,311.929000
70,68,68,4044960,385051,385385,404189,404289,18.804000,19.138000
70,349,349,415d960,345051,345385,413601,413701,68.216000,68.550000
70,121,121,4079962,205051,205377,418629,418729,213.252000,213.578000
70,47,47,402f960,174051,174385,428021,428121,253.636000,253.970000
70,380,380,417c961,302051,302377,433830,433930,131.453000,131.779000
70,11,11,400b961,383051,383385,448786,448886,65.401000,65.735000
70,383,383,417f961,253051,253385,454682,454782,201.297000,201.631000
70,109,109,406d961,264871,265197,466271,466371,201.074000,201.400000
70,283,283,411b962,460051,460377,472080,472180,11.703000,12.029000
70,271,271,410f961,498051,498385,504765,504865,6.380000,6.714000
70,238,238,40ee961,288051,288377,519329,519429,230.952000,231.278000
70,203,203,40cb960,465051,465377,531101,531201,65.724000,66.050000
70,314,314,413a961,530051,530377,538763,538863,8.386000,8.712000
70,157,157,409d961,597051,597385,609376,609476,11.991000,12.325000
71,209,209,40d1963,20051,20385,26808,26908,6.423000,6.757000
71,223,223,40df962,22051,22385,31300,31400,8.915000,9.249000
71,28,28,401c960,25051,25385,36137,36237,10.752000,11.086000
71,235,235,40eb960,37051,37385,43715,43815,6.330000,6.664000
71,112,112,4070963,34051,34385,49469,49569,15.084000,15.418000
71,90,90,405a961,40051,40385,55248,55348,14.863000,15.197000
71,225,225,40e1962,29051,29385,79263,79363,49.878000,50.212000
71,219,219,40db960,50051,50377,87094,87194,36.717000,37.043000
71,327,327,4147960,82051,82385,92879,92979,10.494000,10.828000
71,381,381,417d962,32050,32385,98655,98755,66.270000,66.605000
71,19,19,4013963,71051,71377,104440,104540,33.063000,33.389000
71,140,140,408c963,47051,47385,108950,109050,61.565000,61.899000
71,390,390,4186960,92051,92377,114110,114210,21.733000,22.059000
71,43,43,402b962,107051,107385,119856,119956,12.471000,12.805000
71,336,336,4150960,90051,90385,125615,125715,35.230000,35.564000
71,147,147,4093963,118051,118377,137109,137209,18.732000,19.058000
71,237,237,40ed963,66051,66385,142868,142968,76.483000,76.817000
71,175,175,40af962,84051,84385,154412,154512,70.027000,70.361000
71,1,1,4001963,41051,41385,160256,160356,118.871000,119.205000
71,245,245,40f5961,107051,107385,165991,166091,58.606000,58.940000
71,123,123,407b960,143051,143385,171814,171914,28.429000,28.763000
71,98,98,4062962,162051,162377,183253,183353,20.876000,21.202000
71,0,0,4000963,147051,147385,194985,195085,47.600000,47.934000
71,306,306,4132962,197051,197385,201341,201441,3.956000,4.290000
71,8,8,4008961,97051,97385,205994,206094,108.609000,108.943000
71,130,130,4082962,138051,138385,211776,211876,73.391000,73.725000
71,162,162,40a2961,93051,93385,226009,226109,132.624000,132.958000
71,99,99,4063961,85051,85385,250237,250337,164.852000,165.186000
71,399,399,418f961,243051,243385,256063,256162,12.678000,13.012000
71,106,106,406a961,243051,243385,260573,260673,17.188000,17.522000
71,332,332,414c960,53051,53385,265443,265543,212.058000,212.392000
71,373,373,4175963,127051,127385,271218,271318,143.833000,144.167000
71,16,16,4010962,239051,239385,277014,277114,37.629000,37.963000
71,161,161,40a1962,210051,210385,291605,291705,81.220000,81.554000
71,91,91,405b960,294051,294377,300747,300847,6.370000,6.696000
71,334,334,414e963,172051,172385,308621,308721,136.236000,136.570000
71,10,10,400a960,305051,305385,314447,314547,9.062000,9.396000
71,183,183,40b7962,279051,279377,318957,319057,39.580000,39.906000
71,31,31,401f960,153051,153385,323827,323927,170.442000,170.776000
71,207,207,40cf961,310051,310385,328384,328484,17.999000,18.333000
71,79,79,404f961,128051,128384,333307,333407,204.923000,205.256000
71,301,301,412d960,312051,312377,337817,337917,25.440000,25.766000
71,259,259,4103963,126051,126385,342687,342787,216.302000,216.636000
71,105,105,4069960,318051,318385,347244,347344,28.859000,29.193000
71,253,253,40fd960,115051,115385,352167,352267,236.782000,237.116000
71,211,211,40d3962,315051,315385,356677,356777,41.292000,41.626000
71,174,174,40ae963,173051,173385,362275,362375,188.890000,189.224000
71,210,210,40d2962,287051,287377,367132,367232,79.755000,80.081000
71,224,224,40e0962,316051,316385,373208,373308,56.823000,57.157000
71,87,87,4057963,176051,176377,377718,377818,201.341000,201.667000
71,397,397,418d962,77051,77377,388990,389090,311.613000,311.939000
71,63,63,403f961,292051,292377,393847,393947,101.470000,101.796000
71,375,375,4177962,353051,353377,399875,399975,46.498000,46.824000
71,68,68,4044960,385051,385385,404407,404507,19.022000,19.356000
71,81,81,4051961,166051,166385,409255,409355,242.870000,243.204000
71,349,349,415d960,345051,345385,413842,413942,68.457000,68.791000
71,121,121,4079962,205051,205377,418735,418835,213.358000,213.684000
71,47,47,402f960,174051,174385,428044,428144,253.659000,253.993000
71,383,383,417f961,253051,253385,454729,454829,201.344000,201.678000
71,109,109,406d961,264871,265197,466294,466394,201.097000,201.423000
71,283,283,411b962,460051,460377,472127,472227,11.750000,12.076000
71,270,270,410e962,477051,477377,490367,490467,12.990000,13.316000
71,75,75,404b963,179051,179377,496370,496470,316.993000,317.319000
71,271,271,410f961,498051,498385,504788,504888,6.403000,6.737000
71,238,238,40ee961,288051,288377,519376,519476,230.999000,231.325000
71,203,203,40cb960,465051,465377,531124,531224,65.747000,66.073000
71,297,297,4129963,493051,493377,543012,543112,49.635000,49.961000
71,157,157,409d961,597051,597385,609384,609484,11.999000,12.333000
71,357,357,4165962,615051,615377,627203,627303,11.826000,12.152000
71,321,321,4141961,693051,693377,705358,705458,11.981000,12.307000
71,186,186,40ba960,771051,771377,779914,780014,8.537000,8.863000
71,396,396,418c960,856051,856385,864952,865052,8.567000,8.901000
71,354,354,4162961,1021051,1021385,1033362,1033462,11.977000,12.311000
72,112,112,4070963,34051,34385,42941,43041,8.556000,8.890000
72,28,28,401c960,25051,25385,48628,48728,23.243000,23.577000
72,1,1,4001963,41051,41385,54389,54489,13.004000,13.338000
72,235,235,40eb960,37051,37385,60098,60198,22.713000,23.047000
72,223,223,40df962,22051,22385,65859,65959,43.474000,43.808000
72,381,381,417d962,32050,32385,77330,77430,44.945000,45.280000
72,19,19,4013963,71051,71377,83115,83215,11.738000,12.064000
72,219,219,40db960,50051,50377,88857,88957,38.480000,38.806000
72,175,175,40af962,84051,84385,94642,94742,10.257000,10.591000
72,90,90,405a961,40051,40385,100384,100484,59.999000,60.333000
72,8,8,4008961,97051,97385,106169,106269,8.784000,9.118000
72,390,390,4186960,92051,92377,111911,112011,19.534000,19.860000
72,209,209,40d1963,20051,20385,117696,117796,97.311000,97.645000
72,237,237,40ed963,66051,66385,123438,123538,57.053000,57.387000
72,26,26,401a962,47051,47385,129223,129323,81.838000,82.172000
72,43,43,402b962,107051,107385,134965,135065,27.580000,27.914000
72,259,259,4103963,126051,126385,139498,139598,13.113000,13.447000
72,149,149,4095962,130039,130366,144371,144471,14.005000,14.332000
72,147,147,4093963,118051,118377,150152,150252,31.775000,32.101000
72,0,0,4000963,147051,147385,155970,156070,8.585000,8.919000
72,140,140,408c963,47051,47385,177123,177223,129.738000,130.072000
72,336,336,4150960,90051,90385,182929,183029,92.544000,92.878000
72,334,334,414e963,172051,172385,187415,187515,15.030000,15.364000
72,87,87,4057963,176051,176377,192285,192385,15.908000,16.234000
72,123,123,407b960,143051,143385,198373,198473,54.988000,55.322000
72,23,23,4017960,148051,148385,204311,204411,55.926000,56.260000
72,174,174,40ae963,173051,173385,208844,208944,35.459000,35.793000
72,332,332,414c960,53051,53385,213707,213807,160.322000,160.656000
72,306,306,4132962,197051,197385,218193,218293,20.808000,21.142000
72,327,327,4147960,82051,82385,223046,223146,140.661000,140.995000
72,399,399,418f961,243051,243385,253700,253800,10.315000,10.649000
72,16,16,4010962,239051,239385,271160,271260,31.775000,32.109000
72,99,99,4063961,85051,85385,282385,282485,197.000000,197.334000
72,373,373,4175963,127051,127385,288469,288569,161.084000,161.418000
72,79,79,404f961,128051,128384,294237,294337,165.853000,166.186000
72,106,106,406a961,243051,243385,306080,306180,62.695000,63.029000
72,130,130,4082962,138051,138385,317641,317741,179.256000,179.590000
72,183,183,40b7962,279051,279377,323467,323567,44.090000,44.416000
72,207,207,40cf961,310051,310385,328000,328100,17.615000,17.949000
72,162,162,40a2961,93051,93385,332863,332963,239.478000,239.812000
72,10,10,400a960,305051,305385,338691,338791,33.306000,33.640000
72,161,161,40a1962,210051,210385,344447,344547,134.062000,134.396000
72,105,105,4069960,318051,318385,353922,354022,35.537000,35.871000
72,397,397,418d962,77051,77377,359704,359804,282.327000,282.653000
72,121,121,4079962,205051,205377,364212,364312,158.835000,159.161000
72,253,253,40fd960,115051,115385,369065,369165,253.680000,254.014000
72,31,31,401f960,153051,153385,374885,374985,221.500000,221.834000
72,224,224,40e0962,316051,316385,380674,380774,64.289000,64.623000
72,210,210,40d2962,287051,287377,386442,386542,99.065000,99.391000
72,350,350,415e960,325051,325385,398053,398153,72.668000,73.002000
72,375,375,4177962,353051,353377,403841,403941,50.464000,50.790000
72,63,63,403f961,292051,292377,409647,409747,117.270000,117.596000
72,47,47,402f960,174051,174385,415435,415535,241.050000,241.384000
72,301,301,412d960,312051,312377,426962,427062,114.585000,114.911000
72,349,349,415d960,345051,345385,432693,432793,87.308000,87.642000
72,75,75,404b963,179051,179377,453147,453247,273.770000,274.096000
72,81,81,4051961,166051,166385,459095,459195,292.710000,293.044000
72,91,91,405b960,294051,294377,463616,463716,169.239000,169.565000
72,238,238,40ee961,288051,288377,468508,468608,180.131000,180.457000
72,283,283,411b962,460051,460377,476382,476482,16.005000,16.331000
72,270,270,410e962,477051,477377,487819,487919,10.442000,10.768000
72,109,109,406d961,264871,265197,493825,493925,228.628000,228.954000
72,271,271,410f961,498051,498385,523101,523201,24.716000,25.050000
72,225,225,40e1962,29051,29385,540374,540474,510.989000,511.323000
72,297,297,4129963,493051,493377,558191,558291,64.814000,65.140000
72,211,211,40d3962,315051,315385,575966,576066,260.581000,260.915000
72,157,157,409d961,597051,597385,605259,605359,7.874000,8.208000
72,357,357,4165962,615051,615377,623835,623935,8.458000,8.784000
72,321,321,4141961,693051,693377,701956,702056,8.579000,8.905000
72,186,186,40ba960,771051,771377,783460,783560,12.083000,12.409000
72,152,152,4098961,795051,795377,807430,807530,12.053000,12.379000
72,396,396,418c960,856051,856385,868488,868588,12.103000,12.437000
72,354,354,4162961,1021051,1021385,1030013,1030113,8.628000,8.962000
72,374,374,4176960,1041051,1041377,1053407,1053507,12.030000,12.356000
73,112,112,4070963,34051,34385,42941,43041,8.556000,8.890000
73,28,28,401c960,25051,25385,48628,48728,23.243000,23.577000
73,1,1,4001963,41051,41385,54389,54489,13.004000,13.338000
73,235,235,40eb960,37051,37385,60098,60198,22.713000,23.047000
73,223,223,40df962,22051,22385,65859,65959,43.474000,43.808000
73,19,19,4013963,71051,71377,83064,83164,11.687000,12.013000
73,175,175,40af962,84051,84385,94642,94742,10.257000,10.591000
73,8,8,4008961,97051,97385,106118,106218,8.733000,9.067000
73,209,209,40d1963,20051,20385,117696,117796,97.311000,97.645000
73,26,26,401a962,47051,47385,129171,129271,81.786000,82.120000
73,43,43,402b962,107051,107385,134964,135064,27.579000,27.913000
73,259,259,4103963,126051,126385,139456,139556,13.071000,13.405000
73,149,149,4095962,130039,130366,144293,144393,13.927000,14.254000
73,242,242,40f2963,69051,69385,161738,161838,92.353000,92.687000
73,239,239,40ef963,38992,39318,167468,167568,128.150000,128.476000
73,140,140,408c963,47051,47385,177110,177210,129.725000,130.059000
73,334,334,414e963,172051,172385,184217,184317,11.832000,12.166000
73,302,302,412e961,188051,188385,198140,198240,9.755000,10.089000
73,23,23,4017960,148051,148385,204319,204419,55.934000,56.268000
73,332,332,414c960,53051,53385,213639,213739,160.254000,160.588000
73,16,16,4010962,239051,239385,271168,271268,31.783000,32.117000
73,373,373,4175963,127051,127385,288469,288569,161.084000,161.418000
73,79,79,404f961,128051,128384,294237,294337,165.853000,166.186000
73,106,106,406a961,243051,243385,306080,306180,62.695000,63.029000
73,14,14,400e961,107051,107385,311868,311968,204.483000,204.817000
73,130,130,4082962,138051,138385,317685,317785,179.300000,179.634000
73,10,10,400a960,305051,305385,338663,338763,33.278000,33.612000
73,176,176,40b0961,250051,250377,343185,343285,92.808000,93.134000
73,161,161,40a1962,210051,210385,348107,348207,137.722000,138.056000
73,397,397,418d962,77051,77377,359704,359804,282.327000,282.653000
73,121,121,4079962,205051,205377,364213,364313,158.836000,159.162000
73,253,253,40fd960,115051,115385,369066,369166,253.681000,254.015000
73,31,31,401f960,153051,153385,374885,374985,221.500000,221.834000
73,224,224,40e0962,316051,316385,380674,380774,64.289000,64.623000
73,146,146,4092963,87051,87385,392236,392336,304.851000,305.185000
73,350,350,415e960,325051,325385,398053,398153,72.668000,73.002000
73,47,47,402f960,174051,174385,415435,415535,241.050000,241.384000
73,301,301,412d960,312051,312377,426962,427062,114.585000,114.911000
73,349,349,415d960,345051,345385,432693,432793,87.308000,87.642000
73,91,91,405b960,294051,294377,462700,462800,168.323000,168.649000
73,238,238,40ee961,288051,288377,467592,467692,179.215000,179.541000
73,283,283,411b962,460051,460377,476382,476482,16.005000,16.331000
73,109,109,406d961,264871,265197,493881,493981,228.684000,229.010000
73,271,271,410f961,498051,498385,523045,523145,24.660000,24.994000
73,211,211,40d3962,315051,315385,575970,576070,260.585000,260.919000
73,157,157,409d961,597051,597385,605255,605355,7.870000,8.204000
73,215,215,40d7960,615051,615385,629807,629907,14.422000,14.756000
73,152,152,4098961,795051,795377,807374,807474,11.997000,12.323000
73,374,374,4176960,1041051,1041377,1053411,1053511,12.034000,12.360000
74,8,8,4008961,97051,97385,103720,103820,6.335000,6.669000
74,209,209,40d1963,20051,20385,109418,109518,89.033000,89.367000
74,398,398,418e961,138051,138385,146950,147050,8.565000,8.899000
74,242,242,40f2963,69051,69385,159471,159571,90.086000,90.420000
74,239,239,40ef963,38992,39318,165506,165606,126.188000,126.514000
74,140,140,408c963,47051,47385,177065,177165,129.680000,130.014000
74,302,302,412e961,188051,188385,196938,197038,8.553000,8.887000
74,236,236,40ec963,100051,100377,203943,204043,103.566000,103.892000
74,332,332,414c960,53051,53385,215478,215578,162.093000,162.427000
74,14,14,400e961,107051,107385,311489,311589,204.104000,204.438000
74,176,176,40b0961,250051,250377,341093,341193,90.716000,91.042000
74,161,161,40a1962,210051,210385,345956,346056,135.571000,135.905000
74,224,224,40e0962,316051,316385,359975,360075,43.590000,43.924000
74,146,146,4092963,87051,87385,380867,380967,293.482000,293.816000
74,47,47,402f960,174051,174385,409702,409802,235.317000,235.651000
74,107,107,406b962,400051,400385,458675,458775,58.290000,58.624000
74,251,251,40fb961,479051,479377,487968,488068,8.591000,8.917000
74,215,215,40d7960,615051,615385,629769,629869,14.384000,14.718000
74,281,281,4119961,731051,731385,739858,739958,8.473000,8.807000
75,134,134,4086961,25051,25385,31712,31812,6.327000,6.661000
75,8,8,4008961,97051,97385,103721,103821,6.336000,6.670000
75,209,209,40d1963,20051,20385,109469,109569,89.084000,89.418000
75,122,122,407a962,98051,98385,131578,131678,33.193000,33.527000
75,398,398,418e961,138051,138385,146987,147087,8.602000,8.936000
75,140,140,408c963,47051,47385,177140,177240,129.755000,130.089000
75,275,275,4113963,107051,107385,188714,188814,81.329000,81.663000
75,236,236,40ec963,100051,100377,203933,204033,103.556000,103.882000
75,119,119,4077962,98051,98385,209681,209781,111.296000,111.630000
75,332,332,414c960,53051,53385,215460,215560,162.075000,162.409000
75,161,161,40a1962,210051,210385,344135,344235,133.750000,134.084000
75,179,179,40b3961,226051,226385,351738,351838,125.353000,125.687000
75,224,224,40e0962,316051,316385,359890,359990,43.505000,43.839000
75,47,47,402f960,174051,174385,409656,409756,235.271000,235.605000
75,233,233,40e9961,347051,347385,447143,447243,99.758000,100.092000
75,107,107,406b962,400051,400385,458633,458733,58.248000,58.582000
75,251,251,40fb961,479051,479377,487883,487983,8.506000,8.832000
75,296,296,4128962,423051,423377,505390,505490,82.013000,82.339000
75,281,281,4119961,731051,731385,739825,739925,8.440000,8.774000
76,134,134,4086961,25051,25385,38775,38875,13.390000,13.724000
76,119,119,4077962,98051,98385,106810,106910,8.425000,8.759000
76,122,122,407a962,98051,98385,140925,141025,42.540000,42.874000
76,275,275,4113963,107051,107385,163931,164031,56.546000,56.880000
76,179,179,40b3961,226051,226385,305604,305704,79.219000,79.553000
76,272,272,4110961,323051,323385,362428,362528,39.043000,39.377000
76,233,233,40e9961,347051,347385,409286,409386,61.901000,62.235000
76,296,296,4128962,423051,423377,458690,458790,35.313000,35.639000
77,32,32,4020961,54051,54385,116422,116522,62.037000,62.371000
77,101,101,4065960,255051,255385,265206,265306,9.821000,10.155000
77,365,365,416d960,324051,324377,355818,355918,31.441000,31.767000
77,272,272,4110961,323051,323385,362428,362528,39.043000,39.377000
77,269,269,410d960,382051,382385,517102,517202,134.717000,135.051000
77,389,389,4185963,604051,604385,612860,612960,8.475000,8.809000
77,323,323,4143960,889051,889385,901343,901443,11.958000,12.292000
78,32,32,4020961,54051,54385,116422,116522,62.037000,62.371000
78,191,191,40bf963,143051,143385,180288,180388,36.903000,37.237000
78,101,101,4065960,255051,255385,265169,265269,9.784000,10.118000
78,365,365,416d960,324051,324377,355782,355882,31.405000,31.731000
78,269,269,410d960,382051,382385,517127,517227,134.742000,135.076000
78,389,389,4185963,604051,604385,612802,612902,8.417000,8.751000
78,194,194,40c2960,688051,688377,700363,700463,11.986000,12.312000
78,323,323,4143960,889051,889385,901318,901418,11.933000,12.267000
79,191,191,40bf963,143051,143385,180339,180439,36.954000,37.288000
79,194,194,40c2960,688051,688377,700387,700487,12.010000,12.336000
80,299,299,412b963,94051,94377,115372,115472,20.995000,21.321000
81,299,299,412b963,94051,94377,115368,115468,20.991000,21.317000
81,371,371,4173960,515050,515385,519364,519463,3.979000,4.314000
81,62,62,403e962,612051,612377,624360,624460,11.983000,12.309000
82,287,287,411f960,44015,44341,59832,59932,15.491000,15.817000
82,362,362,416a961,68051,68385,80146,80246,11.761000,12.095000
82,116,116,4074963,75051,75385,84987,85087,9.602000,9.936000
82,2,2,4002961,58051,58385,224199,224299,165.814000,166.148000
82,158,158,409e961,146051,146377,296411,296511,150.034000,150.360000
82,257,257,4101962,302051,302385,326070,326170,23.685000,24.019000
82,35,35,4023962,365051,365377,435751,435851,70.374000,70.700000
82,155,155,409b963,304051,304377,441557,441657,137.180000,137.506000
82,371,371,4173960,515050,515385,521708,521809,6.323000,6.658000
82,62,62,403e962,612051,612377,624378,624478,12.001000,12.327000
83,44,44,402c963,23051,23385,35430,35530,12.045000,12.379000
83,356,356,4164960,30051,30385,48342,48442,17.957000,18.291000
83,287,287,411f960,44015,44341,59828,59928,15.487000,15.813000
83,362,362,416a961,68051,68385,80146,80246,11.761000,12.095000
83,116,116,4074963,75051,75385,84982,85082,9.597000,9.931000
83,17,17,4011963,87051,87385,98033,98133,10.648000,10.982000
83,110,110,406e963,151051,151377,178963,179063,27.586000,27.912000
83,377,377,4179961,183051,183385,198571,198671,15.186000,15.520000
83,2,2,4002961,58051,58385,224171,224271,165.786000,166.120000
83,38,38,4026961,189051,189385,255428,255528,66.043000,66.377000
83,206,206,40ce962,273051,273385,285458,285558,12.073000,12.407000
83,158,158,409e961,146051,146377,296371,296471,149.994000,150.320000
83,257,257,4101962,302051,302385,326042,326142,23.657000,23.991000
83,65,65,4041963,271051,271385,371720,371820,100.335000,100.669000
83,35,35,4023962,365051,365377,435710,435810,70.333000,70.659000
83,155,155,409b963,304051,304377,441478,441578,137.101000,137.427000
83,353,353,4161963,548051,548377,556821,556921,8.444000,8.770000
84,44,44,402c963,23051,23385,39709,39809,16.324000,16.658000
84,356,356,4164960,30051,30385,57883,57983,27.498000,27.832000
84,266,266,410a961,44051,44385,73505,73605,29.120000,29.454000
84,140,140,408c963,47051,47385,106285,106385,58.900000,59.234000
84,185,185,40b9961,71051,71385,111148,111248,39.763000,40.097000
84,104,104,4068961,56051,56377,148744,148844,92.367000,92.693000
84,17,17,4011963,87051,87385,166268,166368,78.883000,79.217000
84,110,110,406e963,151051,151377,178972,179072,27.595000,27.921000
84,8,8,4008961,97051,97385,203624,203724,106.239000,106.573000
84,293,293,4125963,232051,232385,244437,244537,12.052000,12.386000
84,206,206,40ce962,273051,273385,285459,285559,12.074000,12.408000
84,161,161,40a1962,210051,210385,291540,291640,81.155000,81.489000
84,377,377,4179961,183051,183385,302912,303012,119.527000,119.861000
84,38,38,4026961,189051,189385,314643,314743,125.258000,125.592000
84,341,341,4155963,239051,239385,335459,335559,96.074000,96.408000
84,386,386,4182961,233051,233377,339966,340066,106.589000,106.915000
84,284,284,411c962,193675,194001,356089,356189,162.088000,162.414000
84,224,224,40e0962,316051,316385,363935,364035,47.550000,47.884000
84,317,317,413d962,359051,359377,369730,369830,10.353000,10.679000
84,164,164,40a4962,204051,204377,375448,375548,171.071000,171.397000
84,212,212,40d4963,66051,66377,387012,387112,320.635000,320.961000
84,20,20,4014962,371051,371377,391504,391604,20.127000,20.453000
84,65,65,4041963,271051,271385,434006,434106,162.621000,162.955000
84,392,392,4188962,475051,475377,483833,483933,8.456000,8.782000
84,353,353,4161963,548051,548377,556912,557012,8.535000,8.861000
84,125,125,407d962,587051,587385,595828,595928,8.443000,8.777000
84,200,200,40c8960,623051,623385,640806,640906,17.421000,17.755000
84,278,278,4116962,721051,721377,733427,733527,12.050000,12.376000
85,266,266,410a961,44051,44385,73501,73601,29.116000,29.450000
85,140,140,408c963,47051,47385,106285,106385,58.900000,59.234000
85,185,185,40b9961,71051,71385,111143,111243,39.758000,40.092000
85,104,104,4068961,56051,56377,148740,148840,92.363000,92.689000
85,8,8,4008961,97051,97385,203605,203705,106.220000,106.554000
85,293,293,4125963,232051,232385,244456,244556,12.071000,12.405000
85,161,161,40a1962,210051,210385,291554,291654,81.169000,81.503000
85,341,341,4155963,239051,239385,335419,335519,96.034000,96.368000
85,386,386,4182961,233051,233377,339979,340079,106.602000,106.928000
85,284,284,411c962,193675,194001,356109,356209,162.108000,162.434000
85,224,224,40e0962,316051,316385,363967,364067,47.582000,47.916000
85,317,317,413d962,359051,359377,369750,369850,10.373000,10.699000
85,164,164,40a4962,204051,204377,375480,375580,171.103000,171.429000
85,248,248,40f8962,284051,284385,381263,381363,96.878000,97.212000
85,212,212,40d4963,66051,66377,386993,387093,320.616000,320.942000
85,20,20,4014962,371051,371377,391524,391624,20.147000,20.473000
85,380,380,417c961,302051,302377,427961,428061,125.584000,125.910000
85,11,11,400b961,383051,383385,448724,448824,65.339000,65.673000
85,392,392,4188962,475051,475377,483805,483905,8.428000,8.754000
85,314,314,413a961,530051,530377,538704,538804,8.327000,8.653000
85,125,125,407d962,587051,587385,595837,595937,8.452000,8.786000
85,200,200,40c8960,623051,623385,640841,640941,17.456000,17.790000
85,278,278,4116962,721051,721377,733436,733536,12.059000,12.385000
86,223,223,40df962,22051,22385,28674,28774,6.289000,6.623000
86,28,28,401c960,25051,25385,33898,33998,8.513000,8.847000
86,235,235,40eb960,37051,37385,43732,43832,6.347000,6.681000
86,266,266,410a961,44051,44385,73517,73617,29.132000,29.466000
86,140,140,408c963,47051,47385,106273,106373,58.888000,59.222000
86,43,43,402b962,107051,107385,119860,119960,12.475000,12.809000
86,104,104,4068961,56051,56377,148707,148807,92.330000,92.656000
86,175,175,40af962,84051,84385,154416,154516,70.031000,70.365000
86,1,1,4001963,41051,41385,160260,160360,118.875000,119.209000
86,245,245,40f5961,107051,107385,165995,166095,58.610000,58.944000
86,98,98,4062962,162051,162377,183308,183408,20.931000,21.257000
86,8,8,4008961,97051,97385,203582,203682,106.197000,106.531000
86,293,293,4125963,232051,232385,244457,244557,12.072000,12.406000
86,106,106,406a961,243051,243385,256739,256840,13.354000,13.688000
86,373,373,4175963,127051,127385,271184,271284,143.799000,144.133000
86,16,16,4010962,239051,239385,276994,277094,37.609000,37.943000
86,161,161,40a1962,210051,210385,291554,291654,81.169000,81.503000
86,10,10,400a960,305051,305385,314329,314429,8.944000,9.278000
86,259,259,4103963,126051,126385,339056,339156,212.671000,213.005000
86,253,253,40fd960,115051,115385,348392,348492,233.007000,233.341000
86,341,341,4155963,239051,239385,357916,358016,118.531000,118.865000
86,224,224,40e0962,316051,316385,373142,373242,56.757000,57.091000
86,248,248,40f8962,284051,284385,378960,379060,94.575000,94.909000
86,212,212,40d4963,66051,66377,384671,384771,318.294000,318.620000
86,397,397,418d962,77051,77377,389205,389305,311.828000,312.154000
86,20,20,4014962,371051,371377,394749,394849,23.372000,23.698000
86,68,68,4044960,385051,385385,404188,404288,18.803000,19.137000
86,349,349,415d960,345051,345385,413550,413650,68.165000,68.499000
86,121,121,4079962,205051,205377,418609,418709,213.232000,213.558000
86,380,380,417c961,302051,302377,433811,433911,131.434000,131.760000
86,11,11,400b961,383051,383385,448805,448905,65.420000,65.754000
86,383,383,417f961,253051,253385,454663,454763,201.278000,201.612000
86,109,109,406d961,264871,265197,466290,466390,201.093000,201.419000
86,392,392,4188962,475051,475377,483785,483885,8.408000,8.734000
86,271,271,410f961,498051,498385,504732,504832,6.347000,6.681000
86,238,238,40ee961,288051,288377,519257,519358,230.880000,231.206000
86,203,203,40cb960,465051,465377,531068,531168,65.691000,66.017000
86,314,314,413a961,530051,530377,538723,538823,8.346000,8.672000
86,125,125,407d962,587051,587385,595845,595945,8.460000,8.794000
87,223,223,40df962,22051,22385,28674,28774,6.289000,6.623000
87,28,28,401c960,25051,25385,33894,33994,8.509000,8.843000
87,235,235,40eb960,37051,37385,43728,43828,6.343000,6.677000
87,90,90,405a961,40051,40385,55248,55348,14.863000,15.197000
87,266,266,410a961,44051,44385,73474,73574,29.089000,29.423000
87,225,225,40e1962,29051,29385,79250,79350,49.865000,50.199000
87,219,219,40db960,50051,50377,87055,87155,36.678000,37.004000
87,327,327,4147960,82051,82385,92866,92966,10.481000,10.815000
87,381,381,417d962,32050,32385,98616,98716,66.231000,66.566000
87,140,140,408c963,47051,47385,106299,106399,58.914000,59.248000
87,390,390,4186960,92051,92377,114110,114210,21.733000,22.059000
87,43,43,402b962,107051,107385,119856,119956,12.471000,12.805000
87,336,336,4150960,90051,90385,125615,125715,35.230000,35.564000
87,147,147,4093963,118051,118377,137109,137209,18.732000,19.058000
87,237,237,40ed963,66051,66385,142868,142968,76.483000,76.817000
87,104,104,4068961,56051,56377,148704,148804,92.327000,92.653000
87,175,175,40af962,84051,84385,154463,154563,70.078000,70.412000
87,1,1,4001963,41051,41385,160257,160357,118.872000,119.206000
87,245,245,40f5961,107051,107385,166042,166142,58.657000,58.991000
87,123,123,407b960,143051,143385,171815,171915,28.430000,28.764000
87,98,98,4062962,162051,162377,183304,183404,20.927000,21.253000
87,0,0,4000963,147051,147385,194986,195086,47.601000,47.935000
87,306,306,4132962,197051,197385,201340,201440,3.955000,4.289000
87,8,8,4008961,97051,97385,206017,206117,108.632000,108.966000
87,162,162,40a2961,93051,93385,226009,226109,132.624000,132.958000
87,293,293,4125963,232051,232385,244461,244561,12.076000,12.410000
87,99,99,4063961,85051,85385,250248,250348,164.863000,165.197000
87,399,399,418f961,243051,243385,256000,256100,12.615000,12.949000
87,106,106,406a961,243051,243385,260561,260661,17.176000,17.510000
87,373,373,4175963,127051,127385,271218,271318,143.833000,144.167000
87,16,16,4010962,239051,239385,277014,277114,37.629000,37.963000
87,161,161,40a1962,210051,210385,291605,291705,81.220000,81.554000
87,10,10,400a960,305051,305385,314447,314547,9.062000,9.396000
87,183,183,40b7962,279051,279377,318956,319056,39.579000,39.905000
87,207,207,40cf961,310051,310385,324555,324655,14.170000,14.504000
87,259,259,4103963,126051,126385,339112,339212,212.727000,213.061000
87,105,105,4069960,318051,318385,343695,343795,25.310000,25.644000
87,253,253,40fd960,115051,115385,348566,348666,233.181000,233.515000
87,341,341,4155963,239051,239385,357960,358060,118.575000,118.909000
87,174,174,40ae963,173051,173385,362516,362616,189.131000,189.465000
87,210,210,40d2962,287051,287377,367438,367538,80.061000,80.387000
87,224,224,40e0962,316051,316385,373197,373297,56.812000,57.146000
87,87,87,4057963,176051,176377,377758,377858,201.381000,201.707000
87,212,212,40d4963,66051,66377,384689,384789,318.312000,318.638000
87,397,397,418d962,77051,77377,389232,389332,311.855000,312.181000
87,63,63,403f961,292051,292377,394088,394188,101.711000,102.037000
87,20,20,4014962,371051,371377,398649,398749,27.272000,27.598000
87,375,375,4177962,353051,353377,403490,403590,50.113000,50.439000
87,68,68,4044960,385051,385385,408033,408133,22.648000,22.982000
87,81,81,4051961,166051,166385,412889,412989,246.504000,246.838000
87,349,349,415d960,345051,345385,417450,417550,72.065000,72.399000
87,121,121,4079962,205051,205377,422291,422391,216.914000,217.240000
87,383,383,417f961,253051,253385,454706,454806,201.321000,201.655000
87,109,109,406d961,264871,265197,466309,466409,201.112000,201.438000
87,392,392,4188962,475051,475377,483828,483928,8.451000,8.777000
87,270,270,410e962,477051,477377,490330,490430,12.953000,13.279000
87,75,75,404b963,179051,179377,496295,496395,316.918000,317.244000
87,271,271,410f961,498051,498385,504751,504851,6.366000,6.700000
87,238,238,40ee961,288051,288377,519300,519401,230.923000,231.249000
87,203,203,40cb960,465051,465377,531087,531187,65.710000,66.036000
87,297,297,4129963,493051,493377,542937,543037,49.560000,49.886000
87,125,125,407d962,587051,587385,595827,595927,8.442000,8.776000
87,357,357,4165962,615051,615377,627215,627315,11.838000,12.164000
87,321,321,4141961,693051,693377,705395,705495,12.018000,12.344000
87,186,186,40ba960,771051,771377,779989,780089,8.612000,8.938000
87,396,396,418c960,856051,856385,864989,865089,8.604000,8.938000
87,354,354,4162961,1021051,1021385,1033436,1033537,12.051000,12.385000
88,28,28,401c960,25051,25385,48683,48783,23.298000,23.632000
88,1,1,4001963,41051,41385,54394,54494,13.009000,13.343000
88,235,235,40eb960,37051,37385,60153,60253,22.768000,23.102000
88,223,223,40df962,22051,22385,65864,65964,43.479000,43.813000
88,266,266,410a961,44051,44385,71623,71723,27.238000,27.572000
88,381,381,417d962,32050,32385,77334,77434,44.949000,45.284000
88,219,219,40db960,50051,50377,88860,88960,38.483000,38.809000
88,175,175,40af962,84051,84385,94595,94695,10.210000,10.544000
88,90,90,405a961,40051,40385,100387,100487,60.002000,60.336000
88,8,8,4008961,97051,97385,106122,106222,8.737000,9.071000
88,390,390,4186960,92051,92377,111914,112014,19.537000,19.863000
88,237,237,40ed963,66051,66385,123442,123542,57.057000,57.391000
88,26,26,401a962,47051,47385,129227,129327,81.842000,82.176000
88,43,43,402b962,107051,107385,134969,135069,27.584000,27.918000
88,259,259,4103963,126051,126385,139503,139603,13.118000,13.452000
88,149,149,4095962,130039,130366,144380,144480,14.014000,14.341000
88,147,147,4093963,118051,118377,150156,150256,31.779000,32.105000
88,0,0,4000963,147051,147385,155974,156074,8.589000,8.923000
88,140,140,408c963,47051,47385,177127,177227,129.742000,130.076000
88,336,336,4150960,90051,90385,182933,183033,92.548000,92.882000
88,87,87,4057963,176051,176377,187744,187844,11.367000,11.693000
88,104,104,4068961,56051,56377,192639,192739,136.262000,136.588000
88,123,123,407b960,143051,143385,198457,198557,55.072000,55.406000
88,23,23,4017960,148051,148385,204347,204447,55.962000,56.296000
88,174,174,40ae963,173051,173385,208856,208956,35.471000,35.805000
88,306,306,4132962,197051,197385,217667,217767,20.282000,20.616000
88,327,327,4147960,82051,82385,222563,222663,140.178000,140.512000
88,293,293,4125963,232051,232385,247867,247967,15.482000,15.816000
88,399,399,418f961,243051,243385,253732,253832,10.347000,10.681000
88,341,341,4155963,239051,239385,259559,259659,20.174000,20.508000
88,16,16,4010962,239051,239385,271200,271300,31.815000,32.149000
88,99,99,4063961,85051,85385,282413,282513,197.028000,197.362000
88,373,373,4175963,127051,127385,288509,288609,161.124000,161.458000
88,212,212,40d4963,66051,66377,300178,300278,233.801000,234.127000
88,106,106,406a961,243051,243385,306120,306220,62.735000,63.069000
88,183,183,40b7962,279051,279377,323503,323603,44.126000,44.452000
88,207,207,40cf961,310051,310385,328012,328112,17.627000,17.961000
88,162,162,40a2961,93051,93385,332899,332999,239.514000,239.848000
88,10,10,400a960,305051,305385,338667,338767,33.282000,33.616000
88,161,161,40a1962,210051,210385,344471,344571,134.086000,134.420000
88,105,105,4069960,318051,318385,353898,353998,35.513000,35.847000
88,397,397,418d962,77051,77377,359728,359828,282.351000,282.677000
88,121,121,4079962,205051,205377,364262,364362,158.885000,159.211000
88,253,253,40fd960,115051,115385,369151,369251,253.766000,254.100000
88,224,224,40e0962,316051,316385,380714,380814,64.329000,64.663000
88,210,210,40d2962,287051,287377,386470,386570,99.093000,99.419000
88,350,350,415e960,325051,325385,398093,398193,72.708000,73.042000
88,375,375,4177962,353051,353377,403869,403969,50.492000,50.818000
88,63,63,403f961,292051,292377,409687,409787,117.310000,117.636000
88,20,20,4014962,371051,371377,421205,421305,49.828000,50.154000
88,349,349,415d960,345051,345385,432777,432877,87.392000,87.726000
88,75,75,404b963,179051,179377,453183,453283,273.806000,274.132000
88,81,81,4051961,166051,166385,459179,459279,292.794000,293.128000
88,238,238,40ee961,288051,288377,465105,465205,176.728000,177.054000
88,270,270,410e962,477051,477377,487823,487923,10.446000,10.772000
88,109,109,406d961,264871,265197,493829,493929,228.632000,228.958000
88,392,392,4188962,475051,475377,499700,499800,24.323000,24.649000
88,271,271,410f961,498051,498385,523049,523149,24.664000,24.998000
88,225,225,40e1962,29051,29385,540382,540482,510.997000,511.331000
88,297,297,4129963,493051,493377,558139,558239,64.762000,65.088000
88,125,125,407d962,587051,587385,599483,599583,12.098000,12.432000
88,357,357,4165962,615051,615377,623839,623939,8.462000,8.788000
88,321,321,4141961,693051,693377,701960,702060,8.583000,8.909000
88,186,186,40ba960,771051,771377,783464,783564,12.087000,12.413000
88,152,152,4098961,795051,795377,807434,807534,12.057000,12.383000
88,396,396,418c960,856051,856385,868492,868592,12.107000,12.441000
88,354,354,4162961,1021051,1021385,1030017,1030117,8.632000,8.966000
88,374,374,4176960,1041051,1041377,1053411,1053511,12.034000,12.360000
89,28,28,401c960,25051,25385,48679,48779,23.294000,23.628000
89,1,1,4001963,41051,41385,54390,54490,13.005000,13.339000
89,235,235,40eb960,37051,37385,60149,60249,22.764000,23.098000
89,223,223,40df962,22051,22385,65860,65960,43.475000,43.809000
89,266,266,410a961,44051,44385,71619,71719,27.234000,27.568000
89,175,175,40af962,84051,84385,94591,94691,10.206000,10.540000
89,8,8,4008961,97051,97385,106169,106269,8.784000,9.118000
89,26,26,401a962,47051,47385,129171,129271,81.786000,82.120000
89,43,43,402b962,107051,107385,134964,135064,27.579000,27.913000
89,259,259,4103963,126051,126385,139455,139555,13.070000,13.404000
89,149,149,4095962,130039,130366,144291,144391,13.925000,14.252000
89,242,242,40f2963,69051,69385,161738,161838,92.353000,92.687000
89,239,239,40ef963,38992,39318,167468,167568,128.150000,128.476000
89,140,140,408c963,47051,47385,177110,177210,129.725000,130.059000
89,104,104,4068961,56051,56377,188710,188810,132.333000,132.659000
89,302,302,412e961,188051,188385,198177,198277,9.792000,10.126000
89,23,23,4017960,148051,148385,204347,204447,55.962000,56.296000
89,293,293,4125963,232051,232385,247863,247963,15.478000,15.812000
89,341,341,4155963,239051,239385,259611,259710,20.226000,20.560000
89,16,16,4010962,239051,239385,271192,271292,31.807000,32.141000
89,373,373,4175963,127051,127385,288505,288605,161.120000,161.454000
89,212,212,40d4963,66051,66377,300174,300274,233.797000,234.123000
89,106,106,406a961,243051,243385,306116,306216,62.731000,63.065000
89,14,14,400e961,107051,107385,311892,311992,204.507000,204.841000
89,10,10,400a960,305051,305385,338691,338791,33.306000,33.640000
89,176,176,40b0961,250051,250377,343200,343300,92.823000,93.149000
89,161,161,40a1962,210051,210385,348041,348141,137.656000,137.990000
89,397,397,418d962,77051,77377,359724,359824,282.347000,282.673000
89,121,121,4079962,205051,205377,364257,364357,158.880000,159.206000
89,253,253,40fd960,115051,115385,369141,369241,253.756000,254.090000
89,224,224,40e0962,316051,316385,380710,380810,64.325000,64.659000
89,146,146,4092963,87051,87385,392260,392360,304.875000,305.209000
89,350,350,415e960,325051,325385,398089,398189,72.704000,73.038000
89,20,20,4014962,371051,371377,421201,421301,49.824000,50.150000
89,349,349,415d960,345051,345385,432773,432873,87.388000,87.722000
89,238,238,40ee961,288051,288377,465101,465201,176.724000,177.050000
89,109,109,406d961,264871,265197,493881,493981,228.684000,229.010000
89,392,392,4188962,475051,475377,499692,499792,24.315000,24.641000
89,271,271,410f961,498051,498385,523101,523201,24.716000,25.050000
89,125,125,407d962,587051,587385,599423,599523,12.038000,12.372000
89,215,215,40d7960,615051,615385,629807,629907,14.422000,14.756000
89,152,152,4098961,795051,795377,807374,807474,11.997000,12.323000
89,374,374,4176960,1041051,1041377,1053411,1053511,12.034000,12.360000
90,266,266,410a961,44051,44385,65844,65944,21.459000,21.793000
90,8,8,4008961,97051,97385,103725,103825,6.340000,6.674000
90,398,398,418e961,138051,138385,146954,147054,8.569000,8.903000
90,242,242,40f2963,69051,69385,159475,159575,90.090000,90.424000
90,239,239,40ef963,38992,39318,165510,165610,126.192000,126.518000
90,140,140,408c963,47051,47385,177069,177169,129.684000,130.018000
90,104,104,4068961,56051,56377,182925,183025,126.548000,126.874000
90,302,302,412e961,188051,188385,196920,197020,8.535000,8.869000
90,236,236,40ec963,100051,100377,203955,204055,103.578000,103.904000
90,293,293,4125963,232051,232385,247899,247999,15.514000,15.848000
90,341,341,4155963,239051,239385,259524,259624,20.139000,20.473000
90,212,212,40d4963,66051,66377,300147,300247,233.770000,234.096000
90,14,14,400e961,107051,107385,311501,311601,204.116000,204.450000
90,176,176,40b0961,250051,250377,341054,341154,90.677000,91.003000
90,161,161,40a1962,210051,210385,345980,346080,135.595000,135.929000
90,224,224,40e0962,316051,316385,359923,360023,43.538000,43.872000
90,146,146,4092963,87051,87385,380875,380975,293.490000,293.824000
90,20,20,4014962,371051,371377,415513,415613,44.136000,44.462000
90,107,107,406b962,400051,400385,458683,458783,58.298000,58.632000
90,251,251,40fb961,479051,479377,487916,488016,8.539000,8.865000
90,392,392,4188962,475051,475377,499356,499456,23.979000,24.305000
90,125,125,407d962,587051,587385,599440,599540,12.055000,12.389000
90,215,215,40d7960,615051,615385,629829,629929,14.444000,14.778000
90,281,281,4119961,731051,731385,739858,739958,8.473000,8.807000
91,134,134,4086961,25051,25385,31712,31812,6.327000,6.661000
91,266,266,410a961,44051,44385,65789,65889,21.404000,21.738000
91,8,8,4008961,97051,97385,103720,103820,6.335000,6.669000
91,122,122,407a962,98051,98385,131578,131678,33.193000,33.527000
91,398,398,418e961,138051,138385,146987,147087,8.602000,8.936000
91,140,140,408c963,47051,47385,177140,177240,129.755000,130.089000
91,104,104,4068961,56051,56377,182958,183058,126.581000,126.907000
91,275,275,4113963,107051,107385,188753,188853,81.368000,81.702000
91,236,236,40ec963,100051,100377,203946,204046,103.569000,103.895000
91,119,119,4077962,98051,98385,209720,209820,111.335000,111.669000
91,293,293,4125963,232051,232385,247846,247946,15.461000,15.795000
91,341,341,4155963,239051,239385,259501,259602,20.116000,20.450000
91,212,212,40d4963,66051,66377,300094,300194,233.717000,234.043000
91,161,161,40a1962,210051,210385,344174,344274,133.789000,134.123000
91,179,179,40b3961,226051,226385,351751,351851,125.366000,125.700000
91,224,224,40e0962,316051,316385,359929,360029,43.544000,43.878000
91,20,20,4014962,371051,371377,415480,415580,44.103000,44.429000
91,233,233,40e9961,347051,347385,447182,447282,99.797000,100.131000
91,107,107,406b962,400051,400385,458646,458746,58.261000,58.595000
91,251,251,40fb961,479051,479377,487922,488022,8.545000,8.871000
91,392,392,4188962,475051,475377,499319,499419,23.942000,24.268000
91,296,296,4128962,423051,423377,505390,505490,82.013000,82.339000
91,125,125,407d962,587051,587385,599407,599507,12.022000,12.356000
91,281,281,4119961,731051,731385,739812,739912,8.427000,8.761000
92,134,134,4086961,25051,25385,38779,38879,13.394000,13.728000
92,119,119,4077962,98051,98385,106814,106914,8.429000,8.763000
92,122,122,407a962,98051,98385,140925,141025,42.540000,42.874000
92,275,275,4113963,107051,107385,163935,164035,56.550000,56.884000
92,179,179,40b3961,226051,226385,305608,305708,79.223000,79.557000
92,272,272,4110961,323051,323385,362432,362532,39.047000,39.381000
92,233,233,40e9961,347051,347385,409290,409390,61.905000,62.239000
92,296,296,4128962,423051,423377,458694,458794,35.317000,35.643000
93,32,32,4020961,54051,54385,116422,116522,62.037000,62.371000
93,101,101,4065960,255051,255385,265206,265306,9.821000,10.155000
93,365,365,416d960,324051,324377,355818,355918,31.441000,31.767000
93,272,272,4110961,323051,323385,362428,362528,39.043000,39.377000
93,269,269,410d960,382051,382385,517102,517202,134.717000,135.051000
93,389,389,4185963,604051,604385,612860,612960,8.475000,8.809000
93,323,323,4143960,889051,889385,901343,901443,11.958000,12.292000
94,32,32,4020961,54051,54385,116422,116522,62.037000,62.371000
94,191,191,40bf963,143051,143385,180288,180388,36.903000,37.237000
94,101,101,4065960,255051,255385,265173,265273,9.788000,10.122000
94,365,365,416d960,324051,324377,355786,355886,31.409000,31.735000
94,269,269,410d960,382051,382385,517131,517231,134.746000,135.080000
94,389,389,4185963,604051,604385,612806,612906,8.421000,8.755000
94,194,194,40c2960,688051,688377,700367,700467,11.990000,12.316000
94,323,323,4143960,889051,889385,901322,901422,11.937000,12.271000
95,191,191,40bf963,143051,143385,180339,180439,36.954000,37.288000
95,194,194,40c2960,688051,688377,700387,700487,12.010000,12.336000
96,299,299,412b963,94051,94377,115388,115488,21.011000,21.337000
96,193,193,40c1963,130051,130384,142684,142784,12.300000,12.633000
96,277,277,4115963,165051,165377,171715,171815,6.338000,6.664000
96,292,292,4124960,134051,134377,183339,183439,48.962000,49.288000
96,355,355,4163961,162051,162385,230353,230453,67.968000,68.302000
96,148,148,4094960,289051,289385,303246,303346,13.861000,14.195000
96,268,268,410c963,369051,369385,405152,405252,35.767000,36.101000
96,379,379,417b961,518050,518377,530332,530432,11.955000,12.282000
96,325,325,4145960,515050,515377,542078,542178,26.701000,27.028000
96,391,391,4187961,705051,705385,713833,713933,8.448000,8.782000
97,346,346,415a960,59051,59385,67650,67750,8.265000,8.599000
97,299,299,412b963,94051,94377,115412,115512,21.035000,21.361000
97,193,193,40c1963,130051,130384,142720,142820,12.336000,12.669000
97,352,352,4160960,59051,59385,154313,154413,94.928000,95.262000
97,277,277,4115963,165051,165377,171700,171800,6.323000,6.649000
97,292,292,4124960,134051,134377,183414,183514,49.037000,49.363000
97,208,208,40d0961,189051,189377,204507,204607,15.130000,15.456000
97,355,355,4163961,162051,162385,230377,230477,67.992000,68.326000
97,148,148,4094960,289051,289385,303282,303382,13.897000,14.231000
97,376,376,4178960,301051,301385,307680,307780,6.295000,6.629000
97,316,316,413c963,129051,129377,320626,320726,191.249000,191.575000
97,268,268,410c963,369051,369385,405212,405312,35.827000,36.161000
97,151,151,4097960,353051,353385,460577,460677,107.192000,107.526000
97,172,172,40ac961,355772,356106,481582,481682,125.476000,125.810000
97,371,371,4173960,515050,515385,521765,521865,6.380000,6.715000
97,379,379,417b961,518050,518377,530391,530491,12.014000,12.341000
97,142,142,408e960,526051,526385,536217,536317,9.832000,10.166000
97,325,325,4145960,515050,515377,542138,542238,26.761000,27.088000
97,62,62,403e962,612051,612377,624416,624516,12.039000,12.365000
97,391,391,4187961,705051,705385,713892,713992,8.507000,8.841000
98,287,287,411f960,44015,44341,59815,59915,15.474000,15.800000
98,346,346,415a960,59051,59385,67601,67701,8.216000,8.550000
98,247,247,40f7963,62051,62377,74514,74614,12.137000,12.463000
98,362,362,416a961,68051,68385,80140,80240,11.755000,12.089000
98,116,116,4074963,75051,75385,97937,98037,22.552000,22.886000
98,193,193,40c1963,130051,130384,142678,142778,12.294000,12.627000
98,352,352,4160960,59051,59385,154320,154420,94.935000,95.269000
98,277,277,4115963,165051,165377,171768,171868,6.391000,6.717000
98,292,292,4124960,134051,134377,183380,183480,49.003000,49.329000
98,208,208,40d0961,189051,189377,204517,204617,15.140000,15.466000
98,331,331,414b961,208051,208385,220150,220250,11.765000,12.099000
98,2,2,4002961,58051,58385,224993,225093,166.608000,166.942000
98,355,355,4163961,162051,162385,233361,233461,70.976000,71.310000
98,358,358,4166962,97841,98167,270765,270865,172.598000,172.924000
98,158,158,409e961,146051,146377,303081,303181,156.704000,157.030000
98,376,376,4178960,301051,301385,308892,308992,7.507000,7.841000
98,148,148,4094960,289051,289385,314635,314735,25.250000,25.584000
98,316,316,413c963,129051,129377,326228,326328,196.851000,197.177000
98,257,257,4101962,302051,302385,332009,332109,29.624000,29.958000
98,268,268,410c963,369051,369385,405203,405303,35.818000,36.152000
98,35,35,4023962,365051,365377,439575,439675,74.198000,74.524000
98,155,155,409b963,304051,304377,445386,445486,141.009000,141.335000
98,151,151,4097960,353051,353385,460537,460637,107.152000,107.486000
98,172,172,40ac961,355772,356106,481609,481709,125.503000,125.837000
98,371,371,4173960,515050,515385,521675,521776,6.290000,6.625000
98,379,379,417b961,518050,518377,530386,530486,12.009000,12.336000
98,142,142,408e960,526051,526385,536140,536240,9.755000,10.089000
98,325,325,4145960,515050,515377,542137,542237,26.760000,27.087000
98,62,62,403e962,612051,612377,624372,624472,11.995000,12.321000
98,391,391,4187961,705051,705385,713866,713966,8.481000,8.815000
99,44,44,402c963,23051,23385,36698,36798,13.313000,13.647000
99,298,298,412a963,30051,30385,41190,41290,10.805000,11.139000
99,356,356,4164960,30051,30385,51752,51852,21.367000,21.701000
99,287,287,411f960,44015,44341,59839,59939,15.498000,15.824000
99,166,166,40a6961,56051,56385,67817,67917,11.432000,11.766000
99,346,346,415a960,59051,59385,72349,72449,12.964000,13.298000
99,247,247,40f7963,62051,62377,77171,77271,14.794000,15.120000
99,362,362,416a961,68051,68385,81693,81793,13.308000,13.642000
99,116,116,4074963,75051,75385,97922,98022,22.537000,22.871000
99,17,17,4011963,87051,87385,103699,103799,16.314000,16.648000
99,22,22,4016962,46051,46385,109534,109634,63.149000,63.483000
99,94,94,405e963,65051,65385,125473,125573,60.088000,60.422000
99,193,193,40c1963,130051,130384,142714,142814,12.330000,12.663000
99,352,352,4160960,59051,59385,154344,154444,94.959000,95.293000
99,277,277,4115963,165051,165377,171804,171904,6.427000,6.753000
99,110,110,406e963,151051,151377,179035,179135,27.658000,27.984000
99,292,292,4124960,134051,134377,183887,183987,49.510000,49.836000
99,377,377,4179961,183051,183385,198573,198673,15.188000,15.522000
99,208,208,40d0961,189051,189377,204516,204616,15.139000,15.465000
99,331,331,414b961,208051,208385,220111,220211,11.726000,12.060000
99,2,2,4002961,58051,58385,224970,225070,166.585000,166.919000
99,355,355,4163961,162051,162385,233400,233500,71.015000,71.349000
99,38,38,4026961,189051,189385,255504,255604,66.119000,66.453000
99,358,358,4166962,97841,98167,270765,270865,172.598000,172.924000
99,206,206,40ce962,273051,273385,291555,291655,18.170000,18.504000
99,158,158,409e961,146051,146377,303120,303220,156.743000,157.069000
99,376,376,4178960,301051,301385,308905,309005,7.520000,7.854000
99,148,148,4094960,289051,289385,314674,314774,25.289000,25.623000
99,316,316,413c963,129051,129377,326189,326289,196.812000,197.138000
99,257,257,4101962,302051,302385,331996,332096,29.611000,29.945000
99,65,65,4041963,271051,271385,371761,371861,100.376000,100.710000
99,268,268,410c963,369051,369385,405203,405303,35.818000,36.152000
99,214,214,40d6960,220003,220337,433838,433938,213.501000,213.835000
99,35,35,4023962,365051,365377,439614,439714,74.237000,74.563000
99,155,155,409b963,304051,304377,445399,445499,141.022000,141.348000
99,151,151,4097960,353051,353385,460524,460624,107.139000,107.473000
99,388,388,4184961,326051,326385,465033,465133,138.648000,138.982000
99,172,172,40ac961,355772,356106,481534,481634,125.428000,125.762000
99,379,379,417b961,518050,518377,530362,530462,11.985000,12.312000
99,142,142,408e960,526051,526385,536104,536204,9.719000,10.053000
99,325,325,4145960,515050,515377,542113,542213,26.736000,27.063000
99,353,353,4161963,548051,548377,556775,556875,8.398000,8.724000
99,391,391,4187961,705051,705385,713842,713942,8.457000,8.791000
100,127,127,407f963,28051,28385,36887,36987,8.502000,8.836000
100,298,298,412a963,30051,30385,41378,41478,10.993000,11.327000
100,44,44,402c963,23051,23385,46237,46337,22.852000,23.186000
100,55,55,4037960,40051,40385,57769,57869,17.384000,17.718000
100,346,346,415a960,59051,59385,67619,67719,8.234000,8.568000
100,356,356,4164960,30051,30385,72417,72517,42.032000,42.366000
100,266,266,410a961,44051,44385,81382,81482,36.997000,37.331000
100,247,247,40f7963,62051,62377,87096,87196,24.719000,25.045000
100,166,166,40a6961,56051,56385,108257,108357,51.872000,52.206000
100,185,185,40b9961,71051,71385,114039,114139,42.654000,42.988000
100,22,22,4016962,46051,46385,125627,125727,79.242000,79.576000
100,104,104,4068961,56051,56377,148650,148750,92.273000,92.599000
100,17,17,4011963,87051,87385,166276,166376,78.891000,79.225000
100,94,94,405e963,65051,65385,172121,172221,106.736000,107.070000
100,256,256,4100960,102051,102385,177922,178022,75.537000,75.871000
100,110,110,406e963,151051,151377,182443,182543,31.066000,31.392000
100,208,208,40d0961,189051,189377,193367,193467,3.990000,4.316000
100,74,74,404a963,63051,63385,217727,217827,154.342000,154.676000
100,331,331,414b961,208051,208385,222310,222410,13.925000,14.259000
100,196,196,40c4962,175051,175385,227152,227252,51.767000,52.101000
100,293,293,4125963,232051,232385,244449,244549,12.064000,12.398000
100,352,352,4160960,59051,59385,254099,254199,194.714000,195.048000
100,206,206,40ce962,273051,273385,297137,297237,23.752000,24.086000
100,320,320,4140960,183051,183377,302915,303015,119.538000,119.864000
100,377,377,4179961,183051,183385,308697,308797,125.312000,125.646000
100,38,38,4026961,189051,189385,323510,323610,134.125000,134.459000
100,376,376,4178960,301051,301385,329493,329593,28.108000,28.442000
100,341,341,4155963,239051,239385,335483,335583,96.098000,96.432000
100,386,386,4182961,233051,233377,340026,340126,106.649000,106.975000
100,358,358,4166962,97841,98167,354184,354284,256.017000,256.343000
100,284,284,411c962,193675,194001,360013,360113,166.012000,166.338000
100,317,317,413d962,359051,359377,365804,365904,6.427000,6.753000
100,164,164,40a4962,204051,204377,371633,371733,167.256000,167.582000
100,20,20,4014962,371051,371377,389606,389706,18.229000,18.555000
100,212,212,40d4963,66051,66377,394476,394576,328.099000,328.425000
100,65,65,4041963,271051,271385,435870,435970,164.485000,164.819000
100,214,214,40d6960,220003,220337,447585,447685,227.248000,227.582000
100,316,316,413c963,129051,129377,460387,460487,331.010000,331.336000
100,388,388,4184961,326051,326385,464960,465060,138.575000,138.909000
100,151,151,4097960,353051,353385,469839,469939,116.454000,116.788000
100,392,392,4188962,475051,475377,483870,483970,8.493000,8.819000
100,172,172,40ac961,355772,356106,525227,525327,169.121000,169.455000
100,142,142,408e960,526051,526385,548927,549027,22.542000,22.876000
100,353,353,4161963,548051,548377,556968,557068,8.591000,8.917000
100,125,125,407d962,587051,587385,595901,596001,8.516000,8.850000
100,200,200,40c8960,623051,623385,640829,640929,17.444000,17.778000
100,115,115,4073963,649051,649385,657922,658022,8.537000,8.871000
100,278,278,4116962,721051,721377,733482,733582,12.105000,12.431000
101,127,127,407f963,28051,28385,36887,36987,8.502000,8.836000
101,298,298,412a963,30051,30385,41379,41479,10.994000,11.328000
101,55,55,4037960,40051,40385,57782,57882,17.397000,17.731000
101,266,266,410a961,44051,44385,81406,81506,37.021000,37.355000
101,247,247,40f7963,62051,62377,87132,87232,24.755000,25.081000
101,166,166,40a6961,56051,56385,108281,108381,51.896000,52.230000
101,185,185,40b9961,71051,71385,114075,114175,42.690000,43.024000
101,22,22,4016962,46051,46385,125651,125751,79.266000,79.600000
101,104,104,4068961,56051,56377,148686,148786,92.309000,92.635000
101,94,94,405e963,65051,65385,172144,172244,106.759000,107.093000
101,256,256,4100960,102051,102385,177907,178007,75.522000,75.856000
101,74,74,404a963,63051,63385,217743,217843,154.358000,154.692000
101,331,331,414b961,208051,208385,222252,222352,13.867000,14.201000
101,196,196,40c4962,175051,175385,227072,227172,51.687000,52.021000
101,293,293,4125963,232051,232385,244453,244553,12.068000,12.402000
101,320,320,4140960,183051,183377,302893,302993,119.516000,119.842000
101,341,341,4155963,239051,239385,335460,335560,96.075000,96.409000
101,386,386,4182961,233051,233377,339949,340049,106.572000,106.898000
101,358,358,4166962,97841,98167,354161,354261,255.994000,256.320000
101,284,284,411c962,193675,194001,359966,360066,165.965000,166.291000
101,317,317,413d962,359051,359377,365781,365881,6.404000,6.730000
101,164,164,40a4962,204051,204377,371586,371686,167.209000,167.535000
101,248,248,40f8962,284051,284385,380858,380958,96.473000,96.807000
101,20,20,4014962,371051,371377,389606,389706,18.229000,18.555000
101,212,212,40d4963,66051,66377,394428,394528,328.051000,328.377000
101,380,380,417c961,302051,302377,430026,430126,127.649000,127.975000
101,214,214,40d6960,220003,220337,447589,447689,227.252000,227.586000
101,11,11,400b961,383051,383385,453334,453434,69.949000,70.283000
101,388,388,4184961,326051,326385,463502,463602,137.117000,137.451000
101,392,392,4188962,475051,475377,483823,483923,8.446000,8.772000
101,314,314,413a961,530051,530377,538703,538803,8.326000,8.652000
101,125,125,407d962,587051,587385,595831,595931,8.446000,8.780000
101,200,200,40c8960,623051,623385,640821,640921,17.436000,17.770000
101,115,115,4073963,649051,649385,657852,657952,8.467000,8.801000
101,278,278,4116962,721051,721377,733422,733522,12.045000,12.371000
102,127,127,407f963,28051,28385,36878,36978,8.493000,8.827000
102,298,298,412a963,30051,30385,41369,41469,10.984000,11.318000
102,235,235,40eb960,37051,37385,46228,46328,8.843000,9.177000
102,55,55,4037960,40051,40385,67850,67950,27.465000,27.799000
102,266,266,410a961,44051,44385,79372,79472,34.987000,35.321000
102,166,166,40a6961,56051,56385,113948,114048,57.563000,57.897000
102,43,43,402b962,107051,107385,131248,131348,23.863000,24.197000
102,22,22,4016962,46051,46385,142780,142880,96.395000,96.729000
102,104,104,4068961,56051,56377,154333,154433,97.956000,98.282000
102,175,175,40af962,84051,84385,160139,160239,75.754000,76.088000
102,256,256,4100960,102051,102385,183116,183216,80.731000,81.065000
102,98,98,4062962,162051,162377,188895,188995,26.518000,26.844000
102,245,245,40f5961,107051,107385,197926,198026,90.541000,90.875000
102,94,94,405e963,65051,65385,203701,203801,138.316000,138.650000
102,196,196,40c4962,175051,175385,236622,236722,61.237000,61.571000
102,74,74,404a963,63051,63385,248240,248340,184.855000,185.189000
102,293,293,4125963,232051,232385,267607,267707,35.222000,35.556000
102,16,16,4010962,239051,239385,279151,279251,39.766000,40.100000
102,373,373,4175963,127051,127385,297069,297169,169.684000,170.018000
102,320,320,4140960,183051,183377,302875,302975,119.498000,119.824000
102,259,259,4103963,126051,126385,326147,326247,199.762000,200.096000
102,253,253,40fd960,115051,115385,335262,335362,219.877000,220.211000
102,341,341,4155963,239051,239385,344475,344575,105.090000,105.424000
102,248,248,40f8962,284051,284385,378721,378821,94.336000,94.670000
102,212,212,40d4963,66051,66377,388100,388200,321.723000,322.049000
102,397,397,418d962,77051,77377,392609,392709,315.232000,315.558000
102,20,20,4014962,371051,371377,398211,398311,26.834000,27.160000
102,68,68,4044960,385051,385385,407558,407658,22.173000,22.507000
102,121,121,4079962,205051,205377,412625,412725,207.248000,207.574000
102,349,349,415d960,345051,345385,417116,417216,71.731000,72.065000
102,380,380,417c961,302051,302377,437168,437268,134.791000,135.117000
102,214,214,40d6960,220003,220337,448716,448816,228.379000,228.713000
102,11,11,400b961,383051,383385,454497,454597,71.112000,71.446000
102,383,383,417f961,253051,253385,460303,460403,206.918000,207.252000
102,388,388,4184961,326051,326385,464811,464911,138.426000,138.760000
102,109,109,406d961,264871,265197,469631,469731,204.434000,204.760000
102,392,392,4188962,475051,475377,484693,484793,9.316000,9.642000
102,271,271,410f961,498051,498385,507608,507708,9.223000,9.557000
102,203,203,40cb960,465051,465377,531093,531193,65.716000,66.042000
102,314,314,413a961,530051,530377,538724,538824,8.347000,8.673000
102,125,125,407d962,587051,587385,595870,595970,8.485000,8.819000
102,115,115,4073963,649051,649385,657871,657971,8.486000,8.820000
103,127,127,407f963,28051,28385,36878,36978,8.493000,8.827000
103,235,235,40eb960,37051,37385,43692,43792,6.307000,6.641000
103,90,90,405a961,40051,40385,57747,57847,17.362000,17.696000
103,55,55,4037960,40051,40385,67775,67875,27.390000,27.724000
103,266,266,410a961,44051,44385,79387,79487,35.002000,35.336000
103,225,225,40e1962,29051,29385,85128,85228,55.743000,56.077000
103,327,327,4147960,82051,82385,90896,90996,8.511000,8.845000
103,219,219,40db960,50051,50377,96642,96742,46.265000,46.591000
103,381,381,417d962,32050,32385,102410,102510,70.025000,70.360000
103,390,390,4186960,92051,92377,125434,125534,33.057000,33.383000
103,43,43,402b962,107051,107385,131211,131311,23.826000,24.160000
103,336,336,4150960,90051,90385,136979,137079,46.594000,46.928000
103,237,237,40ed963,66051,66385,148551,148651,82.166000,82.500000
103,104,104,4068961,56051,56377,154297,154397,97.920000,98.246000
103,175,175,40af962,84051,84385,160115,160215,75.730000,76.064000
103,147,147,4093963,118051,118377,165884,165984,47.507000,47.833000
103,123,123,407b960,143051,143385,177362,177462,33.977000,34.311000
103,256,256,4100960,102051,102385,183080,183180,80.695000,81.029000
103,98,98,4062962,162051,162377,188871,188971,26.494000,26.820000
103,245,245,40f5961,107051,107385,197890,197990,90.505000,90.839000
103,306,306,4132962,197051,197385,209472,209572,12.087000,12.421000
103,162,162,40a2961,93051,93385,225969,226069,132.584000,132.918000
103,0,0,4000963,147051,147385,230828,230928,83.443000,83.777000
103,196,196,40c4962,175051,175385,236661,236761,61.276000,61.610000
103,74,74,404a963,63051,63385,248201,248301,184.816000,185.150000
103,99,99,4063961,85051,85385,254008,254108,168.623000,168.957000
103,293,293,4125963,232051,232385,267607,267707,35.222000,35.556000
103,399,399,418f961,243051,243385,273386,273486,30.001000,30.335000
103,16,16,4010962,239051,239385,279112,279212,39.727000,40.061000
103,373,373,4175963,127051,127385,297056,297156,169.671000,170.005000
103,320,320,4140960,183051,183377,302836,302936,119.459000,119.785000
103,183,183,40b7962,279051,279377,314990,315090,35.613000,35.939000
103,207,207,40cf961,310051,310385,324526,324626,14.141000,14.475000
103,259,259,4103963,126051,126385,329369,329469,202.984000,203.318000
103,105,105,4069960,318051,318385,333878,333978,15.493000,15.827000
103,253,253,40fd960,115051,115385,338676,338776,223.291000,223.625000
103,341,341,4155963,239051,239385,344438,344538,105.053000,105.387000
103,174,174,40ae963,173051,173385,358729,358829,185.344000,185.678000
103,210,210,40d2962,287051,287377,363588,363688,76.211000,76.537000
103,87,87,4057963,176051,176377,383071,383171,206.694000,207.020000
103,212,212,40d4963,66051,66377,388115,388215,321.738000,322.064000
103,397,397,418d962,77051,77377,392637,392737,315.260000,315.586000
103,63,63,403f961,292051,292377,397496,397596,105.119000,105.445000
103,20,20,4014962,371051,371377,402028,402128,30.651000,30.977000
103,81,81,4051961,166051,166385,406880,406980,240.495000,240.829000
103,68,68,4044960,385051,385385,411402,411502,26.017000,26.351000
103,121,121,4079962,205051,205377,416261,416361,210.884000,211.210000
103,349,349,415d960,345051,345385,420793,420893,75.408000,75.742000
103,375,375,4177962,353051,353377,425645,425745,72.268000,72.594000
103,383,383,417f961,253051,253385,460228,460328,206.843000,207.177000
103,109,109,406d961,264871,265197,469615,469715,204.418000,204.744000
103,392,392,4188962,475051,475377,484694,484794,9.317000,9.643000
103,270,270,410e962,477051,477377,496148,496248,18.771000,19.097000
103,75,75,404b963,179051,179377,501857,501957,322.480000,322.806000
103,271,271,410f961,498051,498385,507607,507707,9.222000,9.556000
103,203,203,40cb960,465051,465377,531094,531194,65.717000,66.043000
103,297,297,4129963,493051,493377,542934,543034,49.557000,49.883000
103,125,125,407d962,587051,587385,595834,595934,8.449000,8.783000
103,357,357,4165962,615051,615377,627168,627268,11.791000,12.117000
103,115,115,4073963,649051,649385,657871,657971,8.486000,8.820000
103,321,321,4141961,693051,693377,705361,705461,11.984000,12.310000
103,186,186,40ba960,771051,771377,779902,780002,8.525000,8.851000
103,396,396,418c960,856051,856385,864955,865055,8.570000,8.904000
103,354,354,4162961,1021051,1021385,1033349,1033450,11.964000,12.298000
104,382,382,417e963,21051,21385,33256,33356,11.871000,12.205000
104,235,235,40eb960,37051,37385,49412,49512,12.027000,12.361000
104,90,90,405a961,40051,40385,55193,55293,14.808000,15.142000
104,266,266,410a961,44051,44385,69463,69563,25.078000,25.412000
104,381,381,417d962,32050,32385,75180,75280,42.795000,43.130000
104,219,219,40db960,50051,50377,80959,81059,30.582000,30.908000
104,40,40,4028963,58051,58385,90990,91090,32.605000,32.939000
104,175,175,40af962,84051,84385,95810,95910,11.425000,11.759000
104,390,390,4186960,92051,92377,126639,126739,34.262000,34.588000
104,259,259,4103963,126051,126385,137460,137560,11.075000,11.409000
104,43,43,402b962,107051,107385,142319,142419,34.934000,35.268000
104,149,149,4095962,130039,130366,148107,148207,17.741000,18.068000
104,237,237,40ed963,66051,66385,153888,153988,87.503000,87.837000
104,26,26,401a962,47051,47385,159694,159794,112.309000,112.643000
104,147,147,4093963,118051,118377,177036,177136,58.659000,58.985000
104,0,0,4000963,147051,147385,182842,182942,35.457000,35.791000
104,87,87,4057963,176051,176377,187657,187757,11.280000,11.606000
104,123,123,407b960,143051,143385,192548,192648,49.163000,49.497000
104,320,320,4140960,183051,183377,197056,197156,13.679000,14.005000
104,336,336,4150960,90051,90385,201939,202039,111.554000,111.888000
104,104,104,4068961,56051,56377,207725,207825,151.348000,151.674000
104,174,174,40ae963,173051,173385,212216,212316,38.831000,39.165000
104,23,23,4017960,148051,148385,217138,217238,68.753000,69.087000
104,306,306,4132962,197051,197385,221647,221747,24.262000,24.596000
104,293,293,4125963,232051,232385,253595,253695,21.210000,21.544000
104,399,399,418f961,243051,243385,259411,259511,16.026000,16.360000
104,341,341,4155963,239051,239385,265225,265325,25.840000,26.174000
104,327,327,4147960,82051,82385,271011,271111,188.626000,188.960000
104,74,74,404a963,63051,63385,282621,282721,219.236000,219.570000
104,99,99,4063961,85051,85385,288460,288560,203.075000,203.409000
104,373,373,4175963,127051,127385,294243,294343,166.858000,167.192000
104,16,16,4010962,239051,239385,300072,300172,60.687000,61.021000
104,212,212,40d4963,66051,66377,311649,311749,245.272000,245.598000
104,183,183,40b7962,279051,279377,323243,323343,43.866000,44.192000
104,207,207,40cf961,310051,310385,327776,327876,17.391000,17.725000
104,162,162,40a2961,93051,93385,332639,332739,239.254000,239.588000
104,76,76,404c960,228051,228385,338574,338674,110.189000,110.523000
104,105,105,4069960,318051,318385,353803,353903,35.418000,35.752000
104,397,397,418d962,77051,77377,359658,359758,282.281000,282.607000
104,121,121,4079962,205051,205377,364189,364289,158.812000,159.138000
104,253,253,40fd960,115051,115385,369053,369153,253.668000,254.002000
104,210,210,40d2962,287051,287377,380582,380682,93.205000,93.531000
104,350,350,415e960,325051,325385,397962,398062,72.577000,72.911000
104,63,63,403f961,292051,292377,409626,409726,117.249000,117.575000
104,375,375,4177962,353051,353377,415428,415528,62.051000,62.377000
104,20,20,4014962,371051,371377,421235,421335,49.858000,50.184000
104,349,349,415d960,345051,345385,427021,427121,81.636000,81.970000
104,75,75,404b963,179051,179377,453151,453251,273.774000,274.100000
104,81,81,4051961,166051,166385,459087,459187,292.702000,293.036000
104,270,270,410e962,477051,477377,493689,493789,16.312000,16.638000
104,109,109,406d961,264871,265197,499472,499572,234.275000,234.601000
104,392,392,4188962,475051,475377,505311,505411,29.934000,30.260000
104,271,271,410f961,498051,498385,524524,524624,26.139000,26.473000
104,225,225,40e1962,29051,29385,540372,540472,510.987000,511.321000
104,297,297,4129963,493051,493377,558154,558254,64.777000,65.103000
104,125,125,407d962,587051,587385,599453,599553,12.068000,12.402000
104,357,357,4165962,615051,615377,623848,623948,8.471000,8.797000
104,321,321,4141961,693051,693377,701905,702005,8.528000,8.854000
104,186,186,40ba960,771051,771377,783407,783507,12.030000,12.356000
104,152,152,4098961,795051,795377,807379,807479,12.002000,12.328000
104,396,396,418c960,856051,856385,868435,868535,12.050000,12.384000
104,354,354,4162961,1021051,1021385,1029981,1030080,8.596000,8.930000
104,374,374,4176960,1041051,1041377,1053387,1053487,12.010000,12.336000
105,382,382,417e963,21051,21385,33256,33356,11.871000,12.205000
105,235,235,40eb960,37051,37385,49412,49512,12.027000,12.361000
105,370,370,4172962,52051,52385,64099,64198,11.714000,12.048000
105,266,266,410a961,44051,44385,69440,69540,25.055000,25.389000
105,40,40,4028963,58051,58385,91015,91115,32.630000,32.964000
105,175,175,40af962,84051,84385,95858,95958,11.473000,11.807000
105,139,139,408b963,44051,44385,101584,101684,57.199000,57.533000
105,49,49,4031960,76051,76385,108583,108683,32.198000,32.532000
105,259,259,4103963,126051,126385,137499,137599,11.114000,11.448000
105,43,43,402b962,107051,107385,142342,142442,34.957000,35.291000
105,149,149,4095962,130039,130366,148068,148168,17.702000,18.029000
105,26,26,401a962,47051,47385,159694,159794,112.309000,112.643000
105,242,242,40f2963,69051,69385,165475,165575,96.090000,96.424000
105,239,239,40ef963,38992,39318,171251,171351,131.933000,132.259000
105,320,320,4140960,183051,183377,192918,193018,9.541000,9.867000
105,104,104,4068961,56051,56377,207684,207784,151.307000,151.633000
105,23,23,4017960,148051,148385,213507,213607,65.122000,65.456000
105,302,302,412e961,188051,188385,218309,218409,29.924000,30.258000
105,286,286,411e961,230051,230377,241931,242031,11.554000,11.880000
105,293,293,4125963,232051,232385,253587,253687,21.202000,21.536000
105,341,341,4155963,239051,239385,265225,265325,25.840000,26.174000
105,74,74,404a963,63051,63385,282665,282765,219.280000,219.614000
105,373,373,4175963,127051,127385,294243,294343,166.858000,167.192000
105,16,16,4010962,239051,239385,300072,300172,60.687000,61.021000
105,212,212,40d4963,66051,66377,311649,311749,245.272000,245.598000
105,14,14,400e961,107051,107385,317435,317535,210.050000,210.384000
105,76,76,404c960,228051,228385,338546,338646,110.161000,110.495000
105,176,176,40b0961,250051,250377,343068,343168,92.691000,93.017000
105,397,397,418d962,77051,77377,359658,359758,282.281000,282.607000
105,121,121,4079962,205051,205377,364190,364290,158.813000,159.139000
105,253,253,40fd960,115051,115385,369054,369154,253.669000,254.003000
105,146,146,4092963,87051,87385,386397,386497,299.012000,299.346000
105,350,350,415e960,325051,325385,397962,398062,72.577000,72.911000
105,20,20,4014962,371051,371377,421235,421335,49.858000,50.184000
105,349,349,415d960,345051,345385,427021,427121,81.636000,81.970000
105,109,109,406d961,264871,265197,499516,499616,234.319000,234.645000
105,392,392,4188962,475051,475377,505319,505419,29.942000,30.268000
105,280,280,4118962,512050,512385,518730,518829,6.345000,6.680000
105,271,271,410f961,498051,498385,524524,524624,26.139000,26.473000
105,181,181,40b5960,416051,416377,564100,564200,147.723000,148.049000
105,125,125,407d962,587051,587385,599409,599509,12.024000,12.358000
105,215,215,40d7960,615051,615385,629794,629894,14.409000,14.743000
105,152,152,4098961,795051,795377,807387,807487,12.010000,12.336000
105,374,374,4176960,1041051,1041377,1053379,1053479,12.002000,12.328000
106,382,382,417e963,21051,21385,33252,33352,11.867000,12.201000
106,7,7,4007960,32050,32385,54572,54672,22.187000,22.522000
106,370,370,4172962,52051,52385,64094,64195,11.709000,12.043000
106,266,266,410a961,44051,44385,69417,69517,25.032000,25.366000
106,40,40,4028963,58051,58385,91011,91111,32.626000,32.960000
106,139,139,408b963,44051,44385,95854,95954,51.469000,51.803000
106,145,145,4091960,47051,47385,100340,100440,52.955000,53.289000
106,49,49,4031960,76051,76385,108585,108685,32.200000,32.534000
106,313,313,4139960,88051,88377,143311,143411,54.934000,55.260000
106,398,398,418e961,138051,138385,148109,148209,9.724000,10.058000
106,244,244,40f4962,132051,132385,152672,152772,20.287000,20.621000
106,361,361,4169960,82994,83320,158282,158382,74.962000,75.288000
106,242,242,40f2963,69051,69385,163104,163204,93.719000,94.053000
106,239,239,40ef963,38992,39318,168821,168921,129.503000,129.829000
106,364,364,416c961,85051,85377,174579,174679,89.202000,89.528000
106,104,104,4068961,56051,56377,182910,183010,126.533000,126.859000
106,320,320,4140960,183051,183377,191801,191901,8.424000,8.750000
106,302,302,412e961,188051,188385,196962,197062,8.577000,8.911000
106,236,236,40ec963,100051,100377,203998,204098,103.621000,103.947000
106,286,286,411e961,230051,230377,238916,239016,8.539000,8.865000
106,293,293,4125963,232051,232385,250551,250651,18.166000,18.500000
106,341,341,4155963,239051,239385,259523,259623,20.138000,20.472000
106,74,74,404a963,63051,63385,276903,277003,213.518000,213.852000
106,212,212,40d4963,66051,66377,305718,305818,239.341000,239.667000
106,14,14,400e961,107051,107385,326678,326778,219.293000,219.627000
106,76,76,404c960,228051,228385,332485,332585,104.100000,104.434000
106,176,176,40b0961,250051,250377,341027,341127,90.650000,90.976000
106,146,146,4092963,87051,87385,380810,380910,293.425000,293.759000
106,20,20,4014962,371051,371377,415274,415374,43.897000,44.223000
106,133,133,4085960,276051,276377,432894,432994,156.517000,156.843000
106,34,34,4022961,230051,230385,447265,447365,216.880000,217.214000
106,107,107,406b962,400051,400385,458830,458930,58.445000,58.779000
106,251,251,40fb961,479051,479377,493692,493792,14.315000,14.641000
106,392,392,4188962,475051,475377,499485,499585,24.108000,24.434000
106,280,280,4118962,512050,512385,522881,522981,10.496000,10.831000
106,295,295,4127960,493051,493377,534519,534619,41.142000,41.468000
106,181,181,40b5960,416051,416377,564059,564159,147.682000,148.008000
106,385,385,4181963,531051,531385,581847,581947,50.462000,50.796000
106,125,125,407d962,587051,587385,599405,599505,12.020000,12.354000
106,215,215,40d7960,615051,615385,629745,629845,14.360000,14.694000
106,281,281,4119961,731051,731385,739823,739923,8.438000,8.772000
107,134,134,4086961,25051,25385,31712,31812,6.327000,6.661000
107,382,382,417e963,21051,21385,36204,36304,14.819000,15.153000
107,7,7,4007960,32050,32385,54585,54685,22.200000,22.535000
107,370,370,4172962,52051,52385,64121,64221,11.736000,12.070000
107,266,266,410a961,44051,44385,69416,69516,25.031000,25.365000
107,40,40,4028963,58051,58385,90972,91072,32.587000,32.921000
107,139,139,408b963,44051,44385,95831,95931,51.446000,51.780000
107,145,145,4091960,47051,47385,100341,100441,52.956000,53.290000
107,49,49,4031960,76051,76385,108624,108724,32.239000,32.573000
107,122,122,407a962,98051,98385,131572,131672,33.187000,33.521000
107,313,313,4139960,88051,88377,143336,143436,54.959000,55.285000
107,398,398,418e961,138051,138385,148209,148309,9.824000,10.158000
107,244,244,40f4962,132051,132385,152696,152796,20.311000,20.645000
107,361,361,4169960,82994,83320,158242,158342,74.922000,75.248000
107,184,184,40b8961,132051,132385,165209,165309,32.824000,33.158000
107,364,364,416c961,85051,85377,174580,174680,89.203000,89.529000
107,104,104,4068961,56051,56377,182961,183061,126.584000,126.910000
107,275,275,4113963,107051,107385,188702,188802,81.317000,81.651000
107,320,320,4140960,183051,183377,193266,193366,9.889000,10.215000
107,236,236,40ec963,100051,100377,203952,204052,103.575000,103.901000
107,119,119,4077962,98051,98385,217927,218027,119.542000,119.876000
107,286,286,411e961,230051,230377,238874,238974,8.497000,8.823000
107,293,293,4125963,232051,232385,250518,250618,18.133000,18.467000
107,341,341,4155963,239051,239385,259532,259633,20.147000,20.481000
107,74,74,404a963,63051,63385,276870,276970,213.485000,213.819000
107,212,212,40d4963,66051,66377,305676,305776,239.299000,239.625000
107,367,367,416f961,300051,300377,311488,311588,11.111000,11.437000
107,310,310,4136962,210051,210385,317271,317371,106.886000,107.220000
107,76,76,404c960,228051,228385,332456,332556,104.071000,104.405000
107,179,179,40b3961,226051,226385,350109,350209,123.724000,124.058000
107,20,20,4014962,371051,371377,415269,415369,43.892000,44.218000
107,133,133,4085960,276051,276377,432884,432984,156.507000,156.833000
107,34,34,4022961,230051,230385,447260,447360,216.875000,217.209000
107,233,233,40e9961,347051,347385,453048,453148,105.663000,105.997000
107,107,107,406b962,400051,400385,458833,458933,58.448000,58.782000
107,67,67,4043961,325051,325385,476360,476460,150.975000,151.309000
107,251,251,40fb961,479051,479377,493687,493787,14.310000,14.636000
107,392,392,4188962,475051,475377,499475,499575,24.098000,24.424000
107,296,296,4128962,423051,423377,505363,505463,81.986000,82.312000
107,226,226,40e2963,413051,413385,517150,517250,103.765000,104.099000
107,280,280,4118962,512050,512385,522876,522976,10.491000,10.826000
107,295,295,4127960,493051,493377,534509,534609,41.132000,41.458000
107,181,181,40b5960,416051,416377,564054,564154,147.677000,148.003000
107,385,385,4181963,531051,531385,581837,581937,50.452000,50.786000
107,125,125,407d962,587051,587385,599400,599500,12.015000,12.349000
107,281,281,4119961,731051,731385,739857,739957,8.472000,8.806000
108,134,134,4086961,25051,25385,38785,38885,13.400000,13.734000
108,7,7,4007960,32050,32385,44654,44754,12.269000,12.604000
108,139,139,408b963,44051,44385,56162,56262,11.777000,12.111000
108,370,370,4172962,52051,52385,64151,64251,11.766000,12.100000
108,88,88,4058962,58051,58385,74749,74849,16.364000,16.698000
108,319,319,413f962,68051,68385,79258,79358,10.873000,11.207000
108,163,163,40a3963,86051,86385,94703,94803,8.318000,8.652000
108,145,145,4091960,47051,47385,100495,100595,53.110000,53.444000
108,119,119,4077962,98051,98385,106861,106961,8.476000,8.810000
108,232,232,40e8962,93051,93385,111352,111452,17.967000,18.301000
108,364,364,416c961,85051,85377,124974,125074,39.597000,39.923000
108,49,49,4031960,76051,76385,129504,129605,53.119000,53.453000
108,250,250,40fa960,69051,69385,135116,135216,65.731000,66.065000
108,394,394,418a960,131051,131385,140087,140187,8.702000,9.036000
108,122,122,407a962,98051,98385,144595,144695,46.210000,46.544000
108,244,244,40f4962,132051,132385,153762,153862,21.377000,21.711000
108,313,313,4139960,88051,88377,159583,159683,71.206000,71.532000
108,275,275,4113963,107051,107385,164403,164503,57.018000,57.352000
108,361,361,4169960,82994,83320,168966,169066,85.646000,85.972000
108,184,184,40b8961,132051,132385,174534,174634,42.149000,42.483000
108,46,46,402e962,163051,163377,198440,198540,35.063000,35.389000
108,286,286,411e961,230051,230377,242098,242198,11.721000,12.047000
108,307,307,4133963,269051,269377,277684,277784,8.307000,8.633000
108,310,310,4136962,210051,210385,288218,288318,77.833000,78.167000
108,179,179,40b3961,226051,226385,305604,305704,79.219000,79.553000
108,367,367,416f961,300051,300377,311410,311510,11.033000,11.359000
108,304,304,4130962,305051,305377,317405,317505,12.028000,12.354000
108,272,272,4110961,323051,323385,367379,367479,43.994000,44.328000
108,133,133,4085960,276051,276377,386485,386585,110.108000,110.434000
108,34,34,4022961,230051,230385,404053,404153,173.668000,174.002000
108,233,233,40e9961,347051,347385,409834,409934,62.449000,62.783000
108,67,67,4043961,325051,325385,450088,450188,124.703000,125.037000
108,296,296,4128962,423051,423377,462460,462560,39.083000,39.409000
108,226,226,40e2963,413051,413385,498042,498142,84.657000,84.991000
108,295,295,4127960,493051,493377,503823,503923,10.446000,10.772000
108,280,280,4118962,512050,512385,523124,523223,10.739000,11.074000
108,181,181,40b5960,416051,416377,549448,549548,133.071000,133.397000
108,385,385,4181963,531051,531385,563863,563963,32.478000,32.812000
109,7,7,4007960,32050,32385,44653,44753,12.268000,12.603000
109,88,88,4058962,58051,58385,74713,74813,16.328000,16.662000
109,319,319,413f962,68051,68385,79277,79377,10.892000,11.226000
109,163,163,40a3963,86051,86385,94704,94804,8.319000,8.653000
109,145,145,4091960,47051,47385,100546,100646,53.161000,53.495000
109,232,232,40e8962,93051,93385,110623,110723,17.238000,17.572000
109,32,32,4020961,54051,54385,119965,120065,65.580000,65.914000
109,364,364,416c961,85051,85377,125013,125113,39.636000,39.962000
109,250,250,40fa960,69051,69385,135039,135139,65.654000,65.988000
109,394,394,418a960,131051,131385,140012,140112,8.627000,8.961000
109,244,244,40f4962,132051,132385,153801,153901,21.416000,21.750000
109,313,313,4139960,88051,88377,159609,159709,71.232000,71.558000
109,361,361,4169960,82994,83320,165418,165518,82.098000,82.424000
109,184,184,40b8961,132051,132385,174534,174634,42.149000,42.483000
109,46,46,402e962,163051,163377,198440,198540,35.063000,35.389000
109,101,101,4065960,255051,255385,265126,265226,9.741000,10.075000
109,307,307,4133963,269051,269377,277684,277784,8.307000,8.633000
109,310,310,4136962,210051,210385,288218,288318,77.833000,78.167000
109,367,367,416f961,300051,300377,311371,311471,10.994000,11.320000
109,304,304,4130962,305051,305377,317392,317492,12.015000,12.341000
109,365,365,416d960,324051,324377,355827,355927,31.450000,31.776000
109,272,272,4110961,323051,323385,367379,367479,43.994000,44.328000
109,133,133,4085960,276051,276377,386485,386585,110.108000,110.434000
109,34,34,4022961,230051,230385,404053,404153,173.668000,174.002000
109,67,67,4043961,325051,325385,450101,450201,124.716000,125.050000
109,226,226,40e2963,413051,413385,498042,498142,84.657000,84.991000
109,295,295,4127960,493051,493377,503823,503923,10.446000,10.772000
109,269,269,410d960,382051,382385,517145,517245,134.760000,135.094000
109,385,385,4181963,531051,531385,563824,563924,32.439000,32.773000
109,389,389,4185963,604051,604385,612878,612978,8.493000,8.827000
109,323,323,4143960,889051,889385,901373,901473,11.988000,12.322000
110,88,88,4058962,58051,58385,71233,71333,12.848000,13.182000
110,319,319,413f962,68051,68385,76645,76745,8.260000,8.594000
110,163,163,40a3963,86051,86385,94628,94728,8.243000,8.577000
110,232,232,40e8962,93051,93385,106310,106410,12.925000,13.259000
110,32,32,4020961,54051,54385,116351,116451,61.966000,62.300000
110,250,250,40fa960,69051,69385,131533,131633,62.148000,62.482000
110,394,394,418a960,131051,131385,139952,140052,8.567000,8.901000
110,184,184,40b8961,132051,132385,171176,171276,38.791000,39.125000
110,191,191,40bf963,143051,143385,180333,180433,36.948000,37.282000
110,46,46,402e962,163051,163377,200222,200322,36.845000,37.171000
110,101,101,4065960,255051,255385,265191,265291,9.806000,10.140000
110,307,307,4133963,269051,269377,277629,277729,8.252000,8.578000
110,310,310,4136962,210051,210385,288220,288320,77.835000,78.169000
110,367,367,416f961,300051,300377,308852,308952,8.475000,8.801000
110,304,304,4130962,305051,305377,317372,317472,11.995000,12.321000
110,365,365,416d960,324051,324377,355766,355866,31.389000,31.715000
110,67,67,4043961,325051,325385,450088,450188,124.703000,125.037000
110,226,226,40e2963,413051,413385,497988,498088,84.603000,84.937000
110,269,269,410d960,382051,382385,517116,517216,134.731000,135.065000
110,389,389,4185963,604051,604385,612819,612919,8.434000,8.768000
110,194,194,40c2960,688051,688377,700333,700433,11.956000,12.282000
110,323,323,4143960,889051,889385,901335,901435,11.950000,12.284000
111,88,88,4058962,58051,58385,71233,71333,12.848000,13.182000
111,319,319,413f962,68051,68385,76645,76745,8.260000,8.594000
111,163,163,40a3963,86051,86385,94628,94728,8.243000,8.577000
111,232,232,40e8962,93051,93385,106310,106410,12.925000,13.259000
111,250,250,40fa960,69051,69385,131547,131647,62.162000,62.496000
111,394,394,418a960,131051,131385,139916,140016,8.531000,8.865000
111,191,191,40bf963,143051,143385,180333,180433,36.948000,37.282000
111,46,46,402e962,163051,163377,200222,200322,36.845000,37.171000
111,307,307,4133963,269051,269377,277603,277703,8.226000,8.552000
111,304,304,4130962,305051,305377,317373,317473,11.996000,12.322000
111,194,194,40c2960,688051,688377,700333,700433,11.956000,12.282000
112,60,60,403c963,22051,22385,30960,31060,8.575000,8.909000
112,3,3,4003961,26051,26385,42501,42601,16.116000,16.450000
112,330,330,414a963,45051,45385,57253,57353,11.868000,12.202000
112,333,333,414d963,72051,72377,80969,81069,8.592000,8.918000
112,93,93,405d961,54051,54385,86688,86788,32.303000,32.637000
112,299,299,412b963,94051,94377,115416,115516,21.039000,21.365000
112,267,267,410b961,107051,107385,121135,121235,13.750000,14.084000
112,243,243,40f3962,88051,88385,126883,126983,38.498000,38.832000
112,193,193,40c1963,130051,130384,142724,142824,12.340000,12.673000
112,279,279,4117962,78051,78385,148507,148607,70.122000,70.456000
112,6,6,4006962,148051,148385,160102,160202,11.717000,12.051000
112,277,277,4115963,165051,165377,171743,171843,6.366000,6.692000
112,201,201,40c9963,159051,159385,177649,177749,18.264000,18.598000
112,292,292,4124960,134051,134377,183418,183518,49.041000,49.367000
112,54,54,4036962,181051,181385,189989,190089,8.604000,8.938000
112,30,30,401e960,209051,209385,218315,218415,8.930000,9.264000
112,355,355,4163961,162051,162385,230342,230442,67.957000,68.291000
112,216,216,40d8961,175051,175385,250901,251001,75.516000,75.850000
112,168,168,40a8960,244051,244385,256471,256571,12.086000,12.420000
112,117,117,4075962,250051,250377,261318,261417,10.941000,11.267000
112,363,363,416b962,250051,250385,267037,267137,16.652000,16.986000
112,66,66,4042960,101051,101385,272785,272885,171.400000,171.734000
112,303,303,412f963,149051,149377,280669,280769,131.292000,131.618000
112,282,282,411a961,282051,282377,290888,290988,8.511000,8.837000
112,148,148,4094960,289051,289385,303249,303349,13.864000,14.198000
112,192,192,40c0961,171051,171385,308987,309087,137.602000,137.936000
112,255,255,40ff962,311051,311385,366173,366273,54.788000,55.122000
112,231,231,40e7960,301051,301377,371706,371806,70.329000,70.655000
112,165,165,40a5961,326051,326385,387328,387428,60.943000,61.277000
112,114,114,4072962,205217,205543,393053,393153,187.510000,187.836000
112,45,45,402d961,390014,390340,398865,398965,8.525000,8.851000
112,268,268,410c963,369051,369385,405157,405257,35.772000,36.106000
112,261,261,4105960,194051,194385,451285,451385,256.900000,257.234000
112,198,198,40c6960,297051,297385,455807,455907,158.422000,158.756000
112,213,213,40d5961,457051,457385,466427,466527,9.042000,9.376000
112,345,345,4159960,302051,302385,472343,472443,169.958000,170.292000
112,111,111,406f960,499051,499377,505716,505816,6.339000,6.665000
112,379,379,417b961,518050,518377,530359,530459,11.982000,12.309000
112,325,325,4145960,515050,515377,542119,542219,26.742000,27.069000
112,276,276,4114963,563051,563377,575333,575433,11.956000,12.282000
112,315,315,413b961,617051,617385,630349,630449,12.964000,13.298000
112,291,291,4123961,626051,626385,636103,636203,9.718000,10.052000
112,360,360,4168961,659051,659377,667927,668027,8.550000,8.876000
112,391,391,4187961,705051,705385,713860,713960,8.475000,8.809000
113,60,60,403c963,22051,22385,30956,31056,8.571000,8.905000
113,3,3,4003961,26051,26385,42497,42597,16.112000,16.446000
113,330,330,414a963,45051,45385,57253,57353,11.868000,12.202000
113,346,346,415a960,59051,59385,67599,67699,8.214000,8.548000
113,333,333,414d963,72051,72377,80941,81041,8.564000,8.890000
113,93,93,405d961,54051,54385,86648,86748,32.263000,32.597000
113,299,299,412b963,94051,94377,115388,115488,21.011000,21.337000
113,267,267,410b961,107051,107385,121095,121195,13.710000,14.044000
113,243,243,40f3962,88051,88385,126855,126955,38.470000,38.804000
113,193,193,40c1963,130051,130384,142684,142784,12.300000,12.633000
113,279,279,4117962,78051,78385,148479,148579,70.094000,70.428000
113,352,352,4160960,59051,59385,154238,154338,94.853000,95.187000
113,6,6,4006962,148051,148385,160061,160161,11.676000,12.010000
113,277,277,4115963,165051,165377,171664,171764,6.287000,6.613000
113,201,201,40c9963,159051,159385,177608,177708,18.223000,18.557000
113,292,292,4124960,134051,134377,183339,183439,48.962000,49.288000
113,54,54,4036962,181051,181385,189948,190048,8.563000,8.897000
113,208,208,40d0961,189051,189377,204471,204571,15.094000,15.420000
113,30,30,401e960,209051,209385,218287,218387,8.902000,9.236000
113,355,355,4163961,162051,162385,230302,230402,67.917000,68.251000
113,216,216,40d8961,175051,175385,250900,251000,75.515000,75.849000
113,168,168,40a8960,244051,244385,256419,256520,12.034000,12.368000
113,117,117,4075962,250051,250377,261241,261340,10.864000,11.190000
113,363,363,416b962,250051,250385,266997,267097,16.612000,16.946000
113,66,66,4042960,101051,101385,272757,272857,171.372000,171.706000
113,303,303,412f963,149051,149377,280655,280755,131.278000,131.604000
113,282,282,411a961,282051,282377,290920,291020,8.543000,8.869000
113,148,148,4094960,289051,289385,303269,303369,13.884000,14.218000
113,376,376,4178960,301051,301385,307668,307768,6.283000,6.617000
113,192,192,40c0961,171051,171385,312317,312417,140.932000,141.266000
113,316,316,413c963,129051,129377,320626,320726,191.249000,191.575000
113,255,255,40ff962,311051,311385,366122,366222,54.737000,55.071000
113,231,231,40e7960,301051,301377,371715,371815,70.338000,70.664000
113,165,165,40a5961,326051,326385,387332,387432,60.947000,61.281000
113,114,114,4072962,205217,205543,393119,393219,187.576000,187.902000
113,45,45,402d961,390014,390340,398869,398969,8.529000,8.855000
113,268,268,410c963,369051,369385,405223,405323,35.838000,36.172000
113,261,261,4105960,194051,194385,451289,451389,256.904000,257.238000
113,198,198,40c6960,297051,297385,455850,455950,158.465000,158.799000
113,151,151,4097960,353051,353385,460693,460793,107.308000,107.642000
113,213,213,40d5961,457051,457385,466437,466537,9.052000,9.386000
113,345,345,4159960,302051,302385,472340,472440,169.955000,170.289000
113,172,172,40ac961,355772,356106,481573,481673,125.467000,125.801000
113,111,111,406f960,499051,499377,505700,505800,6.323000,6.649000
113,371,371,4173960,515050,515385,521693,521793,6.308000,6.643000
113,379,379,417b961,518050,518377,530356,530456,11.979000,12.306000
113,142,142,408e960,526051,526385,536145,536245,9.760000,10.094000
113,325,325,4145960,515050,515377,542103,542203,26.726000,27.053000
113,276,276,4114963,563051,563377,575304,575404,11.927000,12.253000
113,62,62,403e962,612051,612377,624370,624470,11.993000,12.319000
113,315,315,413b961,617051,617385,630359,630459,12.974000,13.308000
113,291,291,4123961,626051,626385,636100,636200,9.715000,10.049000
113,360,360,4168961,659051,659377,667937,668037,8.560000,8.886000
113,391,391,4187961,705051,705385,713857,713957,8.472000,8.806000
114,60,60,403c963,22051,22385,30960,31060,8.575000,8.909000
114,3,3,4003961,26051,26385,42505,42605,16.120000,16.454000
114,330,330,414a963,45051,45385,57255,57355,11.870000,12.204000
114,287,287,411f960,44015,44341,62102,62202,17.761000,18.087000
114,346,346,415a960,59051,59385,67615,67715,8.230000,8.564000
114,247,247,40f7963,62051,62377,74482,74582,12.105000,12.431000
114,362,362,416a961,68051,68385,80191,80291,11.806000,12.140000
114,333,333,414d963,72051,72377,85068,85168,12.691000,13.017000
114,93,93,405d961,54051,54385,92196,92296,37.811000,38.145000
114,116,116,4074963,75051,75385,97965,98065,22.580000,22.914000
114,267,267,410b961,107051,107385,115952,116052,8.567000,8.901000
114,243,243,40f3962,88051,88385,131249,131349,42.864000,43.198000
114,193,193,40c1963,130051,130384,142718,142818,12.334000,12.667000
114,279,279,4117962,78051,78385,148501,148601,70.116000,70.450000
114,352,352,4160960,59051,59385,154309,154409,94.924000,95.258000
114,6,6,4006962,148051,148385,160120,160220,11.735000,12.069000
114,277,277,4115963,165051,165377,171808,171908,6.431000,6.757000
114,201,201,40c9963,159051,159385,177650,177750,18.265000,18.599000
114,292,292,4124960,134051,134377,183369,183469,48.992000,49.318000
114,54,54,4036962,181051,181385,192690,192790,11.305000,11.639000
114,208,208,40d0961,189051,189377,204557,204657,15.180000,15.506000
114,30,30,401e960,209051,209385,218321,218421,8.936000,9.270000
114,331,331,414b961,208051,208385,222808,222908,14.423000,14.757000
114,2,2,4002961,58051,58385,227632,227732,169.247000,169.581000
114,355,355,4163961,162051,162385,233380,233480,70.995000,71.329000
114,216,216,40d8961,175051,175385,250861,250961,75.476000,75.810000
114,168,168,40a8960,244051,244385,256391,256491,12.006000,12.340000
114,117,117,4075962,250051,250377,261440,261540,11.063000,11.389000
114,358,358,4166962,97841,98167,270745,270845,172.578000,172.904000
114,66,66,4042960,101051,101385,276459,276559,175.074000,175.408000
114,303,303,412f963,149051,149377,280993,281093,131.616000,131.942000
114,363,363,416b962,250051,250385,285840,285940,35.455000,35.789000
114,282,282,411a961,282051,282377,297355,297455,14.978000,15.304000
114,158,158,409e961,146051,146377,303124,303224,156.747000,157.073000
114,376,376,4178960,301051,301385,308909,309009,7.524000,7.858000
114,148,148,4094960,289051,289385,314678,314778,25.293000,25.627000
114,192,192,40c0961,171051,171385,320463,320563,149.078000,149.412000
114,316,316,413c963,129051,129377,326232,326332,196.855000,197.181000
114,257,257,4101962,302051,302385,332013,332113,29.628000,29.962000
114,255,255,40ff962,311051,311385,366118,366218,54.733000,55.067000
114,231,231,40e7960,301051,301377,371667,371767,70.290000,70.616000
114,165,165,40a5961,326051,326385,387341,387441,60.956000,61.290000
114,114,114,4072962,205217,205543,393071,393171,187.528000,187.854000
114,45,45,402d961,390014,390340,398819,398919,8.479000,8.805000
114,268,268,410c963,369051,369385,405168,405268,35.783000,36.117000
114,35,35,4023962,365051,365377,439618,439718,74.241000,74.567000
114,155,155,409b963,304051,304377,445403,445503,141.026000,141.352000
114,261,261,4105960,194051,194385,451291,451391,256.906000,257.240000
114,198,198,40c6960,297051,297385,455778,455878,158.393000,158.727000
114,151,151,4097960,353051,353385,460602,460702,107.217000,107.551000
114,213,213,40d5961,457051,457385,466350,466450,8.965000,9.299000
114,345,345,4159960,302051,302385,475623,475723,173.238000,173.572000
114,172,172,40ac961,355772,356106,481589,481689,125.483000,125.817000
114,111,111,406f960,499051,499377,505675,505775,6.298000,6.624000
114,371,371,4173960,515050,515385,521694,521795,6.309000,6.644000
114,379,379,417b961,518050,518377,530367,530467,11.990000,12.317000
114,142,142,408e960,526051,526385,536159,536259,9.774000,10.108000
114,325,325,4145960,515050,515377,542118,542218,26.741000,27.068000
114,276,276,4114963,563051,563377,575294,575394,11.917000,12.243000
114,62,62,403e962,612051,612377,624340,624440,11.963000,12.289000
114,315,315,413b961,617051,617385,630349,630449,12.964000,13.298000
114,291,291,4123961,626051,626385,636067,636167,9.682000,10.016000
114,360,360,4168961,659051,659377,667932,668032,8.555000,8.881000
114,391,391,4187961,705051,705385,713795,713895,8.410000,8.744000
115,60,60,403c963,22051,22385,30956,31056,8.571000,8.905000
115,44,44,402c963,23051,23385,36647,36747,13.262000,13.596000
115,298,298,412a963,30051,30385,41180,41280,10.795000,11.129000
115,3,3,4003961,26051,26385,46022,46122,19.637000,19.971000
115,356,356,4164960,30051,30385,51752,51852,21.367000,21.701000
115,330,330,414a963,45051,45385,57204,57304,11.819000,12.153000
115,287,287,411f960,44015,44341,62025,62125,17.684000,18.010000
115,166,166,40a6961,56051,56385,67781,67881,11.396000,11.730000
115,346,346,415a960,59051,59385,72314,72414,12.929000,13.263000
115,247,247,40f7963,62051,62377,77156,77256,14.779000,15.105000
115,362,362,416a961,68051,68385,81642,81742,13.257000,13.591000
115,333,333,414d963,72051,72377,86439,86539,14.062000,14.388000
115,93,93,405d961,54051,54385,92155,92255,37.770000,38.104000
115,116,116,4074963,75051,75385,97886,97986,22.501000,22.835000
115,17,17,4011963,87051,87385,103675,103775,16.290000,16.624000
115,22,22,4016962,46051,46385,109498,109598,63.113000,63.447000
115,267,267,410b961,107051,107385,115911,116011,8.526000,8.860000
115,94,94,405e963,65051,65385,125398,125498,60.013000,60.347000
115,243,243,40f3962,88051,88385,131221,131321,42.836000,43.170000
115,193,193,40c1963,130051,130384,142678,142778,12.294000,12.627000
115,279,279,4117962,78051,78385,148473,148573,70.088000,70.422000
115,352,352,4160960,59051,59385,154269,154369,94.884000,95.218000
115,6,6,4006962,148051,148385,160092,160192,11.707000,12.041000
115,277,277,4115963,165051,165377,171768,171868,6.391000,6.717000
115,201,201,40c9963,159051,159385,177622,177722,18.237000,18.571000
115,110,110,406e963,151051,151377,182113,182213,30.736000,31.062000
115,292,292,4124960,134051,134377,186949,187049,52.572000,52.898000
115,54,54,4036962,181051,181385,192686,192786,11.301000,11.635000
115,377,377,4179961,183051,183385,198609,198709,15.224000,15.558000
115,208,208,40d0961,189051,189377,204540,204640,15.163000,15.489000
115,30,30,401e960,209051,209385,218278,218378,8.893000,9.227000
115,331,331,414b961,208051,208385,222787,222887,14.402000,14.736000
115,2,2,4002961,58051,58385,227608,227708,169.223000,169.557000
115,355,355,4163961,162051,162385,233325,233425,70.940000,71.274000
115,216,216,40d8961,175051,175385,250900,251000,75.515000,75.849000
115,38,38,4026961,189051,189385,255742,255842,66.357000,66.691000
115,168,168,40a8960,244051,244385,260227,260328,15.842000,16.176000
115,117,117,4075962,250051,250377,265025,265125,14.648000,14.974000
115,358,358,4166962,97841,98167,270741,270841,172.574000,172.900000
115,66,66,4042960,101051,101385,276455,276555,175.070000,175.404000
115,303,303,412f963,149051,149377,280988,281088,131.611000,131.937000
115,363,363,416b962,250051,250385,285830,285930,35.445000,35.779000
115,206,206,40ce962,273051,273385,291555,291655,18.170000,18.504000
115,282,282,411a961,282051,282377,297338,297438,14.961000,15.287000
115,158,158,409e961,146051,146377,303081,303181,156.704000,157.030000
115,376,376,4178960,301051,301385,308892,308992,7.507000,7.841000
115,148,148,4094960,289051,289385,314635,314735,25.250000,25.584000
115,192,192,40c0961,171051,171385,320446,320546,149.061000,149.395000
115,316,316,413c963,129051,129377,326189,326289,196.812000,197.138000
115,257,257,4101962,302051,302385,331996,332096,29.611000,29.945000
115,255,255,40ff962,311051,311385,366092,366192,54.707000,55.041000
115,65,65,4041963,271051,271385,371725,371825,100.340000,100.674000
115,231,231,40e7960,301051,301377,376258,376358,74.881000,75.207000
115,165,165,40a5961,326051,326385,387337,387437,60.952000,61.286000
115,114,114,4072962,205217,205543,393067,393167,187.524000,187.850000
115,45,45,402d961,390014,390340,398815,398915,8.475000,8.801000
115,268,268,410c963,369051,369385,405164,405264,35.779000,36.113000
115,214,214,40d6960,220003,220337,433825,433925,213.488000,213.822000
115,35,35,4023962,365051,365377,439575,439675,74.198000,74.524000
115,155,155,409b963,304051,304377,445386,445486,141.009000,141.335000
115,261,261,4105960,194051,194385,451248,451348,256.863000,257.197000
115,198,198,40c6960,297051,297385,455757,455857,158.372000,158.706000
115,151,151,4097960,353051,353385,460578,460678,107.193000,107.527000
115,388,388,4184961,326051,326385,465069,465169,138.684000,139.018000
115,213,213,40d5961,457051,457385,469905,470005,12.520000,12.854000
115,345,345,4159960,302051,302385,475642,475742,173.257000,173.591000
115,172,172,40ac961,355772,356106,481570,481670,125.464000,125.798000
115,111,111,406f960,499051,499377,505694,505794,6.317000,6.643000
115,379,379,417b961,518050,518377,530399,530499,12.022000,12.349000
115,142,142,408e960,526051,526385,536179,536279,9.794000,10.128000
115,325,325,4145960,515050,515377,542150,542250,26.773000,27.100000
115,353,353,4161963,548051,548377,556850,556950,8.473000,8.799000
115,276,276,4114963,563051,563377,575327,575427,11.950000,12.276000
115,315,315,413b961,617051,617385,630369,630469,12.984000,13.318000
115,291,291,4123961,626051,626385,636099,636199,9.714000,10.048000
115,360,360,4168961,659051,659377,667952,668052,8.575000,8.901000
115,391,391,4187961,705051,705385,713827,713927,8.442000,8.776000
116,60,60,403c963,22051,22385,28705,28805,6.320000,6.654000
116,127,127,407f963,28051,28385,36840,36940,8.455000,8.789000
116,298,298,412a963,30051,30385,41374,41474,10.989000,11.323000
116,44,44,402c963,23051,23385,46221,46321,22.836000,23.170000
116,3,3,4003961,26051,26385,52008,52108,25.623000,25.957000
116,330,330,414a963,45051,45385,57204,57304,11.819000,12.153000
116,93,93,405d961,54051,54385,61603,61703,7.218000,7.552000
116,55,55,4037960,40051,40385,66254,66354,25.869000,26.203000
116,346,346,415a960,59051,59385,70798,70898,11.413000,11.747000
116,356,356,4164960,30051,30385,75659,75759,45.274000,45.608000
116,247,247,40f7963,62051,62377,87222,87322,24.845000,25.171000
116,333,333,414d963,72051,72377,93126,93226,20.749000,21.075000
116,166,166,40a6961,56051,56385,108332,108432,51.947000,52.281000
116,185,185,40b9961,71051,71385,114102,114202,42.717000,43.051000
116,267,267,410b961,107051,107385,119921,120021,12.536000,12.870000
116,22,22,4016962,46051,46385,125691,125791,79.306000,79.640000
116,6,6,4006962,148051,148385,157101,157201,8.716000,9.050000
116,17,17,4011963,87051,87385,166288,166388,78.903000,79.237000
116,94,94,405e963,65051,65385,172195,172295,106.810000,107.144000
116,256,256,4100960,102051,102385,177934,178034,75.549000,75.883000
116,110,110,406e963,151051,151377,182496,182596,31.119000,31.445000
116,54,54,4036962,181051,181385,187816,187916,6.431000,6.765000
116,208,208,40d0961,189051,189377,193333,193433,3.956000,4.282000
116,201,201,40c9963,159051,159385,197940,198040,38.555000,38.889000
116,243,243,40f3962,88051,88385,209343,209443,120.958000,121.292000
116,30,30,401e960,209051,209385,213741,213841,4.356000,4.690000
116,74,74,404a963,63051,63385,218388,218488,155.003000,155.337000
116,331,331,414b961,208051,208385,222945,223045,14.560000,14.894000
116,196,196,40c4962,175051,175385,227842,227942,52.457000,52.791000
116,216,216,40d8961,175051,175385,250863,250963,75.478000,75.812000
116,352,352,4160960,59051,59385,255740,255840,196.355000,196.689000
116,168,168,40a8960,244051,244385,260297,260397,15.912000,16.246000
116,117,117,4075962,250051,250377,265224,265324,14.847000,15.173000
116,279,279,4117962,78051,78385,270994,271094,192.609000,192.943000
116,303,303,412f963,149051,149377,280731,280831,131.354000,131.680000
116,363,363,416b962,250051,250385,285609,285709,35.224000,35.558000
116,282,282,411a961,282051,282377,291373,291473,8.996000,9.322000
116,206,206,40ce962,273051,273385,297170,297270,23.785000,24.119000
116,320,320,4140960,183051,183377,302947,303047,119.570000,119.896000
116,345,345,4159960,302051,302385,307338,307438,4.953000,5.287000
116,377,377,4179961,183051,183385,311986,312086,128.601000,128.935000
116,192,192,40c0961,171051,171385,317697,317797,146.312000,146.646000
116,38,38,4026961,189051,189385,323491,323591,134.106000,134.440000
116,376,376,4178960,301051,301385,329450,329550,28.065000,28.399000
116,386,386,4182961,233051,233377,339870,339970,106.493000,106.819000
116,66,66,4042960,101051,101385,345024,345124,243.639000,243.973000
116,358,358,4166962,97841,98167,354165,354265,255.998000,256.324000
116,284,284,411c962,193675,194001,359970,360070,165.969000,166.295000
116,317,317,413d962,359051,359377,365785,365885,6.408000,6.734000
116,255,255,40ff962,311051,311385,370295,370395,58.910000,59.244000
116,164,164,40a4962,204051,204377,375121,375221,170.744000,171.070000
116,231,231,40e7960,301051,301377,379613,379713,78.236000,78.562000
116,114,114,4072962,205217,205543,424262,424362,218.719000,219.045000
116,65,65,4041963,271051,271385,435875,435975,164.490000,164.824000
116,165,165,40a5961,326051,326385,441835,441935,115.450000,115.784000
116,214,214,40d6960,220003,220337,447617,447717,227.280000,227.614000
116,198,198,40c6960,297051,297385,454534,454634,157.149000,157.483000
116,316,316,413c963,129051,129377,460317,460417,330.940000,331.266000
116,388,388,4184961,326051,326385,464881,464981,138.496000,138.830000
116,151,151,4097960,353051,353385,469728,469828,116.343000,116.677000
116,261,261,4105960,194051,194385,475613,475713,281.228000,281.562000
116,45,45,402d961,390014,390340,489666,489766,99.326000,99.652000
116,213,213,40d5961,457051,457385,507800,507900,50.415000,50.749000
116,172,172,40ac961,355772,356106,525247,525347,169.141000,169.475000
116,111,111,406f960,499051,499377,537037,537137,37.660000,37.986000
116,142,142,408e960,526051,526385,548884,548984,22.499000,22.833000
116,353,353,4161963,548051,548377,556949,557049,8.572000,8.898000
116,276,276,4114963,563051,563377,575328,575428,11.951000,12.277000
116,315,315,413b961,617051,617385,625958,626058,8.573000,8.907000
116,291,291,4123961,626051,626385,634895,634995,8.510000,8.844000
116,200,200,40c8960,623051,623385,640810,640910,17.425000,17.759000
116,115,115,4073963,649051,649385,657879,657979,8.494000,8.828000
116,360,360,4168961,659051,659377,665723,665823,6.346000,6.672000
116,278,278,4116962,721051,721377,733450,733550,12.073000,12.399000
117,60,60,403c963,22051,22385,28701,28801,6.316000,6.650000
117,127,127,407f963,28051,28385,36836,36936,8.451000,8.785000
117,298,298,412a963,30051,30385,41369,41469,10.984000,11.318000
117,3,3,4003961,26051,26385,52043,52143,25.658000,25.992000
117,330,330,414a963,45051,45385,57178,57278,11.793000,12.127000
117,93,93,405d961,54051,54385,61880,61980,7.495000,7.829000
117,55,55,4037960,40051,40385,66533,66633,26.148000,26.482000
117,247,247,40f7963,62051,62377,87164,87264,24.787000,25.113000
117,333,333,414d963,72051,72377,93101,93201,20.724000,21.050000
117,166,166,40a6961,56051,56385,108274,108374,51.889000,52.223000
117,185,185,40b9961,71051,71385,114077,114177,42.692000,43.026000
117,267,267,410b961,107051,107385,119863,119963,12.478000,12.812000
117,22,22,4016962,46051,46385,125666,125766,79.281000,79.615000
117,6,6,4006962,148051,148385,157043,157143,8.658000,8.992000
117,94,94,405e963,65051,65385,172159,172259,106.774000,107.108000
117,256,256,4100960,102051,102385,177939,178039,75.554000,75.888000
117,54,54,4036962,181051,181385,187828,187928,6.443000,6.777000
117,201,201,40c9963,159051,159385,194829,194929,35.444000,35.778000
117,243,243,40f3962,88051,88385,209378,209478,120.993000,121.327000
117,30,30,401e960,209051,209385,213776,213876,4.391000,4.725000
117,74,74,404a963,63051,63385,218487,218587,155.102000,155.436000
117,331,331,414b961,208051,208385,223043,223143,14.658000,14.992000
117,196,196,40c4962,175051,175385,227974,228074,52.589000,52.923000
117,216,216,40d8961,175051,175385,250863,250963,75.478000,75.812000
117,168,168,40a8960,244051,244385,256422,256522,12.037000,12.371000
117,117,117,4075962,250051,250377,261556,261657,11.179000,11.505000
117,279,279,4117962,78051,78385,271040,271140,192.655000,192.989000
117,303,303,412f963,149051,149377,280682,280782,131.305000,131.631000
117,363,363,416b962,250051,250385,285600,285700,35.215000,35.549000
117,282,282,411a961,282051,282377,291382,291482,9.005000,9.331000
117,320,320,4140960,183051,183377,302959,303059,119.582000,119.908000
117,345,345,4159960,302051,302385,307350,307450,4.965000,5.299000
117,192,192,40c0961,171051,171385,317731,317831,146.346000,146.680000
117,386,386,4182961,233051,233377,339831,339931,106.454000,106.780000
117,66,66,4042960,101051,101385,345049,345149,243.664000,243.998000
117,358,358,4166962,97841,98167,354187,354287,256.020000,256.346000
117,284,284,411c962,193675,194001,359995,360095,165.994000,166.320000
117,317,317,413d962,359051,359377,365807,365907,6.430000,6.756000
117,255,255,40ff962,311051,311385,370293,370393,58.908000,59.242000
117,164,164,40a4962,204051,204377,375128,375228,170.751000,171.077000
117,231,231,40e7960,301051,301377,379661,379761,78.284000,78.610000
117,248,248,40f8962,284051,284385,384520,384620,100.135000,100.469000
117,114,114,4072962,205217,205543,424326,424426,218.783000,219.109000
117,380,380,417c961,302051,302377,430088,430188,127.711000,128.037000
117,165,165,40a5961,326051,326385,441847,441947,115.462000,115.796000
117,214,214,40d6960,220003,220337,447600,447700,227.263000,227.597000
117,11,11,400b961,383051,383385,453386,453486,70.001000,70.335000
117,198,198,40c6960,297051,297385,457917,458017,160.532000,160.866000
117,388,388,4184961,326051,326385,463502,463602,137.117000,137.451000
117,261,261,4105960,194051,194385,475635,475735,281.250000,281.584000
117,45,45,402d961,390014,390340,489691,489791,99.351000,99.677000
117,213,213,40d5961,457051,457385,507822,507922,50.437000,50.771000
117,111,111,406f960,499051,499377,537049,537149,37.672000,37.998000
117,314,314,413a961,530051,530377,541580,541680,11.203000,11.529000
117,276,276,4114963,563051,563377,575287,575387,11.910000,12.236000
117,315,315,413b961,617051,617385,625986,626086,8.601000,8.935000
117,291,291,4123961,626051,626385,634906,635006,8.521000,8.855000
117,200,200,40c8960,623051,623385,640838,640938,17.453000,17.787000
117,115,115,4073963,649051,649385,657890,657990,8.505000,8.839000
117,360,360,4168961,659051,659377,665751,665851,6.374000,6.700000
117,278,278,4116962,721051,721377,733461,733561,12.084000,12.410000
118,60,60,403c963,22051,22385,28798,28898,6.413000,6.747000
118,127,127,407f963,28051,28385,36831,36931,8.446000,8.780000
118,298,298,412a963,30051,30385,41365,41465,10.980000,11.314000
118,3,3,4003961,26051,26385,52038,52138,25.653000,25.987000
118,330,330,414a963,45051,45385,57174,57274,11.789000,12.123000
118,55,55,4037960,40051,40385,67779,67879,27.394000,27.728000
118,93,93,405d961,54051,54385,73598,73698,19.213000,19.547000
118,333,333,414d963,72051,72377,108160,108260,35.783000,36.109000
118,166,166,40a6961,56051,56385,113928,114028,57.543000,57.877000
118,267,267,410b961,107051,107385,119697,119797,12.312000,12.646000
118,43,43,402b962,107051,107385,131215,131315,23.830000,24.164000
118,22,22,4016962,46051,46385,142761,142861,96.376000,96.710000
118,6,6,4006962,148051,148385,171656,171756,23.271000,23.605000
118,256,256,4100960,102051,102385,183084,183184,80.699000,81.033000
118,54,54,4036962,181051,181385,187483,187583,6.098000,6.432000
118,98,98,4062962,162051,162377,192123,192223,29.746000,30.072000
118,245,245,40f5961,107051,107385,197944,198044,90.559000,90.893000
118,94,94,405e963,65051,65385,203706,203806,138.321000,138.655000
118,201,201,40c9963,159051,159385,215297,215397,55.912000,56.246000
118,30,30,401e960,209051,209385,221090,221190,11.705000,12.039000
118,196,196,40c4962,175051,175385,236640,236740,61.255000,61.589000
118,243,243,40f3962,88051,88385,242438,242538,154.053000,154.387000
118,74,74,404a963,63051,63385,248219,248319,184.834000,185.168000
118,216,216,40d8961,175051,175385,252806,252906,77.421000,77.755000
118,117,117,4075962,250051,250377,257234,257334,6.857000,7.183000
118,168,168,40a8960,244051,244385,261650,261750,17.265000,17.599000
118,303,303,412f963,149051,149377,280729,280829,131.352000,131.678000
118,279,279,4117962,78051,78385,285576,285676,207.191000,207.525000
118,282,282,411a961,282051,282377,291295,291395,8.918000,9.244000
118,373,373,4175963,127051,127385,297060,297160,169.675000,170.009000
118,320,320,4140960,183051,183377,302840,302940,119.463000,119.789000
118,363,363,416b962,250051,250385,308647,308747,58.262000,58.596000
118,192,192,40c0961,171051,171385,314401,314501,143.016000,143.350000
118,66,66,4042960,101051,101385,350285,350385,248.900000,249.234000
118,255,255,40ff962,311051,311385,368172,368272,56.787000,57.121000
118,345,345,4159960,302051,302385,372974,373074,70.589000,70.923000
118,231,231,40e7960,301051,301377,377538,377638,76.161000,76.487000
118,248,248,40f8962,284051,284385,382385,382485,98.000000,98.334000
118,397,397,418d962,77051,77377,388904,389004,311.527000,311.853000
118,68,68,4044960,385051,385385,407570,407670,22.185000,22.519000
118,349,349,415d960,345051,345385,416951,417051,71.566000,71.900000
118,114,114,4072962,205217,205543,431395,431495,225.852000,226.178000
118,380,380,417c961,302051,302377,437187,437287,134.810000,135.136000
118,165,165,40a5961,326051,326385,442928,443028,116.543000,116.877000
118,214,214,40d6960,220003,220337,448696,448796,228.359000,228.693000
118,11,11,400b961,383051,383385,454465,454565,71.080000,71.414000
118,198,198,40c6960,297051,297385,459029,459129,161.644000,161.978000
118,383,383,417f961,253051,253385,463906,464006,210.521000,210.855000
118,388,388,4184961,326051,326385,468415,468515,142.030000,142.364000
118,109,109,406d961,264871,265197,473239,473339,208.042000,208.368000
118,261,261,4105960,194051,194385,478987,479087,284.602000,284.936000
118,45,45,402d961,390014,390340,490402,490502,100.062000,100.388000
118,213,213,40d5961,457051,457385,513396,513497,56.011000,56.345000
118,203,203,40cb960,465051,465377,531098,531198,65.721000,66.047000
118,111,111,406f960,499051,499377,536996,537096,37.619000,37.945000
118,314,314,413a961,530051,530377,541518,541618,11.141000,11.467000
118,276,276,4114963,563051,563377,575266,575366,11.889000,12.215000
118,315,315,413b961,617051,617385,625974,626074,8.589000,8.923000
118,291,291,4123961,626051,626385,634911,635011,8.526000,8.860000
118,115,115,4073963,649051,649385,657875,657975,8.490000,8.824000
118,360,360,4168961,659051,659377,665757,665857,6.380000,6.706000
119,60,60,403c963,22051,22385,28794,28894,6.409000,6.743000
119,127,127,407f963,28051,28385,36827,36927,8.442000,8.776000
119,3,3,4003961,26051,26385,52010,52110,25.625000,25.959000
119,330,330,414a963,45051,45385,57212,57312,11.827000,12.161000
119,90,90,405a961,40051,40385,62070,62170,21.685000,22.019000
119,55,55,4037960,40051,40385,67850,67950,27.465000,27.799000
119,93,93,405d961,54051,54385,73631,73731,19.246000,19.580000
119,225,225,40e1962,29051,29385,85151,85251,55.766000,56.100000
119,327,327,4147960,82051,82385,90881,90981,8.496000,8.830000
119,219,219,40db960,50051,50377,96665,96765,46.288000,46.614000
119,381,381,417d962,32050,32385,102395,102495,70.010000,70.345000
119,333,333,414d963,72051,72377,108179,108279,35.802000,36.128000
119,267,267,410b961,107051,107385,119729,119829,12.344000,12.678000
119,390,390,4186960,92051,92377,125509,125609,33.132000,33.458000
119,43,43,402b962,107051,107385,131248,131348,23.863000,24.197000
119,336,336,4150960,90051,90385,137054,137154,46.669000,47.003000
119,237,237,40ed963,66051,66385,148536,148636,82.151000,82.485000
119,147,147,4093963,118051,118377,165907,166007,47.530000,47.856000
119,6,6,4006962,148051,148385,171637,171737,23.252000,23.586000
119,123,123,407b960,143051,143385,177386,177486,34.001000,34.335000
119,256,256,4100960,102051,102385,183116,183216,80.731000,81.065000
119,54,54,4036962,181051,181385,187514,187614,6.129000,6.463000
119,98,98,4062962,162051,162377,192199,192299,29.822000,30.148000
119,245,245,40f5961,107051,107385,197949,198049,90.564000,90.898000
119,306,306,4132962,197051,197385,209543,209643,12.158000,12.492000
119,201,201,40c9963,159051,159385,215302,215402,55.917000,56.251000
119,30,30,401e960,209051,209385,221132,221232,11.747000,12.081000
119,162,162,40a2961,93051,93385,226009,226109,132.624000,132.958000
119,0,0,4000963,147051,147385,230881,230981,83.496000,83.830000
119,196,196,40c4962,175051,175385,236662,236762,61.277000,61.611000
119,243,243,40f3962,88051,88385,242460,242560,154.075000,154.409000
119,74,74,404a963,63051,63385,248241,248341,184.856000,185.190000
119,216,216,40d8961,175051,175385,252814,252914,77.429000,77.763000
119,117,117,4075962,250051,250377,257215,257315,6.838000,7.164000
119,99,99,4063961,85051,85385,261866,261965,176.481000,176.815000
119,168,168,40a8960,244051,244385,266397,266497,22.012000,22.346000
119,399,399,418f961,243051,243385,273362,273462,29.977000,30.311000
119,303,303,412f963,149051,149377,280690,280790,131.313000,131.639000
119,279,279,4117962,78051,78385,285548,285648,207.163000,207.497000
119,282,282,411a961,282051,282377,291330,291430,8.953000,9.279000
119,373,373,4175963,127051,127385,297069,297169,169.684000,170.018000
119,320,320,4140960,183051,183377,302875,302975,119.498000,119.824000
119,363,363,416b962,250051,250385,308656,308756,58.271000,58.605000
119,192,192,40c0961,171051,171385,314436,314536,143.051000,143.385000
119,183,183,40b7962,279051,279377,318944,319044,39.567000,39.893000
119,207,207,40cf961,310051,310385,324487,324587,14.102000,14.436000
119,105,105,4069960,318051,318385,330192,330292,11.807000,12.141000
119,66,66,4042960,101051,101385,350206,350306,248.821000,249.155000
119,174,174,40ae963,173051,173385,358768,358868,185.383000,185.717000
119,210,210,40d2962,287051,287377,363610,363710,76.233000,76.559000
119,255,255,40ff962,311051,311385,368172,368272,56.787000,57.121000
119,345,345,4159960,302051,302385,372969,373069,70.584000,70.918000
119,231,231,40e7960,301051,301377,377532,377632,76.155000,76.481000
119,87,87,4057963,176051,176377,383071,383171,206.694000,207.020000
119,397,397,418d962,77051,77377,388981,389081,311.604000,311.930000
119,63,63,403f961,292051,292377,393879,393979,101.502000,101.828000
119,81,81,4051961,166051,166385,403233,403333,236.848000,237.182000
119,68,68,4044960,385051,385385,407742,407842,22.357000,22.691000
119,349,349,415d960,345051,345385,416976,417076,71.591000,71.925000
119,375,375,4177962,353051,353377,422037,422137,68.660000,68.986000
119,114,114,4072962,205217,205543,431427,431527,225.884000,226.210000
119,165,165,40a5961,326051,326385,442947,443047,116.562000,116.896000
119,198,198,40c6960,297051,297385,454517,454617,157.132000,157.466000
119,383,383,417f961,253051,253385,460228,460328,206.843000,207.177000
119,109,109,406d961,264871,265197,469615,469715,204.418000,204.744000
119,261,261,4105960,194051,194385,478932,479032,284.547000,284.881000
119,45,45,402d961,390014,390340,490449,490549,100.109000,100.435000
119,270,270,410e962,477051,477377,496149,496249,18.772000,19.098000
119,75,75,404b963,179051,179377,501908,502008,322.531000,322.857000
119,213,213,40d5961,457051,457385,513342,513442,55.957000,56.291000
119,203,203,40cb960,465051,465377,531093,531193,65.716000,66.042000
119,111,111,406f960,499051,499377,536941,537041,37.564000,37.890000
119,297,297,4129963,493051,493377,542934,543034,49.557000,49.883000
119,276,276,4114963,563051,563377,575226,575326,11.849000,12.175000
119,315,315,413b961,617051,617385,625946,626046,8.561000,8.895000
119,357,357,4165962,615051,615377,630437,630537,15.060000,15.386000
119,291,291,4123961,626051,626385,635295,635395,8.910000,9.244000
119,115,115,4073963,649051,649385,657871,657971,8.486000,8.820000
119,360,360,4168961,659051,659377,665753,665853,6.376000,6.702000
119,321,321,4141961,693051,693377,705400,705500,12.023000,12.349000
119,186,186,40ba960,771051,771377,779915,780015,8.538000,8.864000
119,396,396,418c960,856051,856385,864994,865094,8.609000,8.943000
119,354,354,4162961,1021051,1021385,1033363,1033463,11.978000,12.312000
120,294,294,4126961,24051,24385,32875,32975,8.490000,8.824000
120,382,382,417e963,21051,21385,37367,37467,15.982000,16.316000
120,90,90,405a961,40051,40385,55197,55297,14.812000,15.146000
120,324,324,4144960,57051,57385,63730,63830,6.345000,6.679000
120,381,381,417d962,32050,32385,75184,75284,42.799000,43.134000
120,219,219,40db960,50051,50377,80963,81063,30.586000,30.912000
120,24,24,4018962,25051,25385,86719,86819,61.334000,61.668000
120,40,40,4028963,58051,58385,91251,91351,32.866000,33.200000
120,342,342,4156960,95051,95377,107347,107447,11.970000,12.296000
120,258,258,4102961,65051,65385,113065,113165,47.680000,48.014000
120,15,15,400f960,110051,110385,117464,117564,7.079000,7.413000
120,390,390,4186960,92051,92377,126668,126768,34.291000,34.617000
120,285,285,411d963,116051,116377,132401,132501,16.024000,16.350000
120,43,43,402b962,107051,107385,138154,138254,30.769000,31.103000
120,149,149,4095962,130039,130366,148086,148186,17.720000,18.047000
120,237,237,40ed963,66051,66385,153880,153980,87.495000,87.829000
120,26,26,401a962,47051,47385,159673,159773,112.288000,112.622000
120,147,147,4093963,118051,118377,177028,177128,58.651000,58.977000
120,0,0,4000963,147051,147385,182821,182921,35.436000,35.770000
120,252,252,40fc963,150023,150349,187408,187508,37.059000,37.385000
120,123,123,407b960,143051,143385,192310,192410,48.925000,49.259000
120,320,320,4140960,183051,183377,196842,196942,13.465000,13.791000
120,336,336,4150960,90051,90385,201702,201802,111.317000,111.651000
120,126,126,407e962,154051,154385,206289,206389,51.904000,52.238000
120,87,87,4057963,176051,176377,211241,211341,34.864000,35.190000
120,174,174,40ae963,173051,173385,215876,215976,42.491000,42.825000
120,23,23,4017960,148051,148385,220816,220916,72.431000,72.765000
120,306,306,4132962,197051,197385,225403,225503,28.018000,28.352000
120,246,246,40f6962,172051,172385,230342,230442,57.957000,58.291000
120,144,144,4090961,166051,166385,236180,236280,69.795000,70.129000
120,369,369,4171962,224051,224377,247823,247923,23.446000,23.772000
120,399,399,418f961,243051,243385,259474,259573,16.089000,16.423000
120,327,327,4147960,82051,82385,271042,271142,188.657000,188.991000
120,204,204,40cc963,139051,139377,276859,276959,137.482000,137.808000
120,74,74,404a963,63051,63385,282696,282796,219.311000,219.645000
120,99,99,4063961,85051,85385,288523,288623,203.138000,203.472000
120,373,373,4175963,127051,127385,294318,294418,166.933000,167.267000
120,312,312,4138963,157051,157377,298850,298950,141.473000,141.799000
120,273,273,4111962,137051,137385,305901,306001,168.516000,168.850000
120,9,9,4009960,219051,219385,312157,312257,92.772000,93.106000
120,183,183,40b7962,279051,279377,323326,323426,43.949000,44.275000
120,207,207,40cf961,310051,310385,327858,327958,17.473000,17.807000
120,162,162,40a2961,93051,93385,332798,332898,239.413000,239.747000
120,76,76,404c960,228051,228385,338575,338675,110.190000,110.524000
120,153,153,4099961,165051,165385,344430,344530,179.045000,179.379000
120,105,105,4069960,318051,318385,353808,353908,35.423000,35.757000
120,397,397,418d962,77051,77377,359676,359776,282.299000,282.625000
120,96,96,4060960,348051,348377,374825,374925,26.448000,26.774000
120,210,210,40d2962,287051,287377,380636,380736,93.259000,93.585000
120,39,39,4027961,336051,336385,392217,392317,55.832000,56.166000
120,350,350,415e960,325051,325385,398060,398160,72.675000,73.009000
120,129,129,4081960,185051,185385,403837,403937,218.452000,218.786000
120,63,63,403f961,292051,292377,409680,409780,117.303000,117.629000
120,375,375,4177962,353051,353377,415457,415557,62.080000,62.406000
120,349,349,415d960,345051,345385,427067,427167,81.682000,82.016000
120,78,78,404e963,356051,356385,431654,431754,75.269000,75.603000
120,180,180,40b4960,362051,362385,438426,438526,76.041000,76.375000
120,75,75,404b963,179051,179377,453214,453314,273.837000,274.163000
120,81,81,4051961,166051,166385,459162,459262,292.777000,293.111000
120,387,387,4183963,434051,434385,464979,465079,30.594000,30.928000
120,84,84,4054963,435051,435385,470785,470885,35.400000,35.734000
120,177,177,40b1960,457051,457377,482129,482229,24.752000,25.078000
120,189,189,40bd963,187779,188105,487935,488035,299.830000,300.156000
120,270,270,410e962,477051,477377,493752,493852,16.375000,16.701000
120,109,109,406d961,264871,265197,499547,499647,234.350000,234.676000
120,150,150,4096960,332051,332377,511343,511443,178.966000,179.292000
120,351,351,415f963,517050,517377,530396,530496,13.019000,13.346000
120,225,225,40e1962,29051,29385,540435,540535,511.050000,511.384000
120,240,240,40f0961,462051,462377,546365,546465,83.988000,84.314000
120,348,348,415c961,53051,53385,552299,552399,498.914000,499.248000
120,297,297,4129963,493051,493377,558229,558329,64.852000,65.178000
120,339,339,4153961,537051,537377,570073,570173,32.696000,33.022000
120,318,318,413e960,569051,569377,581398,581498,12.021000,12.347000
120,357,357,4165962,615051,615377,623877,623977,8.500000,8.826000
120,321,321,4141961,693051,693377,701959,702059,8.582000,8.908000
120,186,186,40ba960,771051,771377,783436,783536,12.059000,12.385000
120,152,152,4098961,795051,795377,807433,807533,12.056000,12.382000
120,396,396,418c960,856051,856385,868464,868564,12.079000,12.413000
120,249,249,40f9960,997051,997385,1009479,1009579,12.094000,12.428000
120,354,354,4162961,1021051,1021385,1029965,1030066,8.580000,8.914000
120,374,374,4176960,1041051,1041377,1053433,1053533,12.056000,12.382000
121,294,294,4126961,24051,24385,32871,32971,8.486000,8.820000
121,382,382,417e963,21051,21385,37362,37462,15.977000,16.311000
121,324,324,4144960,57051,57385,63687,63787,6.302000,6.636000
121,370,370,4172962,52051,52385,68196,68296,15.811000,16.145000
121,24,24,4018962,25051,25385,86730,86830,61.345000,61.679000
121,40,40,4028963,58051,58385,91221,91321,32.836000,33.170000
121,139,139,408b963,44051,44385,101584,101684,57.199000,57.533000
121,342,342,4156960,95051,95377,107367,107467,11.990000,12.316000
121,49,49,4031960,76051,76385,111853,111953,35.468000,35.802000
121,15,15,400f960,110051,110385,116283,116383,5.898000,6.232000
121,258,258,4102961,65051,65385,120926,121026,55.541000,55.875000
121,285,285,411d963,116051,116377,132423,132523,16.046000,16.372000
121,43,43,402b962,107051,107385,138176,138276,30.791000,31.125000
121,149,149,4095962,130039,130366,148108,148208,17.742000,18.069000
121,26,26,401a962,47051,47385,159669,159769,112.284000,112.618000
121,242,242,40f2963,69051,69385,165463,165563,96.078000,96.412000
121,239,239,40ef963,38992,39318,171226,171326,131.908000,132.234000
121,252,252,40fc963,150023,150349,186269,186369,35.920000,36.246000
121,320,320,4140960,183051,183377,192993,193093,9.616000,9.942000
121,126,126,407e962,154051,154385,202690,202790,48.305000,48.639000
121,23,23,4017960,148051,148385,213578,213678,65.193000,65.527000
121,302,302,412e961,188051,188385,218438,218538,30.053000,30.387000
121,246,246,40f6962,172051,172385,226635,226735,54.250000,54.584000
121,144,144,4090961,166051,166385,236176,236276,69.791000,70.125000
121,286,286,411e961,230051,230377,242002,242102,11.625000,11.951000
121,369,369,4171962,224051,224377,247851,247951,23.474000,23.800000
121,204,204,40cc963,139051,139377,276875,276975,137.498000,137.824000
121,74,74,404a963,63051,63385,282724,282824,219.339000,219.673000
121,373,373,4175963,127051,127385,294314,294414,166.929000,167.263000
121,312,312,4138963,157051,157377,298845,298945,141.468000,141.794000
121,273,273,4111962,137051,137385,305897,305997,168.512000,168.846000
121,9,9,4009960,219051,219385,312157,312257,92.772000,93.106000
121,14,14,400e961,107051,107385,317462,317562,210.077000,210.411000
121,76,76,404c960,228051,228385,338597,338697,110.212000,110.546000
121,176,176,40b0961,250051,250377,343158,343258,92.781000,93.107000
121,153,153,4099961,165051,165385,348021,348121,182.636000,182.970000
121,397,397,418d962,77051,77377,359672,359772,282.295000,282.621000
121,96,96,4060960,348051,348377,374821,374921,26.444000,26.770000
121,146,146,4092963,87051,87385,386447,386547,299.062000,299.396000
121,39,39,4027961,336051,336385,392213,392313,55.828000,56.162000
121,350,350,415e960,325051,325385,398056,398156,72.671000,73.005000
121,129,129,4081960,185051,185385,403833,403933,218.448000,218.782000
121,349,349,415d960,345051,345385,427063,427163,81.678000,82.012000
121,78,78,404e963,356051,356385,431649,431749,75.264000,75.598000
121,180,180,40b4960,362051,362385,438422,438522,76.037000,76.371000
121,387,387,4183963,434051,434385,464975,465075,30.590000,30.924000
121,84,84,4054963,435051,435385,470781,470881,35.396000,35.730000
121,177,177,40b1960,457051,457377,482125,482225,24.748000,25.074000
121,189,189,40bd963,187779,188105,487931,488031,299.826000,300.152000
121,109,109,406d961,264871,265197,499575,499675,234.378000,234.704000
121,150,150,4096960,332051,332377,511307,511407,178.930000,179.256000
121,280,280,4118962,512050,512385,518789,518889,6.404000,6.739000
121,351,351,415f963,517050,517377,530392,530492,13.015000,13.342000
121,240,240,40f0961,462051,462377,546341,546441,83.964000,84.290000
121,348,348,415c961,53051,53385,552263,552363,498.878000,499.212000
121,181,181,40b5960,416051,416377,564159,564259,147.782000,148.108000
121,339,339,4153961,537051,537377,570089,570189,32.712000,33.038000
121,318,318,413e960,569051,569377,581349,581449,11.972000,12.298000
121,215,215,40d7960,615051,615385,629844,629944,14.459000,14.793000
121,152,152,4098961,795051,795377,807412,807512,12.035000,12.361000
121,249,249,40f9960,997051,997385,1009475,1009575,12.090000,12.424000
121,374,374,4176960,1041051,1041377,1053412,1053512,12.035000,12.361000
122,382,382,417e963,21051,21385,33252,33352,11.867000,12.201000
122,294,294,4126961,24051,24385,38129,38229,13.744000,14.078000
122,7,7,4007960,32050,32385,54589,54689,22.204000,22.539000
122,324,324,4144960,57051,57385,63707,63807,6.322000,6.656000
122,370,370,4172962,52051,52385,68194,68294,15.809000,16.143000
122,24,24,4018962,25051,25385,83200,83300,57.815000,58.149000
122,40,40,4028963,58051,58385,91011,91111,32.626000,32.960000
122,139,139,408b963,44051,44385,95858,95958,51.473000,51.807000
122,145,145,4091960,47051,47385,100345,100445,52.960000,53.294000
122,258,258,4102961,65051,65385,105147,105247,39.762000,40.096000
122,49,49,4031960,76051,76385,109681,109781,33.296000,33.630000
122,342,342,4156960,95051,95377,114528,114628,19.151000,19.477000
122,15,15,400f960,110051,110385,120284,120384,9.899000,10.233000
122,285,285,411d963,116051,116377,126049,126149,9.672000,9.998000
122,313,313,4139960,88051,88377,143311,143411,54.934000,55.260000
122,398,398,418e961,138051,138385,148113,148213,9.728000,10.062000
122,244,244,40f4962,132051,132385,152677,152777,20.292000,20.626000
122,361,361,4169960,82994,83320,158282,158382,74.962000,75.288000
122,242,242,40f2963,69051,69385,163108,163208,93.723000,94.057000
122,239,239,40ef963,38992,39318,168825,168925,129.507000,129.833000
122,364,364,416c961,85051,85377,174583,174683,89.206000,89.532000
122,252,252,40fc963,150023,150349,186194,186294,35.845000,36.171000
122,320,320,4140960,183051,183377,191724,191824,8.347000,8.673000
122,302,302,412e961,188051,188385,196920,197020,8.535000,8.869000
122,126,126,407e962,154051,154385,201551,201651,47.166000,47.500000
122,236,236,40ec963,100051,100377,206418,206518,106.041000,106.367000
122,246,246,40f6962,172051,172385,212215,212315,39.830000,40.164000
122,144,144,4090961,166051,166385,223756,223856,57.371000,57.705000
122,204,204,40cc963,139051,139377,229574,229674,90.197000,90.523000
122,286,286,411e961,230051,230377,238920,239020,8.543000,8.869000
122,369,369,4171962,224051,224377,244775,244875,20.398000,20.724000
122,74,74,404a963,63051,63385,276903,277003,213.518000,213.852000
122,312,312,4138963,157051,157377,294373,294473,136.996000,137.322000
122,273,273,4111962,137051,137385,299943,300043,162.558000,162.892000
122,9,9,4009960,219051,219385,312105,312205,92.720000,93.054000
122,14,14,400e961,107051,107385,326626,326726,219.241000,219.575000
122,76,76,404c960,228051,228385,332493,332593,104.108000,104.442000
122,153,153,4099961,165051,165385,338288,338388,172.903000,173.237000
122,176,176,40b0961,250051,250377,342775,342875,92.398000,92.724000
122,96,96,4060960,348051,348377,371170,371270,22.793000,23.119000
122,146,146,4092963,87051,87385,380822,380922,293.437000,293.771000
122,39,39,4027961,336051,336385,386682,386782,50.297000,50.631000
122,129,129,4081960,185051,185385,398133,398233,212.748000,213.082000
122,78,78,404e963,356051,356385,430859,430959,74.474000,74.808000
122,133,133,4085960,276051,276377,435755,435855,159.378000,159.704000
122,180,180,40b4960,362051,362385,441500,441600,79.115000,79.449000
122,34,34,4022961,230051,230385,447297,447397,216.912000,217.246000
122,107,107,406b962,400051,400385,458866,458966,58.481000,58.815000
122,387,387,4183963,434051,434385,464684,464784,30.299000,30.633000
122,84,84,4054963,435051,435385,470592,470692,35.207000,35.541000
122,177,177,40b1960,457051,457377,482182,482282,24.805000,25.131000
122,189,189,40bd963,187779,188105,487927,488027,299.822000,300.148000
122,251,251,40fb961,479051,479377,493724,493824,14.347000,14.673000
122,150,150,4096960,332051,332377,511250,511350,178.873000,179.199000
122,280,280,4118962,512050,512385,522965,523064,10.580000,10.915000
122,351,351,415f963,517050,517377,528741,528841,11.364000,11.691000
122,295,295,4127960,493051,493377,534559,534659,41.182000,41.508000
122,240,240,40f0961,462051,462377,546288,546388,83.911000,84.237000
122,348,348,415c961,53051,53385,552272,552372,498.887000,499.221000
122,181,181,40b5960,416051,416377,564087,564187,147.710000,148.036000
122,339,339,4153961,537051,537377,570065,570165,32.688000,33.014000
122,318,318,413e960,569051,569377,581324,581424,11.947000,12.273000
122,385,385,4181963,531051,531385,586192,586292,54.807000,55.141000
122,215,215,40d7960,615051,615385,629749,629849,14.364000,14.698000
122,281,281,4119961,731051,731385,739827,739927,8.442000,8.776000
122,249,249,40f9960,997051,997385,1009399,1009499,12.014000,12.348000
123,134,134,4086961,25051,25385,31712,31812,6.327000,6.661000
123,382,382,417e963,21051,21385,36203,36303,14.818000,15.152000
123,294,294,4126961,24051,24385,41039,41139,16.654000,16.988000
123,7,7,4007960,32050,32385,54572,54672,22.187000,22.522000
123,324,324,4144960,57051,57385,63664,63764,6.279000,6.613000
123,370,370,4172962,52051,52385,68173,68273,15.788000,16.122000
123,24,24,4018962,25051,25385,83247,83347,57.862000,58.196000
123,40,40,4028963,58051,58385,90972,91072,32.587000,32.921000
123,139,139,408b963,44051,44385,95830,95930,51.445000,51.779000
123,145,145,4091960,47051,47385,100339,100439,52.954000,53.288000
123,258,258,4102961,65051,65385,105190,105290,39.805000,40.139000
123,49,49,4031960,76051,76385,109681,109781,33.296000,33.630000
123,342,342,4156960,95051,95377,114539,114639,19.162000,19.488000
123,15,15,400f960,110051,110385,120319,120419,9.934000,10.268000
123,285,285,411d963,116051,116377,126058,126158,9.681000,10.007000
123,122,122,407a962,98051,98385,131572,131672,33.187000,33.521000
123,313,313,4139960,88051,88377,143336,143436,54.959000,55.285000
123,398,398,418e961,138051,138385,148208,148308,9.823000,10.157000
123,244,244,40f4962,132051,132385,152694,152794,20.309000,20.643000
123,361,361,4169960,82994,83320,158242,158342,74.922000,75.248000
123,184,184,40b8961,132051,132385,165209,165309,32.824000,33.158000
123,364,364,416c961,85051,85377,174580,174680,89.203000,89.529000
123,252,252,40fc963,150023,150349,186233,186333,35.884000,36.210000
123,275,275,4113963,107051,107385,191075,191175,83.690000,84.024000
123,320,320,4140960,183051,183377,195561,195661,12.184000,12.510000
123,126,126,407e962,154051,154385,201061,201161,46.676000,47.010000
123,236,236,40ec963,100051,100377,205897,205997,105.520000,105.846000
123,246,246,40f6962,172051,172385,212165,212265,39.780000,40.114000
123,119,119,4077962,98051,98385,217927,218027,119.542000,119.876000
123,144,144,4090961,166051,166385,223710,223810,57.325000,57.659000
123,204,204,40cc963,139051,139377,229485,229585,90.108000,90.434000
123,286,286,411e961,230051,230377,238874,238974,8.497000,8.823000
123,369,369,4171962,224051,224377,244686,244786,20.309000,20.635000
123,74,74,404a963,63051,63385,276857,276957,213.472000,213.806000
123,312,312,4138963,157051,157377,294373,294473,136.996000,137.322000
123,273,273,4111962,137051,137385,299854,299954,162.469000,162.803000
123,367,367,416f961,300051,300377,311503,311603,11.126000,11.452000
123,9,9,4009960,219051,219385,315994,316094,96.609000,96.943000
123,310,310,4136962,210051,210385,320852,320952,110.467000,110.801000
123,76,76,404c960,228051,228385,332443,332543,104.058000,104.392000
123,153,153,4099961,165051,165385,338255,338355,172.870000,173.204000
123,179,179,40b3961,226051,226385,350109,350209,123.724000,124.058000
123,96,96,4060960,348051,348377,371117,371217,22.740000,23.066000
123,39,39,4027961,336051,336385,386668,386768,50.283000,50.617000
123,129,129,4081960,185051,185385,398124,398224,212.739000,213.073000
123,78,78,404e963,356051,356385,430899,430999,74.514000,74.848000
123,133,133,4085960,276051,276377,435720,435820,159.343000,159.669000
123,180,180,40b4960,362051,362385,441431,441531,79.046000,79.380000
123,34,34,4022961,230051,230385,447223,447323,216.838000,217.172000
123,233,233,40e9961,347051,347385,452973,453073,105.588000,105.922000
123,107,107,406b962,400051,400385,458796,458896,58.411000,58.745000
123,387,387,4183963,434051,434385,464559,464659,30.174000,30.508000
123,84,84,4054963,435051,435385,470522,470622,35.137000,35.471000
123,67,67,4043961,325051,325385,476285,476385,150.900000,151.234000
123,177,177,40b1960,457051,457377,482108,482208,24.731000,25.057000
123,189,189,40bd963,187779,188105,487858,487958,299.753000,300.079000
123,251,251,40fb961,479051,479377,493650,493750,14.273000,14.599000
123,296,296,4128962,423051,423377,505327,505427,81.950000,82.276000
123,150,150,4096960,332051,332377,511232,511332,178.855000,179.181000
123,226,226,40e2963,413051,413385,517127,517227,103.742000,104.076000
123,280,280,4118962,512050,512385,522891,522991,10.506000,10.841000
123,351,351,415f963,517050,517377,528672,528772,11.295000,11.622000
123,295,295,4127960,493051,493377,534485,534585,41.108000,41.434000
123,240,240,40f0961,462051,462377,546219,546319,83.842000,84.168000
123,348,348,415c961,53051,53385,552198,552298,498.813000,499.147000
123,181,181,40b5960,416051,416377,564018,564118,147.641000,147.967000
123,339,339,4153961,537051,537377,569991,570091,32.614000,32.940000
123,318,318,413e960,569051,569377,581336,581436,11.959000,12.285000
123,385,385,4181963,531051,531385,586194,586294,54.809000,55.143000
123,281,281,4119961,731051,731385,739857,739957,8.472000,8.806000
123,249,249,40f9960,997051,997385,1009398,1009498,12.013000,12.347000
124,294,294,4126961,24051,24385,32968,33068,8.583000,8.917000
124,134,134,4086961,25051,25385,38738,38838,13.353000,13.687000
124,7,7,4007960,32050,32385,44657,44757,12.272000,12.607000
124,24,24,4018962,25051,25385,50416,50516,25.031000,25.365000
124,139,139,408b963,44051,44385,56166,56266,11.781000,12.115000
124,370,370,4172962,52051,52385,64151,64251,11.766000,12.100000
124,348,348,415c961,53051,53385,68992,69092,15.607000,15.941000
124,88,88,4058962,58051,58385,74740,74840,16.355000,16.689000
124,319,319,413f962,68051,68385,79227,79327,10.842000,11.176000
124,258,258,4102961,65051,65385,84029,84129,18.644000,18.978000
124,163,163,40a3963,86051,86385,94703,94803,8.318000,8.652000
124,324,324,4144960,57051,57385,100589,100689,43.204000,43.538000
124,145,145,4091960,47051,47385,105076,105176,57.691000,58.025000
124,119,119,4077962,98051,98385,109878,109978,11.493000,11.827000
124,232,232,40e8962,93051,93385,114412,114512,21.027000,21.361000
124,342,342,4156960,95051,95377,119259,119359,23.882000,24.208000
124,364,364,416c961,85051,85377,124978,125078,39.601000,39.927000
124,49,49,4031960,76051,76385,129509,129610,53.124000,53.458000
124,285,285,411d963,116051,116377,134336,134436,17.959000,18.285000
124,250,250,40fa960,69051,69385,138858,138958,69.473000,69.807000
124,394,394,418a960,131051,131385,143699,143799,12.314000,12.648000
124,122,122,407a962,98051,98385,148231,148331,49.846000,50.180000
124,244,244,40f4962,132051,132385,153801,153901,21.416000,21.750000
124,313,313,4139960,88051,88377,159609,159709,71.232000,71.558000
124,275,275,4113963,107051,107385,164435,164535,57.050000,57.384000
124,361,361,4169960,82994,83320,168957,169057,85.637000,85.963000
124,184,184,40b8961,132051,132385,174508,174608,42.123000,42.457000
124,15,15,400f960,110051,110385,182544,182644,72.159000,72.493000
124,252,252,40fc963,150023,150349,187108,187208,36.759000,37.085000
124,273,273,4111962,137051,137385,191955,192055,54.570000,54.904000
124,126,126,407e962,154051,154385,196464,196564,42.079000,42.413000
124,46,46,402e962,163051,163377,201266,201366,37.889000,38.215000
124,246,246,40f6962,172051,172385,206993,207093,34.608000,34.942000
124,144,144,4090961,166051,166385,212684,212784,46.299000,46.633000
124,204,204,40cc963,139051,139377,218411,218511,79.034000,79.360000
124,369,369,4171962,224051,224377,236374,236474,11.997000,12.323000
124,286,286,411e961,230051,230377,242101,242201,11.724000,12.050000
124,307,307,4133963,269051,269377,277645,277745,8.268000,8.594000
124,310,310,4136962,210051,210385,288235,288335,77.850000,78.184000
124,153,153,4099961,165051,165385,294371,294471,128.986000,129.320000
124,312,312,4138963,157051,157377,298880,298980,141.503000,141.829000
124,179,179,40b3961,226051,226385,305572,305672,79.187000,79.521000
124,367,367,416f961,300051,300377,311390,311490,11.013000,11.339000
124,9,9,4009960,219051,219385,315912,316012,96.527000,96.861000
124,304,304,4130962,305051,305377,320775,320875,15.398000,15.724000
124,129,129,4081960,185051,185385,341134,341234,155.749000,156.083000
124,39,39,4027961,336051,336385,346884,346984,10.499000,10.833000
124,96,96,4060960,348051,348377,361614,361714,13.237000,13.563000
124,272,272,4110961,323051,323385,367344,367444,43.959000,44.293000
124,133,133,4085960,276051,276377,386476,386576,110.099000,110.425000
124,34,34,4022961,230051,230385,404018,404118,173.633000,173.967000
124,233,233,40e9961,347051,347385,409825,409925,62.440000,62.774000
124,180,180,40b4960,362051,362385,424768,424868,62.383000,62.717000
124,78,78,404e963,356051,356385,430880,430980,74.495000,74.829000
124,189,189,40bd963,187779,188105,438609,438709,250.504000,250.830000
124,84,84,4054963,435051,435385,444318,444418,8.933000,9.267000
124,67,67,4043961,325051,325385,450068,450168,124.683000,125.017000
124,387,387,4183963,434051,434385,456677,456777,22.292000,22.626000
124,296,296,4128962,423051,423377,462427,462527,39.050000,39.376000
124,177,177,40b1960,457051,457377,476227,476327,18.850000,19.176000
124,150,150,4096960,332051,332377,481954,482054,149.577000,149.903000
124,226,226,40e2963,413051,413385,497971,498071,84.586000,84.920000
124,295,295,4127960,493051,493377,503790,503890,10.413000,10.739000
124,240,240,40f0961,462051,462377,510968,511068,48.591000,48.917000
124,280,280,4118962,512050,512385,523103,523204,10.718000,11.053000
124,351,351,415f963,517050,517377,528873,528973,11.496000,11.823000
124,339,339,4153961,537051,537377,543705,543805,6.328000,6.654000
124,181,181,40b5960,416051,416377,549416,549516,133.039000,133.365000
124,385,385,4181963,531051,531385,563843,563943,32.458000,32.792000
124,318,318,413e960,569051,569377,581355,581455,11.978000,12.304000
124,249,249,40f9960,997051,997385,1009449,1009549,12.064000,12.398000
125,294,294,4126961,24051,24385,32964,33064,8.579000,8.913000
125,7,7,4007960,32050,32385,44654,44754,12.269000,12.604000
125,24,24,4018962,25051,25385,50463,50563,25.078000,25.412000
125,348,348,415c961,53051,53385,65469,65570,12.084000,12.418000
125,88,88,4058962,58051,58385,74712,74812,16.327000,16.661000
125,319,319,413f962,68051,68385,79233,79333,10.848000,11.182000
125,258,258,4102961,65051,65385,84069,84169,18.684000,19.018000
125,163,163,40a3963,86051,86385,94704,94804,8.319000,8.653000
125,324,324,4144960,57051,57385,100561,100661,43.176000,43.510000
125,145,145,4091960,47051,47385,105082,105182,57.697000,58.031000
125,232,232,40e8962,93051,93385,110597,110697,17.212000,17.546000
125,342,342,4156960,95051,95377,115602,115702,20.225000,20.551000
125,32,32,4020961,54051,54385,120165,120265,65.780000,66.114000
125,364,364,416c961,85051,85377,125037,125137,39.660000,39.986000
125,285,285,411d963,116051,116377,130794,130894,14.417000,14.743000
125,250,250,40fa960,69051,69385,135303,135403,65.918000,66.252000
125,394,394,418a960,131051,131385,140154,140254,8.769000,9.103000
125,244,244,40f4962,132051,132385,153762,153862,21.377000,21.711000
125,313,313,4139960,88051,88377,159583,159683,71.206000,71.532000
125,361,361,4169960,82994,83320,165379,165479,82.059000,82.385000
125,184,184,40b8961,132051,132385,174508,174608,42.123000,42.457000
125,15,15,400f960,110051,110385,182540,182640,72.155000,72.489000
125,252,252,40fc963,150023,150349,187103,187203,36.754000,37.080000
125,273,273,4111962,137051,137385,191945,192045,54.560000,54.894000
125,126,126,407e962,154051,154385,196453,196553,42.068000,42.402000
125,46,46,402e962,163051,163377,201250,201350,37.873000,38.199000
125,246,246,40f6962,172051,172385,206989,207089,34.604000,34.938000
125,144,144,4090961,166051,166385,212680,212780,46.295000,46.629000
125,204,204,40cc963,139051,139377,218407,218507,79.030000,79.356000
125,369,369,4171962,224051,224377,236370,236470,11.993000,12.319000
125,101,101,4065960,255051,255385,265177,265277,9.792000,10.126000
125,307,307,4133963,269051,269377,277645,277745,8.268000,8.594000
125,310,310,4136962,210051,210385,288231,288331,77.846000,78.180000
125,153,153,4099961,165051,165385,294367,294467,128.982000,129.316000
125,312,312,4138963,157051,157377,298875,298975,141.498000,141.824000
125,367,367,416f961,300051,300377,311335,311435,10.958000,11.284000
125,9,9,4009960,219051,219385,315898,315998,96.513000,96.847000
125,304,304,4130962,305051,305377,320740,320840,15.363000,15.689000
125,129,129,4081960,185051,185385,341091,341191,155.706000,156.040000
125,39,39,4027961,336051,336385,346867,346967,10.482000,10.816000
125,365,365,416d960,324051,324377,355827,355927,31.450000,31.776000
125,96,96,4060960,348051,348377,361610,361710,13.233000,13.559000
125,272,272,4110961,323051,323385,367340,367440,43.955000,44.289000
125,133,133,4085960,276051,276377,386472,386572,110.095000,110.421000
125,34,34,4022961,230051,230385,404014,404114,173.629000,173.963000
125,180,180,40b4960,362051,362385,424803,424903,62.418000,62.752000
125,78,78,404e963,356051,356385,430854,430954,74.469000,74.803000
125,189,189,40bd963,187779,188105,438606,438706,250.501000,250.827000
125,84,84,4054963,435051,435385,444365,444465,8.980000,9.314000
125,67,67,4043961,325051,325385,450065,450165,124.680000,125.014000
125,387,387,4183963,434051,434385,456724,456824,22.339000,22.673000
125,177,177,40b1960,457051,457377,476223,476323,18.846000,19.172000
125,150,150,4096960,332051,332377,481950,482050,149.573000,149.899000
125,226,226,40e2963,413051,413385,497967,498067,84.582000,84.916000
125,295,295,4127960,493051,493377,503786,503886,10.409000,10.735000
125,240,240,40f0961,462051,462377,510964,511064,48.587000,48.913000
125,269,269,410d960,382051,382385,517121,517221,134.736000,135.070000
125,351,351,415f963,517050,517377,528869,528969,11.492000,11.819000
125,339,339,4153961,537051,537377,543701,543801,6.324000,6.650000
125,385,385,4181963,531051,531385,563788,563888,32.403000,32.737000
125,318,318,413e960,569051,569377,581394,581494,12.017000,12.343000
125,389,389,4185963,604051,604385,612878,612978,8.493000,8.827000
125,323,323,4143960,889051,889385,901373,901473,11.988000,12.322000
125,249,249,40f9960,997051,997385,1009432,1009532,12.047000,12.381000
126,294,294,4126961,24051,24385,32964,33064,8.579000,8.913000
126,24,24,4018962,25051,25385,50412,50512,25.027000,25.361000
126,348,348,415c961,53051,53385,65495,65595,12.110000,12.444000
126,88,88,4058962,58051,58385,71186,71286,12.801000,13.135000
126,319,319,413f962,68051,68385,76684,76784,8.299000,8.633000
126,258,258,4102961,65051,65385,81531,81631,16.146000,16.480000
126,163,163,40a3963,86051,86385,94628,94728,8.243000,8.577000
126,324,324,4144960,57051,57385,100525,100625,43.140000,43.474000
126,232,232,40e8962,93051,93385,106349,106449,12.964000,13.298000
126,342,342,4156960,95051,95377,111196,111296,15.819000,16.145000
126,32,32,4020961,54051,54385,116351,116451,61.966000,62.300000
126,285,285,411d963,116051,116377,130589,130688,14.212000,14.538000
126,250,250,40fa960,69051,69385,135123,135223,65.738000,66.072000
126,394,394,418a960,131051,131385,139970,140070,8.585000,8.919000
126,184,184,40b8961,132051,132385,171150,171250,38.765000,39.099000
126,191,191,40bf963,143051,143385,180294,180394,36.909000,37.243000
126,15,15,400f960,110051,110385,185135,185235,74.750000,75.084000
126,252,252,40fc963,150023,150349,189645,189745,39.296000,39.622000
126,273,273,4111962,137051,137385,194471,194571,57.086000,57.420000
126,126,126,407e962,154051,154385,198963,199063,44.578000,44.912000
126,46,46,402e962,163051,163377,203804,203904,40.427000,40.753000
126,246,246,40f6962,172051,172385,209552,209652,37.167000,37.501000
126,144,144,4090961,166051,166385,215282,215382,48.897000,49.231000
126,204,204,40cc963,139051,139377,221030,221130,81.653000,81.979000
126,369,369,4171962,224051,224377,236419,236519,12.042000,12.368000
126,101,101,4065960,255051,255385,265182,265282,9.797000,10.131000
126,307,307,4133963,269051,269377,277603,277703,8.226000,8.552000
126,310,310,4136962,210051,210385,288173,288273,77.788000,78.122000
126,153,153,4099961,165051,165385,294322,294422,128.937000,129.271000
126,312,312,4138963,157051,157377,298814,298914,141.437000,141.763000
126,367,367,416f961,300051,300377,308892,308992,8.515000,8.841000
126,9,9,4009960,219051,219385,313402,313502,94.017000,94.351000
126,304,304,4130962,305051,305377,318228,318328,12.851000,13.177000
126,129,129,4081960,185051,185385,341047,341147,155.662000,155.996000
126,39,39,4027961,336051,336385,346797,346897,10.412000,10.746000
126,365,365,416d960,324051,324377,355770,355870,31.393000,31.719000
126,96,96,4060960,348051,348377,361528,361628,13.151000,13.477000
126,180,180,40b4960,362051,362385,424732,424832,62.347000,62.681000
126,78,78,404e963,356051,356385,430875,430975,74.490000,74.824000
126,189,189,40bd963,187779,188105,438638,438738,250.533000,250.859000
126,84,84,4054963,435051,435385,444368,444468,8.983000,9.317000
126,67,67,4043961,325051,325385,450116,450216,124.731000,125.065000
126,387,387,4183963,434051,434385,456713,456813,22.328000,22.662000
126,177,177,40b1960,457051,457377,476281,476381,18.904000,19.230000
126,150,150,4096960,332051,332377,482035,482135,149.658000,149.984000
126,226,226,40e2963,413051,413385,498015,498115,84.630000,84.964000
126,240,240,40f0961,462051,462377,511004,511104,48.627000,48.953000
126,269,269,410d960,382051,382385,517144,517244,134.759000,135.093000
126,351,351,415f963,517050,517377,525933,526033,8.556000,8.883000
126,339,339,4153961,537051,537377,543688,543788,6.311000,6.637000
126,318,318,413e960,569051,569377,581313,581413,11.936000,12.262000
126,389,389,4185963,604051,604385,612823,612923,8.438000,8.772000
126,194,194,40c2960,688051,688377,700337,700437,11.960000,12.286000
126,323,323,4143960,889051,889385,901339,901439,11.954000,12.288000
126,249,249,40f9960,997051,997385,1009380,1009480,11.995000,12.329000
127,294,294,4126961,24051,24385,32960,33060,8.575000,8.909000
127,24,24,4018962,25051,25385,50408,50508,25.023000,25.357000
127,348,348,415c961,53051,53385,65490,65591,12.105000,12.439000
127,88,88,4058962,58051,58385,71182,71282,12.797000,13.131000
127,319,319,413f962,68051,68385,76684,76784,8.299000,8.633000
127,258,258,4102961,65051,65385,81526,81626,16.141000,16.475000
127,163,163,40a3963,86051,86385,94628,94728,8.243000,8.577000
127,324,324,4144960,57051,57385,100521,100621,43.136000,43.470000
127,232,232,40e8962,93051,93385,106349,106449,12.964000,13.298000
127,342,342,4156960,95051,95377,111191,111291,15.814000,16.140000
127,285,285,411d963,116051,116377,130621,130721,14.244000,14.570000
127,250,250,40fa960,69051,69385,135152,135252,65.767000,66.101000
127,394,394,418a960,131051,131385,139973,140073,8.588000,8.922000
127,191,191,40bf963,143051,143385,180294,180394,36.909000,37.243000
127,15,15,400f960,110051,110385,185130,185230,74.745000,75.079000
127,252,252,40fc963,150023,150349,189639,189739,39.290000,39.616000
127,273,273,4111962,137051,137385,194460,194560,57.075000,57.409000
127,126,126,407e962,154051,154385,198951,199051,44.566000,44.900000
127,46,46,402e962,163051,163377,203787,203887,40.410000,40.736000
127,246,246,40f6962,172051,172385,209548,209648,37.163000,37.497000
127,144,144,4090961,166051,166385,215278,215378,48.893000,49.227000
127,204,204,40cc963,139051,139377,221026,221126,81.649000,81.975000
127,369,369,4171962,224051,224377,236415,236515,12.038000,12.364000
127,307,307,4133963,269051,269377,277629,277729,8.252000,8.578000
127,153,153,4099961,165051,165385,294318,294418,128.933000,129.267000
127,312,312,4138963,157051,157377,298809,298909,141.432000,141.758000
127,9,9,4009960,219051,219385,312043,312143,92.658000,92.992000
127,304,304,4130962,305051,305377,317373,317473,11.996000,12.322000
127,129,129,4081960,185051,185385,341094,341194,155.709000,156.043000
127,39,39,4027961,336051,336385,346794,346894,10.409000,10.743000
127,96,96,4060960,348051,348377,361524,361624,13.147000,13.473000
127,180,180,40b4960,362051,362385,424728,424828,62.343000,62.677000
127,78,78,404e963,356051,356385,430875,430975,74.490000,74.824000
127,189,189,40bd963,187779,188105,438634,438734,250.529000,250.855000
127,84,84,4054963,435051,435385,444364,444464,8.979000,9.313000
127,387,387,4183963,434051,434385,456748,456848,22.363000,22.697000
127,177,177,40b1960,457051,457377,476290,476390,18.913000,19.239000
127,150,150,4096960,332051,332377,482070,482170,149.693000,150.019000
127,240,240,40f0961,462051,462377,511000,511100,48.623000,48.949000
127,351,351,415f963,517050,517377,525968,526068,8.591000,8.918000
127,339,339,4153961,537051,537377,543697,543797,6.320000,6.646000
127,318,318,413e960,569051,569377,581339,581439,11.962000,12.288000
127,194,194,40c2960,688051,688377,700333,700433,11.956000,12.282000
127,249,249,40f9960,997051,997385,1009377,1009477,11.992000,12.326000
128,60,60,403c963,22051,22385,34436,34536,12.051000,12.385000
128,3,3,4003961,26051,26385,49319,49419,22.934000,23.268000
128,330,330,414a963,45051,45385,55077,55177,9.692000,10.026000
128,333,333,414d963,72051,72377,89878,89978,17.501000,17.827000
128,267,267,410b961,107051,107385,119189,119289,11.804000,12.138000
128,93,93,405d961,54051,54385,124032,124132,69.647000,69.981000
128,243,243,40f3962,88051,88385,128539,128640,40.154000,40.488000
128,193,193,40c1963,130051,130384,146257,146357,15.873000,16.206000
128,279,279,4117962,78051,78385,151703,151803,73.318000,73.652000
128,303,303,412f963,149051,149377,157882,157982,8.505000,8.831000
128,6,6,4006962,148051,148385,162390,162490,14.005000,14.339000
128,201,201,40c9963,159051,159385,167959,168059,8.574000,8.908000
128,355,355,4163961,162051,162385,173754,173854,11.369000,11.703000
128,277,277,4115963,165051,165377,178275,178375,12.898000,13.224000
128,292,292,4124960,134051,134377,186497,186597,52.120000,52.446000
128,299,299,412b963,94051,94377,194671,194771,100.294000,100.620000
128,261,261,4105960,194051,194385,200703,200803,6.318000,6.652000
128,54,54,4036962,181051,181385,206445,206545,25.060000,25.394000
128,216,216,40d8961,175051,175385,247535,247635,72.150000,72.484000
128,363,363,416b962,250051,250385,262271,262371,11.886000,12.220000
128,192,192,40c0961,171051,171385,287890,287990,116.505000,116.839000
128,66,66,4042960,101051,101385,293696,293796,192.311000,192.645000
128,198,198,40c6960,297051,297385,301362,301462,3.977000,4.311000
128,148,148,4094960,289051,289385,306033,306133,16.648000,16.982000
128,30,30,401e960,209051,209385,316005,316105,106.620000,106.954000
128,114,114,4072962,205217,205543,323899,323999,118.356000,118.682000
128,165,165,40a5961,326051,326385,334665,334765,8.280000,8.614000
128,168,168,40a8960,244051,244385,347090,347190,102.705000,103.039000
128,255,255,40ff962,311051,311385,365458,365558,54.073000,54.407000
128,231,231,40e7960,301051,301377,371238,371338,69.861000,70.187000
128,268,268,410c963,369051,369385,408525,408625,39.140000,39.474000
128,117,117,4075962,250051,250377,449866,449966,199.489000,199.815000
128,45,45,402d961,390014,390340,457744,457844,67.404000,67.730000
128,345,345,4159960,302051,302385,469679,469779,167.294000,167.628000
128,282,282,411a961,282051,282377,507218,507318,224.841000,225.167000
128,325,325,4145960,515050,515377,523819,523920,8.442000,8.769000
128,379,379,417b961,518050,518377,529649,529749,11.272000,11.599000
128,213,213,40d5961,457051,457385,554743,554843,97.358000,97.692000
128,276,276,4114963,563051,563377,573431,573531,10.054000,10.380000
128,111,111,406f960,499051,499377,579373,579473,79.996000,80.322000
128,315,315,413b961,617051,617385,629463,629563,12.078000,12.412000
128,291,291,4123961,626051,626385,638475,638575,12.090000,12.424000
128,360,360,4168961,659051,659377,671466,671566,12.089000,12.415000
128,391,391,4187961,705051,705385,717427,717527,12.042000,12.376000
129,60,60,403c963,22051,22385,34436,34536,12.051000,12.385000
129,3,3,4003961,26051,26385,49319,49419,22.934000,23.268000
129,330,330,414a963,45051,45385,55077,55177,9.692000,10.026000
129,346,346,415a960,59051,59385,71085,71185,11.700000,12.034000
129,333,333,414d963,72051,72377,89914,90014,17.537000,17.863000
129,267,267,410b961,107051,107385,119138,119238,11.753000,12.087000
129,93,93,405d961,54051,54385,123960,124060,69.575000,69.909000
129,243,243,40f3962,88051,88385,128452,128551,40.067000,40.401000
129,193,193,40c1963,130051,130384,146293,146393,15.909000,16.242000
129,279,279,4117962,78051,78385,151652,151752,73.267000,73.601000
129,303,303,412f963,149051,149377,157858,157958,8.481000,8.807000
129,6,6,4006962,148051,148385,162350,162450,13.965000,14.299000
129,201,201,40c9963,159051,159385,167995,168095,8.610000,8.944000
129,355,355,4163961,162051,162385,173778,173878,11.393000,11.727000
129,277,277,4115963,165051,165377,178265,178365,12.888000,13.214000
129,352,352,4160960,59051,59385,183063,183163,123.678000,124.012000
129,292,292,4124960,134051,134377,187597,187697,53.220000,53.546000
129,299,299,412b963,94051,94377,194694,194794,100.317000,100.643000
129,261,261,4105960,194051,194385,200688,200788,6.303000,6.637000
129,54,54,4036962,181051,181385,206468,206568,25.083000,25.417000
129,316,316,413c963,129051,129377,219143,219243,89.766000,90.092000
129,216,216,40d8961,175051,175385,247559,247659,72.174000,72.508000
129,363,363,416b962,250051,250385,262233,262333,11.848000,12.182000
129,208,208,40d0961,189051,189377,269560,269660,80.183000,80.509000
129,192,192,40c0961,171051,171385,287853,287953,116.468000,116.802000
129,66,66,4042960,101051,101385,293621,293721,192.236000,192.570000
129,198,198,40c6960,297051,297385,301341,301441,3.956000,4.290000
129,148,148,4094960,289051,289385,305988,306088,16.603000,16.937000
129,376,376,4178960,301051,301385,313220,313320,11.835000,12.169000
129,30,30,401e960,209051,209385,318077,318177,108.692000,109.026000
129,114,114,4072962,205217,205543,323910,324010,118.367000,118.693000
129,165,165,40a5961,326051,326385,334616,334716,8.231000,8.565000
129,168,168,40a8960,244051,244385,347061,347161,102.676000,103.010000
129,151,151,4097960,353051,353385,359718,359818,6.333000,6.667000
129,255,255,40ff962,311051,311385,365455,365555,54.070000,54.404000
129,231,231,40e7960,301051,301377,371236,371336,69.859000,70.185000
129,268,268,410c963,369051,369385,408525,408625,39.140000,39.474000
129,117,117,4075962,250051,250377,449866,449966,199.489000,199.815000
129,45,45,402d961,390014,390340,457744,457844,67.404000,67.730000
129,345,345,4159960,302051,302385,469679,469779,167.294000,167.628000
129,282,282,411a961,282051,282377,507218,507318,224.841000,225.167000
129,325,325,4145960,515050,515377,523819,523920,8.442000,8.769000
129,379,379,417b961,518050,518377,529649,529749,11.272000,11.599000
129,142,142,408e960,526051,526385,542567,542667,16.182000,16.516000
129,213,213,40d5961,457051,457385,554754,554854,97.369000,97.703000
129,371,371,4173960,515050,515385,560677,560777,45.292000,45.627000
129,276,276,4114963,563051,563377,573431,573531,10.054000,10.380000
129,111,111,406f960,499051,499377,579373,579473,79.996000,80.322000
129,172,172,40ac961,355772,356106,585373,585473,229.267000,229.601000
129,62,62,403e962,612051,612377,620849,620949,8.472000,8.798000
129,315,315,413b961,617051,617385,629463,629563,12.078000,12.412000
129,291,291,4123961,626051,626385,638475,638575,12.090000,12.424000
129,360,360,4168961,659051,659377,671466,671566,12.089000,12.415000
129,391,391,4187961,705051,705385,717427,717527,12.042000,12.376000
130,60,60,403c963,22051,22385,37708,37808,15.323000,15.657000
130,3,3,4003961,26051,26385,49319,49419,22.934000,23.268000
130,330,330,414a963,45051,45385,53972,54072,8.587000,8.921000
130,2,2,4002961,58051,58385,68905,69005,10.520000,10.854000
130,346,346,415a960,59051,59385,73468,73568,14.083000,14.417000
130,362,362,416a961,68051,68385,79036,79136,10.651000,10.985000
130,247,247,40f7963,62051,62377,83950,84050,21.573000,21.899000
130,116,116,4074963,75051,75385,99186,99286,23.801000,24.135000
130,287,287,411f960,44015,44341,104981,105081,60.640000,60.966000
130,333,333,414d963,72051,72377,110750,110850,38.373000,38.699000
130,267,267,410b961,107051,107385,119189,119289,11.804000,12.138000
130,93,93,405d961,54051,54385,124049,124149,69.664000,69.998000
130,243,243,40f3962,88051,88385,128557,128657,40.172000,40.506000
130,193,193,40c1963,130051,130384,146304,146404,15.920000,16.253000
130,279,279,4117962,78051,78385,151703,151803,73.318000,73.652000
130,303,303,412f963,149051,149377,157861,157961,8.484000,8.810000
130,201,201,40c9963,159051,159385,168039,168139,8.654000,8.988000
130,6,6,4006962,148051,148385,172548,172648,24.163000,24.497000
130,355,355,4163961,162051,162385,177387,177487,15.002000,15.336000
130,277,277,4115963,165051,165377,181878,181978,16.501000,16.827000
130,352,352,4160960,59051,59385,186753,186853,127.368000,127.702000
130,292,292,4124960,134051,134377,191262,191362,56.885000,57.211000
130,261,261,4105960,194051,194385,201902,202002,7.517000,7.851000
130,54,54,4036962,181051,181385,207701,207801,26.316000,26.650000
130,114,114,4072962,205217,205543,212130,212230,6.587000,6.913000
130,331,331,414b961,208051,208385,216777,216877,8.392000,8.726000
130,316,316,413c963,129051,129377,221709,221809,92.332000,92.658000
130,216,216,40d8961,175051,175385,247635,247735,72.250000,72.584000
130,363,363,416b962,250051,250385,262303,262403,11.918000,12.252000
130,358,358,4166962,97841,98167,268657,268757,170.490000,170.816000
130,208,208,40d0961,189051,189377,273567,273667,84.190000,84.516000
130,158,158,409e961,146051,146377,280849,280949,134.472000,134.798000
130,192,192,40c0961,171051,171385,292517,292617,121.132000,121.466000
130,66,66,4042960,101051,101385,298375,298475,196.990000,197.324000
130,198,198,40c6960,297051,297385,304229,304329,6.844000,7.178000
130,148,148,4094960,289051,289385,310087,310187,20.702000,21.036000
130,376,376,4178960,301051,301385,314648,314748,13.263000,13.597000
130,30,30,401e960,209051,209385,319531,319631,110.146000,110.480000
130,257,257,4101962,302051,302385,324074,324174,21.689000,22.023000
130,165,165,40a5961,326051,326385,334616,334716,8.231000,8.565000
130,168,168,40a8960,244051,244385,347128,347228,102.743000,103.077000
130,151,151,4097960,353051,353385,359732,359832,6.347000,6.681000
130,255,255,40ff962,311051,311385,365557,365657,54.172000,54.506000
130,231,231,40e7960,301051,301377,371304,371404,69.927000,70.253000
130,268,268,410c963,369051,369385,408543,408643,39.158000,39.492000
130,35,35,4023962,365051,365377,432431,432531,67.054000,67.380000
130,155,155,409b963,304051,304377,443231,443331,138.854000,139.180000
130,117,117,4075962,250051,250377,449925,450025,199.548000,199.874000
130,45,45,402d961,390014,390340,457756,457856,67.416000,67.742000
130,345,345,4159960,302051,302385,469654,469754,167.269000,167.603000
130,282,282,411a961,282051,282377,507207,507307,224.830000,225.156000
130,325,325,4145960,515050,515377,523879,523978,8.502000,8.829000
130,379,379,417b961,518050,518377,529699,529799,11.322000,11.649000
130,142,142,408e960,526051,526385,542567,542667,16.182000,16.516000
130,213,213,40d5961,457051,457385,554780,554880,97.395000,97.729000
130,371,371,4173960,515050,515385,560677,560777,45.292000,45.627000
130,276,276,4114963,563051,563377,573408,573508,10.031000,10.357000
130,111,111,406f960,499051,499377,579370,579470,79.993000,80.319000
130,172,172,40ac961,355772,356106,585350,585450,229.244000,229.578000
130,62,62,403e962,612051,612377,620846,620946,8.469000,8.795000
130,315,315,413b961,617051,617385,629440,629540,12.055000,12.389000
130,291,291,4123961,626051,626385,638472,638572,12.087000,12.421000
130,360,360,4168961,659051,659377,671443,671543,12.066000,12.392000
130,391,391,4187961,705051,705385,717424,717524,12.039000,12.373000
131,44,44,402c963,23051,23385,31966,32065,8.581000,8.915000
131,60,60,403c963,22051,22385,37657,37757,15.272000,15.606000
131,356,356,4164960,30051,30385,43449,43549,13.064000,13.398000
131,298,298,412a963,30051,30385,47941,48041,17.556000,17.890000
131,330,330,414a963,45051,45385,52683,52783,7.298000,7.632000
131,3,3,4003961,26051,26385,57335,57435,30.950000,31.284000
131,22,22,4016962,46051,46385,63150,63250,16.765000,17.099000
131,2,2,4002961,58051,58385,68899,68999,10.514000,10.848000
131,346,346,415a960,59051,59385,73386,73486,14.001000,14.335000
131,166,166,40a6961,56051,56385,78222,78322,21.837000,22.171000
131,362,362,416a961,68051,68385,82756,82856,14.371000,14.705000
131,247,247,40f7963,62051,62377,87616,87716,25.239000,25.565000
131,94,94,405e963,65051,65385,93431,93531,28.046000,28.380000
131,116,116,4074963,75051,75385,99180,99280,23.795000,24.129000
131,287,287,411f960,44015,44341,104995,105095,60.654000,60.980000
131,333,333,414d963,72051,72377,110744,110844,38.367000,38.693000
131,17,17,4011963,87051,87385,116559,116659,29.174000,29.508000
131,267,267,410b961,107051,107385,121069,121169,13.684000,14.018000
131,93,93,405d961,54051,54385,125908,126008,71.523000,71.857000
131,243,243,40f3962,88051,88385,130400,130500,42.015000,42.349000
131,193,193,40c1963,130051,130384,146340,146440,15.956000,16.289000
131,279,279,4117962,78051,78385,151652,151752,73.267000,73.601000
131,303,303,412f963,149051,149377,157837,157937,8.460000,8.786000
131,110,110,406e963,151051,151377,162329,162429,10.952000,11.278000
131,201,201,40c9963,159051,159385,168039,168139,8.654000,8.988000
131,6,6,4006962,148051,148385,172549,172649,24.164000,24.498000
131,355,355,4163961,162051,162385,177388,177488,15.003000,15.337000
131,277,277,4115963,165051,165377,181880,181980,16.503000,16.829000
131,352,352,4160960,59051,59385,186755,186855,127.370000,127.704000
131,292,292,4124960,134051,134377,191265,191365,56.888000,57.214000
131,377,377,4179961,183051,183385,196104,196204,12.719000,13.053000
131,261,261,4105960,194051,194385,201880,201980,7.495000,7.829000
131,54,54,4036962,181051,181385,207671,207771,26.286000,26.620000
131,114,114,4072962,205217,205543,212064,212164,6.521000,6.847000
131,331,331,414b961,208051,208385,216761,216861,8.376000,8.710000
131,316,316,413c963,129051,129377,221656,221756,92.279000,92.605000
131,216,216,40d8961,175051,175385,247617,247717,72.232000,72.566000
131,38,38,4026961,189051,189385,253455,253555,64.070000,64.404000
131,363,363,416b962,250051,250385,262303,262403,11.918000,12.252000
131,358,358,4166962,97841,98167,268657,268757,170.490000,170.816000
131,208,208,40d0961,189051,189377,273567,273667,84.190000,84.516000
131,158,158,409e961,146051,146377,280849,280949,134.472000,134.798000
131,206,206,40ce962,273051,273385,286648,286748,13.263000,13.597000
131,192,192,40c0961,171051,171385,292483,292583,121.098000,121.432000
131,66,66,4042960,101051,101385,298357,298457,196.972000,197.306000
131,198,198,40c6960,297051,297385,304195,304295,6.810000,7.144000
131,148,148,4094960,289051,289385,310069,310169,20.684000,21.018000
131,376,376,4178960,301051,301385,314579,314679,13.194000,13.528000
131,30,30,401e960,209051,209385,319465,319565,110.080000,110.414000
131,257,257,4101962,302051,302385,324022,324122,21.637000,21.971000
131,165,165,40a5961,326051,326385,334665,334765,8.280000,8.614000
131,168,168,40a8960,244051,244385,347071,347171,102.686000,103.020000
131,214,214,40d6960,220003,220337,352933,353033,132.596000,132.930000
131,151,151,4097960,353051,353385,359730,359830,6.345000,6.679000
131,255,255,40ff962,311051,311385,365554,365654,54.169000,54.503000
131,231,231,40e7960,301051,301377,371302,371402,69.925000,70.251000
131,65,65,4041963,271051,271385,391132,391232,119.747000,120.081000
131,268,268,410c963,369051,369385,408482,408582,39.097000,39.431000
131,388,388,4184961,326051,326385,415185,415285,88.800000,89.134000
131,35,35,4023962,365051,365377,432365,432465,66.988000,67.314000
131,155,155,409b963,304051,304377,443191,443291,138.814000,139.140000
131,117,117,4075962,250051,250377,449937,450037,199.560000,199.886000
131,45,45,402d961,390014,390340,457744,457844,67.404000,67.730000
131,345,345,4159960,302051,302385,469679,469779,167.294000,167.628000
131,282,282,411a961,282051,282377,507198,507298,224.821000,225.147000
131,325,325,4145960,515050,515377,523891,523991,8.514000,8.841000
131,379,379,417b961,518050,518377,529690,529790,11.313000,11.640000
131,142,142,408e960,526051,526385,542579,542679,16.194000,16.528000
131,213,213,40d5961,457051,457385,554771,554871,97.386000,97.720000
131,353,353,4161963,548051,548377,567547,567647,19.170000,19.496000
131,276,276,4114963,563051,563377,573451,573551,10.074000,10.400000
131,111,111,406f960,499051,499377,579434,579534,80.057000,80.383000
131,172,172,40ac961,355772,356106,585393,585493,229.287000,229.621000
131,315,315,413b961,617051,617385,629449,629549,12.064000,12.398000
131,291,291,4123961,626051,626385,638518,638618,12.133000,12.467000
131,360,360,4168961,659051,659377,671452,671552,12.075000,12.401000
131,391,391,4187961,705051,705385,717470,717570,12.085000,12.419000
132,44,44,402c963,23051,23385,31966,32065,8.581000,8.915000
132,60,60,403c963,22051,22385,43434,43534,21.049000,21.383000
132,298,298,412a963,30051,30385,47967,48067,17.582000,17.916000
132,356,356,4164960,30051,30385,52840,52940,22.455000,22.789000
132,22,22,4016962,46051,46385,58621,58721,12.236000,12.570000
132,127,127,407f963,28051,28385,64401,64501,36.016000,36.350000
132,3,3,4003961,26051,26385,70182,70282,43.797000,44.131000
132,346,346,415a960,59051,59385,74691,74791,15.306000,15.640000
132,94,94,405e963,65051,65385,79543,79643,14.158000,14.492000
132,185,185,40b9961,71051,71385,84034,84134,12.649000,12.983000
132,247,247,40f7963,62051,62377,88893,88993,26.516000,26.842000
132,308,308,4134963,83051,83385,94699,94799,11.314000,11.648000
132,55,55,4037960,40051,40385,100480,100580,60.095000,60.429000
132,333,333,414d963,72051,72377,106286,106386,33.909000,34.235000
132,166,166,40a6961,56051,56385,117797,117897,61.412000,61.746000
132,267,267,410b961,107051,107385,122306,122406,14.921000,15.255000
132,330,330,414a963,45051,45385,127128,127228,81.743000,82.077000
132,243,243,40f3962,88051,88385,131619,131719,43.234000,43.568000
132,93,93,405d961,54051,54385,136456,136556,82.071000,82.405000
132,279,279,4117962,78051,78385,151616,151716,73.231000,73.565000
132,303,303,412f963,149051,149377,156438,156538,7.061000,7.387000
132,110,110,406e963,151051,151377,160929,161029,9.552000,9.878000
132,6,6,4006962,148051,148385,166449,166549,18.064000,18.398000
132,201,201,40c9963,159051,159385,171247,171347,11.862000,12.196000
132,17,17,4011963,87051,87385,177005,177105,89.620000,89.954000
132,359,359,4167961,72051,72385,194274,194374,121.889000,122.223000
132,196,196,40c4962,175051,175385,215462,215562,40.077000,40.411000
132,331,331,414b961,208051,208385,219953,220053,11.568000,11.902000
132,256,256,4100960,102051,102385,224940,225040,122.555000,122.889000
132,352,352,4160960,59051,59385,230751,230851,171.366000,171.700000
132,386,386,4182961,233051,233377,241679,241779,8.302000,8.628000
132,363,363,416b962,250051,250385,262200,262300,11.815000,12.149000
132,54,54,4036962,181051,181385,267037,267137,85.652000,85.986000
132,358,358,4166962,97841,98167,271546,271646,173.379000,173.705000
132,377,377,4179961,183051,183385,278796,278896,95.411000,95.745000
132,206,206,40ce962,273051,273385,284503,284603,11.118000,11.452000
132,316,316,413c963,129051,129377,299749,299849,170.372000,170.698000
132,208,208,40d0961,189051,189377,305639,305739,116.262000,116.588000
132,376,376,4178960,301051,301385,313262,313362,11.877000,12.211000
132,66,66,4042960,101051,101385,326583,326683,225.198000,225.532000
132,165,165,40a5961,326051,326385,334611,334711,8.226000,8.560000
132,261,261,4105960,194051,194385,339409,339509,145.024000,145.358000
132,216,216,40d8961,175051,175385,345167,345267,169.782000,170.116000
132,30,30,401e960,209051,209385,350854,350954,141.469000,141.803000
132,192,192,40c0961,171051,171385,359250,359350,187.865000,188.199000
132,38,38,4026961,189051,189385,364937,365037,175.552000,175.886000
132,164,164,40a4962,204051,204377,370698,370798,166.321000,166.647000
132,284,284,411c962,193675,194001,382193,382293,188.192000,188.518000
132,214,214,40d6960,220003,220337,387948,388048,167.611000,167.945000
132,65,65,4041963,271051,271385,392469,392569,121.084000,121.418000
132,168,168,40a8960,244051,244385,397328,397428,152.943000,153.277000
132,255,255,40ff962,311051,311385,409202,409302,97.817000,98.151000
132,231,231,40e7960,301051,301377,426398,426498,125.021000,125.347000
132,198,198,40c6960,297051,297385,432336,432436,134.951000,135.285000
132,317,317,413d962,359051,359377,438117,438217,78.740000,79.066000
132,114,114,4072962,205217,205543,443923,444023,238.380000,238.706000
132,151,151,4097960,353051,353385,455434,455534,102.049000,102.383000
132,45,45,402d961,390014,390340,463286,463386,72.946000,73.272000
132,345,345,4159960,302051,302385,471470,471570,169.085000,169.419000
132,326,326,4146963,473051,473377,485388,485488,12.011000,12.337000
132,388,388,4184961,326051,326385,491501,491601,165.116000,165.450000
132,117,117,4075962,250051,250377,501201,501301,250.824000,251.150000
132,282,282,411a961,282051,282377,524957,525057,242.580000,242.906000
132,142,142,408e960,526051,526385,554732,554832,28.347000,28.681000
132,213,213,40d5961,457051,457385,560634,560734,103.249000,103.583000
132,276,276,4114963,563051,563377,584414,584514,21.037000,21.363000
132,353,353,4161963,548051,548377,590309,590409,41.932000,42.258000
132,172,172,40ac961,355772,356106,602206,602306,246.100000,246.434000
132,111,111,406f960,499051,499377,608108,608208,108.731000,109.057000
132,315,315,413b961,617051,617385,629443,629543,12.058000,12.392000
132,200,200,40c8960,623051,623385,635353,635453,11.968000,12.302000
132,291,291,4123961,626051,626385,644521,644621,18.136000,18.470000
132,115,115,4073963,649051,649385,661376,661476,11.991000,12.325000
132,360,360,4168961,659051,659377,671423,671523,12.046000,12.372000
132,278,278,4116962,721051,721377,727665,727765,6.288000,6.614000
133,60,60,403c963,22051,22385,43433,43533,21.048000,21.382000
133,298,298,412a963,30051,30385,47925,48025,17.540000,17.874000
133,22,22,4016962,46051,46385,58621,58721,12.236000,12.570000
133,127,127,407f963,28051,28385,64401,64501,36.016000,36.350000
133,3,3,4003961,26051,26385,70182,70282,43.797000,44.131000
133,94,94,405e963,65051,65385,75958,76058,10.573000,10.907000
133,185,185,40b9961,71051,71385,83170,83270,11.785000,12.119000
133,247,247,40f7963,62051,62377,87990,88090,25.613000,25.939000
133,308,308,4134963,83051,83385,94675,94775,11.290000,11.624000
133,55,55,4037960,40051,40385,100444,100544,60.059000,60.393000
133,333,333,414d963,72051,72377,106262,106362,33.885000,34.211000
133,166,166,40a6961,56051,56385,117761,117861,61.376000,61.710000
133,267,267,410b961,107051,107385,122325,122425,14.940000,15.274000
133,330,330,414a963,45051,45385,127168,127268,81.783000,82.117000
133,243,243,40f3962,88051,88385,131677,131777,43.292000,43.626000
133,93,93,405d961,54051,54385,136475,136575,82.090000,82.424000
133,279,279,4117962,78051,78385,151667,151767,73.282000,73.616000
133,303,303,412f963,149051,149377,156510,156610,7.133000,7.459000
133,6,6,4006962,148051,148385,166449,166549,18.064000,18.398000
133,201,201,40c9963,159051,159385,171247,171347,11.862000,12.196000
133,359,359,4167961,72051,72385,194325,194425,121.940000,122.274000
133,196,196,40c4962,175051,175385,215463,215563,40.078000,40.412000
133,331,331,414b961,208051,208385,219997,220097,11.612000,11.946000
133,256,256,4100960,102051,102385,224979,225079,122.594000,122.928000
133,386,386,4182961,233051,233377,241679,241779,8.302000,8.628000
133,363,363,416b962,250051,250385,262200,262300,11.815000,12.149000
133,54,54,4036962,181051,181385,267037,267137,85.652000,85.986000
133,358,358,4166962,97841,98167,271547,271647,173.380000,173.706000
133,248,248,40f8962,284051,284385,324623,324723,40.238000,40.572000
133,66,66,4042960,101051,101385,329466,329566,228.081000,228.415000
133,165,165,40a5961,326051,326385,334611,334711,8.226000,8.560000
133,261,261,4105960,194051,194385,339409,339509,145.024000,145.358000
133,216,216,40d8961,175051,175385,345167,345267,169.782000,170.116000
133,30,30,401e960,209051,209385,350854,350954,141.469000,141.803000
133,192,192,40c0961,171051,171385,359250,359350,187.865000,188.199000
133,164,164,40a4962,204051,204377,370699,370799,166.322000,166.648000
133,380,380,417c961,302051,302377,376447,376547,74.070000,74.396000
133,284,284,411c962,193675,194001,382193,382293,188.192000,188.518000
133,214,214,40d6960,220003,220337,387948,388048,167.611000,167.945000
133,168,168,40a8960,244051,244385,393690,393790,149.305000,149.639000
133,255,255,40ff962,311051,311385,409178,409278,97.793000,98.127000
133,231,231,40e7960,301051,301377,426362,426462,124.985000,125.311000
133,198,198,40c6960,297051,297385,432312,432412,134.927000,135.261000
133,317,317,413d962,359051,359377,438081,438181,78.704000,79.030000
133,114,114,4072962,205217,205543,443899,443999,238.356000,238.682000
133,45,45,402d961,390014,390340,463246,463346,72.906000,73.232000
133,345,345,4159960,302051,302385,471393,471493,169.008000,169.342000
133,326,326,4146963,473051,473377,485365,485465,11.988000,12.314000
133,388,388,4184961,326051,326385,491516,491616,165.131000,165.465000
133,117,117,4075962,250051,250377,501178,501278,250.801000,251.127000
133,282,282,411a961,282051,282377,524972,525072,242.595000,242.921000
133,213,213,40d5961,457051,457385,560598,560698,103.213000,103.547000
133,11,11,400b961,383051,383385,566544,566644,183.159000,183.493000
133,314,314,413a961,530051,530377,578377,578477,48.000000,48.326000
133,276,276,4114963,563051,563377,584390,584490,21.013000,21.339000
133,111,111,406f960,499051,499377,608072,608172,108.695000,109.021000
133,315,315,413b961,617051,617385,629419,629519,12.034000,12.368000
133,200,200,40c8960,623051,623385,635317,635417,11.932000,12.266000
133,291,291,4123961,626051,626385,644497,644597,18.112000,18.446000
133,115,115,4073963,649051,649385,661340,661440,11.955000,12.289000
133,360,360,4168961,659051,659377,671399,671499,12.022000,12.348000
133,278,278,4116962,721051,721377,727629,727729,6.252000,6.578000
134,60,60,403c963,22051,22385,34436,34536,12.051000,12.385000
134,298,298,412a963,30051,30385,44937,45037,14.552000,14.886000
134,127,127,407f963,28051,28385,49774,49874,21.389000,21.723000
134,22,22,4016962,46051,46385,55659,55759,9.274000,9.608000
134,3,3,4003961,26051,26385,61428,61528,35.043000,35.377000
134,94,94,405e963,65051,65385,69688,69788,4.303000,4.637000
134,55,55,4037960,40051,40385,75749,75849,35.364000,35.698000
134,308,308,4134963,83051,83385,93278,93378,9.893000,10.227000
134,166,166,40a6961,56051,56385,116508,116608,60.123000,60.457000
134,267,267,410b961,107051,107385,121017,121117,13.632000,13.966000
134,243,243,40f3962,88051,88385,126601,126701,38.216000,38.550000
134,330,330,414a963,45051,45385,131461,131561,86.076000,86.410000
134,245,245,40f5961,107051,107385,135947,136047,28.562000,28.896000
134,93,93,405d961,54051,54385,146539,146639,92.154000,92.488000
134,279,279,4117962,78051,78385,151636,151736,73.251000,73.585000
134,303,303,412f963,149051,149377,156357,156457,6.980000,7.306000
134,6,6,4006962,148051,148385,160728,160828,12.343000,12.677000
134,73,73,4049960,156051,156385,172462,172562,16.077000,16.411000
134,333,333,414d963,72051,72377,184077,184177,111.700000,112.026000
134,201,201,40c9963,159051,159385,189844,189944,30.459000,30.793000
134,98,98,4062962,162051,162377,201511,201611,39.134000,39.460000
134,359,359,4167961,72051,72385,213076,213176,140.691000,141.025000
134,196,196,40c4962,175051,175385,224737,224837,49.352000,49.686000
134,256,256,4100960,102051,102385,240245,240345,137.860000,138.194000
134,363,363,416b962,250051,250385,262234,262334,11.849000,12.183000
134,54,54,4036962,181051,181385,273002,273102,91.617000,91.951000
134,136,136,4088963,93051,93385,297671,297771,204.286000,204.620000
134,248,248,40f8962,284051,284385,324618,324718,40.233000,40.567000
134,66,66,4042960,101051,101385,329440,329540,228.055000,228.389000
134,165,165,40a5961,326051,326385,334642,334742,8.257000,8.591000
134,261,261,4105960,194051,194385,339479,339579,145.094000,145.428000
134,216,216,40d8961,175051,175385,345258,345358,169.873000,170.207000
134,30,30,401e960,209051,209385,351013,351113,141.628000,141.962000
134,192,192,40c0961,171051,171385,362658,362758,191.273000,191.607000
134,380,380,417c961,302051,302377,374254,374354,71.877000,72.203000
134,214,214,40d6960,220003,220337,385908,386008,165.571000,165.905000
134,82,82,4052960,382051,382377,391703,391803,9.326000,9.652000
134,168,168,40a8960,244051,244385,403298,403398,158.913000,159.247000
134,154,154,409a961,195992,196318,409053,409153,212.735000,213.061000
134,255,255,40ff962,311051,311385,414887,414987,103.502000,103.836000
134,231,231,40e7960,301051,301377,432248,432348,130.871000,131.197000
134,198,198,40c6960,297051,297385,438067,438167,140.682000,141.016000
134,383,383,417f961,253051,253385,443822,443922,190.437000,190.771000
134,114,114,4072962,205217,205543,449643,449743,244.100000,244.426000
134,45,45,402d961,390014,390340,465547,465647,75.207000,75.533000
134,345,345,4159960,302051,302385,471383,471483,168.998000,169.332000
134,326,326,4146963,473051,473377,489403,489503,16.026000,16.352000
134,388,388,4184961,326051,326385,495259,495359,168.874000,169.208000
134,117,117,4075962,250051,250377,501206,501306,250.829000,251.155000
134,282,282,411a961,282051,282377,524985,525085,242.608000,242.934000
134,203,203,40cb960,465051,465377,530908,531008,65.531000,65.857000
134,68,68,4044960,385051,385385,548785,548885,163.400000,163.734000
134,213,213,40d5961,457051,457385,560654,560754,103.269000,103.603000
134,11,11,400b961,383051,383385,566560,566660,183.175000,183.509000
134,314,314,413a961,530051,530377,578433,578533,48.056000,48.382000
134,276,276,4114963,563051,563377,584406,584506,21.029000,21.355000
134,111,111,406f960,499051,499377,608149,608249,108.772000,109.098000
134,315,315,413b961,617051,617385,629435,629535,12.050000,12.384000
134,291,291,4123961,626051,626385,644505,644605,18.120000,18.454000
134,115,115,4073963,649051,649385,661404,661504,12.019000,12.353000
134,360,360,4168961,659051,659377,671407,671507,12.030000,12.356000
135,60,60,403c963,22051,22385,34436,34536,12.051000,12.385000
135,127,127,407f963,28051,28385,49059,49159,20.674000,21.008000
135,3,3,4003961,26051,26385,61443,61543,35.058000,35.392000
135,55,55,4037960,40051,40385,75697,75797,35.312000,35.646000
135,27,27,401b961,32050,32385,81517,81617,49.132000,49.467000
135,308,308,4134963,83051,83385,93216,93316,9.831000,10.165000
135,120,120,4078960,75051,75385,99056,99156,23.671000,24.005000
135,267,267,410b961,107051,107385,119150,119250,11.765000,12.099000
135,243,243,40f3962,88051,88385,126576,126676,38.191000,38.525000
135,330,330,414a963,45051,45385,131374,131474,85.989000,86.323000
135,245,245,40f5961,107051,107385,135938,136038,28.553000,28.887000
135,42,42,402a960,59051,59385,140781,140881,81.396000,81.730000
135,93,93,405d961,54051,54385,146507,146607,92.122000,92.456000
135,279,279,4117962,78051,78385,151637,151737,73.252000,73.586000
135,303,303,412f963,149051,149377,156353,156453,6.976000,7.302000
135,135,135,4087963,67051,67385,160981,161081,93.596000,93.930000
135,6,6,4006962,148051,148385,165545,165645,17.160000,17.494000
135,73,73,4049960,156051,156385,172524,172624,16.139000,16.473000
135,36,36,4024960,70051,70385,178332,178432,107.947000,108.281000
135,333,333,414d963,72051,72377,184140,184240,111.763000,112.089000
135,201,201,40c9963,159051,159385,189948,190048,30.563000,30.897000
135,228,228,40e4962,82051,82385,195756,195856,113.371000,113.705000
135,98,98,4062962,162051,162377,201564,201664,39.187000,39.513000
135,18,18,4012960,60051,60385,207372,207472,146.987000,147.321000
135,359,359,4167961,72051,72385,213180,213280,140.795000,141.129000
135,156,156,409c960,213051,213377,222075,222175,8.698000,9.024000
135,196,196,40c4962,175051,175385,226987,227087,51.602000,51.936000
135,378,378,417a960,218051,218385,234538,234638,16.153000,16.487000
135,256,256,4100960,102051,102385,240350,240450,137.965000,138.299000
135,141,141,408d963,202051,202385,246189,246289,43.804000,44.138000
135,138,138,408a963,177051,177385,252001,252101,74.616000,74.950000
135,300,300,412c963,107051,107385,257840,257940,150.455000,150.789000
135,363,363,416b962,250051,250385,262349,262449,11.964000,12.298000
135,69,69,4045961,155051,155385,267216,267316,111.831000,112.165000
135,159,159,409f963,252051,252385,271780,271880,19.395000,19.729000
135,54,54,4036962,181051,181385,276679,276779,95.294000,95.628000
135,288,288,4120963,260051,260376,281188,281288,20.812000,21.137000
135,72,72,4048961,94051,94385,286055,286155,191.670000,192.004000
135,51,51,4033962,200051,200385,291873,291973,91.488000,91.822000
135,136,136,4088963,93051,93385,297704,297804,204.319000,204.653000
135,384,384,4180963,107051,107377,311423,311523,204.046000,204.372000
135,393,393,4189961,164051,164385,315945,316045,151.560000,151.894000
135,12,12,400c961,176051,176385,320851,320951,144.466000,144.800000
135,66,66,4042960,101051,101385,326703,326803,225.318000,225.652000
135,165,165,40a5961,326051,326385,334604,334704,8.219000,8.553000
135,261,261,4105960,194051,194385,339471,339571,145.086000,145.420000
135,216,216,40d8961,175051,175385,345290,345390,169.905000,170.239000
135,30,30,401e960,209051,209385,351046,351146,141.661000,141.995000
135,108,108,406c962,113051,113385,356864,356964,243.479000,243.813000
135,192,192,40c0961,171051,171385,362652,362752,191.267000,191.601000
135,48,48,4030962,146051,146385,380114,380214,233.729000,234.063000
135,82,82,4052960,382051,382377,391736,391836,9.359000,9.685000
135,168,168,40a8960,244051,244385,403330,403430,158.945000,159.279000
135,154,154,409a961,195992,196318,409086,409186,212.768000,213.094000
135,255,255,40ff962,311051,311385,414919,415019,103.534000,103.868000
135,57,57,4039961,232051,232385,420675,420775,188.290000,188.624000
135,309,309,4135960,278051,278385,426493,426593,148.108000,148.442000
135,231,231,40e7960,301051,301377,432281,432381,130.904000,131.230000
135,198,198,40c6960,297051,297385,438099,438199,140.714000,141.048000
135,383,383,417f961,253051,253385,443855,443955,190.470000,190.804000
135,114,114,4072962,205217,205543,449675,449775,244.132000,244.458000
135,366,366,416e961,331051,331377,457374,457474,125.997000,126.323000
135,45,45,402d961,390014,390340,465547,465647,75.207000,75.533000
135,345,345,4159960,302051,302385,471383,471483,168.998000,169.332000
135,222,222,40de960,471051,471385,477808,477908,6.423000,6.757000
135,326,326,4146963,473051,473377,489446,489546,16.069000,16.395000
135,117,117,4075962,250051,250377,501275,501375,250.898000,251.224000
135,264,264,4108960,417051,417377,507211,507311,89.834000,90.160000
135,33,33,4021961,359051,359385,513170,513271,153.785000,154.119000
135,282,282,411a961,282051,282377,525041,525141,242.664000,242.990000
135,203,203,40cb960,465051,465377,530977,531077,65.600000,65.926000
135,195,195,40c3960,425051,425377,542907,543007,117.530000,117.856000
135,68,68,4044960,385051,385385,548867,548967,163.482000,163.816000
135,213,213,40d5961,457051,457385,560749,560849,103.364000,103.698000
135,234,234,40ea961,563051,563385,575167,575267,11.782000,12.116000
135,276,276,4114963,563051,563377,584452,584552,21.075000,21.401000
135,171,171,40ab962,571051,571385,596322,596422,24.937000,25.271000
135,111,111,406f960,499051,499377,608182,608282,108.805000,109.131000
135,132,132,4084961,604051,604385,620059,620159,15.674000,16.008000
135,315,315,413b961,617051,617385,629481,629581,12.096000,12.430000
135,291,291,4123961,626051,626385,644576,644676,18.191000,18.525000
135,115,115,4073963,649051,649385,661450,661550,12.065000,12.399000
135,360,360,4168961,659051,659377,671478,671578,12.101000,12.427000
135,372,372,4174960,684051,684377,692891,692991,8.514000,8.840000
135,21,21,4015962,697051,697385,701341,701441,3.956000,4.290000
135,102,102,4066962,816051,816385,822884,822984,6.499000,6.833000
136,382,382,417e963,21051,21385,29870,29970,8.485000,8.819000
136,24,24,4018962,25051,25385,35636,35736,10.251000,10.585000
136,294,294,4126961,24051,24385,41525,41625,17.140000,17.474000
136,135,135,4087963,67051,67385,75991,76091,8.606000,8.940000
136,42,42,402a960,59051,59385,80554,80654,21.169000,21.503000
136,36,36,4024960,70051,70385,88238,88338,17.853000,18.187000
136,120,120,4078960,75051,75385,93060,93160,17.675000,18.009000
136,27,27,401b961,32050,32385,98836,98936,66.451000,66.786000
136,258,258,4102961,65051,65385,104622,104722,39.237000,39.571000
136,359,359,4167961,72051,72385,115109,115209,42.724000,43.058000
136,228,228,40e4962,82051,82385,119968,120068,37.583000,37.917000
136,26,26,401a962,47051,47385,125774,125874,78.389000,78.723000
136,348,348,415c961,53051,53385,137298,137398,83.913000,84.247000
136,136,136,4088963,93051,93385,143077,143177,49.692000,50.026000
136,72,72,4048961,94051,94385,148795,148895,54.410000,54.744000
136,40,40,4028963,58051,58385,154574,154674,96.189000,96.523000
136,69,69,4045961,155051,155385,159720,159820,4.335000,4.669000
136,252,252,40fc963,150023,150349,164372,164472,14.023000,14.349000
136,126,126,407e962,154051,154385,168880,168980,14.495000,14.829000
136,384,384,4180963,107051,107377,173716,173816,66.339000,66.665000
136,342,342,4156960,95051,95377,178974,179074,83.597000,83.923000
136,153,153,4099961,165051,165385,183834,183934,18.449000,18.783000
136,15,15,400f960,110051,110385,188342,188442,77.957000,78.291000
136,129,129,4081960,185051,185385,192772,192872,7.387000,7.721000
136,23,23,4017960,148051,148385,197453,197553,49.068000,49.402000
136,138,138,408a963,177051,177385,202039,202139,24.654000,24.988000
136,246,246,40f6962,172051,172385,208974,209074,36.589000,36.923000
136,141,141,408d963,202051,202385,214608,214708,12.223000,12.557000
136,285,285,411d963,116051,116377,219518,219618,103.141000,103.467000
136,108,108,406c962,113051,113385,225349,225449,111.964000,112.298000
136,378,378,417a960,218051,218385,230302,230402,11.917000,12.251000
136,144,144,4090961,166051,166385,235163,235263,68.778000,69.112000
136,300,300,412c963,107051,107385,239736,239836,132.351000,132.685000
136,149,149,4095962,130039,130366,246812,246912,116.446000,116.773000
136,18,18,4012960,60051,60385,256294,256395,195.909000,196.243000
136,159,159,409f963,252051,252385,262153,262253,9.768000,10.102000
136,204,204,40cc963,139051,139377,268007,268107,128.630000,128.956000
136,288,288,4120963,260051,260376,273865,273965,13.489000,13.814000
136,308,308,4134963,83051,83385,279719,279819,196.334000,196.668000
136,12,12,400c961,176051,176385,285577,285677,109.192000,109.526000
136,369,369,4171962,224051,224377,291431,291531,67.054000,67.380000
136,51,51,4033962,200051,200385,297289,297389,96.904000,97.238000
136,273,273,4111962,137051,137385,303143,303243,165.758000,166.092000
136,48,48,4030962,146051,146385,319046,319146,172.661000,172.995000
136,76,76,404c960,228051,228385,329944,330044,101.559000,101.893000
136,312,312,4138963,157051,157377,335724,335824,178.347000,178.673000
136,150,150,4096960,332051,332377,340119,340219,7.742000,8.068000
136,366,366,416e961,331051,331377,344747,344847,13.370000,13.696000
136,9,9,4009960,219051,219385,350505,350605,131.120000,131.454000
136,393,393,4189961,164051,164385,356277,356377,191.892000,192.226000
136,39,39,4027961,336051,336385,367883,367983,31.498000,31.832000
136,154,154,409a961,195992,196318,373682,373782,177.364000,177.690000
136,309,309,4135960,278051,278385,379465,379565,101.080000,101.414000
136,57,57,4039961,232051,232385,385264,385364,152.879000,153.213000
136,96,96,4060960,348051,348377,391047,391147,42.670000,42.996000
136,82,82,4052960,382051,382377,395538,395638,13.161000,13.487000
136,350,350,415e960,325051,325385,406227,406327,80.842000,81.176000
136,180,180,40b4960,362051,362385,432901,433001,70.516000,70.850000
136,73,73,4049960,156051,156385,438739,438839,282.354000,282.688000
136,33,33,4021961,359051,359385,450301,450401,90.916000,91.250000
136,84,84,4054963,435051,435385,456125,456225,20.740000,21.074000
136,387,387,4183963,434051,434385,461904,462004,27.519000,27.853000
136,78,78,404e963,356051,356385,467715,467815,111.330000,111.664000
136,156,156,409c960,213051,213377,473581,473681,260.204000,260.530000
136,177,177,40b1960,457051,457377,485295,485395,27.918000,28.244000
136,326,326,4146963,473051,473377,489804,489904,16.427000,16.753000
136,264,264,4108960,417051,417377,494665,494765,77.288000,77.614000
136,189,189,40bd963,187779,188105,499156,499256,311.051000,311.377000
136,240,240,40f0961,462051,462377,514310,514410,51.933000,52.259000
136,222,222,40de960,471051,471385,519177,519276,47.792000,48.126000
136,324,324,4144960,57051,57385,524960,525060,467.575000,467.909000
136,351,351,415f963,517050,517377,530759,530859,13.382000,13.709000
136,195,195,40c3960,425051,425377,542411,542511,117.034000,117.360000
136,339,339,4153961,537051,537377,549348,549448,11.971000,12.297000
136,234,234,40ea961,563051,563385,573232,573332,9.847000,10.181000
136,318,318,413e960,569051,569377,579036,579136,9.659000,9.985000
136,171,171,40ab962,571051,571385,584771,584871,13.386000,13.720000
136,132,132,4084961,604051,604385,612989,613089,8.604000,8.938000
136,372,372,4174960,684051,684377,696498,696598,12.121000,12.447000
136,21,21,4015962,697051,697385,709450,709550,12.065000,12.399000
136,152,152,4098961,795051,795377,803939,804039,8.562000,8.888000
136,102,102,4066962,816051,816385,828412,828512,12.027000,12.361000
136,249,249,40f9960,997051,997385,1005874,1005974,8.489000,8.823000
136,374,374,4176960,1041051,1041377,1049808,1049908,8.431000,8.757000
137,382,382,417e963,21051,21385,29870,29970,8.485000,8.819000
137,24,24,4018962,25051,25385,35636,35736,10.251000,10.585000
137,294,294,4126961,24051,24385,41525,41625,17.140000,17.474000
137,239,239,40ef963,38992,39318,56491,56591,17.173000,17.499000
137,49,49,4031960,76051,76385,83873,83973,7.488000,7.822000
137,258,258,4102961,65051,65385,104623,104723,39.238000,39.572000
137,370,370,4172962,52051,52385,110378,110478,57.993000,58.327000
137,359,359,4167961,72051,72385,115109,115209,42.724000,43.058000
137,26,26,401a962,47051,47385,125735,125835,78.350000,78.684000
137,242,242,40f2963,69051,69385,131542,131642,62.157000,62.491000
137,348,348,415c961,53051,53385,137298,137398,83.913000,84.247000
137,136,136,4088963,93051,93385,143077,143177,49.692000,50.026000
137,40,40,4028963,58051,58385,154587,154687,96.202000,96.536000
137,252,252,40fc963,150023,150349,160369,160469,10.020000,10.346000
137,126,126,407e962,154051,154385,164878,164978,10.493000,10.827000
137,342,342,4156960,95051,95377,178935,179035,83.558000,83.884000
137,153,153,4099961,165051,165385,183772,183872,18.387000,18.721000
137,15,15,400f960,110051,110385,188304,188404,77.919000,78.253000
137,129,129,4081960,185051,185385,192703,192803,7.318000,7.652000
137,23,23,4017960,148051,148385,197350,197450,48.965000,49.299000
137,246,246,40f6962,172051,172385,208934,209034,36.549000,36.883000
137,285,285,411d963,116051,116377,214821,214921,98.444000,98.770000
137,144,144,4090961,166051,166385,231191,231291,64.806000,65.140000
137,139,139,408b963,44051,44385,240981,241081,196.596000,196.930000
137,286,286,411e961,230051,230377,245565,245665,15.188000,15.514000
137,149,149,4095962,130039,130366,250437,250537,120.071000,120.398000
137,204,204,40cc963,139051,139377,267945,268045,128.568000,128.894000
137,308,308,4134963,83051,83385,279632,279732,196.247000,196.581000
137,369,369,4171962,224051,224377,291369,291469,66.992000,67.318000
137,273,273,4111962,137051,137385,303056,303156,165.671000,166.005000
137,14,14,400e961,107051,107385,314725,314825,207.340000,207.674000
137,76,76,404c960,228051,228385,329900,330000,101.515000,101.849000
137,312,312,4138963,157051,157377,335708,335808,178.331000,178.657000
137,150,150,4096960,332051,332377,340047,340147,7.670000,7.996000
137,9,9,4009960,219051,219385,350518,350618,131.133000,131.467000
137,39,39,4027961,336051,336385,367845,367945,31.460000,31.794000
137,154,154,409a961,195992,196318,373665,373765,177.347000,177.673000
137,302,302,412e961,188051,188385,378187,378287,189.802000,190.136000
137,96,96,4060960,348051,348377,391045,391145,42.668000,42.994000
137,82,82,4052960,382051,382377,395577,395677,13.200000,13.526000
137,176,176,40b0961,250051,250377,400429,400529,150.052000,150.378000
137,350,350,415e960,325051,325385,406175,406275,80.790000,81.124000
137,146,146,4092963,87051,87385,411995,412095,324.610000,324.944000
137,180,180,40b4960,362051,362385,432839,432939,70.454000,70.788000
137,73,73,4049960,156051,156385,438686,438786,282.301000,282.635000
137,84,84,4054963,435051,435385,456073,456173,20.688000,21.022000
137,387,387,4183963,434051,434385,461893,461993,27.508000,27.842000
137,78,78,404e963,356051,356385,467663,467763,111.278000,111.612000
137,181,181,40b5960,416051,416377,479447,479547,63.070000,63.396000
137,177,177,40b1960,457051,457377,485191,485291,27.814000,28.140000
137,326,326,4146963,473051,473377,489755,489855,16.378000,16.704000
137,189,189,40bd963,187779,188105,495389,495489,307.284000,307.610000
137,240,240,40f0961,462051,462377,514387,514487,52.010000,52.336000
137,324,324,4144960,57051,57385,524945,525045,467.560000,467.894000
137,351,351,415f963,517050,517377,530727,530827,13.350000,13.677000
137,280,280,4118962,512050,512385,536527,536627,24.142000,24.477000
137,339,339,4153961,537051,537377,549368,549468,11.991000,12.317000
137,318,318,413e960,569051,569377,579043,579143,9.666000,9.992000
137,215,215,40d7960,615051,615385,633444,633544,18.059000,18.393000
137,152,152,4098961,795051,795377,803924,804024,8.547000,8.873000
137,249,249,40f9960,997051,997385,1005872,1005972,8.487000,8.821000
137,374,374,4176960,1041051,1041377,1049815,1049915,8.438000,8.764000
138,382,382,417e963,21051,21385,29870,29970,8.485000,8.819000
138,24,24,4018962,25051,25385,35636,35736,10.251000,10.585000
138,294,294,4126961,24051,24385,41525,41625,17.140000,17.474000
138,239,239,40ef963,38992,39318,53200,53300,13.882000,14.208000
138,145,145,4091960,47051,47385,81969,82069,34.584000,34.918000
138,49,49,4031960,76051,76385,87711,87811,11.326000,11.660000
138,258,258,4102961,65051,65385,93499,93599,28.114000,28.448000
138,370,370,4172962,52051,52385,104789,104889,52.404000,52.738000
138,361,361,4169960,82994,83320,110549,110649,27.229000,27.555000
138,359,359,4167961,72051,72385,115078,115178,42.693000,43.027000
138,242,242,40f2963,69051,69385,119922,120022,50.537000,50.871000
138,348,348,415c961,53051,53385,131664,131764,78.279000,78.613000
138,7,7,4007960,32050,32385,143195,143295,110.810000,111.145000
138,40,40,4028963,58051,58385,149076,149176,90.691000,91.025000
138,252,252,40fc963,150023,150349,160603,160703,10.254000,10.580000
138,126,126,407e962,154051,154385,165112,165212,10.727000,11.061000
138,364,364,416c961,85051,85377,169964,170064,84.587000,84.913000
138,153,153,4099961,165051,165385,175753,175853,10.368000,10.702000
138,342,342,4156960,95051,95377,180286,180386,84.909000,85.235000
138,285,285,411d963,116051,116377,185159,185259,68.782000,69.108000
138,15,15,400f960,110051,110385,189645,189745,79.260000,79.594000
138,129,129,4081960,185051,185385,194465,194565,9.080000,9.414000
138,244,244,40f4962,132051,132385,203463,203563,71.078000,71.412000
138,246,246,40f6962,172051,172385,208994,209094,36.609000,36.943000
138,144,144,4090961,166051,166385,213846,213946,47.461000,47.795000
138,313,313,4139960,88051,88377,219667,219767,131.290000,131.616000
138,236,236,40ec963,100051,100377,225448,225548,125.071000,125.397000
138,139,139,408b963,44051,44385,231221,231321,186.836000,187.170000
138,398,398,418e961,138051,138385,237002,237102,98.617000,98.951000
138,34,34,4022961,230051,230385,242084,242184,11.699000,12.033000
138,369,369,4171962,224051,224377,246943,247043,22.566000,22.892000
138,286,286,411e961,230051,230377,251452,251552,21.075000,21.401000
138,204,204,40cc963,139051,139377,262102,262203,122.725000,123.051000
138,308,308,4134963,83051,83385,267841,267941,184.456000,184.790000
138,273,273,4111962,137051,137385,291291,291391,153.906000,154.240000
138,14,14,400e961,107051,107385,320164,320264,212.779000,213.113000
138,76,76,404c960,228051,228385,326098,326198,97.713000,98.047000
138,312,312,4138963,157051,157377,337577,337677,180.200000,180.526000
138,150,150,4096960,332051,332377,343372,343472,10.995000,11.321000
138,9,9,4009960,219051,219385,354878,354978,135.493000,135.827000
138,39,39,4027961,336051,336385,360919,361019,24.534000,24.868000
138,302,302,412e961,188051,188385,377804,377904,189.419000,189.753000
138,96,96,4060960,348051,348377,390965,391065,42.588000,42.914000
138,176,176,40b0961,250051,250377,396771,396871,146.394000,146.720000
138,146,146,4092963,87051,87385,402674,402774,315.289000,315.623000
138,180,180,40b4960,362051,362385,432929,433029,70.544000,70.878000
138,107,107,406b962,400051,400385,438710,438810,38.325000,38.659000
138,84,84,4054963,435051,435385,450216,450316,14.831000,15.165000
138,133,133,4085960,276051,276377,456150,456250,179.773000,180.099000
138,387,387,4183963,434051,434385,461929,462029,27.544000,27.878000
138,78,78,404e963,356051,356385,467655,467755,111.270000,111.604000
138,181,181,40b5960,416051,416377,479483,479583,63.106000,63.432000
138,177,177,40b1960,457051,457377,485239,485339,27.862000,28.188000
138,326,326,4146963,473051,473377,489748,489848,16.371000,16.697000
138,251,251,40fb961,479051,479377,494570,494670,15.193000,15.519000
138,189,189,40bd963,187779,188105,499061,499161,310.956000,311.282000
138,295,295,4127960,493051,493377,512316,512415,18.939000,19.265000
138,240,240,40f0961,462051,462377,516847,516947,54.470000,54.796000
138,324,324,4144960,57051,57385,524119,524218,466.734000,467.068000
138,351,351,415f963,517050,517377,529806,529906,12.429000,12.756000
138,280,280,4118962,512050,512385,535564,535664,23.179000,23.514000
138,339,339,4153961,537051,537377,549322,549422,11.945000,12.271000
138,385,385,4181963,531051,531385,567293,567393,35.908000,36.242000
138,318,318,413e960,569051,569377,575639,575739,6.262000,6.588000
138,215,215,40d7960,615051,615385,633478,633578,18.093000,18.427000
138,281,281,4119961,731051,731385,743302,743402,11.917000,12.251000
138,249,249,40f9960,997051,997385,1005859,1005959,8.474000,8.808000
139,382,382,417e963,21051,21385,29870,29970,8.485000,8.819000
139,24,24,4018962,25051,25385,35636,35736,10.251000,10.585000
139,294,294,4126961,24051,24385,41525,41625,17.140000,17.474000
139,134,134,4086961,25051,25385,47291,47391,21.906000,22.240000
139,145,145,4091960,47051,47385,81969,82069,34.584000,34.918000
139,49,49,4031960,76051,76385,87711,87811,11.326000,11.660000
139,258,258,4102961,65051,65385,93499,93599,28.114000,28.448000
139,370,370,4172962,52051,52385,104789,104889,52.404000,52.738000
139,122,122,407a962,98051,98385,109353,109453,10.968000,11.302000
139,361,361,4169960,82994,83320,114196,114296,30.876000,31.202000
139,359,359,4167961,72051,72385,118705,118805,46.320000,46.654000
139,348,348,415c961,53051,53385,131641,131741,78.256000,78.590000
139,7,7,4007960,32050,32385,143210,143310,110.825000,111.160000
139,40,40,4028963,58051,58385,149053,149153,90.668000,91.002000
139,119,119,4077962,98051,98385,154821,154921,56.436000,56.770000
139,252,252,40fc963,150023,150349,160567,160667,10.218000,10.544000
139,126,126,407e962,154051,154385,165131,165231,10.746000,11.080000
139,364,364,416c961,85051,85377,170004,170104,84.627000,84.953000
139,153,153,4099961,165051,165385,175789,175889,10.404000,10.738000
139,342,342,4156960,95051,95377,180321,180421,84.944000,85.270000
139,285,285,411d963,116051,116377,185173,185273,68.796000,69.122000
139,15,15,400f960,110051,110385,189695,189795,79.310000,79.644000
139,129,129,4081960,185051,185385,194554,194654,9.169000,9.503000
139,244,244,40f4962,132051,132385,203464,203564,71.079000,71.413000
139,246,246,40f6962,172051,172385,209045,209145,36.660000,36.994000
139,144,144,4090961,166051,166385,213918,214018,47.533000,47.867000
139,313,313,4139960,88051,88377,219703,219803,131.326000,131.652000
139,236,236,40ec963,100051,100377,225472,225572,125.095000,125.421000
139,139,139,408b963,44051,44385,231257,231357,186.872000,187.206000
139,398,398,418e961,138051,138385,237026,237126,98.641000,98.975000
139,34,34,4022961,230051,230385,242098,242198,11.713000,12.047000
139,369,369,4171962,224051,224377,246918,247018,22.541000,22.867000
139,286,286,411e961,230051,230377,251482,251582,21.105000,21.431000
139,275,275,4113963,107051,107385,256354,256455,148.969000,149.303000
139,204,204,40cc963,139051,139377,262140,262240,122.763000,123.089000
139,308,308,4134963,83051,83385,267916,268016,184.531000,184.865000
139,184,184,40b8961,132051,132385,285539,285639,153.154000,153.488000
139,273,273,4111962,137051,137385,291315,291415,153.930000,154.264000
139,310,310,4136962,210051,210385,303190,303290,92.805000,93.139000
139,367,367,416f961,300051,300377,312440,312540,12.063000,12.389000
139,76,76,404c960,228051,228385,326083,326183,97.698000,98.032000
139,67,67,4043961,325051,325385,331859,331959,6.474000,6.808000
139,312,312,4138963,157051,157377,337613,337713,180.236000,180.562000
139,150,150,4096960,332051,332377,343396,343496,11.019000,11.345000
139,179,179,40b3961,226051,226385,349122,349222,122.737000,123.071000
139,9,9,4009960,219051,219385,354901,355001,135.516000,135.850000
139,39,39,4027961,336051,336385,360904,361004,24.519000,24.853000
139,96,96,4060960,348051,348377,390952,391052,42.575000,42.901000
139,233,233,40e9961,347051,347385,427153,427253,79.768000,80.102000
139,180,180,40b4960,362051,362385,432929,433029,70.544000,70.878000
139,107,107,406b962,400051,400385,438710,438810,38.325000,38.659000
139,84,84,4054963,435051,435385,450216,450316,14.831000,15.165000
139,133,133,4085960,276051,276377,456150,456250,179.773000,180.099000
139,387,387,4183963,434051,434385,461929,462029,27.544000,27.878000
139,296,296,4128962,423051,423377,466438,466538,43.061000,43.387000
139,78,78,404e963,356051,356385,471236,471336,114.851000,115.185000
139,181,181,40b5960,416051,416377,479459,479559,63.082000,63.408000
139,177,177,40b1960,457051,457377,485203,485303,27.826000,28.152000
139,326,326,4146963,473051,473377,489767,489867,16.390000,16.716000
139,251,251,40fb961,479051,479377,494610,494710,15.233000,15.559000
139,189,189,40bd963,187779,188105,499119,499219,311.014000,311.340000
139,226,226,40e2963,413051,413385,504658,504758,91.273000,91.607000
139,295,295,4127960,493051,493377,512316,512415,18.939000,19.265000
139,240,240,40f0961,462051,462377,516848,516948,54.471000,54.797000
139,324,324,4144960,57051,57385,524119,524218,466.734000,467.068000
139,351,351,415f963,517050,517377,529806,529906,12.429000,12.756000
139,280,280,4118962,512050,512385,535564,535664,23.179000,23.514000
139,339,339,4153961,537051,537377,549322,549422,11.945000,12.271000
139,385,385,4181963,531051,531385,567293,567393,35.908000,36.242000
139,318,318,413e960,569051,569377,575639,575739,6.262000,6.588000
139,281,281,4119961,731051,731385,743353,743453,11.968000,12.302000
139,249,249,40f9960,997051,997385,1005860,1005960,8.475000,8.809000
140,24,24,4018962,25051,25385,31788,31888,6.403000,6.737000
140,294,294,4126961,24051,24385,37475,37575,13.090000,13.424000
140,134,134,4086961,25051,25385,43326,43426,17.941000,18.275000
140,145,145,4091960,47051,47385,58821,58921,11.436000,11.770000
140,348,348,415c961,53051,53385,64617,64716,11.232000,11.566000
140,370,370,4172962,52051,52385,70322,70422,17.937000,18.271000
140,88,88,4058962,58051,58385,76083,76183,17.698000,18.032000
140,258,258,4102961,65051,65385,87543,87643,22.158000,22.492000
140,364,364,416c961,85051,85377,93328,93428,7.951000,8.277000
140,7,7,4007960,32050,32385,99070,99170,66.685000,67.020000
140,49,49,4031960,76051,76385,105322,105422,28.937000,29.271000
140,122,122,407a962,98051,98385,109813,109913,11.428000,11.762000
140,119,119,4077962,98051,98385,114672,114772,16.287000,16.621000
140,319,319,413f962,68051,68385,119181,119281,50.796000,51.130000
140,275,275,4113963,107051,107385,124033,124133,16.648000,16.982000
140,250,250,40fa960,69051,69385,129775,129875,60.390000,60.724000
140,361,361,4169960,82994,83320,135691,135791,52.371000,52.697000
140,313,313,4139960,88051,88377,141520,141620,53.143000,53.469000
140,139,139,408b963,44051,44385,148938,149038,104.553000,104.887000
140,285,285,411d963,116051,116377,159069,159169,42.692000,43.018000
140,126,126,407e962,154051,154385,163602,163702,9.217000,9.551000
140,184,184,40b8961,132051,132385,168475,168575,36.090000,36.424000
140,204,204,40cc963,139051,139377,174256,174356,34.879000,35.205000
140,342,342,4156960,95051,95377,178883,178983,83.506000,83.832000
140,252,252,40fc963,150023,150349,183735,183835,33.386000,33.712000
140,15,15,400f960,110051,110385,188226,188326,77.841000,78.175000
140,394,394,418a960,131051,131385,193085,193185,61.700000,62.034000
140,153,153,4099961,165051,165385,198848,198948,33.463000,33.797000
140,46,46,402e962,163051,163377,203334,203434,39.957000,40.283000
140,129,129,4081960,185051,185385,208154,208254,22.769000,23.103000
140,244,244,40f4962,132051,132385,212687,212787,80.302000,80.636000
140,144,144,4090961,166051,166385,217560,217660,51.175000,51.509000
140,246,246,40f6962,172051,172385,222046,222146,49.661000,49.995000
140,310,310,4136962,210051,210385,226866,226966,16.481000,16.815000
140,163,163,40a3963,86051,86385,232635,232735,146.250000,146.584000
140,34,34,4022961,230051,230385,237126,237226,6.741000,7.075000
140,273,273,4111962,137051,137385,241985,242085,104.600000,104.934000
140,286,286,411e961,230051,230377,246494,246594,16.117000,16.443000
140,232,232,40e8962,93051,93385,251346,251446,157.961000,158.295000
140,369,369,4171962,224051,224377,257088,257188,32.711000,33.037000
140,312,312,4138963,157051,157377,291180,291280,133.803000,134.129000
140,9,9,4009960,219051,219385,308761,308861,89.376000,89.710000
140,367,367,416f961,300051,300377,314525,314625,14.148000,14.474000
140,304,304,4130962,305051,305377,320267,320367,14.890000,15.216000
140,179,179,40b3961,226051,226385,326035,326135,99.650000,99.984000
140,324,324,4144960,57051,57385,331777,331877,274.392000,274.726000
140,67,67,4043961,325051,325385,337725,337825,12.340000,12.674000
140,150,150,4096960,332051,332377,343596,343696,11.219000,11.545000
140,307,307,4133963,269051,269377,348159,348259,78.782000,79.108000
140,39,39,4027961,336051,336385,354277,354377,17.892000,18.226000
140,96,96,4060960,348051,348377,360058,360158,11.681000,12.007000
140,180,180,40b4960,362051,362385,371609,371709,9.224000,9.558000
140,272,272,4110961,323051,323385,408277,408377,84.892000,85.226000
140,233,233,40e9961,347051,347385,414053,414153,66.668000,67.002000
140,133,133,4085960,276051,276377,419809,419909,143.432000,143.758000
140,181,181,40b5960,416051,416377,426162,426262,9.785000,10.111000
140,78,78,404e963,356051,356385,431918,432018,75.533000,75.867000
140,387,387,4183963,434051,434385,442900,443000,8.515000,8.849000
140,84,84,4054963,435051,435385,448617,448717,13.232000,13.566000
140,296,296,4128962,423051,423377,462058,462158,38.681000,39.007000
140,177,177,40b1960,457051,457377,479751,479851,22.374000,22.700000
140,189,189,40bd963,187779,188105,494284,494384,306.179000,306.505000
140,226,226,40e2963,413051,413385,501406,501506,88.021000,88.355000
140,295,295,4127960,493051,493377,506226,506326,12.849000,13.175000
140,240,240,40f0961,462051,462377,514395,514495,52.018000,52.344000
140,280,280,4118962,512050,512385,524442,524542,12.057000,12.392000
140,351,351,415f963,517050,517377,530223,530323,12.846000,13.173000
140,339,339,4153961,537051,537377,549417,549517,12.040000,12.366000
140,385,385,4181963,531051,531385,567302,567402,35.917000,36.251000
140,318,318,413e960,569051,569377,577838,577938,8.461000,8.787000
140,249,249,40f9960,997051,997385,1003711,1003811,6.326000,6.660000
141,24,24,4018962,25051,25385,31788,31888,6.403000,6.737000
141,294,294,4126961,24051,24385,37475,37575,13.090000,13.424000
141,145,145,4091960,47051,47385,58872,58972,11.487000,11.821000
141,348,348,415c961,53051,53385,64618,64718,11.233000,11.567000
141,88,88,4058962,58051,58385,76083,76183,17.698000,18.032000
141,32,32,4020961,54051,54385,81792,81892,27.407000,27.741000
141,258,258,4102961,65051,65385,87542,87642,22.157000,22.491000
141,364,364,416c961,85051,85377,93277,93377,7.900000,8.226000
141,7,7,4007960,32050,32385,99069,99169,66.684000,67.019000
141,319,319,413f962,68051,68385,115371,115471,46.986000,47.320000
141,250,250,40fa960,69051,69385,129811,129911,60.426000,60.760000
141,361,361,4169960,82994,83320,135715,135815,52.395000,52.721000
141,313,313,4139960,88051,88377,141556,141656,53.179000,53.505000
141,285,285,411d963,116051,116377,159092,159192,42.715000,43.041000
141,126,126,407e962,154051,154385,163601,163701,9.216000,9.550000
141,184,184,40b8961,132051,132385,168399,168499,36.014000,36.348000
141,204,204,40cc963,139051,139377,174219,174319,34.842000,35.168000
141,342,342,4156960,95051,95377,178895,178995,83.518000,83.844000
141,252,252,40fc963,150023,150349,183732,183832,33.383000,33.709000
141,15,15,400f960,110051,110385,188264,188364,77.879000,78.213000
141,394,394,418a960,131051,131385,193086,193186,61.701000,62.035000
141,153,153,4099961,165051,165385,198773,198873,33.388000,33.722000
141,46,46,402e962,163051,163377,203337,203437,39.960000,40.286000
141,129,129,4081960,185051,185385,208180,208280,22.795000,23.129000
141,244,244,40f4962,132051,132385,212689,212789,80.304000,80.638000
141,144,144,4090961,166051,166385,217487,217587,51.102000,51.436000
141,246,246,40f6962,172051,172385,222051,222151,49.666000,50.000000
141,310,310,4136962,210051,210385,226894,226994,16.509000,16.843000
141,163,163,40a3963,86051,86385,232620,232720,146.235000,146.569000
141,34,34,4022961,230051,230385,237152,237252,6.767000,7.101000
141,273,273,4111962,137051,137385,241974,242074,104.589000,104.923000
141,232,232,40e8962,93051,93385,247716,247816,154.331000,154.665000
141,369,369,4171962,224051,224377,257087,257186,32.710000,33.036000
141,101,101,4065960,255051,255385,268402,268502,13.017000,13.351000
141,312,312,4138963,157051,157377,291165,291265,133.788000,134.114000
141,9,9,4009960,219051,219385,308784,308884,89.399000,89.733000
141,367,367,416f961,300051,300377,314510,314610,14.133000,14.459000
141,304,304,4130962,305051,305377,320290,320390,14.913000,15.239000
141,324,324,4144960,57051,57385,331813,331913,274.428000,274.762000
141,67,67,4043961,325051,325385,337749,337849,12.364000,12.698000
141,150,150,4096960,332051,332377,343632,343732,11.255000,11.581000
141,307,307,4133963,269051,269377,348142,348242,78.765000,79.091000
141,39,39,4027961,336051,336385,354253,354353,17.868000,18.202000
141,96,96,4060960,348051,348377,360022,360122,11.645000,11.971000
141,365,365,416d960,324051,324377,365840,365940,41.463000,41.789000
141,180,180,40b4960,362051,362385,371586,371686,9.201000,9.535000
141,272,272,4110961,323051,323385,408292,408392,84.907000,85.241000
141,133,133,4085960,276051,276377,419773,419873,143.396000,143.722000
141,78,78,404e963,356051,356385,431933,432033,75.548000,75.882000
141,387,387,4183963,434051,434385,442877,442977,8.492000,8.826000
141,84,84,4054963,435051,435385,448632,448732,13.247000,13.581000
141,269,269,410d960,382051,382385,461060,461160,78.675000,79.009000
141,177,177,40b1960,457051,457377,479751,479851,22.374000,22.700000
141,189,189,40bd963,187779,188105,494284,494384,306.179000,306.505000
141,226,226,40e2963,413051,413385,501406,501506,88.021000,88.355000
141,295,295,4127960,493051,493377,506226,506326,12.849000,13.175000
141,240,240,40f0961,462051,462377,514395,514495,52.018000,52.344000
141,351,351,415f963,517050,517377,530210,530310,12.833000,13.160000
141,339,339,4153961,537051,537377,549378,549478,12.001000,12.327000
141,385,385,4181963,531051,531385,567289,567389,35.904000,36.238000
141,318,318,413e960,569051,569377,577799,577899,8.422000,8.748000
141,389,389,4185963,604051,604385,616486,616586,12.101000,12.435000
141,323,323,4143960,889051,889385,897836,897936,8.451000,8.785000
141,249,249,40f9960,997051,997385,1003698,1003798,6.313000,6.647000
142,24,24,4018962,25051,25385,31788,31888,6.403000,6.737000
142,294,294,4126961,24051,24385,37475,37575,13.090000,13.424000
142,348,348,415c961,53051,53385,59715,59815,6.330000,6.664000
142,88,88,4058962,58051,58385,70361,70461,11.976000,12.310000
142,32,32,4020961,54051,54385,76273,76373,21.888000,22.222000
142,258,258,4102961,65051,65385,81990,82090,16.605000,16.939000
142,250,250,40fa960,69051,69385,111175,111275,41.790000,42.124000
142,319,319,413f962,68051,68385,115666,115766,47.281000,47.615000
142,191,191,40bf963,143051,143385,154781,154881,11.396000,11.730000
142,285,285,411d963,116051,116377,160592,160692,44.215000,44.541000
142,126,126,407e962,154051,154385,165078,165178,10.693000,11.027000
142,204,204,40cc963,139051,139377,169876,169976,30.499000,30.825000
142,184,184,40b8961,132051,132385,175712,175812,43.327000,43.661000
142,342,342,4156960,95051,95377,180203,180303,84.826000,85.152000
142,252,252,40fc963,150023,150349,185040,185140,34.691000,35.017000
142,15,15,400f960,110051,110385,189549,189649,79.164000,79.498000
142,394,394,418a960,131051,131385,194371,194471,62.986000,63.320000
142,153,153,4099961,165051,165385,200088,200188,34.703000,35.037000
142,46,46,402e962,163051,163377,204621,204721,41.244000,41.570000
142,129,129,4081960,185051,185385,209464,209564,24.079000,24.413000
142,246,246,40f6962,172051,172385,213950,214050,41.565000,41.899000
142,144,144,4090961,166051,166385,218748,218848,52.363000,52.697000
142,310,310,4136962,210051,210385,224512,224612,14.127000,14.461000
142,163,163,40a3963,86051,86385,231269,231369,144.884000,145.218000
142,369,369,4171962,224051,224377,237065,237165,12.688000,13.014000
142,273,273,4111962,137051,137385,242770,242870,105.385000,105.719000
142,232,232,40e8962,93051,93385,248566,248666,155.181000,155.515000
142,101,101,4065960,255051,255385,268404,268504,13.019000,13.353000
142,312,312,4138963,157051,157377,291169,291269,133.792000,134.118000
142,9,9,4009960,219051,219385,308786,308886,89.401000,89.735000
142,367,367,416f961,300051,300377,314503,314603,14.126000,14.452000
142,304,304,4130962,305051,305377,320282,320382,14.905000,15.231000
142,324,324,4144960,57051,57385,326590,326690,269.205000,269.539000
142,67,67,4043961,325051,325385,337746,337846,12.361000,12.695000
142,150,150,4096960,332051,332377,343586,343686,11.209000,11.535000
142,307,307,4133963,269051,269377,348095,348195,78.718000,79.044000
142,39,39,4027961,336051,336385,354236,354336,17.851000,18.185000
142,96,96,4060960,348051,348377,359974,360074,11.597000,11.923000
142,365,365,416d960,324051,324377,365797,365897,41.420000,41.746000
142,180,180,40b4960,362051,362385,371514,371614,9.129000,9.463000
142,78,78,404e963,356051,356385,427578,427678,71.193000,71.527000
142,387,387,4183963,434051,434385,442821,442921,8.436000,8.770000
142,84,84,4054963,435051,435385,448616,448716,13.231000,13.565000
142,269,269,410d960,382051,382385,461006,461106,78.621000,78.955000
142,177,177,40b1960,457051,457377,479718,479818,22.341000,22.667000
142,189,189,40bd963,187779,188105,494244,494344,306.139000,306.465000
142,226,226,40e2963,413051,413385,501394,501494,88.009000,88.343000
142,240,240,40f0961,462051,462377,514316,514415,51.939000,52.265000
142,351,351,415f963,517050,517377,529426,529526,12.049000,12.376000
142,339,339,4153961,537051,537377,549420,549520,12.043000,12.369000
142,318,318,413e960,569051,569377,577795,577895,8.418000,8.744000
142,389,389,4185963,604051,604385,616491,616591,12.106000,12.440000
142,194,194,40c2960,688051,688377,694655,694755,6.278000,6.604000
142,323,323,4143960,889051,889385,897845,897945,8.460000,8.794000
142,249,249,40f9960,997051,997385,1003703,1003803,6.318000,6.652000
143,24,24,4018962,25051,25385,31788,31888,6.403000,6.737000
143,294,294,4126961,24051,24385,37475,37575,13.090000,13.424000
143,348,348,415c961,53051,53385,59715,59815,6.330000,6.664000
143,88,88,4058962,58051,58385,70361,70461,11.976000,12.310000
143,258,258,4102961,65051,65385,82041,82141,16.656000,16.990000
143,250,250,40fa960,69051,69385,111176,111276,41.791000,42.125000
143,319,319,413f962,68051,68385,115710,115810,47.325000,47.659000
143,191,191,40bf963,143051,143385,154820,154920,11.435000,11.769000
143,285,285,411d963,116051,116377,160605,160705,44.228000,44.554000
143,126,126,407e962,154051,154385,165115,165215,10.730000,11.064000
143,204,204,40cc963,139051,139377,169967,170067,30.590000,30.916000
143,342,342,4156960,95051,95377,178889,178989,83.512000,83.838000
143,252,252,40fc963,150023,150349,183726,183826,33.377000,33.703000
143,15,15,400f960,110051,110385,188236,188336,77.851000,78.185000
143,394,394,418a960,131051,131385,193058,193158,61.673000,62.007000
143,153,153,4099961,165051,165385,200088,200188,34.703000,35.037000
143,46,46,402e962,163051,163377,204622,204722,41.245000,41.571000
143,129,129,4081960,185051,185385,209465,209565,24.080000,24.414000
143,246,246,40f6962,172051,172385,213952,214052,41.567000,41.901000
143,144,144,4090961,166051,166385,218750,218850,52.365000,52.699000
143,163,163,40a3963,86051,86385,231320,231420,144.935000,145.269000
143,369,369,4171962,224051,224377,237066,237166,12.689000,13.015000
143,273,273,4111962,137051,137385,242821,242921,105.436000,105.770000
143,232,232,40e8962,93051,93385,248567,248667,155.182000,155.516000
143,312,312,4138963,157051,157377,291184,291284,133.807000,134.133000
143,9,9,4009960,219051,219385,308763,308863,89.378000,89.712000
143,304,304,4130962,305051,305377,320258,320358,14.881000,15.207000
143,324,324,4144960,57051,57385,326554,326654,269.169000,269.503000
143,150,150,4096960,332051,332377,343601,343701,11.224000,11.550000
143,307,307,4133963,269051,269377,348123,348223,78.746000,79.072000
143,39,39,4027961,336051,336385,354273,354373,17.888000,18.222000
143,96,96,4060960,348051,348377,360049,360149,11.672000,11.998000
143,180,180,40b4960,362051,362385,371550,371650,9.165000,9.499000
143,78,78,404e963,356051,356385,427602,427702,71.217000,71.551000
143,387,387,4183963,434051,434385,442857,442957,8.472000,8.806000
143,84,84,4054963,435051,435385,448640,448740,13.255000,13.589000
143,177,177,40b1960,457051,457377,479755,479855,22.378000,22.704000
143,189,189,40bd963,187779,188105,494284,494384,306.179000,306.505000
143,240,240,40f0961,462051,462377,514355,514454,51.978000,52.304000
143,351,351,415f963,517050,517377,529465,529565,12.088000,12.415000
143,339,339,4153961,537051,537377,549433,549533,12.056000,12.382000
143,318,318,413e960,569051,569377,577834,577934,8.457000,8.783000
143,194,194,40c2960,688051,688377,694655,694755,6.278000,6.604000
143,249,249,40f9960,997051,997385,1003742,1003842,6.357000,6.691000
144,193,193,40c1963,130051,130384,146312,146412,15.928000,16.261000
144,355,355,4163961,162051,162385,173759,173859,11.374000,11.708000
144,277,277,4115963,165051,165377,178323,178423,12.946000,13.272000
144,292,292,4124960,134051,134377,186523,186623,52.146000,52.472000
144,299,299,412b963,94051,94377,194674,194774,100.297000,100.623000
144,148,148,4094960,289051,289385,304189,304289,14.804000,15.138000
144,268,268,410c963,369051,369385,408515,408615,39.130000,39.464000
144,325,325,4145960,515050,515377,523840,523939,8.463000,8.790000
144,379,379,417b961,518050,518377,529619,529719,11.242000,11.569000
144,391,391,4187961,705051,705385,717447,717547,12.062000,12.396000
145,346,346,415a960,59051,59385,71124,71224,11.739000,12.073000
145,193,193,40c1963,130051,130384,146332,146432,15.948000,16.281000
145,355,355,4163961,162051,162385,173791,173891,11.406000,11.740000
145,277,277,4115963,165051,165377,178300,178400,12.923000,13.249000
145,352,352,4160960,59051,59385,183151,183251,123.766000,124.100000
145,292,292,4124960,134051,134377,187642,187742,53.265000,53.591000
145,299,299,412b963,94051,94377,194707,194807,100.330000,100.656000
145,316,316,413c963,129051,129377,219182,219282,89.805000,90.131000
145,208,208,40d0961,189051,189377,269596,269696,80.219000,80.545000
145,148,148,4094960,289051,289385,304208,304308,14.823000,15.157000
145,376,376,4178960,301051,301385,313185,313285,11.800000,12.134000
145,151,151,4097960,353051,353385,359696,359796,6.311000,6.645000
145,268,268,410c963,369051,369385,408515,408615,39.130000,39.464000
145,325,325,4145960,515050,515377,523836,523935,8.459000,8.786000
145,379,379,417b961,518050,518377,529615,529715,11.238000,11.565000
145,142,142,408e960,526051,526385,542583,542683,16.198000,16.532000
145,371,371,4173960,515050,515385,560654,560754,45.269000,45.604000
145,172,172,40ac961,355772,356106,585326,585426,229.220000,229.554000
145,62,62,403e962,612051,612377,620826,620926,8.449000,8.775000
145,391,391,4187961,705051,705385,717443,717543,12.058000,12.392000
146,2,2,4002961,58051,58385,68892,68992,10.507000,10.841000
146,346,346,415a960,59051,59385,73414,73514,14.029000,14.363000
146,362,362,416a961,68051,68385,79010,79110,10.625000,10.959000
146,247,247,40f7963,62051,62377,83916,84016,21.539000,21.865000
146,116,116,4074963,75051,75385,99173,99273,23.788000,24.122000
146,287,287,411f960,44015,44341,104947,105047,60.606000,60.932000
146,193,193,40c1963,130051,130384,146291,146391,15.907000,16.240000
146,355,355,4163961,162051,162385,173730,173830,11.345000,11.679000
146,277,277,4115963,165051,165377,178264,178364,12.887000,13.213000
146,352,352,4160960,59051,59385,183170,183270,123.785000,124.119000
146,292,292,4124960,134051,134377,187657,187757,53.280000,53.606000
146,331,331,414b961,208051,208385,216712,216812,8.327000,8.661000
146,316,316,413c963,129051,129377,221575,221675,92.198000,92.524000
146,358,358,4166962,97841,98167,268632,268732,170.465000,170.791000
146,208,208,40d0961,189051,189377,273488,273588,84.111000,84.437000
146,158,158,409e961,146051,146377,280778,280878,134.401000,134.727000
146,148,148,4094960,289051,289385,310015,310115,20.630000,20.964000
146,376,376,4178960,301051,301385,314537,314637,13.152000,13.486000
146,257,257,4101962,302051,302385,320204,320304,17.819000,18.153000
146,151,151,4097960,353051,353385,359673,359773,6.288000,6.622000
146,268,268,410c963,369051,369385,408533,408633,39.148000,39.482000
146,35,35,4023962,365051,365377,432383,432483,67.006000,67.332000
146,155,155,409b963,304051,304377,443156,443256,138.779000,139.105000
146,325,325,4145960,515050,515377,523819,523920,8.442000,8.769000
146,379,379,417b961,518050,518377,529636,529736,11.259000,11.586000
146,142,142,408e960,526051,526385,542508,542608,16.123000,16.457000
146,371,371,4173960,515050,515385,560617,560717,45.232000,45.567000
146,172,172,40ac961,355772,356106,585288,585388,229.182000,229.516000
146,62,62,403e962,612051,612377,620838,620938,8.461000,8.787000
146,391,391,4187961,705051,705385,717365,717465,11.980000,12.314000
147,44,44,402c963,23051,23385,31966,32065,8.581000,8.915000
147,356,356,4164960,30051,30385,43450,43550,13.065000,13.399000
147,298,298,412a963,30051,30385,47983,48083,17.598000,17.932000
147,22,22,4016962,46051,46385,63121,63221,16.736000,17.070000
147,2,2,4002961,58051,58385,68873,68973,10.488000,10.822000
147,346,346,415a960,59051,59385,73382,73482,13.997000,14.331000
147,166,166,40a6961,56051,56385,78203,78303,21.818000,22.152000
147,362,362,416a961,68051,68385,82694,82794,14.309000,14.643000
147,247,247,40f7963,62051,62377,87530,87630,25.153000,25.479000
147,94,94,405e963,65051,65385,93402,93502,28.017000,28.351000
147,116,116,4074963,75051,75385,99154,99254,23.769000,24.103000
147,287,287,411f960,44015,44341,104966,105066,60.625000,60.951000
147,17,17,4011963,87051,87385,116543,116643,29.158000,29.492000
147,193,193,40c1963,130051,130384,146311,146411,15.927000,16.260000
147,110,110,406e963,151051,151377,159749,159849,8.372000,8.698000
147,355,355,4163961,162051,162385,173726,173826,11.341000,11.675000
147,277,277,4115963,165051,165377,178256,178356,12.879000,13.205000
147,352,352,4160960,59051,59385,183166,183266,123.781000,124.115000
147,292,292,4124960,134051,134377,187652,187752,53.275000,53.601000
147,377,377,4179961,183051,183385,192449,192549,9.064000,9.398000
147,331,331,414b961,208051,208385,216751,216851,8.366000,8.700000
147,316,316,413c963,129051,129377,221593,221693,92.216000,92.542000
147,38,38,4026961,189051,189385,253416,253516,64.031000,64.365000
147,358,358,4166962,97841,98167,268632,268732,170.465000,170.791000
147,208,208,40d0961,189051,189377,273483,273583,84.106000,84.432000
147,158,158,409e961,146051,146377,280774,280874,134.397000,134.723000
147,206,206,40ce962,273051,273385,286590,286690,13.205000,13.539000
147,148,148,4094960,289051,289385,309960,310060,20.575000,20.909000
147,376,376,4178960,301051,301385,314523,314623,13.138000,13.472000
147,257,257,4101962,302051,302385,320230,320330,17.845000,18.179000
147,214,214,40d6960,220003,220337,352869,352969,132.532000,132.866000
147,151,151,4097960,353051,353385,359669,359769,6.284000,6.618000
147,65,65,4041963,271051,271385,391122,391222,119.737000,120.071000
147,268,268,410c963,369051,369385,408482,408582,39.097000,39.431000
147,388,388,4184961,326051,326385,415121,415221,88.736000,89.070000
147,35,35,4023962,365051,365377,432304,432404,66.927000,67.253000
147,155,155,409b963,304051,304377,443181,443281,138.804000,139.130000
147,325,325,4145960,515050,515377,523838,523939,8.461000,8.788000
147,379,379,417b961,518050,518377,529617,529717,11.240000,11.567000
147,142,142,408e960,526051,526385,542527,542627,16.142000,16.476000
147,353,353,4161963,548051,548377,567456,567556,19.079000,19.405000
147,172,172,40ac961,355772,356106,585307,585407,229.201000,229.535000
147,391,391,4187961,705051,705385,717397,717497,12.012000,12.346000
148,44,44,402c963,23051,23385,31970,32070,8.585000,8.919000
148,197,197,40c5962,30051,30385,37687,37787,7.302000,7.636000
148,298,298,412a963,30051,30385,44976,45076,14.591000,14.925000
148,356,356,4164960,30051,30385,49853,49953,19.468000,19.802000
148,22,22,4016962,46051,46385,58625,58725,12.240000,12.574000
148,127,127,407f963,28051,28385,64405,64505,36.020000,36.354000
148,346,346,415a960,59051,59385,71053,71153,11.668000,12.002000
148,94,94,405e963,65051,65385,75887,75987,10.502000,10.836000
148,185,185,40b9961,71051,71385,83195,83295,11.810000,12.144000
148,247,247,40f7963,62051,62377,88042,88142,25.665000,25.991000
148,308,308,4134963,83051,83385,94664,94764,11.279000,11.613000
148,55,55,4037960,40051,40385,100471,100571,60.086000,60.420000
148,329,329,4149963,61051,61385,112071,112171,50.686000,51.020000
148,166,166,40a6961,56051,56385,117840,117940,61.455000,61.789000
148,110,110,406e963,151051,151377,159762,159862,8.385000,8.711000
148,17,17,4011963,87051,87385,177010,177110,89.625000,89.959000
148,359,359,4167961,72051,72385,194329,194429,121.944000,122.278000
148,196,196,40c4962,175051,175385,215467,215567,40.082000,40.416000
148,331,331,414b961,208051,208385,220001,220101,11.616000,11.950000
148,256,256,4100960,102051,102385,224983,225083,122.598000,122.932000
148,352,352,4160960,59051,59385,230768,230868,171.383000,171.717000
148,386,386,4182961,233051,233377,241705,241805,8.328000,8.654000
148,358,358,4166962,97841,98167,268649,268749,170.482000,170.808000
148,377,377,4179961,183051,183385,278824,278924,95.439000,95.773000
148,206,206,40ce962,273051,273385,284543,284643,11.158000,11.492000
148,316,316,413c963,129051,129377,299777,299877,170.400000,170.726000
148,208,208,40d0961,189051,189377,305679,305779,116.302000,116.628000
148,376,376,4178960,301051,301385,313263,313363,11.878000,12.212000
148,38,38,4026961,189051,189385,364992,365092,175.607000,175.941000
148,164,164,40a4962,204051,204377,370703,370803,166.326000,166.652000
148,284,284,411c962,193675,194001,382196,382296,188.195000,188.521000
148,214,214,40d6960,220003,220337,387901,388001,167.564000,167.898000
148,65,65,4041963,271051,271385,392465,392565,121.080000,121.414000
148,317,317,413d962,359051,359377,438108,438208,78.731000,79.057000
148,131,131,4083960,301051,301377,449708,449808,148.331000,148.657000
148,151,151,4097960,353051,353385,455477,455577,102.092000,102.426000
148,170,170,40aa962,362051,362377,461227,461327,98.850000,99.176000
148,344,344,4158962,420051,420385,479655,479755,59.270000,59.604000
148,326,326,4146963,473051,473377,485405,485505,12.028000,12.354000
148,388,388,4184961,326051,326385,491544,491644,165.159000,165.493000
148,142,142,408e960,526051,526385,554749,554849,28.364000,28.698000
148,353,353,4161963,548051,548377,590352,590452,41.975000,42.301000
148,172,172,40ac961,355772,356106,602223,602323,246.117000,246.451000
148,200,200,40c8960,623051,623385,635396,635496,12.011000,12.345000
148,115,115,4073963,649051,649385,661380,661480,11.995000,12.329000
148,278,278,4116962,721051,721377,727708,727808,6.331000,6.657000
149,197,197,40c5962,30051,30385,37734,37834,7.349000,7.683000
149,298,298,412a963,30051,30385,44937,45037,14.552000,14.886000
149,22,22,4016962,46051,46385,58621,58721,12.236000,12.570000
149,127,127,407f963,28051,28385,64401,64501,36.016000,36.350000
149,94,94,405e963,65051,65385,75919,76019,10.534000,10.868000
149,185,185,40b9961,71051,71385,83196,83296,11.811000,12.145000
149,247,247,40f7963,62051,62377,88017,88117,25.640000,25.966000
149,308,308,4134963,83051,83385,94624,94724,11.239000,11.573000
149,55,55,4037960,40051,40385,100443,100543,60.058000,60.392000
149,329,329,4149963,61051,61385,112031,112131,50.646000,50.980000
149,166,166,40a6961,56051,56385,117812,117912,61.427000,61.761000
149,359,359,4167961,72051,72385,194274,194374,121.889000,122.223000
149,196,196,40c4962,175051,175385,215462,215562,40.077000,40.411000
149,331,331,414b961,208051,208385,219953,220053,11.568000,11.902000
149,256,256,4100960,102051,102385,224940,225040,122.555000,122.889000
149,386,386,4182961,233051,233377,241705,241805,8.328000,8.654000
149,358,358,4166962,97841,98167,268649,268749,170.482000,170.808000
149,248,248,40f8962,284051,284385,324572,324672,40.187000,40.521000
149,164,164,40a4962,204051,204377,370698,370798,166.321000,166.647000
149,380,380,417c961,302051,302377,376396,376496,74.019000,74.345000
149,284,284,411c962,193675,194001,382192,382292,188.191000,188.517000
149,214,214,40d6960,220003,220337,387897,387997,167.560000,167.894000
149,317,317,413d962,359051,359377,438080,438180,78.703000,79.029000
149,131,131,4083960,301051,301377,449668,449768,148.291000,148.617000
149,170,170,40aa962,362051,362377,461186,461286,98.809000,99.135000
149,344,344,4158962,420051,420385,479576,479676,59.191000,59.525000
149,326,326,4146963,473051,473377,485364,485464,11.987000,12.313000
149,388,388,4184961,326051,326385,491465,491565,165.080000,165.414000
149,11,11,400b961,383051,383385,566544,566644,183.159000,183.493000
149,314,314,413a961,530051,530377,578377,578477,48.000000,48.326000
149,200,200,40c8960,623051,623385,635368,635468,11.983000,12.317000
149,115,115,4073963,649051,649385,661340,661440,11.955000,12.289000
149,278,278,4116962,721051,721377,727680,727780,6.303000,6.629000
150,197,197,40c5962,30051,30385,34362,34462,3.977000,4.311000
150,298,298,412a963,30051,30385,45002,45102,14.617000,14.951000
150,127,127,407f963,28051,28385,49929,50029,21.544000,21.878000
150,22,22,4016962,46051,46385,55699,55799,9.314000,9.648000
150,94,94,405e963,65051,65385,69735,69835,4.350000,4.684000
150,55,55,4037960,40051,40385,75776,75876,35.391000,35.725000
150,190,190,40be962,44051,44385,87526,87626,43.141000,43.475000
150,308,308,4134963,83051,83385,93347,93447,9.962000,10.296000
150,25,25,4019963,36051,36385,104925,105025,68.540000,68.874000
150,329,329,4149963,61051,61385,110725,110825,49.340000,49.674000
150,166,166,40a6961,56051,56385,116517,116617,60.132000,60.466000
150,58,58,403a961,55051,55385,122329,122429,66.944000,67.278000
150,245,245,40f5961,107051,107385,133612,133712,26.227000,26.561000
150,4,4,4004962,68051,68385,166738,166838,98.353000,98.687000
150,73,73,4049960,156051,156385,172532,172632,16.147000,16.481000
150,98,98,4062962,162051,162377,201527,201627,39.150000,39.476000
150,359,359,4167961,72051,72385,213198,213298,140.813000,141.147000
150,64,64,4040960,118051,118385,218993,219093,100.608000,100.942000
150,196,196,40c4962,175051,175385,224808,224908,49.423000,49.757000
150,256,256,4100960,102051,102385,240312,240412,137.927000,138.261000
150,136,136,4088963,93051,93385,297757,297857,204.372000,204.706000
150,248,248,40f8962,284051,284385,324643,324743,40.258000,40.592000
150,274,274,4112960,201051,201377,368528,368628,167.151000,167.477000
150,380,380,417c961,302051,302377,374349,374449,71.972000,72.298000
150,214,214,40d6960,220003,220337,385946,386046,165.609000,165.943000
150,82,82,4052960,382051,382377,391746,391846,9.369000,9.695000
150,265,265,4109963,170051,170385,397554,397654,227.169000,227.503000
150,154,154,409a961,195992,196318,409148,409248,212.830000,213.156000
150,383,383,417f961,253051,253385,443899,443999,190.514000,190.848000
150,131,131,4083960,301051,301377,455493,455593,154.116000,154.442000
150,170,170,40aa962,362051,362377,461322,461422,98.945000,99.271000
150,124,124,407c961,350051,350377,470823,470923,120.446000,120.772000
150,344,344,4158962,420051,420385,483633,483733,63.248000,63.582000
150,326,326,4146963,473051,473377,489446,489546,16.069000,16.395000
150,388,388,4184961,326051,326385,495297,495397,168.912000,169.246000
150,289,289,4121961,351051,351377,519107,519207,167.730000,168.056000
150,203,203,40cb960,465051,465377,530985,531085,65.608000,65.934000
150,187,187,40bb961,371051,371377,536937,537037,165.560000,165.886000
150,68,68,4044960,385051,385385,548875,548975,163.490000,163.824000
150,11,11,400b961,383051,383385,566616,566716,183.231000,183.565000
150,314,314,413a961,530051,530377,578510,578610,48.133000,48.459000
150,115,115,4073963,649051,649385,661460,661560,12.075000,12.409000
151,197,197,40c5962,30051,30385,34362,34462,3.977000,4.311000
151,127,127,407f963,28051,28385,49135,49235,20.750000,21.084000
151,55,55,4037960,40051,40385,75747,75847,35.362000,35.696000
151,27,27,401b961,32050,32385,81542,81642,49.157000,49.492000
151,190,190,40be962,44051,44385,87463,87563,43.078000,43.412000
151,308,308,4134963,83051,83385,93292,93392,9.907000,10.241000
151,120,120,4078960,75051,75385,99107,99207,23.722000,24.056000
151,25,25,4019963,36051,36385,104888,104988,68.503000,68.837000
151,329,329,4149963,61051,61385,110696,110796,49.311000,49.645000
151,58,58,403a961,55051,55385,122274,122374,66.889000,67.223000
151,245,245,40f5961,107051,107385,133624,133724,26.239000,26.573000
151,42,42,402a960,59051,59385,138502,138602,79.117000,79.451000
151,135,135,4087963,67051,67385,152354,152454,84.969000,85.303000
151,4,4,4004962,68051,68385,166730,166830,98.345000,98.679000
151,73,73,4049960,156051,156385,172532,172632,16.147000,16.481000
151,36,36,4024960,70051,70385,178287,178387,107.902000,108.236000
151,228,228,40e4962,82051,82385,195764,195864,113.379000,113.713000
151,98,98,4062962,162051,162377,201519,201619,39.142000,39.468000
151,18,18,4012960,60051,60385,207380,207480,146.995000,147.329000
151,359,359,4167961,72051,72385,213135,213235,140.750000,141.084000
151,64,64,4040960,118051,118385,218996,219096,100.611000,100.945000
151,156,156,409c960,213051,213377,223826,223926,10.449000,10.775000
151,196,196,40c4962,175051,175385,228745,228845,53.360000,53.694000
151,378,378,417a960,218051,218385,234551,234651,16.166000,16.500000
151,256,256,4100960,102051,102385,240357,240457,137.972000,138.306000
151,141,141,408d963,202051,202385,246202,246302,43.817000,44.151000
151,138,138,408a963,177051,177385,252008,252108,74.623000,74.957000
151,300,300,412c963,107051,107385,257852,257953,150.467000,150.801000
151,69,69,4045961,155051,155385,263659,263759,108.274000,108.608000
151,159,159,409f963,252051,252385,268168,268268,15.783000,16.117000
151,288,288,4120963,260051,260376,277361,277461,16.985000,17.310000
151,72,72,4048961,94051,94385,282513,282613,188.128000,188.462000
151,51,51,4033962,200051,200385,291930,292030,91.545000,91.879000
151,136,136,4088963,93051,93385,297779,297879,204.394000,204.728000
151,384,384,4180963,107051,107377,311480,311580,204.103000,204.429000
151,393,393,4189961,164051,164385,315989,316089,151.604000,151.938000
151,12,12,400c961,176051,176385,320924,321024,144.539000,144.873000
151,108,108,406c962,113051,113385,356875,356975,243.490000,243.824000
151,274,274,4112960,201051,201377,368498,368598,167.121000,167.447000
151,48,48,4030962,146051,146385,380125,380225,233.740000,234.074000
151,82,82,4052960,382051,382377,391750,391850,9.373000,9.699000
151,265,265,4109963,170051,170385,397507,397607,227.122000,227.456000
151,154,154,409a961,195992,196318,409152,409252,212.834000,213.160000
151,57,57,4039961,232051,232385,420672,420772,188.287000,188.621000
151,309,309,4135960,278051,278385,426521,426621,148.136000,148.470000
151,383,383,417f961,253051,253385,443852,443952,190.467000,190.801000
151,131,131,4083960,301051,301377,455497,455597,154.120000,154.446000
151,366,366,416e961,331051,331377,460053,460153,128.676000,129.002000
151,170,170,40aa962,362051,362377,464987,465087,102.610000,102.936000
151,124,124,407c961,350051,350377,470836,470936,120.459000,120.785000
151,222,222,40de960,471051,471385,477815,477915,6.430000,6.764000
151,344,344,4158962,420051,420385,483664,483764,63.279000,63.613000
151,326,326,4146963,473051,473377,489479,489579,16.102000,16.428000
151,264,264,4108960,417051,417377,507224,507324,89.847000,90.173000
151,33,33,4021961,359051,359385,513178,513278,153.793000,154.127000
151,289,289,4121961,351051,351377,519120,519220,167.743000,168.069000
151,203,203,40cb960,465051,465377,530984,531084,65.607000,65.933000
151,187,187,40bb961,371051,371377,536950,537050,165.573000,165.899000
151,195,195,40c3960,425051,425377,542888,542988,117.511000,117.837000
151,68,68,4044960,385051,385385,548854,548954,163.469000,163.803000
151,234,234,40ea961,563051,563385,575242,575342,11.857000,12.191000
151,171,171,40ab962,571051,571385,596281,596381,24.896000,25.230000
151,132,132,4084961,604051,604385,620087,620187,15.702000,16.036000
151,115,115,4073963,649051,649385,661447,661547,12.062000,12.396000
151,372,372,4174960,684051,684377,692905,693005,8.528000,8.854000
151,21,21,4015962,697051,697385,701347,701447,3.962000,4.296000
151,102,102,4066962,816051,816385,822797,822897,6.412000,6.746000
152,382,382,417e963,21051,21385,29874,29974,8.489000,8.823000
152,190,190,40be962,44051,44385,50767,50867,6.382000,6.716000
152,58,58,403a961,55051,55385,59341,59441,3.956000,4.290000
152,197,197,40c5962,30051,30385,64712,64812,34.327000,34.661000
152,329,329,4149963,61051,61385,73246,73346,11.861000,12.195000
152,135,135,4087963,67051,67385,78129,78229,10.744000,11.078000
152,42,42,402a960,59051,59385,82691,82791,23.306000,23.640000
152,36,36,4024960,70051,70385,88263,88363,17.878000,18.212000
152,120,120,4078960,75051,75385,93160,93260,17.775000,18.109000
152,27,27,401b961,32050,32385,98899,98999,66.514000,66.849000
152,359,359,4167961,72051,72385,115146,115246,42.761000,43.095000
152,228,228,40e4962,82051,82385,119992,120092,37.607000,37.941000
152,26,26,401a962,47051,47385,125750,125850,78.365000,78.699000
152,136,136,4088963,93051,93385,143080,143180,49.695000,50.029000
152,72,72,4048961,94051,94385,148810,148910,54.425000,54.759000
152,40,40,4028963,58051,58385,154577,154677,96.192000,96.526000
152,69,69,4045961,155051,155385,159731,159831,4.346000,4.680000
152,384,384,4180963,107051,107377,170196,170296,62.819000,63.145000
152,23,23,4017960,148051,148385,189660,189760,41.275000,41.609000
152,138,138,408a963,177051,177385,194247,194347,16.862000,17.196000
152,64,64,4040960,118051,118385,203283,203383,84.898000,85.232000
152,4,4,4004962,68051,68385,209083,209183,140.698000,141.032000
152,141,141,408d963,202051,202385,214580,214680,12.195000,12.529000
152,108,108,406c962,113051,113385,225339,225439,111.954000,112.288000
152,378,378,417a960,218051,218385,230262,230362,11.877000,12.211000
152,300,300,412c963,107051,107385,236142,236242,128.757000,129.091000
152,149,149,4095962,130039,130366,246804,246904,116.438000,116.765000
152,18,18,4012960,60051,60385,256251,256351,195.866000,196.200000
152,159,159,409f963,252051,252385,262145,262245,9.760000,10.094000
152,288,288,4120963,260051,260376,273803,273903,13.427000,13.752000
152,308,308,4134963,83051,83385,279677,279777,196.292000,196.626000
152,12,12,400c961,176051,176385,285515,285615,109.130000,109.464000
152,51,51,4033962,200051,200385,297281,297381,96.896000,97.230000
152,265,265,4109963,170051,170385,308939,309039,138.554000,138.888000
152,131,131,4083960,301051,301377,313513,313613,12.136000,12.462000
152,48,48,4030962,146051,146385,319046,319146,172.661000,172.995000
152,25,25,4019963,36051,36385,324171,324271,287.786000,288.120000
152,76,76,404c960,228051,228385,329943,330043,101.558000,101.892000
152,366,366,416e961,331051,331377,341550,341650,10.173000,10.499000
152,393,393,4189961,164051,164385,356326,356426,191.941000,192.275000
152,274,274,4112960,201051,201377,362138,362238,160.761000,161.087000
152,154,154,409a961,195992,196318,373679,373779,177.361000,177.687000
152,309,309,4135960,278051,278385,379494,379594,101.109000,101.443000
152,57,57,4039961,232051,232385,385261,385361,152.876000,153.210000
152,82,82,4052960,382051,382377,394138,394238,11.761000,12.087000
152,350,350,415e960,325051,325385,406254,406354,80.869000,81.203000
152,170,170,40aa962,362051,362377,417850,417950,55.473000,55.799000
152,124,124,407c961,350051,350377,423671,423771,73.294000,73.620000
152,73,73,4049960,156051,156385,438748,438848,282.363000,282.697000
152,344,344,4158962,420051,420385,444560,444660,24.175000,24.509000
152,33,33,4021961,359051,359385,450352,450452,90.967000,91.301000
152,156,156,409c960,213051,213377,473650,473750,260.273000,260.599000
152,326,326,4146963,473051,473377,485201,485301,11.824000,12.150000
152,264,264,4108960,417051,417377,491102,491202,73.725000,74.051000
152,187,187,40bb961,371051,371377,500515,500615,129.138000,129.464000
152,289,289,4121961,351051,351377,506444,506544,155.067000,155.393000
152,222,222,40de960,471051,471385,518289,518389,46.904000,47.238000
152,195,195,40c3960,425051,425377,542438,542538,117.061000,117.387000
152,234,234,40ea961,563051,563385,573313,573413,9.928000,10.262000
152,171,171,40ab962,571051,571385,584798,584898,13.413000,13.747000
152,132,132,4084961,604051,604385,613040,613140,8.655000,8.989000
152,372,372,4174960,684051,684377,696525,696625,12.148000,12.474000
152,21,21,4015962,697051,697385,709501,709601,12.116000,12.450000
152,152,152,4098961,795051,795377,803966,804066,8.589000,8.915000
152,102,102,4066962,816051,816385,828463,828563,12.078000,12.412000
152,374,374,4176960,1041051,1041377,1049805,1049905,8.428000,8.754000
153,382,382,417e963,21051,21385,29870,29970,8.485000,8.819000
153,190,190,40be962,44051,44385,50763,50863,6.378000,6.712000
153,239,239,40ef963,38992,39318,56490,56590,17.172000,17.498000
153,58,58,403a961,55051,55385,61160,61260,5.775000,6.109000
153,197,197,40c5962,30051,30385,65791,65891,35.406000,35.740000
153,329,329,4149963,61051,61385,73197,73297,11.812000,12.146000
153,49,49,4031960,76051,76385,83926,84026,7.541000,7.875000
153,370,370,4172962,52051,52385,110389,110489,58.004000,58.338000
153,359,359,4167961,72051,72385,115071,115171,42.686000,43.020000
153,26,26,401a962,47051,47385,125767,125867,78.382000,78.716000
153,242,242,40f2963,69051,69385,131557,131657,62.172000,62.506000
153,136,136,4088963,93051,93385,143070,143170,49.685000,50.019000
153,40,40,4028963,58051,58385,154589,154689,96.204000,96.538000
153,23,23,4017960,148051,148385,189609,189709,41.224000,41.558000
153,64,64,4040960,118051,118385,203208,203308,84.823000,85.157000
153,4,4,4004962,68051,68385,209020,209120,140.635000,140.969000
153,139,139,408b963,44051,44385,240960,241060,196.575000,196.909000
153,286,286,411e961,230051,230377,245451,245551,15.074000,15.400000
153,149,149,4095962,130039,130366,250355,250455,119.989000,120.316000
153,308,308,4134963,83051,83385,279672,279772,196.287000,196.621000
153,265,265,4109963,170051,170385,308978,309078,138.593000,138.927000
153,131,131,4083960,301051,301377,313487,313587,12.110000,12.436000
153,14,14,400e961,107051,107385,318347,318447,210.962000,211.296000
153,25,25,4019963,36051,36385,324120,324220,287.735000,288.069000
153,76,76,404c960,228051,228385,329916,330016,101.531000,101.865000
153,274,274,4112960,201051,201377,362087,362187,160.710000,161.036000
153,154,154,409a961,195992,196318,373652,373752,177.334000,177.660000
153,302,302,412e961,188051,188385,378173,378273,189.788000,190.122000
153,82,82,4052960,382051,382377,394103,394203,11.726000,12.052000
153,176,176,40b0961,250051,250377,398968,399068,148.591000,148.917000
153,350,350,415e960,325051,325385,406213,406313,80.828000,81.162000
153,146,146,4092963,87051,87385,412012,412112,324.627000,324.961000
153,170,170,40aa962,362051,362377,417775,417875,55.398000,55.724000
153,124,124,407c961,350051,350377,423608,423708,73.231000,73.557000
153,73,73,4049960,156051,156385,438673,438773,282.288000,282.622000
153,344,344,4158962,420051,420385,444497,444597,24.112000,24.446000
153,181,181,40b5960,416051,416377,479486,479586,63.109000,63.435000
153,326,326,4146963,473051,473377,485164,485264,11.787000,12.113000
153,187,187,40bb961,371051,371377,500500,500600,129.123000,129.449000
153,289,289,4121961,351051,351377,506441,506541,155.064000,155.390000
153,280,280,4118962,512050,512385,536556,536656,24.171000,24.506000
153,215,215,40d7960,615051,615385,633470,633570,18.085000,18.419000
153,152,152,4098961,795051,795377,803953,804053,8.576000,8.902000
153,374,374,4176960,1041051,1041377,1049802,1049902,8.425000,8.751000
154,382,382,417e963,21051,21385,29874,29974,8.489000,8.823000
154,239,239,40ef963,38992,39318,53204,53304,13.886000,14.212000
154,197,197,40c5962,30051,30385,64669,64769,34.284000,34.618000
154,329,329,4149963,61051,61385,73197,73297,11.812000,12.146000
154,145,145,4091960,47051,47385,82010,82110,34.625000,34.959000
154,49,49,4031960,76051,76385,87790,87890,11.405000,11.739000
154,370,370,4172962,52051,52385,104829,104929,52.444000,52.778000
154,361,361,4169960,82994,83320,110577,110677,27.257000,27.583000
154,359,359,4167961,72051,72385,115092,115192,42.707000,43.041000
154,242,242,40f2963,69051,69385,119894,119994,50.509000,50.843000
154,7,7,4007960,32050,32385,143214,143314,110.829000,111.164000
154,40,40,4028963,58051,58385,149057,149157,90.672000,91.006000
154,364,364,416c961,85051,85377,166389,166489,81.012000,81.338000
154,244,244,40f4962,132051,132385,203424,203524,71.039000,71.373000
154,313,313,4139960,88051,88377,219707,219807,131.330000,131.656000
154,236,236,40ec963,100051,100377,225476,225576,125.099000,125.425000
154,139,139,408b963,44051,44385,231261,231361,186.876000,187.210000
154,398,398,418e961,138051,138385,237030,237130,98.645000,98.979000
154,34,34,4022961,230051,230385,242098,242198,11.713000,12.047000
154,286,286,411e961,230051,230377,247637,247737,17.260000,17.586000
154,308,308,4134963,83051,83385,267881,267981,184.496000,184.830000
154,131,131,4083960,301051,301377,309654,309754,8.277000,8.603000
154,14,14,400e961,107051,107385,320167,320267,212.782000,213.116000
154,76,76,404c960,228051,228385,326051,326151,97.666000,98.000000
154,302,302,412e961,188051,188385,377843,377943,189.458000,189.792000
154,176,176,40b0961,250051,250377,396775,396875,146.398000,146.724000
154,146,146,4092963,87051,87385,402678,402778,315.293000,315.627000
154,170,170,40aa962,362051,362377,415682,415782,53.305000,53.631000
154,107,107,406b962,400051,400385,438714,438814,38.329000,38.663000
154,344,344,4158962,420051,420385,444494,444594,24.109000,24.443000
154,133,133,4085960,276051,276377,456154,456254,179.777000,180.103000
154,181,181,40b5960,416051,416377,479487,479587,63.110000,63.436000
154,326,326,4146963,473051,473377,485126,485226,11.749000,12.075000
154,251,251,40fb961,479051,479377,491414,491514,12.037000,12.363000
154,295,295,4127960,493051,493377,512334,512434,18.957000,19.283000
154,280,280,4118962,512050,512385,535569,535669,23.184000,23.519000
154,385,385,4181963,531051,531385,567297,567397,35.912000,36.246000
154,215,215,40d7960,615051,615385,633483,633583,18.098000,18.432000
154,281,281,4119961,731051,731385,743357,743457,11.972000,12.306000
155,382,382,417e963,21051,21385,29870,29970,8.485000,8.819000
155,134,134,4086961,25051,25385,47291,47391,21.906000,22.240000
155,197,197,40c5962,30051,30385,64665,64764,34.280000,34.614000
155,329,329,4149963,61051,61385,73197,73297,11.812000,12.146000
155,145,145,4091960,47051,47385,82006,82106,34.621000,34.955000
155,49,49,4031960,76051,76385,87786,87886,11.401000,11.735000
155,370,370,4172962,52051,52385,104825,104925,52.440000,52.774000
155,122,122,407a962,98051,98385,109334,109434,10.949000,11.283000
155,361,361,4169960,82994,83320,114155,114255,30.835000,31.161000
155,359,359,4167961,72051,72385,118646,118746,46.261000,46.595000
155,7,7,4007960,32050,32385,143195,143295,110.810000,111.145000
155,40,40,4028963,58051,58385,149076,149176,90.691000,91.025000
155,119,119,4077962,98051,98385,154806,154906,56.421000,56.755000
155,364,364,416c961,85051,85377,166409,166509,81.032000,81.358000
155,244,244,40f4962,132051,132385,203438,203538,71.053000,71.387000
155,313,313,4139960,88051,88377,219667,219767,131.290000,131.616000
155,236,236,40ec963,100051,100377,225448,225548,125.071000,125.397000
155,139,139,408b963,44051,44385,231221,231321,186.836000,187.170000
155,398,398,418e961,138051,138385,237002,237102,98.617000,98.951000
155,34,34,4022961,230051,230385,242084,242184,11.699000,12.033000
155,286,286,411e961,230051,230377,247599,247699,17.222000,17.548000
155,275,275,4113963,107051,107385,252674,252774,145.289000,145.623000
155,308,308,4134963,83051,83385,267892,267992,184.507000,184.841000
155,184,184,40b8961,132051,132385,285503,285603,153.118000,153.452000
155,310,310,4136962,210051,210385,303153,303253,92.768000,93.102000
155,131,131,4083960,301051,301377,309614,309714,8.237000,8.563000
155,367,367,416f961,300051,300377,314450,314550,14.073000,14.399000
155,76,76,404c960,228051,228385,326122,326222,97.737000,98.071000
155,67,67,4043961,325051,325385,331872,331972,6.487000,6.821000
155,179,179,40b3961,226051,226385,349161,349261,122.776000,123.110000
155,170,170,40aa962,362051,362377,415639,415739,53.262000,53.588000
155,233,233,40e9961,347051,347385,427140,427240,79.755000,80.089000
155,107,107,406b962,400051,400385,438710,438810,38.325000,38.659000
155,344,344,4158962,420051,420385,444490,444590,24.105000,24.439000
155,133,133,4085960,276051,276377,456150,456250,179.773000,180.099000
155,296,296,4128962,423051,423377,462046,462146,38.669000,38.995000
155,181,181,40b5960,416051,416377,479459,479559,63.082000,63.408000
155,326,326,4146963,473051,473377,485164,485264,11.787000,12.113000
155,251,251,40fb961,479051,479377,491446,491546,12.069000,12.395000
155,226,226,40e2963,413051,413385,504646,504746,91.261000,91.595000
155,295,295,4127960,493051,493377,512331,512430,18.954000,19.280000
155,280,280,4118962,512050,512385,535565,535665,23.180000,23.515000
155,385,385,4181963,531051,531385,567293,567393,35.908000,36.242000
155,281,281,4119961,731051,731385,743302,743402,11.917000,12.251000
156,134,134,4086961,25051,25385,43330,43430,17.945000,18.279000
156,145,145,4091960,47051,47385,58825,58925,11.440000,11.774000
156,370,370,4172962,52051,52385,70377,70477,17.992000,18.326000
156,88,88,4058962,58051,58385,76088,76188,17.703000,18.037000
156,364,364,416c961,85051,85377,93332,93432,7.955000,8.281000
156,7,7,4007960,32050,32385,99074,99174,66.689000,67.024000
156,49,49,4031960,76051,76385,105326,105426,28.941000,29.275000
156,122,122,407a962,98051,98385,109818,109918,11.433000,11.767000
156,119,119,4077962,98051,98385,114681,114781,16.296000,16.630000
156,319,319,413f962,68051,68385,119191,119291,50.806000,51.140000
156,275,275,4113963,107051,107385,124047,124147,16.662000,16.996000
156,250,250,40fa960,69051,69385,129778,129878,60.393000,60.727000
156,361,361,4169960,82994,83320,135695,135795,52.375000,52.701000
156,313,313,4139960,88051,88377,141524,141624,53.147000,53.473000
156,139,139,408b963,44051,44385,148942,149042,104.557000,104.891000
156,184,184,40b8961,132051,132385,164786,164886,32.401000,32.735000
156,394,394,418a960,131051,131385,189495,189595,58.110000,58.444000
156,46,46,402e962,163051,163377,201810,201910,38.433000,38.759000
156,244,244,40f4962,132051,132385,208890,208990,76.505000,76.839000
156,310,310,4136962,210051,210385,223309,223409,12.924000,13.258000
156,163,163,40a3963,86051,86385,232639,232739,146.254000,146.588000
156,34,34,4022961,230051,230385,237131,237231,6.746000,7.080000
156,286,286,411e961,230051,230377,242659,242759,12.282000,12.608000
156,232,232,40e8962,93051,93385,247720,247820,154.335000,154.669000
156,367,367,416f961,300051,300377,314529,314629,14.152000,14.478000
156,304,304,4130962,305051,305377,320271,320371,14.894000,15.220000
156,179,179,40b3961,226051,226385,326039,326139,99.654000,99.988000
156,67,67,4043961,325051,325385,337678,337778,12.293000,12.627000
156,307,307,4133963,269051,269377,344719,344819,75.342000,75.668000
156,272,272,4110961,323051,323385,408320,408420,84.935000,85.269000
156,233,233,40e9961,347051,347385,414070,414170,66.685000,67.019000
156,133,133,4085960,276051,276377,419852,419952,143.475000,143.801000
156,181,181,40b5960,416051,416377,426179,426279,9.802000,10.128000
156,296,296,4128962,423051,423377,462058,462158,38.681000,39.007000
156,226,226,40e2963,413051,413385,501431,501531,88.046000,88.380000
156,295,295,4127960,493051,493377,506278,506378,12.901000,13.227000
156,280,280,4118962,512050,512385,524407,524507,12.022000,12.357000
156,385,385,4181963,531051,531385,567293,567393,35.908000,36.242000
157,145,145,4091960,47051,47385,58872,58972,11.487000,11.821000
157,88,88,4058962,58051,58385,76084,76184,17.699000,18.033000
157,32,32,4020961,54051,54385,81843,81943,27.458000,27.792000
157,364,364,416c961,85051,85377,93277,93377,7.900000,8.226000
157,7,7,4007960,32050,32385,99069,99169,66.684000,67.019000
157,319,319,413f962,68051,68385,115371,115471,46.986000,47.320000
157,250,250,40fa960,69051,69385,129811,129911,60.426000,60.760000
157,361,361,4169960,82994,83320,135715,135815,52.395000,52.721000
157,313,313,4139960,88051,88377,141556,141656,53.179000,53.505000
157,184,184,40b8961,132051,132385,164857,164957,32.472000,32.806000
157,394,394,418a960,131051,131385,189528,189628,58.143000,58.477000
157,46,46,402e962,163051,163377,201798,201898,38.421000,38.747000
157,244,244,40f4962,132051,132385,208915,209015,76.530000,76.864000
157,310,310,4136962,210051,210385,223328,223428,12.943000,13.277000
157,163,163,40a3963,86051,86385,232620,232720,146.235000,146.569000
157,34,34,4022961,230051,230385,237151,237251,6.766000,7.100000
157,232,232,40e8962,93051,93385,247767,247867,154.382000,154.716000
157,101,101,4065960,255051,255385,268402,268502,13.017000,13.351000
157,367,367,416f961,300051,300377,314510,314610,14.133000,14.459000
157,304,304,4130962,305051,305377,320290,320390,14.913000,15.239000
157,67,67,4043961,325051,325385,337710,337810,12.325000,12.659000
157,307,307,4133963,269051,269377,344668,344768,75.291000,75.617000
157,365,365,416d960,324051,324377,365840,365940,41.463000,41.789000
157,272,272,4110961,323051,323385,408241,408341,84.856000,85.190000
157,133,133,4085960,276051,276377,419824,419924,143.447000,143.773000
157,269,269,410d960,382051,382385,461060,461160,78.675000,79.009000
157,226,226,40e2963,413051,413385,501431,501531,88.046000,88.380000
157,295,295,4127960,493051,493377,506273,506373,12.896000,13.222000
157,385,385,4181963,531051,531385,567302,567402,35.917000,36.251000
157,389,389,4185963,604051,604385,616486,616586,12.101000,12.435000
157,323,323,4143960,889051,889385,897836,897936,8.451000,8.785000
158,88,88,4058962,58051,58385,70416,70516,12.031000,12.365000
158,32,32,4020961,54051,54385,76278,76378,21.893000,22.227000
158,250,250,40fa960,69051,69385,111179,111279,41.794000,42.128000
158,319,319,413f962,68051,68385,115671,115771,47.286000,47.620000
158,191,191,40bf963,143051,143385,154785,154885,11.400000,11.734000
158,184,184,40b8961,132051,132385,175740,175840,43.355000,43.689000
158,394,394,418a960,131051,131385,190836,190936,59.451000,59.785000
158,46,46,402e962,163051,163377,201821,201921,38.444000,38.770000
158,310,310,4136962,210051,210385,224516,224616,14.131000,14.465000
158,163,163,40a3963,86051,86385,231273,231373,144.888000,145.222000
158,232,232,40e8962,93051,93385,248570,248670,155.185000,155.519000
158,101,101,4065960,255051,255385,268404,268504,13.019000,13.353000
158,367,367,416f961,300051,300377,314507,314607,14.130000,14.456000
158,304,304,4130962,305051,305377,320286,320386,14.909000,15.235000
158,67,67,4043961,325051,325385,337763,337863,12.378000,12.712000
158,307,307,4133963,269051,269377,344677,344777,75.300000,75.626000
158,365,365,416d960,324051,324377,365801,365901,41.424000,41.750000
158,269,269,410d960,382051,382385,461010,461110,78.625000,78.959000
158,226,226,40e2963,413051,413385,501471,501571,88.086000,88.420000
158,389,389,4185963,604051,604385,616495,616595,12.110000,12.444000
158,194,194,40c2960,688051,688377,694659,694759,6.282000,6.608000
158,323,323,4143960,889051,889385,897849,897949,8.464000,8.798000
159,88,88,4058962,58051,58385,70412,70512,12.027000,12.361000
159,250,250,40fa960,69051,69385,111176,111276,41.791000,42.125000
159,319,319,413f962,68051,68385,115709,115809,47.324000,47.658000
159,191,191,40bf963,143051,143385,154820,154920,11.435000,11.769000
159,394,394,418a960,131051,131385,190832,190932,59.447000,59.781000
159,46,46,402e962,163051,163377,201821,201921,38.444000,38.770000
159,163,163,40a3963,86051,86385,231320,231420,144.935000,145.269000
159,232,232,40e8962,93051,93385,248567,248667,155.182000,155.516000
159,304,304,4130962,305051,305377,320258,320358,14.881000,15.207000
159,307,307,4133963,269051,269377,344689,344789,75.312000,75.638000
159,194,194,40c2960,688051,688377,694655,694755,6.278000,6.604000
160,299,299,412b963,94051,94377,194658,194758,100.281000,100.607000
161,299,299,412b963,94051,94377,194658,194758,100.281000,100.607000
161,371,371,4173960,515050,515385,560586,560686,45.201000,45.536000
161,62,62,403e962,612051,612377,620803,620903,8.426000,8.752000
162,2,2,4002961,58051,58385,64698,64798,6.313000,6.647000
162,362,362,416a961,68051,68385,76959,77059,8.574000,8.908000
162,116,116,4074963,75051,75385,87362,87462,11.977000,12.311000
162,287,287,411f960,44015,44341,99369,99469,55.028000,55.354000
162,158,158,409e961,146051,146377,280810,280910,134.433000,134.759000
162,257,257,4101962,302051,302385,314147,314247,11.762000,12.096000
162,35,35,4023962,365051,365377,432336,432436,66.959000,67.285000
162,155,155,409b963,304051,304377,443142,443242,138.765000,139.091000
162,371,371,4173960,515050,515385,560644,560744,45.259000,45.594000
162,62,62,403e962,612051,612377,620855,620955,8.478000,8.804000
163,44,44,402c963,23051,23385,31966,32065,8.581000,8.915000
163,356,356,4164960,30051,30385,38792,38892,8.407000,8.741000
163,2,2,4002961,58051,58385,64698,64798,6.313000,6.647000
163,362,362,416a961,68051,68385,76959,77059,8.574000,8.908000
163,116,116,4074963,75051,75385,87362,87462,11.977000,12.311000
163,287,287,411f960,44015,44341,99369,99469,55.028000,55.354000
163,17,17,4011963,87051,87385,110811,110911,23.426000,23.760000
163,110,110,406e963,151051,151377,159742,159842,8.365000,8.691000
163,377,377,4179961,183051,183385,189690,189790,6.305000,6.639000
163,38,38,4026961,189051,189385,251881,251981,62.496000,62.830000
163,158,158,409e961,146051,146377,280773,280873,134.396000,134.722000
163,206,206,40ce962,273051,273385,286541,286641,13.156000,13.490000
163,257,257,4101962,302051,302385,314146,314246,11.761000,12.095000
163,65,65,4041963,271051,271385,391102,391202,119.717000,120.051000
163,35,35,4023962,365051,365377,432336,432436,66.959000,67.285000
163,155,155,409b963,304051,304377,443142,443242,138.765000,139.091000
163,353,353,4161963,548051,548377,567460,567560,19.083000,19.409000
164,44,44,402c963,23051,23385,31970,32070,8.585000,8.919000
164,197,197,40c5962,30051,30385,37687,37787,7.302000,7.636000
164,305,305,4131963,30051,30385,42262,42362,11.877000,12.211000
164,356,356,4164960,30051,30385,47105,47205,16.720000,17.054000
164,185,185,40b9961,71051,71385,83124,83224,11.739000,12.073000
164,329,329,4149963,61051,61385,106119,106219,44.734000,45.068000
164,110,110,406e963,151051,151377,159791,159891,8.414000,8.740000
164,17,17,4011963,87051,87385,172665,172765,85.280000,85.614000
164,368,368,4170962,127051,127385,183923,184023,56.538000,56.872000
164,230,230,40e6963,98051,98385,213223,213323,114.838000,115.172000
164,386,386,4182961,233051,233377,241654,241754,8.277000,8.603000
164,377,377,4179961,183051,183385,278810,278910,95.425000,95.759000
164,206,206,40ce962,273051,273385,284595,284695,11.210000,11.544000
164,113,113,4071963,124051,124385,305271,305371,180.886000,181.220000
164,218,218,40da962,135051,135385,311637,311737,176.252000,176.586000
164,395,395,418b963,211051,211385,356894,356994,145.509000,145.843000
164,38,38,4026961,189051,189385,362813,362913,173.428000,173.762000
164,164,164,40a4962,204051,204377,368530,368630,164.153000,164.479000
164,284,284,411c962,193675,194001,380030,380130,186.029000,186.355000
164,65,65,4041963,271051,271385,391124,391224,119.739000,120.073000
164,317,317,413d962,359051,359377,437963,438063,78.586000,78.912000
164,131,131,4083960,301051,301377,443999,444099,142.622000,142.948000
164,170,170,40aa962,362051,362377,455291,455391,92.914000,93.240000
164,311,311,4137963,416051,416377,466981,467081,50.604000,50.930000
164,344,344,4158962,420051,420385,479656,479756,59.271000,59.605000
164,347,347,415b963,559051,559377,572517,572617,13.140000,13.466000
164,353,353,4161963,548051,548377,590361,590461,41.984000,42.310000
164,71,71,4047960,593051,593385,614097,614197,20.712000,21.046000
164,200,200,40c8960,623051,623385,638550,638650,15.165000,15.499000
164,278,278,4116962,721051,721377,727685,727785,6.308000,6.634000
165,197,197,40c5962,30051,30385,37738,37838,7.353000,7.687000
165,305,305,4131963,30051,30385,42227,42327,11.842000,12.176000
165,185,185,40b9961,71051,71385,83124,83224,11.739000,12.073000
165,329,329,4149963,61051,61385,106119,106219,44.734000,45.068000
165,368,368,4170962,127051,127385,183938,184038,56.553000,56.887000
165,230,230,40e6963,98051,98385,213148,213248,114.763000,115.097000
165,386,386,4182961,233051,233377,241731,241831,8.354000,8.680000
165,113,113,4071963,124051,124385,305294,305394,180.909000,181.243000
165,218,218,40da962,135051,135385,311622,311722,176.237000,176.571000
165,248,248,40f8962,284051,284385,324618,324718,40.233000,40.567000
165,395,395,418b963,211051,211385,356945,357045,145.560000,145.894000
165,164,164,40a4962,204051,204377,368530,368630,164.153000,164.479000
165,380,380,417c961,302051,302377,374288,374388,71.911000,72.237000
165,284,284,411c962,193675,194001,379979,380079,185.978000,186.304000
165,317,317,413d962,359051,359377,437926,438026,78.549000,78.875000
165,131,131,4083960,301051,301377,443924,444024,142.547000,142.873000
165,170,170,40aa962,362051,362377,455254,455354,92.877000,93.203000
165,311,311,4137963,416051,416377,466906,467006,50.529000,50.855000
165,344,344,4158962,420051,420385,479619,479719,59.234000,59.568000
165,11,11,400b961,383051,383385,566515,566615,183.130000,183.464000
165,347,347,415b963,559051,559377,572493,572593,13.116000,13.442000
165,314,314,413a961,530051,530377,578396,578496,48.019000,48.345000
165,71,71,4047960,593051,593385,614073,614173,20.688000,21.022000
165,200,200,40c8960,623051,623385,638514,638614,15.129000,15.463000
165,278,278,4116962,721051,721377,727661,727761,6.284000,6.610000
166,197,197,40c5962,30051,30385,36788,36888,6.403000,6.737000
166,305,305,4131963,30051,30385,42223,42323,11.838000,12.172000
166,343,343,4157961,35051,35385,70088,70188,34.703000,35.037000
166,190,190,40be962,44051,44385,87439,87539,43.054000,43.388000
166,25,25,4019963,36051,36385,99017,99117,62.632000,62.966000
166,329,329,4149963,61051,61385,106169,106269,44.784000,45.118000
166,58,58,403a961,55051,55385,117754,117854,62.369000,62.703000
166,340,340,4154963,109051,109385,122263,122363,12.878000,13.212000
166,245,245,40f5961,107051,107385,133571,133671,26.186000,26.520000
166,4,4,4004962,68051,68385,152395,152495,84.010000,84.344000
166,73,73,4049960,156051,156385,163913,164013,7.528000,7.862000
166,199,199,40c7962,49051,49385,182932,183032,133.547000,133.881000
166,368,368,4170962,127051,127385,188675,188775,61.290000,61.624000
166,98,98,4062962,162051,162377,209587,209687,47.210000,47.536000
166,64,64,4040960,118051,118385,215356,215456,96.971000,97.305000
166,230,230,40e6963,98051,98385,221176,221276,122.791000,123.125000
166,178,178,40b2962,216028,216354,225662,225762,9.308000,9.634000
166,160,160,40a0960,86051,86377,251796,251896,165.419000,165.745000
166,136,136,4088963,93051,93385,299638,299738,206.253000,206.587000
166,85,85,4055961,142051,142377,307028,307128,164.651000,164.977000
166,113,113,4071963,124051,124385,311865,311965,187.480000,187.814000
166,218,218,40da962,135051,135385,320669,320769,185.284000,185.618000
166,248,248,40f8962,284051,284385,325177,325277,40.792000,41.126000
166,169,169,40a9960,159051,159377,341738,341838,182.361000,182.687000
166,395,395,418b963,211051,211385,359318,359418,147.933000,148.267000
166,274,274,4112960,201051,201377,368238,368338,166.861000,167.187000
166,380,380,417c961,302051,302377,374071,374171,71.694000,72.020000
166,265,265,4109963,170051,170385,385706,385806,215.321000,215.655000
166,82,82,4052960,382051,382377,391531,391631,9.154000,9.480000
166,383,383,417f961,253051,253385,397315,397415,143.930000,144.264000
166,154,154,409a961,195992,196318,403221,403321,206.903000,207.229000
166,131,131,4083960,301051,301377,443946,444046,142.569000,142.895000
166,170,170,40aa962,362051,362377,455279,455379,92.902000,93.228000
166,311,311,4137963,416051,416377,473969,474069,57.592000,57.918000
166,124,124,407c961,350051,350377,485632,485732,135.255000,135.581000
166,344,344,4158962,420051,420385,491450,491550,71.065000,71.399000
166,289,289,4121961,351051,351377,519000,519100,167.623000,167.949000
166,203,203,40cb960,465051,465377,530868,530968,65.491000,65.817000
166,187,187,40bb961,371051,371377,536861,536961,165.484000,165.810000
166,68,68,4044960,385051,385385,548766,548866,163.381000,163.715000
166,11,11,400b961,383051,383385,566563,566663,183.178000,183.512000
166,347,347,415b963,559051,559377,572487,572587,13.110000,13.436000
166,314,314,413a961,530051,530377,578444,578544,48.067000,48.393000
166,71,71,4047960,593051,593385,614019,614119,20.634000,20.968000
166,322,322,4142963,677051,677385,685844,685944,8.459000,8.793000
167,197,197,40c5962,30051,30385,36788,36888,6.403000,6.737000
167,305,305,4131963,30051,30385,42223,42323,11.838000,12.172000
167,343,343,4157961,35051,35385,70088,70188,34.703000,35.037000
167,27,27,401b961,32050,32385,76093,76193,43.708000,44.043000
167,190,190,40be962,44051,44385,87452,87552,43.067000,43.401000
167,120,120,4078960,75051,75385,93232,93332,17.847000,18.181000
167,25,25,4019963,36051,36385,99017,99117,62.632000,62.966000
167,329,329,4149963,61051,61385,106169,106269,44.784000,45.118000
167,58,58,403a961,55051,55385,117754,117854,62.369000,62.703000
167,340,340,4154963,109051,109385,122264,122364,12.879000,13.213000
167,42,42,402a960,59051,59385,127955,128055,68.570000,68.904000
167,245,245,40f5961,107051,107385,133532,133632,26.147000,26.481000
167,135,135,4087963,67051,67385,142913,143013,75.528000,75.862000
167,4,4,4004962,68051,68385,152395,152495,84.010000,84.344000
167,36,36,4024960,70051,70385,158176,158276,87.791000,88.125000
167,73,73,4049960,156051,156385,163952,164052,7.567000,7.901000
167,199,199,40c7962,49051,49385,182945,183045,133.560000,133.894000
167,368,368,4170962,127051,127385,188714,188814,61.329000,61.663000
167,18,18,4012960,60051,60385,194499,194599,134.114000,134.448000
167,228,228,40e4962,82051,82385,203815,203915,121.430000,121.764000
167,98,98,4062962,162051,162377,209600,209700,47.223000,47.549000
167,64,64,4040960,118051,118385,215395,215495,97.010000,97.344000
167,230,230,40e6963,98051,98385,221189,221289,122.804000,123.138000
167,178,178,40b2962,216028,216354,225699,225799,9.345000,9.671000
167,378,378,417a960,218051,218385,230556,230656,12.171000,12.505000
167,156,156,409c960,213051,213377,235328,235428,21.951000,22.277000
167,300,300,412c963,107051,107385,246040,246140,138.655000,138.989000
167,160,160,40a0960,86051,86377,251829,251929,165.452000,165.778000
167,141,141,408d963,202051,202385,257611,257710,55.226000,55.560000
167,138,138,408a963,177051,177385,263400,263500,86.015000,86.349000
167,159,159,409f963,252051,252385,267934,268034,15.549000,15.883000
167,69,69,4045961,155051,155385,272797,272897,117.412000,117.746000
167,288,288,4120963,260051,260376,277284,277384,16.908000,17.233000
167,72,72,4048961,94051,94385,282137,282237,187.752000,188.086000
167,136,136,4088963,93051,93385,299628,299728,206.243000,206.577000
167,51,51,4033962,200051,200385,305414,305514,105.029000,105.363000
167,85,85,4055961,142051,142377,309948,310048,167.571000,167.897000
167,113,113,4071963,124051,124385,314811,314911,190.426000,190.760000
167,393,393,4189961,164051,164385,319298,319398,154.913000,155.247000
167,218,218,40da962,135051,135385,324151,324251,188.766000,189.100000
167,12,12,400c961,176051,176385,330078,330178,153.693000,154.027000
167,384,384,4180963,107051,107377,335867,335967,228.490000,228.816000
167,169,169,40a9960,159051,159377,341779,341879,182.402000,182.728000
167,108,108,406c962,113051,113385,347788,347888,234.403000,234.737000
167,395,395,418b963,211051,211385,359360,359460,147.975000,148.309000
167,274,274,4112960,201051,201377,368323,368423,166.946000,167.272000
167,48,48,4030962,146051,146385,379857,379957,233.472000,233.806000
167,265,265,4109963,170051,170385,385739,385839,215.354000,215.688000
167,82,82,4052960,382051,382377,391521,391621,9.144000,9.470000
167,383,383,417f961,253051,253385,397348,397448,143.963000,144.297000
167,154,154,409a961,195992,196318,403211,403311,206.893000,207.219000
167,57,57,4039961,232051,232385,414734,414834,182.349000,182.683000
167,309,309,4135960,278051,278385,420775,420875,142.390000,142.724000
167,131,131,4083960,301051,301377,443979,444079,142.602000,142.928000
167,170,170,40aa962,362051,362377,455269,455369,92.892000,93.218000
167,366,366,416e961,331051,331377,459791,459891,128.414000,128.740000
167,311,311,4137963,416051,416377,474038,474138,57.661000,57.987000
167,222,222,40de960,471051,471385,479851,479951,8.466000,8.800000
167,124,124,407c961,350051,350377,485702,485802,135.325000,135.651000
167,344,344,4158962,420051,420385,491515,491615,71.130000,71.464000
167,264,264,4108960,417051,417377,507174,507274,89.797000,90.123000
167,33,33,4021961,359051,359385,513106,513206,153.721000,154.055000
167,289,289,4121961,351051,351377,519069,519170,167.692000,168.018000
167,203,203,40cb960,465051,465377,530933,531033,65.556000,65.882000
167,187,187,40bb961,371051,371377,536931,537031,165.554000,165.880000
167,195,195,40c3960,425051,425377,542837,542937,117.460000,117.786000
167,68,68,4044960,385051,385385,548835,548935,163.450000,163.784000
167,347,347,415b963,559051,559377,572552,572652,13.175000,13.501000
167,234,234,40ea961,563051,563385,577061,577161,13.676000,14.010000
167,171,171,40ab962,571051,571385,596273,596373,24.888000,25.222000
167,71,71,4047960,593051,593385,614060,614160,20.675000,21.009000
167,132,132,4084961,604051,604385,620010,620110,15.625000,15.959000
167,322,322,4142963,677051,677385,685886,685986,8.501000,8.835000
167,372,372,4174960,684051,684377,692866,692966,8.489000,8.815000
167,21,21,4015962,697051,697385,703817,703917,6.432000,6.766000
167,102,102,4066962,816051,816385,820341,820441,3.956000,4.290000
168,305,305,4131963,30051,30385,38863,38963,8.478000,8.812000
168,343,343,4157961,35051,35385,47361,47461,11.976000,12.310000
168,190,190,40be962,44051,44385,53119,53219,8.734000,9.068000
168,58,58,403a961,55051,55385,64573,64673,9.188000,9.522000
168,329,329,4149963,61051,61385,73236,73336,11.851000,12.185000
168,197,197,40c5962,30051,30385,78079,78179,47.694000,48.028000
168,42,42,402a960,59051,59385,82565,82665,23.180000,23.514000
168,135,135,4087963,67051,67385,87363,87463,19.978000,20.312000
168,36,36,4024960,70051,70385,91896,91996,21.511000,21.845000
168,27,27,401b961,32050,32385,96739,96839,64.354000,64.689000
168,120,120,4078960,75051,75385,102495,102595,27.110000,27.444000
168,228,228,40e4962,82051,82385,108430,108530,26.045000,26.379000
168,26,26,401a962,47051,47385,119937,120037,72.552000,72.886000
168,72,72,4048961,94051,94385,131487,131587,37.102000,37.436000
168,160,160,40a0960,86051,86377,136834,136934,50.457000,50.783000
168,368,368,4170962,127051,127385,141632,141732,14.247000,14.581000
168,136,136,4088963,93051,93385,147497,147597,54.112000,54.446000
168,384,384,4180963,107051,107377,154711,154811,47.334000,47.660000
168,23,23,4017960,148051,148385,160499,160599,12.114000,12.448000
168,230,230,40e6963,98051,98385,164990,165090,66.605000,66.939000
168,69,69,4045961,155051,155385,169827,169927,14.442000,14.776000
168,4,4,4004962,68051,68385,175658,175758,107.273000,107.607000
168,138,138,408a963,177051,177385,189264,189364,11.879000,12.213000
168,64,64,4040960,118051,118385,194084,194184,75.699000,76.033000
168,108,108,406c962,113051,113385,209179,209279,95.794000,96.128000
168,141,141,408d963,202051,202385,214251,214351,11.866000,12.200000
168,378,378,417a960,218051,218385,230193,230293,11.808000,12.142000
168,149,149,4095962,130039,130366,235013,235113,104.647000,104.974000
168,300,300,412c963,107051,107385,239546,239646,132.161000,132.495000
168,18,18,4012960,60051,60385,246861,246961,186.476000,186.810000
168,51,51,4033962,200051,200385,258707,258806,58.322000,58.656000
168,159,159,409f963,252051,252385,264513,264613,12.128000,12.462000
168,288,288,4120963,260051,260376,270450,270550,10.074000,10.399000
168,113,113,4071963,124051,124385,276256,276356,151.871000,152.205000
168,12,12,400c961,176051,176385,282037,282137,105.652000,105.986000
168,218,218,40da962,135051,135385,291414,291514,156.029000,156.363000
168,85,85,4055961,142051,142377,297295,297395,154.918000,155.244000
168,340,340,4154963,109051,109385,303177,303277,193.792000,194.126000
168,265,265,4109963,170051,170385,308958,309058,138.573000,138.907000
168,131,131,4083960,301051,301377,313467,313567,12.090000,12.416000
168,48,48,4030962,146051,146385,319051,319151,172.666000,173.000000
168,25,25,4019963,36051,36385,326230,326330,289.845000,290.179000
168,169,169,40a9960,159051,159377,332011,332111,172.634000,172.960000
168,366,366,416e961,331051,331377,336715,336815,5.338000,5.664000
168,199,199,40c7962,49051,49385,343590,343690,294.205000,294.539000
168,393,393,4189961,164051,164385,349465,349565,185.080000,185.414000
168,274,274,4112960,201051,201377,355303,355403,153.926000,154.252000
168,395,395,418b963,211051,211385,362232,362332,150.847000,151.181000
168,154,154,409a961,195992,196318,368070,368170,171.752000,172.078000
168,309,309,4135960,278051,278385,373874,373974,95.489000,95.823000
168,57,57,4039961,232051,232385,379712,379812,147.327000,147.661000
168,178,178,40b2962,216028,216354,385516,385616,169.162000,169.488000
168,82,82,4052960,382051,382377,395535,395635,13.158000,13.484000
168,350,350,415e960,325051,325385,410024,410124,84.639000,84.973000
168,170,170,40aa962,362051,362377,421550,421650,59.173000,59.499000
168,124,124,407c961,350051,350377,427322,427422,76.945000,77.271000
168,311,311,4137963,416051,416377,431855,431955,15.478000,15.804000
168,73,73,4049960,156051,156385,436715,436815,280.330000,280.664000
168,344,344,4158962,420051,420385,444367,444467,23.982000,24.316000
168,33,33,4021961,359051,359385,450114,450214,90.729000,91.063000
168,156,156,409c960,213051,213377,473591,473691,260.214000,260.540000
168,264,264,4108960,417051,417377,485358,485458,67.981000,68.307000
168,187,187,40bb961,371051,371377,497012,497112,125.635000,125.961000
168,289,289,4121961,351051,351377,506400,506500,155.023000,155.349000
168,222,222,40de960,471051,471385,518256,518356,46.871000,47.205000
168,195,195,40c3960,425051,425377,542439,542539,117.062000,117.388000
168,347,347,415b963,559051,559377,571153,571253,11.776000,12.102000
168,234,234,40ea961,563051,563385,575989,576089,12.604000,12.938000
168,171,171,40ab962,571051,571385,583410,583510,12.025000,12.359000
168,71,71,4047960,593051,593385,601855,601955,8.470000,8.804000
168,132,132,4084961,604051,604385,612989,613089,8.604000,8.938000
168,322,322,4142963,677051,677385,689426,689526,12.041000,12.375000
168,372,372,4174960,684051,684377,696471,696571,12.094000,12.420000
168,21,21,4015962,697051,697385,709455,709555,12.070000,12.404000
168,152,152,4098961,795051,795377,803912,804012,8.535000,8.861000
168,102,102,4066962,816051,816385,828417,828517,12.032000,12.366000
168,374,374,4176960,1041051,1041377,1049798,1049898,8.421000,8.747000
169,305,305,4131963,30051,30385,38863,38963,8.478000,8.812000
169,343,343,4157961,35051,35385,47361,47461,11.976000,12.310000
169,190,190,40be962,44051,44385,53119,53219,8.734000,9.068000
169,239,239,40ef963,38992,39318,58810,58910,19.492000,19.818000
169,58,58,403a961,55051,55385,64572,64672,9.187000,9.521000
169,329,329,4149963,61051,61385,73197,73297,11.812000,12.146000
169,197,197,40c5962,30051,30385,78056,78156,47.671000,48.005000
169,26,26,401a962,47051,47385,119924,120024,72.539000,72.873000
169,242,242,40f2963,69051,69385,125704,125804,56.319000,56.653000
169,160,160,40a0960,86051,86377,136860,136960,50.483000,50.809000
169,368,368,4170962,127051,127385,141712,141812,14.327000,14.661000
169,136,136,4088963,93051,93385,147498,147598,54.113000,54.447000
169,23,23,4017960,148051,148385,160499,160599,12.114000,12.448000
169,230,230,40e6963,98051,98385,164991,165091,66.606000,66.940000
169,4,4,4004962,68051,68385,175671,175771,107.286000,107.620000
169,64,64,4040960,118051,118385,190815,190915,72.430000,72.764000
169,149,149,4095962,130039,130366,231128,231228,100.762000,101.089000
169,113,113,4071963,124051,124385,276256,276356,151.871000,152.205000
169,218,218,40da962,135051,135385,291375,291475,155.990000,156.324000
169,85,85,4055961,142051,142377,297282,297382,154.905000,155.231000
169,340,340,4154963,109051,109385,303138,303238,193.753000,194.087000
169,265,265,4109963,170051,170385,308945,309045,138.560000,138.894000
169,131,131,4083960,301051,301377,313432,313532,12.055000,12.381000
169,14,14,400e961,107051,107385,320451,320551,213.066000,213.400000
169,25,25,4019963,36051,36385,326206,326306,289.821000,290.155000
169,169,169,40a9960,159051,159377,331975,332075,172.598000,172.924000
169,199,199,40c7962,49051,49385,343537,343637,294.152000,294.486000
169,274,274,4112960,201051,201377,355199,355299,153.822000,154.148000
169,395,395,418b963,211051,211385,362169,362269,150.784000,151.118000
169,154,154,409a961,195992,196318,367966,368066,171.648000,171.974000
169,302,302,412e961,188051,188385,377827,377927,189.442000,189.776000
169,178,178,40b2962,216028,216354,385477,385577,169.123000,169.449000
169,176,176,40b0961,250051,250377,391380,391480,141.003000,141.329000
169,82,82,4052960,382051,382377,395890,395990,13.513000,13.839000
169,350,350,415e960,325051,325385,410007,410107,84.622000,84.956000
169,146,146,4092963,87051,87385,415771,415871,328.386000,328.720000
169,170,170,40aa962,362051,362377,421563,421663,59.186000,59.512000
169,124,124,407c961,350051,350377,427306,427406,76.929000,77.255000
169,311,311,4137963,416051,416377,431840,431940,15.463000,15.789000
169,73,73,4049960,156051,156385,436713,436813,280.328000,280.662000
169,344,344,4158962,420051,420385,444351,444451,23.966000,24.300000
169,187,187,40bb961,371051,371377,496983,497083,125.606000,125.932000
169,289,289,4121961,351051,351377,506374,506474,154.997000,155.323000
169,347,347,415b963,559051,559377,571179,571279,11.802000,12.128000
169,71,71,4047960,593051,593385,601838,601938,8.453000,8.787000
169,215,215,40d7960,615051,615385,633449,633549,18.064000,18.398000
169,322,322,4142963,677051,677385,689409,689509,12.024000,12.358000
169,152,152,4098961,795051,795377,803874,803974,8.497000,8.823000
169,374,374,4176960,1041051,1041377,1049811,1049911,8.434000,8.760000
170,305,305,4131963,30051,30385,38863,38963,8.478000,8.812000
170,239,239,40ef963,38992,39318,53187,53287,13.869000,14.195000
170,197,197,40c5962,30051,30385,64689,64790,34.304000,34.638000
170,329,329,4149963,61051,61385,73197,73297,11.812000,12.146000
170,242,242,40f2963,69051,69385,119884,119984,50.499000,50.833000
170,368,368,4170962,127051,127385,133839,133939,6.454000,6.788000
170,230,230,40e6963,98051,98385,161523,161623,63.138000,63.472000
170,236,236,40ec963,100051,100377,220425,220525,120.048000,120.374000
170,398,398,418e961,138051,138385,231302,231402,92.917000,93.251000
170,113,113,4071963,124051,124385,273573,273673,149.188000,149.522000
170,218,218,40da962,135051,135385,291369,291469,155.984000,156.318000
170,131,131,4083960,301051,301377,309623,309723,8.246000,8.572000
170,14,14,400e961,107051,107385,314573,314673,207.188000,207.522000
170,395,395,418b963,211051,211385,362216,362316,150.831000,151.165000
170,302,302,412e961,188051,188385,377746,377846,189.361000,189.695000
170,176,176,40b0961,250051,250377,391365,391465,140.988000,141.314000
170,146,146,4092963,87051,87385,402679,402779,315.294000,315.628000
170,170,170,40aa962,362051,362377,415631,415731,53.254000,53.580000
170,311,311,4137963,416051,416377,428182,428282,11.805000,12.131000
170,107,107,406b962,400051,400385,438510,438610,38.125000,38.459000
170,344,344,4158962,420051,420385,444351,444451,23.966000,24.300000
170,251,251,40fb961,479051,479377,491465,491565,12.088000,12.414000
170,347,347,415b963,559051,559377,571156,571256,11.779000,12.105000
170,71,71,4047960,593051,593385,601824,601924,8.439000,8.773000
170,215,215,40d7960,615051,615385,633478,633578,18.093000,18.427000
170,281,281,4119961,731051,731385,743336,743436,11.951000,12.285000
171,305,305,4131963,30051,30385,38863,38963,8.478000,8.812000
171,134,134,4086961,25051,25385,47316,47416,21.931000,22.265000
171,197,197,40c5962,30051,30385,64689,64790,34.304000,34.638000
171,329,329,4149963,61051,61385,73197,73297,11.812000,12.146000
171,122,122,407a962,98051,98385,106730,106830,8.345000,8.679000
171,368,368,4170962,127051,127385,133764,133864,6.379000,6.713000
171,119,119,4077962,98051,98385,153162,153262,54.777000,55.111000
171,230,230,40e6963,98051,98385,161509,161609,63.124000,63.458000
171,236,236,40ec963,100051,100377,220461,220561,120.084000,120.410000
171,398,398,418e961,138051,138385,231326,231426,92.941000,93.275000
171,275,275,4113963,107051,107385,242944,243044,135.559000,135.893000
171,113,113,4071963,124051,124385,273648,273748,149.263000,149.597000
171,218,218,40da962,135051,135385,291406,291506,156.021000,156.355000
171,131,131,4083960,301051,301377,309663,309763,8.286000,8.612000
171,179,179,40b3961,226051,226385,335545,335645,109.160000,109.494000
171,395,395,418b963,211051,211385,362141,362241,150.756000,151.090000
171,170,170,40aa962,362051,362377,415630,415730,53.253000,53.579000
171,233,233,40e9961,347051,347385,427117,427217,79.732000,80.066000
171,311,311,4137963,416051,416377,431651,431751,15.274000,15.600000
171,107,107,406b962,400051,400385,438510,438610,38.125000,38.459000
171,344,344,4158962,420051,420385,444351,444451,23.966000,24.300000
171,296,296,4128962,423051,423377,462034,462134,38.657000,38.983000
171,251,251,40fb961,479051,479377,491441,491541,12.064000,12.390000
171,347,347,415b963,559051,559377,571142,571242,11.765000,12.091000
171,71,71,4047960,593051,593385,601860,601960,8.475000,8.809000
171,281,281,4119961,731051,731385,743359,743459,11.974000,12.308000
172,134,134,4086961,25051,25385,43339,43439,17.954000,18.288000
172,122,122,407a962,98051,98385,106741,106841,8.356000,8.690000
172,119,119,4077962,98051,98385,111600,111700,13.215000,13.549000
172,275,275,4113963,107051,107385,117406,117506,10.021000,10.355000
172,179,179,40b3961,226051,226385,320479,320579,94.094000,94.428000
172,272,272,4110961,323051,323385,408305,408405,84.920000,85.254000
172,233,233,40e9961,347051,347385,414035,414135,66.650000,66.984000
172,296,296,4128962,423051,423377,462053,462153,38.676000,39.002000
173,32,32,4020961,54051,54385,76273,76373,21.888000,22.222000
173,101,101,4065960,255051,255385,268428,268528,13.043000,13.377000
173,365,365,416d960,324051,324377,359228,359328,34.851000,35.177000
173,272,272,4110961,323051,323385,408305,408405,84.920000,85.254000
173,269,269,410d960,382051,382385,461076,461176,78.691000,79.025000
173,389,389,4185963,604051,604385,616501,616601,12.116000,12.450000
173,323,323,4143960,889051,889385,897866,897966,8.481000,8.815000
174,32,32,4020961,54051,54385,76263,76363,21.878000,22.212000
174,191,191,40bf963,143051,143385,154734,154834,11.349000,11.683000
174,101,101,4065960,255051,255385,268443,268543,13.058000,13.392000
174,365,365,416d960,324051,324377,359249,359349,34.872000,35.198000
174,269,269,410d960,382051,382385,461060,461160,78.675000,79.009000
174,389,389,4185963,604051,604385,616458,616558,12.073000,12.407000
174,194,194,40c2960,688051,688377,694674,694774,6.297000,6.623000
174,323,323,4143960,889051,889385,897877,897977,8.492000,8.826000
175,191,191,40bf963,143051,143385,154785,154885,11.400000,11.734000
175,194,194,40c2960,688051,688377,694638,694738,6.261000,6.587000
176,299,299,412b963,94051,94377,194662,194762,100.285000,100.611000
177,299,299,412b963,94051,94377,194658,194758,100.281000,100.607000
177,371,371,4173960,515050,515385,560586,560686,45.201000,45.536000
177,62,62,403e962,612051,612377,620803,620903,8.426000,8.752000
178,2,2,4002961,58051,58385,64701,64802,6.316000,6.650000
178,362,362,416a961,68051,68385,76959,77059,8.574000,8.908000
178,116,116,4074963,75051,75385,87366,87466,11.981000,12.315000
178,287,287,411f960,44015,44341,99373,99473,55.032000,55.358000
178,158,158,409e961,146051,146377,280814,280914,134.437000,134.763000
178,257,257,4101962,302051,302385,314147,314247,11.762000,12.096000
178,35,35,4023962,365051,365377,432340,432440,66.963000,67.289000
178,155,155,409b963,304051,304377,443142,443242,138.765000,139.091000
178,371,371,4173960,515050,515385,560648,560748,45.263000,45.598000
178,62,62,403e962,612051,612377,620859,620959,8.482000,8.808000
179,44,44,402c963,23051,23385,31966,32065,8.581000,8.915000
179,356,356,4164960,30051,30385,38792,38892,8.407000,8.741000
179,2,2,4002961,58051,58385,64698,64798,6.313000,6.647000
179,362,362,416a961,68051,68385,76959,77059,8.574000,8.908000
179,116,116,4074963,75051,75385,87362,87462,11.977000,12.311000
179,287,287,411f960,44015,44341,99369,99469,55.028000,55.354000
179,17,17,4011963,87051,87385,110811,110911,23.426000,23.760000
179,110,110,406e963,151051,151377,159742,159842,8.365000,8.691000
179,377,377,4179961,183051,183385,189690,189790,6.305000,6.639000
179,38,38,4026961,189051,189385,251881,251981,62.496000,62.830000
179,158,158,409e961,146051,146377,280773,280873,134.396000,134.722000
179,206,206,40ce962,273051,273385,286541,286641,13.156000,13.490000
179,257,257,4101962,302051,302385,314146,314246,11.761000,12.095000
179,65,65,4041963,271051,271385,391102,391202,119.717000,120.051000
179,35,35,4023962,365051,365377,432336,432436,66.959000,67.285000
179,155,155,409b963,304051,304377,443142,443242,138.765000,139.091000
179,353,353,4161963,548051,548377,567460,567560,19.083000,19.409000
180,44,44,402c963,23051,23385,31974,32074,8.589000,8.923000
180,305,305,4131963,30051,30385,42223,42323,11.838000,12.172000
180,356,356,4164960,30051,30385,47086,47186,16.701000,17.035000
180,185,185,40b9961,71051,71385,83150,83250,11.765000,12.099000
180,110,110,406e963,151051,151377,159791,159891,8.414000,8.740000
180,17,17,4011963,87051,87385,172669,172769,85.284000,85.618000
180,368,368,4170962,127051,127385,183927,184027,56.542000,56.876000
180,173,173,40ad962,189051,189385,195833,195933,6.448000,6.782000
180,230,230,40e6963,98051,98385,213188,213288,114.803000,115.137000
180,386,386,4182961,233051,233377,241680,241780,8.303000,8.629000
180,377,377,4179961,183051,183385,278813,278913,95.428000,95.762000
180,206,206,40ce962,273051,273385,284548,284648,11.163000,11.497000
180,113,113,4071963,124051,124385,305274,305374,180.889000,181.223000
180,218,218,40da962,135051,135385,311590,311690,176.205000,176.539000
180,77,77,404d960,172051,172377,350869,350969,178.492000,178.818000
180,395,395,418b963,211051,211385,356898,356998,145.513000,145.847000
180,38,38,4026961,189051,189385,362817,362917,173.432000,173.766000
180,164,164,40a4962,204051,204377,368534,368634,164.157000,164.483000
180,284,284,411c962,193675,194001,380034,380134,186.033000,186.359000
180,65,65,4041963,271051,271385,391124,391224,119.739000,120.073000
180,317,317,413d962,359051,359377,437967,438067,78.590000,78.916000
180,311,311,4137963,416051,416377,466985,467085,50.608000,50.934000
180,347,347,415b963,559051,559377,572534,572634,13.157000,13.483000
180,353,353,4161963,548051,548377,590352,590452,41.975000,42.301000
180,71,71,4047960,593051,593385,614062,614162,20.677000,21.011000
180,338,338,4152962,624051,624377,632835,632935,8.458000,8.784000
180,200,200,40c8960,623051,623385,638554,638654,15.169000,15.503000
180,278,278,4116962,721051,721377,727689,727789,6.312000,6.638000
181,305,305,4131963,30051,30385,42262,42362,11.877000,12.211000
181,185,185,40b9961,71051,71385,83150,83250,11.765000,12.099000
181,368,368,4170962,127051,127385,183938,184038,56.553000,56.887000
181,173,173,40ad962,189051,189385,195806,195906,6.421000,6.755000
181,230,230,40e6963,98051,98385,213199,213299,114.814000,115.148000
181,386,386,4182961,233051,233377,241692,241792,8.315000,8.641000
181,113,113,4071963,124051,124385,305307,305407,180.922000,181.256000
181,218,218,40da962,135051,135385,311661,311761,176.276000,176.610000
181,248,248,40f8962,284051,284385,324592,324692,40.207000,40.541000
181,77,77,404d960,172051,172377,350866,350966,178.489000,178.815000
181,395,395,418b963,211051,211385,356945,357045,145.560000,145.894000
181,164,164,40a4962,204051,204377,368530,368630,164.153000,164.479000
181,380,380,417c961,302051,302377,374288,374388,71.911000,72.237000
181,284,284,411c962,193675,194001,379979,380079,185.978000,186.304000
181,317,317,413d962,359051,359377,437926,438026,78.549000,78.875000
181,311,311,4137963,416051,416377,466906,467006,50.529000,50.855000
181,11,11,400b961,383051,383385,566566,566666,183.181000,183.515000
181,347,347,415b963,559051,559377,572494,572594,13.117000,13.443000
181,314,314,413a961,530051,530377,578447,578547,48.070000,48.396000
181,71,71,4047960,593051,593385,614022,614122,20.637000,20.971000
181,338,338,4152962,624051,624377,632807,632907,8.430000,8.756000
181,200,200,40c8960,623051,623385,638514,638614,15.129000,15.463000
181,278,278,4116962,721051,721377,727661,727761,6.284000,6.610000
182,305,305,4131963,30051,30385,42262,42362,11.877000,12.211000
182,37,37,4025960,49051,49385,55744,55844,6.359000,6.693000
182,343,343,4157961,35051,35385,70092,70192,34.707000,35.041000
182,190,190,40be962,44051,44385,87443,87543,43.058000,43.392000
182,25,25,4019963,36051,36385,99021,99121,62.636000,62.970000
182,58,58,403a961,55051,55385,117745,117845,62.360000,62.694000
182,340,340,4154963,109051,109385,122232,122332,12.847000,13.181000
182,245,245,40f5961,107051,107385,133532,133632,26.147000,26.481000
182,4,4,4004962,68051,68385,152360,152460,83.975000,84.309000
182,73,73,4049960,156051,156385,163956,164056,7.571000,7.905000
182,199,199,40c7962,49051,49385,182949,183049,133.564000,133.898000
182,368,368,4170962,127051,127385,188718,188818,61.333000,61.667000
182,173,173,40ad962,189051,189385,193362,193462,3.977000,4.311000
182,98,98,4062962,162051,162377,209627,209727,47.250000,47.576000
182,64,64,4040960,118051,118385,215446,215546,97.061000,97.395000
182,230,230,40e6963,98051,98385,221216,221316,122.831000,123.165000
182,178,178,40b2962,216028,216354,225778,225878,9.424000,9.750000
182,97,97,4061963,73051,73385,236329,236429,162.944000,163.278000
182,160,160,40a0960,86051,86377,251850,251950,165.473000,165.799000
182,52,52,4034961,105051,105385,288103,288203,182.718000,183.052000
182,220,220,40dc961,84051,84385,293867,293967,209.482000,209.816000
182,136,136,4088963,93051,93385,299667,299767,206.282000,206.616000
182,85,85,4055961,142051,142377,307077,307177,164.700000,165.026000
182,113,113,4071963,124051,124385,311938,312038,187.553000,187.887000
182,218,218,40da962,135051,135385,320720,320820,185.335000,185.669000
182,248,248,40f8962,284051,284385,325252,325352,40.867000,41.201000
182,169,169,40a9960,159051,159377,341792,341892,182.415000,182.741000
182,77,77,404d960,172051,172377,353609,353709,181.232000,181.558000
182,395,395,418b963,211051,211385,359373,359473,147.988000,148.322000
182,274,274,4112960,201051,201377,368318,368418,166.941000,167.267000
182,380,380,417c961,302051,302377,374126,374226,71.749000,72.075000
182,265,265,4109963,170051,170385,385734,385834,215.349000,215.683000
182,82,82,4052960,382051,382377,391534,391634,9.157000,9.483000
182,383,383,417f961,253051,253385,397343,397443,143.958000,144.292000
182,154,154,409a961,195992,196318,403224,403324,206.906000,207.232000
182,100,100,4064960,315051,315385,461317,461417,145.932000,146.266000
182,241,241,40f1960,320051,320385,468176,468276,147.791000,148.125000
182,311,311,4137963,416051,416377,473997,474097,57.620000,57.946000
182,124,124,407c961,350051,350377,485687,485787,135.310000,135.636000
182,289,289,4121961,351051,351377,519029,519129,167.652000,167.978000
182,203,203,40cb960,465051,465377,530922,531022,65.545000,65.871000
182,187,187,40bb961,371051,371377,536890,536990,165.513000,165.839000
182,68,68,4044960,385051,385385,548820,548920,163.435000,163.769000
182,11,11,400b961,383051,383385,566592,566692,183.207000,183.541000
182,347,347,415b963,559051,559377,572541,572641,13.164000,13.490000
182,314,314,413a961,530051,530377,578473,578573,48.096000,48.422000
182,71,71,4047960,593051,593385,614073,614173,20.688000,21.022000
182,338,338,4152962,624051,624377,632832,632932,8.455000,8.781000
182,322,322,4142963,677051,677385,685899,685999,8.514000,8.848000
183,305,305,4131963,30051,30385,42262,42362,11.877000,12.211000
183,37,37,4025960,49051,49385,55740,55840,6.355000,6.689000
183,343,343,4157961,35051,35385,70088,70188,34.703000,35.037000
183,27,27,401b961,32050,32385,76093,76193,43.708000,44.043000
183,190,190,40be962,44051,44385,87452,87552,43.067000,43.401000
183,120,120,4078960,75051,75385,93232,93332,17.847000,18.181000
183,25,25,4019963,36051,36385,99017,99117,62.632000,62.966000
183,58,58,403a961,55051,55385,117741,117841,62.356000,62.690000
183,340,340,4154963,109051,109385,122227,122327,12.842000,13.176000
183,42,42,402a960,59051,59385,127904,128003,68.519000,68.853000
183,245,245,40f5961,107051,107385,133571,133671,26.186000,26.520000
183,135,135,4087963,67051,67385,142900,143000,75.515000,75.849000
183,4,4,4004962,68051,68385,152356,152456,83.971000,84.305000
183,36,36,4024960,70051,70385,158163,158263,87.778000,88.112000
183,73,73,4049960,156051,156385,163913,164013,7.528000,7.862000
183,199,199,40c7962,49051,49385,182932,183032,133.547000,133.881000
183,368,368,4170962,127051,127385,188675,188775,61.290000,61.624000
183,173,173,40ad962,189051,189385,193364,193464,3.979000,4.313000
183,18,18,4012960,60051,60385,198049,198149,137.664000,137.998000
183,228,228,40e4962,82051,82385,203799,203899,121.414000,121.748000
183,98,98,4062962,162051,162377,209634,209734,47.257000,47.583000
183,64,64,4040960,118051,118385,215379,215479,96.994000,97.328000
183,230,230,40e6963,98051,98385,221223,221323,122.838000,123.172000
183,178,178,40b2962,216028,216354,225732,225832,9.378000,9.704000
183,378,378,417a960,218051,218385,230587,230687,12.202000,12.536000
183,156,156,409c960,213051,213377,235396,235496,22.019000,22.345000
183,97,97,4061963,73051,73385,240308,240408,166.923000,167.257000
183,300,300,412c963,107051,107385,246065,246165,138.680000,139.014000
183,160,160,40a0960,86051,86377,251879,251979,165.502000,165.828000
183,141,141,408d963,202051,202385,257636,257736,55.251000,55.585000
183,138,138,408a963,177051,177385,263450,263550,86.065000,86.399000
183,159,159,409f963,252051,252385,268006,268106,15.621000,15.955000
183,69,69,4045961,155051,155385,272918,273018,117.533000,117.867000
183,288,288,4120963,260051,260376,277427,277527,17.051000,17.376000
183,72,72,4048961,94051,94385,282332,282432,187.947000,188.281000
183,52,52,4034961,105051,105385,288089,288189,182.704000,183.038000
183,220,220,40dc961,84051,84385,293896,293996,209.511000,209.845000
183,136,136,4088963,93051,93385,299653,299753,206.268000,206.602000
183,51,51,4033962,200051,200385,305464,305564,105.079000,105.413000
183,85,85,4055961,142051,142377,310020,310120,167.643000,167.969000
183,113,113,4071963,124051,124385,314932,315032,190.547000,190.881000
183,393,393,4189961,164051,164385,319441,319541,155.056000,155.390000
183,218,218,40da962,135051,135385,324346,324446,188.961000,189.295000
183,12,12,400c961,176051,176385,330103,330203,153.718000,154.052000
183,384,384,4180963,107051,107377,335917,336017,228.540000,228.866000
183,169,169,40a9960,159051,159377,341804,341904,182.427000,182.753000
183,108,108,406c962,113051,113385,347838,347938,234.453000,234.787000
183,77,77,404d960,172051,172377,353595,353695,181.218000,181.544000
183,395,395,418b963,211051,211385,359402,359502,148.017000,148.351000
183,274,274,4112960,201051,201377,368304,368404,166.927000,167.253000
183,48,48,4030962,146051,146385,379951,380051,233.566000,233.900000
183,265,265,4109963,170051,170385,385772,385872,215.387000,215.721000
183,82,82,4052960,382051,382377,391615,391715,9.238000,9.564000
183,383,383,417f961,253051,253385,397381,397481,143.996000,144.330000
183,154,154,409a961,195992,196318,403305,403405,206.987000,207.313000
183,57,57,4039961,232051,232385,414767,414867,182.382000,182.716000
183,309,309,4135960,278051,278385,420869,420969,142.484000,142.818000
183,366,366,416e961,331051,331377,457483,457583,126.106000,126.432000
183,100,100,4064960,315051,315385,462417,462517,147.032000,147.366000
183,241,241,40f1960,320051,320385,468266,468366,147.881000,148.215000
183,311,311,4137963,416051,416377,474081,474181,57.704000,58.030000
183,222,222,40de960,471051,471385,479930,480030,8.545000,8.879000
183,124,124,407c961,350051,350377,485745,485845,135.368000,135.694000
183,264,264,4108960,417051,417377,507197,507297,89.820000,90.146000
183,33,33,4021961,359051,359385,513153,513252,153.768000,154.102000
183,289,289,4121961,351051,351377,519093,519193,167.716000,168.042000
183,203,203,40cb960,465051,465377,530980,531080,65.603000,65.929000
183,187,187,40bb961,371051,371377,536954,537054,165.577000,165.903000
183,195,195,40c3960,425051,425377,542884,542984,117.507000,117.833000
183,68,68,4044960,385051,385385,548858,548958,163.473000,163.807000
183,347,347,415b963,559051,559377,572599,572699,13.222000,13.548000
183,234,234,40ea961,563051,563385,577130,577230,13.745000,14.079000
183,171,171,40ab962,571051,571385,596323,596423,24.938000,25.272000
183,71,71,4047960,593051,593385,614085,614185,20.700000,21.034000
183,132,132,4084961,604051,604385,620060,620160,15.675000,16.009000
183,338,338,4152962,624051,624377,632818,632918,8.441000,8.767000
183,322,322,4142963,677051,677385,685928,686028,8.543000,8.877000
183,372,372,4174960,684051,684377,692847,692947,8.470000,8.796000
183,21,21,4015962,697051,697385,703859,703959,6.474000,6.808000
183,102,102,4066962,816051,816385,820347,820447,3.962000,4.296000
184,305,305,4131963,30051,30385,38867,38967,8.482000,8.816000
184,343,343,4157961,35051,35385,47365,47465,11.980000,12.314000
184,190,190,40be962,44051,44385,53123,53223,8.738000,9.072000
184,58,58,403a961,55051,55385,64576,64677,9.191000,9.525000
184,37,37,4025960,49051,49385,70362,70462,20.977000,21.311000
184,42,42,402a960,59051,59385,80237,80337,20.852000,21.186000
184,135,135,4087963,67051,67385,85078,85178,17.693000,18.027000
184,36,36,4024960,70051,70385,89610,89710,19.225000,19.559000
184,27,27,401b961,32050,32385,94436,94536,62.051000,62.386000
184,120,120,4078960,75051,75385,102463,102563,27.078000,27.412000
184,228,228,40e4962,82051,82385,108410,108510,26.025000,26.359000
184,97,97,4061963,73051,73385,114154,114254,40.769000,41.103000
184,26,26,401a962,47051,47385,119904,120004,72.519000,72.853000
184,72,72,4048961,94051,94385,131468,131568,37.083000,37.417000
184,160,160,40a0960,86051,86377,136911,137011,50.534000,50.860000
184,368,368,4170962,127051,127385,141788,141888,14.403000,14.737000
184,136,136,4088963,93051,93385,147538,147638,54.153000,54.487000
184,384,384,4180963,107051,107377,154790,154890,47.413000,47.739000
184,23,23,4017960,148051,148385,160540,160640,12.155000,12.489000
184,230,230,40e6963,98051,98385,165072,165172,66.687000,67.021000
184,69,69,4045961,155051,155385,169928,170028,14.543000,14.877000
184,52,52,4034961,105051,105385,174450,174550,69.065000,69.399000
184,4,4,4004962,68051,68385,179313,179413,110.928000,111.262000
184,77,77,404d960,172051,172377,185082,185182,12.705000,13.031000
184,138,138,408a963,177051,177385,189591,189691,12.206000,12.540000
184,64,64,4040960,118051,118385,194415,194515,76.030000,76.364000
184,173,173,40ad962,189051,189385,201171,201271,11.786000,12.120000
184,108,108,406c962,113051,113385,209207,209307,95.822000,96.156000
184,141,141,408d963,202051,202385,214265,214365,11.880000,12.214000
184,378,378,417a960,218051,218385,230231,230331,11.846000,12.180000
184,149,149,4095962,130039,130366,235094,235194,104.728000,105.055000
184,300,300,412c963,107051,107385,239626,239726,132.241000,132.575000
184,18,18,4012960,60051,60385,246841,246941,186.456000,186.790000
184,51,51,4033962,200051,200385,258674,258775,58.289000,58.623000
184,159,159,409f963,252051,252385,264493,264593,12.108000,12.442000
184,288,288,4120963,260051,260376,270418,270518,10.042000,10.367000
184,113,113,4071963,124051,124385,276236,276336,151.851000,152.185000
184,12,12,400c961,176051,176385,282005,282105,105.620000,105.954000
184,218,218,40da962,135051,135385,291394,291494,156.009000,156.343000
184,85,85,4055961,142051,142377,297263,297363,154.886000,155.212000
184,340,340,4154963,109051,109385,303157,303257,193.772000,194.106000
184,265,265,4109963,170051,170385,308926,309026,138.541000,138.875000
184,220,220,40dc961,84051,84385,314744,314844,230.359000,230.693000
184,48,48,4030962,146051,146385,319236,319336,172.851000,173.185000
184,25,25,4019963,36051,36385,326195,326295,289.810000,290.144000
184,169,169,40a9960,159051,159377,332002,332102,172.625000,172.951000
184,366,366,416e961,331051,331377,336741,336841,5.364000,5.690000
184,199,199,40c7962,49051,49385,343552,343652,294.167000,294.501000
184,393,393,4189961,164051,164385,349459,349559,185.074000,185.408000
184,274,274,4112960,201051,201377,355265,355365,153.888000,154.214000
184,395,395,418b963,211051,211385,362226,362326,150.841000,151.175000
184,154,154,409a961,195992,196318,368032,368132,171.714000,172.040000
184,309,309,4135960,278051,278385,373868,373968,95.483000,95.817000
184,57,57,4039961,232051,232385,379674,379774,147.289000,147.623000
184,178,178,40b2962,216028,216354,385510,385610,169.156000,169.482000
184,100,100,4064960,315051,315385,390042,390142,74.657000,74.991000
184,82,82,4052960,382051,382377,395612,395712,13.235000,13.561000
184,241,241,40f1960,320051,320385,400638,400738,80.253000,80.587000
184,350,350,415e960,325051,325385,410064,410164,84.679000,85.013000
184,124,124,407c961,350051,350377,427372,427472,76.995000,77.321000
184,311,311,4137963,416051,416377,431881,431981,15.504000,15.830000
184,73,73,4049960,156051,156385,436751,436851,280.366000,280.700000
184,33,33,4021961,359051,359385,450094,450194,90.709000,91.043000
184,156,156,409c960,213051,213377,473559,473659,260.182000,260.508000
184,264,264,4108960,417051,417377,485338,485438,67.961000,68.287000
184,187,187,40bb961,371051,371377,496980,497080,125.603000,125.929000
184,289,289,4121961,351051,351377,506380,506480,155.003000,155.329000
184,222,222,40de960,471051,471385,518223,518324,46.838000,47.172000
184,195,195,40c3960,425051,425377,542419,542519,117.042000,117.368000
184,347,347,415b963,559051,559377,571191,571291,11.814000,12.140000
184,234,234,40ea961,563051,563385,576070,576170,12.685000,13.019000
184,171,171,40ab962,571051,571385,583438,583538,12.053000,12.387000
184,71,71,4047960,593051,593385,601895,601995,8.510000,8.844000
184,132,132,4084961,604051,604385,613017,613117,8.632000,8.966000
184,338,338,4152962,624051,624377,639298,639398,14.921000,15.247000
184,322,322,4142963,677051,677385,689476,689576,12.091000,12.425000
184,372,372,4174960,684051,684377,696541,696641,12.164000,12.490000
184,21,21,4015962,697051,697385,709505,709605,12.120000,12.454000
184,152,152,4098961,795051,795377,803982,804082,8.605000,8.931000
184,102,102,4066962,816051,816385,828467,828567,12.082000,12.416000
184,374,374,4176960,1041051,1041377,1049868,1049968,8.491000,8.817000
185,305,305,4131963,30051,30385,38863,38963,8.478000,8.812000
185,343,343,4157961,35051,35385,47361,47461,11.976000,12.310000
185,190,190,40be962,44051,44385,53119,53219,8.734000,9.068000
185,239,239,40ef963,38992,39318,58810,58910,19.492000,19.818000
185,58,58,403a961,55051,55385,64572,64672,9.187000,9.521000
185,37,37,4025960,49051,49385,70307,70407,20.922000,21.256000
185,97,97,4061963,73051,73385,114201,114301,40.816000,41.150000
185,26,26,401a962,47051,47385,119901,120001,72.516000,72.850000
185,242,242,40f2963,69051,69385,125719,125819,56.334000,56.668000
185,160,160,40a0960,86051,86377,136872,136972,50.495000,50.821000
185,368,368,4170962,127051,127385,141708,141808,14.323000,14.657000
185,136,136,4088963,93051,93385,147521,147621,54.136000,54.470000
185,23,23,4017960,148051,148385,160536,160636,12.151000,12.485000
185,230,230,40e6963,98051,98385,165067,165167,66.682000,67.016000
185,52,52,4034961,105051,105385,170642,170742,65.257000,65.591000
185,4,4,4004962,68051,68385,175658,175758,107.273000,107.607000
185,77,77,404d960,172051,172377,185039,185139,12.662000,12.988000
185,64,64,4040960,118051,118385,190815,190915,72.430000,72.764000
185,173,173,40ad962,189051,189385,201094,201194,11.709000,12.043000
185,149,149,4095962,130039,130366,231092,231192,100.726000,101.053000
185,113,113,4071963,124051,124385,276232,276332,151.847000,152.181000
185,218,218,40da962,135051,135385,291339,291439,155.954000,156.288000
185,85,85,4055961,142051,142377,297258,297358,154.881000,155.207000
185,340,340,4154963,109051,109385,303102,303202,193.717000,194.051000
185,265,265,4109963,170051,170385,308921,309021,138.536000,138.870000
185,220,220,40dc961,84051,84385,314689,314789,230.304000,230.638000
185,14,14,400e961,107051,107385,320450,320550,213.065000,213.399000
185,25,25,4019963,36051,36385,326155,326255,289.770000,290.104000
185,169,169,40a9960,159051,159377,331974,332074,172.597000,172.923000
185,199,199,40c7962,49051,49385,343486,343586,294.101000,294.435000
185,274,274,4112960,201051,201377,355250,355350,153.873000,154.199000
185,395,395,418b963,211051,211385,362170,362270,150.785000,151.119000
185,154,154,409a961,195992,196318,368017,368117,171.699000,172.025000
185,302,302,412e961,188051,188385,377788,377888,189.403000,189.737000
185,178,178,40b2962,216028,216354,385490,385590,169.136000,169.462000
185,100,100,4064960,315051,315385,390021,390121,74.636000,74.970000
185,176,176,40b0961,250051,250377,394872,394972,144.495000,144.821000
185,82,82,4052960,382051,382377,399393,399493,17.016000,17.342000
185,241,241,40f1960,320051,320385,404251,404351,83.866000,84.200000
185,350,350,415e960,325051,325385,410031,410131,84.646000,84.980000
185,146,146,4092963,87051,87385,415807,415907,328.422000,328.756000
185,124,124,407c961,350051,350377,427329,427429,76.952000,77.278000
185,311,311,4137963,416051,416377,431837,431937,15.460000,15.786000
185,73,73,4049960,156051,156385,436634,436734,280.249000,280.583000
185,187,187,40bb961,371051,371377,496959,497059,125.582000,125.908000
185,289,289,4121961,351051,351377,506338,506438,154.961000,155.287000
185,347,347,415b963,559051,559377,571230,571330,11.853000,12.179000
185,71,71,4047960,593051,593385,601862,601962,8.477000,8.811000
185,215,215,40d7960,615051,615385,633485,633585,18.100000,18.434000
185,338,338,4152962,624051,624377,639265,639365,14.888000,15.214000
185,322,322,4142963,677051,677385,689446,689546,12.061000,12.395000
185,152,152,4098961,795051,795377,803949,804049,8.572000,8.898000
185,374,374,4176960,1041051,1041377,1049796,1049896,8.419000,8.745000
186,305,305,4131963,30051,30385,38867,38967,8.482000,8.816000
186,239,239,40ef963,38992,39318,53191,53291,13.873000,14.199000
186,242,242,40f2963,69051,69385,119851,119951,50.466000,50.800000
186,368,368,4170962,127051,127385,133768,133868,6.383000,6.717000
186,230,230,40e6963,98051,98385,161548,161648,63.163000,63.497000
186,77,77,404d960,172051,172377,178711,178811,6.334000,6.660000
186,173,173,40ad962,189051,189385,201094,201194,11.709000,12.043000
186,236,236,40ec963,100051,100377,220429,220529,120.052000,120.378000
186,398,398,418e961,138051,138385,231306,231406,92.921000,93.255000
186,113,113,4071963,124051,124385,273577,273677,149.192000,149.526000
186,218,218,40da962,135051,135385,291373,291473,155.988000,156.322000
186,14,14,400e961,107051,107385,314541,314641,207.156000,207.490000
186,395,395,418b963,211051,211385,362196,362296,150.811000,151.145000
186,302,302,412e961,188051,188385,377784,377884,189.399000,189.733000
186,176,176,40b0961,250051,250377,391405,391505,141.028000,141.354000
186,146,146,4092963,87051,87385,402707,402807,315.322000,315.656000
186,311,311,4137963,416051,416377,428157,428257,11.780000,12.106000
186,107,107,406b962,400051,400385,438491,438591,38.106000,38.440000
186,251,251,40fb961,479051,479377,491445,491545,12.068000,12.394000
186,347,347,415b963,559051,559377,571142,571242,11.765000,12.091000
186,71,71,4047960,593051,593385,601864,601964,8.479000,8.813000
186,215,215,40d7960,615051,615385,633506,633606,18.121000,18.455000
186,338,338,4152962,624051,624377,639225,639325,14.848000,15.174000
186,281,281,4119961,731051,731385,743363,743463,11.978000,12.312000
187,305,305,4131963,30051,30385,38863,38963,8.478000,8.812000
187,134,134,4086961,25051,25385,47316,47416,21.931000,22.265000
187,122,122,407a962,98051,98385,106807,106907,8.422000,8.756000
187,368,368,4170962,127051,127385,133839,133939,6.454000,6.788000
187,119,119,4077962,98051,98385,153199,153299,54.814000,55.148000
187,230,230,40e6963,98051,98385,161549,161649,63.164000,63.498000
187,77,77,404d960,172051,172377,178683,178783,6.306000,6.632000
187,173,173,40ad962,189051,189385,201132,201232,11.747000,12.081000
187,236,236,40ec963,100051,100377,220461,220561,120.084000,120.410000
187,398,398,418e961,138051,138385,231326,231426,92.941000,93.275000
187,275,275,4113963,107051,107385,242944,243044,135.559000,135.893000
187,113,113,4071963,124051,124385,273648,273748,149.263000,149.597000
187,218,218,40da962,135051,135385,291406,291506,156.021000,156.355000
187,179,179,40b3961,226051,226385,335569,335669,109.184000,109.518000
187,395,395,418b963,211051,211385,362177,362277,150.792000,151.126000
187,233,233,40e9961,347051,347385,427192,427292,79.807000,80.141000
187,311,311,4137963,416051,416377,431700,431800,15.323000,15.649000
187,107,107,406b962,400051,400385,438487,438587,38.102000,38.436000
187,296,296,4128962,423051,423377,462085,462185,38.708000,39.034000
187,251,251,40fb961,479051,479377,491465,491565,12.088000,12.414000
187,347,347,415b963,559051,559377,571156,571256,11.779000,12.105000
187,71,71,4047960,593051,593385,601824,601924,8.439000,8.773000
187,338,338,4152962,624051,624377,639236,639336,14.859000,15.185000
187,281,281,4119961,731051,731385,743336,743436,11.951000,12.285000
188,134,134,4086961,25051,25385,43343,43443,17.958000,18.292000
188,122,122,407a962,98051,98385,106741,106841,8.356000,8.690000
188,119,119,4077962,98051,98385,111604,111704,13.219000,13.553000
188,275,275,4113963,107051,107385,117410,117510,10.025000,10.359000
188,179,179,40b3961,226051,226385,320483,320583,94.098000,94.432000
188,272,272,4110961,323051,323385,408309,408409,84.924000,85.258000
188,233,233,40e9961,347051,347385,414039,414139,66.654000,66.988000
188,296,296,4128962,423051,423377,462053,462153,38.676000,39.002000
189,32,32,4020961,54051,54385,76273,76373,21.888000,22.222000
189,101,101,4065960,255051,255385,268428,268528,13.043000,13.377000
189,365,365,416d960,324051,324377,359228,359328,34.851000,35.177000
189,272,272,4110961,323051,323385,408305,408405,84.920000,85.254000
189,269,269,410d960,382051,382385,461076,461176,78.691000,79.025000
189,389,389,4185963,604051,604385,616501,616601,12.116000,12.450000
189,323,323,4143960,889051,889385,897866,897966,8.481000,8.815000
190,32,32,4020961,54051,54385,76267,76367,21.882000,22.216000
190,191,191,40bf963,143051,143385,154738,154838,11.353000,11.687000
190,101,101,4065960,255051,255385,268443,268543,13.058000,13.392000
190,365,365,416d960,324051,324377,359253,359353,34.876000,35.202000
190,269,269,410d960,382051,382385,461064,461164,78.679000,79.013000
190,389,389,4185963,604051,604385,616462,616562,12.077000,12.411000
190,194,194,40c2960,688051,688377,694678,694778,6.301000,6.627000
190,323,323,4143960,889051,889385,897881,897981,8.496000,8.830000
191,191,191,40bf963,143051,143385,154785,154885,11.400000,11.734000
191,194,194,40c2960,688051,688377,694638,694738,6.261000,6.587000
196,29,29,401d963,32050,32385,44348,44448,11.963000,12.298000
196,56,56,4038960,116051,116385,150155,150255,33.770000,34.104000
196,221,221,40dd961,153051,153377,159689,159789,6.312000,6.638000
196,173,173,40ad962,189051,189385,203204,203304,13.819000,14.153000
196,143,143,408f962,209051,209385,217690,217790,8.305000,8.639000
196,59,59,403b962,236051,236385,244891,244991,8.506000,8.840000
196,77,77,404d960,172051,172377,299651,299751,127.274000,127.600000
196,263,263,4107960,146051,146377,319953,320053,173.576000,173.902000
196,338,338,4152962,624051,624377,632771,632871,8.394000,8.720000
197,29,29,401d963,32050,32385,44348,44448,11.963000,12.298000
197,56,56,4038960,116051,116385,150155,150255,33.770000,34.104000
197,221,221,40dd961,153051,153377,159689,159789,6.312000,6.638000
197,173,173,40ad962,189051,189385,203204,203304,13.819000,14.153000
197,143,143,408f962,209051,209385,217690,217790,8.305000,8.639000
197,59,59,403b962,236051,236385,244891,244991,8.506000,8.840000
197,77,77,404d960,172051,172377,299651,299751,127.274000,127.600000
197,263,263,4107960,146051,146377,319953,320053,173.576000,173.902000
197,338,338,4152962,624051,624377,632771,632871,8.394000,8.720000
198,343,343,4157961,35051,35385,44443,44543,9.058000,9.392000
198,29,29,401d963,32050,32385,50185,50285,17.800000,18.135000
198,25,25,4019963,36051,36385,56060,56160,19.675000,20.009000
198,37,37,4025960,49051,49385,61802,61902,12.417000,12.751000
198,58,58,403a961,55051,55385,67587,67687,12.202000,12.536000
198,4,4,4004962,68051,68385,72364,72464,3.979000,4.313000
198,190,190,40be962,44051,44385,77029,77129,32.644000,32.978000
198,229,229,40e5961,65051,65385,100110,100210,34.725000,35.059000
198,199,199,40c7962,49051,49385,105991,106091,56.606000,56.940000
198,52,52,4034961,105051,105385,117535,117635,12.150000,12.484000
198,340,340,4154963,109051,109385,122078,122178,12.693000,13.027000
198,64,64,4040960,118051,118385,132702,132802,14.317000,14.651000
198,160,160,40a0960,86051,86377,138531,138631,52.154000,52.480000
198,97,97,4061963,73051,73385,150038,150138,76.653000,76.987000
198,56,56,4038960,116051,116385,155864,155964,39.479000,39.813000
198,221,221,40dd961,153051,153377,161665,161765,8.288000,8.614000
198,173,173,40ad962,189051,189385,209233,209333,19.848000,20.182000
198,143,143,408f962,209051,209385,217645,217745,8.260000,8.594000
198,178,178,40b2962,216028,216354,225156,225256,8.802000,9.128000
198,169,169,40a9960,159051,159377,230193,230293,70.816000,71.142000
198,59,59,403b962,236051,236385,249513,249613,13.128000,13.462000
198,220,220,40dc961,84051,84385,255911,256011,171.526000,171.860000
198,77,77,404d960,172051,172377,299716,299816,127.339000,127.665000
198,85,85,4055961,142051,142377,307021,307121,164.644000,164.970000
198,263,263,4107960,146051,146377,322050,322150,175.673000,175.999000
198,274,274,4112960,201051,201377,327137,327237,125.760000,126.086000
198,103,103,4067961,328051,328385,337015,337115,8.630000,8.964000
198,241,241,40f1960,320051,320385,352465,352565,32.080000,32.414000
198,265,265,4109963,170051,170385,358303,358403,187.918000,188.252000
198,100,100,4064960,315051,315385,382519,382619,67.134000,67.468000
198,124,124,407c961,350051,350377,426500,426600,76.123000,76.449000
198,289,289,4121961,351051,351377,466915,467015,115.538000,115.864000
198,328,328,4148960,342051,342377,472980,473080,130.603000,130.929000
198,187,187,40bb961,371051,371377,518742,518843,147.365000,147.691000
198,338,338,4152962,624051,624377,632854,632954,8.477000,8.803000
198,322,322,4142963,677051,677385,685896,685996,8.511000,8.845000
199,27,27,401b961,32050,32385,38701,38801,6.316000,6.651000
199,343,343,4157961,35051,35385,44392,44492,9.007000,9.341000
199,29,29,401d963,32050,32385,50184,50284,17.799000,18.134000
199,25,25,4019963,36051,36385,56009,56109,19.624000,19.958000
199,37,37,4025960,49051,49385,61801,61901,12.416000,12.750000
199,58,58,403a961,55051,55385,67536,67636,12.151000,12.485000
199,4,4,4004962,68051,68385,72341,72441,3.956000,4.290000
199,190,190,40be962,44051,44385,76988,77088,32.603000,32.937000
199,36,36,4024960,70051,70385,82807,82907,12.422000,12.756000
199,42,42,402a960,59051,59385,88589,88689,29.204000,29.538000
199,120,120,4078960,75051,75385,94326,94426,18.941000,19.275000
199,229,229,40e5961,65051,65385,100108,100208,34.723000,35.057000
199,199,199,40c7962,49051,49385,105988,106088,56.603000,56.937000
199,228,228,40e4962,82051,82385,111769,111869,29.384000,29.718000
199,52,52,4034961,105051,105385,117506,117606,12.121000,12.455000
199,340,340,4154963,109051,109385,122063,122163,12.678000,13.012000
199,135,135,4087963,67051,67385,126956,127056,59.571000,59.905000
199,64,64,4040960,118051,118385,132702,132802,14.317000,14.651000
199,160,160,40a0960,86051,86377,138531,138631,52.154000,52.480000
199,97,97,4061963,73051,73385,150038,150138,76.653000,76.987000
199,56,56,4038960,116051,116385,155864,155964,39.479000,39.813000
199,221,221,40dd961,153051,153377,161665,161765,8.288000,8.614000
199,18,18,4012960,60051,60385,167491,167591,107.106000,107.440000
199,138,138,408a963,177051,177385,185960,186060,8.575000,8.909000
199,300,300,412c963,107051,107385,191786,191886,84.401000,84.735000
199,69,69,4045961,155051,155385,197591,197691,42.206000,42.540000
199,72,72,4048961,94051,94385,203417,203517,109.032000,109.366000
199,173,173,40ad962,189051,189385,209222,209322,19.837000,20.171000
199,141,141,408d963,202051,202385,215048,215148,12.663000,12.997000
199,143,143,408f962,209051,209385,219558,219658,10.173000,10.507000
199,51,51,4033962,200051,200385,224433,224533,24.048000,24.382000
199,178,178,40b2962,216028,216354,228990,229090,12.636000,12.962000
199,169,169,40a9960,159051,159377,233918,234018,74.541000,74.867000
199,156,156,409c960,213051,213377,238749,238849,25.372000,25.698000
199,378,378,417a960,218051,218385,243690,243790,25.305000,25.639000
199,59,59,403b962,236051,236385,249535,249635,13.150000,13.484000
199,220,220,40dc961,84051,84385,255964,256064,171.579000,171.913000
199,12,12,400c961,176051,176385,263294,263394,86.909000,87.243000
199,159,159,409f963,252051,252385,267856,267956,15.471000,15.805000
199,384,384,4180963,107051,107377,275285,275385,167.908000,168.234000
199,288,288,4120963,260051,260376,279829,279929,19.453000,19.778000
199,77,77,404d960,172051,172377,299738,299838,127.361000,127.687000
199,85,85,4055961,142051,142377,307070,307170,164.693000,165.019000
199,48,48,4030962,146051,146385,311932,312032,165.547000,165.881000
199,393,393,4189961,164051,164385,316476,316576,152.091000,152.425000
199,108,108,406c962,113051,113385,321388,321488,208.003000,208.337000
199,263,263,4107960,146051,146377,325950,326050,179.573000,179.899000
199,274,274,4112960,201051,201377,330812,330912,129.435000,129.761000
199,103,103,4067961,328051,328385,337025,337125,8.640000,8.974000
199,241,241,40f1960,320051,320385,352470,352570,32.085000,32.419000
199,265,265,4109963,170051,170385,358313,358413,187.928000,188.262000
199,309,309,4135960,278051,278385,370930,371030,92.545000,92.879000
199,57,57,4039961,232051,232385,376773,376873,144.388000,144.722000
199,100,100,4064960,315051,315385,382524,382624,67.139000,67.473000
199,124,124,407c961,350051,350377,426510,426610,76.133000,76.459000
199,264,264,4108960,417051,417377,437987,438087,20.610000,20.936000
199,366,366,416e961,331051,331377,457422,457522,126.045000,126.371000
199,289,289,4121961,351051,351377,466948,467048,115.571000,115.897000
199,328,328,4148960,342051,342377,472970,473070,130.593000,130.919000
199,222,222,40de960,471051,471385,480008,480108,8.623000,8.957000
199,33,33,4021961,359051,359385,485899,485999,126.514000,126.848000
199,187,187,40bb961,371051,371377,518776,518876,147.399000,147.725000
199,195,195,40c3960,425051,425377,524720,524820,99.343000,99.669000
199,234,234,40ea961,563051,563385,575141,575241,11.756000,12.090000
199,171,171,40ab962,571051,571385,579558,579658,8.173000,8.507000
199,132,132,4084961,604051,604385,619982,620082,15.597000,15.931000
199,338,338,4152962,624051,624377,632773,632873,8.396000,8.722000
199,322,322,4142963,677051,677385,685870,685970,8.485000,8.819000
199,372,372,4174960,684051,684377,692806,692906,8.429000,8.755000
199,21,21,4015962,697051,697385,705950,706050,8.565000,8.899000
199,102,102,4066962,816051,816385,824932,825032,8.547000,8.881000
200,29,29,401d963,32050,32385,38786,38886,6.401000,6.736000
200,343,343,4157961,35051,35385,47381,47481,11.996000,12.330000
200,25,25,4019963,36051,36385,53139,53239,16.754000,17.088000
200,190,190,40be962,44051,44385,59030,59130,14.645000,14.979000
200,37,37,4025960,49051,49385,64788,64888,15.403000,15.737000
200,27,27,401b961,32050,32385,70479,70579,38.094000,38.429000
200,58,58,403a961,55051,55385,76237,76337,20.852000,21.186000
200,229,229,40e5961,65051,65385,80728,80828,15.343000,15.677000
200,135,135,4087963,67051,67385,85565,85665,18.180000,18.514000
200,42,42,402a960,59051,59385,90074,90174,30.689000,31.023000
200,120,120,4078960,75051,75385,94896,94996,19.511000,19.845000
200,36,36,4024960,70051,70385,99387,99487,29.002000,29.336000
200,97,97,4061963,73051,73385,104224,104324,30.839000,31.173000
200,228,228,40e4962,82051,82385,110003,110103,27.618000,27.952000
200,72,72,4048961,94051,94385,115983,116083,21.598000,21.932000
200,384,384,4180963,107051,107377,125116,125216,17.739000,18.065000
200,4,4,4004962,68051,68385,130872,130972,62.487000,62.821000
200,108,108,406c962,113051,113385,136651,136751,23.266000,23.600000
200,160,160,40a0960,86051,86377,141159,141259,54.782000,55.108000
200,18,18,4012960,60051,60385,145957,146057,85.572000,85.906000
200,64,64,4040960,118051,118385,151715,151815,33.330000,33.664000
200,56,56,4038960,116051,116385,157402,157502,41.017000,41.351000
200,69,69,4045961,155051,155385,163771,163871,8.386000,8.720000
200,52,52,4034961,105051,105385,168292,168392,62.907000,63.241000
200,77,77,404d960,172051,172377,180792,180892,8.415000,8.741000
200,12,12,400c961,176051,176385,186603,186703,10.218000,10.552000
200,138,138,408a963,177051,177385,191111,191211,13.726000,14.060000
200,173,173,40ad962,189051,189385,201148,201248,11.763000,12.097000
200,274,274,4112960,201051,201377,205609,205709,4.232000,4.558000
200,141,141,408d963,202051,202385,214303,214403,11.918000,12.252000
200,221,221,40dd961,153051,153377,219154,219254,65.777000,66.103000
200,143,143,408f962,209051,209385,223740,223840,14.355000,14.689000
200,85,85,4055961,142051,142377,228633,228733,86.256000,86.582000
200,378,378,417a960,218051,218385,233164,233264,14.779000,15.113000
200,265,265,4109963,170051,170385,238015,238115,67.630000,67.964000
200,300,300,412c963,107051,107385,242601,242701,135.216000,135.550000
200,51,51,4033962,200051,200385,247494,247594,47.109000,47.443000
200,59,59,403b962,236051,236385,253270,253370,16.885000,17.219000
200,220,220,40dc961,84051,84385,259149,259249,174.764000,175.098000
200,169,169,40a9960,159051,159377,264901,265001,105.524000,105.850000
200,159,159,409f963,252051,252385,270780,270880,18.395000,18.729000
200,340,340,4154963,109051,109385,276660,276760,167.275000,167.609000
200,288,288,4120963,260051,260376,282647,282747,22.271000,22.596000
200,199,199,40c7962,49051,49385,309126,309226,259.741000,260.075000
200,48,48,4030962,146051,146385,314272,314372,167.887000,168.221000
200,57,57,4039961,232051,232385,319146,319246,86.761000,87.095000
200,393,393,4189961,164051,164385,324941,325041,160.556000,160.890000
200,263,263,4107960,146051,146377,330858,330958,184.481000,184.807000
200,309,309,4135960,278051,278385,336808,336908,58.423000,58.757000
200,103,103,4067961,328051,328385,341394,341494,13.009000,13.343000
200,178,178,40b2962,216028,216354,349526,349626,133.172000,133.498000
200,124,124,407c961,350051,350377,358974,359074,8.597000,8.923000
200,33,33,4021961,359051,359385,363735,363835,4.350000,4.684000
200,328,328,4148960,342051,342377,373763,373863,31.386000,31.712000
200,187,187,40bb961,371051,371377,378502,378602,7.125000,7.451000
200,100,100,4064960,315051,315385,385629,385729,70.244000,70.578000
200,241,241,40f1960,320051,320385,391907,392007,71.522000,71.856000
200,366,366,416e961,331051,331377,420494,420594,89.117000,89.443000
200,156,156,409c960,213051,213377,439157,439257,225.780000,226.106000
200,264,264,4108960,417051,417377,461889,461989,44.512000,44.838000
200,289,289,4121961,351051,351377,479524,479624,128.147000,128.473000
200,222,222,40de960,471051,471385,512353,512454,40.968000,41.302000
200,195,195,40c3960,425051,425377,528239,528339,102.862000,103.188000
200,234,234,40ea961,563051,563385,567689,567789,4.304000,4.638000
200,171,171,40ab962,571051,571385,583495,583595,12.110000,12.444000
200,132,132,4084961,604051,604385,613045,613145,8.660000,8.994000
200,338,338,4152962,624051,624377,636416,636516,12.039000,12.365000
200,322,322,4142963,677051,677385,689488,689588,12.103000,12.437000
200,372,372,4174960,684051,684377,696564,696664,12.187000,12.513000
200,21,21,4015962,697051,697385,709517,709617,12.132000,12.466000
200,102,102,4066962,816051,816385,828502,828602,12.117000,12.451000
201,29,29,401d963,32050,32385,38786,38886,6.401000,6.736000
201,343,343,4157961,35051,35385,47381,47481,11.996000,12.330000
201,25,25,4019963,36051,36385,53139,53239,16.754000,17.088000
201,190,190,40be962,44051,44385,59030,59130,14.645000,14.979000
201,37,37,4025960,49051,49385,64788,64888,15.403000,15.737000
201,58,58,403a961,55051,55385,76238,76338,20.853000,21.187000
201,229,229,40e5961,65051,65385,80772,80872,15.387000,15.721000
201,97,97,4061963,73051,73385,100688,100788,27.303000,27.637000
201,4,4,4004962,68051,68385,130872,130972,62.487000,62.821000
201,160,160,40a0960,86051,86377,136910,137010,50.533000,50.859000
201,64,64,4040960,118051,118385,151715,151815,33.330000,33.664000
201,56,56,4038960,116051,116385,157402,157502,41.017000,41.351000
201,52,52,4034961,105051,105385,167248,167348,61.863000,62.197000
201,77,77,404d960,172051,172377,180831,180931,8.454000,8.780000
201,173,173,40ad962,189051,189385,201110,201210,11.725000,12.059000
201,274,274,4112960,201051,201377,205536,205636,4.159000,4.485000
201,221,221,40dd961,153051,153377,219121,219221,65.744000,66.070000
201,143,143,408f962,209051,209385,223708,223808,14.323000,14.657000
201,85,85,4055961,142051,142377,228601,228701,86.224000,86.550000
201,265,265,4109963,170051,170385,234409,234509,64.024000,64.358000
201,59,59,403b962,236051,236385,253333,253433,16.948000,17.282000
201,220,220,40dc961,84051,84385,259138,259238,174.753000,175.087000
201,169,169,40a9960,159051,159377,264964,265064,105.587000,105.913000
201,340,340,4154963,109051,109385,276660,276760,167.275000,167.609000
201,199,199,40c7962,49051,49385,309137,309237,259.752000,260.086000
201,263,263,4107960,146051,146377,330841,330941,184.464000,184.790000
201,103,103,4067961,328051,328385,340224,340324,11.839000,12.173000
201,178,178,40b2962,216028,216354,349478,349578,133.124000,133.450000
201,124,124,407c961,350051,350377,358962,359062,8.585000,8.911000
201,328,328,4148960,342051,342377,373710,373810,31.333000,31.659000
201,187,187,40bb961,371051,371377,378460,378560,7.083000,7.409000
201,100,100,4064960,315051,315385,385654,385754,70.269000,70.603000
201,241,241,40f1960,320051,320385,391966,392066,71.581000,71.915000
201,289,289,4121961,351051,351377,479549,479649,128.172000,128.498000
201,338,338,4152962,624051,624377,636407,636507,12.030000,12.356000
201,322,322,4142963,677051,677385,689500,689600,12.115000,12.449000
202,29,29,401d963,32050,32385,38786,38886,6.401000,6.736000
202,56,56,4038960,116051,116385,148321,148421,31.936000,32.270000
202,77,77,404d960,172051,172377,180789,180889,8.412000,8.738000
202,173,173,40ad962,189051,189385,201148,201248,11.763000,12.097000
202,221,221,40dd961,153051,153377,219105,219205,65.728000,66.054000
202,143,143,408f962,209051,209385,223636,223736,14.251000,14.585000
202,59,59,403b962,236051,236385,248379,248479,11.994000,12.328000
202,263,263,4107960,146051,146377,330808,330908,184.431000,184.757000
202,338,338,4152962,624051,624377,636328,636428,11.951000,12.277000
203,29,29,401d963,32050,32385,38786,38886,6.401000,6.736000
203,56,56,4038960,116051,116385,148321,148421,31.936000,32.270000
203,77,77,404d960,172051,172377,180789,180889,8.412000,8.738000
203,173,173,40ad962,189051,189385,201148,201248,11.763000,12.097000
203,221,221,40dd961,153051,153377,219105,219205,65.728000,66.054000
203,143,143,408f962,209051,209385,223637,223737,14.252000,14.586000
203,59,59,403b962,236051,236385,248379,248479,11.994000,12.328000
203,263,263,4107960,146051,146377,330808,330908,184.431000,184.757000
203,338,338,4152962,624051,624377,636328,636428,11.951000,12.277000
212,29,29,401d963,32050,32385,44352,44452,11.967000,12.302000
212,128,128,4080961,105051,105377,139838,139938,34.461000,34.787000
212,56,56,4038960,116051,116385,150158,150258,33.773000,34.107000
212,221,221,40dd961,153051,153377,159642,159742,6.265000,6.591000
212,143,143,408f962,209051,209385,217690,217790,8.305000,8.639000
212,59,59,403b962,236051,236385,244895,244995,8.510000,8.844000
212,167,167,40a7963,274051,274385,282923,283023,8.538000,8.872000
212,263,263,4107960,146051,146377,319953,320053,173.576000,173.902000
212,50,50,4032961,384051,384385,400992,401092,16.607000,16.941000
212,92,92,405c961,550051,550377,562154,562254,11.777000,12.103000
213,29,29,401d963,32050,32385,44348,44448,11.963000,12.298000
213,128,128,4080961,105051,105377,139834,139934,34.457000,34.783000
213,56,56,4038960,116051,116385,150154,150254,33.769000,34.103000
213,221,221,40dd961,153051,153377,159638,159738,6.261000,6.587000
213,143,143,408f962,209051,209385,217690,217790,8.305000,8.639000
213,59,59,403b962,236051,236385,244891,244991,8.506000,8.840000
213,167,167,40a7963,274051,274385,282919,283019,8.534000,8.868000
213,263,263,4107960,146051,146377,319953,320053,173.576000,173.902000
213,50,50,4032961,384051,384385,400992,401092,16.607000,16.941000
213,92,92,405c961,550051,550377,562154,562254,11.777000,12.103000
214,343,343,4157961,35051,35385,44447,44547,9.062000,9.396000
214,29,29,401d963,32050,32385,50189,50289,17.804000,18.139000
214,37,37,4025960,49051,49385,61805,61905,12.420000,12.754000
214,229,229,40e5961,65051,65385,100090,100190,34.705000,35.039000
214,199,199,40c7962,49051,49385,105996,106096,56.611000,56.945000
214,52,52,4034961,105051,105385,117463,117563,12.078000,12.412000
214,340,340,4154963,109051,109385,121997,122097,12.612000,12.946000
214,160,160,40a0960,86051,86377,138488,138588,52.111000,52.437000
214,128,128,4080961,105051,105377,144258,144358,38.881000,39.207000
214,97,97,4061963,73051,73385,150006,150106,76.621000,76.955000
214,56,56,4038960,116051,116385,155782,155882,39.397000,39.731000
214,221,221,40dd961,153051,153377,161633,161733,8.256000,8.582000
214,143,143,408f962,209051,209385,217619,217719,8.234000,8.568000
214,178,178,40b2962,216028,216354,225107,225207,8.753000,9.079000
214,169,169,40a9960,159051,159377,230174,230274,70.797000,71.123000
214,59,59,403b962,236051,236385,249470,249570,13.085000,13.419000
214,220,220,40dc961,84051,84385,255892,255992,171.507000,171.841000
214,167,167,40a7963,274051,274385,282918,283018,8.533000,8.867000
214,85,85,4055961,142051,142377,306995,307095,164.618000,164.944000
214,263,263,4107960,146051,146377,322001,322101,175.624000,175.950000
214,103,103,4067961,328051,328385,336985,337085,8.600000,8.934000
214,241,241,40f1960,320051,320385,352485,352585,32.100000,32.434000
214,100,100,4064960,315051,315385,382500,382600,67.115000,67.449000
214,50,50,4032961,384051,384385,400993,401093,16.608000,16.942000
214,328,328,4148960,342051,342377,472913,473013,130.536000,130.862000
214,92,92,405c961,550051,550377,562160,562260,11.783000,12.109000
214,322,322,4142963,677051,677385,685877,685977,8.492000,8.826000
215,27,27,401b961,32050,32385,38701,38801,6.316000,6.651000
215,343,343,4157961,35051,35385,44392,44492,9.007000,9.341000
215,29,29,401d963,32050,32385,50184,50284,17.799000,18.134000
215,37,37,4025960,49051,49385,61802,61902,12.417000,12.751000
215,36,36,4024960,70051,70385,82811,82911,12.426000,12.760000
215,42,42,402a960,59051,59385,88567,88667,29.182000,29.516000
215,120,120,4078960,75051,75385,94330,94430,18.945000,19.279000
215,229,229,40e5961,65051,65385,100086,100186,34.701000,35.035000
215,199,199,40c7962,49051,49385,105992,106092,56.607000,56.941000
215,228,228,40e4962,82051,82385,111747,111847,29.362000,29.696000
215,52,52,4034961,105051,105385,117510,117610,12.125000,12.459000
215,340,340,4154963,109051,109385,122001,122101,12.616000,12.950000
215,135,135,4087963,67051,67385,126859,126959,59.474000,59.808000
215,160,160,40a0960,86051,86377,138484,138584,52.107000,52.433000
215,128,128,4080961,105051,105377,144254,144354,38.877000,39.203000
215,97,97,4061963,73051,73385,150002,150102,76.617000,76.951000
215,56,56,4038960,116051,116385,155778,155878,39.393000,39.727000
215,221,221,40dd961,153051,153377,161629,161729,8.252000,8.578000
215,18,18,4012960,60051,60385,167405,167505,107.020000,107.354000
215,138,138,408a963,177051,177385,185924,186024,8.539000,8.873000
215,300,300,412c963,107051,107385,191700,191800,84.315000,84.649000
215,69,69,4045961,155051,155385,197555,197655,42.170000,42.504000
215,72,72,4048961,94051,94385,203331,203431,108.946000,109.280000
215,141,141,408d963,202051,202385,215001,215101,12.616000,12.950000
215,143,143,408f962,209051,209385,219487,219587,10.102000,10.436000
215,51,51,4033962,200051,200385,224311,224411,23.926000,24.260000
215,178,178,40b2962,216028,216354,228844,228944,12.490000,12.816000
215,169,169,40a9960,159051,159377,233721,233821,74.344000,74.670000
215,156,156,409c960,213051,213377,238531,238631,25.154000,25.480000
215,378,378,417a960,218051,218385,243422,243522,25.037000,25.371000
215,59,59,403b962,236051,236385,249512,249612,13.127000,13.461000
215,220,220,40dc961,84051,84385,255917,256017,171.532000,171.866000
215,12,12,400c961,176051,176385,263271,263371,86.886000,87.220000
215,159,159,409f963,252051,252385,267780,267880,15.395000,15.729000
215,384,384,4180963,107051,107377,275262,275362,167.885000,168.211000
215,288,288,4120963,260051,260376,279753,279853,19.377000,19.702000
215,167,167,40a7963,274051,274385,284674,284774,10.289000,10.623000
215,85,85,4055961,142051,142377,307021,307121,164.644000,164.970000
215,48,48,4030962,146051,146385,311862,311962,165.477000,165.811000
215,393,393,4189961,164051,164385,316353,316453,151.968000,152.302000
215,108,108,406c962,113051,113385,321244,321344,207.859000,208.193000
215,263,263,4107960,146051,146377,325753,325853,179.376000,179.702000
215,103,103,4067961,328051,328385,336986,337086,8.601000,8.935000
215,241,241,40f1960,320051,320385,352491,352591,32.106000,32.440000
215,309,309,4135960,278051,278385,370907,371007,92.522000,92.856000
215,57,57,4039961,232051,232385,376726,376826,144.341000,144.675000
215,100,100,4064960,315051,315385,382501,382601,67.116000,67.450000
215,50,50,4032961,384051,384385,400953,401053,16.568000,16.902000
215,264,264,4108960,417051,417377,438044,438144,20.667000,20.993000
215,366,366,416e961,331051,331377,457361,457461,125.984000,126.310000
215,328,328,4148960,342051,342377,472899,472999,130.522000,130.848000
215,222,222,40de960,471051,471385,479949,480049,8.564000,8.898000
215,33,33,4021961,359051,359385,485828,485928,126.443000,126.777000
215,195,195,40c3960,425051,425377,524693,524793,99.316000,99.642000
215,92,92,405c961,550051,550377,562199,562299,11.822000,12.148000
215,234,234,40ea961,563051,563385,575141,575241,11.756000,12.090000
215,171,171,40ab962,571051,571385,579539,579639,8.154000,8.488000
215,132,132,4084961,604051,604385,620013,620113,15.628000,15.962000
215,322,322,4142963,677051,677385,685917,686017,8.532000,8.866000
215,372,372,4174960,684051,684377,692829,692929,8.452000,8.778000
215,21,21,4015962,697051,697385,705997,706097,8.612000,8.946000
215,102,102,4066962,816051,816385,824955,825055,8.570000,8.904000
216,29,29,401d963,32050,32385,38790,38890,6.405000,6.740000
216,343,343,4157961,35051,35385,47385,47485,12.000000,12.334000
216,37,37,4025960,49051,49385,64792,64892,15.407000,15.741000
216,27,27,401b961,32050,32385,70483,70583,38.098000,38.433000
216,229,229,40e5961,65051,65385,77235,77335,11.850000,12.184000
216,135,135,4087963,67051,67385,82112,82212,14.727000,15.061000
216,42,42,402a960,59051,59385,86599,86699,27.214000,27.548000
216,120,120,4078960,75051,75385,91423,91523,16.038000,16.372000
216,36,36,4024960,70051,70385,95957,96057,25.572000,25.906000
216,97,97,4061963,73051,73385,100834,100934,27.449000,27.783000
216,228,228,40e4962,82051,82385,110020,110120,27.635000,27.969000
216,128,128,4080961,105051,105377,114530,114630,9.153000,9.479000
216,72,72,4048961,94051,94385,119386,119486,25.001000,25.335000
216,384,384,4180963,107051,107377,125097,125197,17.720000,18.046000
216,108,108,406c962,113051,113385,136631,136731,23.246000,23.580000
216,160,160,40a0960,86051,86377,141123,141223,54.746000,55.072000
216,18,18,4012960,60051,60385,145964,146064,85.579000,85.913000
216,56,56,4038960,116051,116385,157481,157581,41.096000,41.430000
216,69,69,4045961,155051,155385,163812,163912,8.427000,8.761000
216,52,52,4034961,105051,105385,168322,168422,62.937000,63.271000
216,12,12,400c961,176051,176385,186583,186683,10.198000,10.532000
216,138,138,408a963,177051,177385,191075,191175,13.690000,14.024000
216,141,141,408d963,202051,202385,214277,214377,11.892000,12.226000
216,221,221,40dd961,153051,153377,219079,219179,65.702000,66.028000
216,143,143,408f962,209051,209385,223643,223743,14.258000,14.592000
216,85,85,4055961,142051,142377,228490,228590,86.113000,86.439000
216,378,378,417a960,218051,218385,232999,233099,14.614000,14.948000
216,300,300,412c963,107051,107385,238736,238836,131.351000,131.685000
216,51,51,4033962,200051,200385,244219,244319,43.834000,44.168000
216,59,59,403b962,236051,236385,253290,253390,16.905000,17.239000
216,220,220,40dc961,84051,84385,259119,259219,174.734000,175.068000
216,169,169,40a9960,159051,159377,264921,265021,105.544000,105.870000
216,159,159,409f963,252051,252385,270750,270850,18.365000,18.699000
216,340,340,4154963,109051,109385,276680,276780,167.295000,167.629000
216,288,288,4120963,260051,260376,282617,282717,22.241000,22.566000
216,167,167,40a7963,274051,274385,288443,288543,14.058000,14.392000
216,199,199,40c7962,49051,49385,309107,309207,259.722000,260.056000
216,48,48,4030962,146051,146385,314223,314323,167.838000,168.172000
216,57,57,4039961,232051,232385,319079,319179,86.694000,87.028000
216,393,393,4189961,164051,164385,324895,324995,160.510000,160.844000
216,263,263,4107960,146051,146377,330837,330937,184.460000,184.786000
216,309,309,4135960,278051,278385,336762,336862,58.377000,58.711000
216,103,103,4067961,328051,328385,341326,341426,12.941000,13.275000
216,178,178,40b2962,216028,216354,349483,349583,133.129000,133.455000
216,33,33,4021961,359051,359385,363720,363820,4.335000,4.669000
216,328,328,4148960,342051,342377,373702,373802,31.325000,31.651000
216,100,100,4064960,315051,315385,385603,385703,70.218000,70.552000
216,50,50,4032961,384051,384385,389999,390099,5.614000,5.948000
216,241,241,40f1960,320051,320385,394694,394794,74.309000,74.643000
216,366,366,416e961,331051,331377,420483,420583,89.106000,89.432000
216,156,156,409c960,213051,213377,439174,439274,225.797000,226.123000
216,264,264,4108960,417051,417377,461878,461978,44.501000,44.827000
216,222,222,40de960,471051,471385,512396,512497,41.011000,41.345000
216,195,195,40c3960,425051,425377,528254,528354,102.877000,103.203000
216,92,92,405c961,550051,550377,554333,554433,3.956000,4.282000
216,234,234,40ea961,563051,563385,567661,567761,4.276000,4.610000
216,171,171,40ab962,571051,571385,583432,583532,12.047000,12.381000
216,132,132,4084961,604051,604385,612986,613086,8.601000,8.935000
216,322,322,4142963,677051,677385,689428,689528,12.043000,12.377000
216,372,372,4174960,684051,684377,696450,696550,12.073000,12.399000
216,21,21,4015962,697051,697385,709457,709557,12.072000,12.406000
216,102,102,4066962,816051,816385,828388,828488,12.003000,12.337000
217,29,29,401d963,32050,32385,38786,38886,6.401000,6.736000
217,343,343,4157961,35051,35385,47381,47481,11.996000,12.330000
217,37,37,4025960,49051,49385,64788,64888,15.403000,15.737000
217,229,229,40e5961,65051,65385,77196,77296,11.811000,12.145000
217,97,97,4061963,73051,73385,100649,100749,27.264000,27.598000
217,128,128,4080961,105051,105377,113622,113722,8.245000,8.571000
217,160,160,40a0960,86051,86377,136909,137009,50.532000,50.858000
217,56,56,4038960,116051,116385,157477,157577,41.092000,41.426000
217,52,52,4034961,105051,105385,167171,167271,61.786000,62.120000
217,221,221,40dd961,153051,153377,219074,219174,65.697000,66.023000
217,143,143,408f962,209051,209385,223637,223737,14.252000,14.586000
217,85,85,4055961,142051,142377,228479,228579,86.102000,86.428000
217,59,59,403b962,236051,236385,253247,253347,16.862000,17.196000
217,220,220,40dc961,84051,84385,259102,259202,174.717000,175.051000
217,169,169,40a9960,159051,159377,264878,264978,105.501000,105.827000
217,340,340,4154963,109051,109385,276676,276776,167.291000,167.625000
217,167,167,40a7963,274051,274385,288400,288500,14.015000,14.349000
217,199,199,40c7962,49051,49385,309090,309190,259.705000,260.039000
217,263,263,4107960,146051,146377,330818,330918,184.441000,184.767000
217,103,103,4067961,328051,328385,340175,340275,11.790000,12.124000
217,178,178,40b2962,216028,216354,349455,349555,133.101000,133.427000
217,328,328,4148960,342051,342377,373636,373736,31.259000,31.585000
217,100,100,4064960,315051,315385,385628,385728,70.243000,70.577000
217,50,50,4032961,384051,384385,390334,390434,5.949000,6.283000
217,241,241,40f1960,320051,320385,395001,395101,74.616000,74.950000
217,92,92,405c961,550051,550377,554699,554799,4.322000,4.648000
217,322,322,4142963,677051,677385,689461,689561,12.076000,12.410000
218,29,29,401d963,32050,32385,38790,38890,6.405000,6.740000
218,128,128,4080961,105051,105377,113628,113728,8.251000,8.577000
218,56,56,4038960,116051,116385,148361,148461,31.976000,32.310000
218,221,221,40dd961,153051,153377,219148,219248,65.771000,66.097000
218,143,143,408f962,209051,209385,223657,223757,14.272000,14.606000
218,59,59,403b962,236051,236385,248384,248484,11.999000,12.333000
218,167,167,40a7963,274051,274385,286392,286492,12.007000,12.341000
218,263,263,4107960,146051,146377,330812,330912,184.435000,184.761000
218,50,50,4032961,384051,384385,390613,390713,6.228000,6.562000
218,92,92,405c961,550051,550377,556752,556852,6.375000,6.701000
219,29,29,401d963,32050,32385,38786,38886,6.401000,6.736000
219,128,128,4080961,105051,105377,113628,113728,8.251000,8.577000
219,56,56,4038960,116051,116385,148357,148457,31.972000,32.306000
219,221,221,40dd961,153051,153377,219144,219244,65.767000,66.093000
219,143,143,408f962,209051,209385,223652,223752,14.267000,14.601000
219,59,59,403b962,236051,236385,248380,248480,11.995000,12.329000
219,167,167,40a7963,274051,274385,286388,286488,12.003000,12.337000
219,263,263,4107960,146051,146377,330808,330908,184.431000,184.757000
219,50,50,4032961,384051,384385,390613,390713,6.228000,6.562000
219,92,92,405c961,550051,550377,556748,556848,6.371000,6.697000
228,41,41,4029960,32050,32385,61958,62058,29.573000,29.908000
228,128,128,4080961,105051,105377,139838,139938,34.461000,34.787000
228,83,83,4053962,188051,188385,209224,209324,20.839000,21.173000
228,167,167,40a7963,274051,274385,282855,282955,8.470000,8.804000
228,50,50,4032961,384051,384385,400996,401096,16.611000,16.945000
228,92,92,405c961,550051,550377,562158,562258,11.781000,12.107000
228,290,290,4122961,734051,734385,746381,746481,11.996000,12.330000
228,335,335,414f962,867051,867377,875895,875995,8.518000,8.844000
229,41,41,4029960,32050,32385,61958,62058,29.573000,29.908000
229,128,128,4080961,105051,105377,139838,139938,34.461000,34.787000
229,83,83,4053962,188051,188385,209224,209324,20.839000,21.173000
229,167,167,40a7963,274051,274385,282855,282955,8.470000,8.804000
229,50,50,4032961,384051,384385,400996,401096,16.611000,16.945000
229,92,92,405c961,550051,550377,562158,562258,11.781000,12.107000
229,290,290,4122961,734051,734385,746381,746481,11.996000,12.330000
229,335,335,414f962,867051,867377,875895,875995,8.518000,8.844000
230,37,37,4025960,49051,49385,57949,58049,8.564000,8.898000
230,41,41,4029960,32050,32385,63691,63791,31.306000,31.641000
230,229,229,40e5961,65051,65385,87046,87146,21.661000,21.995000
230,52,52,4034961,105051,105385,116636,116736,11.251000,11.585000
230,128,128,4080961,105051,105377,139895,139995,34.518000,34.844000
230,97,97,4061963,73051,73385,148763,148863,75.378000,75.712000
230,83,83,4053962,188051,188385,209232,209332,20.847000,21.181000
230,220,220,40dc961,84051,84385,255812,255912,171.427000,171.761000
230,167,167,40a7963,274051,274385,282863,282963,8.478000,8.812000
230,103,103,4067961,328051,328385,336906,337006,8.521000,8.855000
230,241,241,40f1960,320051,320385,352453,352553,32.068000,32.402000
230,100,100,4064960,315051,315385,382467,382567,67.082000,67.416000
230,50,50,4032961,384051,384385,400998,401098,16.613000,16.947000
230,328,328,4148960,342051,342377,472929,473029,130.552000,130.878000
230,92,92,405c961,550051,550377,562128,562228,11.751000,12.077000
230,290,290,4122961,734051,734385,746327,746427,11.942000,12.276000
230,335,335,414f962,867051,867377,875942,876042,8.565000,8.891000
231,27,27,401b961,32050,32385,38700,38800,6.315000,6.650000
231,37,37,4025960,49051,49385,57898,57998,8.513000,8.847000
231,41,41,4029960,32050,32385,63690,63790,31.305000,31.640000
231,42,42,402a960,59051,59385,75536,75636,16.151000,16.485000
231,36,36,4024960,70051,70385,81286,81386,10.901000,11.235000
231,229,229,40e5961,65051,65385,86995,87095,21.610000,21.944000
231,120,120,4078960,75051,75385,92787,92887,17.402000,17.736000
231,228,228,40e4962,82051,82385,110885,110985,28.500000,28.834000
231,52,52,4034961,105051,105385,116635,116735,11.250000,11.584000
231,135,135,4087963,67051,67385,123510,123610,56.125000,56.459000
231,128,128,4080961,105051,105377,139895,139995,34.518000,34.844000
231,97,97,4061963,73051,73385,148763,148863,75.378000,75.712000
231,18,18,4012960,60051,60385,161715,161815,101.330000,101.664000
231,138,138,408a963,177051,177385,185868,185968,8.483000,8.817000
231,300,300,412c963,107051,107385,191630,191730,84.245000,84.579000
231,69,69,4045961,155051,155385,197321,197421,41.936000,42.270000
231,72,72,4048961,94051,94385,203083,203183,108.698000,109.032000
231,83,83,4053962,188051,188385,209181,209281,20.796000,21.130000
231,141,141,408d963,202051,202385,214973,215073,12.588000,12.922000
231,156,156,409c960,213051,213377,219793,219893,6.416000,6.742000
231,51,51,4033962,200051,200385,224641,224741,24.256000,24.590000
231,378,378,417a960,218051,218385,230434,230534,12.049000,12.383000
231,220,220,40dc961,84051,84385,255853,255953,171.468000,171.802000
231,12,12,400c961,176051,176385,263208,263308,86.823000,87.157000
231,159,159,409f963,252051,252385,267742,267842,15.357000,15.691000
231,384,384,4180963,107051,107377,275233,275333,167.856000,168.182000
231,288,288,4120963,260051,260376,279720,279820,19.344000,19.669000
231,167,167,40a7963,274051,274385,284573,284673,10.188000,10.522000
231,48,48,4030962,146051,146385,310895,310995,164.510000,164.844000
231,393,393,4189961,164051,164385,315387,315487,151.002000,151.336000
231,108,108,406c962,113051,113385,320279,320379,206.894000,207.228000
231,103,103,4067961,328051,328385,336971,337071,8.586000,8.920000
231,241,241,40f1960,320051,320385,352523,352623,32.138000,32.472000
231,309,309,4135960,278051,278385,370938,371038,92.553000,92.887000
231,57,57,4039961,232051,232385,376763,376863,144.378000,144.712000
231,100,100,4064960,315051,315385,382532,382632,67.147000,67.481000
231,50,50,4032961,384051,384385,400921,401021,16.536000,16.870000
231,264,264,4108960,417051,417377,437971,438071,20.594000,20.920000
231,366,366,416e961,331051,331377,457406,457506,126.029000,126.355000
231,328,328,4148960,342051,342377,472919,473019,130.542000,130.868000
231,222,222,40de960,471051,471385,479992,480092,8.607000,8.941000
231,33,33,4021961,359051,359385,485848,485948,126.463000,126.797000
231,195,195,40c3960,425051,425377,524692,524792,99.315000,99.641000
231,92,92,405c961,550051,550377,562154,562254,11.777000,12.103000
231,234,234,40ea961,563051,563385,575186,575286,11.801000,12.135000
231,171,171,40ab962,571051,571385,580049,580149,8.664000,8.998000
231,132,132,4084961,604051,604385,620045,620145,15.660000,15.994000
231,372,372,4174960,684051,684377,692841,692941,8.464000,8.790000
231,21,21,4015962,697051,697385,706000,706100,8.615000,8.949000
231,290,290,4122961,734051,734385,746392,746492,12.007000,12.341000
231,102,102,4066962,816051,816385,825020,825120,8.635000,8.969000
231,335,335,414f962,867051,867377,875956,876056,8.579000,8.905000
232,41,41,4029960,32050,32385,40942,41042,8.557000,8.892000
232,37,37,4025960,49051,49385,61304,61404,11.919000,12.253000
232,27,27,401b961,32050,32385,67062,67162,34.677000,35.012000
232,229,229,40e5961,65051,65385,77200,77300,11.815000,12.149000
232,135,135,4087963,67051,67385,82037,82137,14.652000,14.986000
232,42,42,402a960,59051,59385,86546,86646,27.161000,27.495000
232,120,120,4078960,75051,75385,91368,91468,15.983000,16.317000
232,36,36,4024960,70051,70385,95859,95959,25.474000,25.808000
232,97,97,4061963,73051,73385,100696,100796,27.311000,27.645000
232,228,228,40e4962,82051,82385,106475,106575,24.090000,24.424000
232,128,128,4080961,105051,105377,113600,113700,8.223000,8.549000
232,72,72,4048961,94051,94385,118398,118498,24.013000,24.347000
232,384,384,4180963,107051,107377,124156,124256,16.779000,17.105000
232,108,108,406c962,113051,113385,131055,131155,17.670000,18.004000
232,18,18,4012960,60051,60385,137252,137352,76.867000,77.201000
232,69,69,4045961,155051,155385,163751,163851,8.366000,8.700000
232,52,52,4034961,105051,105385,168284,168384,62.899000,63.233000
232,12,12,400c961,176051,176385,180688,180788,4.303000,4.637000
232,138,138,408a963,177051,177385,189242,189342,11.857000,12.191000
232,141,141,408d963,202051,202385,214263,214363,11.878000,12.212000
232,378,378,417a960,218051,218385,230185,230285,11.800000,12.134000
232,300,300,412c963,107051,107385,236118,236218,128.733000,129.067000
232,83,83,4053962,188051,188385,240993,241093,52.608000,52.942000
232,51,51,4033962,200051,200385,246772,246872,46.387000,46.721000
232,220,220,40dc961,84051,84385,252583,252683,168.198000,168.532000
232,159,159,409f963,252051,252385,265089,265189,12.704000,13.038000
232,288,288,4120963,260051,260376,282604,282704,22.228000,22.553000
232,167,167,40a7963,274051,274385,288373,288473,13.988000,14.322000
232,48,48,4030962,146051,146385,314163,314263,167.778000,168.112000
232,57,57,4039961,232051,232385,318999,319099,86.614000,86.948000
232,393,393,4189961,164051,164385,324757,324857,160.372000,160.706000
232,309,309,4135960,278051,278385,336749,336849,58.364000,58.698000
232,103,103,4067961,328051,328385,341282,341382,12.897000,13.231000
232,33,33,4021961,359051,359385,365725,365825,6.340000,6.674000
232,328,328,4148960,342051,342377,373751,373851,31.374000,31.700000
232,100,100,4064960,315051,315385,385626,385726,70.241000,70.575000
232,50,50,4032961,384051,384385,391210,391310,6.825000,7.159000
232,241,241,40f1960,320051,320385,396070,396170,75.685000,76.019000
232,366,366,416e961,331051,331377,420489,420589,89.112000,89.438000
232,156,156,409c960,213051,213377,439133,439233,225.756000,226.082000
232,264,264,4108960,417051,417377,461884,461984,44.507000,44.833000
232,222,222,40de960,471051,471385,512338,512438,40.953000,41.287000
232,195,195,40c3960,425051,425377,528226,528326,102.849000,103.175000
232,92,92,405c961,550051,550377,556712,556812,6.335000,6.661000
232,234,234,40ea961,563051,563385,569755,569855,6.370000,6.704000
232,171,171,40ab962,571051,571385,583437,583537,12.052000,12.386000
232,132,132,4084961,604051,604385,613019,613119,8.634000,8.968000
232,372,372,4174960,684051,684377,696506,696606,12.129000,12.455000
232,21,21,4015962,697051,697385,709480,709580,12.095000,12.429000
232,290,290,4122961,734051,734385,740704,740804,6.319000,6.653000
232,102,102,4066962,816051,816385,828460,828560,12.075000,12.409000
232,335,335,414f962,867051,867377,879419,879519,12.042000,12.368000
233,41,41,4029960,32050,32385,40942,41042,8.557000,8.892000
233,37,37,4025960,49051,49385,61304,61404,11.919000,12.253000
233,229,229,40e5961,65051,65385,77239,77339,11.854000,12.188000
233,97,97,4061963,73051,73385,97195,97295,23.810000,24.144000
233,128,128,4080961,105051,105377,113600,113700,8.223000,8.549000
233,52,52,4034961,105051,105385,167203,167303,61.818000,62.152000
233,83,83,4053962,188051,188385,237169,237269,48.784000,49.118000
233,220,220,40dc961,84051,84385,252554,252654,168.169000,168.503000
233,167,167,40a7963,274051,274385,288347,288447,13.962000,14.296000
233,103,103,4067961,328051,328385,340186,340286,11.801000,12.135000
233,328,328,4148960,342051,342377,373698,373798,31.321000,31.647000
233,100,100,4064960,315051,315385,385638,385738,70.253000,70.587000
233,50,50,4032961,384051,384385,391185,391285,6.800000,7.134000
233,241,241,40f1960,320051,320385,395983,396083,75.598000,75.932000
233,92,92,405c961,550051,550377,556701,556801,6.324000,6.650000
233,290,290,4122961,734051,734385,740642,740742,6.257000,6.591000
233,335,335,414f962,867051,867377,879408,879508,12.031000,12.357000
234,41,41,4029960,32050,32385,40938,41038,8.553000,8.888000
234,128,128,4080961,105051,105377,113628,113728,8.251000,8.577000
234,83,83,4053962,188051,188385,237164,237264,48.779000,49.113000
234,167,167,40a7963,274051,274385,286406,286506,12.021000,12.355000
234,50,50,4032961,384051,384385,390588,390688,6.203000,6.537000
234,92,92,405c961,550051,550377,556673,556773,6.296000,6.622000
234,290,290,4122961,734051,734385,740675,740775,6.290000,6.624000
234,335,335,414f962,867051,867377,879364,879464,11.987000,12.313000
235,41,41,4029960,32050,32385,40938,41038,8.553000,8.888000
235,128,128,4080961,105051,105377,113628,113728,8.251000,8.577000
235,83,83,4053962,188051,188385,237164,237264,48.779000,49.113000
235,167,167,40a7963,274051,274385,286406,286506,12.021000,12.355000
235,50,50,4032961,384051,384385,390588,390688,6.203000,6.537000
235,92,92,405c961,550051,550377,556673,556773,6.296000,6.622000
235,290,290,4122961,734051,734385,740675,740775,6.290000,6.624000
235,335,335,414f962,867051,867377,879364,879464,11.987000,12.313000
244,41,41,4029960,32050,32385,61962,62062,29.577000,29.912000
244,83,83,4053962,188051,188385,209229,209329,20.844000,21.178000
244,290,290,4122961,734051,734385,746385,746485,12.000000,12.334000
244,335,335,414f962,867051,867377,875899,875999,8.522000,8.848000
245,41,41,4029960,32050,32385,61958,62058,29.573000,29.908000
245,83,83,4053962,188051,188385,209225,209325,20.840000,21.174000
245,290,290,4122961,734051,734385,746381,746481,11.996000,12.330000
245,335,335,414f962,867051,867377,875895,875995,8.518000,8.844000
246,41,41,4029960,32050,32385,63694,63794,31.309000,31.644000
246,229,229,40e5961,65051,65385,86999,87099,21.614000,21.948000
246,83,83,4053962,188051,188385,209236,209336,20.851000,21.185000
246,103,103,4067961,328051,328385,336910,337010,8.525000,8.859000
246,328,328,4148960,342051,342377,472909,473009,130.532000,130.858000
246,290,290,4122961,734051,734385,746331,746431,11.946000,12.280000
246,335,335,414f962,867051,867377,875946,876046,8.569000,8.895000
247,27,27,401b961,32050,32385,38700,38800,6.315000,6.650000
247,41,41,4029960,32050,32385,63691,63791,31.306000,31.641000
247,42,42,402a960,59051,59385,75587,75687,16.202000,16.536000
247,36,36,4024960,70051,70385,81287,81387,10.902000,11.236000
247,229,229,40e5961,65051,65385,87046,87146,21.661000,21.995000
247,120,120,4078960,75051,75385,92788,92888,17.403000,17.737000
247,228,228,40e4962,82051,82385,110936,111036,28.551000,28.885000
247,135,135,4087963,67051,67385,123510,123610,56.125000,56.459000
247,18,18,4012960,60051,60385,161715,161815,101.330000,101.664000
247,138,138,408a963,177051,177385,185868,185968,8.483000,8.817000
247,300,300,412c963,107051,107385,191630,191730,84.245000,84.579000
247,69,69,4045961,155051,155385,197321,197421,41.936000,42.270000
247,72,72,4048961,94051,94385,203083,203183,108.698000,109.032000
247,83,83,4053962,188051,188385,209181,209281,20.796000,21.130000
247,141,141,408d963,202051,202385,214973,215073,12.588000,12.922000
247,156,156,409c960,213051,213377,219793,219893,6.416000,6.742000
247,51,51,4033962,200051,200385,224641,224741,24.256000,24.590000
247,378,378,417a960,218051,218385,230434,230534,12.049000,12.383000
247,12,12,400c961,176051,176385,263216,263316,86.831000,87.165000
247,159,159,409f963,252051,252385,267707,267807,15.322000,15.656000
247,384,384,4180963,107051,107377,275289,275389,167.912000,168.238000
247,288,288,4120963,260051,260376,279798,279898,19.422000,19.747000
247,48,48,4030962,146051,146385,310895,310995,164.510000,164.844000
247,393,393,4189961,164051,164385,315386,315486,151.001000,151.335000
247,108,108,406c962,113051,113385,320277,320377,206.892000,207.226000
247,103,103,4067961,328051,328385,336971,337071,8.586000,8.920000
247,309,309,4135960,278051,278385,370994,371094,92.609000,92.943000
247,57,57,4039961,232051,232385,376759,376859,144.374000,144.708000
247,264,264,4108960,417051,417377,438007,438107,20.630000,20.956000
247,366,366,416e961,331051,331377,457407,457507,126.030000,126.356000
247,328,328,4148960,342051,342377,472895,472995,130.518000,130.844000
247,222,222,40de960,471051,471385,479956,480056,8.571000,8.905000
247,33,33,4021961,359051,359385,485824,485924,126.439000,126.773000
247,195,195,40c3960,425051,425377,524656,524756,99.279000,99.605000
247,234,234,40ea961,563051,563385,575186,575286,11.801000,12.135000
247,171,171,40ab962,571051,571385,580048,580148,8.663000,8.997000
247,132,132,4084961,604051,604385,620045,620145,15.660000,15.994000
247,372,372,4174960,684051,684377,692841,692941,8.464000,8.790000
247,21,21,4015962,697051,697385,706000,706100,8.615000,8.949000
247,290,290,4122961,734051,734385,746392,746492,12.007000,12.341000
247,102,102,4066962,816051,816385,825020,825120,8.635000,8.969000
247,335,335,414f962,867051,867377,875956,876056,8.579000,8.905000
248,41,41,4029960,32050,32385,40946,41046,8.561000,8.896000
248,27,27,401b961,32050,32385,67067,67167,34.682000,35.017000
248,229,229,40e5961,65051,65385,77239,77339,11.854000,12.188000
248,135,135,4087963,67051,67385,82116,82216,14.731000,15.065000
248,42,42,402a960,59051,59385,86603,86703,27.218000,27.552000
248,120,120,4078960,75051,75385,91427,91527,16.042000,16.376000
248,36,36,4024960,70051,70385,95961,96061,25.576000,25.910000
248,228,228,40e4962,82051,82385,106479,106579,24.094000,24.428000
248,72,72,4048961,94051,94385,115982,116082,21.597000,21.931000
248,384,384,4180963,107051,107377,124184,124284,16.807000,17.133000
248,108,108,406c962,113051,113385,131095,131195,17.710000,18.044000
248,18,18,4012960,60051,60385,137280,137380,76.895000,77.229000
248,69,69,4045961,155051,155385,163791,163891,8.406000,8.740000
248,12,12,400c961,176051,176385,180688,180788,4.303000,4.637000
248,138,138,408a963,177051,177385,189242,189342,11.857000,12.191000
248,141,141,408d963,202051,202385,214263,214363,11.878000,12.212000
248,378,378,417a960,218051,218385,230185,230285,11.800000,12.134000
248,300,300,412c963,107051,107385,236118,236218,128.733000,129.067000
248,83,83,4053962,188051,188385,240997,241097,52.612000,52.946000
248,51,51,4033962,200051,200385,246776,246876,46.391000,46.725000
248,159,159,409f963,252051,252385,265135,265235,12.750000,13.084000
248,288,288,4120963,260051,260376,282618,282718,22.242000,22.567000
248,48,48,4030962,146051,146385,314163,314263,167.778000,168.112000
248,57,57,4039961,232051,232385,319003,319103,86.618000,86.952000
248,393,393,4189961,164051,164385,324761,324861,160.376000,160.710000
248,309,309,4135960,278051,278385,336753,336853,58.368000,58.702000
248,103,103,4067961,328051,328385,341287,341387,12.902000,13.236000
248,33,33,4021961,359051,359385,365729,365829,6.344000,6.678000
248,328,328,4148960,342051,342377,373755,373855,31.378000,31.704000
248,366,366,416e961,331051,331377,420503,420603,89.126000,89.452000
248,156,156,409c960,213051,213377,439179,439279,225.802000,226.128000
248,264,264,4108960,417051,417377,461898,461998,44.521000,44.847000
248,222,222,40de960,471051,471385,512384,512483,40.999000,41.333000
248,195,195,40c3960,425051,425377,528240,528340,102.863000,103.189000
248,234,234,40ea961,563051,563385,569759,569859,6.374000,6.708000
248,171,171,40ab962,571051,571385,583441,583541,12.056000,12.390000
248,132,132,4084961,604051,604385,613023,613123,8.638000,8.972000
248,372,372,4174960,684051,684377,696510,696610,12.133000,12.459000
248,21,21,4015962,697051,697385,709484,709584,12.099000,12.433000
248,290,290,4122961,734051,734385,740708,740808,6.323000,6.657000
248,102,102,4066962,816051,816385,828464,828564,12.079000,12.413000
248,335,335,414f962,867051,867377,879423,879523,12.046000,12.372000
249,41,41,4029960,32050,32385,40942,41042,8.557000,8.892000
249,229,229,40e5961,65051,65385,77200,77300,11.815000,12.149000
249,83,83,4053962,188051,188385,237169,237269,48.784000,49.118000
249,103,103,4067961,328051,328385,340186,340286,11.801000,12.135000
249,328,328,4148960,342051,342377,373698,373798,31.321000,31.647000
249,290,290,4122961,734051,734385,740642,740742,6.257000,6.591000
249,335,335,414f962,867051,867377,879408,879508,12.031000,12.357000
250,41,41,4029960,32050,32385,40942,41042,8.557000,8.892000
250,83,83,4053962,188051,188385,237132,237232,48.747000,49.081000
250,290,290,4122961,734051,734385,740679,740779,6.294000,6.628000
250,335,335,414f962,867051,867377,879368,879468,11.991000,12.317000
251,41,41,4029960,32050,32385,40938,41038,8.553000,8.888000
251,83,83,4053962,188051,188385,237128,237228,48.743000,49.077000
251,290,290,4122961,734051,734385,740675,740775,6.290000,6.624000
251,335,335,414f962,867051,867377,879364,879464,11.987000,12.313000
