kind,port,pkt_seq,flit,offer_ps,req_ps,ack_ps,egress_req_ps,capture_ps,matched
TX,0,19,830c30f,3710000,3710200,3710200,-1,-1,1
TX,0,19,030c30f,3730000,3730200,3730200,-1,-1,1
TX,0,19,430c30f,3750000,3750200,3750200,-1,-1,1
TX,0,50,8304306,9950000,9950200,9950200,-1,-1,1
TX,0,50,0304306,9970000,9970200,9970200,-1,-1,1
TX,0,50,4304306,9990000,9990200,9990200,-1,-1,1
TX,0,70,8104106,13530000,13530200,13530200,-1,-1,1
TX,0,70,0104106,13550000,13550200,13550200,-1,-1,1
TX,0,70,4104106,13570000,13570200,13570200,-1,-1,1
TX,0,86,800c00e,16910000,16910200,16910200,-1,-1,1
TX,0,86,000c00e,16930000,16930200,16930200,-1,-1,1
TX,0,86,400c00e,16950000,16950200,16950200,-1,-1,1
TX,0,92,8304304,17730000,17730200,17730200,-1,-1,1
TX,0,92,0304304,17750000,17750200,17750200,-1,-1,1
TX,0,92,4304304,17770000,17770200,17770200,-1,-1,1
TX,0,111,8304307,21310000,21310200,21310200,-1,-1,1
TX,0,111,0304307,21330000,21330200,21330200,-1,-1,1
TX,0,111,4304307,21350000,21350200,21350200,-1,-1,1
TX,0,113,820c201,21650000,21650200,21650200,-1,-1,1
TX,0,113,020c201,21670000,21670200,21670200,-1,-1,1
TX,0,113,420c201,21690000,21690200,21690200,-1,-1,1
TX,0,121,830c30d,22570000,22570200,22570200,-1,-1,1
TX,0,121,030c30d,22590000,22590200,22590200,-1,-1,1
TX,0,121,430c30d,22610000,22610200,22610200,-1,-1,1
TX,0,129,8204205,24530000,24530200,24530200,-1,-1,1
TX,0,129,0204205,24550000,24550200,24550200,-1,-1,1
TX,0,129,4204205,24570000,24570200,24570200,-1,-1,1
TX,0,130,810c10e,24610000,24610200,24610200,-1,-1,1
TX,0,130,010c10e,24630000,24630200,24630200,-1,-1,1
TX,0,130,410c10e,24650000,24650200,24650200,-1,-1,1
TX,0,134,8204206,24950000,24950200,24950200,-1,-1,1
TX,0,134,0204206,24970000,24970200,24970200,-1,-1,1
TX,0,134,4204206,24990000,24990200,24990200,-1,-1,1
TX,0,144,820c20c,26550000,26550200,26550200,-1,-1,1
TX,0,144,020c20c,26570000,26570200,26570200,-1,-1,1
TX,0,144,420c20c,26590000,26590200,26590200,-1,-1,1
TX,0,177,8208209,32350000,32350200,32350200,-1,-1,1
TX,0,177,0208209,32370000,32370200,32370200,-1,-1,1
TX,0,177,4208209,32390000,32390200,32390200,-1,-1,1
TX,0,185,8304305,34030000,34030200,34030200,-1,-1,1
TX,0,185,0304305,34050000,34050200,34050200,-1,-1,1
TX,0,185,4304305,34070000,34070200,34070200,-1,-1,1
TX,0,200,8104104,37550000,37550200,37550200,-1,-1,1
TX,0,200,0104104,37570000,37570200,37570200,-1,-1,1
TX,0,200,4104104,37590000,37590200,37590200,-1,-1,1
TX,0,201,8100101,37630000,37630200,37630200,-1,-1,1
TX,0,201,0100101,37650000,37650200,37650200,-1,-1,1
TX,0,201,4100101,37670000,37670200,37670200,-1,-1,1
TX,0,267,830830b,46810000,46810200,46810200,-1,-1,1
TX,0,267,030830b,46830000,46830200,46830200,-1,-1,1
TX,0,267,430830b,46850000,46850200,46850200,-1,-1,1
TX,0,271,820c20f,47070000,47070200,47070200,-1,-1,1
TX,0,271,020c20f,47090000,47090200,47090200,-1,-1,1
TX,0,271,420c20f,47110000,47110200,47110200,-1,-1,1
TX,0,286,8200202,50550000,50550200,50550200,-1,-1,1
TX,0,286,0200202,50570000,50570200,50570200,-1,-1,1
TX,0,286,4200202,50590000,50590200,50590200,-1,-1,1
TX,0,298,810810a,52510000,52510200,52510200,-1,-1,1
TX,0,298,010810a,52530000,52530200,52530200,-1,-1,1
TX,0,298,410810a,52550000,52550200,52550200,-1,-1,1
TX,0,307,810810b,53810000,53810200,53810200,-1,-1,1
TX,0,307,010810b,53830000,53830200,53830200,-1,-1,1
TX,0,307,410810b,53850000,53850200,53850200,-1,-1,1
TX,0,317,810c10d,55210000,55210200,55210200,-1,-1,1
TX,0,317,010c10d,55230000,55230200,55230200,-1,-1,1
TX,0,317,410c10d,55250000,55250200,55250200,-1,-1,1
TX,0,322,820820a,56070000,56070200,56070200,-1,-1,1
TX,0,322,020820a,56090000,56090200,56090200,-1,-1,1
TX,0,322,420820a,56110000,56110200,56110200,-1,-1,1
TX,0,327,800c00f,57050000,57050200,57050200,-1,-1,1
TX,0,327,000c00f,57070000,57070200,57070200,-1,-1,1
TX,0,327,400c00f,57090000,57090200,57090200,-1,-1,1
TX,0,354,8104106,63410000,63410200,63410200,-1,-1,1
TX,0,354,0104106,63430000,63430200,63430200,-1,-1,1
TX,0,354,4104106,63450000,63450200,63450200,-1,-1,1
TX,0,360,8204204,64270000,64270200,64270200,-1,-1,1
TX,0,360,0204204,64290000,64290200,64290200,-1,-1,1
TX,0,360,4204204,64310000,64310200,64310200,-1,-1,1
TX,0,384,8108100,68890000,68890200,68890200,-1,-1,1
TX,0,384,0108100,68910000,68910200,68910200,-1,-1,1
TX,0,384,4108100,68930000,68930200,68930200,-1,-1,1
TX,0,407,830c30f,73030000,73030200,73030200,-1,-1,1
TX,0,407,030c30f,73050000,73050200,73050200,-1,-1,1
TX,0,407,430c30f,73070000,73070200,73070200,-1,-1,1
TX,0,419,820c20f,74530000,74530200,74530200,-1,-1,1
TX,0,419,020c20f,74550000,74550200,74550200,-1,-1,1
TX,0,419,420c20f,74570000,74570200,74570200,-1,-1,1
TX,0,420,8200200,74650000,74650200,74650200,-1,-1,1
TX,0,420,0200200,74670000,74670200,74670200,-1,-1,1
TX,0,420,4200200,74690000,74690200,74690200,-1,-1,1
TX,0,425,8104105,75250000,75250200,75250200,-1,-1,1
TX,0,425,0104105,75270000,75270200,75270200,-1,-1,1
TX,0,425,4104105,75290000,75290200,75290200,-1,-1,1
TX,0,432,810c004,76150000,76150200,76150200,-1,-1,1
TX,0,432,010c004,76170000,76170200,76170200,-1,-1,1
TX,0,432,410c004,76190000,76190200,76190200,-1,-1,1
TX,0,448,8304304,80030000,80030200,80030200,-1,-1,1
TX,0,448,0304304,80050000,80050200,80050200,-1,-1,1
TX,0,448,4304304,80070000,80070200,80070200,-1,-1,1
TX,0,477,8204205,84930000,84930200,84930200,-1,-1,1
TX,0,477,0204205,84950000,84950200,84950200,-1,-1,1
TX,0,477,4204205,84970000,84970200,84970200,-1,-1,1
TX,0,479,8104107,85210000,85210200,85210200,-1,-1,1
TX,0,479,0104107,85230000,85230200,85230200,-1,-1,1
TX,0,479,4104107,85250000,85250200,85250200,-1,-1,1
TX,0,501,8304305,87830000,87830200,87830200,-1,-1,1
TX,0,501,0304305,87850000,87850200,87850200,-1,-1,1
TX,0,501,4304305,87870000,87870200,87870200,-1,-1,1
TX,0,522,800c00e,92710000,92710200,92710200,-1,-1,1
TX,0,522,000c00e,92730000,92730200,92730200,-1,-1,1
TX,0,522,400c00e,92750000,92750200,92750200,-1,-1,1
TX,0,537,8008009,95270000,95270200,95270200,-1,-1,1
TX,0,537,0008009,95290000,95290200,95290200,-1,-1,1
TX,0,537,4008009,95310000,95310200,95310200,-1,-1,1
TX,0,542,8200202,96830000,96830200,96830200,-1,-1,1
TX,0,542,0200202,96850000,96850200,96850200,-1,-1,1
TX,0,542,4200202,96870000,96870200,96870200,-1,-1,1
TX,0,562,8004006,101210000,101210200,101210200,-1,-1,1
TX,0,562,0004006,101230000,101230200,101230200,-1,-1,1
TX,0,562,4004006,101250000,101250200,101250200,-1,-1,1
TX,0,564,8108108,101670000,101670200,101670200,-1,-1,1
TX,0,564,0108108,101690000,101690200,101690200,-1,-1,1
TX,0,564,4108108,101710000,101710200,101710200,-1,-1,1
TX,0,570,830830a,102670000,102670200,102670200,-1,-1,1
TX,0,570,030830a,102690000,102690200,102690200,-1,-1,1
TX,0,570,430830a,102710000,102710200,102710200,-1,-1,1
TX,0,575,800c00f,103490000,103490200,103490200,-1,-1,1
TX,0,575,000c00f,103510000,103510200,103510200,-1,-1,1
TX,0,575,400c00f,103530000,103530200,103530200,-1,-1,1
TX,0,586,810810a,104870000,104870200,104870200,-1,-1,1
TX,0,586,010810a,104890000,104890200,104890200,-1,-1,1
TX,0,586,410810a,104910000,104910200,104910200,-1,-1,1
TX,0,625,8100101,112390000,112390200,112390200,-1,-1,1
TX,0,625,0100101,112410000,112410200,112410200,-1,-1,1
TX,0,625,4100101,112430000,112430200,112430200,-1,-1,1
TX,0,628,810c10c,112490000,112490200,112490200,-1,-1,1
TX,0,628,010c10c,112510000,112510200,112510200,-1,-1,1
TX,0,628,410c10c,112530000,112530200,112530200,-1,-1,1
TX,0,642,830830a,116650000,116650200,116650200,-1,-1,1
TX,0,642,030830a,116670000,116670200,116670200,-1,-1,1
TX,0,642,430830a,116690000,116690200,116690200,-1,-1,1
TX,0,645,830c30d,117290000,117290200,117290200,-1,-1,1
TX,0,645,030c30d,117310000,117310200,117310200,-1,-1,1
TX,0,645,430c30d,117330000,117330200,117330200,-1,-1,1
TX,0,675,8204207,123890000,123890200,123890200,-1,-1,1
TX,0,675,0204207,123910000,123910200,123910200,-1,-1,1
TX,0,675,4204207,123930000,123930200,123930200,-1,-1,1
TX,0,691,810c00f,127610000,127610200,127610200,-1,-1,1
TX,0,691,010c00f,127630000,127630200,127630200,-1,-1,1
TX,0,691,410c00f,127650000,127650200,127650200,-1,-1,1
TX,0,707,810c10f,131610000,131610200,131610200,-1,-1,1
TX,0,707,010c10f,131630000,131630200,131630200,-1,-1,1
TX,0,707,410c10f,131650000,131650200,131650200,-1,-1,1
TX,0,726,8204206,135410000,135410200,135410200,-1,-1,1
TX,0,726,0204206,135430000,135430200,135430200,-1,-1,1
TX,0,726,4204206,135450000,135450200,135450200,-1,-1,1
TX,0,729,810c10d,135630000,135630200,135630200,-1,-1,1
TX,0,729,010c10d,135650000,135650200,135650200,-1,-1,1
TX,0,729,410c10d,135670000,135670200,135670200,-1,-1,1
TX,0,774,810c102,143310000,143310200,143310200,-1,-1,1
TX,0,774,010c102,143330000,143330200,143330200,-1,-1,1
TX,0,774,410c102,143350000,143350200,143350200,-1,-1,1
TX,0,810,8300302,149710000,149710200,149710200,-1,-1,1
TX,0,810,0300302,149730000,149730200,149730200,-1,-1,1
TX,0,810,4300302,149750000,149750200,149750200,-1,-1,1
TX,0,840,8104104,156150000,156150200,156150200,-1,-1,1
TX,0,840,0104104,156170000,156170200,156170200,-1,-1,1
TX,0,840,4104104,156190000,156190200,156190200,-1,-1,1
TX,0,858,8204202,159850000,159850200,159850200,-1,-1,1
TX,0,858,0204202,159870000,159870200,159870200,-1,-1,1
TX,0,858,4204202,159890000,159890200,159890200,-1,-1,1
TX,0,869,8208209,161910000,161910200,161910200,-1,-1,1
TX,0,869,0208209,161930000,161930200,161930200,-1,-1,1
TX,0,869,4208209,161950000,161950200,161950200,-1,-1,1
TX,0,870,8304306,162010000,162010200,162010200,-1,-1,1
TX,0,870,0304306,162030000,162030200,162030200,-1,-1,1
TX,0,870,4304306,162050000,162050200,162050200,-1,-1,1
TX,0,896,8308308,166630000,166630200,166630200,-1,-1,1
TX,0,896,0308308,166650000,166650200,166650200,-1,-1,1
TX,0,896,4308308,166670000,166670200,166670200,-1,-1,1
TX,0,918,8300302,172130000,172130200,172130200,-1,-1,1
TX,0,918,0300302,172150000,172150200,172150200,-1,-1,1
TX,0,918,4300302,172170000,172170200,172170200,-1,-1,1
TX,0,933,8308309,174350000,174350200,174350200,-1,-1,1
TX,0,933,0308309,174370000,174370200,174370200,-1,-1,1
TX,0,933,4308309,174390000,174390200,174390200,-1,-1,1
TX,0,955,8104107,178350000,178350200,178350200,-1,-1,1
TX,0,955,0104107,178370000,178370200,178370200,-1,-1,1
TX,0,955,4104107,178390000,178390200,178390200,-1,-1,1
TX,0,965,8200201,179650000,179650200,179650200,-1,-1,1
TX,0,965,0200201,179670000,179670200,179670200,-1,-1,1
TX,0,965,4200201,179690000,179690200,179690200,-1,-1,1
TX,0,967,800c00f,179810000,179810200,179810200,-1,-1,1
TX,0,967,000c00f,179830000,179830200,179830200,-1,-1,1
TX,0,967,400c00f,179850000,179850200,179850200,-1,-1,1
TX,0,970,8100102,179990000,179990200,179990200,-1,-1,1
TX,0,970,0100102,180010000,180010200,180010200,-1,-1,1
TX,0,970,4100102,180030000,180030200,180030200,-1,-1,1
TX,0,972,800c00c,180470000,180470200,180470200,-1,-1,1
TX,0,972,000c00c,180490000,180490200,180490200,-1,-1,1
TX,0,972,400c00c,180510000,180510200,180510200,-1,-1,1
TX,0,975,8204207,181330000,181330200,181330200,-1,-1,1
TX,0,975,0204207,181350000,181350200,181350200,-1,-1,1
TX,0,975,4204207,181370000,181370200,181370200,-1,-1,1
TX,0,992,810c100,183330000,183330200,183330200,-1,-1,1
TX,0,992,010c100,183350000,183350200,183350200,-1,-1,1
TX,0,992,410c100,183370000,183370200,183370200,-1,-1,1
TX,1,11,810c10f,2510000,2510200,2510200,-1,-1,1
TX,1,11,010c10f,2530000,2530200,2530200,-1,-1,1
TX,1,11,410c10f,2550000,2550200,2550200,-1,-1,1
TX,1,23,810810b,4430000,4430200,4430200,-1,-1,1
TX,1,23,010810b,4450000,4450200,4450200,-1,-1,1
TX,1,23,410810b,4470000,4470200,4470200,-1,-1,1
TX,1,71,820c20f,13530000,13530200,13530200,-1,-1,1
TX,1,71,020c20f,13550000,13550200,13550200,-1,-1,1
TX,1,71,420c20f,13570000,13570200,13570200,-1,-1,1
TX,1,84,8308308,16750000,16750200,16750200,-1,-1,1
TX,1,84,0308308,16770000,16770200,16770200,-1,-1,1
TX,1,84,4308308,16790000,16790200,16790200,-1,-1,1
TX,1,124,800c00c,23630000,23630200,23630200,-1,-1,1
TX,1,124,000c00c,23650000,23650200,23650200,-1,-1,1
TX,1,124,400c00c,23670000,23670200,23670200,-1,-1,1
TX,1,136,8104104,25170000,25170200,25170200,-1,-1,1
TX,1,136,0104104,25190000,25190200,25190200,-1,-1,1
TX,1,136,4104104,25210000,25210200,25210200,-1,-1,1
TX,1,178,8204206,32390000,32390200,32390200,-1,-1,1
TX,1,178,0204206,32410000,32410200,32410200,-1,-1,1
TX,1,178,4204206,32430000,32430200,32430200,-1,-1,1
TX,1,202,810810a,37830000,37830200,37830200,-1,-1,1
TX,1,202,010810a,37850000,37850200,37850200,-1,-1,1
TX,1,202,410810a,37870000,37870200,37870200,-1,-1,1
TX,1,213,8108109,39650000,39650200,39650200,-1,-1,1
TX,1,213,0108109,39670000,39670200,39670200,-1,-1,1
TX,1,213,4108109,39690000,39690200,39690200,-1,-1,1
TX,1,217,8204205,40110000,40110200,40110200,-1,-1,1
TX,1,217,0204205,40130000,40130200,40130200,-1,-1,1
TX,1,217,4204205,40150000,40150200,40150200,-1,-1,1
TX,1,222,8304306,41150000,41150200,41150200,-1,-1,1
TX,1,222,0304306,41170000,41170200,41170200,-1,-1,1
TX,1,222,4304306,41190000,41190200,41190200,-1,-1,1
TX,1,254,830830a,44770000,44770200,44770200,-1,-1,1
TX,1,254,030830a,44790000,44790200,44790200,-1,-1,1
TX,1,254,430830a,44810000,44810200,44810200,-1,-1,1
TX,1,259,800800b,45230000,45230200,45230200,-1,-1,1
TX,1,259,000800b,45250000,45250200,45250200,-1,-1,1
TX,1,259,400800b,45270000,45270200,45270200,-1,-1,1
TX,1,284,8204204,49430000,49430200,49430200,-1,-1,1
TX,1,284,0204204,49450000,49450200,49450200,-1,-1,1
TX,1,284,4204204,49470000,49470200,49470200,-1,-1,1
TX,1,323,8300303,56290000,56290200,56290200,-1,-1,1
TX,1,323,0300303,56310000,56310200,56310200,-1,-1,1
TX,1,323,4300303,56330000,56330200,56330200,-1,-1,1
TX,1,328,8200200,57450000,57450200,57450200,-1,-1,1
TX,1,328,0200200,57470000,57470200,57470200,-1,-1,1
TX,1,328,4200200,57490000,57490200,57490200,-1,-1,1
TX,1,349,830c30d,62510000,62510200,62510200,-1,-1,1
TX,1,349,030c30d,62530000,62530200,62530200,-1,-1,1
TX,1,349,430c30d,62550000,62550200,62550200,-1,-1,1
TX,1,363,8200203,64530000,64530200,64530200,-1,-1,1
TX,1,363,0200203,64550000,64550200,64550200,-1,-1,1
TX,1,363,4200203,64570000,64570200,64570200,-1,-1,1
TX,1,372,8308308,67150000,67150200,67150200,-1,-1,1
TX,1,372,0308308,67170000,67170200,67172400,-1,-1,1
TX,1,372,4308308,67190000,67190200,67190200,-1,-1,1
TX,1,378,830830a,67950000,67950200,67950200,-1,-1,1
TX,1,378,030830a,67970000,67970200,67970200,-1,-1,1
TX,1,378,430830a,67990000,67990200,67990200,-1,-1,1
TX,1,380,8100100,68710000,68710200,68710200,-1,-1,1
TX,1,380,0100100,68730000,68730200,68730200,-1,-1,1
TX,1,380,4100100,68750000,68750200,68750200,-1,-1,1
TX,1,428,8208208,75870000,75870200,75870200,-1,-1,1
TX,1,428,0208208,75890000,75890200,75890200,-1,-1,1
TX,1,428,4208208,75910000,75910200,75910200,-1,-1,1
TX,1,440,8300300,78390000,78390200,78390200,-1,-1,1
TX,1,440,0300300,78410000,78410200,78410200,-1,-1,1
TX,1,440,4300300,78430000,78430200,78430200,-1,-1,1
TX,1,450,8200202,80490000,80490200,80490200,-1,-1,1
TX,1,450,0200202,80510000,80510200,80510200,-1,-1,1
TX,1,450,4200202,80530000,80530200,80530200,-1,-1,1
TX,1,453,8104105,80950000,80950200,80950200,-1,-1,1
TX,1,453,0104105,80970000,80970200,80970200,-1,-1,1
TX,1,453,4104105,80990000,80990200,80990200,-1,-1,1
TX,1,459,830830b,81690000,81690200,81690200,-1,-1,1
TX,1,459,030830b,81710000,81710200,81710200,-1,-1,1
TX,1,459,430830b,81730000,81730200,81730200,-1,-1,1
TX,1,494,830c30e,86870000,86870200,86870200,-1,-1,1
TX,1,494,030c30e,86890000,86890200,86890200,-1,-1,1
TX,1,494,430c30e,86910000,86910200,86910200,-1,-1,1
TX,1,504,820c20c,88630000,88630200,88630200,-1,-1,1
TX,1,504,020c20c,88650000,88650200,88650200,-1,-1,1
TX,1,504,420c20c,88670000,88670200,88670200,-1,-1,1
TX,1,531,8200203,94450000,94450200,94450200,-1,-1,1
TX,1,531,0200203,94470000,94470200,94470200,-1,-1,1
TX,1,531,4200203,94490000,94490200,94490200,-1,-1,1
TX,1,540,8304304,96770000,96770200,96770200,-1,-1,1
TX,1,540,0304304,96790000,96790200,96790200,-1,-1,1
TX,1,540,4304304,96810000,96810200,96810200,-1,-1,1
TX,1,569,830c30d,102470000,102470200,102470200,-1,-1,1
TX,1,569,030c30d,102490000,102490200,102490200,-1,-1,1
TX,1,569,430c30d,102510000,102510200,102510200,-1,-1,1
TX,1,594,8000002,105530000,105530200,105530200,-1,-1,1
TX,1,594,0000002,105550000,105550200,105550200,-1,-1,1
TX,1,594,4000002,105570000,105570200,105570200,-1,-1,1
TX,1,595,8304307,107390000,107390200,107390200,-1,-1,1
TX,1,595,0304307,107410000,107410200,107410200,-1,-1,1
TX,1,595,4304307,107430000,107430200,107430200,-1,-1,1
TX,1,597,8308309,107710000,107710200,107710200,-1,-1,1
TX,1,597,0308309,107730000,107730200,107730200,-1,-1,1
TX,1,597,4308309,107750000,107750200,107750200,-1,-1,1
TX,1,619,800c00f,111590000,111590200,111590200,-1,-1,1
TX,1,619,000c00f,111610000,111610200,111610200,-1,-1,1
TX,1,619,400c00f,111630000,111630200,111630200,-1,-1,1
TX,1,622,830c30e,111770000,111770200,111770200,-1,-1,1
TX,1,622,030c30e,111790000,111790200,111790200,-1,-1,1
TX,1,622,430c30e,111810000,111810200,111810200,-1,-1,1
TX,1,638,8000002,114750000,114750200,114750200,-1,-1,1
TX,1,638,0000002,114770000,114770200,114770200,-1,-1,1
TX,1,638,4000002,114790000,114790200,114790200,-1,-1,1
TX,1,644,8204204,116990000,116990200,116990200,-1,-1,1
TX,1,644,0204204,117010000,117010200,117010200,-1,-1,1
TX,1,644,4204204,117030000,117030200,117030200,-1,-1,1
TX,1,646,8104106,117670000,117670200,117670200,-1,-1,1
TX,1,646,0104106,117690000,117690200,117690200,-1,-1,1
TX,1,646,4104106,117710000,117710200,117710200,-1,-1,1
TX,1,663,8100103,120910000,120910200,120910200,-1,-1,1
TX,1,663,0100103,120930000,120930200,120930200,-1,-1,1
TX,1,663,4100103,120950000,120950200,120950200,-1,-1,1
TX,1,689,830c30d,127050000,127050200,127050200,-1,-1,1
TX,1,689,030c30d,127070000,127070200,127070200,-1,-1,1
TX,1,689,430c30d,127090000,127090200,127090200,-1,-1,1
TX,1,694,820820a,128030000,128030200,128030200,-1,-1,1
TX,1,694,020820a,128050000,128050200,128050200,-1,-1,1
TX,1,694,420820a,128070000,128070200,128070200,-1,-1,1
TX,1,723,800800b,134270000,134270200,134270200,-1,-1,1
TX,1,723,000800b,134290000,134290200,134290200,-1,-1,1
TX,1,723,400800b,134310000,134310200,134310200,-1,-1,1
TX,1,763,800c00f,141690000,141690200,141690200,-1,-1,1
TX,1,763,000c00f,141710000,141710200,141710200,-1,-1,1
TX,1,763,400c00f,141730000,141730200,141730200,-1,-1,1
TX,1,772,8204204,142810000,142810200,142810200,-1,-1,1
TX,1,772,0204204,142830000,142830200,142830200,-1,-1,1
TX,1,772,4204204,142850000,142850200,142850200,-1,-1,1
TX,1,775,8100103,143330000,143330200,143330200,-1,-1,1
TX,1,775,0100103,143350000,143350200,143352400,-1,-1,1
TX,1,775,4100103,143370000,143370200,143370200,-1,-1,1
TX,1,820,8108100,150870000,150870200,150870200,-1,-1,1
TX,1,820,0108100,150890000,150890200,150894000,-1,-1,1
TX,1,820,4108100,150910000,150910200,150910200,-1,-1,1
TX,1,823,8204207,151490000,151490200,151490200,-1,-1,1
TX,1,823,0204207,151510000,151510200,151510200,-1,-1,1
TX,1,823,4204207,151530000,151530200,151530200,-1,-1,1
TX,1,836,830c30c,155070000,155070200,155070200,-1,-1,1
TX,1,836,030c30c,155090000,155090200,155090200,-1,-1,1
TX,1,836,430c30c,155110000,155110200,155110200,-1,-1,1
TX,1,856,8204204,159490000,159490200,159490200,-1,-1,1
TX,1,856,0204204,159510000,159510200,159510200,-1,-1,1
TX,1,856,4204204,159530000,159530200,159530200,-1,-1,1
TX,1,891,8200203,165630000,165630200,165630200,-1,-1,1
TX,1,891,0200203,165650000,165650200,165650200,-1,-1,1
TX,1,891,4200203,165670000,165670200,165670200,-1,-1,1
TX,1,911,830c30f,170770000,170770200,170770200,-1,-1,1
TX,1,911,030c30f,170790000,170790200,170790200,-1,-1,1
TX,1,911,430c30f,170810000,170810200,170810200,-1,-1,1
TX,1,930,820820a,173690000,173690200,173690200,-1,-1,1
TX,1,930,020820a,173710000,173710200,173710200,-1,-1,1
TX,1,930,420820a,173730000,173730200,173730200,-1,-1,1
TX,1,931,830830b,173950000,173950200,173950200,-1,-1,1
TX,1,931,030830b,173970000,173970200,173970200,-1,-1,1
TX,1,931,430830b,173990000,173990200,173990200,-1,-1,1
TX,1,932,8000000,174090000,174090200,174090200,-1,-1,1
TX,1,932,0000000,174110000,174110200,174110200,-1,-1,1
TX,1,932,4000000,174130000,174130200,174130200,-1,-1,1
TX,1,936,8208208,174950000,174950200,174950200,-1,-1,1
TX,1,936,0208208,174970000,174970200,174970200,-1,-1,1
TX,1,936,4208208,174990000,174990200,174990200,-1,-1,1
TX,1,999,8204207,184790000,184790200,184790200,-1,-1,1
TX,1,999,0204207,184810000,184810200,184810200,-1,-1,1
TX,1,999,4204207,184830000,184830200,184830200,-1,-1,1
TX,2,0,8004000,230000,230200,230200,-1,-1,1
TX,2,0,0004000,250000,250200,250200,-1,-1,1
TX,2,0,4004000,270000,270200,270200,-1,-1,1
TX,2,14,8204206,2910000,2910200,2910200,-1,-1,1
TX,2,14,0204206,2930000,2930200,2930200,-1,-1,1
TX,2,14,4204206,2950000,2950200,2950200,-1,-1,1
TX,2,21,8300301,4110000,4110200,4110200,-1,-1,1
TX,2,21,0300301,4130000,4130200,4130200,-1,-1,1
TX,2,21,4300301,4150000,4150200,4150200,-1,-1,1
TX,2,33,8308309,7350000,7350200,7350200,-1,-1,1
TX,2,33,0308309,7370000,7370200,7370200,-1,-1,1
TX,2,33,4308309,7390000,7390200,7390200,-1,-1,1
TX,2,36,8308308,8210000,8210200,8210200,-1,-1,1
TX,2,36,0308308,8230000,8230200,8230200,-1,-1,1
TX,2,36,4308308,8250000,8250200,8250200,-1,-1,1
TX,2,46,8300102,9550000,9550200,9550200,-1,-1,1
TX,2,46,0300102,9570000,9570200,9570200,-1,-1,1
TX,2,46,4300102,9590000,9590200,9590200,-1,-1,1
TX,2,51,830c30f,9990000,9990200,9990200,-1,-1,1
TX,2,51,030c30f,10010000,10010200,10010200,-1,-1,1
TX,2,51,430c30f,10030000,10030200,10030200,-1,-1,1
TX,2,67,8304307,13270000,13270200,13270200,-1,-1,1
TX,2,67,0304307,13290000,13290200,13290200,-1,-1,1
TX,2,67,4304307,13310000,13310200,13310200,-1,-1,1
TX,2,74,8000002,14250000,14250200,14250200,-1,-1,1
TX,2,74,0000002,14270000,14270200,14270200,-1,-1,1
TX,2,74,4000002,14290000,14290200,14290200,-1,-1,1
TX,2,79,8300303,15370000,15370200,15370200,-1,-1,1
TX,2,79,0300303,15390000,15390200,15390200,-1,-1,1
TX,2,79,4300303,15410000,15410200,15410200,-1,-1,1
TX,2,108,8204204,20670000,20670200,20670200,-1,-1,1
TX,2,108,0204204,20690000,20690200,20690200,-1,-1,1
TX,2,108,4204204,20710000,20710200,20710200,-1,-1,1
TX,2,117,8100001,22030000,22030200,22030200,-1,-1,1
TX,2,117,0100001,22050000,22050200,22050200,-1,-1,1
TX,2,117,4100001,22070000,22070200,22070200,-1,-1,1
TX,2,135,810c10f,24990000,24990200,24990200,-1,-1,1
TX,2,135,010c10f,25010000,25010200,25010200,-1,-1,1
TX,2,135,410c10f,25030000,25030200,25030200,-1,-1,1
TX,2,139,800c00f,25630000,25630200,25630200,-1,-1,1
TX,2,139,000c00f,25650000,25650200,25650200,-1,-1,1
TX,2,139,400c00f,25670000,25670200,25670200,-1,-1,1
TX,2,150,820820a,27530000,27530200,27530200,-1,-1,1
TX,2,150,020820a,27550000,27550200,27550200,-1,-1,1
TX,2,150,420820a,27570000,27570200,27570200,-1,-1,1
TX,2,183,820820b,33790000,33790200,33790200,-1,-1,1
TX,2,183,020820b,33810000,33810200,33810200,-1,-1,1
TX,2,183,420820b,33830000,33830200,33830200,-1,-1,1
TX,2,194,810c10e,35970000,35970200,35970200,-1,-1,1
TX,2,194,010c10e,35990000,35990200,35990200,-1,-1,1
TX,2,194,410c10e,36010000,36010200,36010200,-1,-1,1
TX,2,219,810c10f,40270000,40270200,40270200,-1,-1,1
TX,2,219,010c10f,40290000,40290200,40290200,-1,-1,1
TX,2,219,410c10f,40310000,40310200,40310200,-1,-1,1
TX,2,223,8100103,41390000,41390200,41390200,-1,-1,1
TX,2,223,0100103,41410000,41410200,41410200,-1,-1,1
TX,2,223,4100103,41430000,41430200,41430200,-1,-1,1
TX,2,230,810c10e,41690000,41690200,41690200,-1,-1,1
TX,2,230,010c10e,41710000,41710200,41710200,-1,-1,1
TX,2,230,410c10e,41730000,41730200,41730200,-1,-1,1
TX,2,296,8304304,52410000,52410200,52410200,-1,-1,1
TX,2,296,0304304,52430000,52430200,52430200,-1,-1,1
TX,2,296,4304304,52450000,52450200,52450200,-1,-1,1
TX,2,335,810810b,58650000,58650200,58650200,-1,-1,1
TX,2,335,010810b,58670000,58670200,58670200,-1,-1,1
TX,2,335,410810b,58690000,58690200,58690200,-1,-1,1
TX,2,344,8104104,61750000,61750200,61750200,-1,-1,1
TX,2,344,0104104,61770000,61770200,61770200,-1,-1,1
TX,2,344,4104104,61790000,61790200,61790200,-1,-1,1
TX,2,350,8300302,62650000,62650200,62650200,-1,-1,1
TX,2,350,0300302,62670000,62670200,62670200,-1,-1,1
TX,2,350,4300302,62690000,62690200,62690200,-1,-1,1
TX,2,387,8204207,69110000,69110200,69110200,-1,-1,1
TX,2,387,0204207,69130000,69130200,69130200,-1,-1,1
TX,2,387,4204207,69150000,69150200,69150200,-1,-1,1
TX,2,395,8100103,70350000,70350200,70350200,-1,-1,1
TX,2,395,0100103,70370000,70370200,70370200,-1,-1,1
TX,2,395,4100103,70390000,70390200,70390200,-1,-1,1
TX,2,404,800c00c,72050000,72050200,72050200,-1,-1,1
TX,2,404,000c00c,72070000,72070200,72070200,-1,-1,1
TX,2,404,400c00c,72090000,72090200,72090200,-1,-1,1
TX,2,406,820c20e,72950000,72950200,72950200,-1,-1,1
TX,2,406,020c20e,72970000,72970200,72970200,-1,-1,1
TX,2,406,420c20e,72990000,72990200,72990200,-1,-1,1
TX,2,414,8004006,73590000,73590200,73590200,-1,-1,1
TX,2,414,0004006,73610000,73610200,73610200,-1,-1,1
TX,2,414,4004006,73630000,73630200,73630200,-1,-1,1
TX,2,436,8204204,77410000,77410200,77410200,-1,-1,1
TX,2,436,0204204,77430000,77430200,77430200,-1,-1,1
TX,2,436,4204204,77450000,77450200,77450200,-1,-1,1
TX,2,498,8304306,87490000,87490200,87490200,-1,-1,1
TX,2,498,0304306,87510000,87510200,87510200,-1,-1,1
TX,2,498,4304306,87530000,87530200,87530200,-1,-1,1
TX,2,508,8104104,89050000,89050200,89050200,-1,-1,1
TX,2,508,0104104,89070000,89070200,89070200,-1,-1,1
TX,2,508,4104104,89090000,89090200,89090200,-1,-1,1
TX,2,509,8204205,89310000,89310200,89310200,-1,-1,1
TX,2,509,0204205,89330000,89330200,89330200,-1,-1,1
TX,2,509,4204205,89350000,89350200,89350200,-1,-1,1
TX,2,539,8204207,96350000,96350200,96350200,-1,-1,1
TX,2,539,0204207,96370000,96370200,96370200,-1,-1,1
TX,2,539,4204207,96390000,96390200,96390200,-1,-1,1
TX,2,552,830c30c,98530000,98530200,98530200,-1,-1,1
TX,2,552,030c30c,98550000,98550200,98550200,-1,-1,1
TX,2,552,430c30c,98570000,98570200,98570200,-1,-1,1
TX,2,559,8300303,100230000,100230200,100230200,-1,-1,1
TX,2,559,0300303,100250000,100250200,100250200,-1,-1,1
TX,2,559,4300303,100270000,100270200,100270200,-1,-1,1
TX,2,587,8100103,104970000,104970200,104970200,-1,-1,1
TX,2,587,0100103,104990000,104990200,104990200,-1,-1,1
TX,2,587,4100103,105010000,105010200,105010200,-1,-1,1
TX,2,605,8204205,109170000,109170200,109170200,-1,-1,1
TX,2,605,0204205,109190000,109190200,109190200,-1,-1,1
TX,2,605,4204205,109210000,109210200,109210200,-1,-1,1
TX,2,618,820820a,111450000,111450200,111450200,-1,-1,1
TX,2,618,020820a,111470000,111470200,111470200,-1,-1,1
TX,2,618,420820a,111490000,111490200,111490200,-1,-1,1
TX,2,623,8104107,112170000,112170200,112170200,-1,-1,1
TX,2,623,0104107,112190000,112190200,112190200,-1,-1,1
TX,2,623,4104107,112210000,112210200,112210200,-1,-1,1
TX,2,624,810c10c,112230000,112230200,112230200,-1,-1,1
TX,2,624,010c10c,112250000,112250200,112250200,-1,-1,1
TX,2,624,410c10c,112270000,112270200,112270200,-1,-1,1
TX,2,640,800c00c,115390000,115390200,115390200,-1,-1,1
TX,2,640,000c00c,115410000,115410200,115410200,-1,-1,1
TX,2,640,400c00c,115430000,115430200,115430200,-1,-1,1
TX,2,661,8000001,120590000,120590200,120590200,-1,-1,1
TX,2,661,0000001,120610000,120610200,120610200,-1,-1,1
TX,2,661,4000001,120630000,120630200,120630200,-1,-1,1
TX,2,664,8200200,121290000,121290200,121290200,-1,-1,1
TX,2,664,0200200,121310000,121310200,121310200,-1,-1,1
TX,2,664,4200200,121330000,121330200,121330200,-1,-1,1
TX,2,669,8004005,122570000,122570200,122570200,-1,-1,1
TX,2,669,0004005,122590000,122590200,122590200,-1,-1,1
TX,2,669,4004005,122610000,122610200,122610200,-1,-1,1
TX,2,670,810c10e,123190000,123190200,123190200,-1,-1,1
TX,2,670,010c10e,123210000,123210200,123210200,-1,-1,1
TX,2,670,410c10e,123230000,123230200,123230200,-1,-1,1
TX,2,679,8100103,125210000,125210200,125210200,-1,-1,1
TX,2,679,0100103,125230000,125230200,125230200,-1,-1,1
TX,2,679,4100103,125250000,125250200,125250200,-1,-1,1
TX,2,701,820c20d,129490000,129490200,129490200,-1,-1,1
TX,2,701,020c20d,129510000,129510200,129510200,-1,-1,1
TX,2,701,420c20d,129530000,129530200,129530200,-1,-1,1
TX,2,721,8308309,134090000,134090200,134090200,-1,-1,1
TX,2,721,0308309,134110000,134110200,134110200,-1,-1,1
TX,2,721,4308309,134130000,134130200,134130200,-1,-1,1
TX,2,736,810c10c,137130000,137130200,137130200,-1,-1,1
TX,2,736,010c10c,137150000,137150200,137150200,-1,-1,1
TX,2,736,410c10c,137170000,137170200,137170200,-1,-1,1
TX,2,738,8100102,137270000,137270200,137270200,-1,-1,1
TX,2,738,0100102,137290000,137290200,137290200,-1,-1,1
TX,2,738,4100102,137310000,137310200,137310200,-1,-1,1
TX,2,755,8300303,140190000,140190200,140190200,-1,-1,1
TX,2,755,0300303,140210000,140210200,140210200,-1,-1,1
TX,2,755,4300303,140230000,140230200,140230200,-1,-1,1
TX,2,758,8104106,140670000,140670200,140670200,-1,-1,1
TX,2,758,0104106,140690000,140690200,140690200,-1,-1,1
TX,2,758,4104106,140710000,140710200,140710200,-1,-1,1
TX,2,768,830c30c,142090000,142090200,142090200,-1,-1,1
TX,2,768,030c30c,142110000,142110200,142110200,-1,-1,1
TX,2,768,430c30c,142130000,142130200,142130200,-1,-1,1
TX,2,779,830830b,144030000,144030200,144030200,-1,-1,1
TX,2,779,030830b,144050000,144050200,144050200,-1,-1,1
TX,2,779,430830b,144070000,144070200,144070200,-1,-1,1
TX,2,799,800c00f,147650000,147650200,147650200,-1,-1,1
TX,2,799,000c00f,147670000,147670200,147670200,-1,-1,1
TX,2,799,400c00f,147690000,147690200,147690200,-1,-1,1
TX,2,835,8104107,154890000,154890200,154890200,-1,-1,1
TX,2,835,0104107,154910000,154910200,154910200,-1,-1,1
TX,2,835,4104107,154930000,154930200,154930200,-1,-1,1
TX,2,867,8004007,161750000,161750200,161750200,-1,-1,1
TX,2,867,0004007,161770000,161770200,161770200,-1,-1,1
TX,2,867,4004007,161790000,161790200,161790200,-1,-1,1
TX,2,883,8304307,164050000,164050200,164050200,-1,-1,1
TX,2,883,0304307,164070000,164070200,164070200,-1,-1,1
TX,2,883,4304307,164090000,164090200,164090200,-1,-1,1
TX,2,937,8004005,174950000,174950200,174950200,-1,-1,1
TX,2,937,0004005,174970000,174970200,174970200,-1,-1,1
TX,2,937,4004005,174990000,174990200,174990200,-1,-1,1
TX,2,941,810c10d,175990000,175990200,175990200,-1,-1,1
TX,2,941,010c10d,176010000,176010200,176010200,-1,-1,1
TX,2,941,410c10d,176030000,176030200,176030200,-1,-1,1
TX,2,953,8104105,178250000,178250200,178250200,-1,-1,1
TX,2,953,0104105,178270000,178270200,178270200,-1,-1,1
TX,2,953,4104105,178290000,178290200,178290200,-1,-1,1
TX,3,44,8304304,9310000,9310200,9310200,-1,-1,1
TX,3,44,0304304,9330000,9330200,9330200,-1,-1,1
TX,3,44,4304304,9350000,9350200,9350200,-1,-1,1
TX,3,55,8300303,10350000,10350200,10350200,-1,-1,1
TX,3,55,0300303,10370000,10370200,10370200,-1,-1,1
TX,3,55,4300303,10390000,10390200,10390200,-1,-1,1
TX,3,96,8200200,18450000,18450200,18450200,-1,-1,1
TX,3,96,0200200,18470000,18470200,18470200,-1,-1,1
TX,3,96,4200200,18490000,18490200,18490200,-1,-1,1
TX,3,112,810c10c,21510000,21510200,21510200,-1,-1,1
TX,3,112,010c10c,21530000,21530200,21530200,-1,-1,1
TX,3,112,410c10c,21550000,21550200,21550200,-1,-1,1
TX,3,148,8208208,27110000,27110200,27110200,-1,-1,1
TX,3,148,0208208,27130000,27130200,27130200,-1,-1,1
TX,3,148,4208208,27150000,27150200,27150200,-1,-1,1
TX,3,151,830830b,27530000,27530200,27530200,-1,-1,1
TX,3,151,030830b,27550000,27550200,27572400,-1,-1,1
TX,3,151,430830b,27570000,27572600,27572600,-1,-1,1
TX,3,152,830c30c,28150000,28150200,28150200,-1,-1,1
TX,3,152,030c30c,28170000,28170200,28170200,-1,-1,1
TX,3,152,430c30c,28190000,28190200,28190200,-1,-1,1
TX,3,161,8208209,29870000,29870200,29870200,-1,-1,1
TX,3,161,0208209,29890000,29890200,29890200,-1,-1,1
TX,3,161,4208209,29910000,29910200,29910200,-1,-1,1
TX,3,165,830c30d,30190000,30190200,30190200,-1,-1,1
TX,3,165,030c30d,30210000,30210200,30210200,-1,-1,1
TX,3,165,430c30d,30230000,30230200,30230200,-1,-1,1
TX,3,176,8204204,32130000,32130200,32130200,-1,-1,1
TX,3,176,0204204,32150000,32150200,32150200,-1,-1,1
TX,3,176,4204204,32170000,32170200,32170200,-1,-1,1
TX,3,188,820c20c,34650000,34650200,34650200,-1,-1,1
TX,3,188,020c20c,34670000,34670200,34670200,-1,-1,1
TX,3,188,420c20c,34690000,34690200,34690200,-1,-1,1
TX,3,189,830c30d,35130000,35130200,35130200,-1,-1,1
TX,3,189,030c30d,35150000,35150200,35150200,-1,-1,1
TX,3,189,430c30d,35170000,35170200,35170200,-1,-1,1
TX,3,191,820c20f,35570000,35570200,35570200,-1,-1,1
TX,3,191,020c20f,35590000,35590200,35590200,-1,-1,1
TX,3,191,420c20f,35610000,35610200,35610200,-1,-1,1
TX,3,206,8000002,38690000,38690200,38690200,-1,-1,1
TX,3,206,0000002,38710000,38710200,38710200,-1,-1,1
TX,3,206,4000002,38730000,38730200,38730200,-1,-1,1
TX,3,220,8200200,40410000,40410200,40410200,-1,-1,1
TX,3,220,0200200,40430000,40430200,40430200,-1,-1,1
TX,3,220,4200200,40450000,40450200,40450200,-1,-1,1
TX,3,235,8200203,42170000,42170200,42170200,-1,-1,1
TX,3,235,0200203,42190000,42190200,42190200,-1,-1,1
TX,3,235,4200203,42210000,42210200,42210200,-1,-1,1
TX,3,237,8100101,42270000,42270200,42270200,-1,-1,1
TX,3,237,0100101,42290000,42290200,42290200,-1,-1,1
TX,3,237,4100101,42310000,42310200,42310200,-1,-1,1
TX,3,258,8204206,45210000,45210200,45210200,-1,-1,1
TX,3,258,0204206,45230000,45230200,45230200,-1,-1,1
TX,3,258,4204206,45250000,45250200,45250200,-1,-1,1
TX,3,261,8100101,45630000,45630200,45630200,-1,-1,1
TX,3,261,0100101,45650000,45650200,45650200,-1,-1,1
TX,3,261,4100101,45670000,45670200,45670200,-1,-1,1
TX,3,294,8000002,52210000,52210200,52210200,-1,-1,1
TX,3,294,0000002,52230000,52230200,52230200,-1,-1,1
TX,3,294,4000002,52250000,52250200,52250200,-1,-1,1
TX,3,308,8200200,53870000,53870200,53870200,-1,-1,1
TX,3,308,0200200,53890000,53890200,53890200,-1,-1,1
TX,3,308,4200200,53910000,53910200,53910200,-1,-1,1
TX,3,314,8304306,54710000,54710200,54710200,-1,-1,1
TX,3,314,0304306,54730000,54730200,54730200,-1,-1,1
TX,3,314,4304306,54750000,54750200,54750200,-1,-1,1
TX,3,339,800800b,60430000,60430200,60430200,-1,-1,1
TX,3,339,000800b,60450000,60450200,60450200,-1,-1,1
TX,3,339,400800b,60470000,60470200,60470200,-1,-1,1
TX,3,341,8100101,60970000,60970200,60970200,-1,-1,1
TX,3,341,0100101,60990000,60990200,60990200,-1,-1,1
TX,3,341,4100101,61010000,61010200,61010200,-1,-1,1
TX,3,418,810c10e,74490000,74490200,74490200,-1,-1,1
TX,3,418,010c10e,74510000,74510200,74510200,-1,-1,1
TX,3,418,410c10e,74530000,74530200,74530200,-1,-1,1
TX,3,449,830c30d,80310000,80310200,80310200,-1,-1,1
TX,3,449,030c30d,80330000,80330200,80330200,-1,-1,1
TX,3,449,430c30d,80350000,80350200,80350200,-1,-1,1
TX,3,470,810810a,83490000,83490200,83490200,-1,-1,1
TX,3,470,010810a,83510000,83510200,83510200,-1,-1,1
TX,3,470,410810a,83530000,83530200,83530200,-1,-1,1
TX,3,480,8004004,85290000,85290200,85290200,-1,-1,1
TX,3,480,0004004,85310000,85310200,85310200,-1,-1,1
TX,3,480,4004004,85330000,85330200,85330200,-1,-1,1
TX,3,507,830c30f,88990000,88990200,88990200,-1,-1,1
TX,3,507,030c30f,89010000,89010200,89010200,-1,-1,1
TX,3,507,430c30f,89030000,89030200,89030200,-1,-1,1
TX,3,510,820820a,89690000,89690200,89690200,-1,-1,1
TX,3,510,020820a,89710000,89710200,89710200,-1,-1,1
TX,3,510,420820a,89730000,89730200,89730200,-1,-1,1
TX,3,516,8300300,90850000,90850200,90850200,-1,-1,1
TX,3,516,0300300,90870000,90870200,90870200,-1,-1,1
TX,3,516,4300300,90890000,90890200,90890200,-1,-1,1
TX,3,517,8000001,91250000,91250200,91250200,-1,-1,1
TX,3,517,0000001,91270000,91270200,91270200,-1,-1,1
TX,3,517,4000001,91290000,91290200,91290200,-1,-1,1
TX,3,519,820c20f,91610000,91610200,91610200,-1,-1,1
TX,3,519,020c20f,91630000,91630200,91630200,-1,-1,1
TX,3,519,420c20f,91650000,91650200,91650200,-1,-1,1
TX,3,534,8000002,94950000,94950200,94950200,-1,-1,1
TX,3,534,0000002,94970000,94970200,94970200,-1,-1,1
TX,3,534,4000002,94990000,94990200,94990200,-1,-1,1
TX,3,551,830830b,98270000,98270200,98270200,-1,-1,1
TX,3,551,030830b,98290000,98290200,98290200,-1,-1,1
TX,3,551,430830b,98310000,98310200,98310200,-1,-1,1
TX,3,561,8308205,100590000,100590200,100590200,-1,-1,1
TX,3,561,0308205,100610000,100610200,100610200,-1,-1,1
TX,3,561,4308205,100630000,100630200,100630200,-1,-1,1
TX,3,602,8100102,108730000,108730200,108730200,-1,-1,1
TX,3,602,0100102,108750000,108750200,108750200,-1,-1,1
TX,3,602,4100102,108770000,108770200,108770200,-1,-1,1
TX,3,615,8300303,111350000,111350200,111350200,-1,-1,1
TX,3,615,0300303,111370000,111370200,111370200,-1,-1,1
TX,3,615,4300303,111390000,111390200,111390200,-1,-1,1
TX,3,639,830c30f,115110000,115110200,115110200,-1,-1,1
TX,3,639,030c30f,115130000,115130200,115130200,-1,-1,1
TX,3,639,430c30f,115150000,115150200,115150200,-1,-1,1
TX,3,653,830c30d,119110000,119110200,119110200,-1,-1,1
TX,3,653,030c30d,119130000,119130200,119130200,-1,-1,1
TX,3,653,430c30d,119150000,119150200,119150200,-1,-1,1
TX,3,672,8008008,123430000,123430200,123430200,-1,-1,1
TX,3,672,0008008,123450000,123450200,123450200,-1,-1,1
TX,3,672,4008008,123470000,123470200,123470200,-1,-1,1
TX,3,676,830c30c,123990000,123990200,123990200,-1,-1,1
TX,3,676,030c30c,124010000,124010200,124010200,-1,-1,1
TX,3,676,430c30c,124030000,124030200,124030200,-1,-1,1
TX,3,681,820c20d,125530000,125530200,125530200,-1,-1,1
TX,3,681,020c20d,125550000,125550200,125550200,-1,-1,1
TX,3,681,420c20d,125570000,125570200,125570200,-1,-1,1
TX,3,692,8308308,127750000,127750200,127750200,-1,-1,1
TX,3,692,0308308,127770000,127770200,127770200,-1,-1,1
TX,3,692,4308308,127790000,127790200,127790200,-1,-1,1
TX,3,698,8300302,128490000,128490200,128490200,-1,-1,1
TX,3,698,0300302,128510000,128510200,128510200,-1,-1,1
TX,3,698,4300302,128530000,128530200,128530200,-1,-1,1
TX,3,718,800800a,133290000,133290200,133290200,-1,-1,1
TX,3,718,000800a,133310000,133310200,133310200,-1,-1,1
TX,3,718,400800a,133330000,133330200,133330200,-1,-1,1
TX,3,757,820c20d,140550000,140550200,140550200,-1,-1,1
TX,3,757,020c20d,140570000,140570200,140570200,-1,-1,1
TX,3,757,420c20d,140590000,140590200,140590200,-1,-1,1
TX,3,783,810810b,144910000,144910200,144910200,-1,-1,1
TX,3,783,010810b,144930000,144930200,144930200,-1,-1,1
TX,3,783,410810b,144950000,144950200,144950200,-1,-1,1
TX,3,793,8008009,146390000,146390200,146390200,-1,-1,1
TX,3,793,0008009,146410000,146410200,146410200,-1,-1,1
TX,3,793,4008009,146430000,146430200,146430200,-1,-1,1
TX,3,817,8308309,150750000,150750200,150750200,-1,-1,1
TX,3,817,0308309,150770000,150770200,150770200,-1,-1,1
TX,3,817,4308309,150790000,150790200,150790200,-1,-1,1
TX,3,832,8304304,153810000,153810200,153810200,-1,-1,1
TX,3,832,0304304,153830000,153830200,153830200,-1,-1,1
TX,3,832,4304304,153850000,153850200,153850200,-1,-1,1
TX,3,903,800800b,168310000,168310200,168310200,-1,-1,1
TX,3,903,000800b,168330000,168330200,168330200,-1,-1,1
TX,3,903,400800b,168350000,168350200,168350200,-1,-1,1
TX,3,906,8108102,169250000,169250200,169250200,-1,-1,1
TX,3,906,0108102,169270000,169270200,169270200,-1,-1,1
TX,3,906,4108102,169290000,169290200,169290200,-1,-1,1
TX,3,922,8308302,172350000,172350200,172350200,-1,-1,1
TX,3,922,0308302,172370000,172370200,172370200,-1,-1,1
TX,3,922,4308302,172390000,172390200,172390200,-1,-1,1
TX,3,940,8000000,175470000,175470200,175470200,-1,-1,1
TX,3,940,0000000,175490000,175490200,175490200,-1,-1,1
TX,3,940,4000000,175510000,175510200,175510200,-1,-1,1
TX,3,942,810c10e,176010000,176010200,176010200,-1,-1,1
TX,3,942,010c10e,176030000,176030200,176032400,-1,-1,1
TX,3,942,410c10e,176050000,176050200,176050200,-1,-1,1
TX,3,951,830c30f,177450000,177450200,177450200,-1,-1,1
TX,3,951,030c30f,177470000,177470200,177470200,-1,-1,1
TX,3,951,430c30f,177490000,177490200,177490200,-1,-1,1
TX,3,956,8300300,178410000,178410200,178410200,-1,-1,1
TX,3,956,0300300,178430000,178430200,178430200,-1,-1,1
TX,3,956,4300300,178450000,178450200,178450200,-1,-1,1
TX,4,58,810c10e,11430000,11430200,11430200,-1,-1,1
TX,4,58,010c10e,11450000,11450200,11450200,-1,-1,1
TX,4,58,410c10e,11470000,11470200,11470200,-1,-1,1
TX,4,66,830c30e,13190000,13190200,13190200,-1,-1,1
TX,4,66,030c30e,13210000,13210200,13210200,-1,-1,1
TX,4,66,430c30e,13230000,13230200,13230200,-1,-1,1
TX,4,80,830c30c,15650000,15650200,15650200,-1,-1,1
TX,4,80,030c30c,15670000,15670200,15670200,-1,-1,1
TX,4,80,430c30c,15690000,15690200,15690200,-1,-1,1
TX,4,155,830c30f,28670000,28670200,28670200,-1,-1,1
TX,4,155,030c30f,28690000,28690200,28690200,-1,-1,1
TX,4,155,430c30f,28710000,28710200,28710200,-1,-1,1
TX,4,170,8204206,31430000,31430200,31430200,-1,-1,1
TX,4,170,0204206,31450000,31450200,31450200,-1,-1,1
TX,4,170,4204206,31470000,31470200,31470200,-1,-1,1
TX,4,173,8000001,31910000,31910200,31910200,-1,-1,1
TX,4,173,0000001,31930000,31930200,31930200,-1,-1,1
TX,4,173,4000001,31950000,31950200,31950200,-1,-1,1
TX,4,228,8000000,41610000,41610200,41610200,-1,-1,1
TX,4,228,0000000,41630000,41630200,41630200,-1,-1,1
TX,4,228,4000000,41650000,41650200,41650200,-1,-1,1
TX,4,249,820c20d,44310000,44310200,44310200,-1,-1,1
TX,4,249,020c20d,44330000,44330200,44330200,-1,-1,1
TX,4,249,420c20d,44350000,44350200,44350200,-1,-1,1
TX,4,269,800c00d,46890000,46890200,46890200,-1,-1,1
TX,4,269,000c00d,46910000,46910200,46910200,-1,-1,1
TX,4,269,400c00d,46930000,46930200,46930200,-1,-1,1
TX,4,281,830c30d,49150000,49150200,49150200,-1,-1,1
TX,4,281,030c30d,49170000,49170200,49170200,-1,-1,1
TX,4,281,430c30d,49190000,49190200,49190200,-1,-1,1
TX,4,290,8300302,51510000,51510200,51510200,-1,-1,1
TX,4,290,0300302,51530000,51530200,51530200,-1,-1,1
TX,4,290,4300302,51550000,51550200,51550200,-1,-1,1
TX,4,295,820820b,52350000,52350200,52350200,-1,-1,1
TX,4,295,020820b,52370000,52370200,52370200,-1,-1,1
TX,4,295,420820b,52390000,52390200,52390200,-1,-1,1
TX,4,306,820c20e,53710000,53710200,53710200,-1,-1,1
TX,4,306,020c20e,53730000,53730200,53730200,-1,-1,1
TX,4,306,420c20e,53750000,53750200,53750200,-1,-1,1
TX,4,312,820c20c,54530000,54530200,54530200,-1,-1,1
TX,4,312,020c20c,54550000,54550200,54550200,-1,-1,1
TX,4,312,420c20c,54570000,54570200,54570200,-1,-1,1
TX,4,319,800c00f,55690000,55690200,55690200,-1,-1,1
TX,4,319,000c00f,55710000,55710200,55710200,-1,-1,1
TX,4,319,400c00f,55730000,55730200,55730200,-1,-1,1
TX,4,324,8308308,56510000,56510200,56510200,-1,-1,1
TX,4,324,0308308,56530000,56530200,56530200,-1,-1,1
TX,4,324,4308308,56550000,56550200,56550200,-1,-1,1
TX,4,346,810c10e,62290000,62290200,62290200,-1,-1,1
TX,4,346,010c10e,62310000,62310200,62310200,-1,-1,1
TX,4,346,410c10e,62330000,62330200,62330200,-1,-1,1
TX,4,357,8308309,63490000,63490200,63490200,-1,-1,1
TX,4,357,0308309,63510000,63510200,63510200,-1,-1,1
TX,4,357,4308309,63530000,63530200,63530200,-1,-1,1
TX,4,364,8108108,64550000,64550200,64550200,-1,-1,1
TX,4,364,0108108,64570000,64570200,64572400,-1,-1,1
TX,4,364,4108108,64590000,64590200,64590200,-1,-1,1
TX,4,367,810c10f,65750000,65750200,65750200,-1,-1,1
TX,4,367,010c10f,65770000,65770200,65770200,-1,-1,1
TX,4,367,410c10f,65790000,65790200,65790200,-1,-1,1
TX,4,368,8308308,66630000,66630200,66630200,-1,-1,1
TX,4,368,0308308,66650000,66650200,66650200,-1,-1,1
TX,4,368,4308308,66670000,66670200,66670200,-1,-1,1
TX,4,389,8000001,69570000,69570200,69570200,-1,-1,1
TX,4,389,0000001,69590000,69590200,69590200,-1,-1,1
TX,4,389,4000001,69610000,69610200,69610200,-1,-1,1
TX,4,399,830c30f,70910000,70910200,70910200,-1,-1,1
TX,4,399,030c30f,70930000,70930200,70930200,-1,-1,1
TX,4,399,430c30f,70950000,70950200,70950200,-1,-1,1
TX,4,403,8200203,71770000,71770200,71770200,-1,-1,1
TX,4,403,0200203,71790000,71790200,71790200,-1,-1,1
TX,4,403,4200203,71810000,71810200,71810200,-1,-1,1
TX,4,416,8304304,74370000,74370200,74370200,-1,-1,1
TX,4,416,0304304,74390000,74390200,74390200,-1,-1,1
TX,4,416,4304304,74410000,74410200,74410200,-1,-1,1
TX,4,446,830830a,79070000,79070200,79070200,-1,-1,1
TX,4,446,030830a,79090000,79090200,79090200,-1,-1,1
TX,4,446,430830a,79110000,79110200,79110200,-1,-1,1
TX,4,457,810c10d,81290000,81290200,81290200,-1,-1,1
TX,4,457,010c10d,81310000,81310200,81310200,-1,-1,1
TX,4,457,410c10d,81330000,81330200,81330200,-1,-1,1
TX,4,471,820c20f,83510000,83510200,83510200,-1,-1,1
TX,4,471,020c20f,83530000,83530200,83530200,-1,-1,1
TX,4,471,420c20f,83550000,83550200,83550200,-1,-1,1
TX,4,482,830c30e,85430000,85430200,85430200,-1,-1,1
TX,4,482,030c30e,85450000,85450200,85450200,-1,-1,1
TX,4,482,430c30e,85470000,85470200,85470200,-1,-1,1
TX,4,521,8304305,92450000,92450200,92450200,-1,-1,1
TX,4,521,0304305,92470000,92470200,92470200,-1,-1,1
TX,4,521,4304305,92490000,92490200,92490200,-1,-1,1
TX,4,526,800c00e,93290000,93290200,93290200,-1,-1,1
TX,4,526,000c00e,93310000,93310200,93310200,-1,-1,1
TX,4,526,400c00e,93330000,93330200,93330200,-1,-1,1
TX,4,557,830c30d,99750000,99750200,99750200,-1,-1,1
TX,4,557,030c30d,99770000,99770200,99770200,-1,-1,1
TX,4,557,430c30d,99790000,99790200,99790200,-1,-1,1
TX,4,580,800c00c,103950000,103950200,103950200,-1,-1,1
TX,4,580,000c00c,103970000,103970200,103970200,-1,-1,1
TX,4,580,400c00c,103990000,103990200,103990200,-1,-1,1
TX,4,612,8108108,110330000,110330200,110330200,-1,-1,1
TX,4,612,0108108,110350000,110350200,110350200,-1,-1,1
TX,4,612,4108108,110370000,110370200,110370200,-1,-1,1
TX,4,649,810c10d,118270000,118270200,118270200,-1,-1,1
TX,4,649,010c10d,118290000,118290200,118290200,-1,-1,1
TX,4,649,410c10d,118310000,118310200,118310200,-1,-1,1
TX,4,687,800c00f,126330000,126330200,126330200,-1,-1,1
TX,4,687,000c00f,126350000,126350200,126350200,-1,-1,1
TX,4,687,400c00f,126370000,126370200,126370200,-1,-1,1
TX,4,705,800c00d,130790000,130790200,130790200,-1,-1,1
TX,4,705,000c00d,130810000,130810200,130810200,-1,-1,1
TX,4,705,400c00d,130830000,130830200,130830200,-1,-1,1
TX,4,743,800c00f,138510000,138510200,138510200,-1,-1,1
TX,4,743,000c00f,138530000,138530200,138530200,-1,-1,1
TX,4,743,400c00f,138550000,138550200,138550200,-1,-1,1
TX,4,748,800c00c,139670000,139670200,139670200,-1,-1,1
TX,4,748,000c00c,139690000,139690200,139690200,-1,-1,1
TX,4,748,400c00c,139710000,139710200,139710200,-1,-1,1
TX,4,759,8204207,140730000,140730200,140730200,-1,-1,1
TX,4,759,0204207,140750000,140750200,140750200,-1,-1,1
TX,4,759,4204207,140770000,140770200,140770200,-1,-1,1
TX,4,760,8008008,141250000,141250200,141250200,-1,-1,1
TX,4,760,0008008,141270000,141270200,141270200,-1,-1,1
TX,4,760,4008008,141290000,141290200,141290200,-1,-1,1
TX,4,788,8008008,145710000,145710200,145710200,-1,-1,1
TX,4,788,0008008,145730000,145730200,145730200,-1,-1,1
TX,4,788,4008008,145750000,145750200,145750200,-1,-1,1
TX,4,789,8204205,146110000,146110200,146110200,-1,-1,1
TX,4,789,0204205,146130000,146130200,146130200,-1,-1,1
TX,4,789,4204205,146150000,146150200,146150200,-1,-1,1
TX,4,800,8308308,147930000,147930200,147930200,-1,-1,1
TX,4,800,0308308,147950000,147950200,147950200,-1,-1,1
TX,4,800,4308308,147970000,147970200,147970200,-1,-1,1
TX,4,816,8208208,150450000,150450200,150450200,-1,-1,1
TX,4,816,0208208,150470000,150470200,150470200,-1,-1,1
TX,4,816,4208208,150490000,150490200,150490200,-1,-1,1
TX,4,821,8204205,151350000,151350200,151350200,-1,-1,1
TX,4,821,0204205,151370000,151370200,151370200,-1,-1,1
TX,4,821,4204205,151390000,151390200,151390200,-1,-1,1
TX,4,884,8104104,164230000,164230200,164230200,-1,-1,1
TX,4,884,0104104,164250000,164250200,164250200,-1,-1,1
TX,4,884,4104104,164270000,164270200,164270200,-1,-1,1
TX,4,902,8300302,168090000,168090200,168090200,-1,-1,1
TX,4,902,0300302,168110000,168110200,168110200,-1,-1,1
TX,4,902,4300302,168130000,168130200,168130200,-1,-1,1
TX,4,907,8000003,169650000,169650200,169650200,-1,-1,1
TX,4,907,0000003,169670000,169670200,169670200,-1,-1,1
TX,4,907,4000003,169690000,169690200,169690200,-1,-1,1
TX,4,939,810c10f,175330000,175330200,175330200,-1,-1,1
TX,4,939,010c10f,175350000,175350200,175350200,-1,-1,1
TX,4,939,410c10f,175370000,175370200,175370200,-1,-1,1
TX,4,952,8000000,177550000,177550200,177550200,-1,-1,1
TX,4,952,0000000,177570000,177570200,177570200,-1,-1,1
TX,4,952,4000000,177590000,177590200,177590200,-1,-1,1
TX,4,961,8004005,178750000,178750200,178750200,-1,-1,1
TX,4,961,0004005,178770000,178770200,178770200,-1,-1,1
TX,4,961,4004005,178790000,178790200,178790200,-1,-1,1
TX,4,963,8000003,179590000,179590200,179590200,-1,-1,1
TX,4,963,0000003,179610000,179610200,179610200,-1,-1,1
TX,4,963,4000003,179630000,179630200,179630200,-1,-1,1
TX,4,978,830c30e,181610000,181610200,181610200,-1,-1,1
TX,4,978,030c30e,181630000,181630200,181630200,-1,-1,1
TX,4,978,430c30e,181650000,181650200,181650200,-1,-1,1
TX,4,983,8104107,182310000,182310200,182310200,-1,-1,1
TX,4,983,0104107,182330000,182330200,182330200,-1,-1,1
TX,4,983,4104107,182350000,182350200,182350200,-1,-1,1
TX,5,8,8300300,1810000,1810200,1810200,-1,-1,1
TX,5,8,0300300,1830000,1830200,1830200,-1,-1,1
TX,5,8,4300300,1850000,1850200,1850200,-1,-1,1
TX,5,39,820c20f,8470000,8470200,8470200,-1,-1,1
TX,5,39,020c20f,8490000,8490200,8490200,-1,-1,1
TX,5,39,420c20f,8510000,8510200,8510200,-1,-1,1
TX,5,48,8000000,9590000,9590200,9590200,-1,-1,1
TX,5,48,0000000,9610000,9610200,9610200,-1,-1,1
TX,5,48,4000000,9630000,9630200,9630200,-1,-1,1
TX,5,56,8200200,10650000,10650200,10650200,-1,-1,1
TX,5,56,0200200,10670000,10670200,10670200,-1,-1,1
TX,5,56,4200200,10690000,10690200,10690200,-1,-1,1
TX,5,63,820820b,12610000,12610200,12610200,-1,-1,1
TX,5,63,020820b,12630000,12630200,12630200,-1,-1,1
TX,5,63,420820b,12650000,12650200,12650200,-1,-1,1
TX,5,65,830c30d,12930000,12930200,12930200,-1,-1,1
TX,5,65,030c30d,12950000,12950200,12950200,-1,-1,1
TX,5,65,430c30d,12970000,12970200,12970200,-1,-1,1
TX,5,105,8308309,20290000,20290200,20290200,-1,-1,1
TX,5,105,0308309,20310000,20310200,20310200,-1,-1,1
TX,5,105,4308309,20330000,20330200,20330200,-1,-1,1
TX,5,123,800c00f,23470000,23470200,23470200,-1,-1,1
TX,5,123,000c00f,23490000,23490200,23490200,-1,-1,1
TX,5,123,400c00f,23510000,23510200,23510200,-1,-1,1
TX,5,128,8300300,24270000,24270200,24270200,-1,-1,1
TX,5,128,0300300,24290000,24290200,24290200,-1,-1,1
TX,5,128,4300300,24310000,24310200,24310200,-1,-1,1
TX,5,186,8100102,34150000,34150200,34150200,-1,-1,1
TX,5,186,0100102,34170000,34170200,34170200,-1,-1,1
TX,5,186,4100102,34190000,34190200,34190200,-1,-1,1
TX,5,211,800800b,39570000,39570200,39570200,-1,-1,1
TX,5,211,000800b,39590000,39590200,39590200,-1,-1,1
TX,5,211,400800b,39610000,39610200,39610200,-1,-1,1
TX,5,214,830830a,39730000,39730200,39730200,-1,-1,1
TX,5,214,030830a,39750000,39750200,39750200,-1,-1,1
TX,5,214,430830a,39770000,39770200,39770200,-1,-1,1
TX,5,224,8008008,41430000,41430200,41430200,-1,-1,1
TX,5,224,0008008,41450000,41450200,41450200,-1,-1,1
TX,5,224,4008008,41470000,41470200,41470200,-1,-1,1
TX,5,232,8308208,41790000,41790200,41790200,-1,-1,1
TX,5,232,0308208,41810000,41810200,41810200,-1,-1,1
TX,5,232,4308208,41830000,41830200,41830200,-1,-1,1
TX,5,270,820820a,47030000,47030200,47030200,-1,-1,1
TX,5,270,020820a,47050000,47050200,47050200,-1,-1,1
TX,5,270,420820a,47070000,47070200,47070200,-1,-1,1
TX,5,276,8008008,48370000,48370200,48370200,-1,-1,1
TX,5,276,0008008,48390000,48390200,48390200,-1,-1,1
TX,5,276,4008008,48410000,48410200,48410200,-1,-1,1
TX,5,309,8108109,54030000,54030200,54030200,-1,-1,1
TX,5,309,0108109,54050000,54050200,54050200,-1,-1,1
TX,5,309,4108109,54070000,54070200,54070200,-1,-1,1
TX,5,313,8004005,54530000,54530200,54530200,-1,-1,1
TX,5,313,0004005,54550000,54550200,54550200,-1,-1,1
TX,5,313,4004005,54570000,54570200,54570200,-1,-1,1
TX,5,318,8204206,55430000,55430200,55430200,-1,-1,1
TX,5,318,0204206,55450000,55450200,55450200,-1,-1,1
TX,5,318,4204206,55470000,55470200,55470200,-1,-1,1
TX,5,333,8004005,58090000,58090200,58090200,-1,-1,1
TX,5,333,0004005,58110000,58110200,58110200,-1,-1,1
TX,5,333,4004005,58130000,58130200,58130200,-1,-1,1
TX,5,347,8004007,62390000,62390200,62390200,-1,-1,1
TX,5,347,0004007,62410000,62410200,62410200,-1,-1,1
TX,5,347,4004007,62430000,62430200,62430200,-1,-1,1
TX,5,370,830830a,67130000,67130200,67130200,-1,-1,1
TX,5,370,030830a,67150000,67150200,67150200,-1,-1,1
TX,5,370,430830a,67170000,67170200,67170200,-1,-1,1
TX,5,386,820820a,69090000,69090200,69090200,-1,-1,1
TX,5,386,020820a,69110000,69110200,69110200,-1,-1,1
TX,5,386,420820a,69130000,69130200,69130200,-1,-1,1
TX,5,393,8008009,70150000,70150200,70150200,-1,-1,1
TX,5,393,0008009,70170000,70170200,70170200,-1,-1,1
TX,5,393,4008009,70190000,70190200,70190200,-1,-1,1
TX,5,424,8008000,75090000,75090200,75090200,-1,-1,1
TX,5,424,0008000,75110000,75110200,75110200,-1,-1,1
TX,5,424,4008000,75130000,75130200,75130200,-1,-1,1
TX,5,433,8200201,76150000,76150200,76150200,-1,-1,1
TX,5,433,0200201,76170000,76170200,76192400,-1,-1,1
TX,5,433,4200201,76190000,76192600,76192600,-1,-1,1
TX,5,441,8100101,78450000,78450200,78450200,-1,-1,1
TX,5,441,0100101,78470000,78470200,78470200,-1,-1,1
TX,5,441,4100101,78490000,78490200,78490200,-1,-1,1
TX,5,458,8304306,81530000,81530200,81530200,-1,-1,1
TX,5,458,0304306,81550000,81550200,81550200,-1,-1,1
TX,5,458,4304306,81570000,81570200,81570200,-1,-1,1
TX,5,461,8208209,82410000,82410200,82410200,-1,-1,1
TX,5,461,0208209,82430000,82430200,82430200,-1,-1,1
TX,5,461,4208209,82450000,82450200,82450200,-1,-1,1
TX,5,475,810c10f,84730000,84730200,84730200,-1,-1,1
TX,5,475,010c10f,84750000,84750200,84750200,-1,-1,1
TX,5,475,410c10f,84770000,84770200,84770200,-1,-1,1
TX,5,485,8000001,85950000,85950200,85950200,-1,-1,1
TX,5,485,0000001,85970000,85970200,85970200,-1,-1,1
TX,5,485,4000001,85990000,85990200,85990200,-1,-1,1
TX,5,496,8200200,87330000,87330200,87330200,-1,-1,1
TX,5,496,0200200,87350000,87350200,87350200,-1,-1,1
TX,5,496,4200200,87370000,87370200,87370200,-1,-1,1
TX,5,536,820c20c,95150000,95150200,95150200,-1,-1,1
TX,5,536,020c20c,95170000,95170200,95170200,-1,-1,1
TX,5,536,420c20c,95190000,95190200,95190200,-1,-1,1
TX,5,563,820c20f,101530000,101530200,101530200,-1,-1,1
TX,5,563,020c20f,101550000,101550200,101550200,-1,-1,1
TX,5,563,420c20f,101570000,101570200,101570200,-1,-1,1
TX,5,577,8000001,103530000,103530200,103530200,-1,-1,1
TX,5,577,0000001,103550000,103550200,103550200,-1,-1,1
TX,5,577,4000001,103570000,103570200,103570200,-1,-1,1
TX,5,581,8000001,104010000,104010200,104010200,-1,-1,1
TX,5,581,0000001,104030000,104030200,104030200,-1,-1,1
TX,5,581,4000001,104050000,104050200,104050200,-1,-1,1
TX,5,598,8204206,107750000,107750200,107750200,-1,-1,1
TX,5,598,0204206,107770000,107770200,107770200,-1,-1,1
TX,5,598,4204206,107790000,107790200,107790200,-1,-1,1
TX,5,609,8000001,109730000,109730200,109730200,-1,-1,1
TX,5,609,0000001,109750000,109750200,109750200,-1,-1,1
TX,5,609,4000001,109770000,109770200,109770200,-1,-1,1
TX,5,651,8204207,118350000,118350200,118350200,-1,-1,1
TX,5,651,0204207,118370000,118370200,118370200,-1,-1,1
TX,5,651,4204207,118390000,118390200,118390200,-1,-1,1
TX,5,657,8108109,120370000,120370200,120370200,-1,-1,1
TX,5,657,0108109,120390000,120390200,120390200,-1,-1,1
TX,5,657,4108109,120410000,120410200,120410200,-1,-1,1
TX,5,690,8100102,127270000,127270200,127270200,-1,-1,1
TX,5,690,0100102,127290000,127290200,127290200,-1,-1,1
TX,5,690,4100102,127310000,127310200,127310200,-1,-1,1
TX,5,699,800800b,128990000,128990200,128990200,-1,-1,1
TX,5,699,000800b,129010000,129010200,129010200,-1,-1,1
TX,5,699,400800b,129030000,129030200,129030200,-1,-1,1
TX,5,725,8108109,135290000,135290200,135290200,-1,-1,1
TX,5,725,0108109,135310000,135310200,135310200,-1,-1,1
TX,5,725,4108109,135330000,135330200,135330200,-1,-1,1
TX,5,733,8200201,136570000,136570200,136570200,-1,-1,1
TX,5,733,0200201,136590000,136590200,136590200,-1,-1,1
TX,5,733,4200201,136610000,136610200,136610200,-1,-1,1
TX,5,734,8000002,136870000,136870200,136870200,-1,-1,1
TX,5,734,0000002,136890000,136890200,136890200,-1,-1,1
TX,5,734,4000002,136910000,136910200,136910200,-1,-1,1
TX,5,785,8000001,145010000,145010200,145010200,-1,-1,1
TX,5,785,0000001,145030000,145030200,145030200,-1,-1,1
TX,5,785,4000001,145050000,145050200,145050200,-1,-1,1
TX,5,790,8004006,146190000,146190200,146190200,-1,-1,1
TX,5,790,0004006,146210000,146210200,146210200,-1,-1,1
TX,5,790,4004006,146230000,146230200,146230200,-1,-1,1
TX,5,795,8304307,146710000,146710200,146710200,-1,-1,1
TX,5,795,0304307,146730000,146730200,146730200,-1,-1,1
TX,5,795,4304307,146750000,146750200,146750200,-1,-1,1
TX,5,807,8200203,148550000,148550200,148550200,-1,-1,1
TX,5,807,0200203,148570000,148570200,148570200,-1,-1,1
TX,5,807,4200203,148590000,148590200,148590200,-1,-1,1
TX,5,809,8208209,149210000,149210200,149210200,-1,-1,1
TX,5,809,0208209,149230000,149230200,149230200,-1,-1,1
TX,5,809,4208209,149250000,149250200,149250200,-1,-1,1
TX,5,842,820c20e,156530000,156530200,156530200,-1,-1,1
TX,5,842,020c20e,156550000,156550200,156550200,-1,-1,1
TX,5,842,420c20e,156570000,156570200,156570200,-1,-1,1
TX,5,843,8004007,156830000,156830200,156830200,-1,-1,1
TX,5,843,0004007,156850000,156850200,156850200,-1,-1,1
TX,5,843,4004007,156870000,156870200,156870200,-1,-1,1
TX,5,852,8108108,158670000,158670200,158670200,-1,-1,1
TX,5,852,0108108,158690000,158690200,158690200,-1,-1,1
TX,5,852,4108108,158710000,158710200,158710200,-1,-1,1
TX,5,862,8204206,160150000,160150200,160150200,-1,-1,1
TX,5,862,0204206,160170000,160170200,160170200,-1,-1,1
TX,5,862,4204206,160190000,160190200,160190200,-1,-1,1
TX,5,868,8008008,161850000,161850200,161850200,-1,-1,1
TX,5,868,0008008,161870000,161870200,161870200,-1,-1,1
TX,5,868,4008008,161890000,161890200,161890200,-1,-1,1
TX,5,905,8300301,168730000,168730200,168730200,-1,-1,1
TX,5,905,0300301,168750000,168750200,168750200,-1,-1,1
TX,5,905,4300301,168770000,168770200,168770200,-1,-1,1
TX,5,909,830c30d,170170000,170170200,170170200,-1,-1,1
TX,5,909,030c30d,170190000,170190200,170190200,-1,-1,1
TX,5,909,430c30d,170210000,170210200,170210200,-1,-1,1
TX,5,921,800c00d,172330000,172330200,172330200,-1,-1,1
TX,5,921,000c00d,172350000,172350200,172350200,-1,-1,1
TX,5,921,400c00d,172370000,172370200,172370200,-1,-1,1
TX,5,926,820820a,172750000,172750200,172750200,-1,-1,1
TX,5,926,020820a,172770000,172770200,172770200,-1,-1,1
TX,5,926,420820a,172790000,172790200,172790200,-1,-1,1
TX,5,964,8208208,179610000,179610200,179610200,-1,-1,1
TX,5,964,0208208,179630000,179630200,179630200,-1,-1,1
TX,5,964,4208208,179650000,179650200,179650200,-1,-1,1
TX,5,969,8308309,179930000,179930200,179930200,-1,-1,1
TX,5,969,0308309,179950000,179950200,179950200,-1,-1,1
TX,5,969,4308309,179970000,179970200,179970200,-1,-1,1
TX,5,973,8200201,180710000,180710200,180710200,-1,-1,1
TX,5,973,0200201,180730000,180730200,180730200,-1,-1,1
TX,5,973,4200201,180750000,180750200,180750200,-1,-1,1
TX,5,982,800800a,182170000,182170200,182170200,-1,-1,1
TX,5,982,000800a,182190000,182190200,182190200,-1,-1,1
TX,5,982,400800a,182210000,182210200,182210200,-1,-1,1
TX,5,996,8100100,184190000,184190200,184190200,-1,-1,1
TX,5,996,0100100,184210000,184210200,184210200,-1,-1,1
TX,5,996,4100100,184230000,184230200,184230200,-1,-1,1
TX,6,26,820820a,5570000,5570200,5570200,-1,-1,1
TX,6,26,020820a,5590000,5590200,5590200,-1,-1,1
TX,6,26,420820a,5610000,5610200,5610200,-1,-1,1
TX,6,61,8304305,11550000,11550200,11550200,-1,-1,1
TX,6,61,0304305,11570000,11570200,11570200,-1,-1,1
TX,6,61,4304305,11590000,11590200,11590200,-1,-1,1
TX,6,90,830830a,17530000,17530200,17530200,-1,-1,1
TX,6,90,030830a,17550000,17550200,17550200,-1,-1,1
TX,6,90,430830a,17570000,17570200,17570200,-1,-1,1
TX,6,91,8004007,17630000,17630200,17630200,-1,-1,1
TX,6,91,0004007,17650000,17650200,17650200,-1,-1,1
TX,6,91,4004007,17670000,17670200,17670200,-1,-1,1
TX,6,131,800c00f,24630000,24630200,24630200,-1,-1,1
TX,6,131,000c00f,24650000,24650200,24650200,-1,-1,1
TX,6,131,400c00f,24670000,24670200,24670200,-1,-1,1
TX,6,141,8300301,25750000,25750200,25750200,-1,-1,1
TX,6,141,0300301,25770000,25770200,25770200,-1,-1,1
TX,6,141,4300301,25790000,25790200,25790200,-1,-1,1
TX,6,142,8100102,26030000,26030200,26030200,-1,-1,1
TX,6,142,0100102,26050000,26050200,26050200,-1,-1,1
TX,6,142,4100102,26070000,26070200,26070200,-1,-1,1
TX,6,160,8104104,29790000,29790200,29790200,-1,-1,1
TX,6,160,0104104,29810000,29810200,29810200,-1,-1,1
TX,6,160,4104104,29830000,29830200,29830200,-1,-1,1
TX,6,166,8204006,30290000,30290200,30290200,-1,-1,1
TX,6,166,0204006,30310000,30310200,30310200,-1,-1,1
TX,6,166,4204006,30330000,30330200,30330200,-1,-1,1
TX,6,190,800800a,35470000,35470200,35470200,-1,-1,1
TX,6,190,000800a,35490000,35490200,35490200,-1,-1,1
TX,6,190,400800a,35510000,35510200,35510200,-1,-1,1
TX,6,199,830c30f,37530000,37530200,37530200,-1,-1,1
TX,6,199,030c30f,37550000,37550200,37550200,-1,-1,1
TX,6,199,430c30f,37570000,37570200,37570200,-1,-1,1
TX,6,216,830c308,40050000,40050200,40050200,-1,-1,1
TX,6,216,030c308,40070000,40070200,40070200,-1,-1,1
TX,6,216,430c308,40090000,40090200,40090200,-1,-1,1
TX,6,238,800800a,42490000,42490200,42490200,-1,-1,1
TX,6,238,000800a,42510000,42510200,42510200,-1,-1,1
TX,6,238,400800a,42530000,42530200,42530200,-1,-1,1
TX,6,247,8304307,43970000,43970200,43970200,-1,-1,1
TX,6,247,0304307,43990000,43990200,43990200,-1,-1,1
TX,6,247,4304307,44010000,44010200,44010200,-1,-1,1
TX,6,251,8200203,44530000,44530200,44530200,-1,-1,1
TX,6,251,0200203,44550000,44550200,44550200,-1,-1,1
TX,6,251,4200203,44570000,44570200,44570200,-1,-1,1
TX,6,278,8204206,48710000,48710200,48710200,-1,-1,1
TX,6,278,0204206,48730000,48730200,48730200,-1,-1,1
TX,6,278,4204206,48750000,48750200,48750200,-1,-1,1
TX,6,299,820c20f,52530000,52530200,52530200,-1,-1,1
TX,6,299,020c20f,52550000,52550200,52550200,-1,-1,1
TX,6,299,420c20f,52570000,52570200,52570200,-1,-1,1
TX,6,375,8100103,67650000,67650200,67650200,-1,-1,1
TX,6,375,0100103,67670000,67670200,67670200,-1,-1,1
TX,6,375,4100103,67690000,67690200,67690200,-1,-1,1
TX,6,383,820820b,68850000,68850200,68850200,-1,-1,1
TX,6,383,020820b,68870000,68870200,68870200,-1,-1,1
TX,6,383,420820b,68890000,68890200,68890200,-1,-1,1
TX,6,391,800800b,69610000,69610200,69610200,-1,-1,1
TX,6,391,000800b,69630000,69630200,69630200,-1,-1,1
TX,6,391,400800b,69650000,69650200,69650200,-1,-1,1
TX,6,409,8208209,73290000,73290200,73290200,-1,-1,1
TX,6,409,0208209,73310000,73310200,73310200,-1,-1,1
TX,6,409,4208209,73330000,73330200,73330200,-1,-1,1
TX,6,422,8100102,74950000,74950200,74950200,-1,-1,1
TX,6,422,0100102,74970000,74970200,74970200,-1,-1,1
TX,6,422,4100102,74990000,74990200,74990200,-1,-1,1
TX,6,423,8104107,75010000,75010200,75010200,-1,-1,1
TX,6,423,0104107,75030000,75030200,75030200,-1,-1,1
TX,6,423,4104107,75050000,75050200,75050200,-1,-1,1
TX,6,452,8100100,80710000,80710200,80710200,-1,-1,1
TX,6,452,0100100,80730000,80730200,80730200,-1,-1,1
TX,6,452,4100100,80750000,80750200,80750200,-1,-1,1
TX,6,462,800c00e,82590000,82590200,82590200,-1,-1,1
TX,6,462,000c00e,82610000,82610200,82610200,-1,-1,1
TX,6,462,400c00e,82630000,82630200,82630200,-1,-1,1
TX,6,465,800c00d,82930000,82930200,82930200,-1,-1,1
TX,6,465,000c00d,82950000,82950200,82950200,-1,-1,1
TX,6,465,400c00d,82970000,82970200,82970200,-1,-1,1
TX,6,490,800800a,86510000,86510200,86510200,-1,-1,1
TX,6,490,000800a,86530000,86530200,86530200,-1,-1,1
TX,6,490,400800a,86550000,86550200,86550200,-1,-1,1
TX,6,492,830c204,86750000,86750200,86750200,-1,-1,1
TX,6,492,030c204,86770000,86770200,86770200,-1,-1,1
TX,6,492,430c204,86790000,86790200,86790200,-1,-1,1
TX,6,497,8300301,87430000,87430200,87430200,-1,-1,1
TX,6,497,0300301,87450000,87450200,87450200,-1,-1,1
TX,6,497,4300301,87470000,87470200,87470200,-1,-1,1
TX,6,500,820c20c,87610000,87610200,87610200,-1,-1,1
TX,6,500,020c20c,87630000,87630200,87630200,-1,-1,1
TX,6,500,420c20c,87650000,87650200,87650200,-1,-1,1
TX,6,505,8208209,88710000,88710200,88710200,-1,-1,1
TX,6,505,0208209,88730000,88730200,88730200,-1,-1,1
TX,6,505,4208209,88750000,88750200,88750200,-1,-1,1
TX,6,518,800c00e,91310000,91310200,91310200,-1,-1,1
TX,6,518,000c00e,91330000,91330200,91330200,-1,-1,1
TX,6,518,400c00e,91350000,91350200,91350200,-1,-1,1
TX,6,523,8200203,93030000,93030200,93030200,-1,-1,1
TX,6,523,0200203,93050000,93050200,93050200,-1,-1,1
TX,6,523,4200203,93070000,93070200,93070200,-1,-1,1
TX,6,529,8200201,94310000,94310200,94310200,-1,-1,1
TX,6,529,0200201,94330000,94330200,94330200,-1,-1,1
TX,6,529,4200201,94350000,94350200,94350200,-1,-1,1
TX,6,543,830830b,97250000,97250200,97250200,-1,-1,1
TX,6,543,030830b,97270000,97270200,97270200,-1,-1,1
TX,6,543,430830b,97290000,97290200,97290200,-1,-1,1
TX,6,566,800c00e,101890000,101890200,101890200,-1,-1,1
TX,6,566,000c00e,101910000,101910200,101910200,-1,-1,1
TX,6,566,400c00e,101930000,101930200,101930200,-1,-1,1
TX,6,571,8200203,102710000,102710200,102710200,-1,-1,1
TX,6,571,0200203,102730000,102730200,102730200,-1,-1,1
TX,6,571,4200203,102750000,102750200,102750200,-1,-1,1
TX,6,596,8304304,107430000,107430200,107430200,-1,-1,1
TX,6,596,0304304,107450000,107450200,107450200,-1,-1,1
TX,6,596,4304304,107470000,107470200,107470200,-1,-1,1
TX,6,611,810c10f,110270000,110270200,110270200,-1,-1,1
TX,6,611,010c10f,110290000,110290200,110290200,-1,-1,1
TX,6,611,410c10f,110310000,110310200,110310200,-1,-1,1
TX,6,616,800c00c,111370000,111370200,111370200,-1,-1,1
TX,6,616,000c00c,111390000,111390200,111390200,-1,-1,1
TX,6,616,400c00c,111410000,111410200,111410200,-1,-1,1
TX,6,636,8304304,114510000,114510200,114510200,-1,-1,1
TX,6,636,0304304,114530000,114530200,114530200,-1,-1,1
TX,6,636,4304304,114550000,114550200,114550200,-1,-1,1
TX,6,637,810c10d,114590000,114590200,114590200,-1,-1,1
TX,6,637,010c10d,114610000,114610200,114610200,-1,-1,1
TX,6,637,410c10d,114630000,114630200,114630200,-1,-1,1
TX,6,647,820820b,117970000,117970200,117970200,-1,-1,1
TX,6,647,020820b,117990000,117990200,117990200,-1,-1,1
TX,6,647,420820b,118010000,118010200,118010200,-1,-1,1
TX,6,674,8200202,123850000,123850200,123850200,-1,-1,1
TX,6,674,0200202,123870000,123870200,123870200,-1,-1,1
TX,6,674,4200202,123890000,123890200,123890200,-1,-1,1
TX,6,678,820820a,124550000,124550200,124550200,-1,-1,1
TX,6,678,020820a,124570000,124570200,124570200,-1,-1,1
TX,6,678,420820a,124590000,124590200,124590200,-1,-1,1
TX,6,684,800c00c,125690000,125690200,125690200,-1,-1,1
TX,6,684,000c00c,125710000,125710200,125710200,-1,-1,1
TX,6,684,400c00c,125730000,125730200,125730200,-1,-1,1
TX,6,704,830c30c,130070000,130070200,130070200,-1,-1,1
TX,6,704,030c30c,130090000,130090200,130090200,-1,-1,1
TX,6,704,430c30c,130110000,130110200,130110200,-1,-1,1
TX,6,753,800c00d,140170000,140170200,140170200,-1,-1,1
TX,6,753,000c00d,140190000,140190200,140190200,-1,-1,1
TX,6,753,400c00d,140210000,140210200,140210200,-1,-1,1
TX,6,766,800c00e,142030000,142030200,142030200,-1,-1,1
TX,6,766,000c00e,142050000,142050200,142050200,-1,-1,1
TX,6,766,400c00e,142070000,142070200,142070200,-1,-1,1
TX,6,771,8200203,142450000,142450200,142450200,-1,-1,1
TX,6,771,0200203,142470000,142470200,142470200,-1,-1,1
TX,6,771,4200203,142490000,142490200,142490200,-1,-1,1
TX,6,798,8100102,147590000,147590200,147590200,-1,-1,1
TX,6,798,0100102,147610000,147610200,147610200,-1,-1,1
TX,6,798,4100102,147630000,147630200,147630200,-1,-1,1
TX,6,802,8104106,148090000,148090200,148090200,-1,-1,1
TX,6,802,0104106,148110000,148110200,148110200,-1,-1,1
TX,6,802,4104106,148130000,148130200,148130200,-1,-1,1
TX,6,804,8004004,148410000,148410200,148410200,-1,-1,1
TX,6,804,0004004,148430000,148430200,148430200,-1,-1,1
TX,6,804,4004004,148450000,148450200,148450200,-1,-1,1
TX,6,827,8300303,152330000,152330200,152330200,-1,-1,1
TX,6,827,0300303,152350000,152350200,152350200,-1,-1,1
TX,6,827,4300303,152370000,152370200,152370200,-1,-1,1
TX,6,837,8008009,155750000,155750200,155750200,-1,-1,1
TX,6,837,0008009,155770000,155770200,155770200,-1,-1,1
TX,6,837,4008009,155790000,155790200,155790200,-1,-1,1
TX,6,874,820c202,162550000,162550200,162550200,-1,-1,1
TX,6,874,020c202,162570000,162570200,162570200,-1,-1,1
TX,6,874,420c202,162590000,162590200,162590200,-1,-1,1
TX,6,879,8104107,163210000,163210200,163210200,-1,-1,1
TX,6,879,0104107,163230000,163230200,163230200,-1,-1,1
TX,6,879,4104107,163250000,163250200,163250200,-1,-1,1
TX,6,881,8308309,163310000,163310200,163310200,-1,-1,1
TX,6,881,0308309,163330000,163330200,163330200,-1,-1,1
TX,6,881,4308309,163350000,163350200,163350200,-1,-1,1
TX,6,889,8300301,164890000,164890200,164890200,-1,-1,1
TX,6,889,0300301,164910000,164910200,164910200,-1,-1,1
TX,6,889,4300301,164930000,164930200,164930200,-1,-1,1
TX,6,901,8200201,167810000,167810200,167810200,-1,-1,1
TX,6,901,0200201,167830000,167830200,167830200,-1,-1,1
TX,6,901,4200201,167850000,167850200,167850200,-1,-1,1
TX,6,904,820c20c,168550000,168550200,168550200,-1,-1,1
TX,6,904,020c20c,168570000,168570200,168570200,-1,-1,1
TX,6,904,420c20c,168590000,168590200,168590200,-1,-1,1
TX,6,917,8000001,171890000,171890200,171890200,-1,-1,1
TX,6,917,0000001,171910000,171910200,171910200,-1,-1,1
TX,6,917,4000001,171930000,171930200,171930200,-1,-1,1
TX,6,943,820820b,176070000,176070200,176070200,-1,-1,1
TX,6,943,020820b,176090000,176090200,176090200,-1,-1,1
TX,6,943,420820b,176110000,176110200,176110200,-1,-1,1
TX,6,966,8300302,179730000,179730200,179730200,-1,-1,1
TX,6,966,0300302,179750000,179750200,179750200,-1,-1,1
TX,6,966,4300302,179770000,179770200,179770200,-1,-1,1
TX,6,997,820c20d,184430000,184430200,184430200,-1,-1,1
TX,6,997,020c20d,184450000,184450200,184450200,-1,-1,1
TX,6,997,420c20d,184470000,184470200,184470200,-1,-1,1
TX,7,2,830c30e,570000,570200,570200,-1,-1,1
TX,7,2,030c30e,590000,590200,590200,-1,-1,1
TX,7,2,430c30e,610000,610200,610200,-1,-1,1
TX,7,43,830830b,9130000,9130200,9130200,-1,-1,1
TX,7,43,030830b,9150000,9150200,9150200,-1,-1,1
TX,7,43,430830b,9170000,9170200,9170200,-1,-1,1
TX,7,82,8204206,15870000,15870200,15870200,-1,-1,1
TX,7,82,0204206,15890000,15890200,15890200,-1,-1,1
TX,7,82,4204206,15910000,15910200,15910200,-1,-1,1
TX,7,106,8100102,20310000,20310200,20310200,-1,-1,1
TX,7,106,0100102,20330000,20330200,20330200,-1,-1,1
TX,7,106,4100102,20350000,20350200,20350200,-1,-1,1
TX,7,126,8100102,24090000,24090200,24090200,-1,-1,1
TX,7,126,0100102,24110000,24110200,24110200,-1,-1,1
TX,7,126,4100102,24130000,24130200,24130200,-1,-1,1
TX,7,127,8000003,24190000,24190200,24190200,-1,-1,1
TX,7,127,0000003,24210000,24210200,24210200,-1,-1,1
TX,7,127,4000003,24230000,24230200,24230200,-1,-1,1
TX,7,174,800800a,31930000,31930200,31930200,-1,-1,1
TX,7,174,000800a,31950000,31950200,31950200,-1,-1,1
TX,7,174,400800a,31970000,31970200,31970200,-1,-1,1
TX,7,208,8108108,38890000,38890200,38890200,-1,-1,1
TX,7,208,0108108,38910000,38910200,38910200,-1,-1,1
TX,7,208,4108108,38930000,38930200,38930200,-1,-1,1
TX,7,240,800c00c,43510000,43510200,43510200,-1,-1,1
TX,7,240,000c00c,43530000,43530200,43530200,-1,-1,1
TX,7,240,400c00c,43550000,43550200,43550200,-1,-1,1
TX,7,248,8304304,44270000,44270200,44270200,-1,-1,1
TX,7,248,0304304,44290000,44290200,44290200,-1,-1,1
TX,7,248,4304304,44310000,44310200,44310200,-1,-1,1
TX,7,264,8108108,45910000,45910200,45910200,-1,-1,1
TX,7,264,0108108,45930000,45930200,45930200,-1,-1,1
TX,7,264,4108108,45950000,45950200,45950200,-1,-1,1
TX,7,361,8000001,64270000,64270200,64270200,-1,-1,1
TX,7,361,0000001,64290000,64290200,64290200,-1,-1,1
TX,7,361,4000001,64310000,64310200,64310200,-1,-1,1
TX,7,376,8000000,67710000,67710200,67710200,-1,-1,1
TX,7,376,0000000,67730000,67730200,67730200,-1,-1,1
TX,7,376,4000000,67750000,67750200,67750200,-1,-1,1
TX,7,398,8000002,70670000,70670200,70670200,-1,-1,1
TX,7,398,0000002,70690000,70690200,70690200,-1,-1,1
TX,7,398,4000002,70710000,70710200,70710200,-1,-1,1
TX,7,405,8100101,72710000,72710200,72710200,-1,-1,1
TX,7,405,0100101,72730000,72730200,72730200,-1,-1,1
TX,7,405,4100101,72750000,72750200,72750200,-1,-1,1
TX,7,411,820820b,73470000,73470200,73470200,-1,-1,1
TX,7,411,020820b,73490000,73490200,73490200,-1,-1,1
TX,7,411,420820b,73510000,73510200,73510200,-1,-1,1
TX,7,437,8308309,77430000,77430200,77430200,-1,-1,1
TX,7,437,0308309,77450000,77450200,77452400,-1,-1,1
TX,7,437,4308309,77470000,77470200,77470200,-1,-1,1
TX,7,447,800c00f,79750000,79750200,79750200,-1,-1,1
TX,7,447,000c00f,79770000,79770200,79770200,-1,-1,1
TX,7,447,400c00f,79790000,79790200,79790200,-1,-1,1
TX,7,454,8304306,81010000,81010200,81010200,-1,-1,1
TX,7,454,0304306,81030000,81030200,81030200,-1,-1,1
TX,7,454,4304306,81050000,81050200,81050200,-1,-1,1
TX,7,472,8204204,83710000,83710200,83710200,-1,-1,1
TX,7,472,0204204,83730000,83730200,83730200,-1,-1,1
TX,7,472,4204204,83750000,83750200,83750200,-1,-1,1
TX,7,489,8100101,86450000,86450200,86450200,-1,-1,1
TX,7,489,0100101,86470000,86470200,86470200,-1,-1,1
TX,7,489,4100101,86490000,86490200,86490200,-1,-1,1
TX,7,499,800800b,87590000,87590200,87590200,-1,-1,1
TX,7,499,000800b,87610000,87610200,87610200,-1,-1,1
TX,7,499,400800b,87630000,87630200,87630200,-1,-1,1
TX,7,553,8304305,98710000,98710200,98710200,-1,-1,1
TX,7,553,0304305,98730000,98730200,98730200,-1,-1,1
TX,7,553,4304305,98750000,98750200,98750200,-1,-1,1
TX,7,610,830c30e,109930000,109930200,109930200,-1,-1,1
TX,7,610,030c30e,109950000,109950200,109950200,-1,-1,1
TX,7,610,430c30e,109970000,109970200,109970200,-1,-1,1
TX,7,629,8100101,112590000,112590200,112590200,-1,-1,1
TX,7,629,0100101,112610000,112610200,112610200,-1,-1,1
TX,7,629,4100101,112630000,112630200,112630200,-1,-1,1
TX,7,635,8300303,113990000,113990200,113990200,-1,-1,1
TX,7,635,0300303,114010000,114010200,114010200,-1,-1,1
TX,7,635,4300303,114030000,114030200,114030200,-1,-1,1
TX,7,752,8304200,140070000,140070200,140070200,-1,-1,1
TX,7,752,0304200,140090000,140090200,140090200,-1,-1,1
TX,7,752,4304200,140110000,140110200,140110200,-1,-1,1
TX,7,791,8104107,146250000,146250200,146250200,-1,-1,1
TX,7,791,0104107,146270000,146270200,146270200,-1,-1,1
TX,7,791,4104107,146290000,146290200,146290200,-1,-1,1
TX,7,803,810810b,148330000,148330200,148330200,-1,-1,1
TX,7,803,010810b,148350000,148350200,148350200,-1,-1,1
TX,7,803,410810b,148370000,148370200,148370200,-1,-1,1
TX,7,818,8300302,150770000,150770200,150770200,-1,-1,1
TX,7,818,0300302,150790000,150790200,150792400,-1,-1,1
TX,7,818,4300302,150810000,150810200,150810200,-1,-1,1
TX,7,828,8308308,152790000,152790200,152790200,-1,-1,1
TX,7,828,0308308,152810000,152810200,152810200,-1,-1,1
TX,7,828,4308308,152830000,152830200,152830200,-1,-1,1
TX,7,831,810810b,153510000,153510200,153510200,-1,-1,1
TX,7,831,010810b,153530000,153530200,153530200,-1,-1,1
TX,7,831,410810b,153550000,153550200,153550200,-1,-1,1
TX,7,838,8304306,155750000,155750200,155750200,-1,-1,1
TX,7,838,0304306,155770000,155770200,155770200,-1,-1,1
TX,7,838,4304306,155790000,155790200,155790200,-1,-1,1
TX,7,850,8100102,158390000,158390200,158390200,-1,-1,1
TX,7,850,0100102,158410000,158410200,158410200,-1,-1,1
TX,7,850,4100102,158430000,158430200,158430200,-1,-1,1
TX,7,864,8300300,161230000,161230200,161230200,-1,-1,1
TX,7,864,0300300,161250000,161250200,161250200,-1,-1,1
TX,7,864,4300300,161270000,161270200,161270200,-1,-1,1
TX,7,871,810810b,162130000,162130200,162130200,-1,-1,1
TX,7,871,010810b,162150000,162150200,162150200,-1,-1,1
TX,7,871,410810b,162170000,162170200,162170200,-1,-1,1
TX,7,873,8104105,162510000,162510200,162510200,-1,-1,1
TX,7,873,0104105,162530000,162530200,162530200,-1,-1,1
TX,7,873,4104105,162550000,162550200,162550200,-1,-1,1
TX,7,880,8304304,163250000,163250200,163250200,-1,-1,1
TX,7,880,0304304,163270000,163270200,163270200,-1,-1,1
TX,7,880,4304304,163290000,163290200,163290200,-1,-1,1
TX,7,920,8300300,172270000,172270200,172270200,-1,-1,1
TX,7,920,0300300,172290000,172290200,172290200,-1,-1,1
TX,7,920,4300300,172310000,172310200,172310200,-1,-1,1
TX,7,962,8300302,179450000,179450200,179450200,-1,-1,1
TX,7,962,0300302,179470000,179470200,179470200,-1,-1,1
TX,7,962,4300302,179490000,179490200,179490200,-1,-1,1
TX,8,7,8100103,1770000,1770200,1770200,-1,-1,1
TX,8,7,0100103,1790000,1790200,1790200,-1,-1,1
TX,8,7,4100103,1810000,1810200,1810200,-1,-1,1
TX,8,9,8108109,1910000,1910200,1910200,-1,-1,1
TX,8,9,0108109,1930000,1930200,1930200,-1,-1,1
TX,8,9,4108109,1950000,1950200,1950200,-1,-1,1
TX,8,17,8308309,3170000,3170200,3170200,-1,-1,1
TX,8,17,0308309,3190000,3190200,3190200,-1,-1,1
TX,8,17,4308309,3210000,3210200,3210200,-1,-1,1
TX,8,27,8204207,5790000,5790200,5790200,-1,-1,1
TX,8,27,0204207,5810000,5810200,5810200,-1,-1,1
TX,8,27,4204207,5830000,5830200,5830200,-1,-1,1
TX,8,30,8104106,6550000,6550200,6550200,-1,-1,1
TX,8,30,0104106,6570000,6570200,6570200,-1,-1,1
TX,8,30,4104106,6590000,6590200,6590200,-1,-1,1
TX,8,54,820820a,10350000,10350200,10350200,-1,-1,1
TX,8,54,020820a,10370000,10370200,10370200,-1,-1,1
TX,8,54,420820a,10390000,10390200,10390200,-1,-1,1
TX,8,57,810c10d,10750000,10750200,10750200,-1,-1,1
TX,8,57,010c10d,10770000,10770200,10770200,-1,-1,1
TX,8,57,410c10d,10790000,10790200,10790200,-1,-1,1
TX,8,59,8004007,11490000,11490200,11490200,-1,-1,1
TX,8,59,0004007,11510000,11510200,11510200,-1,-1,1
TX,8,59,4004007,11530000,11530200,11530200,-1,-1,1
TX,8,62,8104106,11810000,11810200,11810200,-1,-1,1
TX,8,62,0104106,11830000,11830200,11830200,-1,-1,1
TX,8,62,4104106,11850000,11850200,11850200,-1,-1,1
TX,8,81,8104105,15670000,15670200,15670200,-1,-1,1
TX,8,81,0104105,15690000,15690200,15690200,-1,-1,1
TX,8,81,4104105,15710000,15710200,15710200,-1,-1,1
TX,8,83,8100103,15950000,15950200,15950200,-1,-1,1
TX,8,83,0100103,15970000,15970200,15970200,-1,-1,1
TX,8,83,4100103,15990000,15990200,15990200,-1,-1,1
TX,8,103,810c10f,19930000,19930200,19930200,-1,-1,1
TX,8,103,010c10f,19950000,19950200,19950200,-1,-1,1
TX,8,103,410c10f,19970000,19970200,19970200,-1,-1,1
TX,8,116,8004004,22030000,22030200,22030200,-1,-1,1
TX,8,116,0004004,22050000,22050200,22050200,-1,-1,1
TX,8,116,4004004,22070000,22070200,22070200,-1,-1,1
TX,8,154,820820a,28290000,28290200,28290200,-1,-1,1
TX,8,154,020820a,28310000,28310200,28310200,-1,-1,1
TX,8,154,420820a,28330000,28330200,28330200,-1,-1,1
TX,8,163,820820b,30090000,30090200,30090200,-1,-1,1
TX,8,163,020820b,30110000,30110200,30110200,-1,-1,1
TX,8,163,420820b,30130000,30130200,30130200,-1,-1,1
TX,8,182,820c20e,33670000,33670200,33670200,-1,-1,1
TX,8,182,020c20e,33690000,33690200,33690200,-1,-1,1
TX,8,182,420c20e,33710000,33710200,33710200,-1,-1,1
TX,8,192,810c10c,35590000,35590200,35590200,-1,-1,1
TX,8,192,010c10c,35610000,35610200,35610200,-1,-1,1
TX,8,192,410c10c,35630000,35630200,35630200,-1,-1,1
TX,8,195,8300303,36330000,36330200,36330200,-1,-1,1
TX,8,195,0300303,36350000,36350200,36350200,-1,-1,1
TX,8,195,4300303,36370000,36370200,36370200,-1,-1,1
TX,8,196,8004004,37190000,37190200,37190200,-1,-1,1
TX,8,196,0004004,37210000,37210200,37210200,-1,-1,1
TX,8,196,4004004,37230000,37230200,37230200,-1,-1,1
TX,8,218,8204206,40170000,40170200,40170200,-1,-1,1
TX,8,218,0204206,40190000,40190200,40190200,-1,-1,1
TX,8,218,4204206,40210000,40210200,40210200,-1,-1,1
TX,8,226,8300302,41450000,41450200,41450200,-1,-1,1
TX,8,226,0300302,41470000,41470200,41470200,-1,-1,1
TX,8,226,4300302,41490000,41490200,41490200,-1,-1,1
TX,8,231,8304307,41710000,41710200,41710200,-1,-1,1
TX,8,231,0304307,41730000,41730200,41730200,-1,-1,1
TX,8,231,4304307,41750000,41750200,41750200,-1,-1,1
TX,8,239,8104107,42950000,42950200,42950200,-1,-1,1
TX,8,239,0104107,42970000,42970200,42970200,-1,-1,1
TX,8,239,4104107,42990000,42990200,42990200,-1,-1,1
TX,8,241,8308309,43530000,43530200,43530200,-1,-1,1
TX,8,241,0308309,43550000,43550200,43550200,-1,-1,1
TX,8,241,4308309,43570000,43570200,43570200,-1,-1,1
TX,8,310,830830a,54450000,54450200,54450200,-1,-1,1
TX,8,310,030830a,54470000,54470200,54470200,-1,-1,1
TX,8,310,430830a,54490000,54490200,54490200,-1,-1,1
TX,8,337,8304305,59590000,59590200,59590200,-1,-1,1
TX,8,337,0304305,59610000,59610200,59610200,-1,-1,1
TX,8,337,4304305,59630000,59630200,59630200,-1,-1,1
TX,8,358,8100102,63730000,63730200,63730200,-1,-1,1
TX,8,358,0100102,63750000,63750200,63750200,-1,-1,1
TX,8,358,4100102,63770000,63770200,63770200,-1,-1,1
TX,8,362,830830a,64510000,64510200,64510200,-1,-1,1
TX,8,362,030830a,64530000,64530200,64530200,-1,-1,1
TX,8,362,430830a,64550000,64550200,64550200,-1,-1,1
TX,8,392,8004004,70150000,70150200,70150200,-1,-1,1
TX,8,392,0004004,70170000,70170200,70170200,-1,-1,1
TX,8,392,4004004,70190000,70190200,70190200,-1,-1,1
TX,8,402,8204206,71650000,71650200,71650200,-1,-1,1
TX,8,402,0204206,71670000,71670200,71670200,-1,-1,1
TX,8,402,4204206,71690000,71690200,71690200,-1,-1,1
TX,8,426,830c30e,75290000,75290200,75290200,-1,-1,1
TX,8,426,030c30e,75310000,75310200,75310200,-1,-1,1
TX,8,426,430c30e,75330000,75330200,75330200,-1,-1,1
TX,8,434,8300302,76250000,76250200,76250200,-1,-1,1
TX,8,434,0300302,76270000,76270200,76270200,-1,-1,1
TX,8,434,4300302,76290000,76290200,76290200,-1,-1,1
TX,8,474,820820a,84470000,84470200,84470200,-1,-1,1
TX,8,474,020820a,84490000,84490200,84490200,-1,-1,1
TX,8,474,420820a,84510000,84510200,84510200,-1,-1,1
TX,8,484,8204204,85950000,85950200,85950200,-1,-1,1
TX,8,484,0204204,85970000,85970200,85970200,-1,-1,1
TX,8,484,4204204,85990000,85990200,85990200,-1,-1,1
TX,8,514,800800a,90190000,90190200,90190200,-1,-1,1
TX,8,514,000800a,90210000,90210200,90210200,-1,-1,1
TX,8,514,400800a,90230000,90230200,90230200,-1,-1,1
TX,8,515,800c00f,90550000,90550200,90550200,-1,-1,1
TX,8,515,000c00f,90570000,90570200,90570200,-1,-1,1
TX,8,515,400c00f,90590000,90590200,90590200,-1,-1,1
TX,8,520,8300300,92070000,92070200,92070200,-1,-1,1
TX,8,520,0300300,92090000,92090200,92090200,-1,-1,1
TX,8,520,4300300,92110000,92110200,92110200,-1,-1,1
TX,8,565,830c30d,101670000,101670200,101670200,-1,-1,1
TX,8,565,030c30d,101690000,101690200,101690200,-1,-1,1
TX,8,565,430c30d,101710000,101710200,101710200,-1,-1,1
TX,8,583,8100103,104270000,104270200,104270200,-1,-1,1
TX,8,583,0100103,104290000,104290200,104290200,-1,-1,1
TX,8,583,4100103,104310000,104310200,104310200,-1,-1,1
TX,8,590,8300302,105130000,105130200,105130200,-1,-1,1
TX,8,590,0300302,105150000,105150200,105150200,-1,-1,1
TX,8,590,4300302,105170000,105170200,105170200,-1,-1,1
TX,8,604,820c20c,108970000,108970200,108970200,-1,-1,1
TX,8,604,020c20c,108990000,108990200,108990200,-1,-1,1
TX,8,604,420c20c,109010000,109010200,109010200,-1,-1,1
TX,8,632,8100100,113010000,113010200,113010200,-1,-1,1
TX,8,632,0100100,113030000,113030200,113030200,-1,-1,1
TX,8,632,4100100,113050000,113050200,113050200,-1,-1,1
TX,8,648,8208208,118110000,118110200,118110200,-1,-1,1
TX,8,648,0208208,118130000,118130200,118130200,-1,-1,1
TX,8,648,4208208,118150000,118150200,118150200,-1,-1,1
TX,8,677,8308309,124310000,124310200,124310200,-1,-1,1
TX,8,677,0308309,124330000,124330200,124330200,-1,-1,1
TX,8,677,4308309,124350000,124350200,124350200,-1,-1,1
TX,8,709,800c00d,131930000,131930200,131930200,-1,-1,1
TX,8,709,000c00d,131950000,131950200,131950200,-1,-1,1
TX,8,709,400c00d,131970000,131970200,131970200,-1,-1,1
TX,8,711,800c00f,132310000,132310200,132310200,-1,-1,1
TX,8,711,000c00f,132330000,132330200,132330200,-1,-1,1
TX,8,711,400c00f,132350000,132350200,132350200,-1,-1,1
TX,8,722,8204206,134150000,134150200,134150200,-1,-1,1
TX,8,722,0204206,134170000,134170200,134170200,-1,-1,1
TX,8,722,4204206,134190000,134190200,134190200,-1,-1,1
TX,8,724,8004004,135150000,135150200,135150200,-1,-1,1
TX,8,724,0004004,135170000,135170200,135170200,-1,-1,1
TX,8,724,4004004,135190000,135190200,135190200,-1,-1,1
TX,8,745,8304305,138890000,138890200,138890200,-1,-1,1
TX,8,745,0304305,138910000,138910200,138910200,-1,-1,1
TX,8,745,4304305,138930000,138930200,138930200,-1,-1,1
TX,8,782,830c30e,144730000,144730200,144730200,-1,-1,1
TX,8,782,030c30e,144750000,144750200,144750200,-1,-1,1
TX,8,782,430c30e,144770000,144770200,144770200,-1,-1,1
TX,8,792,8304304,146350000,146350200,146350200,-1,-1,1
TX,8,792,0304304,146370000,146370200,146370200,-1,-1,1
TX,8,792,4304304,146390000,146390200,146390200,-1,-1,1
TX,8,797,8208209,147390000,147390200,147390200,-1,-1,1
TX,8,797,0208209,147410000,147410200,147410200,-1,-1,1
TX,8,797,4208209,147430000,147430200,147430200,-1,-1,1
TX,8,805,8208109,148530000,148530200,148530200,-1,-1,1
TX,8,805,0208109,148550000,148550200,148550200,-1,-1,1
TX,8,805,4208109,148570000,148570200,148570200,-1,-1,1
TX,8,813,8300301,150090000,150090200,150090200,-1,-1,1
TX,8,813,0300301,150110000,150110200,150110200,-1,-1,1
TX,8,813,4300301,150130000,150130200,150130200,-1,-1,1
TX,8,861,8108109,160050000,160050200,160050200,-1,-1,1
TX,8,861,0108109,160070000,160070200,160070200,-1,-1,1
TX,8,861,4108109,160090000,160090200,160090200,-1,-1,1
TX,8,900,8100100,167370000,167370200,167370200,-1,-1,1
TX,8,900,0100100,167390000,167390200,167390200,-1,-1,1
TX,8,900,4100100,167410000,167410200,167410200,-1,-1,1
TX,8,925,8000001,172530000,172530200,172530200,-1,-1,1
TX,8,925,0000001,172550000,172550200,172550200,-1,-1,1
TX,8,925,4000001,172570000,172570200,172570200,-1,-1,1
TX,8,929,8300301,173370000,173370200,173370200,-1,-1,1
TX,8,929,0300301,173390000,173390200,173390200,-1,-1,1
TX,8,929,4300301,173410000,173410200,173410200,-1,-1,1
TX,8,934,830c30e,174630000,174630200,174630200,-1,-1,1
TX,8,934,030c30e,174650000,174650200,174650200,-1,-1,1
TX,8,934,430c30e,174670000,174670200,174670200,-1,-1,1
TX,8,944,8108108,176210000,176210200,176210200,-1,-1,1
TX,8,944,0108108,176230000,176230200,176230200,-1,-1,1
TX,8,944,4108108,176250000,176250200,176250200,-1,-1,1
TX,8,945,8300301,176570000,176570200,176570200,-1,-1,1
TX,8,945,0300301,176590000,176590200,176590200,-1,-1,1
TX,8,945,4300301,176610000,176610200,176610200,-1,-1,1
TX,8,985,8108109,182370000,182370200,182370200,-1,-1,1
TX,8,985,0108109,182390000,182390200,182390200,-1,-1,1
TX,8,985,4108109,182410000,182410200,182410200,-1,-1,1
TX,8,986,820820a,182470000,182470200,182470200,-1,-1,1
TX,8,986,020820a,182490000,182490200,182490200,-1,-1,1
TX,8,986,420820a,182510000,182510200,182510200,-1,-1,1
TX,9,3,830c30f,790000,790200,790200,-1,-1,1
TX,9,3,030c30f,810000,810200,810200,-1,-1,1
TX,9,3,430c30f,830000,830200,830200,-1,-1,1
TX,9,4,8308308,990000,990200,990200,-1,-1,1
TX,9,4,0308308,1010000,1010200,1010200,-1,-1,1
TX,9,4,4308308,1030000,1030200,1030200,-1,-1,1
TX,9,16,8308308,2950000,2950200,2950200,-1,-1,1
TX,9,16,0308308,2970000,2970200,2970200,-1,-1,1
TX,9,16,4308308,2990000,2990200,2990200,-1,-1,1
TX,9,18,800800a,3190000,3190200,3190200,-1,-1,1
TX,9,18,000800a,3210000,3210200,3212400,-1,-1,1
TX,9,18,400800a,3230000,3230200,3230200,-1,-1,1
TX,9,52,8108108,10070000,10070200,10070200,-1,-1,1
TX,9,52,0108108,10090000,10090200,10090200,-1,-1,1
TX,9,52,4108108,10110000,10110200,10110200,-1,-1,1
TX,9,68,8108108,13330000,13330200,13330200,-1,-1,1
TX,9,68,0108108,13350000,13350200,13350200,-1,-1,1
TX,9,68,4108108,13370000,13370200,13370200,-1,-1,1
TX,9,93,8208209,17830000,17830200,17830200,-1,-1,1
TX,9,93,0208209,17850000,17850200,17850200,-1,-1,1
TX,9,93,4208209,17870000,17870200,17870200,-1,-1,1
TX,9,97,8304305,18590000,18590200,18590200,-1,-1,1
TX,9,97,0304305,18610000,18610200,18610200,-1,-1,1
TX,9,97,4304305,18630000,18630200,18630200,-1,-1,1
TX,9,99,810c10f,19070000,19070200,19070200,-1,-1,1
TX,9,99,010c10f,19090000,19090200,19090200,-1,-1,1
TX,9,99,410c10f,19110000,19110200,19110200,-1,-1,1
TX,9,102,8000002,19850000,19850200,19850200,-1,-1,1
TX,9,102,0000002,19870000,19870200,19870200,-1,-1,1
TX,9,102,4000002,19890000,19890200,19890200,-1,-1,1
TX,9,120,8308308,22310000,22310200,22310200,-1,-1,1
TX,9,120,0308308,22330000,22330200,22330200,-1,-1,1
TX,9,120,4308308,22350000,22350200,22350200,-1,-1,1
TX,9,146,810c10e,26970000,26970200,26970200,-1,-1,1
TX,9,146,010c10e,26990000,26990200,26990200,-1,-1,1
TX,9,146,410c10e,27010000,27010200,27010200,-1,-1,1
TX,9,156,8208208,28750000,28750200,28750200,-1,-1,1
TX,9,156,0208208,28770000,28770200,28770200,-1,-1,1
TX,9,156,4208208,28790000,28790200,28790200,-1,-1,1
TX,9,169,8104005,30810000,30810200,30810200,-1,-1,1
TX,9,169,0104005,30830000,30830200,30830200,-1,-1,1
TX,9,169,4104005,30850000,30850200,30850200,-1,-1,1
TX,9,175,8000003,32050000,32050200,32050200,-1,-1,1
TX,9,175,0000003,32070000,32070200,32070200,-1,-1,1
TX,9,175,4000003,32090000,32090200,32090200,-1,-1,1
TX,9,180,830c30c,33010000,33010200,33010200,-1,-1,1
TX,9,180,030c30c,33030000,33030200,33030200,-1,-1,1
TX,9,180,430c30c,33050000,33050200,33050200,-1,-1,1
TX,9,181,830c30d,33430000,33430200,33430200,-1,-1,1
TX,9,181,030c30d,33450000,33450200,33450200,-1,-1,1
TX,9,181,430c30d,33470000,33470200,33470200,-1,-1,1
TX,9,204,8304304,38410000,38410200,38410200,-1,-1,1
TX,9,204,0304304,38430000,38430200,38430200,-1,-1,1
TX,9,204,4304304,38450000,38450200,38450200,-1,-1,1
TX,9,205,8308309,38570000,38570200,38570200,-1,-1,1
TX,9,205,0308309,38590000,38590200,38590200,-1,-1,1
TX,9,205,4308309,38610000,38610200,38610200,-1,-1,1
TX,9,255,810c10f,44770000,44770200,44770200,-1,-1,1
TX,9,255,010c10f,44790000,44790200,44790200,-1,-1,1
TX,9,255,410c10f,44810000,44810200,44810200,-1,-1,1
TX,9,263,8000003,45830000,45830200,45830200,-1,-1,1
TX,9,263,0000003,45850000,45850200,45850200,-1,-1,1
TX,9,263,4000003,45870000,45870200,45870200,-1,-1,1
TX,9,292,8008008,51930000,51930200,51930200,-1,-1,1
TX,9,292,0008008,51950000,51950200,51950200,-1,-1,1
TX,9,292,4008008,51970000,51970200,51970200,-1,-1,1
TX,9,305,830c30d,53610000,53610200,53610200,-1,-1,1
TX,9,305,030c30d,53630000,53630200,53630200,-1,-1,1
TX,9,305,430c30d,53650000,53650200,53650200,-1,-1,1
TX,9,320,8000000,55850000,55850200,55850200,-1,-1,1
TX,9,320,0000000,55870000,55870200,55870200,-1,-1,1
TX,9,320,4000000,55890000,55890200,55890200,-1,-1,1
TX,9,325,8100101,56650000,56650200,56650200,-1,-1,1
TX,9,325,0100101,56670000,56670200,56670200,-1,-1,1
TX,9,325,4100101,56690000,56690200,56690200,-1,-1,1
TX,9,334,820c20e,58350000,58350200,58350200,-1,-1,1
TX,9,334,020c20e,58370000,58370200,58370200,-1,-1,1
TX,9,334,420c20e,58390000,58390200,58390200,-1,-1,1
TX,9,340,8104104,60770000,60770200,60770200,-1,-1,1
TX,9,340,0104104,60790000,60790200,60790200,-1,-1,1
TX,9,340,4104104,60810000,60810200,60810200,-1,-1,1
TX,9,356,800c00c,63450000,63450200,63450200,-1,-1,1
TX,9,356,000c00c,63470000,63470200,63470200,-1,-1,1
TX,9,356,400c00c,63490000,63490200,63490200,-1,-1,1
TX,9,366,800800a,65730000,65730200,65730200,-1,-1,1
TX,9,366,000800a,65750000,65750200,65750200,-1,-1,1
TX,9,366,400800a,65770000,65770200,65770200,-1,-1,1
TX,9,373,8008009,67190000,67190200,67190200,-1,-1,1
TX,9,373,0008009,67210000,67210200,67210200,-1,-1,1
TX,9,373,4008009,67230000,67230200,67230200,-1,-1,1
TX,9,390,830c30e,69610000,69610200,69610200,-1,-1,1
TX,9,390,030c30e,69630000,69630200,69630200,-1,-1,1
TX,9,390,430c30e,69650000,69650200,69650200,-1,-1,1
TX,9,397,8308309,70510000,70510200,70510200,-1,-1,1
TX,9,397,0308309,70530000,70530200,70530200,-1,-1,1
TX,9,397,4308309,70550000,70550200,70550200,-1,-1,1
TX,9,431,810c10f,76110000,76110200,76110200,-1,-1,1
TX,9,431,010c10f,76130000,76130200,76130200,-1,-1,1
TX,9,431,410c10f,76150000,76150200,76150200,-1,-1,1
TX,9,439,8300303,78270000,78270200,78270200,-1,-1,1
TX,9,439,0300303,78290000,78290200,78290200,-1,-1,1
TX,9,439,4300303,78310000,78310200,78310200,-1,-1,1
TX,9,443,8100103,78830000,78830200,78830200,-1,-1,1
TX,9,443,0100103,78850000,78850200,78850200,-1,-1,1
TX,9,443,4100103,78870000,78870200,78870200,-1,-1,1
TX,9,493,8008009,86790000,86790200,86790200,-1,-1,1
TX,9,493,0008009,86810000,86810200,86810200,-1,-1,1
TX,9,493,4008009,86830000,86830200,86830200,-1,-1,1
TX,9,524,8208208,93250000,93250200,93250200,-1,-1,1
TX,9,524,0208208,93270000,93270200,93270200,-1,-1,1
TX,9,524,4208208,93290000,93290200,93290200,-1,-1,1
TX,9,545,8100101,97690000,97690200,97690200,-1,-1,1
TX,9,545,0100101,97710000,97710200,97710200,-1,-1,1
TX,9,545,4100101,97730000,97730200,97730200,-1,-1,1
TX,9,574,820c20e,103110000,103110200,103110200,-1,-1,1
TX,9,574,020c20e,103130000,103130200,103130200,-1,-1,1
TX,9,574,420c20e,103150000,103150200,103150200,-1,-1,1
TX,9,582,830c10a,104210000,104210200,104210200,-1,-1,1
TX,9,582,030c10a,104230000,104230200,104230200,-1,-1,1
TX,9,582,430c10a,104250000,104250200,104250200,-1,-1,1
TX,9,584,8208208,104310000,104310200,104310200,-1,-1,1
TX,9,584,0208208,104330000,104330200,104330200,-1,-1,1
TX,9,584,4208208,104350000,104350200,104350200,-1,-1,1
TX,9,588,810c10c,105070000,105070200,105070200,-1,-1,1
TX,9,588,010c10c,105090000,105090200,105090200,-1,-1,1
TX,9,588,410c10c,105110000,105110200,105110200,-1,-1,1
TX,9,641,8300301,116590000,116590200,116590200,-1,-1,1
TX,9,641,0300301,116610000,116610200,116610200,-1,-1,1
TX,9,641,4300301,116630000,116630200,116630200,-1,-1,1
TX,9,660,8000000,120530000,120530200,120530200,-1,-1,1
TX,9,660,0000000,120550000,120550200,120572400,-1,-1,1
TX,9,660,4000000,120570000,120572600,120572600,-1,-1,1
TX,9,683,8100103,125670000,125670200,125670200,-1,-1,1
TX,9,683,0100103,125690000,125690200,125690200,-1,-1,1
TX,9,683,4100103,125710000,125710200,125710200,-1,-1,1
TX,9,712,8008008,132830000,132830200,132830200,-1,-1,1
TX,9,712,0008008,132850000,132850200,132850200,-1,-1,1
TX,9,712,4008008,132870000,132870200,132870200,-1,-1,1
TX,9,714,8000002,132950000,132950200,132950200,-1,-1,1
TX,9,714,0000002,132970000,132970200,132970200,-1,-1,1
TX,9,714,4000002,132990000,132990200,132990200,-1,-1,1
TX,9,716,8008008,133130000,133130200,133130200,-1,-1,1
TX,9,716,0008008,133150000,133150200,133150200,-1,-1,1
TX,9,716,4008008,133170000,133170200,133170200,-1,-1,1
TX,9,735,830830b,136970000,136970200,136970200,-1,-1,1
TX,9,735,030830b,136990000,136990200,136990200,-1,-1,1
TX,9,735,430830b,137010000,137010200,137010200,-1,-1,1
TX,9,740,8104104,138190000,138190200,138190200,-1,-1,1
TX,9,740,0104104,138210000,138210200,138210200,-1,-1,1
TX,9,740,4104104,138230000,138230200,138230200,-1,-1,1
TX,9,747,8200203,139230000,139230200,139230200,-1,-1,1
TX,9,747,0200203,139250000,139250200,139250200,-1,-1,1
TX,9,747,4200203,139270000,139270200,139270200,-1,-1,1
TX,9,754,810810a,140190000,140190200,140190200,-1,-1,1
TX,9,754,010810a,140210000,140210200,140210200,-1,-1,1
TX,9,754,410810a,140230000,140230200,140230200,-1,-1,1
TX,9,773,820c009,143230000,143230200,143230200,-1,-1,1
TX,9,773,020c009,143250000,143250200,143250200,-1,-1,1
TX,9,773,420c009,143270000,143270200,143270200,-1,-1,1
TX,9,777,810c10d,143650000,143650200,143650200,-1,-1,1
TX,9,777,010c10d,143670000,143670200,143670200,-1,-1,1
TX,9,777,410c10d,143690000,143690200,143690200,-1,-1,1
TX,9,796,8300300,146910000,146910200,146910200,-1,-1,1
TX,9,796,0300300,146930000,146930200,146930200,-1,-1,1
TX,9,796,4300300,146950000,146950200,146950200,-1,-1,1
TX,9,825,800c00d,151610000,151610200,151610200,-1,-1,1
TX,9,825,000c00d,151630000,151630200,151630200,-1,-1,1
TX,9,825,400c00d,151650000,151650200,151650200,-1,-1,1
TX,9,829,8304305,153270000,153270200,153270200,-1,-1,1
TX,9,829,0304305,153290000,153290200,153290200,-1,-1,1
TX,9,829,4304305,153310000,153310200,153310200,-1,-1,1
TX,9,848,8300300,157970000,157970200,157970200,-1,-1,1
TX,9,848,0300300,157990000,157990200,157990200,-1,-1,1
TX,9,848,4300300,158010000,158010200,158010200,-1,-1,1
TX,9,851,8000003,158650000,158650200,158650200,-1,-1,1
TX,9,851,0000003,158670000,158670200,158670200,-1,-1,1
TX,9,851,4000003,158690000,158690200,158690200,-1,-1,1
TX,9,854,830830a,158750000,158750200,158750200,-1,-1,1
TX,9,854,030830a,158770000,158770200,158770200,-1,-1,1
TX,9,854,430830a,158790000,158790200,158790200,-1,-1,1
TX,9,893,8108109,166030000,166030200,166030200,-1,-1,1
TX,9,893,0108109,166050000,166050200,166050200,-1,-1,1
TX,9,893,4108109,166070000,166070200,166070200,-1,-1,1
TX,9,912,8104104,170950000,170950200,170950200,-1,-1,1
TX,9,912,0104104,170970000,170970200,170970200,-1,-1,1
TX,9,912,4104104,170990000,170990200,170990200,-1,-1,1
TX,9,915,820820b,171630000,171630200,171630200,-1,-1,1
TX,9,915,020820b,171650000,171650200,171650200,-1,-1,1
TX,9,915,420820b,171670000,171670200,171670200,-1,-1,1
TX,9,916,8008008,171710000,171710200,171710200,-1,-1,1
TX,9,916,0008008,171730000,171730200,171730200,-1,-1,1
TX,9,916,4008008,171750000,171750200,171750200,-1,-1,1
TX,9,979,8000003,181650000,181650200,181650200,-1,-1,1
TX,9,979,0000003,181670000,181670200,181670200,-1,-1,1
TX,9,979,4000003,181690000,181690200,181690200,-1,-1,1
TX,9,993,8004005,183650000,183650200,183650200,-1,-1,1
TX,9,993,0004005,183670000,183670200,183670200,-1,-1,1
TX,9,993,4004005,183690000,183690200,183690200,-1,-1,1
TX,10,88,8004004,17430000,17430200,17430200,-1,-1,1
TX,10,88,0004004,17450000,17450200,17450200,-1,-1,1
TX,10,88,4004004,17470000,17470200,17470200,-1,-1,1
TX,10,104,8004004,20230000,20230200,20230200,-1,-1,1
TX,10,104,0004004,20250000,20250200,20250200,-1,-1,1
TX,10,104,4004004,20270000,20270200,20270200,-1,-1,1
TX,10,107,8104107,20350000,20350200,20350200,-1,-1,1
TX,10,107,0104107,20370000,20370200,20370200,-1,-1,1
TX,10,107,4104107,20390000,20390200,20390200,-1,-1,1
TX,10,187,820c20f,34590000,34590200,34590200,-1,-1,1
TX,10,187,020c20f,34610000,34610200,34610200,-1,-1,1
TX,10,187,420c20f,34630000,34630200,34630200,-1,-1,1
TX,10,207,810810b,38770000,38770200,38770200,-1,-1,1
TX,10,207,010810b,38790000,38790200,38790200,-1,-1,1
TX,10,207,410810b,38810000,38810200,38810200,-1,-1,1
TX,10,210,810810a,39390000,39390200,39390200,-1,-1,1
TX,10,210,010810a,39410000,39410200,39410200,-1,-1,1
TX,10,210,410810a,39430000,39430200,39430200,-1,-1,1
TX,10,234,8000002,41930000,41930200,41930200,-1,-1,1
TX,10,234,0000002,41950000,41950200,41950200,-1,-1,1
TX,10,234,4000002,41970000,41970200,41970200,-1,-1,1
TX,10,244,8104104,43870000,43870200,43870200,-1,-1,1
TX,10,244,0104104,43890000,43890200,43892400,-1,-1,1
TX,10,244,4104104,43910000,43910200,43910200,-1,-1,1
TX,10,277,8204205,48630000,48630200,48630200,-1,-1,1
TX,10,277,0204205,48650000,48650200,48650200,-1,-1,1
TX,10,277,4204205,48670000,48670200,48670200,-1,-1,1
TX,10,280,8304304,48890000,48890200,48890200,-1,-1,1
TX,10,280,0304304,48910000,48910200,48910200,-1,-1,1
TX,10,280,4304304,48930000,48930200,48930200,-1,-1,1
TX,10,289,8308309,50930000,50930200,50930200,-1,-1,1
TX,10,289,0308309,50950000,50950200,50950200,-1,-1,1
TX,10,289,4308309,50970000,50970200,50970200,-1,-1,1
TX,10,311,800800b,54450000,54450200,54450200,-1,-1,1
TX,10,311,000800b,54470000,54470200,54470200,-1,-1,1
TX,10,311,400800b,54490000,54490200,54490200,-1,-1,1
TX,10,321,830c305,55930000,55930200,55930200,-1,-1,1
TX,10,321,030c305,55950000,55950200,55950200,-1,-1,1
TX,10,321,430c305,55970000,55970200,55970200,-1,-1,1
TX,10,329,8304305,57590000,57590200,57590200,-1,-1,1
TX,10,329,0304305,57610000,57610200,57610200,-1,-1,1
TX,10,329,4304305,57630000,57630200,57630200,-1,-1,1
TX,10,371,8304307,67130000,67130200,67130200,-1,-1,1
TX,10,371,0304307,67150000,67150200,67150200,-1,-1,1
TX,10,371,4304307,67170000,67170200,67170200,-1,-1,1
TX,10,381,8100101,68770000,68770200,68770200,-1,-1,1
TX,10,381,0100101,68790000,68790200,68790200,-1,-1,1
TX,10,381,4100101,68810000,68810200,68810200,-1,-1,1
TX,10,388,830c30c,69470000,69470200,69470200,-1,-1,1
TX,10,388,030c30c,69490000,69490200,69490200,-1,-1,1
TX,10,388,430c30c,69510000,69510200,69510200,-1,-1,1
TX,10,394,8304306,70210000,70210200,70210200,-1,-1,1
TX,10,394,0304306,70230000,70230200,70230200,-1,-1,1
TX,10,394,4304306,70250000,70250200,70250200,-1,-1,1
TX,10,410,8300302,73450000,73450200,73450200,-1,-1,1
TX,10,410,0300302,73470000,73470200,73470200,-1,-1,1
TX,10,410,4300302,73490000,73490200,73490200,-1,-1,1
TX,10,421,8104105,74650000,74650200,74650200,-1,-1,1
TX,10,421,0104105,74670000,74670200,74670200,-1,-1,1
TX,10,421,4104105,74690000,74690200,74690200,-1,-1,1
TX,10,429,8304305,75950000,75950200,75950200,-1,-1,1
TX,10,429,0304305,75970000,75970200,75970200,-1,-1,1
TX,10,429,4304305,75990000,75990200,75990200,-1,-1,1
TX,10,463,8104107,82610000,82610200,82610200,-1,-1,1
TX,10,463,0104107,82630000,82630200,82630200,-1,-1,1
TX,10,463,4104107,82650000,82650200,82650200,-1,-1,1
TX,10,476,810c10c,84750000,84750200,84750200,-1,-1,1
TX,10,476,010c10c,84770000,84770200,84770200,-1,-1,1
TX,10,476,410c10c,84790000,84790200,84790200,-1,-1,1
TX,10,495,8004007,86890000,86890200,86890200,-1,-1,1
TX,10,495,0004007,86910000,86910200,86910200,-1,-1,1
TX,10,495,4004007,86930000,86930200,86930200,-1,-1,1
TX,10,512,820c20c,89770000,89770200,89770200,-1,-1,1
TX,10,512,020c20c,89790000,89790200,89790200,-1,-1,1
TX,10,512,420c20c,89810000,89810200,89810200,-1,-1,1
TX,10,544,8200200,97310000,97310200,97310200,-1,-1,1
TX,10,544,0200200,97330000,97330200,97330200,-1,-1,1
TX,10,544,4200200,97350000,97350200,97350200,-1,-1,1
TX,10,555,8300303,99070000,99070200,99070200,-1,-1,1
TX,10,555,0300303,99090000,99090200,99090200,-1,-1,1
TX,10,555,4300303,99110000,99110200,99110200,-1,-1,1
TX,10,572,8000000,102750000,102750200,102750200,-1,-1,1
TX,10,572,0000000,102770000,102770200,102770200,-1,-1,1
TX,10,572,4000000,102790000,102790200,102790200,-1,-1,1
TX,10,578,8200202,103590000,103590200,103590200,-1,-1,1
TX,10,578,0200202,103610000,103610200,103610200,-1,-1,1
TX,10,578,4200202,103630000,103630200,103630200,-1,-1,1
TX,10,593,8304305,105410000,105410200,105410200,-1,-1,1
TX,10,593,0304305,105430000,105430200,105432400,-1,-1,1
TX,10,593,4304305,105450000,105450200,105450200,-1,-1,1
TX,10,601,8308309,108650000,108650200,108650200,-1,-1,1
TX,10,601,0308309,108670000,108670200,108670200,-1,-1,1
TX,10,601,4308309,108690000,108690200,108690200,-1,-1,1
TX,10,607,830c30f,109370000,109370200,109370200,-1,-1,1
TX,10,607,030c30f,109390000,109390200,109390200,-1,-1,1
TX,10,607,430c30f,109410000,109410200,109410200,-1,-1,1
TX,10,627,8004007,112470000,112470200,112470200,-1,-1,1
TX,10,627,0004007,112490000,112490200,112490200,-1,-1,1
TX,10,627,4004007,112510000,112510200,112510200,-1,-1,1
TX,10,702,8200202,129750000,129750200,129750200,-1,-1,1
TX,10,702,0200202,129770000,129770200,129770200,-1,-1,1
TX,10,702,4200202,129790000,129790200,129790200,-1,-1,1
TX,10,708,820c20c,131910000,131910200,131910200,-1,-1,1
TX,10,708,020c20c,131930000,131930200,131930200,-1,-1,1
TX,10,708,420c20c,131950000,131950200,131950200,-1,-1,1
TX,10,746,8004006,139190000,139190200,139190200,-1,-1,1
TX,10,746,0004006,139210000,139210200,139210200,-1,-1,1
TX,10,746,4004006,139230000,139230200,139230200,-1,-1,1
TX,10,749,8104005,139790000,139790200,139790200,-1,-1,1
TX,10,749,0104005,139810000,139810200,139810200,-1,-1,1
TX,10,749,4104005,139830000,139830200,139830200,-1,-1,1
TX,10,765,8204205,141790000,141790200,141790200,-1,-1,1
TX,10,765,0204205,141810000,141810200,141810200,-1,-1,1
TX,10,765,4204205,141830000,141830200,141830200,-1,-1,1
TX,10,812,8100100,150010000,150010200,150010200,-1,-1,1
TX,10,812,0100100,150030000,150030200,150030200,-1,-1,1
TX,10,812,4100100,150050000,150050200,150050200,-1,-1,1
TX,10,841,8304305,156490000,156490200,156490200,-1,-1,1
TX,10,841,0304305,156510000,156510200,156510200,-1,-1,1
TX,10,841,4304305,156530000,156530200,156530200,-1,-1,1
TX,10,849,810c10d,158110000,158110200,158110200,-1,-1,1
TX,10,849,010c10d,158130000,158130200,158130200,-1,-1,1
TX,10,849,410c10d,158150000,158150200,158150200,-1,-1,1
TX,10,882,8004006,163410000,163410200,163410200,-1,-1,1
TX,10,882,0004006,163430000,163430200,163430200,-1,-1,1
TX,10,882,4004006,163450000,163450200,163450200,-1,-1,1
TX,10,895,830830b,166590000,166590200,166590200,-1,-1,1
TX,10,895,030830b,166610000,166610200,166610200,-1,-1,1
TX,10,895,430830b,166630000,166630200,166630200,-1,-1,1
TX,10,919,8304307,172170000,172170200,172170200,-1,-1,1
TX,10,919,0304307,172190000,172190200,172190200,-1,-1,1
TX,10,919,4304307,172210000,172210200,172210200,-1,-1,1
TX,10,971,800c00f,180130000,180130200,180130200,-1,-1,1
TX,10,971,000c00f,180150000,180150200,180150200,-1,-1,1
TX,10,971,400c00f,180170000,180170200,180170200,-1,-1,1
TX,10,976,820c20c,181510000,181510200,181510200,-1,-1,1
TX,10,976,020c20c,181530000,181530200,181530200,-1,-1,1
TX,10,976,420c20c,181550000,181550200,181550200,-1,-1,1
TX,10,987,8104107,182530000,182530200,182530200,-1,-1,1
TX,10,987,0104107,182550000,182550200,182550200,-1,-1,1
TX,10,987,4104107,182570000,182570200,182570200,-1,-1,1
TX,10,988,8100100,182610000,182610200,182610200,-1,-1,1
TX,10,988,0100100,182630000,182630200,182630200,-1,-1,1
TX,10,988,4100100,182650000,182650200,182650200,-1,-1,1
TX,11,6,8004006,1510000,1510200,1510200,-1,-1,1
TX,11,6,0004006,1530000,1530200,1530200,-1,-1,1
TX,11,6,4004006,1550000,1550200,1550200,-1,-1,1
TX,11,12,800c00c,2790000,2790200,2790200,-1,-1,1
TX,11,12,000c00c,2810000,2810200,2810200,-1,-1,1
TX,11,12,400c00c,2830000,2830200,2830200,-1,-1,1
TX,11,25,8200201,5530000,5530200,5530200,-1,-1,1
TX,11,25,0200201,5550000,5550200,5550200,-1,-1,1
TX,11,25,4200201,5570000,5570200,5570200,-1,-1,1
TX,11,37,800c00d,8230000,8230200,8230200,-1,-1,1
TX,11,37,000c00d,8250000,8250200,8250200,-1,-1,1
TX,11,37,400c00d,8270000,8270200,8270200,-1,-1,1
TX,11,72,8204100,13770000,13770200,13770200,-1,-1,1
TX,11,72,0204100,13790000,13790200,13790200,-1,-1,1
TX,11,72,4204100,13810000,13810200,13810200,-1,-1,1
TX,11,73,800c00d,14110000,14110200,14110200,-1,-1,1
TX,11,73,000c00d,14130000,14130200,14130200,-1,-1,1
TX,11,73,400c00d,14150000,14150200,14150200,-1,-1,1
TX,11,87,800c00f,16950000,16950200,16950200,-1,-1,1
TX,11,87,000c00f,16970000,16970200,16970200,-1,-1,1
TX,11,87,400c00f,16990000,16990200,16990200,-1,-1,1
TX,11,95,810c10f,18270000,18270200,18270200,-1,-1,1
TX,11,95,010c10f,18290000,18290200,18290200,-1,-1,1
TX,11,95,410c10f,18310000,18310200,18310200,-1,-1,1
TX,11,100,8200200,19630000,19630200,19630200,-1,-1,1
TX,11,100,0200200,19650000,19650200,19650200,-1,-1,1
TX,11,100,4200200,19670000,19670200,19670200,-1,-1,1
TX,11,109,8104105,20970000,20970200,20970200,-1,-1,1
TX,11,109,0104105,20990000,20990200,20990200,-1,-1,1
TX,11,109,4104105,21010000,21010200,21010200,-1,-1,1
TX,11,110,810810a,21150000,21150200,21150200,-1,-1,1
TX,11,110,010810a,21170000,21170200,21170200,-1,-1,1
TX,11,110,410810a,21190000,21190200,21190200,-1,-1,1
TX,11,118,830830a,22130000,22130200,22130200,-1,-1,1
TX,11,118,030830a,22150000,22150200,22150200,-1,-1,1
TX,11,118,430830a,22170000,22170200,22170200,-1,-1,1
TX,11,119,8200203,22250000,22250200,22250200,-1,-1,1
TX,11,119,0200203,22270000,22270200,22270200,-1,-1,1
TX,11,119,4200203,22290000,22290200,22290200,-1,-1,1
TX,11,122,8200202,22850000,22850200,22850200,-1,-1,1
TX,11,122,0200202,22870000,22870200,22870200,-1,-1,1
TX,11,122,4200202,22890000,22890200,22890200,-1,-1,1
TX,11,212,8000000,39590000,39590200,39590200,-1,-1,1
TX,11,212,0000000,39610000,39610200,39610200,-1,-1,1
TX,11,212,4000000,39630000,39630200,39630200,-1,-1,1
TX,11,225,830c30d,41430000,41430200,41430200,-1,-1,1
TX,11,225,030c30d,41450000,41450200,41450200,-1,-1,1
TX,11,225,430c30d,41470000,41470200,41470200,-1,-1,1
TX,11,243,800800b,43850000,43850200,43850200,-1,-1,1
TX,11,243,000800b,43870000,43870200,43870200,-1,-1,1
TX,11,243,400800b,43890000,43890200,43890200,-1,-1,1
TX,11,245,800c00d,43930000,43930200,43930200,-1,-1,1
TX,11,245,000c00d,43950000,43950200,43950200,-1,-1,1
TX,11,245,400c00d,43970000,43970200,43970200,-1,-1,1
TX,11,250,800800a,44490000,44490200,44490200,-1,-1,1
TX,11,250,000800a,44510000,44510200,44510200,-1,-1,1
TX,11,250,400800a,44530000,44530200,44530200,-1,-1,1
TX,11,253,8308309,44710000,44710200,44710200,-1,-1,1
TX,11,253,0308309,44730000,44730200,44730200,-1,-1,1
TX,11,253,4308309,44750000,44750200,44750200,-1,-1,1
TX,11,257,8300301,45050000,45050200,45050200,-1,-1,1
TX,11,257,0300301,45070000,45070200,45070200,-1,-1,1
TX,11,257,4300301,45090000,45090200,45090200,-1,-1,1
TX,11,262,830c30e,45770000,45770200,45770200,-1,-1,1
TX,11,262,030c30e,45790000,45790200,45790200,-1,-1,1
TX,11,262,430c30e,45810000,45810200,45810200,-1,-1,1
TX,11,285,8104105,49910000,49910200,49910200,-1,-1,1
TX,11,285,0104105,49930000,49930200,49930200,-1,-1,1
TX,11,285,4104105,49950000,49950200,49950200,-1,-1,1
TX,11,287,8100103,50610000,50610200,50610200,-1,-1,1
TX,11,287,0100103,50630000,50630200,50630200,-1,-1,1
TX,11,287,4100103,50650000,50650200,50650200,-1,-1,1
TX,11,293,8008009,52130000,52130200,52130200,-1,-1,1
TX,11,293,0008009,52150000,52150200,52150200,-1,-1,1
TX,11,293,4008009,52170000,52170200,52170200,-1,-1,1
TX,11,301,8008009,52770000,52770200,52770200,-1,-1,1
TX,11,301,0008009,52790000,52790200,52790200,-1,-1,1
TX,11,301,4008009,52810000,52810200,52810200,-1,-1,1
TX,11,353,8300301,63050000,63050200,63050200,-1,-1,1
TX,11,353,0300301,63070000,63070200,63070200,-1,-1,1
TX,11,353,4300301,63090000,63090200,63090200,-1,-1,1
TX,11,359,8304307,64030000,64030200,64030200,-1,-1,1
TX,11,359,0304307,64050000,64050200,64050200,-1,-1,1
TX,11,359,4304307,64070000,64070200,64070200,-1,-1,1
TX,11,382,8000002,68830000,68830200,68830200,-1,-1,1
TX,11,382,0000002,68850000,68850200,68850200,-1,-1,1
TX,11,382,4000002,68870000,68870200,68870200,-1,-1,1
TX,11,408,8204204,73230000,73230200,73230200,-1,-1,1
TX,11,408,0204204,73250000,73250200,73250200,-1,-1,1
TX,11,408,4204204,73270000,73270200,73270200,-1,-1,1
TX,11,412,8108108,73470000,73470200,73470200,-1,-1,1
TX,11,412,0108108,73490000,73490200,73492400,-1,-1,1
TX,11,412,4108108,73510000,73510200,73510200,-1,-1,1
TX,11,438,8304306,77730000,77730200,77730200,-1,-1,1
TX,11,438,0304306,77750000,77750200,77750200,-1,-1,1
TX,11,438,4304306,77770000,77770200,77770200,-1,-1,1
TX,11,442,800800a,78610000,78610200,78610200,-1,-1,1
TX,11,442,000800a,78630000,78630200,78630200,-1,-1,1
TX,11,442,400800a,78650000,78650200,78650200,-1,-1,1
TX,11,455,8208207,81070000,81070200,81070200,-1,-1,1
TX,11,455,0208207,81090000,81090200,81090200,-1,-1,1
TX,11,455,4208207,81110000,81110200,81110200,-1,-1,1
TX,11,469,8300301,83470000,83470200,83470200,-1,-1,1
TX,11,469,0300301,83490000,83490200,83490200,-1,-1,1
TX,11,469,4300301,83510000,83510200,83510200,-1,-1,1
TX,11,473,8004005,83930000,83930200,83930200,-1,-1,1
TX,11,473,0004005,83950000,83950200,83950200,-1,-1,1
TX,11,473,4004005,83970000,83970200,83970200,-1,-1,1
TX,11,483,800c00f,85550000,85550200,85550200,-1,-1,1
TX,11,483,000c00f,85570000,85570200,85570200,-1,-1,1
TX,11,483,400c00f,85590000,85590200,85590200,-1,-1,1
TX,11,486,8000002,85950000,85950200,85950200,-1,-1,1
TX,11,486,0000002,85970000,85970200,85970200,-1,-1,1
TX,11,486,4000002,85990000,85990200,85990200,-1,-1,1
TX,11,491,8004007,86730000,86730200,86730200,-1,-1,1
TX,11,491,0004007,86750000,86750200,86750200,-1,-1,1
TX,11,491,4004007,86770000,86770200,86770200,-1,-1,1
TX,11,503,8004007,88210000,88210200,88210200,-1,-1,1
TX,11,503,0004007,88230000,88230200,88230200,-1,-1,1
TX,11,503,4004007,88250000,88250200,88250200,-1,-1,1
TX,11,511,8000003,89690000,89690200,89690200,-1,-1,1
TX,11,511,0000003,89710000,89710200,89710200,-1,-1,1
TX,11,511,4000003,89730000,89730200,89730200,-1,-1,1
TX,11,527,8000003,93390000,93390200,93390200,-1,-1,1
TX,11,527,0000003,93410000,93410200,93410200,-1,-1,1
TX,11,527,4000003,93430000,93430200,93430200,-1,-1,1
TX,11,528,8100100,93550000,93550200,93550200,-1,-1,1
TX,11,528,0100100,93570000,93570200,93570200,-1,-1,1
TX,11,528,4100100,93590000,93590200,93590200,-1,-1,1
TX,11,547,8100103,97750000,97750200,97750200,-1,-1,1
TX,11,547,0100103,97770000,97770200,97792400,-1,-1,1
TX,11,547,4100103,97790000,97792600,97792600,-1,-1,1
TX,11,554,8000002,98970000,98970200,98970200,-1,-1,1
TX,11,554,0000002,98990000,98990200,98990200,-1,-1,1
TX,11,554,4000002,99010000,99010200,99010200,-1,-1,1
TX,11,567,8004007,101990000,101990200,101990200,-1,-1,1
TX,11,567,0004007,102010000,102010200,102010200,-1,-1,1
TX,11,567,4004007,102030000,102030200,102030200,-1,-1,1
TX,11,573,800c00d,103030000,103030200,103030200,-1,-1,1
TX,11,573,000c00d,103050000,103050200,103050200,-1,-1,1
TX,11,573,400c00d,103070000,103070200,103070200,-1,-1,1
TX,11,576,8100100,103490000,103490200,103490200,-1,-1,1
TX,11,576,0100100,103510000,103510200,103510200,-1,-1,1
TX,11,576,4100100,103530000,103530200,103530200,-1,-1,1
TX,11,592,8300300,105390000,105390200,105390200,-1,-1,1
TX,11,592,0300300,105410000,105410200,105410200,-1,-1,1
TX,11,592,4300300,105430000,105430200,105430200,-1,-1,1
TX,11,606,800c00e,109270000,109270200,109270200,-1,-1,1
TX,11,606,000c00e,109290000,109290200,109290200,-1,-1,1
TX,11,606,400c00e,109310000,109310200,109310200,-1,-1,1
TX,11,613,8208209,110690000,110690200,110690200,-1,-1,1
TX,11,613,0208209,110710000,110710200,110710200,-1,-1,1
TX,11,613,4208209,110730000,110730200,110730200,-1,-1,1
TX,11,630,8204206,112650000,112650200,112650200,-1,-1,1
TX,11,630,0204206,112670000,112670200,112670200,-1,-1,1
TX,11,630,4204206,112690000,112690200,112690200,-1,-1,1
TX,11,658,8104106,120470000,120470200,120470200,-1,-1,1
TX,11,658,0104106,120490000,120490200,120490200,-1,-1,1
TX,11,658,4104106,120510000,120510200,120510200,-1,-1,1
TX,11,671,8200203,123210000,123210200,123210200,-1,-1,1
TX,11,671,0200203,123230000,123230200,123230200,-1,-1,1
TX,11,671,4200203,123250000,123250200,123250200,-1,-1,1
TX,11,688,8208208,126710000,126710200,126710200,-1,-1,1
TX,11,688,0208208,126730000,126730200,126730200,-1,-1,1
TX,11,688,4208208,126750000,126750200,126750200,-1,-1,1
TX,11,695,830c30f,128050000,128050200,128050200,-1,-1,1
TX,11,695,030c30f,128070000,128070200,128070200,-1,-1,1
TX,11,695,430c30f,128090000,128090200,128090200,-1,-1,1
TX,11,710,800c00e,131970000,131970200,131970200,-1,-1,1
TX,11,710,000c00e,131990000,131990200,131990200,-1,-1,1
TX,11,710,400c00e,132010000,132010200,132010200,-1,-1,1
TX,11,715,820820b,133070000,133070200,133070200,-1,-1,1
TX,11,715,020820b,133090000,133090200,133090200,-1,-1,1
TX,11,715,420820b,133110000,133110200,133110200,-1,-1,1
TX,11,727,830c30f,135450000,135450200,135450200,-1,-1,1
TX,11,727,030c30f,135470000,135470200,135470200,-1,-1,1
TX,11,727,430c30f,135490000,135490200,135490200,-1,-1,1
TX,11,731,830c307,136310000,136310200,136310200,-1,-1,1
TX,11,731,030c307,136330000,136330200,136330200,-1,-1,1
TX,11,731,430c307,136350000,136350200,136350200,-1,-1,1
TX,11,737,8204205,137170000,137170200,137170200,-1,-1,1
TX,11,737,0204205,137190000,137190200,137190200,-1,-1,1
TX,11,737,4204205,137210000,137210200,137210200,-1,-1,1
TX,11,886,8004006,164530000,164530200,164530200,-1,-1,1
TX,11,886,0004006,164550000,164550200,164550200,-1,-1,1
TX,11,886,4004006,164570000,164570200,164570200,-1,-1,1
TX,11,897,8008009,166650000,166650200,166650200,-1,-1,1
TX,11,897,0008009,166670000,166670200,166670200,-1,-1,1
TX,11,897,4008009,166690000,166690200,166690200,-1,-1,1
TX,11,928,8108108,173210000,173210200,173210200,-1,-1,1
TX,11,928,0108108,173230000,173230200,173230200,-1,-1,1
TX,11,928,4108108,173250000,173250200,173250200,-1,-1,1
TX,11,938,8204206,175130000,175130200,175130200,-1,-1,1
TX,11,938,0204206,175150000,175150200,175150200,-1,-1,1
TX,11,938,4204206,175170000,175170200,175170200,-1,-1,1
TX,11,947,8200203,177010000,177010200,177010200,-1,-1,1
TX,11,947,0200203,177030000,177030200,177030200,-1,-1,1
TX,11,947,4200203,177050000,177050200,177050200,-1,-1,1
TX,11,948,8104104,177070000,177070200,177070200,-1,-1,1
TX,11,948,0104104,177090000,177090200,177090200,-1,-1,1
TX,11,948,4104104,177110000,177110200,177110200,-1,-1,1
TX,11,954,800800a,178290000,178290200,178290200,-1,-1,1
TX,11,954,000800a,178310000,178310200,178310200,-1,-1,1
TX,11,954,400800a,178330000,178330200,178330200,-1,-1,1
TX,11,958,8200202,178550000,178550200,178550200,-1,-1,1
TX,11,958,0200202,178570000,178570200,178572400,-1,-1,1
TX,11,958,4200202,178590000,178590200,178590200,-1,-1,1
TX,11,968,830c30c,179850000,179850200,179850200,-1,-1,1
TX,11,968,030c30c,179870000,179870200,179870200,-1,-1,1
TX,11,968,430c30c,179890000,179890200,179890200,-1,-1,1
TX,11,977,8304305,181530000,181530200,181530200,-1,-1,1
TX,11,977,0304305,181550000,181550200,181550200,-1,-1,1
TX,11,977,4304305,181570000,181570200,181570200,-1,-1,1
TX,12,10,810810a,2490000,2490200,2490200,-1,-1,1
TX,12,10,010810a,2510000,2510200,2510200,-1,-1,1
TX,12,10,410810a,2530000,2530200,2530200,-1,-1,1
TX,12,22,8104106,4130000,4130200,4130200,-1,-1,1
TX,12,22,0104106,4150000,4150200,4150200,-1,-1,1
TX,12,22,4104106,4170000,4170200,4170200,-1,-1,1
TX,12,29,8204205,6330000,6330200,6330200,-1,-1,1
TX,12,29,0204205,6350000,6350200,6350200,-1,-1,1
TX,12,29,4204205,6370000,6370200,6370200,-1,-1,1
TX,12,31,800800b,6610000,6610200,6610200,-1,-1,1
TX,12,31,000800b,6630000,6630200,6630200,-1,-1,1
TX,12,31,400800b,6650000,6650200,6650200,-1,-1,1
TX,12,32,8200200,7090000,7090200,7090200,-1,-1,1
TX,12,32,0200200,7110000,7110200,7110200,-1,-1,1
TX,12,32,4200200,7130000,7130200,7130200,-1,-1,1
TX,12,41,8200201,8750000,8750200,8750200,-1,-1,1
TX,12,41,0200201,8770000,8770200,8770200,-1,-1,1
TX,12,41,4200201,8790000,8790200,8790200,-1,-1,1
TX,12,64,8008008,12770000,12770200,12770200,-1,-1,1
TX,12,64,0008008,12790000,12790200,12790200,-1,-1,1
TX,12,64,4008008,12810000,12810200,12810200,-1,-1,1
TX,12,78,8000002,15370000,15370200,15370200,-1,-1,1
TX,12,78,0000002,15390000,15390200,15390200,-1,-1,1
TX,12,78,4000002,15410000,15410200,15410200,-1,-1,1
TX,12,137,8104105,25410000,25410200,25410200,-1,-1,1
TX,12,137,0104105,25430000,25430200,25430200,-1,-1,1
TX,12,137,4104105,25450000,25450200,25450200,-1,-1,1
TX,12,158,830820a,29010000,29010200,29010200,-1,-1,1
TX,12,158,030820a,29030000,29030200,29030200,-1,-1,1
TX,12,158,430820a,29050000,29050200,29050200,-1,-1,1
TX,12,162,810810a,29910000,29910200,29910200,-1,-1,1
TX,12,162,010810a,29930000,29930200,29930200,-1,-1,1
TX,12,162,410810a,29950000,29950200,29950200,-1,-1,1
TX,12,172,8204204,31810000,31810200,31810200,-1,-1,1
TX,12,172,0204204,31830000,31830200,31830200,-1,-1,1
TX,12,172,4204204,31850000,31850200,31850200,-1,-1,1
TX,12,198,8004006,37490000,37490200,37490200,-1,-1,1
TX,12,198,0004006,37510000,37510200,37510200,-1,-1,1
TX,12,198,4004006,37530000,37530200,37530200,-1,-1,1
TX,12,221,8204205,40690000,40690200,40690200,-1,-1,1
TX,12,221,0204205,40710000,40710200,40710200,-1,-1,1
TX,12,221,4204205,40730000,40730200,40730200,-1,-1,1
TX,12,233,820c20d,41870000,41870200,41870200,-1,-1,1
TX,12,233,020c20d,41890000,41890200,41890200,-1,-1,1
TX,12,233,420c20d,41910000,41910200,41910200,-1,-1,1
TX,12,236,8104104,42230000,42230200,42230200,-1,-1,1
TX,12,236,0104104,42250000,42250200,42250200,-1,-1,1
TX,12,236,4104104,42270000,42270200,42270200,-1,-1,1
TX,12,246,8104106,43950000,43950200,43950200,-1,-1,1
TX,12,246,0104106,43970000,43970200,43970200,-1,-1,1
TX,12,246,4104106,43990000,43990200,43990200,-1,-1,1
TX,12,326,8000002,56810000,56810200,56810200,-1,-1,1
TX,12,326,0000002,56830000,56830200,56830200,-1,-1,1
TX,12,326,4000002,56850000,56850200,56850200,-1,-1,1
TX,12,332,8000000,58050000,58050200,58050200,-1,-1,1
TX,12,332,0000000,58070000,58070200,58070200,-1,-1,1
TX,12,332,4000000,58090000,58090200,58090200,-1,-1,1
TX,12,338,830830a,60070000,60070200,60070200,-1,-1,1
TX,12,338,030830a,60090000,60090200,60090200,-1,-1,1
TX,12,338,430830a,60110000,60110200,60110200,-1,-1,1
TX,12,345,8208209,62190000,62190200,62190200,-1,-1,1
TX,12,345,0208209,62210000,62210200,62210200,-1,-1,1
TX,12,345,4208209,62230000,62230200,62230200,-1,-1,1
TX,12,374,8304306,67610000,67610200,67610200,-1,-1,1
TX,12,374,0304306,67630000,67630200,67630200,-1,-1,1
TX,12,374,4304306,67650000,67650200,67650200,-1,-1,1
TX,12,396,8200200,70470000,70470200,70470200,-1,-1,1
TX,12,396,0200200,70490000,70490200,70490200,-1,-1,1
TX,12,396,4200200,70510000,70510200,70510200,-1,-1,1
TX,12,415,8100103,73710000,73710200,73710200,-1,-1,1
TX,12,415,0100103,73730000,73730200,73730200,-1,-1,1
TX,12,415,4100103,73750000,73750200,73750200,-1,-1,1
TX,12,460,8008008,82030000,82030200,82030200,-1,-1,1
TX,12,460,0008008,82050000,82050200,82050200,-1,-1,1
TX,12,460,4008008,82070000,82070200,82070200,-1,-1,1
TX,12,464,800c00c,82830000,82830200,82830200,-1,-1,1
TX,12,464,000c00c,82850000,82850200,82850200,-1,-1,1
TX,12,464,400c00c,82870000,82870200,82870200,-1,-1,1
TX,12,481,810c10d,85310000,85310200,85310200,-1,-1,1
TX,12,481,010c10d,85330000,85330200,85330200,-1,-1,1
TX,12,481,410c10d,85350000,85350200,85350200,-1,-1,1
TX,12,488,8308308,86450000,86450200,86450200,-1,-1,1
TX,12,488,0308308,86470000,86470200,86470200,-1,-1,1
TX,12,488,4308308,86490000,86490200,86490200,-1,-1,1
TX,12,502,8200202,87870000,87870200,87870200,-1,-1,1
TX,12,502,0200202,87890000,87890200,87890200,-1,-1,1
TX,12,502,4200202,87910000,87910200,87910200,-1,-1,1
TX,12,506,830830a,88810000,88810200,88810200,-1,-1,1
TX,12,506,030830a,88830000,88830200,88830200,-1,-1,1
TX,12,506,430830a,88850000,88850200,88850200,-1,-1,1
TX,12,525,8004005,93270000,93270200,93270200,-1,-1,1
TX,12,525,0004005,93290000,93290200,93292400,-1,-1,1
TX,12,525,4004005,93310000,93310200,93310200,-1,-1,1
TX,12,532,8308308,94550000,94550200,94550200,-1,-1,1
TX,12,532,0308308,94570000,94570200,94570200,-1,-1,1
TX,12,532,4308308,94590000,94590200,94590200,-1,-1,1
TX,12,538,8200202,95430000,95430200,95430200,-1,-1,1
TX,12,538,0200202,95450000,95450200,95450200,-1,-1,1
TX,12,538,4200202,95470000,95470200,95470200,-1,-1,1
TX,12,548,8308308,97770000,97770200,97770200,-1,-1,1
TX,12,548,0308308,97790000,97790200,97790200,-1,-1,1
TX,12,548,4308308,97810000,97810200,97810200,-1,-1,1
TX,12,550,8000002,98250000,98250200,98250200,-1,-1,1
TX,12,550,0000002,98270000,98270200,98270200,-1,-1,1
TX,12,550,4000002,98290000,98290200,98290200,-1,-1,1
TX,12,589,8008009,105110000,105110200,105110200,-1,-1,1
TX,12,589,0008009,105130000,105130200,105130200,-1,-1,1
TX,12,589,4008009,105150000,105150200,105150200,-1,-1,1
TX,12,599,8000003,107770000,107770200,107770200,-1,-1,1
TX,12,599,0000003,107790000,107790200,107790200,-1,-1,1
TX,12,599,4000003,107810000,107810200,107810200,-1,-1,1
TX,12,600,800c00c,108410000,108410200,108410200,-1,-1,1
TX,12,600,000c00c,108430000,108430200,108430200,-1,-1,1
TX,12,600,400c00c,108450000,108450200,108450200,-1,-1,1
TX,12,621,8008009,111730000,111730200,111730200,-1,-1,1
TX,12,621,0008009,111750000,111750200,111750200,-1,-1,1
TX,12,621,4008009,111770000,111770200,111770200,-1,-1,1
TX,12,650,830c30e,118270000,118270200,118270200,-1,-1,1
TX,12,650,030c30e,118290000,118290200,118290200,-1,-1,1
TX,12,650,430c30e,118310000,118310200,118310200,-1,-1,1
TX,12,652,8108104,119070000,119070200,119070200,-1,-1,1
TX,12,652,0108104,119090000,119090200,119090200,-1,-1,1
TX,12,652,4108104,119110000,119110200,119110200,-1,-1,1
TX,12,659,830830b,120530000,120530200,120530200,-1,-1,1
TX,12,659,030830b,120550000,120550200,120550200,-1,-1,1
TX,12,659,430830b,120570000,120570200,120570200,-1,-1,1
TX,12,686,8104106,126310000,126310200,126310200,-1,-1,1
TX,12,686,0104106,126330000,126330200,126330200,-1,-1,1
TX,12,686,4104106,126350000,126350200,126350200,-1,-1,1
TX,12,697,800c00d,128310000,128310200,128310200,-1,-1,1
TX,12,697,000c00d,128330000,128330200,128330200,-1,-1,1
TX,12,697,400c00d,128350000,128350200,128350200,-1,-1,1
TX,12,700,8004004,129010000,129010200,129010200,-1,-1,1
TX,12,700,0004004,129030000,129030200,129030200,-1,-1,1
TX,12,700,4004004,129050000,129050200,129050200,-1,-1,1
TX,12,706,8100102,130850000,130850200,130850200,-1,-1,1
TX,12,706,0100102,130870000,130870200,130870200,-1,-1,1
TX,12,706,4100102,130890000,130890200,130890200,-1,-1,1
TX,12,728,8004004,135470000,135470200,135470200,-1,-1,1
TX,12,728,0004004,135490000,135490200,135490200,-1,-1,1
TX,12,728,4004004,135510000,135510200,135510200,-1,-1,1
TX,12,732,820c20c,136330000,136330200,136330200,-1,-1,1
TX,12,732,020c20c,136350000,136350200,136350200,-1,-1,1
TX,12,732,420c20c,136370000,136370200,136370200,-1,-1,1
TX,12,739,8104107,137370000,137370200,137370200,-1,-1,1
TX,12,739,0104107,137390000,137390200,137390200,-1,-1,1
TX,12,739,4104107,137410000,137410200,137410200,-1,-1,1
TX,12,741,8200201,138390000,138390200,138390200,-1,-1,1
TX,12,741,0200201,138410000,138410200,138410200,-1,-1,1
TX,12,741,4200201,138430000,138430200,138430200,-1,-1,1
TX,12,744,820c20c,138810000,138810200,138810200,-1,-1,1
TX,12,744,020c20c,138830000,138830200,138830200,-1,-1,1
TX,12,744,420c20c,138850000,138850200,138850200,-1,-1,1
TX,12,751,830c30f,140030000,140030200,140030200,-1,-1,1
TX,12,751,030c30f,140050000,140050200,140050200,-1,-1,1
TX,12,751,430c30f,140070000,140070200,140070200,-1,-1,1
TX,12,769,8100101,142310000,142310200,142310200,-1,-1,1
TX,12,769,0100101,142330000,142330200,142330200,-1,-1,1
TX,12,769,4100101,142350000,142350200,142350200,-1,-1,1
TX,12,770,800800a,142390000,142390200,142390200,-1,-1,1
TX,12,770,000800a,142410000,142410200,142410200,-1,-1,1
TX,12,770,400800a,142430000,142430200,142430200,-1,-1,1
TX,12,784,8004004,144990000,144990200,144990200,-1,-1,1
TX,12,784,0004004,145010000,145010200,145010200,-1,-1,1
TX,12,784,4004004,145030000,145030200,145030200,-1,-1,1
TX,12,806,800800a,148550000,148550200,148550200,-1,-1,1
TX,12,806,000800a,148570000,148570200,148572400,-1,-1,1
TX,12,806,400800a,148590000,148590200,148590200,-1,-1,1
TX,12,814,830c30e,150110000,150110200,150110200,-1,-1,1
TX,12,814,030c30e,150130000,150130200,150130200,-1,-1,1
TX,12,814,430c30e,150150000,150150200,150150200,-1,-1,1
TX,12,815,8004007,150310000,150310200,150310200,-1,-1,1
TX,12,815,0004007,150330000,150330200,150330200,-1,-1,1
TX,12,815,4004007,150350000,150350200,150350200,-1,-1,1
TX,12,819,8100103,150850000,150850200,150850200,-1,-1,1
TX,12,819,0100103,150870000,150870200,150870200,-1,-1,1
TX,12,819,4100103,150890000,150890200,150890200,-1,-1,1
TX,12,822,800c00e,151410000,151410200,151410200,-1,-1,1
TX,12,822,000c00e,151430000,151430200,151430200,-1,-1,1
TX,12,822,400c00e,151450000,151450200,151450200,-1,-1,1
TX,12,839,830c30f,156110000,156110200,156110200,-1,-1,1
TX,12,839,030c30f,156130000,156130200,156130200,-1,-1,1
TX,12,839,430c30f,156150000,156150200,156150200,-1,-1,1
TX,12,857,8008009,159810000,159810200,159810200,-1,-1,1
TX,12,857,0008009,159830000,159830200,159830200,-1,-1,1
TX,12,857,4008009,159850000,159850200,159850200,-1,-1,1
TX,12,865,8308309,161410000,161410200,161410200,-1,-1,1
TX,12,865,0308309,161430000,161430200,161430200,-1,-1,1
TX,12,865,4308309,161450000,161450200,161450200,-1,-1,1
TX,12,875,830830b,162630000,162630200,162630200,-1,-1,1
TX,12,875,030830b,162650000,162650200,162650200,-1,-1,1
TX,12,875,430830b,162670000,162670200,162670200,-1,-1,1
TX,12,888,8100100,164670000,164670200,164670200,-1,-1,1
TX,12,888,0100100,164690000,164690200,164690200,-1,-1,1
TX,12,888,4100100,164710000,164710200,164710200,-1,-1,1
TX,12,892,8304304,165730000,165730200,165730200,-1,-1,1
TX,12,892,0304304,165750000,165750200,165750200,-1,-1,1
TX,12,892,4304304,165770000,165770200,165770200,-1,-1,1
TX,12,924,8204204,172430000,172430200,172430200,-1,-1,1
TX,12,924,0204204,172450000,172450200,172450200,-1,-1,1
TX,12,924,4204204,172470000,172470200,172470200,-1,-1,1
TX,12,927,8200203,173210000,173210200,173210200,-1,-1,1
TX,12,927,0200203,173230000,173230200,173230200,-1,-1,1
TX,12,927,4200203,173250000,173250200,173250200,-1,-1,1
TX,12,946,8100102,176650000,176650200,176650200,-1,-1,1
TX,12,946,0100102,176670000,176670200,176670200,-1,-1,1
TX,12,946,4100102,176690000,176690200,176690200,-1,-1,1
TX,12,949,8008009,177090000,177090200,177090200,-1,-1,1
TX,12,949,0008009,177110000,177110200,177110200,-1,-1,1
TX,12,949,4008009,177130000,177130200,177130200,-1,-1,1
TX,12,981,830c30d,181950000,181950200,181950200,-1,-1,1
TX,12,981,030c30d,181970000,181970200,181970200,-1,-1,1
TX,12,981,430c30d,181990000,181990200,181990200,-1,-1,1
TX,12,989,8208105,182770000,182770200,182770200,-1,-1,1
TX,12,989,0208105,182790000,182790200,182790200,-1,-1,1
TX,12,989,4208105,182810000,182810200,182810200,-1,-1,1
TX,12,990,8004006,182950000,182950200,182950200,-1,-1,1
TX,12,990,0004006,182970000,182970200,182970200,-1,-1,1
TX,12,990,4004006,182990000,182990200,182990200,-1,-1,1
TX,12,994,8104106,183810000,183810200,183810200,-1,-1,1
TX,12,994,0104106,183830000,183830200,183830200,-1,-1,1
TX,12,994,4104106,183850000,183850200,183850200,-1,-1,1
TX,13,20,8208208,4070000,4070200,4070200,-1,-1,1
TX,13,20,0208208,4090000,4090200,4090200,-1,-1,1
TX,13,20,4208208,4110000,4110200,4110200,-1,-1,1
TX,13,34,8104106,7570000,7570200,7570200,-1,-1,1
TX,13,34,0104106,7590000,7590200,7590200,-1,-1,1
TX,13,34,4104106,7610000,7610200,7610200,-1,-1,1
TX,13,38,8200202,8310000,8310200,8310200,-1,-1,1
TX,13,38,0200202,8330000,8330200,8330200,-1,-1,1
TX,13,38,4200202,8350000,8350200,8350200,-1,-1,1
TX,13,45,820c20d,9470000,9470200,9470200,-1,-1,1
TX,13,45,020c20d,9490000,9490200,9490200,-1,-1,1
TX,13,45,420c20d,9510000,9510200,9510200,-1,-1,1
TX,13,47,8204207,9570000,9570200,9570200,-1,-1,1
TX,13,47,0204207,9590000,9590200,9590200,-1,-1,1
TX,13,47,4204207,9610000,9610200,9610200,-1,-1,1
TX,13,60,800c00c,11530000,11530200,11530200,-1,-1,1
TX,13,60,000c00c,11550000,11550200,11550200,-1,-1,1
TX,13,60,400c00c,11570000,11570200,11570200,-1,-1,1
TX,13,69,830c30d,13510000,13510200,13510200,-1,-1,1
TX,13,69,030c30d,13530000,13530200,13530200,-1,-1,1
TX,13,69,430c30d,13550000,13550200,13550200,-1,-1,1
TX,13,76,8308308,14650000,14650200,14650200,-1,-1,1
TX,13,76,0308308,14670000,14670200,14670200,-1,-1,1
TX,13,76,4308308,14690000,14690200,14690200,-1,-1,1
TX,13,89,8004005,17490000,17490200,17490200,-1,-1,1
TX,13,89,0004005,17510000,17510200,17510200,-1,-1,1
TX,13,89,4004005,17530000,17530200,17530200,-1,-1,1
TX,13,114,8000002,21730000,21730200,21730200,-1,-1,1
TX,13,114,0000002,21750000,21750200,21750200,-1,-1,1
TX,13,114,4000002,21770000,21770200,21770200,-1,-1,1
TX,13,115,8300303,21930000,21930200,21930200,-1,-1,1
TX,13,115,0300303,21950000,21950200,21950200,-1,-1,1
TX,13,115,4300303,21970000,21970200,21970200,-1,-1,1
TX,13,132,8108108,24770000,24770200,24770200,-1,-1,1
TX,13,132,0108108,24790000,24790200,24790200,-1,-1,1
TX,13,132,4108108,24810000,24810200,24810200,-1,-1,1
TX,13,133,8004005,24910000,24910200,24910200,-1,-1,1
TX,13,133,0004005,24930000,24930200,24930200,-1,-1,1
TX,13,133,4004005,24950000,24950200,24950200,-1,-1,1
TX,13,145,810c10d,26550000,26550200,26550200,-1,-1,1
TX,13,145,010c10d,26570000,26570200,26570200,-1,-1,1
TX,13,145,410c10d,26590000,26590200,26590200,-1,-1,1
TX,13,153,8104105,28210000,28210200,28210200,-1,-1,1
TX,13,153,0104105,28230000,28230200,28230200,-1,-1,1
TX,13,153,4104105,28250000,28250200,28250200,-1,-1,1
TX,13,164,8000000,30170000,30170200,30170200,-1,-1,1
TX,13,164,0000000,30190000,30190200,30190200,-1,-1,1
TX,13,164,4000000,30210000,30210200,30210200,-1,-1,1
TX,13,168,8008008,30650000,30650200,30650200,-1,-1,1
TX,13,168,0008008,30670000,30670200,30670200,-1,-1,1
TX,13,168,4008008,30690000,30690200,30690200,-1,-1,1
TX,13,184,800c00c,33830000,33830200,33830200,-1,-1,1
TX,13,184,000c00c,33850000,33850200,33850200,-1,-1,1
TX,13,184,400c00c,33870000,33870200,33870200,-1,-1,1
TX,13,227,8104107,41530000,41530200,41530200,-1,-1,1
TX,13,227,0104107,41550000,41550200,41550200,-1,-1,1
TX,13,227,4104107,41570000,41570200,41570200,-1,-1,1
TX,13,229,8300301,41690000,41690200,41690200,-1,-1,1
TX,13,229,0300301,41710000,41710200,41710200,-1,-1,1
TX,13,229,4300301,41730000,41730200,41730200,-1,-1,1
TX,13,256,8108108,44910000,44910200,44910200,-1,-1,1
TX,13,256,0108108,44930000,44930200,44930200,-1,-1,1
TX,13,256,4108108,44950000,44950200,44950200,-1,-1,1
TX,13,260,8300200,45490000,45490200,45490200,-1,-1,1
TX,13,260,0300200,45510000,45510200,45510200,-1,-1,1
TX,13,260,4300200,45530000,45530200,45530200,-1,-1,1
TX,13,272,810c10c,47150000,47150200,47150200,-1,-1,1
TX,13,272,010c10c,47170000,47170200,47170200,-1,-1,1
TX,13,272,410c10c,47190000,47190200,47190200,-1,-1,1
TX,13,274,8204102,47730000,47730200,47730200,-1,-1,1
TX,13,274,0204102,47750000,47750200,47750200,-1,-1,1
TX,13,274,4204102,47770000,47770200,47770200,-1,-1,1
TX,13,291,810810b,51670000,51670200,51670200,-1,-1,1
TX,13,291,010810b,51690000,51690200,51690200,-1,-1,1
TX,13,291,410810b,51710000,51710200,51710200,-1,-1,1
TX,13,302,8004006,53270000,53270200,53270200,-1,-1,1
TX,13,302,0004006,53290000,53290200,53290200,-1,-1,1
TX,13,302,4004006,53310000,53310200,53310200,-1,-1,1
TX,13,304,8000000,53550000,53550200,53550200,-1,-1,1
TX,13,304,0000000,53570000,53570200,53570200,-1,-1,1
TX,13,304,4000000,53590000,53590200,53590200,-1,-1,1
TX,13,315,830830b,54890000,54890200,54890200,-1,-1,1
TX,13,315,030830b,54910000,54910200,54910200,-1,-1,1
TX,13,315,430830b,54930000,54930200,54930200,-1,-1,1
TX,13,330,8100102,57610000,57610200,57610200,-1,-1,1
TX,13,330,0100102,57630000,57630200,57630200,-1,-1,1
TX,13,330,4100102,57650000,57650200,57650200,-1,-1,1
TX,13,331,8100103,57730000,57730200,57730200,-1,-1,1
TX,13,331,0100103,57750000,57750200,57750200,-1,-1,1
TX,13,331,4100103,57770000,57770200,57770200,-1,-1,1
TX,13,343,8104107,61710000,61710200,61710200,-1,-1,1
TX,13,343,0104107,61730000,61730200,61730200,-1,-1,1
TX,13,343,4104107,61750000,61750200,61750200,-1,-1,1
TX,13,351,820820b,62730000,62730200,62730200,-1,-1,1
TX,13,351,020820b,62750000,62750200,62750200,-1,-1,1
TX,13,351,420820b,62770000,62770200,62770200,-1,-1,1
TX,13,365,810c10d,65190000,65190200,65190200,-1,-1,1
TX,13,365,010c10d,65210000,65210200,65210200,-1,-1,1
TX,13,365,410c10d,65230000,65230200,65230200,-1,-1,1
TX,13,385,830c30d,68910000,68910200,68910200,-1,-1,1
TX,13,385,030c30d,68930000,68930200,68930200,-1,-1,1
TX,13,385,430c30d,68950000,68950200,68950200,-1,-1,1
TX,13,417,8204205,74410000,74410200,74410200,-1,-1,1
TX,13,417,0204205,74430000,74430200,74430200,-1,-1,1
TX,13,417,4204205,74450000,74450200,74450200,-1,-1,1
TX,13,435,8200203,76650000,76650200,76650200,-1,-1,1
TX,13,435,0200203,76670000,76670200,76670200,-1,-1,1
TX,13,435,4200203,76690000,76690200,76690200,-1,-1,1
TX,13,444,820c000,79030000,79030200,79030200,-1,-1,1
TX,13,444,020c000,79050000,79050200,79050200,-1,-1,1
TX,13,444,420c000,79070000,79070200,79070200,-1,-1,1
TX,13,530,8208202,94330000,94330200,94330200,-1,-1,1
TX,13,530,0208202,94350000,94350200,94354000,-1,-1,1
TX,13,530,4208202,94370000,94370200,94370200,-1,-1,1
TX,13,556,8100100,99390000,99390200,99390200,-1,-1,1
TX,13,556,0100100,99410000,99410200,99410200,-1,-1,1
TX,13,556,4100100,99430000,99430200,99430200,-1,-1,1
TX,13,585,830c30d,104550000,104550200,104550200,-1,-1,1
TX,13,585,030c30d,104570000,104570200,104570200,-1,-1,1
TX,13,585,430c30d,104590000,104590200,104590200,-1,-1,1
TX,13,614,810c10e,111250000,111250200,111250200,-1,-1,1
TX,13,614,010c10e,111270000,111270200,111270200,-1,-1,1
TX,13,614,410c10e,111290000,111290200,111290200,-1,-1,1
TX,13,617,8004005,111390000,111390200,111390200,-1,-1,1
TX,13,617,0004005,111410000,111410200,111410200,-1,-1,1
TX,13,617,4004005,111430000,111430200,111430200,-1,-1,1
TX,13,620,800c00c,111670000,111670200,111670200,-1,-1,1
TX,13,620,000c00c,111690000,111690200,111690200,-1,-1,1
TX,13,620,400c00c,111710000,111710200,111710200,-1,-1,1
TX,13,626,8300302,112450000,112450200,112450200,-1,-1,1
TX,13,626,0300302,112470000,112470200,112470200,-1,-1,1
TX,13,626,4300302,112490000,112490200,112490200,-1,-1,1
TX,13,634,8204206,113550000,113550200,113550200,-1,-1,1
TX,13,634,0204206,113570000,113570200,113570200,-1,-1,1
TX,13,634,4204206,113590000,113590200,113590200,-1,-1,1
TX,13,654,8000002,119370000,119370200,119370200,-1,-1,1
TX,13,654,0000002,119390000,119390200,119390200,-1,-1,1
TX,13,654,4000002,119410000,119410200,119410200,-1,-1,1
TX,13,673,810c10d,123590000,123590200,123590200,-1,-1,1
TX,13,673,010c10d,123610000,123610200,123610200,-1,-1,1
TX,13,673,410c10d,123630000,123630200,123630200,-1,-1,1
TX,13,682,820820a,125610000,125610200,125610200,-1,-1,1
TX,13,682,020820a,125630000,125630200,125630200,-1,-1,1
TX,13,682,420820a,125650000,125650200,125650200,-1,-1,1
TX,13,685,810c10d,126090000,126090200,126090200,-1,-1,1
TX,13,685,010c10d,126110000,126110200,126110200,-1,-1,1
TX,13,685,410c10d,126130000,126130200,126130200,-1,-1,1
TX,13,693,8108109,127870000,127870200,127870200,-1,-1,1
TX,13,693,0108109,127890000,127890200,127890200,-1,-1,1
TX,13,693,4108109,127910000,127910200,127910200,-1,-1,1
TX,13,703,8104107,129850000,129850200,129850200,-1,-1,1
TX,13,703,0104107,129870000,129870200,129870200,-1,-1,1
TX,13,703,4104107,129890000,129890200,129890200,-1,-1,1
TX,13,713,8108109,132910000,132910200,132910200,-1,-1,1
TX,13,713,0108109,132930000,132930200,132930200,-1,-1,1
TX,13,713,4108109,132950000,132950200,132950200,-1,-1,1
TX,13,719,8000003,133930000,133930200,133930200,-1,-1,1
TX,13,719,0000003,133950000,133950200,133950200,-1,-1,1
TX,13,719,4000003,133970000,133970200,133970200,-1,-1,1
TX,13,720,820c20c,134070000,134070200,134070200,-1,-1,1
TX,13,720,020c20c,134090000,134090200,134090200,-1,-1,1
TX,13,720,420c20c,134110000,134110200,134110200,-1,-1,1
TX,13,750,820c20e,139990000,139990200,139990200,-1,-1,1
TX,13,750,020c20e,140010000,140010200,140010200,-1,-1,1
TX,13,750,420c20e,140030000,140030200,140030200,-1,-1,1
TX,13,764,8308308,141770000,141770200,141770200,-1,-1,1
TX,13,764,0308308,141790000,141790200,141790200,-1,-1,1
TX,13,764,4308308,141810000,141810200,141810200,-1,-1,1
TX,13,780,800c00c,144230000,144230200,144230200,-1,-1,1
TX,13,780,000c00c,144250000,144250200,144250200,-1,-1,1
TX,13,780,400c00c,144270000,144270200,144270200,-1,-1,1
TX,13,808,810c10c,148570000,148570200,148570200,-1,-1,1
TX,13,808,010c10c,148590000,148590200,148592400,-1,-1,1
TX,13,808,410c10c,148610000,148610200,148610200,-1,-1,1
TX,13,811,820820b,149850000,149850200,149850200,-1,-1,1
TX,13,811,020820b,149870000,149870200,149870200,-1,-1,1
TX,13,811,420820b,149890000,149890200,149890200,-1,-1,1
TX,13,824,820c008,151550000,151550200,151550200,-1,-1,1
TX,13,824,020c008,151570000,151570200,151570200,-1,-1,1
TX,13,824,420c008,151590000,151590200,151590200,-1,-1,1
TX,13,830,8100102,153490000,153490200,153490200,-1,-1,1
TX,13,830,0100102,153510000,153510200,153510200,-1,-1,1
TX,13,830,4100102,153530000,153530200,153530200,-1,-1,1
TX,13,833,820c20d,153850000,153850200,153850200,-1,-1,1
TX,13,833,020c20d,153870000,153870200,153870200,-1,-1,1
TX,13,833,420c20d,153890000,153890200,153890200,-1,-1,1
TX,13,834,8300302,154130000,154130200,154130200,-1,-1,1
TX,13,834,0300302,154150000,154150200,154150200,-1,-1,1
TX,13,834,4300302,154170000,154170200,154170200,-1,-1,1
TX,13,845,810c10d,157130000,157130200,157130200,-1,-1,1
TX,13,845,010c10d,157150000,157150200,157150200,-1,-1,1
TX,13,845,410c10d,157170000,157170200,157170200,-1,-1,1
TX,13,847,800c00f,157450000,157450200,157450200,-1,-1,1
TX,13,847,000c00f,157470000,157470200,157470200,-1,-1,1
TX,13,847,400c00f,157490000,157490200,157490200,-1,-1,1
TX,13,859,8300303,159890000,159890200,159890200,-1,-1,1
TX,13,859,0300303,159910000,159910200,159910200,-1,-1,1
TX,13,859,4300303,159930000,159930200,159930200,-1,-1,1
TX,13,863,800800b,160970000,160970200,160970200,-1,-1,1
TX,13,863,000800b,160990000,160990200,160990200,-1,-1,1
TX,13,863,400800b,161010000,161010200,161010200,-1,-1,1
TX,13,872,8004004,162470000,162470200,162470200,-1,-1,1
TX,13,872,0004004,162490000,162490200,162490200,-1,-1,1
TX,13,872,4004004,162510000,162510200,162510200,-1,-1,1
TX,13,876,800c00c,162670000,162670200,162670200,-1,-1,1
TX,13,876,000c00c,162690000,162690200,162690200,-1,-1,1
TX,13,876,400c00c,162710000,162710200,162710200,-1,-1,1
TX,13,878,8300302,163130000,163130200,163130200,-1,-1,1
TX,13,878,0300302,163150000,163150200,163150200,-1,-1,1
TX,13,878,4300302,163170000,163170200,163170200,-1,-1,1
TX,13,890,810c10e,164990000,164990200,164990200,-1,-1,1
TX,13,890,010c10e,165010000,165010200,165010200,-1,-1,1
TX,13,890,410c10e,165030000,165030200,165030200,-1,-1,1
TX,13,910,800800a,170250000,170250200,170250200,-1,-1,1
TX,13,910,000800a,170270000,170270200,170270200,-1,-1,1
TX,13,910,400800a,170290000,170290200,170290200,-1,-1,1
TX,13,923,810c10f,172410000,172410200,172410200,-1,-1,1
TX,13,923,010c10f,172430000,172430200,172430200,-1,-1,1
TX,13,923,410c10f,172450000,172450200,172450200,-1,-1,1
TX,13,974,8200202,180870000,180870200,180870200,-1,-1,1
TX,13,974,0200202,180890000,180890200,180890200,-1,-1,1
TX,13,974,4200202,180910000,180910200,180910200,-1,-1,1
TX,13,995,8204207,183970000,183970200,183970200,-1,-1,1
TX,13,995,0204207,183990000,183990200,183990200,-1,-1,1
TX,13,995,4204207,184010000,184010200,184010200,-1,-1,1
TX,13,998,8100102,184490000,184490200,184490200,-1,-1,1
TX,13,998,0100102,184510000,184510200,184510200,-1,-1,1
TX,13,998,4100102,184530000,184530200,184530200,-1,-1,1
TX,14,5,8204205,1470000,1470200,1470200,-1,-1,1
TX,14,5,0204205,1490000,1490200,1490200,-1,-1,1
TX,14,5,4204205,1510000,1510200,1510200,-1,-1,1
TX,14,13,820c101,2830000,2830200,2830200,-1,-1,1
TX,14,13,020c101,2850000,2850200,2850200,-1,-1,1
TX,14,13,420c101,2870000,2870200,2870200,-1,-1,1
TX,14,35,8300003,7890000,7890200,7890200,-1,-1,1
TX,14,35,0300003,7910000,7910200,7910200,-1,-1,1
TX,14,35,4300003,7930000,7930200,7930200,-1,-1,1
TX,14,40,800c00c,8610000,8610200,8610200,-1,-1,1
TX,14,40,000c00c,8630000,8630200,8630200,-1,-1,1
TX,14,40,400c00c,8650000,8650200,8650200,-1,-1,1
TX,14,42,8100102,8790000,8790200,8790200,-1,-1,1
TX,14,42,0100102,8810000,8810200,8810200,-1,-1,1
TX,14,42,4100102,8830000,8830200,8830200,-1,-1,1
TX,14,49,8104105,9790000,9790200,9790200,-1,-1,1
TX,14,49,0104105,9810000,9810200,9810200,-1,-1,1
TX,14,49,4104105,9830000,9830200,9830200,-1,-1,1
TX,14,53,8100101,10090000,10090200,10090200,-1,-1,1
TX,14,53,0100101,10110000,10110200,10110200,-1,-1,1
TX,14,53,4100101,10130000,10130200,10130200,-1,-1,1
TX,14,85,8204205,16770000,16770200,16770200,-1,-1,1
TX,14,85,0204205,16790000,16790200,16790200,-1,-1,1
TX,14,85,4204205,16810000,16810200,16810200,-1,-1,1
TX,14,94,8300302,17970000,17970200,17970200,-1,-1,1
TX,14,94,0300302,17990000,17990200,17990200,-1,-1,1
TX,14,94,4300302,18010000,18010200,18010200,-1,-1,1
TX,14,101,8300301,19730000,19730200,19730200,-1,-1,1
TX,14,101,0300301,19750000,19750200,19750200,-1,-1,1
TX,14,101,4300301,19770000,19770200,19770200,-1,-1,1
TX,14,140,8204204,25650000,25650200,25650200,-1,-1,1
TX,14,140,0204204,25670000,25670200,25670200,-1,-1,1
TX,14,140,4204204,25690000,25690200,25690200,-1,-1,1
TX,14,147,820820b,27090000,27090200,27090200,-1,-1,1
TX,14,147,020820b,27110000,27110200,27110200,-1,-1,1
TX,14,147,420820b,27130000,27130200,27130200,-1,-1,1
TX,14,149,820c20d,27430000,27430200,27430200,-1,-1,1
TX,14,149,020c20d,27450000,27450200,27450200,-1,-1,1
TX,14,149,420c20d,27470000,27470200,27470200,-1,-1,1
TX,14,159,820c20f,29150000,29150200,29150200,-1,-1,1
TX,14,159,020c20f,29170000,29170200,29170200,-1,-1,1
TX,14,159,420c20f,29190000,29190200,29190200,-1,-1,1
TX,14,179,830c30f,32590000,32590200,32590200,-1,-1,1
TX,14,179,030c30f,32610000,32610200,32610200,-1,-1,1
TX,14,179,430c30f,32630000,32630200,32630200,-1,-1,1
TX,14,197,8208209,37310000,37310200,37310200,-1,-1,1
TX,14,197,0208209,37330000,37330200,37330200,-1,-1,1
TX,14,197,4208209,37350000,37350200,37350200,-1,-1,1
TX,14,209,8104105,39010000,39010200,39010200,-1,-1,1
TX,14,209,0104105,39030000,39030200,39030200,-1,-1,1
TX,14,209,4104105,39050000,39050200,39050200,-1,-1,1
TX,14,252,8200200,44530000,44530200,44530200,-1,-1,1
TX,14,252,0200200,44550000,44550200,44550200,-1,-1,1
TX,14,252,4200200,44570000,44570200,44570200,-1,-1,1
TX,14,266,810c10e,46550000,46550200,46550200,-1,-1,1
TX,14,266,010c10e,46570000,46570200,46570200,-1,-1,1
TX,14,266,410c10e,46590000,46590200,46590200,-1,-1,1
TX,14,268,800c00c,46870000,46870200,46870200,-1,-1,1
TX,14,268,000c00c,46890000,46890200,46890200,-1,-1,1
TX,14,268,400c00c,46910000,46910200,46910200,-1,-1,1
TX,14,273,8104105,47150000,47150200,47150200,-1,-1,1
TX,14,273,0104105,47170000,47170200,47170200,-1,-1,1
TX,14,273,4104105,47190000,47190200,47190200,-1,-1,1
TX,14,275,8104107,48330000,48330200,48330200,-1,-1,1
TX,14,275,0104107,48350000,48350200,48350200,-1,-1,1
TX,14,275,4104107,48370000,48370200,48370200,-1,-1,1
TX,14,283,8304307,49350000,49350200,49350200,-1,-1,1
TX,14,283,0304307,49370000,49370200,49370200,-1,-1,1
TX,14,283,4304307,49390000,49390200,49390200,-1,-1,1
TX,14,288,8004004,50730000,50730200,50730200,-1,-1,1
TX,14,288,0004004,50750000,50750200,50750200,-1,-1,1
TX,14,288,4004004,50770000,50770200,50770200,-1,-1,1
TX,14,297,8108109,52450000,52450200,52450200,-1,-1,1
TX,14,297,0108109,52470000,52470200,52470200,-1,-1,1
TX,14,297,4108109,52490000,52490200,52490200,-1,-1,1
TX,14,303,8104107,53290000,53290200,53290200,-1,-1,1
TX,14,303,0104107,53310000,53310200,53310200,-1,-1,1
TX,14,303,4104107,53330000,53330200,53330200,-1,-1,1
TX,14,316,830c30c,55110000,55110200,55110200,-1,-1,1
TX,14,316,030c30c,55130000,55130200,55130200,-1,-1,1
TX,14,316,430c30c,55150000,55150200,55150200,-1,-1,1
TX,14,348,830c30c,62390000,62390200,62390200,-1,-1,1
TX,14,348,030c30c,62410000,62410200,62410200,-1,-1,1
TX,14,348,430c30c,62430000,62430200,62430200,-1,-1,1
TX,14,352,8108108,62730000,62730200,62730200,-1,-1,1
TX,14,352,0108108,62750000,62750200,62750200,-1,-1,1
TX,14,352,4108108,62770000,62770200,62770200,-1,-1,1
TX,14,379,8304307,68230000,68230200,68230200,-1,-1,1
TX,14,379,0304307,68250000,68250200,68250200,-1,-1,1
TX,14,379,4304307,68270000,68270200,68270200,-1,-1,1
TX,14,430,8000002,76010000,76010200,76010200,-1,-1,1
TX,14,430,0000002,76030000,76030200,76030200,-1,-1,1
TX,14,430,4000002,76050000,76050200,76050200,-1,-1,1
TX,14,456,8108108,81250000,81250200,81250200,-1,-1,1
TX,14,456,0108108,81270000,81270200,81270200,-1,-1,1
TX,14,456,4108108,81290000,81290200,81290200,-1,-1,1
TX,14,466,810c10e,82950000,82950200,82950200,-1,-1,1
TX,14,466,010c10e,82970000,82970200,82970200,-1,-1,1
TX,14,466,410c10e,82990000,82990200,82990200,-1,-1,1
TX,14,468,8104104,83190000,83190200,83190200,-1,-1,1
TX,14,468,0104104,83210000,83210200,83210200,-1,-1,1
TX,14,468,4104104,83230000,83230200,83230200,-1,-1,1
TX,14,478,8204206,85010000,85010200,85010200,-1,-1,1
TX,14,478,0204206,85030000,85030200,85030200,-1,-1,1
TX,14,478,4204206,85050000,85050200,85050200,-1,-1,1
TX,14,487,8304307,86230000,86230200,86230200,-1,-1,1
TX,14,487,0304307,86250000,86250200,86250200,-1,-1,1
TX,14,487,4304307,86270000,86270200,86270200,-1,-1,1
TX,14,535,8304307,95070000,95070200,95070200,-1,-1,1
TX,14,535,0304307,95090000,95090200,95090200,-1,-1,1
TX,14,535,4304307,95110000,95110200,95110200,-1,-1,1
TX,14,541,8004005,96770000,96770200,96770200,-1,-1,1
TX,14,541,0004005,96790000,96790200,96790200,-1,-1,1
TX,14,541,4004005,96810000,96810200,96810200,-1,-1,1
TX,14,546,8100102,97750000,97750200,97750200,-1,-1,1
TX,14,546,0100102,97770000,97770200,97770200,-1,-1,1
TX,14,546,4100102,97790000,97790200,97790200,-1,-1,1
TX,14,549,820c20d,97810000,97810200,97810200,-1,-1,1
TX,14,549,020c20d,97830000,97830200,97830200,-1,-1,1
TX,14,549,420c20d,97850000,97850200,97850200,-1,-1,1
TX,14,558,8300302,100150000,100150200,100150200,-1,-1,1
TX,14,558,0300302,100170000,100170200,100170200,-1,-1,1
TX,14,558,4300302,100190000,100190200,100190200,-1,-1,1
TX,14,560,8004004,100410000,100410200,100410200,-1,-1,1
TX,14,560,0004004,100430000,100430200,100430200,-1,-1,1
TX,14,560,4004004,100450000,100450200,100450200,-1,-1,1
TX,14,568,8100100,102130000,102130200,102130200,-1,-1,1
TX,14,568,0100100,102150000,102150200,102150200,-1,-1,1
TX,14,568,4100100,102170000,102170200,102170200,-1,-1,1
TX,14,579,8304307,103910000,103910200,103910200,-1,-1,1
TX,14,579,0304307,103930000,103930200,103930200,-1,-1,1
TX,14,579,4304307,103950000,103950200,103950200,-1,-1,1
TX,14,591,820c20f,105270000,105270200,105270200,-1,-1,1
TX,14,591,020c20f,105290000,105290200,105290200,-1,-1,1
TX,14,591,420c20f,105310000,105310200,105310200,-1,-1,1
TX,14,631,820820b,112690000,112690200,112690200,-1,-1,1
TX,14,631,020820b,112710000,112710200,112710200,-1,-1,1
TX,14,631,420820b,112730000,112730200,112730200,-1,-1,1
TX,14,643,8000003,116670000,116670200,116670200,-1,-1,1
TX,14,643,0000003,116690000,116690200,116690200,-1,-1,1
TX,14,643,4000003,116710000,116710200,116710200,-1,-1,1
TX,14,717,8008009,133230000,133230200,133230200,-1,-1,1
TX,14,717,0008009,133250000,133250200,133250200,-1,-1,1
TX,14,717,4008009,133270000,133270200,133270200,-1,-1,1
TX,14,730,8200202,135770000,135770200,135770200,-1,-1,1
TX,14,730,0200202,135790000,135790200,135790200,-1,-1,1
TX,14,730,4200202,135810000,135810200,135810200,-1,-1,1
TX,14,756,8300300,140290000,140290200,140290200,-1,-1,1
TX,14,756,0300300,140310000,140310200,140310200,-1,-1,1
TX,14,756,4300300,140330000,140330200,140330200,-1,-1,1
TX,14,762,8204206,141530000,141530200,141530200,-1,-1,1
TX,14,762,0204206,141550000,141550200,141550200,-1,-1,1
TX,14,762,4204206,141570000,141570200,141570200,-1,-1,1
TX,14,786,8100102,145050000,145050200,145050200,-1,-1,1
TX,14,786,0100102,145070000,145070200,145070200,-1,-1,1
TX,14,786,4100102,145090000,145090200,145090200,-1,-1,1
TX,14,844,8208208,156910000,156910200,156910200,-1,-1,1
TX,14,844,0208208,156930000,156930200,156930200,-1,-1,1
TX,14,844,4208208,156950000,156950200,156950200,-1,-1,1
TX,14,860,8000000,160010000,160010200,160010200,-1,-1,1
TX,14,860,0000000,160030000,160030200,160030200,-1,-1,1
TX,14,860,4000000,160050000,160050200,160050200,-1,-1,1
TX,14,866,8100102,161730000,161730200,161730200,-1,-1,1
TX,14,866,0100102,161750000,161750200,161750200,-1,-1,1
TX,14,866,4100102,161770000,161770200,161770200,-1,-1,1
TX,14,877,8300301,162730000,162730200,162730200,-1,-1,1
TX,14,877,0300301,162750000,162750200,162750200,-1,-1,1
TX,14,877,4300301,162770000,162770200,162770200,-1,-1,1
TX,14,885,8208209,164510000,164510200,164510200,-1,-1,1
TX,14,885,0208209,164530000,164530200,164530200,-1,-1,1
TX,14,885,4208209,164550000,164550200,164550200,-1,-1,1
TX,14,913,8300301,171130000,171130200,171130200,-1,-1,1
TX,14,913,0300301,171150000,171150200,171150200,-1,-1,1
TX,14,913,4300301,171170000,171170200,171170200,-1,-1,1
TX,14,914,810810a,171370000,171370200,171370200,-1,-1,1
TX,14,914,010810a,171390000,171390200,171390200,-1,-1,1
TX,14,914,410810a,171410000,171410200,171410200,-1,-1,1
TX,14,935,820820b,174630000,174630200,174630200,-1,-1,1
TX,14,935,020820b,174650000,174650200,174650200,-1,-1,1
TX,14,935,420820b,174670000,174670200,174670200,-1,-1,1
TX,14,950,8000002,177270000,177270200,177270200,-1,-1,1
TX,14,950,0000002,177290000,177290200,177290200,-1,-1,1
TX,14,950,4000002,177310000,177310200,177310200,-1,-1,1
TX,14,957,8104105,178530000,178530200,178530200,-1,-1,1
TX,14,957,0104105,178550000,178550200,178550200,-1,-1,1
TX,14,957,4104105,178570000,178570200,178570200,-1,-1,1
TX,14,959,830c30f,178610000,178610200,178610200,-1,-1,1
TX,14,959,030c30f,178630000,178630200,178630200,-1,-1,1
TX,14,959,430c30f,178650000,178650200,178650200,-1,-1,1
TX,14,984,8200200,182330000,182330200,182330200,-1,-1,1
TX,14,984,0200200,182350000,182350200,182350200,-1,-1,1
TX,14,984,4200200,182370000,182370200,182370200,-1,-1,1
TX,15,1,8004005,450000,450200,450200,-1,-1,1
TX,15,1,0004005,470000,470200,470200,-1,-1,1
TX,15,1,4004005,490000,490200,490200,-1,-1,1
TX,15,15,820c003,2930000,2930200,2930200,-1,-1,1
TX,15,15,020c003,2950000,2950200,2950200,-1,-1,1
TX,15,15,420c003,2970000,2970200,2970200,-1,-1,1
TX,15,24,820c20c,4870000,4870200,4870200,-1,-1,1
TX,15,24,020c20c,4890000,4890200,4890200,-1,-1,1
TX,15,24,420c20c,4910000,4910200,4910200,-1,-1,1
TX,15,28,8308308,5830000,5830200,5830200,-1,-1,1
TX,15,28,0308308,5850000,5850200,5850200,-1,-1,1
TX,15,28,4308308,5870000,5870200,5870200,-1,-1,1
TX,15,75,8100103,14290000,14290200,14290200,-1,-1,1
TX,15,75,0100103,14310000,14310200,14310200,-1,-1,1
TX,15,75,4100103,14330000,14330200,14330200,-1,-1,1
TX,15,77,8100101,15250000,15250200,15250200,-1,-1,1
TX,15,77,0100101,15270000,15270200,15270200,-1,-1,1
TX,15,77,4100101,15290000,15290200,15290200,-1,-1,1
TX,15,98,820c20e,18930000,18930200,18930200,-1,-1,1
TX,15,98,020c20e,18950000,18950200,18950200,-1,-1,1
TX,15,98,420c20e,18970000,18970200,18970200,-1,-1,1
TX,15,125,8104105,24030000,24030200,24030200,-1,-1,1
TX,15,125,0104105,24050000,24050200,24050200,-1,-1,1
TX,15,125,4104105,24070000,24070200,24070200,-1,-1,1
TX,15,138,800c00e,25590000,25590200,25590200,-1,-1,1
TX,15,138,000c00e,25610000,25610200,25610200,-1,-1,1
TX,15,138,400c00e,25630000,25630200,25630200,-1,-1,1
TX,15,143,8104107,26370000,26370200,26370200,-1,-1,1
TX,15,143,0104107,26390000,26390200,26390200,-1,-1,1
TX,15,143,4104107,26410000,26410200,26410200,-1,-1,1
TX,15,157,8104105,28970000,28970200,28970200,-1,-1,1
TX,15,157,0104105,28990000,28990200,28990200,-1,-1,1
TX,15,157,4104105,29010000,29010200,29010200,-1,-1,1
TX,15,167,8100103,30430000,30430200,30430200,-1,-1,1
TX,15,167,0100103,30450000,30450200,30450200,-1,-1,1
TX,15,167,4100103,30470000,30470200,30470200,-1,-1,1
TX,15,171,800c00f,31650000,31650200,31650200,-1,-1,1
TX,15,171,000c00f,31670000,31670200,31670200,-1,-1,1
TX,15,171,400c00f,31690000,31690200,31690200,-1,-1,1
TX,15,193,8200201,35690000,35690200,35690200,-1,-1,1
TX,15,193,0200201,35710000,35710200,35710200,-1,-1,1
TX,15,193,4200201,35730000,35730200,35730200,-1,-1,1
TX,15,203,8100103,38010000,38010200,38010200,-1,-1,1
TX,15,203,0100103,38030000,38030200,38030200,-1,-1,1
TX,15,203,4100103,38050000,38050200,38050200,-1,-1,1
TX,15,215,810c10f,39970000,39970200,39970200,-1,-1,1
TX,15,215,010c10f,39990000,39990200,39990200,-1,-1,1
TX,15,215,410c10f,40010000,40010200,40010200,-1,-1,1
TX,15,242,830830a,43750000,43750200,43750200,-1,-1,1
TX,15,242,030830a,43770000,43770200,43770200,-1,-1,1
TX,15,242,430830a,43790000,43790200,43790200,-1,-1,1
TX,15,265,8004005,46130000,46130200,46130200,-1,-1,1
TX,15,265,0004005,46150000,46150200,46150200,-1,-1,1
TX,15,265,4004005,46170000,46170200,46170200,-1,-1,1
TX,15,279,800c00f,48790000,48790200,48790200,-1,-1,1
TX,15,279,000c00f,48810000,48810200,48810200,-1,-1,1
TX,15,279,400c00f,48830000,48830200,48830200,-1,-1,1
TX,15,282,8204206,49310000,49310200,49310200,-1,-1,1
TX,15,282,0204206,49330000,49330200,49330200,-1,-1,1
TX,15,282,4204206,49350000,49350200,49350200,-1,-1,1
TX,15,300,8108108,52710000,52710200,52710200,-1,-1,1
TX,15,300,0108108,52730000,52730200,52730200,-1,-1,1
TX,15,300,4108108,52750000,52750200,52750200,-1,-1,1
TX,15,336,8300300,59550000,59550200,59550200,-1,-1,1
TX,15,336,0300300,59570000,59570200,59570200,-1,-1,1
TX,15,336,4300300,59590000,59590200,59590200,-1,-1,1
TX,15,342,820c20e,61530000,61530200,61530200,-1,-1,1
TX,15,342,020c20e,61550000,61550200,61550200,-1,-1,1
TX,15,342,420c20e,61570000,61570200,61570200,-1,-1,1
TX,15,355,8004007,63410000,63410200,63410200,-1,-1,1
TX,15,355,0004007,63430000,63430200,63430200,-1,-1,1
TX,15,355,4004007,63450000,63450200,63450200,-1,-1,1
TX,15,369,8308309,66810000,66810200,66810200,-1,-1,1
TX,15,369,0308309,66830000,66830200,66830200,-1,-1,1
TX,15,369,4308309,66850000,66850200,66850200,-1,-1,1
TX,15,377,8300301,67710000,67710200,67710200,-1,-1,1
TX,15,377,0300301,67730000,67730200,67730200,-1,-1,1
TX,15,377,4300301,67750000,67750200,67750200,-1,-1,1
TX,15,400,8108108,71270000,71270200,71270200,-1,-1,1
TX,15,400,0108108,71290000,71290200,71290200,-1,-1,1
TX,15,400,4108108,71310000,71310200,71310200,-1,-1,1
TX,15,401,810c10d,71590000,71590200,71590200,-1,-1,1
TX,15,401,010c10d,71610000,71610200,71610200,-1,-1,1
TX,15,401,410c10d,71630000,71630200,71630200,-1,-1,1
TX,15,413,810c001,73530000,73530200,73530200,-1,-1,1
TX,15,413,010c001,73550000,73550200,73550200,-1,-1,1
TX,15,413,410c001,73570000,73570200,73570200,-1,-1,1
TX,15,427,8000003,75550000,75550200,75550200,-1,-1,1
TX,15,427,0000003,75570000,75570200,75570200,-1,-1,1
TX,15,427,4000003,75590000,75590200,75590200,-1,-1,1
TX,15,445,8200201,79030000,79030200,79030200,-1,-1,1
TX,15,445,0200201,79050000,79050200,79050200,-1,-1,1
TX,15,445,4200201,79070000,79070200,79070200,-1,-1,1
TX,15,451,800c00f,80530000,80530200,80530200,-1,-1,1
TX,15,451,000c00f,80550000,80550200,80550200,-1,-1,1
TX,15,451,400c00f,80570000,80570200,80570200,-1,-1,1
TX,15,467,830830b,83090000,83090200,83090200,-1,-1,1
TX,15,467,030830b,83110000,83110200,83110200,-1,-1,1
TX,15,467,430830b,83130000,83130200,83130200,-1,-1,1
TX,15,513,8100101,90130000,90130200,90130200,-1,-1,1
TX,15,513,0100101,90150000,90150200,90150200,-1,-1,1
TX,15,513,4100101,90170000,90170200,90170200,-1,-1,1
TX,15,533,810c10d,94710000,94710200,94710200,-1,-1,1
TX,15,533,010c10d,94730000,94730200,94730200,-1,-1,1
TX,15,533,410c10d,94750000,94750200,94750200,-1,-1,1
TX,15,603,8004007,108770000,108770200,108770200,-1,-1,1
TX,15,603,0004007,108790000,108790200,108790200,-1,-1,1
TX,15,603,4004007,108810000,108810200,108810200,-1,-1,1
TX,15,608,8108108,109390000,109390200,109390200,-1,-1,1
TX,15,608,0108108,109410000,109410200,109410200,-1,-1,1
TX,15,608,4108108,109430000,109430200,109430200,-1,-1,1
TX,15,633,8304205,113430000,113430200,113430200,-1,-1,1
TX,15,633,0304205,113450000,113450200,113450200,-1,-1,1
TX,15,633,4304205,113470000,113470200,113470200,-1,-1,1
TX,15,655,8208107,119370000,119370200,119370200,-1,-1,1
TX,15,655,0208107,119390000,119390200,119390200,-1,-1,1
TX,15,655,4208107,119410000,119410200,119410200,-1,-1,1
TX,15,656,810c10c,119610000,119610200,119610200,-1,-1,1
TX,15,656,010c10c,119630000,119630200,119630200,-1,-1,1
TX,15,656,410c10c,119650000,119650200,119650200,-1,-1,1
TX,15,662,820820a,120590000,120590200,120590200,-1,-1,1
TX,15,662,020820a,120610000,120610200,120610200,-1,-1,1
TX,15,662,420820a,120630000,120630200,120630200,-1,-1,1
TX,15,665,8200201,121510000,121510200,121510200,-1,-1,1
TX,15,665,0200201,121530000,121530200,121530200,-1,-1,1
TX,15,665,4200201,121550000,121550200,121550200,-1,-1,1
TX,15,666,830830a,121570000,121570200,121570200,-1,-1,1
TX,15,666,030830a,121590000,121590200,121590200,-1,-1,1
TX,15,666,430830a,121610000,121610200,121610200,-1,-1,1
TX,15,667,8104107,121630000,121630200,121630200,-1,-1,1
TX,15,667,0104107,121650000,121650200,121650200,-1,-1,1
TX,15,667,4104107,121670000,121670200,121670200,-1,-1,1
TX,15,668,8200200,122370000,122370200,122370200,-1,-1,1
TX,15,668,0200200,122390000,122390200,122390200,-1,-1,1
TX,15,668,4200200,122410000,122410200,122410200,-1,-1,1
TX,15,680,820c20c,125370000,125370200,125370200,-1,-1,1
TX,15,680,020c20c,125390000,125390200,125390200,-1,-1,1
TX,15,680,420c20c,125410000,125410200,125410200,-1,-1,1
TX,15,696,8308308,128230000,128230200,128230200,-1,-1,1
TX,15,696,0308308,128250000,128250200,128250200,-1,-1,1
TX,15,696,4308308,128270000,128270200,128270200,-1,-1,1
TX,15,742,8204206,138470000,138470200,138470200,-1,-1,1
TX,15,742,0204206,138490000,138490200,138490200,-1,-1,1
TX,15,742,4204206,138510000,138510200,138510200,-1,-1,1
TX,15,761,8308309,141490000,141490200,141490200,-1,-1,1
TX,15,761,0308309,141510000,141510200,141510200,-1,-1,1
TX,15,761,4308309,141530000,141530200,141530200,-1,-1,1
TX,15,767,800800b,142030000,142030200,142030200,-1,-1,1
TX,15,767,000800b,142050000,142050200,142050200,-1,-1,1
TX,15,767,400800b,142070000,142070200,142070200,-1,-1,1
TX,15,776,8108108,143490000,143490200,143490200,-1,-1,1
TX,15,776,0108108,143510000,143510200,143510200,-1,-1,1
TX,15,776,4108108,143530000,143530200,143530200,-1,-1,1
TX,15,778,8104106,143930000,143930200,143930200,-1,-1,1
TX,15,778,0104106,143950000,143950200,143950200,-1,-1,1
TX,15,778,4104106,143970000,143970200,143970200,-1,-1,1
TX,15,781,820c20d,144570000,144570200,144570200,-1,-1,1
TX,15,781,020c20d,144590000,144590200,144590200,-1,-1,1
TX,15,781,420c20d,144610000,144610200,144610200,-1,-1,1
TX,15,787,820c20f,145650000,145650200,145650200,-1,-1,1
TX,15,787,020c20f,145670000,145670200,145670200,-1,-1,1
TX,15,787,420c20f,145690000,145690200,145690200,-1,-1,1
TX,15,794,810810a,146430000,146430200,146430200,-1,-1,1
TX,15,794,010810a,146450000,146450200,146450200,-1,-1,1
TX,15,794,410810a,146470000,146470200,146470200,-1,-1,1
TX,15,801,8304305,148030000,148030200,148030200,-1,-1,1
TX,15,801,0304305,148050000,148050200,148050200,-1,-1,1
TX,15,801,4304305,148070000,148070200,148070200,-1,-1,1
TX,15,826,800c00e,151990000,151990200,151990200,-1,-1,1
TX,15,826,000c00e,152010000,152010200,152010200,-1,-1,1
TX,15,826,400c00e,152030000,152030200,152030200,-1,-1,1
TX,15,846,800800a,157210000,157210200,157210200,-1,-1,1
TX,15,846,000800a,157230000,157230200,157230200,-1,-1,1
TX,15,846,400800a,157250000,157250200,157250200,-1,-1,1
TX,15,853,8100101,158670000,158670200,158670200,-1,-1,1
TX,15,853,0100101,158690000,158690200,158690200,-1,-1,1
TX,15,853,4100101,158710000,158710200,158710200,-1,-1,1
TX,15,855,820820b,159010000,159010200,159010200,-1,-1,1
TX,15,855,020820b,159030000,159030200,159030200,-1,-1,1
TX,15,855,420820b,159050000,159050200,159050200,-1,-1,1
TX,15,887,8304307,164550000,164550200,164550200,-1,-1,1
TX,15,887,0304307,164570000,164570200,164572400,-1,-1,1
TX,15,887,4304307,164590000,164590200,164590200,-1,-1,1
TX,15,894,8004006,166110000,166110200,166110200,-1,-1,1
TX,15,894,0004006,166130000,166130200,166130200,-1,-1,1
TX,15,894,4004006,166150000,166150200,166150200,-1,-1,1
TX,15,898,800800a,166950000,166950200,166950200,-1,-1,1
TX,15,898,000800a,166970000,166970200,166970200,-1,-1,1
TX,15,898,400800a,166990000,166990200,166990200,-1,-1,1
TX,15,899,8200203,167270000,167270200,167270200,-1,-1,1
TX,15,899,0200203,167290000,167290200,167290200,-1,-1,1
TX,15,899,4200203,167310000,167310200,167310200,-1,-1,1
TX,15,908,810c000,169950000,169950200,169950200,-1,-1,1
TX,15,908,010c000,169970000,169970200,169970200,-1,-1,1
TX,15,908,410c000,169990000,169990200,169990200,-1,-1,1
TX,15,960,8200200,178710000,178710200,178710200,-1,-1,1
TX,15,960,0200200,178730000,178730200,178730200,-1,-1,1
TX,15,960,4200200,178750000,178750200,178750200,-1,-1,1
TX,15,980,810c10c,181870000,181870200,181870200,-1,-1,1
TX,15,980,010c10c,181890000,181890200,181890200,-1,-1,1
TX,15,980,410c10c,181910000,181910200,181910200,-1,-1,1
TX,15,991,810810b,183090000,183090200,183090200,-1,-1,1
TX,15,991,010810b,183110000,183110200,183110200,-1,-1,1
TX,15,991,410810b,183130000,183130200,183130200,-1,-1,1
RX,0,0,8004000,-1,-1,-1,236200,236400,1
RX,0,0,0004000,-1,-1,-1,252000,252200,1
RX,0,0,4004000,-1,-1,-1,272000,272200,1
RX,0,15,820c003,-1,-1,-1,2955400,2955600,1
RX,0,15,020c003,-1,-1,-1,2955600,2955800,1
RX,0,15,420c003,-1,-1,-1,2972000,2972200,1
RX,0,35,8300003,-1,-1,-1,7896200,7896400,1
RX,0,35,0300003,-1,-1,-1,7912000,7912200,1
RX,0,35,4300003,-1,-1,-1,7932000,7932200,1
RX,0,48,8000000,-1,-1,-1,9591800,9592000,1
RX,0,48,0000000,-1,-1,-1,9610400,9610600,1
RX,0,48,4000000,-1,-1,-1,9630400,9630600,1
RX,0,74,8000002,-1,-1,-1,14256200,14256400,1
RX,0,74,0000002,-1,-1,-1,14272000,14272200,1
RX,0,74,4000002,-1,-1,-1,14292000,14292200,1
RX,0,78,8000002,-1,-1,-1,15376200,15376400,1
RX,0,78,0000002,-1,-1,-1,15392000,15392200,1
RX,0,78,4000002,-1,-1,-1,15412000,15412200,1
RX,0,102,8000002,-1,-1,-1,19856200,19856400,1
RX,0,102,0000002,-1,-1,-1,19872000,19872200,1
RX,0,102,4000002,-1,-1,-1,19892000,19892200,1
RX,0,114,8000002,-1,-1,-1,21736200,21736400,1
RX,0,114,0000002,-1,-1,-1,21752000,21752200,1
RX,0,114,4000002,-1,-1,-1,21772000,21772200,1
RX,0,117,8100001,-1,-1,-1,22075400,22075600,1
RX,0,117,0100001,-1,-1,-1,22075600,22075800,1
RX,0,117,4100001,-1,-1,-1,22075800,22076000,1
RX,0,127,8000003,-1,-1,-1,24196200,24196400,1
RX,0,127,0000003,-1,-1,-1,24212000,24212200,1
RX,0,127,4000003,-1,-1,-1,24232000,24232200,1
RX,0,164,8000000,-1,-1,-1,30176200,30176400,1
RX,0,164,0000000,-1,-1,-1,30192000,30192200,1
RX,0,164,4000000,-1,-1,-1,30212000,30212200,1
RX,0,173,8000001,-1,-1,-1,31911800,31912000,1
RX,0,173,0000001,-1,-1,-1,31930400,31930600,1
RX,0,173,4000001,-1,-1,-1,31950400,31950600,1
RX,0,175,8000003,-1,-1,-1,32056200,32056400,1
RX,0,175,0000003,-1,-1,-1,32072000,32072200,1
RX,0,175,4000003,-1,-1,-1,32092000,32092200,1
RX,0,206,8000002,-1,-1,-1,38696200,38696400,1
RX,0,206,0000002,-1,-1,-1,38712000,38712200,1
RX,0,206,4000002,-1,-1,-1,38732000,38732200,1
RX,0,212,8000000,-1,-1,-1,39596200,39596400,1
RX,0,212,0000000,-1,-1,-1,39612000,39612200,1
RX,0,212,4000000,-1,-1,-1,39632000,39632200,1
RX,0,228,8000000,-1,-1,-1,41611800,41612000,1
RX,0,228,0000000,-1,-1,-1,41630400,41630600,1
RX,0,228,4000000,-1,-1,-1,41650400,41650600,1
RX,0,234,8000002,-1,-1,-1,41936200,41936400,1
RX,0,234,0000002,-1,-1,-1,41952000,41952200,1
RX,0,234,4000002,-1,-1,-1,41972000,41972200,1
RX,0,263,8000003,-1,-1,-1,45836200,45836400,1
RX,0,263,0000003,-1,-1,-1,45852000,45852200,1
RX,0,263,4000003,-1,-1,-1,45872000,45872200,1
RX,0,294,8000002,-1,-1,-1,52216200,52216400,1
RX,0,294,0000002,-1,-1,-1,52232000,52232200,1
RX,0,294,4000002,-1,-1,-1,52252000,52252200,1
RX,0,304,8000000,-1,-1,-1,53556200,53556400,1
RX,0,304,0000000,-1,-1,-1,53572000,53572200,1
RX,0,304,4000000,-1,-1,-1,53592000,53592200,1
RX,0,320,8000000,-1,-1,-1,55856200,55856400,1
RX,0,320,0000000,-1,-1,-1,55872000,55872200,1
RX,0,320,4000000,-1,-1,-1,55892000,55892200,1
RX,0,326,8000002,-1,-1,-1,56816200,56816400,1
RX,0,326,0000002,-1,-1,-1,56832000,56832200,1
RX,0,326,4000002,-1,-1,-1,56852000,56852200,1
RX,0,332,8000000,-1,-1,-1,58056200,58056400,1
RX,0,332,0000000,-1,-1,-1,58072000,58072200,1
RX,0,332,4000000,-1,-1,-1,58092000,58092200,1
RX,0,361,8000001,-1,-1,-1,64276200,64276400,1
RX,0,361,0000001,-1,-1,-1,64292000,64292200,1
RX,0,361,4000001,-1,-1,-1,64312000,64312200,1
RX,0,376,8000000,-1,-1,-1,67716200,67716400,1
RX,0,376,0000000,-1,-1,-1,67732000,67732200,1
RX,0,376,4000000,-1,-1,-1,67752000,67752200,1
RX,0,382,8000002,-1,-1,-1,68836200,68836400,1
RX,0,382,0000002,-1,-1,-1,68852000,68852200,1
RX,0,382,4000002,-1,-1,-1,68872000,68872200,1
RX,0,389,8000001,-1,-1,-1,69571800,69572000,1
RX,0,389,0000001,-1,-1,-1,69590400,69590600,1
RX,0,389,4000001,-1,-1,-1,69610400,69610600,1
RX,0,398,8000002,-1,-1,-1,70676200,70676400,1
RX,0,398,0000002,-1,-1,-1,70692000,70692200,1
RX,0,398,4000002,-1,-1,-1,70712000,70712200,1
RX,0,413,810c001,-1,-1,-1,73536200,73536400,1
RX,0,413,010c001,-1,-1,-1,73552000,73552200,1
RX,0,413,410c001,-1,-1,-1,73572000,73572200,1
RX,0,424,8008000,-1,-1,-1,75091800,75092000,1
RX,0,424,0008000,-1,-1,-1,75110400,75110600,1
RX,0,424,4008000,-1,-1,-1,75130400,75130600,1
RX,0,427,8000003,-1,-1,-1,75556200,75556400,1
RX,0,427,0000003,-1,-1,-1,75572000,75572200,1
RX,0,427,4000003,-1,-1,-1,75592000,75592200,1
RX,0,430,8000002,-1,-1,-1,76016200,76016400,1
RX,0,430,0000002,-1,-1,-1,76032000,76032200,1
RX,0,430,4000002,-1,-1,-1,76052000,76052200,1
RX,0,444,820c000,-1,-1,-1,79036200,79036400,1
RX,0,444,020c000,-1,-1,-1,79052000,79052200,1
RX,0,444,420c000,-1,-1,-1,79072000,79072200,1
RX,0,485,8000001,-1,-1,-1,85951800,85952000,1
RX,0,485,0000001,-1,-1,-1,85970400,85970600,1
RX,0,485,4000001,-1,-1,-1,85990400,85990600,1
RX,0,486,8000002,-1,-1,-1,85992400,85992600,1
RX,0,486,0000002,-1,-1,-1,85992600,85992800,1
RX,0,486,4000002,-1,-1,-1,85992800,85993000,1
RX,0,511,8000003,-1,-1,-1,89696200,89696400,1
RX,0,511,0000003,-1,-1,-1,89712000,89712200,1
RX,0,511,4000003,-1,-1,-1,89732000,89732200,1
RX,0,517,8000001,-1,-1,-1,91256200,91256400,1
RX,0,517,0000001,-1,-1,-1,91272000,91272200,1
RX,0,517,4000001,-1,-1,-1,91292000,91292200,1
RX,0,527,8000003,-1,-1,-1,93396200,93396400,1
RX,0,527,0000003,-1,-1,-1,93412000,93412200,1
RX,0,527,4000003,-1,-1,-1,93432000,93432200,1
RX,0,534,8000002,-1,-1,-1,94956200,94956400,1
RX,0,534,0000002,-1,-1,-1,94972000,94972200,1
RX,0,534,4000002,-1,-1,-1,94992000,94992200,1
RX,0,550,8000002,-1,-1,-1,98256200,98256400,1
RX,0,550,0000002,-1,-1,-1,98272000,98272200,1
RX,0,550,4000002,-1,-1,-1,98292000,98292200,1
RX,0,554,8000002,-1,-1,-1,98976200,98976400,1
RX,0,554,0000002,-1,-1,-1,98992000,98992200,1
RX,0,554,4000002,-1,-1,-1,99012000,99012200,1
RX,0,572,8000000,-1,-1,-1,102756200,102756400,1
RX,0,572,0000000,-1,-1,-1,102772000,102772200,1
RX,0,572,4000000,-1,-1,-1,102792000,102792200,1
RX,0,577,8000001,-1,-1,-1,103532400,103532600,1
RX,0,577,0000001,-1,-1,-1,103550400,103550600,1
RX,0,577,4000001,-1,-1,-1,103570400,103570600,1
RX,0,581,8000001,-1,-1,-1,104011800,104012000,1
RX,0,581,0000001,-1,-1,-1,104030400,104030600,1
RX,0,581,4000001,-1,-1,-1,104050400,104050600,1
RX,0,594,8000002,-1,-1,-1,105531800,105532000,1
RX,0,594,0000002,-1,-1,-1,105550400,105550600,1
RX,0,594,4000002,-1,-1,-1,105570400,105570600,1
RX,0,599,8000003,-1,-1,-1,107776200,107776400,1
RX,0,599,0000003,-1,-1,-1,107792000,107792200,1
RX,0,599,4000003,-1,-1,-1,107812000,107812200,1
RX,0,609,8000001,-1,-1,-1,109731800,109732000,1
RX,0,609,0000001,-1,-1,-1,109750400,109750600,1
RX,0,609,4000001,-1,-1,-1,109770400,109770600,1
RX,0,638,8000002,-1,-1,-1,114751800,114752000,1
RX,0,638,0000002,-1,-1,-1,114770400,114770600,1
RX,0,638,4000002,-1,-1,-1,114790400,114790600,1
RX,0,643,8000003,-1,-1,-1,116676200,116676400,1
RX,0,643,0000003,-1,-1,-1,116692000,116692200,1
RX,0,643,4000003,-1,-1,-1,116712000,116712200,1
RX,0,654,8000002,-1,-1,-1,119376200,119376400,1
RX,0,654,0000002,-1,-1,-1,119392000,119392200,1
RX,0,654,4000002,-1,-1,-1,119412000,119412200,1
RX,0,660,8000000,-1,-1,-1,120576800,120577000,1
RX,0,660,0000000,-1,-1,-1,120577000,120577200,1
RX,0,660,4000000,-1,-1,-1,120577200,120577400,1
RX,0,661,8000001,-1,-1,-1,120596200,120596400,1
RX,0,661,0000001,-1,-1,-1,120612000,120612200,1
RX,0,661,4000001,-1,-1,-1,120632000,120632200,1
RX,0,714,8000002,-1,-1,-1,132956800,132957000,1
RX,0,714,0000002,-1,-1,-1,132972000,132972200,1
RX,0,714,4000002,-1,-1,-1,132992000,132992200,1
RX,0,719,8000003,-1,-1,-1,133936200,133936400,1
RX,0,719,0000003,-1,-1,-1,133952000,133952200,1
RX,0,719,4000003,-1,-1,-1,133972000,133972200,1
RX,0,734,8000002,-1,-1,-1,136871800,136872000,1
RX,0,734,0000002,-1,-1,-1,136890400,136890600,1
RX,0,734,4000002,-1,-1,-1,136910400,136910600,1
RX,0,785,8000001,-1,-1,-1,145011800,145012000,1
RX,0,785,0000001,-1,-1,-1,145030400,145030600,1
RX,0,785,4000001,-1,-1,-1,145050400,145050600,1
RX,0,851,8000003,-1,-1,-1,158656200,158656400,1
RX,0,851,0000003,-1,-1,-1,158672000,158672200,1
RX,0,851,4000003,-1,-1,-1,158692000,158692200,1
RX,0,860,8000000,-1,-1,-1,160016200,160016400,1
RX,0,860,0000000,-1,-1,-1,160032000,160032200,1
RX,0,860,4000000,-1,-1,-1,160052000,160052200,1
RX,0,907,8000003,-1,-1,-1,169651800,169652000,1
RX,0,907,0000003,-1,-1,-1,169670400,169670600,1
RX,0,907,4000003,-1,-1,-1,169690400,169690600,1
RX,0,908,810c000,-1,-1,-1,169956200,169956400,1
RX,0,908,010c000,-1,-1,-1,169972000,169972200,1
RX,0,908,410c000,-1,-1,-1,169992000,169992200,1
RX,0,917,8000001,-1,-1,-1,171896200,171896400,1
RX,0,917,0000001,-1,-1,-1,171912000,171912200,1
RX,0,917,4000001,-1,-1,-1,171932000,171932200,1
RX,0,925,8000001,-1,-1,-1,172536200,172536400,1
RX,0,925,0000001,-1,-1,-1,172552000,172552200,1
RX,0,925,4000001,-1,-1,-1,172572000,172572200,1
RX,0,932,8000000,-1,-1,-1,174091800,174092000,1
RX,0,932,0000000,-1,-1,-1,174110400,174110600,1
RX,0,932,4000000,-1,-1,-1,174130400,174130600,1
RX,0,940,8000000,-1,-1,-1,175476200,175476400,1
RX,0,940,0000000,-1,-1,-1,175492000,175492200,1
RX,0,940,4000000,-1,-1,-1,175512000,175512200,1
RX,0,950,8000002,-1,-1,-1,177276200,177276400,1
RX,0,950,0000002,-1,-1,-1,177292000,177292200,1
RX,0,950,4000002,-1,-1,-1,177312000,177312200,1
RX,0,952,8000000,-1,-1,-1,177551800,177552000,1
RX,0,952,0000000,-1,-1,-1,177570400,177570600,1
RX,0,952,4000000,-1,-1,-1,177590400,177590600,1
RX,0,963,8000003,-1,-1,-1,179591800,179592000,1
RX,0,963,0000003,-1,-1,-1,179610400,179610600,1
RX,0,963,4000003,-1,-1,-1,179630400,179630600,1
RX,0,979,8000003,-1,-1,-1,181656200,181656400,1
RX,0,979,0000003,-1,-1,-1,181672000,181672200,1
RX,0,979,4000003,-1,-1,-1,181692000,181692200,1
RX,1,0,8004000,-1,-1,-1,236200,236400,1
RX,1,0,0004000,-1,-1,-1,252000,252200,1
RX,1,0,4004000,-1,-1,-1,272000,272200,1
RX,1,1,8004005,-1,-1,-1,456200,456400,1
RX,1,1,0004005,-1,-1,-1,472000,472200,1
RX,1,1,4004005,-1,-1,-1,492000,492200,1
RX,1,6,8004006,-1,-1,-1,1516800,1517000,1
RX,1,6,0004006,-1,-1,-1,1532000,1532200,1
RX,1,6,4004006,-1,-1,-1,1552000,1552200,1
RX,1,15,820c003,-1,-1,-1,2955400,2955600,1
RX,1,15,020c003,-1,-1,-1,2955600,2955800,1
RX,1,15,420c003,-1,-1,-1,2972000,2972200,1
RX,1,59,8004007,-1,-1,-1,11496200,11496400,1
RX,1,59,0004007,-1,-1,-1,11512000,11512200,1
RX,1,59,4004007,-1,-1,-1,11532000,11532200,1
RX,1,88,8004004,-1,-1,-1,17436200,17436400,1
RX,1,88,0004004,-1,-1,-1,17452000,17452200,1
RX,1,88,4004004,-1,-1,-1,17472000,17472200,1
RX,1,89,8004005,-1,-1,-1,17496200,17496400,1
RX,1,89,0004005,-1,-1,-1,17512000,17512200,1
RX,1,89,4004005,-1,-1,-1,17532000,17532200,1
RX,1,91,8004007,-1,-1,-1,17636200,17636400,1
RX,1,91,0004007,-1,-1,-1,17652000,17652200,1
RX,1,91,4004007,-1,-1,-1,17672000,17672200,1
RX,1,104,8004004,-1,-1,-1,20236200,20236400,1
RX,1,104,0004004,-1,-1,-1,20252000,20252200,1
RX,1,104,4004004,-1,-1,-1,20272000,20272200,1
RX,1,116,8004004,-1,-1,-1,22036200,22036400,1
RX,1,116,0004004,-1,-1,-1,22052000,22052200,1
RX,1,116,4004004,-1,-1,-1,22072000,22072200,1
RX,1,133,8004005,-1,-1,-1,24916200,24916400,1
RX,1,133,0004005,-1,-1,-1,24932000,24932200,1
RX,1,133,4004005,-1,-1,-1,24952000,24952200,1
RX,1,166,8204006,-1,-1,-1,30296200,30296400,1
RX,1,166,0204006,-1,-1,-1,30312000,30312200,1
RX,1,166,4204006,-1,-1,-1,30332000,30332200,1
RX,1,169,8104005,-1,-1,-1,30816200,30816400,1
RX,1,169,0104005,-1,-1,-1,30832000,30832200,1
RX,1,169,4104005,-1,-1,-1,30852000,30852200,1
RX,1,196,8004004,-1,-1,-1,37196200,37196400,1
RX,1,196,0004004,-1,-1,-1,37212000,37212200,1
RX,1,196,4004004,-1,-1,-1,37232000,37232200,1
RX,1,198,8004006,-1,-1,-1,37496200,37496400,1
RX,1,198,0004006,-1,-1,-1,37512000,37512200,1
RX,1,198,4004006,-1,-1,-1,37532000,37532200,1
RX,1,265,8004005,-1,-1,-1,46136200,46136400,1
RX,1,265,0004005,-1,-1,-1,46152000,46152200,1
RX,1,265,4004005,-1,-1,-1,46172000,46172200,1
RX,1,288,8004004,-1,-1,-1,50736200,50736400,1
RX,1,288,0004004,-1,-1,-1,50752000,50752200,1
RX,1,288,4004004,-1,-1,-1,50772000,50772200,1
RX,1,302,8004006,-1,-1,-1,53276200,53276400,1
RX,1,302,0004006,-1,-1,-1,53292000,53292200,1
RX,1,302,4004006,-1,-1,-1,53312000,53312200,1
RX,1,313,8004005,-1,-1,-1,54531800,54532000,1
RX,1,313,0004005,-1,-1,-1,54550400,54550600,1
RX,1,313,4004005,-1,-1,-1,54570400,54570600,1
RX,1,333,8004005,-1,-1,-1,58091800,58092000,1
RX,1,333,0004005,-1,-1,-1,58110400,58110600,1
RX,1,333,4004005,-1,-1,-1,58130400,58130600,1
RX,1,347,8004007,-1,-1,-1,62391800,62392000,1
RX,1,347,0004007,-1,-1,-1,62410400,62410600,1
RX,1,347,4004007,-1,-1,-1,62430400,62430600,1
RX,1,355,8004007,-1,-1,-1,63416200,63416400,1
RX,1,355,0004007,-1,-1,-1,63432000,63432200,1
RX,1,355,4004007,-1,-1,-1,63452000,63452200,1
RX,1,392,8004004,-1,-1,-1,70156200,70156400,1
RX,1,392,0004004,-1,-1,-1,70172000,70172200,1
RX,1,392,4004004,-1,-1,-1,70192000,70192200,1
RX,1,413,810c001,-1,-1,-1,73536200,73536400,1
RX,1,413,010c001,-1,-1,-1,73552000,73552200,1
RX,1,413,410c001,-1,-1,-1,73572000,73572200,1
RX,1,414,8004006,-1,-1,-1,73596200,73596400,1
RX,1,414,0004006,-1,-1,-1,73612000,73612200,1
RX,1,414,4004006,-1,-1,-1,73632000,73632200,1
RX,1,424,8008000,-1,-1,-1,75091800,75092000,1
RX,1,424,0008000,-1,-1,-1,75110400,75110600,1
RX,1,424,4008000,-1,-1,-1,75130400,75130600,1
RX,1,432,810c004,-1,-1,-1,76151800,76152000,1
RX,1,432,010c004,-1,-1,-1,76170400,76170600,1
RX,1,432,410c004,-1,-1,-1,76190400,76190600,1
RX,1,444,820c000,-1,-1,-1,79036200,79036400,1
RX,1,444,020c000,-1,-1,-1,79052000,79052200,1
RX,1,444,420c000,-1,-1,-1,79072000,79072200,1
RX,1,473,8004005,-1,-1,-1,83936200,83936400,1
RX,1,473,0004005,-1,-1,-1,83952000,83952200,1
RX,1,473,4004005,-1,-1,-1,83972000,83972200,1
RX,1,480,8004004,-1,-1,-1,85296200,85296400,1
RX,1,480,0004004,-1,-1,-1,85312000,85312200,1
RX,1,480,4004004,-1,-1,-1,85332000,85332200,1
RX,1,491,8004007,-1,-1,-1,86736200,86736400,1
RX,1,491,0004007,-1,-1,-1,86752000,86752200,1
RX,1,491,4004007,-1,-1,-1,86772000,86772200,1
RX,1,495,8004007,-1,-1,-1,86896200,86896400,1
RX,1,495,0004007,-1,-1,-1,86912000,86912200,1
RX,1,495,4004007,-1,-1,-1,86932000,86932200,1
RX,1,503,8004007,-1,-1,-1,88216200,88216400,1
RX,1,503,0004007,-1,-1,-1,88232000,88232200,1
RX,1,503,4004007,-1,-1,-1,88252000,88252200,1
RX,1,525,8004005,-1,-1,-1,93297400,93297600,1
RX,1,525,0004005,-1,-1,-1,93297600,93297800,1
RX,1,525,4004005,-1,-1,-1,93312000,93312200,1
RX,1,541,8004005,-1,-1,-1,96776200,96776400,1
RX,1,541,0004005,-1,-1,-1,96792000,96792200,1
RX,1,541,4004005,-1,-1,-1,96812000,96812200,1
RX,1,560,8004004,-1,-1,-1,100416200,100416400,1
RX,1,560,0004004,-1,-1,-1,100432000,100432200,1
RX,1,560,4004004,-1,-1,-1,100452000,100452200,1
RX,1,562,8004006,-1,-1,-1,101211800,101212000,1
RX,1,562,0004006,-1,-1,-1,101230400,101230600,1
RX,1,562,4004006,-1,-1,-1,101250400,101250600,1
RX,1,567,8004007,-1,-1,-1,101996200,101996400,1
RX,1,567,0004007,-1,-1,-1,102012000,102012200,1
RX,1,567,4004007,-1,-1,-1,102032000,102032200,1
RX,1,603,8004007,-1,-1,-1,108776200,108776400,1
RX,1,603,0004007,-1,-1,-1,108792000,108792200,1
RX,1,603,4004007,-1,-1,-1,108812000,108812200,1
RX,1,617,8004005,-1,-1,-1,111396200,111396400,1
RX,1,617,0004005,-1,-1,-1,111412000,111412200,1
RX,1,617,4004005,-1,-1,-1,111432000,111432200,1
RX,1,627,8004007,-1,-1,-1,112476200,112476400,1
RX,1,627,0004007,-1,-1,-1,112492000,112492200,1
RX,1,627,4004007,-1,-1,-1,112512000,112512200,1
RX,1,669,8004005,-1,-1,-1,122576200,122576400,1
RX,1,669,0004005,-1,-1,-1,122592000,122592200,1
RX,1,669,4004005,-1,-1,-1,122612000,122612200,1
RX,1,700,8004004,-1,-1,-1,129016200,129016400,1
RX,1,700,0004004,-1,-1,-1,129032000,129032200,1
RX,1,700,4004004,-1,-1,-1,129052000,129052200,1
RX,1,724,8004004,-1,-1,-1,135156200,135156400,1
RX,1,724,0004004,-1,-1,-1,135172000,135172200,1
RX,1,724,4004004,-1,-1,-1,135192000,135192200,1
RX,1,728,8004004,-1,-1,-1,135476200,135476400,1
RX,1,728,0004004,-1,-1,-1,135492000,135492200,1
RX,1,728,4004004,-1,-1,-1,135512000,135512200,1
RX,1,746,8004006,-1,-1,-1,139196200,139196400,1
RX,1,746,0004006,-1,-1,-1,139212000,139212200,1
RX,1,746,4004006,-1,-1,-1,139232000,139232200,1
RX,1,749,8104005,-1,-1,-1,139796200,139796400,1
RX,1,749,0104005,-1,-1,-1,139812000,139812200,1
RX,1,749,4104005,-1,-1,-1,139832000,139832200,1
RX,1,784,8004004,-1,-1,-1,144996200,144996400,1
RX,1,784,0004004,-1,-1,-1,145012000,145012200,1
RX,1,784,4004004,-1,-1,-1,145032000,145032200,1
RX,1,790,8004006,-1,-1,-1,146191800,146192000,1
RX,1,790,0004006,-1,-1,-1,146210400,146210600,1
RX,1,790,4004006,-1,-1,-1,146230400,146230600,1
RX,1,804,8004004,-1,-1,-1,148416200,148416400,1
RX,1,804,0004004,-1,-1,-1,148432000,148432200,1
RX,1,804,4004004,-1,-1,-1,148452000,148452200,1
RX,1,815,8004007,-1,-1,-1,150316200,150316400,1
RX,1,815,0004007,-1,-1,-1,150332000,150332200,1
RX,1,815,4004007,-1,-1,-1,150352000,150352200,1
RX,1,843,8004007,-1,-1,-1,156831800,156832000,1
RX,1,843,0004007,-1,-1,-1,156850400,156850600,1
RX,1,843,4004007,-1,-1,-1,156870400,156870600,1
RX,1,867,8004007,-1,-1,-1,161775400,161775600,1
RX,1,867,0004007,-1,-1,-1,161775600,161775800,1
RX,1,867,4004007,-1,-1,-1,161792000,161792200,1
RX,1,872,8004004,-1,-1,-1,162476200,162476400,1
RX,1,872,0004004,-1,-1,-1,162492000,162492200,1
RX,1,872,4004004,-1,-1,-1,162512000,162512200,1
RX,1,882,8004006,-1,-1,-1,163416200,163416400,1
RX,1,882,0004006,-1,-1,-1,163432000,163432200,1
RX,1,882,4004006,-1,-1,-1,163452000,163452200,1
RX,1,886,8004006,-1,-1,-1,164536200,164536400,1
RX,1,886,0004006,-1,-1,-1,164552000,164552200,1
RX,1,886,4004006,-1,-1,-1,164572000,164572200,1
RX,1,894,8004006,-1,-1,-1,166116200,166116400,1
RX,1,894,0004006,-1,-1,-1,166132000,166132200,1
RX,1,894,4004006,-1,-1,-1,166152000,166152200,1
RX,1,908,810c000,-1,-1,-1,169956200,169956400,1
RX,1,908,010c000,-1,-1,-1,169972000,169972200,1
RX,1,908,410c000,-1,-1,-1,169992000,169992200,1
RX,1,937,8004005,-1,-1,-1,174956200,174956400,1
RX,1,937,0004005,-1,-1,-1,174972000,174972200,1
RX,1,937,4004005,-1,-1,-1,174992000,174992200,1
RX,1,961,8004005,-1,-1,-1,178751800,178752000,1
RX,1,961,0004005,-1,-1,-1,178770400,178770600,1
RX,1,961,4004005,-1,-1,-1,178790400,178790600,1
RX,1,990,8004006,-1,-1,-1,182956200,182956400,1
RX,1,990,0004006,-1,-1,-1,182972000,182972200,1
RX,1,990,4004006,-1,-1,-1,182992000,182992200,1
RX,1,993,8004005,-1,-1,-1,183656200,183656400,1
RX,1,993,0004005,-1,-1,-1,183672000,183672200,1
RX,1,993,4004005,-1,-1,-1,183692000,183692200,1
RX,2,15,820c003,-1,-1,-1,2955400,2955600,1
RX,2,15,020c003,-1,-1,-1,2955600,2955800,1
RX,2,15,420c003,-1,-1,-1,2972000,2972200,1
RX,2,18,800800a,-1,-1,-1,3216800,3217000,1
RX,2,18,000800a,-1,-1,-1,3217000,3217200,1
RX,2,18,400800a,-1,-1,-1,3232000,3232200,1
RX,2,31,800800b,-1,-1,-1,6616200,6616400,1
RX,2,31,000800b,-1,-1,-1,6632000,6632200,1
RX,2,31,400800b,-1,-1,-1,6652000,6652200,1
RX,2,64,8008008,-1,-1,-1,12776200,12776400,1
RX,2,64,0008008,-1,-1,-1,12792000,12792200,1
RX,2,64,4008008,-1,-1,-1,12812000,12812200,1
RX,2,168,8008008,-1,-1,-1,30656200,30656400,1
RX,2,168,0008008,-1,-1,-1,30672000,30672200,1
RX,2,168,4008008,-1,-1,-1,30692000,30692200,1
RX,2,174,800800a,-1,-1,-1,31931800,31932000,1
RX,2,174,000800a,-1,-1,-1,31950400,31950600,1
RX,2,174,400800a,-1,-1,-1,31970400,31970600,1
RX,2,190,800800a,-1,-1,-1,35471800,35472000,1
RX,2,190,000800a,-1,-1,-1,35490400,35490600,1
RX,2,190,400800a,-1,-1,-1,35510400,35510600,1
RX,2,211,800800b,-1,-1,-1,39576200,39576400,1
RX,2,211,000800b,-1,-1,-1,39592000,39592200,1
RX,2,211,400800b,-1,-1,-1,39612000,39612200,1
RX,2,224,8008008,-1,-1,-1,41436200,41436400,1
RX,2,224,0008008,-1,-1,-1,41452000,41452200,1
RX,2,224,4008008,-1,-1,-1,41472000,41472200,1
RX,2,238,800800a,-1,-1,-1,42491800,42492000,1
RX,2,238,000800a,-1,-1,-1,42510400,42510600,1
RX,2,238,400800a,-1,-1,-1,42530400,42530600,1
RX,2,243,800800b,-1,-1,-1,43856200,43856400,1
RX,2,243,000800b,-1,-1,-1,43872000,43872200,1
RX,2,243,400800b,-1,-1,-1,43892000,43892200,1
RX,2,250,800800a,-1,-1,-1,44496200,44496400,1
RX,2,250,000800a,-1,-1,-1,44512000,44512200,1
RX,2,250,400800a,-1,-1,-1,44532000,44532200,1
RX,2,259,800800b,-1,-1,-1,45236200,45236400,1
RX,2,259,000800b,-1,-1,-1,45252000,45252200,1
RX,2,259,400800b,-1,-1,-1,45272000,45272200,1
RX,2,276,8008008,-1,-1,-1,48376200,48376400,1
RX,2,276,0008008,-1,-1,-1,48392000,48392200,1
RX,2,276,4008008,-1,-1,-1,48412000,48412200,1
RX,2,292,8008008,-1,-1,-1,51936200,51936400,1
RX,2,292,0008008,-1,-1,-1,51952000,51952200,1
RX,2,292,4008008,-1,-1,-1,51972000,51972200,1
RX,2,293,8008009,-1,-1,-1,52136200,52136400,1
RX,2,293,0008009,-1,-1,-1,52152000,52152200,1
RX,2,293,4008009,-1,-1,-1,52172000,52172200,1
RX,2,301,8008009,-1,-1,-1,52776200,52776400,1
RX,2,301,0008009,-1,-1,-1,52792000,52792200,1
RX,2,301,4008009,-1,-1,-1,52812000,52812200,1
RX,2,311,800800b,-1,-1,-1,54456200,54456400,1
RX,2,311,000800b,-1,-1,-1,54472000,54472200,1
RX,2,311,400800b,-1,-1,-1,54492000,54492200,1
RX,2,339,800800b,-1,-1,-1,60431800,60432000,1
RX,2,339,000800b,-1,-1,-1,60450400,60450600,1
RX,2,339,400800b,-1,-1,-1,60470400,60470600,1
RX,2,366,800800a,-1,-1,-1,65736200,65736400,1
RX,2,366,000800a,-1,-1,-1,65752000,65752200,1
RX,2,366,400800a,-1,-1,-1,65772000,65772200,1
RX,2,373,8008009,-1,-1,-1,67196200,67196400,1
RX,2,373,0008009,-1,-1,-1,67212000,67212200,1
RX,2,373,4008009,-1,-1,-1,67232000,67232200,1
RX,2,391,800800b,-1,-1,-1,69611800,69612000,1
RX,2,391,000800b,-1,-1,-1,69630400,69630600,1
RX,2,391,400800b,-1,-1,-1,69650400,69650600,1
RX,2,393,8008009,-1,-1,-1,70156200,70156400,1
RX,2,393,0008009,-1,-1,-1,70172000,70172200,1
RX,2,393,4008009,-1,-1,-1,70192000,70192200,1
RX,2,413,810c001,-1,-1,-1,73536200,73536400,1
RX,2,413,010c001,-1,-1,-1,73552000,73552200,1
RX,2,413,410c001,-1,-1,-1,73572000,73572200,1
RX,2,424,8008000,-1,-1,-1,75096200,75096400,1
RX,2,424,0008000,-1,-1,-1,75112000,75112200,1
RX,2,424,4008000,-1,-1,-1,75132000,75132200,1
RX,2,432,810c004,-1,-1,-1,76156200,76156400,1
RX,2,432,010c004,-1,-1,-1,76172000,76172200,1
RX,2,432,410c004,-1,-1,-1,76192000,76192200,1
RX,2,442,800800a,-1,-1,-1,78616200,78616400,1
RX,2,442,000800a,-1,-1,-1,78632000,78632200,1
RX,2,442,400800a,-1,-1,-1,78652000,78652200,1
RX,2,444,820c000,-1,-1,-1,79036200,79036400,1
RX,2,444,020c000,-1,-1,-1,79052000,79052200,1
RX,2,444,420c000,-1,-1,-1,79072000,79072200,1
RX,2,460,8008008,-1,-1,-1,82036200,82036400,1
RX,2,460,0008008,-1,-1,-1,82052000,82052200,1
RX,2,460,4008008,-1,-1,-1,82072000,82072200,1
RX,2,490,800800a,-1,-1,-1,86511800,86512000,1
RX,2,490,000800a,-1,-1,-1,86530400,86530600,1
RX,2,490,400800a,-1,-1,-1,86550400,86550600,1
RX,2,493,8008009,-1,-1,-1,86796200,86796400,1
RX,2,493,0008009,-1,-1,-1,86812000,86812200,1
RX,2,493,4008009,-1,-1,-1,86832000,86832200,1
RX,2,499,800800b,-1,-1,-1,87591800,87592000,1
RX,2,499,000800b,-1,-1,-1,87610400,87610600,1
RX,2,499,400800b,-1,-1,-1,87630400,87630600,1
RX,2,514,800800a,-1,-1,-1,90196200,90196400,1
RX,2,514,000800a,-1,-1,-1,90212000,90212200,1
RX,2,514,400800a,-1,-1,-1,90232000,90232200,1
RX,2,537,8008009,-1,-1,-1,95276200,95276400,1
RX,2,537,0008009,-1,-1,-1,95292000,95292200,1
RX,2,537,4008009,-1,-1,-1,95312000,95312200,1
RX,2,589,8008009,-1,-1,-1,105116800,105117000,1
RX,2,589,0008009,-1,-1,-1,105132000,105132200,1
RX,2,589,4008009,-1,-1,-1,105152000,105152200,1
RX,2,621,8008009,-1,-1,-1,111736200,111736400,1
RX,2,621,0008009,-1,-1,-1,111752000,111752200,1
RX,2,621,4008009,-1,-1,-1,111772000,111772200,1
RX,2,672,8008008,-1,-1,-1,123431800,123432000,1
RX,2,672,0008008,-1,-1,-1,123450400,123450600,1
RX,2,672,4008008,-1,-1,-1,123470400,123470600,1
RX,2,699,800800b,-1,-1,-1,128996200,128996400,1
RX,2,699,000800b,-1,-1,-1,129012000,129012200,1
RX,2,699,400800b,-1,-1,-1,129032000,129032200,1
RX,2,712,8008008,-1,-1,-1,132836200,132836400,1
RX,2,712,0008008,-1,-1,-1,132852000,132852200,1
RX,2,712,4008008,-1,-1,-1,132872000,132872200,1
RX,2,716,8008008,-1,-1,-1,133136200,133136400,1
RX,2,716,0008008,-1,-1,-1,133152000,133152200,1
RX,2,716,4008008,-1,-1,-1,133172000,133172200,1
RX,2,717,8008009,-1,-1,-1,133236200,133236400,1
RX,2,717,0008009,-1,-1,-1,133252000,133252200,1
RX,2,717,4008009,-1,-1,-1,133272000,133272200,1
RX,2,718,800800a,-1,-1,-1,133291800,133292000,1
RX,2,718,000800a,-1,-1,-1,133310400,133310600,1
RX,2,718,400800a,-1,-1,-1,133330400,133330600,1
RX,2,723,800800b,-1,-1,-1,134276200,134276400,1
RX,2,723,000800b,-1,-1,-1,134292000,134292200,1
RX,2,723,400800b,-1,-1,-1,134312000,134312200,1
RX,2,760,8008008,-1,-1,-1,141256200,141256400,1
RX,2,760,0008008,-1,-1,-1,141272000,141272200,1
RX,2,760,4008008,-1,-1,-1,141292000,141292200,1
RX,2,767,800800b,-1,-1,-1,142036200,142036400,1
RX,2,767,000800b,-1,-1,-1,142052000,142052200,1
RX,2,767,400800b,-1,-1,-1,142072000,142072200,1
RX,2,770,800800a,-1,-1,-1,142396200,142396400,1
RX,2,770,000800a,-1,-1,-1,142412000,142412200,1
RX,2,770,400800a,-1,-1,-1,142432000,142432200,1
RX,2,773,820c009,-1,-1,-1,143236200,143236400,1
RX,2,773,020c009,-1,-1,-1,143252000,143252200,1
RX,2,773,420c009,-1,-1,-1,143272000,143272200,1
RX,2,788,8008008,-1,-1,-1,145716200,145716400,1
RX,2,788,0008008,-1,-1,-1,145732000,145732200,1
RX,2,788,4008008,-1,-1,-1,145752000,145752200,1
RX,2,793,8008009,-1,-1,-1,146391800,146392000,1
RX,2,793,0008009,-1,-1,-1,146410400,146410600,1
RX,2,793,4008009,-1,-1,-1,146430400,146430600,1
RX,2,806,800800a,-1,-1,-1,148576800,148577000,1
RX,2,806,000800a,-1,-1,-1,148577000,148577200,1
RX,2,806,400800a,-1,-1,-1,148592000,148592200,1
RX,2,824,820c008,-1,-1,-1,151556200,151556400,1
RX,2,824,020c008,-1,-1,-1,151572000,151572200,1
RX,2,824,420c008,-1,-1,-1,151592000,151592200,1
RX,2,837,8008009,-1,-1,-1,155751800,155752000,1
RX,2,837,0008009,-1,-1,-1,155770400,155770600,1
RX,2,837,4008009,-1,-1,-1,155790400,155790600,1
RX,2,846,800800a,-1,-1,-1,157216200,157216400,1
RX,2,846,000800a,-1,-1,-1,157232000,157232200,1
RX,2,846,400800a,-1,-1,-1,157252000,157252200,1
RX,2,857,8008009,-1,-1,-1,159816200,159816400,1
RX,2,857,0008009,-1,-1,-1,159832000,159832200,1
RX,2,857,4008009,-1,-1,-1,159852000,159852200,1
RX,2,863,800800b,-1,-1,-1,160976200,160976400,1
RX,2,863,000800b,-1,-1,-1,160992000,160992200,1
RX,2,863,400800b,-1,-1,-1,161012000,161012200,1
RX,2,868,8008008,-1,-1,-1,161856200,161856400,1
RX,2,868,0008008,-1,-1,-1,161872000,161872200,1
RX,2,868,4008008,-1,-1,-1,161892000,161892200,1
RX,2,897,8008009,-1,-1,-1,166656200,166656400,1
RX,2,897,0008009,-1,-1,-1,166672000,166672200,1
RX,2,897,4008009,-1,-1,-1,166692000,166692200,1
RX,2,898,800800a,-1,-1,-1,166956200,166956400,1
RX,2,898,000800a,-1,-1,-1,166972000,166972200,1
RX,2,898,400800a,-1,-1,-1,166992000,166992200,1
RX,2,903,800800b,-1,-1,-1,168311800,168312000,1
RX,2,903,000800b,-1,-1,-1,168330400,168330600,1
RX,2,903,400800b,-1,-1,-1,168350400,168350600,1
RX,2,908,810c000,-1,-1,-1,169956200,169956400,1
RX,2,908,010c000,-1,-1,-1,169972000,169972200,1
RX,2,908,410c000,-1,-1,-1,169992000,169992200,1
RX,2,910,800800a,-1,-1,-1,170256200,170256400,1
RX,2,910,000800a,-1,-1,-1,170272000,170272200,1
RX,2,910,400800a,-1,-1,-1,170292000,170292200,1
RX,2,916,8008008,-1,-1,-1,171716200,171716400,1
RX,2,916,0008008,-1,-1,-1,171732000,171732200,1
RX,2,916,4008008,-1,-1,-1,171752000,171752200,1
RX,2,949,8008009,-1,-1,-1,177096200,177096400,1
RX,2,949,0008009,-1,-1,-1,177112000,177112200,1
RX,2,949,4008009,-1,-1,-1,177132000,177132200,1
RX,2,954,800800a,-1,-1,-1,178296200,178296400,1
RX,2,954,000800a,-1,-1,-1,178312000,178312200,1
RX,2,954,400800a,-1,-1,-1,178332000,178332200,1
RX,2,982,800800a,-1,-1,-1,182176200,182176400,1
RX,2,982,000800a,-1,-1,-1,182192000,182192200,1
RX,2,982,400800a,-1,-1,-1,182212000,182212200,1
RX,3,12,800c00c,-1,-1,-1,2796200,2796400,1
RX,3,12,000c00c,-1,-1,-1,2812000,2812200,1
RX,3,12,400c00c,-1,-1,-1,2832000,2832200,1
RX,3,15,820c003,-1,-1,-1,2955400,2955600,1
RX,3,15,020c003,-1,-1,-1,2955600,2955800,1
RX,3,15,420c003,-1,-1,-1,2972000,2972200,1
RX,3,37,800c00d,-1,-1,-1,8236200,8236400,1
RX,3,37,000c00d,-1,-1,-1,8252000,8252200,1
RX,3,37,400c00d,-1,-1,-1,8272000,8272200,1
RX,3,40,800c00c,-1,-1,-1,8616200,8616400,1
RX,3,40,000c00c,-1,-1,-1,8632000,8632200,1
RX,3,40,400c00c,-1,-1,-1,8652000,8652200,1
RX,3,60,800c00c,-1,-1,-1,11536800,11537000,1
RX,3,60,000c00c,-1,-1,-1,11552000,11552200,1
RX,3,60,400c00c,-1,-1,-1,11572000,11572200,1
RX,3,73,800c00d,-1,-1,-1,14116200,14116400,1
RX,3,73,000c00d,-1,-1,-1,14132000,14132200,1
RX,3,73,400c00d,-1,-1,-1,14152000,14152200,1
RX,3,86,800c00e,-1,-1,-1,16916200,16916400,1
RX,3,86,000c00e,-1,-1,-1,16932000,16932200,1
RX,3,86,400c00e,-1,-1,-1,16952000,16952200,1
RX,3,87,800c00f,-1,-1,-1,16956200,16956400,1
RX,3,87,000c00f,-1,-1,-1,16972000,16972200,1
RX,3,87,400c00f,-1,-1,-1,16992000,16992200,1
RX,3,123,800c00f,-1,-1,-1,23476200,23476400,1
RX,3,123,000c00f,-1,-1,-1,23492000,23492200,1
RX,3,123,400c00f,-1,-1,-1,23512000,23512200,1
RX,3,124,800c00c,-1,-1,-1,23636200,23636400,1
RX,3,124,000c00c,-1,-1,-1,23652000,23652200,1
RX,3,124,400c00c,-1,-1,-1,23672000,23672200,1
RX,3,131,800c00f,-1,-1,-1,24631800,24632000,1
RX,3,131,000c00f,-1,-1,-1,24650400,24650600,1
RX,3,131,400c00f,-1,-1,-1,24670400,24670600,1
RX,3,138,800c00e,-1,-1,-1,25596200,25596400,1
RX,3,138,000c00e,-1,-1,-1,25612000,25612200,1
RX,3,138,400c00e,-1,-1,-1,25632000,25632200,1
RX,3,139,800c00f,-1,-1,-1,25634000,25634200,1
RX,3,139,000c00f,-1,-1,-1,25650400,25650600,1
RX,3,139,400c00f,-1,-1,-1,25670400,25670600,1
RX,3,171,800c00f,-1,-1,-1,31656200,31656400,1
RX,3,171,000c00f,-1,-1,-1,31672000,31672200,1
RX,3,171,400c00f,-1,-1,-1,31692000,31692200,1
RX,3,184,800c00c,-1,-1,-1,33836200,33836400,1
RX,3,184,000c00c,-1,-1,-1,33852000,33852200,1
RX,3,184,400c00c,-1,-1,-1,33872000,33872200,1
RX,3,240,800c00c,-1,-1,-1,43511800,43512000,1
RX,3,240,000c00c,-1,-1,-1,43530400,43530600,1
RX,3,240,400c00c,-1,-1,-1,43550400,43550600,1
RX,3,245,800c00d,-1,-1,-1,43936200,43936400,1
RX,3,245,000c00d,-1,-1,-1,43952000,43952200,1
RX,3,245,400c00d,-1,-1,-1,43972000,43972200,1
RX,3,268,800c00c,-1,-1,-1,46876200,46876400,1
RX,3,268,000c00c,-1,-1,-1,46892000,46892200,1
RX,3,268,400c00c,-1,-1,-1,46912000,46912200,1
RX,3,269,800c00d,-1,-1,-1,46915400,46915600,1
RX,3,269,000c00d,-1,-1,-1,46915600,46915800,1
RX,3,269,400c00d,-1,-1,-1,46932000,46932200,1
RX,3,279,800c00f,-1,-1,-1,48796200,48796400,1
RX,3,279,000c00f,-1,-1,-1,48812000,48812200,1
RX,3,279,400c00f,-1,-1,-1,48832000,48832200,1
RX,3,319,800c00f,-1,-1,-1,55696200,55696400,1
RX,3,319,000c00f,-1,-1,-1,55712000,55712200,1
RX,3,319,400c00f,-1,-1,-1,55732000,55732200,1
RX,3,327,800c00f,-1,-1,-1,57056200,57056400,1
RX,3,327,000c00f,-1,-1,-1,57072000,57072200,1
RX,3,327,400c00f,-1,-1,-1,57092000,57092200,1
RX,3,356,800c00c,-1,-1,-1,63456200,63456400,1
RX,3,356,000c00c,-1,-1,-1,63472000,63472200,1
RX,3,356,400c00c,-1,-1,-1,63492000,63492200,1
RX,3,404,800c00c,-1,-1,-1,72051800,72052000,1
RX,3,404,000c00c,-1,-1,-1,72070400,72070600,1
RX,3,404,400c00c,-1,-1,-1,72090400,72090600,1
RX,3,413,810c001,-1,-1,-1,73536200,73536400,1
RX,3,413,010c001,-1,-1,-1,73552000,73552200,1
RX,3,413,410c001,-1,-1,-1,73572000,73572200,1
RX,3,432,810c004,-1,-1,-1,76156200,76156400,1
RX,3,432,010c004,-1,-1,-1,76172000,76172200,1
RX,3,432,410c004,-1,-1,-1,76192000,76192200,1
RX,3,444,820c000,-1,-1,-1,79036200,79036400,1
RX,3,444,020c000,-1,-1,-1,79052000,79052200,1
RX,3,444,420c000,-1,-1,-1,79072000,79072200,1
RX,3,447,800c00f,-1,-1,-1,79751800,79752000,1
RX,3,447,000c00f,-1,-1,-1,79770400,79770600,1
RX,3,447,400c00f,-1,-1,-1,79790400,79790600,1
RX,3,451,800c00f,-1,-1,-1,80536200,80536400,1
RX,3,451,000c00f,-1,-1,-1,80552000,80552200,1
RX,3,451,400c00f,-1,-1,-1,80572000,80572200,1
RX,3,462,800c00e,-1,-1,-1,82591800,82592000,1
RX,3,462,000c00e,-1,-1,-1,82610400,82610600,1
RX,3,462,400c00e,-1,-1,-1,82630400,82630600,1
RX,3,464,800c00c,-1,-1,-1,82836200,82836400,1
RX,3,464,000c00c,-1,-1,-1,82852000,82852200,1
RX,3,464,400c00c,-1,-1,-1,82872000,82872200,1
RX,3,465,800c00d,-1,-1,-1,82931800,82932000,1
RX,3,465,000c00d,-1,-1,-1,82950400,82950600,1
RX,3,465,400c00d,-1,-1,-1,82970400,82970600,1
RX,3,483,800c00f,-1,-1,-1,85556200,85556400,1
RX,3,483,000c00f,-1,-1,-1,85572000,85572200,1
RX,3,483,400c00f,-1,-1,-1,85592000,85592200,1
RX,3,515,800c00f,-1,-1,-1,90556200,90556400,1
RX,3,515,000c00f,-1,-1,-1,90572000,90572200,1
RX,3,515,400c00f,-1,-1,-1,90592000,90592200,1
RX,3,518,800c00e,-1,-1,-1,91311800,91312000,1
RX,3,518,000c00e,-1,-1,-1,91330400,91330600,1
RX,3,518,400c00e,-1,-1,-1,91350400,91350600,1
RX,3,522,800c00e,-1,-1,-1,92716200,92716400,1
RX,3,522,000c00e,-1,-1,-1,92732000,92732200,1
RX,3,522,400c00e,-1,-1,-1,92752000,92752200,1
RX,3,526,800c00e,-1,-1,-1,93296200,93296400,1
RX,3,526,000c00e,-1,-1,-1,93312000,93312200,1
RX,3,526,400c00e,-1,-1,-1,93332000,93332200,1
RX,3,566,800c00e,-1,-1,-1,101891800,101892000,1
RX,3,566,000c00e,-1,-1,-1,101910400,101910600,1
RX,3,566,400c00e,-1,-1,-1,101930400,101930600,1
RX,3,573,800c00d,-1,-1,-1,103036200,103036400,1
RX,3,573,000c00d,-1,-1,-1,103052000,103052200,1
RX,3,573,400c00d,-1,-1,-1,103072000,103072200,1
RX,3,575,800c00f,-1,-1,-1,103496200,103496400,1
RX,3,575,000c00f,-1,-1,-1,103512000,103512200,1
RX,3,575,400c00f,-1,-1,-1,103532000,103532200,1
RX,3,580,800c00c,-1,-1,-1,103956200,103956400,1
RX,3,580,000c00c,-1,-1,-1,103972000,103972200,1
RX,3,580,400c00c,-1,-1,-1,103992000,103992200,1
RX,3,600,800c00c,-1,-1,-1,108416200,108416400,1
RX,3,600,000c00c,-1,-1,-1,108432000,108432200,1
RX,3,600,400c00c,-1,-1,-1,108452000,108452200,1
RX,3,606,800c00e,-1,-1,-1,109276200,109276400,1
RX,3,606,000c00e,-1,-1,-1,109292000,109292200,1
RX,3,606,400c00e,-1,-1,-1,109312000,109312200,1
RX,3,616,800c00c,-1,-1,-1,111371800,111372000,1
RX,3,616,000c00c,-1,-1,-1,111390400,111390600,1
RX,3,616,400c00c,-1,-1,-1,111410400,111410600,1
RX,3,619,800c00f,-1,-1,-1,111596200,111596400,1
RX,3,619,000c00f,-1,-1,-1,111612000,111612200,1
RX,3,619,400c00f,-1,-1,-1,111632000,111632200,1
RX,3,620,800c00c,-1,-1,-1,111676200,111676400,1
RX,3,620,000c00c,-1,-1,-1,111692000,111692200,1
RX,3,620,400c00c,-1,-1,-1,111712000,111712200,1
RX,3,640,800c00c,-1,-1,-1,115391800,115392000,1
RX,3,640,000c00c,-1,-1,-1,115410400,115410600,1
RX,3,640,400c00c,-1,-1,-1,115430400,115430600,1
RX,3,684,800c00c,-1,-1,-1,125691800,125692000,1
RX,3,684,000c00c,-1,-1,-1,125710400,125710600,1
RX,3,684,400c00c,-1,-1,-1,125730400,125730600,1
RX,3,687,800c00f,-1,-1,-1,126336200,126336400,1
RX,3,687,000c00f,-1,-1,-1,126352000,126352200,1
RX,3,687,400c00f,-1,-1,-1,126372000,126372200,1
RX,3,691,810c00f,-1,-1,-1,127616200,127616400,1
RX,3,691,010c00f,-1,-1,-1,127632000,127632200,1
RX,3,691,410c00f,-1,-1,-1,127652000,127652200,1
RX,3,697,800c00d,-1,-1,-1,128316200,128316400,1
RX,3,697,000c00d,-1,-1,-1,128332000,128332200,1
RX,3,697,400c00d,-1,-1,-1,128352000,128352200,1
RX,3,705,800c00d,-1,-1,-1,130796200,130796400,1
RX,3,705,000c00d,-1,-1,-1,130812000,130812200,1
RX,3,705,400c00d,-1,-1,-1,130832000,130832200,1
RX,3,709,800c00d,-1,-1,-1,131936200,131936400,1
RX,3,709,000c00d,-1,-1,-1,131952000,131952200,1
RX,3,709,400c00d,-1,-1,-1,131972000,131972200,1
RX,3,710,800c00e,-1,-1,-1,131976200,131976400,1
RX,3,710,000c00e,-1,-1,-1,131992000,131992200,1
RX,3,710,400c00e,-1,-1,-1,132012000,132012200,1
RX,3,711,800c00f,-1,-1,-1,132316200,132316400,1
RX,3,711,000c00f,-1,-1,-1,132332000,132332200,1
RX,3,711,400c00f,-1,-1,-1,132352000,132352200,1
RX,3,743,800c00f,-1,-1,-1,138516200,138516400,1
RX,3,743,000c00f,-1,-1,-1,138532000,138532200,1
RX,3,743,400c00f,-1,-1,-1,138552000,138552200,1
RX,3,748,800c00c,-1,-1,-1,139676200,139676400,1
RX,3,748,000c00c,-1,-1,-1,139692000,139692200,1
RX,3,748,400c00c,-1,-1,-1,139712000,139712200,1
RX,3,753,800c00d,-1,-1,-1,140171800,140172000,1
RX,3,753,000c00d,-1,-1,-1,140190400,140190600,1
RX,3,753,400c00d,-1,-1,-1,140210400,140210600,1
RX,3,763,800c00f,-1,-1,-1,141696200,141696400,1
RX,3,763,000c00f,-1,-1,-1,141712000,141712200,1
RX,3,763,400c00f,-1,-1,-1,141732000,141732200,1
RX,3,766,800c00e,-1,-1,-1,142031800,142032000,1
RX,3,766,000c00e,-1,-1,-1,142050400,142050600,1
RX,3,766,400c00e,-1,-1,-1,142070400,142070600,1
RX,3,773,820c009,-1,-1,-1,143236200,143236400,1
RX,3,773,020c009,-1,-1,-1,143252000,143252200,1
RX,3,773,420c009,-1,-1,-1,143272000,143272200,1
RX,3,780,800c00c,-1,-1,-1,144236200,144236400,1
RX,3,780,000c00c,-1,-1,-1,144252000,144252200,1
RX,3,780,400c00c,-1,-1,-1,144272000,144272200,1
RX,3,799,800c00f,-1,-1,-1,147651800,147652000,1
RX,3,799,000c00f,-1,-1,-1,147670400,147670600,1
RX,3,799,400c00f,-1,-1,-1,147690400,147690600,1
RX,3,822,800c00e,-1,-1,-1,151416200,151416400,1
RX,3,822,000c00e,-1,-1,-1,151432000,151432200,1
RX,3,822,400c00e,-1,-1,-1,151452000,151452200,1
RX,3,824,820c008,-1,-1,-1,151556200,151556400,1
RX,3,824,020c008,-1,-1,-1,151572000,151572200,1
RX,3,824,420c008,-1,-1,-1,151592000,151592200,1
RX,3,825,800c00d,-1,-1,-1,151616200,151616400,1
RX,3,825,000c00d,-1,-1,-1,151632000,151632200,1
RX,3,825,400c00d,-1,-1,-1,151652000,151652200,1
RX,3,826,800c00e,-1,-1,-1,151996200,151996400,1
RX,3,826,000c00e,-1,-1,-1,152012000,152012200,1
RX,3,826,400c00e,-1,-1,-1,152032000,152032200,1
RX,3,847,800c00f,-1,-1,-1,157456200,157456400,1
RX,3,847,000c00f,-1,-1,-1,157472000,157472200,1
RX,3,847,400c00f,-1,-1,-1,157492000,157492200,1
RX,3,876,800c00c,-1,-1,-1,162676800,162677000,1
RX,3,876,000c00c,-1,-1,-1,162692000,162692200,1
RX,3,876,400c00c,-1,-1,-1,162712000,162712200,1
RX,3,908,810c000,-1,-1,-1,169956200,169956400,1
RX,3,908,010c000,-1,-1,-1,169972000,169972200,1
RX,3,908,410c000,-1,-1,-1,169992000,169992200,1
RX,3,921,800c00d,-1,-1,-1,172336200,172336400,1
RX,3,921,000c00d,-1,-1,-1,172352000,172352200,1
RX,3,921,400c00d,-1,-1,-1,172372000,172372200,1
RX,3,967,800c00f,-1,-1,-1,179816200,179816400,1
RX,3,967,000c00f,-1,-1,-1,179832000,179832200,1
RX,3,967,400c00f,-1,-1,-1,179852000,179852200,1
RX,3,971,800c00f,-1,-1,-1,180136200,180136400,1
RX,3,971,000c00f,-1,-1,-1,180152000,180152200,1
RX,3,971,400c00f,-1,-1,-1,180172000,180172200,1
RX,3,972,800c00c,-1,-1,-1,180476200,180476400,1
RX,3,972,000c00c,-1,-1,-1,180492000,180492200,1
RX,3,972,400c00c,-1,-1,-1,180512000,180512200,1
RX,4,7,8100103,-1,-1,-1,1776200,1776400,1
RX,4,7,0100103,-1,-1,-1,1792000,1792200,1
RX,4,7,4100103,-1,-1,-1,1812000,1812200,1
RX,4,13,820c101,-1,-1,-1,2836800,2837000,1
RX,4,13,020c101,-1,-1,-1,2852000,2852200,1
RX,4,13,420c101,-1,-1,-1,2872000,2872200,1
RX,4,15,820c003,-1,-1,-1,2955400,2955600,1
RX,4,15,020c003,-1,-1,-1,2955600,2955800,1
RX,4,15,420c003,-1,-1,-1,2972000,2972200,1
RX,4,35,8300003,-1,-1,-1,7896200,7896400,1
RX,4,35,0300003,-1,-1,-1,7912000,7912200,1
RX,4,35,4300003,-1,-1,-1,7932000,7932200,1
RX,4,42,8100102,-1,-1,-1,8796200,8796400,1
RX,4,42,0100102,-1,-1,-1,8812000,8812200,1
RX,4,42,4100102,-1,-1,-1,8832000,8832200,1
RX,4,46,8300102,-1,-1,-1,9556200,9556400,1
RX,4,46,0300102,-1,-1,-1,9572000,9572200,1
RX,4,46,4300102,-1,-1,-1,9592000,9592200,1
RX,4,53,8100101,-1,-1,-1,10096200,10096400,1
RX,4,53,0100101,-1,-1,-1,10112000,10112200,1
RX,4,53,4100101,-1,-1,-1,10132000,10132200,1
RX,4,72,8204100,-1,-1,-1,13776200,13776400,1
RX,4,72,0204100,-1,-1,-1,13792000,13792200,1
RX,4,72,4204100,-1,-1,-1,13812000,13812200,1
RX,4,75,8100103,-1,-1,-1,14296200,14296400,1
RX,4,75,0100103,-1,-1,-1,14312000,14312200,1
RX,4,75,4100103,-1,-1,-1,14332000,14332200,1
RX,4,77,8100101,-1,-1,-1,15256200,15256400,1
RX,4,77,0100101,-1,-1,-1,15272000,15272200,1
RX,4,77,4100101,-1,-1,-1,15292000,15292200,1
RX,4,83,8100103,-1,-1,-1,15956200,15956400,1
RX,4,83,0100103,-1,-1,-1,15972000,15972200,1
RX,4,83,4100103,-1,-1,-1,15992000,15992200,1
RX,4,106,8100102,-1,-1,-1,20316200,20316400,1
RX,4,106,0100102,-1,-1,-1,20332000,20332200,1
RX,4,106,4100102,-1,-1,-1,20352000,20352200,1
RX,4,117,8100001,-1,-1,-1,22075400,22075600,1
RX,4,117,0100001,-1,-1,-1,22075600,22075800,1
RX,4,117,4100001,-1,-1,-1,22075800,22076000,1
RX,4,126,8100102,-1,-1,-1,24096200,24096400,1
RX,4,126,0100102,-1,-1,-1,24112000,24112200,1
RX,4,126,4100102,-1,-1,-1,24132000,24132200,1
RX,4,142,8100102,-1,-1,-1,26036200,26036400,1
RX,4,142,0100102,-1,-1,-1,26052000,26052200,1
RX,4,142,4100102,-1,-1,-1,26072000,26072200,1
RX,4,167,8100103,-1,-1,-1,30436200,30436400,1
RX,4,167,0100103,-1,-1,-1,30452000,30452200,1
RX,4,167,4100103,-1,-1,-1,30472000,30472200,1
RX,4,186,8100102,-1,-1,-1,34151800,34152000,1
RX,4,186,0100102,-1,-1,-1,34170400,34170600,1
RX,4,186,4100102,-1,-1,-1,34190400,34190600,1
RX,4,201,8100101,-1,-1,-1,37631800,37632000,1
RX,4,201,0100101,-1,-1,-1,37650400,37650600,1
RX,4,201,4100101,-1,-1,-1,37670400,37670600,1
RX,4,203,8100103,-1,-1,-1,38016200,38016400,1
RX,4,203,0100103,-1,-1,-1,38032000,38032200,1
RX,4,203,4100103,-1,-1,-1,38052000,38052200,1
RX,4,223,8100103,-1,-1,-1,41396200,41396400,1
RX,4,223,0100103,-1,-1,-1,41412000,41412200,1
RX,4,223,4100103,-1,-1,-1,41432000,41432200,1
RX,4,237,8100101,-1,-1,-1,42276200,42276400,1
RX,4,237,0100101,-1,-1,-1,42292000,42292200,1
RX,4,237,4100101,-1,-1,-1,42312000,42312200,1
RX,4,261,8100101,-1,-1,-1,45636200,45636400,1
RX,4,261,0100101,-1,-1,-1,45652000,45652200,1
RX,4,261,4100101,-1,-1,-1,45672000,45672200,1
RX,4,274,8204102,-1,-1,-1,47736200,47736400,1
RX,4,274,0204102,-1,-1,-1,47752000,47752200,1
RX,4,274,4204102,-1,-1,-1,47772000,47772200,1
RX,4,287,8100103,-1,-1,-1,50616200,50616400,1
RX,4,287,0100103,-1,-1,-1,50632000,50632200,1
RX,4,287,4100103,-1,-1,-1,50652000,50652200,1
RX,4,325,8100101,-1,-1,-1,56656200,56656400,1
RX,4,325,0100101,-1,-1,-1,56672000,56672200,1
RX,4,325,4100101,-1,-1,-1,56692000,56692200,1
RX,4,330,8100102,-1,-1,-1,57616200,57616400,1
RX,4,330,0100102,-1,-1,-1,57632000,57632200,1
RX,4,330,4100102,-1,-1,-1,57652000,57652200,1
RX,4,331,8100103,-1,-1,-1,57736200,57736400,1
RX,4,331,0100103,-1,-1,-1,57752000,57752200,1
RX,4,331,4100103,-1,-1,-1,57772000,57772200,1
RX,4,341,8100101,-1,-1,-1,60976200,60976400,1
RX,4,341,0100101,-1,-1,-1,60992000,60992200,1
RX,4,341,4100101,-1,-1,-1,61012000,61012200,1
RX,4,358,8100102,-1,-1,-1,63736200,63736400,1
RX,4,358,0100102,-1,-1,-1,63752000,63752200,1
RX,4,358,4100102,-1,-1,-1,63772000,63772200,1
RX,4,375,8100103,-1,-1,-1,67656200,67656400,1
RX,4,375,0100103,-1,-1,-1,67672000,67672200,1
RX,4,375,4100103,-1,-1,-1,67692000,67692200,1
RX,4,380,8100100,-1,-1,-1,68711800,68712000,1
RX,4,380,0100100,-1,-1,-1,68730400,68730600,1
RX,4,380,4100100,-1,-1,-1,68750400,68750600,1
RX,4,381,8100101,-1,-1,-1,68776200,68776400,1
RX,4,381,0100101,-1,-1,-1,68792000,68792200,1
RX,4,381,4100101,-1,-1,-1,68812000,68812200,1
RX,4,384,8108100,-1,-1,-1,68891800,68892000,1
RX,4,384,0108100,-1,-1,-1,68910400,68910600,1
RX,4,384,4108100,-1,-1,-1,68930400,68930600,1
RX,4,395,8100103,-1,-1,-1,70356200,70356400,1
RX,4,395,0100103,-1,-1,-1,70372000,70372200,1
RX,4,395,4100103,-1,-1,-1,70392000,70392200,1
RX,4,405,8100101,-1,-1,-1,72716200,72716400,1
RX,4,405,0100101,-1,-1,-1,72732000,72732200,1
RX,4,405,4100101,-1,-1,-1,72752000,72752200,1
RX,4,413,810c001,-1,-1,-1,73536200,73536400,1
RX,4,413,010c001,-1,-1,-1,73552000,73552200,1
RX,4,413,410c001,-1,-1,-1,73572000,73572200,1
RX,4,415,8100103,-1,-1,-1,73716200,73716400,1
RX,4,415,0100103,-1,-1,-1,73732000,73732200,1
RX,4,415,4100103,-1,-1,-1,73752000,73752200,1
RX,4,422,8100102,-1,-1,-1,74956200,74956400,1
RX,4,422,0100102,-1,-1,-1,74972000,74972200,1
RX,4,422,4100102,-1,-1,-1,74992000,74992200,1
RX,4,441,8100101,-1,-1,-1,78451800,78452000,1
RX,4,441,0100101,-1,-1,-1,78470400,78470600,1
RX,4,441,4100101,-1,-1,-1,78490400,78490600,1
RX,4,443,8100103,-1,-1,-1,78836200,78836400,1
RX,4,443,0100103,-1,-1,-1,78852000,78852200,1
RX,4,443,4100103,-1,-1,-1,78872000,78872200,1
RX,4,444,820c000,-1,-1,-1,79036200,79036400,1
RX,4,444,020c000,-1,-1,-1,79052000,79052200,1
RX,4,444,420c000,-1,-1,-1,79072000,79072200,1
RX,4,452,8100100,-1,-1,-1,80716200,80716400,1
RX,4,452,0100100,-1,-1,-1,80732000,80732200,1
RX,4,452,4100100,-1,-1,-1,80752000,80752200,1
RX,4,489,8100101,-1,-1,-1,86456200,86456400,1
RX,4,489,0100101,-1,-1,-1,86472000,86472200,1
RX,4,489,4100101,-1,-1,-1,86492000,86492200,1
RX,4,513,8100101,-1,-1,-1,90136200,90136400,1
RX,4,513,0100101,-1,-1,-1,90152000,90152200,1
RX,4,513,4100101,-1,-1,-1,90172000,90172200,1
RX,4,528,8100100,-1,-1,-1,93556200,93556400,1
RX,4,528,0100100,-1,-1,-1,93572000,93572200,1
RX,4,528,4100100,-1,-1,-1,93592000,93592200,1
RX,4,545,8100101,-1,-1,-1,97696200,97696400,1
RX,4,545,0100101,-1,-1,-1,97712000,97712200,1
RX,4,545,4100101,-1,-1,-1,97732000,97732200,1
RX,4,546,8100102,-1,-1,-1,97756200,97756400,1
RX,4,546,0100102,-1,-1,-1,97772000,97772200,1
RX,4,546,4100102,-1,-1,-1,97792000,97792200,1
RX,4,547,8100103,-1,-1,-1,97796800,97797000,1
RX,4,547,0100103,-1,-1,-1,97797000,97797200,1
RX,4,547,4100103,-1,-1,-1,97797200,97797400,1
RX,4,556,8100100,-1,-1,-1,99396200,99396400,1
RX,4,556,0100100,-1,-1,-1,99412000,99412200,1
RX,4,556,4100100,-1,-1,-1,99432000,99432200,1
RX,4,568,8100100,-1,-1,-1,102136200,102136400,1
RX,4,568,0100100,-1,-1,-1,102152000,102152200,1
RX,4,568,4100100,-1,-1,-1,102172000,102172200,1
RX,4,576,8100100,-1,-1,-1,103496200,103496400,1
RX,4,576,0100100,-1,-1,-1,103512000,103512200,1
RX,4,576,4100100,-1,-1,-1,103532000,103532200,1
RX,4,583,8100103,-1,-1,-1,104276200,104276400,1
RX,4,583,0100103,-1,-1,-1,104292000,104292200,1
RX,4,583,4100103,-1,-1,-1,104312000,104312200,1
RX,4,587,8100103,-1,-1,-1,104976200,104976400,1
RX,4,587,0100103,-1,-1,-1,104992000,104992200,1
RX,4,587,4100103,-1,-1,-1,105012000,105012200,1
RX,4,602,8100102,-1,-1,-1,108736200,108736400,1
RX,4,602,0100102,-1,-1,-1,108752000,108752200,1
RX,4,602,4100102,-1,-1,-1,108772000,108772200,1
RX,4,625,8100101,-1,-1,-1,112391800,112392000,1
RX,4,625,0100101,-1,-1,-1,112410400,112410600,1
RX,4,625,4100101,-1,-1,-1,112430400,112430600,1
RX,4,629,8100101,-1,-1,-1,112596200,112596400,1
RX,4,629,0100101,-1,-1,-1,112612000,112612200,1
RX,4,629,4100101,-1,-1,-1,112632000,112632200,1
RX,4,632,8100100,-1,-1,-1,113016200,113016400,1
RX,4,632,0100100,-1,-1,-1,113032000,113032200,1
RX,4,632,4100100,-1,-1,-1,113052000,113052200,1
RX,4,663,8100103,-1,-1,-1,120911800,120912000,1
RX,4,663,0100103,-1,-1,-1,120930400,120930600,1
RX,4,663,4100103,-1,-1,-1,120950400,120950600,1
RX,4,679,8100103,-1,-1,-1,125216200,125216400,1
RX,4,679,0100103,-1,-1,-1,125232000,125232200,1
RX,4,679,4100103,-1,-1,-1,125252000,125252200,1
RX,4,683,8100103,-1,-1,-1,125676200,125676400,1
RX,4,683,0100103,-1,-1,-1,125692000,125692200,1
RX,4,683,4100103,-1,-1,-1,125712000,125712200,1
RX,4,690,8100102,-1,-1,-1,127271800,127272000,1
RX,4,690,0100102,-1,-1,-1,127290400,127290600,1
RX,4,690,4100102,-1,-1,-1,127310400,127310600,1
RX,4,706,8100102,-1,-1,-1,130856200,130856400,1
RX,4,706,0100102,-1,-1,-1,130872000,130872200,1
RX,4,706,4100102,-1,-1,-1,130892000,130892200,1
RX,4,738,8100102,-1,-1,-1,137276200,137276400,1
RX,4,738,0100102,-1,-1,-1,137292000,137292200,1
RX,4,738,4100102,-1,-1,-1,137312000,137312200,1
RX,4,769,8100101,-1,-1,-1,142316200,142316400,1
RX,4,769,0100101,-1,-1,-1,142332000,142332200,1
RX,4,769,4100101,-1,-1,-1,142352000,142352200,1
RX,4,774,810c102,-1,-1,-1,143311800,143312000,1
RX,4,774,010c102,-1,-1,-1,143330400,143330600,1
RX,4,774,410c102,-1,-1,-1,143350400,143350600,1
RX,4,775,8100103,-1,-1,-1,143352400,143352600,1
RX,4,775,0100103,-1,-1,-1,143352600,143352800,1
RX,4,775,4100103,-1,-1,-1,143370400,143370600,1
RX,4,786,8100102,-1,-1,-1,145056200,145056400,1
RX,4,786,0100102,-1,-1,-1,145072000,145072200,1
RX,4,786,4100102,-1,-1,-1,145092000,145092200,1
RX,4,798,8100102,-1,-1,-1,147596200,147596400,1
RX,4,798,0100102,-1,-1,-1,147612000,147612200,1
RX,4,798,4100102,-1,-1,-1,147632000,147632200,1
RX,4,812,8100100,-1,-1,-1,150016200,150016400,1
RX,4,812,0100100,-1,-1,-1,150032000,150032200,1
RX,4,812,4100100,-1,-1,-1,150052000,150052200,1
RX,4,819,8100103,-1,-1,-1,150856200,150856400,1
RX,4,819,0100103,-1,-1,-1,150872000,150872200,1
RX,4,819,4100103,-1,-1,-1,150892000,150892200,1
RX,4,820,8108100,-1,-1,-1,150894000,150894200,1
RX,4,820,0108100,-1,-1,-1,150894200,150894400,1
RX,4,820,4108100,-1,-1,-1,150910400,150910600,1
RX,4,830,8100102,-1,-1,-1,153496200,153496400,1
RX,4,830,0100102,-1,-1,-1,153512000,153512200,1
RX,4,830,4100102,-1,-1,-1,153532000,153532200,1
RX,4,850,8100102,-1,-1,-1,158396200,158396400,1
RX,4,850,0100102,-1,-1,-1,158412000,158412200,1
RX,4,850,4100102,-1,-1,-1,158432000,158432200,1
RX,4,853,8100101,-1,-1,-1,158695400,158695600,1
RX,4,853,0100101,-1,-1,-1,158695600,158695800,1
RX,4,853,4100101,-1,-1,-1,158712000,158712200,1
RX,4,866,8100102,-1,-1,-1,161736200,161736400,1
RX,4,866,0100102,-1,-1,-1,161752000,161752200,1
RX,4,866,4100102,-1,-1,-1,161772000,161772200,1
RX,4,888,8100100,-1,-1,-1,164676200,164676400,1
RX,4,888,0100100,-1,-1,-1,164692000,164692200,1
RX,4,888,4100100,-1,-1,-1,164712000,164712200,1
RX,4,900,8100100,-1,-1,-1,167376200,167376400,1
RX,4,900,0100100,-1,-1,-1,167392000,167392200,1
RX,4,900,4100100,-1,-1,-1,167412000,167412200,1
RX,4,906,8108102,-1,-1,-1,169256200,169256400,1
RX,4,906,0108102,-1,-1,-1,169272000,169272200,1
RX,4,906,4108102,-1,-1,-1,169292000,169292200,1
RX,4,908,810c000,-1,-1,-1,169956200,169956400,1
RX,4,908,010c000,-1,-1,-1,169972000,169972200,1
RX,4,908,410c000,-1,-1,-1,169992000,169992200,1
RX,4,946,8100102,-1,-1,-1,176656200,176656400,1
RX,4,946,0100102,-1,-1,-1,176672000,176672200,1
RX,4,946,4100102,-1,-1,-1,176692000,176692200,1
RX,4,970,8100102,-1,-1,-1,179991800,179992000,1
RX,4,970,0100102,-1,-1,-1,180010400,180010600,1
RX,4,970,4100102,-1,-1,-1,180030400,180030600,1
RX,4,988,8100100,-1,-1,-1,182616200,182616400,1
RX,4,988,0100100,-1,-1,-1,182632000,182632200,1
RX,4,988,4100100,-1,-1,-1,182652000,182652200,1
RX,4,992,810c100,-1,-1,-1,183331800,183332000,1
RX,4,992,010c100,-1,-1,-1,183350400,183350600,1
RX,4,992,410c100,-1,-1,-1,183370400,183370600,1
RX,4,996,8100100,-1,-1,-1,184191800,184192000,1
RX,4,996,0100100,-1,-1,-1,184210400,184210600,1
RX,4,996,4100100,-1,-1,-1,184230400,184230600,1
RX,4,998,8100102,-1,-1,-1,184496200,184496400,1
RX,4,998,0100102,-1,-1,-1,184512000,184512200,1
RX,4,998,4100102,-1,-1,-1,184532000,184532200,1
RX,5,13,820c101,-1,-1,-1,2836800,2837000,1
RX,5,13,020c101,-1,-1,-1,2852000,2852200,1
RX,5,13,420c101,-1,-1,-1,2872000,2872200,1
RX,5,15,820c003,-1,-1,-1,2955400,2955600,1
RX,5,15,020c003,-1,-1,-1,2955600,2955800,1
RX,5,15,420c003,-1,-1,-1,2972000,2972200,1
RX,5,22,8104106,-1,-1,-1,4136200,4136400,1
RX,5,22,0104106,-1,-1,-1,4152000,4152200,1
RX,5,22,4104106,-1,-1,-1,4172000,4172200,1
RX,5,30,8104106,-1,-1,-1,6556200,6556400,1
RX,5,30,0104106,-1,-1,-1,6572000,6572200,1
RX,5,30,4104106,-1,-1,-1,6592000,6592200,1
RX,5,34,8104106,-1,-1,-1,7576200,7576400,1
RX,5,34,0104106,-1,-1,-1,7592000,7592200,1
RX,5,34,4104106,-1,-1,-1,7612000,7612200,1
RX,5,49,8104105,-1,-1,-1,9796200,9796400,1
RX,5,49,0104105,-1,-1,-1,9812000,9812200,1
RX,5,49,4104105,-1,-1,-1,9832000,9832200,1
RX,5,62,8104106,-1,-1,-1,11816200,11816400,1
RX,5,62,0104106,-1,-1,-1,11832000,11832200,1
RX,5,62,4104106,-1,-1,-1,11852000,11852200,1
RX,5,70,8104106,-1,-1,-1,13531800,13532000,1
RX,5,70,0104106,-1,-1,-1,13550400,13550600,1
RX,5,70,4104106,-1,-1,-1,13570400,13570600,1
RX,5,72,8204100,-1,-1,-1,13776200,13776400,1
RX,5,72,0204100,-1,-1,-1,13792000,13792200,1
RX,5,72,4204100,-1,-1,-1,13812000,13812200,1
RX,5,81,8104105,-1,-1,-1,15676200,15676400,1
RX,5,81,0104105,-1,-1,-1,15692000,15692200,1
RX,5,81,4104105,-1,-1,-1,15712000,15712200,1
RX,5,107,8104107,-1,-1,-1,20356200,20356400,1
RX,5,107,0104107,-1,-1,-1,20372000,20372200,1
RX,5,107,4104107,-1,-1,-1,20392000,20392200,1
RX,5,109,8104105,-1,-1,-1,20976200,20976400,1
RX,5,109,0104105,-1,-1,-1,20992000,20992200,1
RX,5,109,4104105,-1,-1,-1,21012000,21012200,1
RX,5,125,8104105,-1,-1,-1,24036200,24036400,1
RX,5,125,0104105,-1,-1,-1,24052000,24052200,1
RX,5,125,4104105,-1,-1,-1,24072000,24072200,1
RX,5,136,8104104,-1,-1,-1,25171800,25172000,1
RX,5,136,0104104,-1,-1,-1,25190400,25190600,1
RX,5,136,4104104,-1,-1,-1,25210400,25210600,1
RX,5,137,8104105,-1,-1,-1,25416200,25416400,1
RX,5,137,0104105,-1,-1,-1,25432000,25432200,1
RX,5,137,4104105,-1,-1,-1,25452000,25452200,1
RX,5,143,8104107,-1,-1,-1,26376200,26376400,1
RX,5,143,0104107,-1,-1,-1,26392000,26392200,1
RX,5,143,4104107,-1,-1,-1,26412000,26412200,1
RX,5,153,8104105,-1,-1,-1,28216200,28216400,1
RX,5,153,0104105,-1,-1,-1,28232000,28232200,1
RX,5,153,4104105,-1,-1,-1,28252000,28252200,1
RX,5,157,8104105,-1,-1,-1,28976200,28976400,1
RX,5,157,0104105,-1,-1,-1,28992000,28992200,1
RX,5,157,4104105,-1,-1,-1,29012000,29012200,1
RX,5,160,8104104,-1,-1,-1,29796200,29796400,1
RX,5,160,0104104,-1,-1,-1,29812000,29812200,1
RX,5,160,4104104,-1,-1,-1,29832000,29832200,1
RX,5,166,8204006,-1,-1,-1,30296200,30296400,1
RX,5,166,0204006,-1,-1,-1,30312000,30312200,1
RX,5,166,4204006,-1,-1,-1,30332000,30332200,1
RX,5,169,8104005,-1,-1,-1,30816200,30816400,1
RX,5,169,0104005,-1,-1,-1,30832000,30832200,1
RX,5,169,4104005,-1,-1,-1,30852000,30852200,1
RX,5,200,8104104,-1,-1,-1,37551800,37552000,1
RX,5,200,0104104,-1,-1,-1,37570400,37570600,1
RX,5,200,4104104,-1,-1,-1,37590400,37590600,1
RX,5,209,8104105,-1,-1,-1,39016200,39016400,1
RX,5,209,0104105,-1,-1,-1,39032000,39032200,1
RX,5,209,4104105,-1,-1,-1,39052000,39052200,1
RX,5,227,8104107,-1,-1,-1,41536200,41536400,1
RX,5,227,0104107,-1,-1,-1,41552000,41552200,1
RX,5,227,4104107,-1,-1,-1,41572000,41572200,1
RX,5,236,8104104,-1,-1,-1,42236200,42236400,1
RX,5,236,0104104,-1,-1,-1,42252000,42252200,1
RX,5,236,4104104,-1,-1,-1,42272000,42272200,1
RX,5,239,8104107,-1,-1,-1,42956200,42956400,1
RX,5,239,0104107,-1,-1,-1,42972000,42972200,1
RX,5,239,4104107,-1,-1,-1,42992000,42992200,1
RX,5,244,8104104,-1,-1,-1,43896800,43897000,1
RX,5,244,0104104,-1,-1,-1,43897000,43897200,1
RX,5,244,4104104,-1,-1,-1,43912000,43912200,1
RX,5,246,8104106,-1,-1,-1,43956200,43956400,1
RX,5,246,0104106,-1,-1,-1,43972000,43972200,1
RX,5,246,4104106,-1,-1,-1,43992000,43992200,1
RX,5,273,8104105,-1,-1,-1,47156200,47156400,1
RX,5,273,0104105,-1,-1,-1,47172000,47172200,1
RX,5,273,4104105,-1,-1,-1,47192000,47192200,1
RX,5,274,8204102,-1,-1,-1,47736200,47736400,1
RX,5,274,0204102,-1,-1,-1,47752000,47752200,1
RX,5,274,4204102,-1,-1,-1,47772000,47772200,1
RX,5,275,8104107,-1,-1,-1,48336200,48336400,1
RX,5,275,0104107,-1,-1,-1,48352000,48352200,1
RX,5,275,4104107,-1,-1,-1,48372000,48372200,1
RX,5,285,8104105,-1,-1,-1,49916200,49916400,1
RX,5,285,0104105,-1,-1,-1,49932000,49932200,1
RX,5,285,4104105,-1,-1,-1,49952000,49952200,1
RX,5,303,8104107,-1,-1,-1,53315400,53315600,1
RX,5,303,0104107,-1,-1,-1,53315600,53315800,1
RX,5,303,4104107,-1,-1,-1,53332000,53332200,1
RX,5,340,8104104,-1,-1,-1,60776200,60776400,1
RX,5,340,0104104,-1,-1,-1,60792000,60792200,1
RX,5,340,4104104,-1,-1,-1,60812000,60812200,1
RX,5,343,8104107,-1,-1,-1,61716200,61716400,1
RX,5,343,0104107,-1,-1,-1,61732000,61732200,1
RX,5,343,4104107,-1,-1,-1,61752000,61752200,1
RX,5,344,8104104,-1,-1,-1,61756200,61756400,1
RX,5,344,0104104,-1,-1,-1,61772000,61772200,1
RX,5,344,4104104,-1,-1,-1,61792000,61792200,1
RX,5,354,8104106,-1,-1,-1,63411800,63412000,1
RX,5,354,0104106,-1,-1,-1,63430400,63430600,1
RX,5,354,4104106,-1,-1,-1,63450400,63450600,1
RX,5,384,8108100,-1,-1,-1,68891800,68892000,1
RX,5,384,0108100,-1,-1,-1,68910400,68910600,1
RX,5,384,4108100,-1,-1,-1,68930400,68930600,1
RX,5,413,810c001,-1,-1,-1,73536200,73536400,1
RX,5,413,010c001,-1,-1,-1,73552000,73552200,1
RX,5,413,410c001,-1,-1,-1,73572000,73572200,1
RX,5,421,8104105,-1,-1,-1,74656200,74656400,1
RX,5,421,0104105,-1,-1,-1,74672000,74672200,1
RX,5,421,4104105,-1,-1,-1,74692000,74692200,1
RX,5,423,8104107,-1,-1,-1,75016200,75016400,1
RX,5,423,0104107,-1,-1,-1,75032000,75032200,1
RX,5,423,4104107,-1,-1,-1,75052000,75052200,1
RX,5,425,8104105,-1,-1,-1,75251800,75252000,1
RX,5,425,0104105,-1,-1,-1,75270400,75270600,1
RX,5,425,4104105,-1,-1,-1,75290400,75290600,1
RX,5,432,810c004,-1,-1,-1,76151800,76152000,1
RX,5,432,010c004,-1,-1,-1,76170400,76170600,1
RX,5,432,410c004,-1,-1,-1,76190400,76190600,1
RX,5,444,820c000,-1,-1,-1,79036200,79036400,1
RX,5,444,020c000,-1,-1,-1,79052000,79052200,1
RX,5,444,420c000,-1,-1,-1,79072000,79072200,1
RX,5,453,8104105,-1,-1,-1,80951800,80952000,1
RX,5,453,0104105,-1,-1,-1,80970400,80970600,1
RX,5,453,4104105,-1,-1,-1,80990400,80990600,1
RX,5,463,8104107,-1,-1,-1,82616200,82616400,1
RX,5,463,0104107,-1,-1,-1,82632000,82632200,1
RX,5,463,4104107,-1,-1,-1,82652000,82652200,1
RX,5,468,8104104,-1,-1,-1,83196200,83196400,1
RX,5,468,0104104,-1,-1,-1,83212000,83212200,1
RX,5,468,4104104,-1,-1,-1,83232000,83232200,1
RX,5,479,8104107,-1,-1,-1,85211800,85212000,1
RX,5,479,0104107,-1,-1,-1,85230400,85230600,1
RX,5,479,4104107,-1,-1,-1,85250400,85250600,1
RX,5,508,8104104,-1,-1,-1,89056200,89056400,1
RX,5,508,0104104,-1,-1,-1,89072000,89072200,1
RX,5,508,4104104,-1,-1,-1,89092000,89092200,1
RX,5,623,8104107,-1,-1,-1,112176200,112176400,1
RX,5,623,0104107,-1,-1,-1,112192000,112192200,1
RX,5,623,4104107,-1,-1,-1,112212000,112212200,1
RX,5,646,8104106,-1,-1,-1,117671800,117672000,1
RX,5,646,0104106,-1,-1,-1,117690400,117690600,1
RX,5,646,4104106,-1,-1,-1,117710400,117710600,1
RX,5,652,8108104,-1,-1,-1,119076200,119076400,1
RX,5,652,0108104,-1,-1,-1,119092000,119092200,1
RX,5,652,4108104,-1,-1,-1,119112000,119112200,1
RX,5,655,8208107,-1,-1,-1,119415400,119415600,1
RX,5,655,0208107,-1,-1,-1,119415600,119415800,1
RX,5,655,4208107,-1,-1,-1,119415800,119416000,1
RX,5,658,8104106,-1,-1,-1,120476200,120476400,1
RX,5,658,0104106,-1,-1,-1,120492000,120492200,1
RX,5,658,4104106,-1,-1,-1,120512000,120512200,1
RX,5,667,8104107,-1,-1,-1,121636200,121636400,1
RX,5,667,0104107,-1,-1,-1,121652000,121652200,1
RX,5,667,4104107,-1,-1,-1,121672000,121672200,1
RX,5,686,8104106,-1,-1,-1,126316200,126316400,1
RX,5,686,0104106,-1,-1,-1,126332000,126332200,1
RX,5,686,4104106,-1,-1,-1,126352000,126352200,1
RX,5,703,8104107,-1,-1,-1,129856200,129856400,1
RX,5,703,0104107,-1,-1,-1,129872000,129872200,1
RX,5,703,4104107,-1,-1,-1,129892000,129892200,1
RX,5,739,8104107,-1,-1,-1,137376200,137376400,1
RX,5,739,0104107,-1,-1,-1,137392000,137392200,1
RX,5,739,4104107,-1,-1,-1,137412000,137412200,1
RX,5,740,8104104,-1,-1,-1,138196200,138196400,1
RX,5,740,0104104,-1,-1,-1,138212000,138212200,1
RX,5,740,4104104,-1,-1,-1,138232000,138232200,1
RX,5,749,8104005,-1,-1,-1,139796200,139796400,1
RX,5,749,0104005,-1,-1,-1,139812000,139812200,1
RX,5,749,4104005,-1,-1,-1,139832000,139832200,1
RX,5,758,8104106,-1,-1,-1,140676200,140676400,1
RX,5,758,0104106,-1,-1,-1,140692000,140692200,1
RX,5,758,4104106,-1,-1,-1,140712000,140712200,1
RX,5,774,810c102,-1,-1,-1,143311800,143312000,1
RX,5,774,010c102,-1,-1,-1,143330400,143330600,1
RX,5,774,410c102,-1,-1,-1,143350400,143350600,1
RX,5,778,8104106,-1,-1,-1,143936200,143936400,1
RX,5,778,0104106,-1,-1,-1,143952000,143952200,1
RX,5,778,4104106,-1,-1,-1,143972000,143972200,1
RX,5,791,8104107,-1,-1,-1,146256200,146256400,1
RX,5,791,0104107,-1,-1,-1,146272000,146272200,1
RX,5,791,4104107,-1,-1,-1,146292000,146292200,1
RX,5,802,8104106,-1,-1,-1,148096200,148096400,1
RX,5,802,0104106,-1,-1,-1,148112000,148112200,1
RX,5,802,4104106,-1,-1,-1,148132000,148132200,1
RX,5,820,8108100,-1,-1,-1,150894000,150894200,1
RX,5,820,0108100,-1,-1,-1,150894200,150894400,1
RX,5,820,4108100,-1,-1,-1,150910400,150910600,1
RX,5,835,8104107,-1,-1,-1,154896200,154896400,1
RX,5,835,0104107,-1,-1,-1,154912000,154912200,1
RX,5,835,4104107,-1,-1,-1,154932000,154932200,1
RX,5,840,8104104,-1,-1,-1,156151800,156152000,1
RX,5,840,0104104,-1,-1,-1,156170400,156170600,1
RX,5,840,4104104,-1,-1,-1,156190400,156190600,1
RX,5,873,8104105,-1,-1,-1,162516200,162516400,1
RX,5,873,0104105,-1,-1,-1,162532000,162532200,1
RX,5,873,4104105,-1,-1,-1,162552000,162552200,1
RX,5,879,8104107,-1,-1,-1,163216200,163216400,1
RX,5,879,0104107,-1,-1,-1,163232000,163232200,1
RX,5,879,4104107,-1,-1,-1,163252000,163252200,1
RX,5,884,8104104,-1,-1,-1,164231800,164232000,1
RX,5,884,0104104,-1,-1,-1,164250400,164250600,1
RX,5,884,4104104,-1,-1,-1,164270400,164270600,1
RX,5,906,8108102,-1,-1,-1,169256200,169256400,1
RX,5,906,0108102,-1,-1,-1,169272000,169272200,1
RX,5,906,4108102,-1,-1,-1,169292000,169292200,1
RX,5,908,810c000,-1,-1,-1,169956200,169956400,1
RX,5,908,010c000,-1,-1,-1,169972000,169972200,1
RX,5,908,410c000,-1,-1,-1,169992000,169992200,1
RX,5,912,8104104,-1,-1,-1,170956200,170956400,1
RX,5,912,0104104,-1,-1,-1,170972000,170972200,1
RX,5,912,4104104,-1,-1,-1,170992000,170992200,1
RX,5,948,8104104,-1,-1,-1,177076200,177076400,1
RX,5,948,0104104,-1,-1,-1,177092000,177092200,1
RX,5,948,4104104,-1,-1,-1,177112000,177112200,1
RX,5,953,8104105,-1,-1,-1,178256200,178256400,1
RX,5,953,0104105,-1,-1,-1,178272000,178272200,1
RX,5,953,4104105,-1,-1,-1,178292000,178292200,1
RX,5,955,8104107,-1,-1,-1,178351800,178352000,1
RX,5,955,0104107,-1,-1,-1,178370400,178370600,1
RX,5,955,4104107,-1,-1,-1,178390400,178390600,1
RX,5,957,8104105,-1,-1,-1,178536200,178536400,1
RX,5,957,0104105,-1,-1,-1,178552000,178552200,1
RX,5,957,4104105,-1,-1,-1,178572000,178572200,1
RX,5,983,8104107,-1,-1,-1,182311800,182312000,1
RX,5,983,0104107,-1,-1,-1,182330400,182330600,1
RX,5,983,4104107,-1,-1,-1,182350400,182350600,1
RX,5,987,8104107,-1,-1,-1,182536200,182536400,1
RX,5,987,0104107,-1,-1,-1,182552000,182552200,1
RX,5,987,4104107,-1,-1,-1,182572000,182572200,1
RX,5,989,8208105,-1,-1,-1,182776200,182776400,1
RX,5,989,0208105,-1,-1,-1,182792000,182792200,1
RX,5,989,4208105,-1,-1,-1,182812000,182812200,1
RX,5,992,810c100,-1,-1,-1,183331800,183332000,1
RX,5,992,010c100,-1,-1,-1,183350400,183350600,1
RX,5,992,410c100,-1,-1,-1,183370400,183370600,1
RX,5,994,8104106,-1,-1,-1,183816200,183816400,1
RX,5,994,0104106,-1,-1,-1,183832000,183832200,1
RX,5,994,4104106,-1,-1,-1,183852000,183852200,1
RX,6,9,8108109,-1,-1,-1,1916200,1916400,1
RX,6,9,0108109,-1,-1,-1,1932000,1932200,1
RX,6,9,4108109,-1,-1,-1,1952000,1952200,1
RX,6,10,810810a,-1,-1,-1,2496200,2496400,1
RX,6,10,010810a,-1,-1,-1,2512000,2512200,1
RX,6,10,410810a,-1,-1,-1,2532000,2532200,1
RX,6,13,820c101,-1,-1,-1,2836800,2837000,1
RX,6,13,020c101,-1,-1,-1,2852000,2852200,1
RX,6,13,420c101,-1,-1,-1,2872000,2872200,1
RX,6,15,820c003,-1,-1,-1,2955400,2955600,1
RX,6,15,020c003,-1,-1,-1,2955600,2955800,1
RX,6,15,420c003,-1,-1,-1,2972000,2972200,1
RX,6,23,810810b,-1,-1,-1,4436200,4436400,1
RX,6,23,010810b,-1,-1,-1,4452000,4452200,1
RX,6,23,410810b,-1,-1,-1,4472000,4472200,1
RX,6,52,8108108,-1,-1,-1,10076200,10076400,1
RX,6,52,0108108,-1,-1,-1,10092000,10092200,1
RX,6,52,4108108,-1,-1,-1,10112000,10112200,1
RX,6,68,8108108,-1,-1,-1,13336200,13336400,1
RX,6,68,0108108,-1,-1,-1,13352000,13352200,1
RX,6,68,4108108,-1,-1,-1,13372000,13372200,1
RX,6,110,810810a,-1,-1,-1,21156200,21156400,1
RX,6,110,010810a,-1,-1,-1,21172000,21172200,1
RX,6,110,410810a,-1,-1,-1,21192000,21192200,1
RX,6,132,8108108,-1,-1,-1,24776200,24776400,1
RX,6,132,0108108,-1,-1,-1,24792000,24792200,1
RX,6,132,4108108,-1,-1,-1,24812000,24812200,1
RX,6,162,810810a,-1,-1,-1,29916200,29916400,1
RX,6,162,010810a,-1,-1,-1,29932000,29932200,1
RX,6,162,410810a,-1,-1,-1,29952000,29952200,1
RX,6,202,810810a,-1,-1,-1,37836200,37836400,1
RX,6,202,010810a,-1,-1,-1,37852000,37852200,1
RX,6,202,410810a,-1,-1,-1,37872000,37872200,1
RX,6,207,810810b,-1,-1,-1,38776200,38776400,1
RX,6,207,010810b,-1,-1,-1,38792000,38792200,1
RX,6,207,410810b,-1,-1,-1,38812000,38812200,1
RX,6,208,8108108,-1,-1,-1,38891800,38892000,1
RX,6,208,0108108,-1,-1,-1,38910400,38910600,1
RX,6,208,4108108,-1,-1,-1,38930400,38930600,1
RX,6,210,810810a,-1,-1,-1,39396200,39396400,1
RX,6,210,010810a,-1,-1,-1,39412000,39412200,1
RX,6,210,410810a,-1,-1,-1,39432000,39432200,1
RX,6,213,8108109,-1,-1,-1,39656200,39656400,1
RX,6,213,0108109,-1,-1,-1,39672000,39672200,1
RX,6,213,4108109,-1,-1,-1,39692000,39692200,1
RX,6,256,8108108,-1,-1,-1,44916200,44916400,1
RX,6,256,0108108,-1,-1,-1,44932000,44932200,1
RX,6,256,4108108,-1,-1,-1,44952000,44952200,1
RX,6,264,8108108,-1,-1,-1,45911800,45912000,1
RX,6,264,0108108,-1,-1,-1,45930400,45930600,1
RX,6,264,4108108,-1,-1,-1,45950400,45950600,1
RX,6,291,810810b,-1,-1,-1,51676200,51676400,1
RX,6,291,010810b,-1,-1,-1,51692000,51692200,1
RX,6,291,410810b,-1,-1,-1,51712000,51712200,1
RX,6,297,8108109,-1,-1,-1,52456200,52456400,1
RX,6,297,0108109,-1,-1,-1,52472000,52472200,1
RX,6,297,4108109,-1,-1,-1,52492000,52492200,1
RX,6,298,810810a,-1,-1,-1,52516200,52516400,1
RX,6,298,010810a,-1,-1,-1,52532000,52532200,1
RX,6,298,410810a,-1,-1,-1,52552000,52552200,1
RX,6,300,8108108,-1,-1,-1,52716200,52716400,1
RX,6,300,0108108,-1,-1,-1,52732000,52732200,1
RX,6,300,4108108,-1,-1,-1,52752000,52752200,1
RX,6,307,810810b,-1,-1,-1,53816200,53816400,1
RX,6,307,010810b,-1,-1,-1,53832000,53832200,1
RX,6,307,410810b,-1,-1,-1,53852000,53852200,1
RX,6,309,8108109,-1,-1,-1,54036200,54036400,1
RX,6,309,0108109,-1,-1,-1,54052000,54052200,1
RX,6,309,4108109,-1,-1,-1,54072000,54072200,1
RX,6,335,810810b,-1,-1,-1,58651800,58652000,1
RX,6,335,010810b,-1,-1,-1,58670400,58670600,1
RX,6,335,410810b,-1,-1,-1,58690400,58690600,1
RX,6,352,8108108,-1,-1,-1,62736200,62736400,1
RX,6,352,0108108,-1,-1,-1,62752000,62752200,1
RX,6,352,4108108,-1,-1,-1,62772000,62772200,1
RX,6,364,8108108,-1,-1,-1,64576800,64577000,1
RX,6,364,0108108,-1,-1,-1,64577000,64577200,1
RX,6,364,4108108,-1,-1,-1,64592000,64592200,1
RX,6,384,8108100,-1,-1,-1,68896200,68896400,1
RX,6,384,0108100,-1,-1,-1,68912000,68912200,1
RX,6,384,4108100,-1,-1,-1,68932000,68932200,1
RX,6,400,8108108,-1,-1,-1,71276200,71276400,1
RX,6,400,0108108,-1,-1,-1,71292000,71292200,1
RX,6,400,4108108,-1,-1,-1,71312000,71312200,1
RX,6,412,8108108,-1,-1,-1,73496800,73497000,1
RX,6,412,0108108,-1,-1,-1,73497000,73497200,1
RX,6,412,4108108,-1,-1,-1,73512000,73512200,1
RX,6,413,810c001,-1,-1,-1,73536200,73536400,1
RX,6,413,010c001,-1,-1,-1,73552000,73552200,1
RX,6,413,410c001,-1,-1,-1,73572000,73572200,1
RX,6,432,810c004,-1,-1,-1,76156200,76156400,1
RX,6,432,010c004,-1,-1,-1,76172000,76172200,1
RX,6,432,410c004,-1,-1,-1,76192000,76192200,1
RX,6,444,820c000,-1,-1,-1,79036200,79036400,1
RX,6,444,020c000,-1,-1,-1,79052000,79052200,1
RX,6,444,420c000,-1,-1,-1,79072000,79072200,1
RX,6,456,8108108,-1,-1,-1,81256200,81256400,1
RX,6,456,0108108,-1,-1,-1,81272000,81272200,1
RX,6,456,4108108,-1,-1,-1,81292000,81292200,1
RX,6,470,810810a,-1,-1,-1,83491800,83492000,1
RX,6,470,010810a,-1,-1,-1,83510400,83510600,1
RX,6,470,410810a,-1,-1,-1,83530400,83530600,1
RX,6,564,8108108,-1,-1,-1,101676200,101676400,1
RX,6,564,0108108,-1,-1,-1,101692000,101692200,1
RX,6,564,4108108,-1,-1,-1,101712000,101712200,1
RX,6,582,830c10a,-1,-1,-1,104216200,104216400,1
RX,6,582,030c10a,-1,-1,-1,104232000,104232200,1
RX,6,582,430c10a,-1,-1,-1,104252000,104252200,1
RX,6,586,810810a,-1,-1,-1,104876200,104876400,1
RX,6,586,010810a,-1,-1,-1,104892000,104892200,1
RX,6,586,410810a,-1,-1,-1,104912000,104912200,1
RX,6,608,8108108,-1,-1,-1,109396200,109396400,1
RX,6,608,0108108,-1,-1,-1,109412000,109412200,1
RX,6,608,4108108,-1,-1,-1,109432000,109432200,1
RX,6,612,8108108,-1,-1,-1,110336200,110336400,1
RX,6,612,0108108,-1,-1,-1,110352000,110352200,1
RX,6,612,4108108,-1,-1,-1,110372000,110372200,1
RX,6,652,8108104,-1,-1,-1,119076200,119076400,1
RX,6,652,0108104,-1,-1,-1,119092000,119092200,1
RX,6,652,4108104,-1,-1,-1,119112000,119112200,1
RX,6,655,8208107,-1,-1,-1,119415400,119415600,1
RX,6,655,0208107,-1,-1,-1,119415600,119415800,1
RX,6,655,4208107,-1,-1,-1,119415800,119416000,1
RX,6,657,8108109,-1,-1,-1,120376200,120376400,1
RX,6,657,0108109,-1,-1,-1,120392000,120392200,1
RX,6,657,4108109,-1,-1,-1,120412000,120412200,1
RX,6,693,8108109,-1,-1,-1,127876200,127876400,1
RX,6,693,0108109,-1,-1,-1,127892000,127892200,1
RX,6,693,4108109,-1,-1,-1,127912000,127912200,1
RX,6,713,8108109,-1,-1,-1,132916200,132916400,1
RX,6,713,0108109,-1,-1,-1,132932000,132932200,1
RX,6,713,4108109,-1,-1,-1,132952000,132952200,1
RX,6,725,8108109,-1,-1,-1,135296200,135296400,1
RX,6,725,0108109,-1,-1,-1,135312000,135312200,1
RX,6,725,4108109,-1,-1,-1,135332000,135332200,1
RX,6,754,810810a,-1,-1,-1,140196200,140196400,1
RX,6,754,010810a,-1,-1,-1,140212000,140212200,1
RX,6,754,410810a,-1,-1,-1,140232000,140232200,1
RX,6,773,820c009,-1,-1,-1,143236200,143236400,1
RX,6,773,020c009,-1,-1,-1,143252000,143252200,1
RX,6,773,420c009,-1,-1,-1,143272000,143272200,1
RX,6,774,810c102,-1,-1,-1,143316200,143316400,1
RX,6,774,010c102,-1,-1,-1,143332000,143332200,1
RX,6,774,410c102,-1,-1,-1,143352000,143352200,1
RX,6,776,8108108,-1,-1,-1,143496200,143496400,1
RX,6,776,0108108,-1,-1,-1,143512000,143512200,1
RX,6,776,4108108,-1,-1,-1,143532000,143532200,1
RX,6,783,810810b,-1,-1,-1,144911800,144912000,1
RX,6,783,010810b,-1,-1,-1,144930400,144930600,1
RX,6,783,410810b,-1,-1,-1,144950400,144950600,1
RX,6,794,810810a,-1,-1,-1,146436200,146436400,1
RX,6,794,010810a,-1,-1,-1,146452000,146452200,1
RX,6,794,410810a,-1,-1,-1,146472000,146472200,1
RX,6,803,810810b,-1,-1,-1,148331800,148332000,1
RX,6,803,010810b,-1,-1,-1,148350400,148350600,1
RX,6,803,410810b,-1,-1,-1,148370400,148370600,1
RX,6,805,8208109,-1,-1,-1,148536200,148536400,1
RX,6,805,0208109,-1,-1,-1,148552000,148552200,1
RX,6,805,4208109,-1,-1,-1,148572000,148572200,1
RX,6,820,8108100,-1,-1,-1,150898400,150898600,1
RX,6,820,0108100,-1,-1,-1,150898600,150898800,1
RX,6,820,4108100,-1,-1,-1,150912000,150912200,1
RX,6,824,820c008,-1,-1,-1,151556200,151556400,1
RX,6,824,020c008,-1,-1,-1,151572000,151572200,1
RX,6,824,420c008,-1,-1,-1,151592000,151592200,1
RX,6,831,810810b,-1,-1,-1,153511800,153512000,1
RX,6,831,010810b,-1,-1,-1,153530400,153530600,1
RX,6,831,410810b,-1,-1,-1,153550400,153550600,1
RX,6,852,8108108,-1,-1,-1,158676200,158676400,1
RX,6,852,0108108,-1,-1,-1,158692000,158692200,1
RX,6,852,4108108,-1,-1,-1,158712000,158712200,1
RX,6,861,8108109,-1,-1,-1,160056200,160056400,1
RX,6,861,0108109,-1,-1,-1,160072000,160072200,1
RX,6,861,4108109,-1,-1,-1,160092000,160092200,1
RX,6,871,810810b,-1,-1,-1,162131800,162132000,1
RX,6,871,010810b,-1,-1,-1,162150400,162150600,1
RX,6,871,410810b,-1,-1,-1,162170400,162170600,1
RX,6,893,8108109,-1,-1,-1,166036200,166036400,1
RX,6,893,0108109,-1,-1,-1,166052000,166052200,1
RX,6,893,4108109,-1,-1,-1,166072000,166072200,1
RX,6,906,8108102,-1,-1,-1,169251800,169252000,1
RX,6,906,0108102,-1,-1,-1,169270400,169270600,1
RX,6,906,4108102,-1,-1,-1,169290400,169290600,1
RX,6,908,810c000,-1,-1,-1,169956200,169956400,1
RX,6,908,010c000,-1,-1,-1,169972000,169972200,1
RX,6,908,410c000,-1,-1,-1,169992000,169992200,1
RX,6,914,810810a,-1,-1,-1,171376200,171376400,1
RX,6,914,010810a,-1,-1,-1,171392000,171392200,1
RX,6,914,410810a,-1,-1,-1,171412000,171412200,1
RX,6,928,8108108,-1,-1,-1,173216200,173216400,1
RX,6,928,0108108,-1,-1,-1,173232000,173232200,1
RX,6,928,4108108,-1,-1,-1,173252000,173252200,1
RX,6,944,8108108,-1,-1,-1,176216200,176216400,1
RX,6,944,0108108,-1,-1,-1,176232000,176232200,1
RX,6,944,4108108,-1,-1,-1,176252000,176252200,1
RX,6,985,8108109,-1,-1,-1,182376200,182376400,1
RX,6,985,0108109,-1,-1,-1,182392000,182392200,1
RX,6,985,4108109,-1,-1,-1,182412000,182412200,1
RX,6,989,8208105,-1,-1,-1,182776200,182776400,1
RX,6,989,0208105,-1,-1,-1,182792000,182792200,1
RX,6,989,4208105,-1,-1,-1,182812000,182812200,1
RX,6,991,810810b,-1,-1,-1,183096200,183096400,1
RX,6,991,010810b,-1,-1,-1,183112000,183112200,1
RX,6,991,410810b,-1,-1,-1,183132000,183132200,1
RX,6,992,810c100,-1,-1,-1,183336200,183336400,1
RX,6,992,010c100,-1,-1,-1,183352000,183352200,1
RX,6,992,410c100,-1,-1,-1,183372000,183372200,1
RX,7,11,810c10f,-1,-1,-1,2535400,2535600,1
RX,7,11,010c10f,-1,-1,-1,2535600,2535800,1
RX,7,11,410c10f,-1,-1,-1,2552000,2552200,1
RX,7,13,820c101,-1,-1,-1,2836800,2837000,1
RX,7,13,020c101,-1,-1,-1,2852000,2852200,1
RX,7,13,420c101,-1,-1,-1,2872000,2872200,1
RX,7,15,820c003,-1,-1,-1,2955400,2955600,1
RX,7,15,020c003,-1,-1,-1,2955600,2955800,1
RX,7,15,420c003,-1,-1,-1,2972000,2972200,1
RX,7,57,810c10d,-1,-1,-1,10756200,10756400,1
RX,7,57,010c10d,-1,-1,-1,10772000,10772200,1
RX,7,57,410c10d,-1,-1,-1,10792000,10792200,1
RX,7,58,810c10e,-1,-1,-1,11436200,11436400,1
RX,7,58,010c10e,-1,-1,-1,11452000,11452200,1
RX,7,58,410c10e,-1,-1,-1,11472000,11472200,1
RX,7,95,810c10f,-1,-1,-1,18276200,18276400,1
RX,7,95,010c10f,-1,-1,-1,18292000,18292200,1
RX,7,95,410c10f,-1,-1,-1,18312000,18312200,1
RX,7,99,810c10f,-1,-1,-1,19076200,19076400,1
RX,7,99,010c10f,-1,-1,-1,19092000,19092200,1
RX,7,99,410c10f,-1,-1,-1,19112000,19112200,1
RX,7,103,810c10f,-1,-1,-1,19936200,19936400,1
RX,7,103,010c10f,-1,-1,-1,19952000,19952200,1
RX,7,103,410c10f,-1,-1,-1,19972000,19972200,1
RX,7,112,810c10c,-1,-1,-1,21511800,21512000,1
RX,7,112,010c10c,-1,-1,-1,21530400,21530600,1
RX,7,112,410c10c,-1,-1,-1,21550400,21550600,1
RX,7,130,810c10e,-1,-1,-1,24616200,24616400,1
RX,7,130,010c10e,-1,-1,-1,24632000,24632200,1
RX,7,130,410c10e,-1,-1,-1,24652000,24652200,1
RX,7,135,810c10f,-1,-1,-1,24991800,24992000,1
RX,7,135,010c10f,-1,-1,-1,25010400,25010600,1
RX,7,135,410c10f,-1,-1,-1,25030400,25030600,1
RX,7,145,810c10d,-1,-1,-1,26556200,26556400,1
RX,7,145,010c10d,-1,-1,-1,26572000,26572200,1
RX,7,145,410c10d,-1,-1,-1,26592000,26592200,1
RX,7,146,810c10e,-1,-1,-1,26976200,26976400,1
RX,7,146,010c10e,-1,-1,-1,26992000,26992200,1
RX,7,146,410c10e,-1,-1,-1,27012000,27012200,1
RX,7,192,810c10c,-1,-1,-1,35596200,35596400,1
RX,7,192,010c10c,-1,-1,-1,35612000,35612200,1
RX,7,192,410c10c,-1,-1,-1,35632000,35632200,1
RX,7,194,810c10e,-1,-1,-1,35971800,35972000,1
RX,7,194,010c10e,-1,-1,-1,35990400,35990600,1
RX,7,194,410c10e,-1,-1,-1,36010400,36010600,1
RX,7,215,810c10f,-1,-1,-1,39976200,39976400,1
RX,7,215,010c10f,-1,-1,-1,39992000,39992200,1
RX,7,215,410c10f,-1,-1,-1,40012000,40012200,1
RX,7,219,810c10f,-1,-1,-1,40271800,40272000,1
RX,7,219,010c10f,-1,-1,-1,40290400,40290600,1
RX,7,219,410c10f,-1,-1,-1,40310400,40310600,1
RX,7,230,810c10e,-1,-1,-1,41691800,41692000,1
RX,7,230,010c10e,-1,-1,-1,41710400,41710600,1
RX,7,230,410c10e,-1,-1,-1,41730400,41730600,1
RX,7,255,810c10f,-1,-1,-1,44776200,44776400,1
RX,7,255,010c10f,-1,-1,-1,44792000,44792200,1
RX,7,255,410c10f,-1,-1,-1,44812000,44812200,1
RX,7,266,810c10e,-1,-1,-1,46556200,46556400,1
RX,7,266,010c10e,-1,-1,-1,46572000,46572200,1
RX,7,266,410c10e,-1,-1,-1,46592000,46592200,1
RX,7,272,810c10c,-1,-1,-1,47156200,47156400,1
RX,7,272,010c10c,-1,-1,-1,47172000,47172200,1
RX,7,272,410c10c,-1,-1,-1,47192000,47192200,1
RX,7,317,810c10d,-1,-1,-1,55216200,55216400,1
RX,7,317,010c10d,-1,-1,-1,55232000,55232200,1
RX,7,317,410c10d,-1,-1,-1,55252000,55252200,1
RX,7,346,810c10e,-1,-1,-1,62296200,62296400,1
RX,7,346,010c10e,-1,-1,-1,62312000,62312200,1
RX,7,346,410c10e,-1,-1,-1,62332000,62332200,1
RX,7,365,810c10d,-1,-1,-1,65196200,65196400,1
RX,7,365,010c10d,-1,-1,-1,65212000,65212200,1
RX,7,365,410c10d,-1,-1,-1,65232000,65232200,1
RX,7,367,810c10f,-1,-1,-1,65775400,65775600,1
RX,7,367,010c10f,-1,-1,-1,65775600,65775800,1
RX,7,367,410c10f,-1,-1,-1,65792000,65792200,1
RX,7,401,810c10d,-1,-1,-1,71596200,71596400,1
RX,7,401,010c10d,-1,-1,-1,71612000,71612200,1
RX,7,401,410c10d,-1,-1,-1,71632000,71632200,1
RX,7,413,810c001,-1,-1,-1,73536200,73536400,1
RX,7,413,010c001,-1,-1,-1,73552000,73552200,1
RX,7,413,410c001,-1,-1,-1,73572000,73572200,1
RX,7,418,810c10e,-1,-1,-1,74491800,74492000,1
RX,7,418,010c10e,-1,-1,-1,74510400,74510600,1
RX,7,418,410c10e,-1,-1,-1,74530400,74530600,1
RX,7,431,810c10f,-1,-1,-1,76116200,76116400,1
RX,7,431,010c10f,-1,-1,-1,76132000,76132200,1
RX,7,431,410c10f,-1,-1,-1,76152000,76152200,1
RX,7,432,810c004,-1,-1,-1,76156200,76156400,1
RX,7,432,010c004,-1,-1,-1,76172000,76172200,1
RX,7,432,410c004,-1,-1,-1,76192000,76192200,1
RX,7,444,820c000,-1,-1,-1,79036200,79036400,1
RX,7,444,020c000,-1,-1,-1,79052000,79052200,1
RX,7,444,420c000,-1,-1,-1,79072000,79072200,1
RX,7,457,810c10d,-1,-1,-1,81296200,81296400,1
RX,7,457,010c10d,-1,-1,-1,81312000,81312200,1
RX,7,457,410c10d,-1,-1,-1,81332000,81332200,1
RX,7,466,810c10e,-1,-1,-1,82956200,82956400,1
RX,7,466,010c10e,-1,-1,-1,82972000,82972200,1
RX,7,466,410c10e,-1,-1,-1,82992000,82992200,1
RX,7,475,810c10f,-1,-1,-1,84736200,84736400,1
RX,7,475,010c10f,-1,-1,-1,84752000,84752200,1
RX,7,475,410c10f,-1,-1,-1,84772000,84772200,1
RX,7,476,810c10c,-1,-1,-1,84775400,84775600,1
RX,7,476,010c10c,-1,-1,-1,84775600,84775800,1
RX,7,476,410c10c,-1,-1,-1,84792000,84792200,1
RX,7,481,810c10d,-1,-1,-1,85316200,85316400,1
RX,7,481,010c10d,-1,-1,-1,85332000,85332200,1
RX,7,481,410c10d,-1,-1,-1,85352000,85352200,1
RX,7,533,810c10d,-1,-1,-1,94716200,94716400,1
RX,7,533,010c10d,-1,-1,-1,94732000,94732200,1
RX,7,533,410c10d,-1,-1,-1,94752000,94752200,1
RX,7,582,830c10a,-1,-1,-1,104216200,104216400,1
RX,7,582,030c10a,-1,-1,-1,104232000,104232200,1
RX,7,582,430c10a,-1,-1,-1,104252000,104252200,1
RX,7,588,810c10c,-1,-1,-1,105076200,105076400,1
RX,7,588,010c10c,-1,-1,-1,105092000,105092200,1
RX,7,588,410c10c,-1,-1,-1,105112000,105112200,1
RX,7,611,810c10f,-1,-1,-1,110271800,110272000,1
RX,7,611,010c10f,-1,-1,-1,110290400,110290600,1
RX,7,611,410c10f,-1,-1,-1,110310400,110310600,1
RX,7,614,810c10e,-1,-1,-1,111256200,111256400,1
RX,7,614,010c10e,-1,-1,-1,111272000,111272200,1
RX,7,614,410c10e,-1,-1,-1,111292000,111292200,1
RX,7,624,810c10c,-1,-1,-1,112231800,112232000,1
RX,7,624,010c10c,-1,-1,-1,112250400,112250600,1
RX,7,624,410c10c,-1,-1,-1,112270400,112270600,1
RX,7,628,810c10c,-1,-1,-1,112496200,112496400,1
RX,7,628,010c10c,-1,-1,-1,112512000,112512200,1
RX,7,628,410c10c,-1,-1,-1,112532000,112532200,1
RX,7,637,810c10d,-1,-1,-1,114591800,114592000,1
RX,7,637,010c10d,-1,-1,-1,114610400,114610600,1
RX,7,637,410c10d,-1,-1,-1,114630400,114630600,1
RX,7,649,810c10d,-1,-1,-1,118276200,118276400,1
RX,7,649,010c10d,-1,-1,-1,118292000,118292200,1
RX,7,649,410c10d,-1,-1,-1,118312000,118312200,1
RX,7,656,810c10c,-1,-1,-1,119616200,119616400,1
RX,7,656,010c10c,-1,-1,-1,119632000,119632200,1
RX,7,656,410c10c,-1,-1,-1,119652000,119652200,1
RX,7,670,810c10e,-1,-1,-1,123191800,123192000,1
RX,7,670,010c10e,-1,-1,-1,123210400,123210600,1
RX,7,670,410c10e,-1,-1,-1,123230400,123230600,1
RX,7,673,810c10d,-1,-1,-1,123596200,123596400,1
RX,7,673,010c10d,-1,-1,-1,123612000,123612200,1
RX,7,673,410c10d,-1,-1,-1,123632000,123632200,1
RX,7,685,810c10d,-1,-1,-1,126096200,126096400,1
RX,7,685,010c10d,-1,-1,-1,126112000,126112200,1
RX,7,685,410c10d,-1,-1,-1,126132000,126132200,1
RX,7,691,810c00f,-1,-1,-1,127616200,127616400,1
RX,7,691,010c00f,-1,-1,-1,127632000,127632200,1
RX,7,691,410c00f,-1,-1,-1,127652000,127652200,1
RX,7,707,810c10f,-1,-1,-1,131616200,131616400,1
RX,7,707,010c10f,-1,-1,-1,131632000,131632200,1
RX,7,707,410c10f,-1,-1,-1,131652000,131652200,1
RX,7,729,810c10d,-1,-1,-1,135636200,135636400,1
RX,7,729,010c10d,-1,-1,-1,135652000,135652200,1
RX,7,729,410c10d,-1,-1,-1,135672000,135672200,1
RX,7,736,810c10c,-1,-1,-1,137131800,137132000,1
RX,7,736,010c10c,-1,-1,-1,137150400,137150600,1
RX,7,736,410c10c,-1,-1,-1,137170400,137170600,1
RX,7,773,820c009,-1,-1,-1,143236200,143236400,1
RX,7,773,020c009,-1,-1,-1,143252000,143252200,1
RX,7,773,420c009,-1,-1,-1,143272000,143272200,1
RX,7,774,810c102,-1,-1,-1,143316200,143316400,1
RX,7,774,010c102,-1,-1,-1,143332000,143332200,1
RX,7,774,410c102,-1,-1,-1,143352000,143352200,1
RX,7,777,810c10d,-1,-1,-1,143656200,143656400,1
RX,7,777,010c10d,-1,-1,-1,143672000,143672200,1
RX,7,777,410c10d,-1,-1,-1,143692000,143692200,1
RX,7,808,810c10c,-1,-1,-1,148596800,148597000,1
RX,7,808,010c10c,-1,-1,-1,148597000,148597200,1
RX,7,808,410c10c,-1,-1,-1,148612000,148612200,1
RX,7,824,820c008,-1,-1,-1,151556200,151556400,1
RX,7,824,020c008,-1,-1,-1,151572000,151572200,1
RX,7,824,420c008,-1,-1,-1,151592000,151592200,1
RX,7,845,810c10d,-1,-1,-1,157136200,157136400,1
RX,7,845,010c10d,-1,-1,-1,157152000,157152200,1
RX,7,845,410c10d,-1,-1,-1,157172000,157172200,1
RX,7,849,810c10d,-1,-1,-1,158116200,158116400,1
RX,7,849,010c10d,-1,-1,-1,158132000,158132200,1
RX,7,849,410c10d,-1,-1,-1,158152000,158152200,1
RX,7,890,810c10e,-1,-1,-1,164996200,164996400,1
RX,7,890,010c10e,-1,-1,-1,165012000,165012200,1
RX,7,890,410c10e,-1,-1,-1,165032000,165032200,1
RX,7,908,810c000,-1,-1,-1,169956200,169956400,1
RX,7,908,010c000,-1,-1,-1,169972000,169972200,1
RX,7,908,410c000,-1,-1,-1,169992000,169992200,1
RX,7,923,810c10f,-1,-1,-1,172416200,172416400,1
RX,7,923,010c10f,-1,-1,-1,172432000,172432200,1
RX,7,923,410c10f,-1,-1,-1,172452000,172452200,1
RX,7,939,810c10f,-1,-1,-1,175336200,175336400,1
RX,7,939,010c10f,-1,-1,-1,175352000,175352200,1
RX,7,939,410c10f,-1,-1,-1,175372000,175372200,1
RX,7,941,810c10d,-1,-1,-1,175991800,175992000,1
RX,7,941,010c10d,-1,-1,-1,176010400,176010600,1
RX,7,941,410c10d,-1,-1,-1,176030400,176030600,1
RX,7,942,810c10e,-1,-1,-1,176032400,176032600,1
RX,7,942,010c10e,-1,-1,-1,176032600,176032800,1
RX,7,942,410c10e,-1,-1,-1,176050400,176050600,1
RX,7,980,810c10c,-1,-1,-1,181876200,181876400,1
RX,7,980,010c10c,-1,-1,-1,181892000,181892200,1
RX,7,980,410c10c,-1,-1,-1,181912000,181912200,1
RX,7,992,810c100,-1,-1,-1,183336200,183336400,1
RX,7,992,010c100,-1,-1,-1,183352000,183352200,1
RX,7,992,410c100,-1,-1,-1,183372000,183372200,1
RX,8,13,820c101,-1,-1,-1,2836800,2837000,1
RX,8,13,020c101,-1,-1,-1,2852000,2852200,1
RX,8,13,420c101,-1,-1,-1,2872000,2872200,1
RX,8,15,820c003,-1,-1,-1,2955400,2955600,1
RX,8,15,020c003,-1,-1,-1,2955600,2955800,1
RX,8,15,420c003,-1,-1,-1,2972000,2972200,1
RX,8,25,8200201,-1,-1,-1,5536200,5536400,1
RX,8,25,0200201,-1,-1,-1,5552000,5552200,1
RX,8,25,4200201,-1,-1,-1,5572000,5572200,1
RX,8,32,8200200,-1,-1,-1,7091800,7092000,1
RX,8,32,0200200,-1,-1,-1,7110400,7110600,1
RX,8,32,4200200,-1,-1,-1,7130400,7130600,1
RX,8,35,8300003,-1,-1,-1,7896200,7896400,1
RX,8,35,0300003,-1,-1,-1,7912000,7912200,1
RX,8,35,4300003,-1,-1,-1,7932000,7932200,1
RX,8,38,8200202,-1,-1,-1,8311800,8312000,1
RX,8,38,0200202,-1,-1,-1,8330400,8330600,1
RX,8,38,4200202,-1,-1,-1,8350400,8350600,1
RX,8,41,8200201,-1,-1,-1,8751800,8752000,1
RX,8,41,0200201,-1,-1,-1,8770400,8770600,1
RX,8,41,4200201,-1,-1,-1,8790400,8790600,1
RX,8,46,8300102,-1,-1,-1,9556200,9556400,1
RX,8,46,0300102,-1,-1,-1,9572000,9572200,1
RX,8,46,4300102,-1,-1,-1,9592000,9592200,1
RX,8,56,8200200,-1,-1,-1,10656200,10656400,1
RX,8,56,0200200,-1,-1,-1,10672000,10672200,1
RX,8,56,4200200,-1,-1,-1,10692000,10692200,1
RX,8,72,8204100,-1,-1,-1,13776200,13776400,1
RX,8,72,0204100,-1,-1,-1,13792000,13792200,1
RX,8,72,4204100,-1,-1,-1,13812000,13812200,1
RX,8,96,8200200,-1,-1,-1,18456200,18456400,1
RX,8,96,0200200,-1,-1,-1,18472000,18472200,1
RX,8,96,4200200,-1,-1,-1,18492000,18492200,1
RX,8,100,8200200,-1,-1,-1,19636200,19636400,1
RX,8,100,0200200,-1,-1,-1,19652000,19652200,1
RX,8,100,4200200,-1,-1,-1,19672000,19672200,1
RX,8,113,820c201,-1,-1,-1,21656200,21656400,1
RX,8,113,020c201,-1,-1,-1,21672000,21672200,1
RX,8,113,420c201,-1,-1,-1,21692000,21692200,1
RX,8,119,8200203,-1,-1,-1,22256200,22256400,1
RX,8,119,0200203,-1,-1,-1,22272000,22272200,1
RX,8,119,4200203,-1,-1,-1,22292000,22292200,1
RX,8,122,8200202,-1,-1,-1,22856200,22856400,1
RX,8,122,0200202,-1,-1,-1,22872000,22872200,1
RX,8,122,4200202,-1,-1,-1,22892000,22892200,1
RX,8,193,8200201,-1,-1,-1,35696200,35696400,1
RX,8,193,0200201,-1,-1,-1,35712000,35712200,1
RX,8,193,4200201,-1,-1,-1,35732000,35732200,1
RX,8,220,8200200,-1,-1,-1,40416200,40416400,1
RX,8,220,0200200,-1,-1,-1,40432000,40432200,1
RX,8,220,4200200,-1,-1,-1,40452000,40452200,1
RX,8,235,8200203,-1,-1,-1,42176200,42176400,1
RX,8,235,0200203,-1,-1,-1,42192000,42192200,1
RX,8,235,4200203,-1,-1,-1,42212000,42212200,1
RX,8,251,8200203,-1,-1,-1,44536200,44536400,1
RX,8,251,0200203,-1,-1,-1,44552000,44552200,1
RX,8,251,4200203,-1,-1,-1,44572000,44572200,1
RX,8,252,8200200,-1,-1,-1,44575400,44575600,1
RX,8,252,0200200,-1,-1,-1,44575600,44575800,1
RX,8,252,4200200,-1,-1,-1,44575800,44576000,1
RX,8,260,8300200,-1,-1,-1,45491800,45492000,1
RX,8,260,0300200,-1,-1,-1,45510400,45510600,1
RX,8,260,4300200,-1,-1,-1,45530400,45530600,1
RX,8,274,8204102,-1,-1,-1,47731800,47732000,1
RX,8,274,0204102,-1,-1,-1,47750400,47750600,1
RX,8,274,4204102,-1,-1,-1,47770400,47770600,1
RX,8,286,8200202,-1,-1,-1,50556200,50556400,1
RX,8,286,0200202,-1,-1,-1,50572000,50572200,1
RX,8,286,4200202,-1,-1,-1,50592000,50592200,1
RX,8,308,8200200,-1,-1,-1,53876200,53876400,1
RX,8,308,0200200,-1,-1,-1,53892000,53892200,1
RX,8,308,4200200,-1,-1,-1,53912000,53912200,1
RX,8,328,8200200,-1,-1,-1,57456200,57456400,1
RX,8,328,0200200,-1,-1,-1,57472000,57472200,1
RX,8,328,4200200,-1,-1,-1,57492000,57492200,1
RX,8,363,8200203,-1,-1,-1,64536200,64536400,1
RX,8,363,0200203,-1,-1,-1,64552000,64552200,1
RX,8,363,4200203,-1,-1,-1,64572000,64572200,1
RX,8,396,8200200,-1,-1,-1,70471800,70472000,1
RX,8,396,0200200,-1,-1,-1,70490400,70490600,1
RX,8,396,4200200,-1,-1,-1,70510400,70510600,1
RX,8,403,8200203,-1,-1,-1,71776200,71776400,1
RX,8,403,0200203,-1,-1,-1,71792000,71792200,1
RX,8,403,4200203,-1,-1,-1,71812000,71812200,1
RX,8,420,8200200,-1,-1,-1,74656200,74656400,1
RX,8,420,0200200,-1,-1,-1,74672000,74672200,1
RX,8,420,4200200,-1,-1,-1,74692000,74692200,1
RX,8,433,8200201,-1,-1,-1,76196800,76197000,1
RX,8,433,0200201,-1,-1,-1,76197000,76197200,1
RX,8,433,4200201,-1,-1,-1,76197200,76197400,1
RX,8,435,8200203,-1,-1,-1,76651800,76652000,1
RX,8,435,0200203,-1,-1,-1,76670400,76670600,1
RX,8,435,4200203,-1,-1,-1,76690400,76690600,1
RX,8,444,820c000,-1,-1,-1,79031800,79032000,1
RX,8,444,020c000,-1,-1,-1,79050400,79050600,1
RX,8,444,420c000,-1,-1,-1,79070400,79070600,1
RX,8,445,8200201,-1,-1,-1,79072400,79072600,1
RX,8,445,0200201,-1,-1,-1,79072600,79072800,1
RX,8,445,4200201,-1,-1,-1,79072800,79073000,1
RX,8,450,8200202,-1,-1,-1,80496200,80496400,1
RX,8,450,0200202,-1,-1,-1,80512000,80512200,1
RX,8,450,4200202,-1,-1,-1,80532000,80532200,1
RX,8,496,8200200,-1,-1,-1,87336200,87336400,1
RX,8,496,0200200,-1,-1,-1,87352000,87352200,1
RX,8,496,4200200,-1,-1,-1,87372000,87372200,1
RX,8,502,8200202,-1,-1,-1,87871800,87872000,1
RX,8,502,0200202,-1,-1,-1,87890400,87890600,1
RX,8,502,4200202,-1,-1,-1,87910400,87910600,1
RX,8,523,8200203,-1,-1,-1,93036200,93036400,1
RX,8,523,0200203,-1,-1,-1,93052000,93052200,1
RX,8,523,4200203,-1,-1,-1,93072000,93072200,1
RX,8,529,8200201,-1,-1,-1,94316200,94316400,1
RX,8,529,0200201,-1,-1,-1,94332000,94332200,1
RX,8,529,4200201,-1,-1,-1,94352000,94352200,1
RX,8,530,8208202,-1,-1,-1,94354000,94354200,1
RX,8,530,0208202,-1,-1,-1,94354200,94354400,1
RX,8,530,4208202,-1,-1,-1,94370400,94370600,1
RX,8,531,8200203,-1,-1,-1,94456200,94456400,1
RX,8,531,0200203,-1,-1,-1,94472000,94472200,1
RX,8,531,4200203,-1,-1,-1,94492000,94492200,1
RX,8,538,8200202,-1,-1,-1,95431800,95432000,1
RX,8,538,0200202,-1,-1,-1,95450400,95450600,1
RX,8,538,4200202,-1,-1,-1,95470400,95470600,1
RX,8,542,8200202,-1,-1,-1,96836200,96836400,1
RX,8,542,0200202,-1,-1,-1,96852000,96852200,1
RX,8,542,4200202,-1,-1,-1,96872000,96872200,1
RX,8,544,8200200,-1,-1,-1,97316200,97316400,1
RX,8,544,0200200,-1,-1,-1,97332000,97332200,1
RX,8,544,4200200,-1,-1,-1,97352000,97352200,1
RX,8,571,8200203,-1,-1,-1,102716200,102716400,1
RX,8,571,0200203,-1,-1,-1,102732000,102732200,1
RX,8,571,4200203,-1,-1,-1,102752000,102752200,1
RX,8,578,8200202,-1,-1,-1,103596200,103596400,1
RX,8,578,0200202,-1,-1,-1,103612000,103612200,1
RX,8,578,4200202,-1,-1,-1,103632000,103632200,1
RX,8,664,8200200,-1,-1,-1,121296200,121296400,1
RX,8,664,0200200,-1,-1,-1,121312000,121312200,1
RX,8,664,4200200,-1,-1,-1,121332000,121332200,1
RX,8,665,8200201,-1,-1,-1,121516200,121516400,1
RX,8,665,0200201,-1,-1,-1,121532000,121532200,1
RX,8,665,4200201,-1,-1,-1,121552000,121552200,1
RX,8,668,8200200,-1,-1,-1,122376200,122376400,1
RX,8,668,0200200,-1,-1,-1,122392000,122392200,1
RX,8,668,4200200,-1,-1,-1,122412000,122412200,1
RX,8,671,8200203,-1,-1,-1,123216200,123216400,1
RX,8,671,0200203,-1,-1,-1,123232000,123232200,1
RX,8,671,4200203,-1,-1,-1,123252000,123252200,1
RX,8,674,8200202,-1,-1,-1,123856200,123856400,1
RX,8,674,0200202,-1,-1,-1,123872000,123872200,1
RX,8,674,4200202,-1,-1,-1,123892000,123892200,1
RX,8,702,8200202,-1,-1,-1,129756200,129756400,1
RX,8,702,0200202,-1,-1,-1,129772000,129772200,1
RX,8,702,4200202,-1,-1,-1,129792000,129792200,1
RX,8,730,8200202,-1,-1,-1,135776200,135776400,1
RX,8,730,0200202,-1,-1,-1,135792000,135792200,1
RX,8,730,4200202,-1,-1,-1,135812000,135812200,1
RX,8,733,8200201,-1,-1,-1,136576200,136576400,1
RX,8,733,0200201,-1,-1,-1,136592000,136592200,1
RX,8,733,4200201,-1,-1,-1,136612000,136612200,1
RX,8,741,8200201,-1,-1,-1,138391800,138392000,1
RX,8,741,0200201,-1,-1,-1,138410400,138410600,1
RX,8,741,4200201,-1,-1,-1,138430400,138430600,1
RX,8,747,8200203,-1,-1,-1,139231800,139232000,1
RX,8,747,0200203,-1,-1,-1,139250400,139250600,1
RX,8,747,4200203,-1,-1,-1,139270400,139270600,1
RX,8,752,8304200,-1,-1,-1,140076200,140076400,1
RX,8,752,0304200,-1,-1,-1,140092000,140092200,1
RX,8,752,4304200,-1,-1,-1,140112000,140112200,1
RX,8,771,8200203,-1,-1,-1,142456200,142456400,1
RX,8,771,0200203,-1,-1,-1,142472000,142472200,1
RX,8,771,4200203,-1,-1,-1,142492000,142492200,1
RX,8,807,8200203,-1,-1,-1,148556200,148556400,1
RX,8,807,0200203,-1,-1,-1,148572000,148572200,1
RX,8,807,4200203,-1,-1,-1,148592000,148592200,1
RX,8,858,8204202,-1,-1,-1,159856200,159856400,1
RX,8,858,0204202,-1,-1,-1,159872000,159872200,1
RX,8,858,4204202,-1,-1,-1,159892000,159892200,1
RX,8,874,820c202,-1,-1,-1,162556800,162557000,1
RX,8,874,020c202,-1,-1,-1,162572000,162572200,1
RX,8,874,420c202,-1,-1,-1,162592000,162592200,1
RX,8,891,8200203,-1,-1,-1,165636200,165636400,1
RX,8,891,0200203,-1,-1,-1,165652000,165652200,1
RX,8,891,4200203,-1,-1,-1,165672000,165672200,1
RX,8,899,8200203,-1,-1,-1,167276200,167276400,1
RX,8,899,0200203,-1,-1,-1,167292000,167292200,1
RX,8,899,4200203,-1,-1,-1,167312000,167312200,1
RX,8,901,8200201,-1,-1,-1,167816200,167816400,1
RX,8,901,0200201,-1,-1,-1,167832000,167832200,1
RX,8,901,4200201,-1,-1,-1,167852000,167852200,1
RX,8,927,8200203,-1,-1,-1,173211800,173212000,1
RX,8,927,0200203,-1,-1,-1,173230400,173230600,1
RX,8,927,4200203,-1,-1,-1,173250400,173250600,1
RX,8,947,8200203,-1,-1,-1,177016200,177016400,1
RX,8,947,0200203,-1,-1,-1,177032000,177032200,1
RX,8,947,4200203,-1,-1,-1,177052000,177052200,1
RX,8,958,8200202,-1,-1,-1,178576800,178577000,1
RX,8,958,0200202,-1,-1,-1,178577000,178577200,1
RX,8,958,4200202,-1,-1,-1,178592000,178592200,1
RX,8,960,8200200,-1,-1,-1,178716200,178716400,1
RX,8,960,0200200,-1,-1,-1,178732000,178732200,1
RX,8,960,4200200,-1,-1,-1,178752000,178752200,1
RX,8,965,8200201,-1,-1,-1,179656800,179657000,1
RX,8,965,0200201,-1,-1,-1,179672000,179672200,1
RX,8,965,4200201,-1,-1,-1,179692000,179692200,1
RX,8,973,8200201,-1,-1,-1,180716200,180716400,1
RX,8,973,0200201,-1,-1,-1,180732000,180732200,1
RX,8,973,4200201,-1,-1,-1,180752000,180752200,1
RX,8,974,8200202,-1,-1,-1,180871800,180872000,1
RX,8,974,0200202,-1,-1,-1,180890400,180890600,1
RX,8,974,4200202,-1,-1,-1,180910400,180910600,1
RX,8,984,8200200,-1,-1,-1,182336200,182336400,1
RX,8,984,0200200,-1,-1,-1,182352000,182352200,1
RX,8,984,4200200,-1,-1,-1,182372000,182372200,1
RX,9,5,8204205,-1,-1,-1,1476200,1476400,1
RX,9,5,0204205,-1,-1,-1,1492000,1492200,1
RX,9,5,4204205,-1,-1,-1,1512000,1512200,1
RX,9,13,820c101,-1,-1,-1,2836800,2837000,1
RX,9,13,020c101,-1,-1,-1,2852000,2852200,1
RX,9,13,420c101,-1,-1,-1,2872000,2872200,1
RX,9,14,8204206,-1,-1,-1,2916200,2916400,1
RX,9,14,0204206,-1,-1,-1,2932000,2932200,1
RX,9,14,4204206,-1,-1,-1,2952000,2952200,1
RX,9,15,820c003,-1,-1,-1,2955400,2955600,1
RX,9,15,020c003,-1,-1,-1,2955600,2955800,1
RX,9,15,420c003,-1,-1,-1,2972000,2972200,1
RX,9,27,8204207,-1,-1,-1,5791800,5792000,1
RX,9,27,0204207,-1,-1,-1,5810400,5810600,1
RX,9,27,4204207,-1,-1,-1,5830400,5830600,1
RX,9,29,8204205,-1,-1,-1,6331800,6332000,1
RX,9,29,0204205,-1,-1,-1,6350400,6350600,1
RX,9,29,4204205,-1,-1,-1,6370400,6370600,1
RX,9,47,8204207,-1,-1,-1,9571800,9572000,1
RX,9,47,0204207,-1,-1,-1,9590400,9590600,1
RX,9,47,4204207,-1,-1,-1,9610400,9610600,1
RX,9,72,8204100,-1,-1,-1,13776200,13776400,1
RX,9,72,0204100,-1,-1,-1,13792000,13792200,1
RX,9,72,4204100,-1,-1,-1,13812000,13812200,1
RX,9,82,8204206,-1,-1,-1,15876200,15876400,1
RX,9,82,0204206,-1,-1,-1,15892000,15892200,1
RX,9,82,4204206,-1,-1,-1,15912000,15912200,1
RX,9,85,8204205,-1,-1,-1,16776200,16776400,1
RX,9,85,0204205,-1,-1,-1,16792000,16792200,1
RX,9,85,4204205,-1,-1,-1,16812000,16812200,1
RX,9,108,8204204,-1,-1,-1,20676200,20676400,1
RX,9,108,0204204,-1,-1,-1,20692000,20692200,1
RX,9,108,4204204,-1,-1,-1,20712000,20712200,1
RX,9,113,820c201,-1,-1,-1,21656200,21656400,1
RX,9,113,020c201,-1,-1,-1,21672000,21672200,1
RX,9,113,420c201,-1,-1,-1,21692000,21692200,1
RX,9,129,8204205,-1,-1,-1,24536200,24536400,1
RX,9,129,0204205,-1,-1,-1,24552000,24552200,1
RX,9,129,4204205,-1,-1,-1,24572000,24572200,1
RX,9,134,8204206,-1,-1,-1,24956200,24956400,1
RX,9,134,0204206,-1,-1,-1,24972000,24972200,1
RX,9,134,4204206,-1,-1,-1,24992000,24992200,1
RX,9,140,8204204,-1,-1,-1,25656200,25656400,1
RX,9,140,0204204,-1,-1,-1,25672000,25672200,1
RX,9,140,4204204,-1,-1,-1,25692000,25692200,1
RX,9,166,8204006,-1,-1,-1,30296200,30296400,1
RX,9,166,0204006,-1,-1,-1,30312000,30312200,1
RX,9,166,4204006,-1,-1,-1,30332000,30332200,1
RX,9,170,8204206,-1,-1,-1,31436200,31436400,1
RX,9,170,0204206,-1,-1,-1,31452000,31452200,1
RX,9,170,4204206,-1,-1,-1,31472000,31472200,1
RX,9,172,8204204,-1,-1,-1,31811800,31812000,1
RX,9,172,0204204,-1,-1,-1,31830400,31830600,1
RX,9,172,4204204,-1,-1,-1,31850400,31850600,1
RX,9,176,8204204,-1,-1,-1,32136200,32136400,1
RX,9,176,0204204,-1,-1,-1,32152000,32152200,1
RX,9,176,4204204,-1,-1,-1,32172000,32172200,1
RX,9,178,8204206,-1,-1,-1,32396800,32397000,1
RX,9,178,0204206,-1,-1,-1,32412000,32412200,1
RX,9,178,4204206,-1,-1,-1,32432000,32432200,1
RX,9,217,8204205,-1,-1,-1,40116200,40116400,1
RX,9,217,0204205,-1,-1,-1,40132000,40132200,1
RX,9,217,4204205,-1,-1,-1,40152000,40152200,1
RX,9,218,8204206,-1,-1,-1,40171800,40172000,1
RX,9,218,0204206,-1,-1,-1,40190400,40190600,1
RX,9,218,4204206,-1,-1,-1,40210400,40210600,1
RX,9,221,8204205,-1,-1,-1,40691800,40692000,1
RX,9,221,0204205,-1,-1,-1,40710400,40710600,1
RX,9,221,4204205,-1,-1,-1,40730400,40730600,1
RX,9,258,8204206,-1,-1,-1,45216200,45216400,1
RX,9,258,0204206,-1,-1,-1,45232000,45232200,1
RX,9,258,4204206,-1,-1,-1,45252000,45252200,1
RX,9,274,8204102,-1,-1,-1,47731800,47732000,1
RX,9,274,0204102,-1,-1,-1,47750400,47750600,1
RX,9,274,4204102,-1,-1,-1,47770400,47770600,1
RX,9,277,8204205,-1,-1,-1,48636200,48636400,1
RX,9,277,0204205,-1,-1,-1,48652000,48652200,1
RX,9,277,4204205,-1,-1,-1,48672000,48672200,1
RX,9,278,8204206,-1,-1,-1,48716200,48716400,1
RX,9,278,0204206,-1,-1,-1,48732000,48732200,1
RX,9,278,4204206,-1,-1,-1,48752000,48752200,1
RX,9,282,8204206,-1,-1,-1,49316200,49316400,1
RX,9,282,0204206,-1,-1,-1,49332000,49332200,1
RX,9,282,4204206,-1,-1,-1,49352000,49352200,1
RX,9,284,8204204,-1,-1,-1,49436200,49436400,1
RX,9,284,0204204,-1,-1,-1,49452000,49452200,1
RX,9,284,4204204,-1,-1,-1,49472000,49472200,1
RX,9,318,8204206,-1,-1,-1,55436200,55436400,1
RX,9,318,0204206,-1,-1,-1,55452000,55452200,1
RX,9,318,4204206,-1,-1,-1,55472000,55472200,1
RX,9,360,8204204,-1,-1,-1,64276200,64276400,1
RX,9,360,0204204,-1,-1,-1,64292000,64292200,1
RX,9,360,4204204,-1,-1,-1,64312000,64312200,1
RX,9,387,8204207,-1,-1,-1,69116200,69116400,1
RX,9,387,0204207,-1,-1,-1,69132000,69132200,1
RX,9,387,4204207,-1,-1,-1,69152000,69152200,1
RX,9,402,8204206,-1,-1,-1,71651800,71652000,1
RX,9,402,0204206,-1,-1,-1,71670400,71670600,1
RX,9,402,4204206,-1,-1,-1,71690400,71690600,1
RX,9,408,8204204,-1,-1,-1,73236200,73236400,1
RX,9,408,0204204,-1,-1,-1,73252000,73252200,1
RX,9,408,4204204,-1,-1,-1,73272000,73272200,1
RX,9,417,8204205,-1,-1,-1,74411800,74412000,1
RX,9,417,0204205,-1,-1,-1,74430400,74430600,1
RX,9,417,4204205,-1,-1,-1,74450400,74450600,1
RX,9,436,8204204,-1,-1,-1,77416200,77416400,1
RX,9,436,0204204,-1,-1,-1,77432000,77432200,1
RX,9,436,4204204,-1,-1,-1,77452000,77452200,1
RX,9,444,820c000,-1,-1,-1,79031800,79032000,1
RX,9,444,020c000,-1,-1,-1,79050400,79050600,1
RX,9,444,420c000,-1,-1,-1,79070400,79070600,1
RX,9,455,8208207,-1,-1,-1,81076200,81076400,1
RX,9,455,0208207,-1,-1,-1,81092000,81092200,1
RX,9,455,4208207,-1,-1,-1,81112000,81112200,1
RX,9,472,8204204,-1,-1,-1,83716200,83716400,1
RX,9,472,0204204,-1,-1,-1,83732000,83732200,1
RX,9,472,4204204,-1,-1,-1,83752000,83752200,1
RX,9,477,8204205,-1,-1,-1,84936200,84936400,1
RX,9,477,0204205,-1,-1,-1,84952000,84952200,1
RX,9,477,4204205,-1,-1,-1,84972000,84972200,1
RX,9,478,8204206,-1,-1,-1,85016200,85016400,1
RX,9,478,0204206,-1,-1,-1,85032000,85032200,1
RX,9,478,4204206,-1,-1,-1,85052000,85052200,1
RX,9,484,8204204,-1,-1,-1,85951800,85952000,1
RX,9,484,0204204,-1,-1,-1,85970400,85970600,1
RX,9,484,4204204,-1,-1,-1,85990400,85990600,1
RX,9,492,830c204,-1,-1,-1,86756200,86756400,1
RX,9,492,030c204,-1,-1,-1,86772000,86772200,1
RX,9,492,430c204,-1,-1,-1,86792000,86792200,1
RX,9,509,8204205,-1,-1,-1,89316200,89316400,1
RX,9,509,0204205,-1,-1,-1,89332000,89332200,1
RX,9,509,4204205,-1,-1,-1,89352000,89352200,1
RX,9,530,8208202,-1,-1,-1,94354000,94354200,1
RX,9,530,0208202,-1,-1,-1,94354200,94354400,1
RX,9,530,4208202,-1,-1,-1,94370400,94370600,1
RX,9,539,8204207,-1,-1,-1,96356200,96356400,1
RX,9,539,0204207,-1,-1,-1,96372000,96372200,1
RX,9,539,4204207,-1,-1,-1,96392000,96392200,1
RX,9,561,8308205,-1,-1,-1,100596200,100596400,1
RX,9,561,0308205,-1,-1,-1,100612000,100612200,1
RX,9,561,4308205,-1,-1,-1,100632000,100632200,1
RX,9,598,8204206,-1,-1,-1,107756800,107757000,1
RX,9,598,0204206,-1,-1,-1,107772000,107772200,1
RX,9,598,4204206,-1,-1,-1,107792000,107792200,1
RX,9,605,8204205,-1,-1,-1,109176200,109176400,1
RX,9,605,0204205,-1,-1,-1,109192000,109192200,1
RX,9,605,4204205,-1,-1,-1,109212000,109212200,1
RX,9,630,8204206,-1,-1,-1,112656200,112656400,1
RX,9,630,0204206,-1,-1,-1,112672000,112672200,1
RX,9,630,4204206,-1,-1,-1,112692000,112692200,1
RX,9,633,8304205,-1,-1,-1,113436200,113436400,1
RX,9,633,0304205,-1,-1,-1,113452000,113452200,1
RX,9,633,4304205,-1,-1,-1,113472000,113472200,1
RX,9,634,8204206,-1,-1,-1,113551800,113552000,1
RX,9,634,0204206,-1,-1,-1,113570400,113570600,1
RX,9,634,4204206,-1,-1,-1,113590400,113590600,1
RX,9,644,8204204,-1,-1,-1,116996200,116996400,1
RX,9,644,0204204,-1,-1,-1,117012000,117012200,1
RX,9,644,4204204,-1,-1,-1,117032000,117032200,1
RX,9,651,8204207,-1,-1,-1,118356200,118356400,1
RX,9,651,0204207,-1,-1,-1,118372000,118372200,1
RX,9,651,4204207,-1,-1,-1,118392000,118392200,1
RX,9,655,8208107,-1,-1,-1,119415400,119415600,1
RX,9,655,0208107,-1,-1,-1,119415600,119415800,1
RX,9,655,4208107,-1,-1,-1,119415800,119416000,1
RX,9,675,8204207,-1,-1,-1,123896200,123896400,1
RX,9,675,0204207,-1,-1,-1,123912000,123912200,1
RX,9,675,4204207,-1,-1,-1,123932000,123932200,1
RX,9,722,8204206,-1,-1,-1,134151800,134152000,1
RX,9,722,0204206,-1,-1,-1,134170400,134170600,1
RX,9,722,4204206,-1,-1,-1,134190400,134190600,1
RX,9,726,8204206,-1,-1,-1,135416200,135416400,1
RX,9,726,0204206,-1,-1,-1,135432000,135432200,1
RX,9,726,4204206,-1,-1,-1,135452000,135452200,1
RX,9,737,8204205,-1,-1,-1,137176200,137176400,1
RX,9,737,0204205,-1,-1,-1,137192000,137192200,1
RX,9,737,4204205,-1,-1,-1,137212000,137212200,1
RX,9,742,8204206,-1,-1,-1,138476200,138476400,1
RX,9,742,0204206,-1,-1,-1,138492000,138492200,1
RX,9,742,4204206,-1,-1,-1,138512000,138512200,1
RX,9,752,8304200,-1,-1,-1,140076200,140076400,1
RX,9,752,0304200,-1,-1,-1,140092000,140092200,1
RX,9,752,4304200,-1,-1,-1,140112000,140112200,1
RX,9,759,8204207,-1,-1,-1,140736200,140736400,1
RX,9,759,0204207,-1,-1,-1,140752000,140752200,1
RX,9,759,4204207,-1,-1,-1,140772000,140772200,1
RX,9,762,8204206,-1,-1,-1,141536800,141537000,1
RX,9,762,0204206,-1,-1,-1,141552000,141552200,1
RX,9,762,4204206,-1,-1,-1,141572000,141572200,1
RX,9,765,8204205,-1,-1,-1,141796200,141796400,1
RX,9,765,0204205,-1,-1,-1,141812000,141812200,1
RX,9,765,4204205,-1,-1,-1,141832000,141832200,1
RX,9,772,8204204,-1,-1,-1,142816200,142816400,1
RX,9,772,0204204,-1,-1,-1,142832000,142832200,1
RX,9,772,4204204,-1,-1,-1,142852000,142852200,1
RX,9,789,8204205,-1,-1,-1,146116200,146116400,1
RX,9,789,0204205,-1,-1,-1,146132000,146132200,1
RX,9,789,4204205,-1,-1,-1,146152000,146152200,1
RX,9,821,8204205,-1,-1,-1,151356200,151356400,1
RX,9,821,0204205,-1,-1,-1,151372000,151372200,1
RX,9,821,4204205,-1,-1,-1,151392000,151392200,1
RX,9,823,8204207,-1,-1,-1,151496200,151496400,1
RX,9,823,0204207,-1,-1,-1,151512000,151512200,1
RX,9,823,4204207,-1,-1,-1,151532000,151532200,1
RX,9,856,8204204,-1,-1,-1,159496200,159496400,1
RX,9,856,0204204,-1,-1,-1,159512000,159512200,1
RX,9,856,4204204,-1,-1,-1,159532000,159532200,1
RX,9,858,8204202,-1,-1,-1,159856200,159856400,1
RX,9,858,0204202,-1,-1,-1,159872000,159872200,1
RX,9,858,4204202,-1,-1,-1,159892000,159892200,1
RX,9,862,8204206,-1,-1,-1,160156200,160156400,1
RX,9,862,0204206,-1,-1,-1,160172000,160172200,1
RX,9,862,4204206,-1,-1,-1,160192000,160192200,1
RX,9,874,820c202,-1,-1,-1,162556800,162557000,1
RX,9,874,020c202,-1,-1,-1,162572000,162572200,1
RX,9,874,420c202,-1,-1,-1,162592000,162592200,1
RX,9,924,8204204,-1,-1,-1,172431800,172432000,1
RX,9,924,0204204,-1,-1,-1,172450400,172450600,1
RX,9,924,4204204,-1,-1,-1,172470400,172470600,1
RX,9,938,8204206,-1,-1,-1,175136200,175136400,1
RX,9,938,0204206,-1,-1,-1,175152000,175152200,1
RX,9,938,4204206,-1,-1,-1,175172000,175172200,1
RX,9,975,8204207,-1,-1,-1,181336200,181336400,1
RX,9,975,0204207,-1,-1,-1,181352000,181352200,1
RX,9,975,4204207,-1,-1,-1,181372000,181372200,1
RX,9,989,8208105,-1,-1,-1,182771800,182772000,1
RX,9,989,0208105,-1,-1,-1,182790400,182790600,1
RX,9,989,4208105,-1,-1,-1,182810400,182810600,1
RX,9,995,8204207,-1,-1,-1,183971800,183972000,1
RX,9,995,0204207,-1,-1,-1,183990400,183990600,1
RX,9,995,4204207,-1,-1,-1,184010400,184010600,1
RX,9,999,8204207,-1,-1,-1,184796200,184796400,1
RX,9,999,0204207,-1,-1,-1,184812000,184812200,1
RX,9,999,4204207,-1,-1,-1,184832000,184832200,1
RX,10,13,820c101,-1,-1,-1,2832400,2832600,1
RX,10,13,020c101,-1,-1,-1,2850400,2850600,1
RX,10,13,420c101,-1,-1,-1,2870400,2870600,1
RX,10,15,820c003,-1,-1,-1,2931800,2932000,1
RX,10,15,020c003,-1,-1,-1,2950400,2950600,1
RX,10,15,420c003,-1,-1,-1,2970400,2970600,1
RX,10,20,8208208,-1,-1,-1,4076200,4076400,1
RX,10,20,0208208,-1,-1,-1,4092000,4092200,1
RX,10,20,4208208,-1,-1,-1,4112000,4112200,1
RX,10,26,820820a,-1,-1,-1,5576200,5576400,1
RX,10,26,020820a,-1,-1,-1,5592000,5592200,1
RX,10,26,420820a,-1,-1,-1,5612000,5612200,1
RX,10,54,820820a,-1,-1,-1,10356200,10356400,1
RX,10,54,020820a,-1,-1,-1,10372000,10372200,1
RX,10,54,420820a,-1,-1,-1,10392000,10392200,1
RX,10,63,820820b,-1,-1,-1,12616200,12616400,1
RX,10,63,020820b,-1,-1,-1,12632000,12632200,1
RX,10,63,420820b,-1,-1,-1,12652000,12652200,1
RX,10,93,8208209,-1,-1,-1,17836200,17836400,1
RX,10,93,0208209,-1,-1,-1,17852000,17852200,1
RX,10,93,4208209,-1,-1,-1,17872000,17872200,1
RX,10,113,820c201,-1,-1,-1,21656200,21656400,1
RX,10,113,020c201,-1,-1,-1,21672000,21672200,1
RX,10,113,420c201,-1,-1,-1,21692000,21692200,1
RX,10,147,820820b,-1,-1,-1,27091800,27092000,1
RX,10,147,020820b,-1,-1,-1,27110400,27110600,1
RX,10,147,420820b,-1,-1,-1,27130400,27130600,1
RX,10,148,8208208,-1,-1,-1,27132400,27132600,1
RX,10,148,0208208,-1,-1,-1,27132600,27132800,1
RX,10,148,4208208,-1,-1,-1,27152000,27152200,1
RX,10,150,820820a,-1,-1,-1,27536200,27536400,1
RX,10,150,020820a,-1,-1,-1,27552000,27552200,1
RX,10,150,420820a,-1,-1,-1,27572000,27572200,1
RX,10,154,820820a,-1,-1,-1,28296200,28296400,1
RX,10,154,020820a,-1,-1,-1,28312000,28312200,1
RX,10,154,420820a,-1,-1,-1,28332000,28332200,1
RX,10,156,8208208,-1,-1,-1,28756200,28756400,1
RX,10,156,0208208,-1,-1,-1,28772000,28772200,1
RX,10,156,4208208,-1,-1,-1,28792000,28792200,1
RX,10,158,830820a,-1,-1,-1,29016200,29016400,1
RX,10,158,030820a,-1,-1,-1,29032000,29032200,1
RX,10,158,430820a,-1,-1,-1,29052000,29052200,1
RX,10,161,8208209,-1,-1,-1,29876200,29876400,1
RX,10,161,0208209,-1,-1,-1,29892000,29892200,1
RX,10,161,4208209,-1,-1,-1,29912000,29912200,1
RX,10,163,820820b,-1,-1,-1,30096200,30096400,1
RX,10,163,020820b,-1,-1,-1,30112000,30112200,1
RX,10,163,420820b,-1,-1,-1,30132000,30132200,1
RX,10,177,8208209,-1,-1,-1,32356200,32356400,1
RX,10,177,0208209,-1,-1,-1,32372000,32372200,1
RX,10,177,4208209,-1,-1,-1,32392000,32392200,1
RX,10,183,820820b,-1,-1,-1,33796200,33796400,1
RX,10,183,020820b,-1,-1,-1,33812000,33812200,1
RX,10,183,420820b,-1,-1,-1,33832000,33832200,1
RX,10,197,8208209,-1,-1,-1,37311800,37312000,1
RX,10,197,0208209,-1,-1,-1,37330400,37330600,1
RX,10,197,4208209,-1,-1,-1,37350400,37350600,1
RX,10,232,8308208,-1,-1,-1,41796200,41796400,1
RX,10,232,0308208,-1,-1,-1,41812000,41812200,1
RX,10,232,4308208,-1,-1,-1,41832000,41832200,1
RX,10,270,820820a,-1,-1,-1,47036200,47036400,1
RX,10,270,020820a,-1,-1,-1,47052000,47052200,1
RX,10,270,420820a,-1,-1,-1,47072000,47072200,1
RX,10,295,820820b,-1,-1,-1,52356200,52356400,1
RX,10,295,020820b,-1,-1,-1,52372000,52372200,1
RX,10,295,420820b,-1,-1,-1,52392000,52392200,1
RX,10,322,820820a,-1,-1,-1,56076200,56076400,1
RX,10,322,020820a,-1,-1,-1,56092000,56092200,1
RX,10,322,420820a,-1,-1,-1,56112000,56112200,1
RX,10,345,8208209,-1,-1,-1,62196200,62196400,1
RX,10,345,0208209,-1,-1,-1,62212000,62212200,1
RX,10,345,4208209,-1,-1,-1,62232000,62232200,1
RX,10,351,820820b,-1,-1,-1,62736200,62736400,1
RX,10,351,020820b,-1,-1,-1,62752000,62752200,1
RX,10,351,420820b,-1,-1,-1,62772000,62772200,1
RX,10,383,820820b,-1,-1,-1,68856200,68856400,1
RX,10,383,020820b,-1,-1,-1,68872000,68872200,1
RX,10,383,420820b,-1,-1,-1,68892000,68892200,1
RX,10,386,820820a,-1,-1,-1,69096200,69096400,1
RX,10,386,020820a,-1,-1,-1,69112000,69112200,1
RX,10,386,420820a,-1,-1,-1,69132000,69132200,1
RX,10,409,8208209,-1,-1,-1,73296200,73296400,1
RX,10,409,0208209,-1,-1,-1,73312000,73312200,1
RX,10,409,4208209,-1,-1,-1,73332000,73332200,1
RX,10,411,820820b,-1,-1,-1,73476200,73476400,1
RX,10,411,020820b,-1,-1,-1,73492000,73492200,1
RX,10,411,420820b,-1,-1,-1,73512000,73512200,1
RX,10,428,8208208,-1,-1,-1,75876200,75876400,1
RX,10,428,0208208,-1,-1,-1,75892000,75892200,1
RX,10,428,4208208,-1,-1,-1,75912000,75912200,1
RX,10,444,820c000,-1,-1,-1,79036200,79036400,1
RX,10,444,020c000,-1,-1,-1,79052000,79052200,1
RX,10,444,420c000,-1,-1,-1,79072000,79072200,1
RX,10,455,8208207,-1,-1,-1,81071800,81072000,1
RX,10,455,0208207,-1,-1,-1,81090400,81090600,1
RX,10,455,4208207,-1,-1,-1,81110400,81110600,1
RX,10,461,8208209,-1,-1,-1,82416200,82416400,1
RX,10,461,0208209,-1,-1,-1,82432000,82432200,1
RX,10,461,4208209,-1,-1,-1,82452000,82452200,1
RX,10,474,820820a,-1,-1,-1,84476200,84476400,1
RX,10,474,020820a,-1,-1,-1,84492000,84492200,1
RX,10,474,420820a,-1,-1,-1,84512000,84512200,1
RX,10,492,830c204,-1,-1,-1,86756200,86756400,1
RX,10,492,030c204,-1,-1,-1,86772000,86772200,1
RX,10,492,430c204,-1,-1,-1,86792000,86792200,1
RX,10,505,8208209,-1,-1,-1,88716200,88716400,1
RX,10,505,0208209,-1,-1,-1,88732000,88732200,1
RX,10,505,4208209,-1,-1,-1,88752000,88752200,1
RX,10,510,820820a,-1,-1,-1,89696200,89696400,1
RX,10,510,020820a,-1,-1,-1,89712000,89712200,1
RX,10,510,420820a,-1,-1,-1,89732000,89732200,1
RX,10,524,8208208,-1,-1,-1,93256200,93256400,1
RX,10,524,0208208,-1,-1,-1,93272000,93272200,1
RX,10,524,4208208,-1,-1,-1,93292000,93292200,1
RX,10,530,8208202,-1,-1,-1,94358400,94358600,1
RX,10,530,0208202,-1,-1,-1,94358600,94358800,1
RX,10,530,4208202,-1,-1,-1,94372000,94372200,1
RX,10,561,8308205,-1,-1,-1,100596200,100596400,1
RX,10,561,0308205,-1,-1,-1,100612000,100612200,1
RX,10,561,4308205,-1,-1,-1,100632000,100632200,1
RX,10,582,830c10a,-1,-1,-1,104216200,104216400,1
RX,10,582,030c10a,-1,-1,-1,104232000,104232200,1
RX,10,582,430c10a,-1,-1,-1,104252000,104252200,1
RX,10,584,8208208,-1,-1,-1,104316800,104317000,1
RX,10,584,0208208,-1,-1,-1,104332000,104332200,1
RX,10,584,4208208,-1,-1,-1,104352000,104352200,1
RX,10,613,8208209,-1,-1,-1,110691800,110692000,1
RX,10,613,0208209,-1,-1,-1,110710400,110710600,1
RX,10,613,4208209,-1,-1,-1,110730400,110730600,1
RX,10,618,820820a,-1,-1,-1,111456200,111456400,1
RX,10,618,020820a,-1,-1,-1,111472000,111472200,1
RX,10,618,420820a,-1,-1,-1,111492000,111492200,1
RX,10,631,820820b,-1,-1,-1,112692400,112692600,1
RX,10,631,020820b,-1,-1,-1,112710400,112710600,1
RX,10,631,420820b,-1,-1,-1,112730400,112730600,1
RX,10,647,820820b,-1,-1,-1,117976200,117976400,1
RX,10,647,020820b,-1,-1,-1,117992000,117992200,1
RX,10,647,420820b,-1,-1,-1,118012000,118012200,1
RX,10,648,8208208,-1,-1,-1,118116200,118116400,1
RX,10,648,0208208,-1,-1,-1,118132000,118132200,1
RX,10,648,4208208,-1,-1,-1,118152000,118152200,1
RX,10,655,8208107,-1,-1,-1,119371800,119372000,1
RX,10,655,0208107,-1,-1,-1,119390400,119390600,1
RX,10,655,4208107,-1,-1,-1,119410400,119410600,1
RX,10,662,820820a,-1,-1,-1,120591800,120592000,1
RX,10,662,020820a,-1,-1,-1,120610400,120610600,1
RX,10,662,420820a,-1,-1,-1,120630400,120630600,1
RX,10,678,820820a,-1,-1,-1,124556200,124556400,1
RX,10,678,020820a,-1,-1,-1,124572000,124572200,1
RX,10,678,420820a,-1,-1,-1,124592000,124592200,1
RX,10,682,820820a,-1,-1,-1,125616200,125616400,1
RX,10,682,020820a,-1,-1,-1,125632000,125632200,1
RX,10,682,420820a,-1,-1,-1,125652000,125652200,1
RX,10,688,8208208,-1,-1,-1,126711800,126712000,1
RX,10,688,0208208,-1,-1,-1,126730400,126730600,1
RX,10,688,4208208,-1,-1,-1,126750400,126750600,1
RX,10,694,820820a,-1,-1,-1,128036200,128036400,1
RX,10,694,020820a,-1,-1,-1,128052000,128052200,1
RX,10,694,420820a,-1,-1,-1,128072000,128072200,1
RX,10,715,820820b,-1,-1,-1,133071800,133072000,1
RX,10,715,020820b,-1,-1,-1,133090400,133090600,1
RX,10,715,420820b,-1,-1,-1,133110400,133110600,1
RX,10,773,820c009,-1,-1,-1,143236200,143236400,1
RX,10,773,020c009,-1,-1,-1,143252000,143252200,1
RX,10,773,420c009,-1,-1,-1,143272000,143272200,1
RX,10,797,8208209,-1,-1,-1,147396200,147396400,1
RX,10,797,0208209,-1,-1,-1,147412000,147412200,1
RX,10,797,4208209,-1,-1,-1,147432000,147432200,1
RX,10,805,8208109,-1,-1,-1,148536200,148536400,1
RX,10,805,0208109,-1,-1,-1,148552000,148552200,1
RX,10,805,4208109,-1,-1,-1,148572000,148572200,1
RX,10,809,8208209,-1,-1,-1,149216200,149216400,1
RX,10,809,0208209,-1,-1,-1,149232000,149232200,1
RX,10,809,4208209,-1,-1,-1,149252000,149252200,1
RX,10,811,820820b,-1,-1,-1,149856200,149856400,1
RX,10,811,020820b,-1,-1,-1,149872000,149872200,1
RX,10,811,420820b,-1,-1,-1,149892000,149892200,1
RX,10,816,8208208,-1,-1,-1,150456200,150456400,1
RX,10,816,0208208,-1,-1,-1,150472000,150472200,1
RX,10,816,4208208,-1,-1,-1,150492000,150492200,1
RX,10,824,820c008,-1,-1,-1,151556200,151556400,1
RX,10,824,020c008,-1,-1,-1,151572000,151572200,1
RX,10,824,420c008,-1,-1,-1,151592000,151592200,1
RX,10,844,8208208,-1,-1,-1,156911800,156912000,1
RX,10,844,0208208,-1,-1,-1,156930400,156930600,1
RX,10,844,4208208,-1,-1,-1,156950400,156950600,1
RX,10,855,820820b,-1,-1,-1,159011800,159012000,1
RX,10,855,020820b,-1,-1,-1,159030400,159030600,1
RX,10,855,420820b,-1,-1,-1,159050400,159050600,1
RX,10,869,8208209,-1,-1,-1,161916200,161916400,1
RX,10,869,0208209,-1,-1,-1,161932000,161932200,1
RX,10,869,4208209,-1,-1,-1,161952000,161952200,1
RX,10,874,820c202,-1,-1,-1,162556800,162557000,1
RX,10,874,020c202,-1,-1,-1,162572000,162572200,1
RX,10,874,420c202,-1,-1,-1,162592000,162592200,1
RX,10,885,8208209,-1,-1,-1,164511800,164512000,1
RX,10,885,0208209,-1,-1,-1,164530400,164530600,1
RX,10,885,4208209,-1,-1,-1,164550400,164550600,1
RX,10,915,820820b,-1,-1,-1,171636200,171636400,1
RX,10,915,020820b,-1,-1,-1,171652000,171652200,1
RX,10,915,420820b,-1,-1,-1,171672000,171672200,1
RX,10,926,820820a,-1,-1,-1,172756200,172756400,1
RX,10,926,020820a,-1,-1,-1,172772000,172772200,1
RX,10,926,420820a,-1,-1,-1,172792000,172792200,1
RX,10,930,820820a,-1,-1,-1,173696200,173696400,1
RX,10,930,020820a,-1,-1,-1,173712000,173712200,1
RX,10,930,420820a,-1,-1,-1,173732000,173732200,1
RX,10,935,820820b,-1,-1,-1,174631800,174632000,1
RX,10,935,020820b,-1,-1,-1,174650400,174650600,1
RX,10,935,420820b,-1,-1,-1,174670400,174670600,1
RX,10,936,8208208,-1,-1,-1,174956200,174956400,1
RX,10,936,0208208,-1,-1,-1,174972000,174972200,1
RX,10,936,4208208,-1,-1,-1,174992000,174992200,1
RX,10,943,820820b,-1,-1,-1,176076200,176076400,1
RX,10,943,020820b,-1,-1,-1,176092000,176092200,1
RX,10,943,420820b,-1,-1,-1,176112000,176112200,1
RX,10,964,8208208,-1,-1,-1,179616200,179616400,1
RX,10,964,0208208,-1,-1,-1,179632000,179632200,1
RX,10,964,4208208,-1,-1,-1,179652000,179652200,1
RX,10,986,820820a,-1,-1,-1,182476200,182476400,1
RX,10,986,020820a,-1,-1,-1,182492000,182492200,1
RX,10,986,420820a,-1,-1,-1,182512000,182512200,1
RX,10,989,8208105,-1,-1,-1,182776200,182776400,1
RX,10,989,0208105,-1,-1,-1,182792000,182792200,1
RX,10,989,4208105,-1,-1,-1,182812000,182812200,1
RX,11,13,820c101,-1,-1,-1,2832400,2832600,1
RX,11,13,020c101,-1,-1,-1,2850400,2850600,1
RX,11,13,420c101,-1,-1,-1,2870400,2870600,1
RX,11,15,820c003,-1,-1,-1,2931800,2932000,1
RX,11,15,020c003,-1,-1,-1,2950400,2950600,1
RX,11,15,420c003,-1,-1,-1,2970400,2970600,1
RX,11,24,820c20c,-1,-1,-1,4871800,4872000,1
RX,11,24,020c20c,-1,-1,-1,4890400,4890600,1
RX,11,24,420c20c,-1,-1,-1,4910400,4910600,1
RX,11,39,820c20f,-1,-1,-1,8476200,8476400,1
RX,11,39,020c20f,-1,-1,-1,8492000,8492200,1
RX,11,39,420c20f,-1,-1,-1,8512000,8512200,1
RX,11,45,820c20d,-1,-1,-1,9476200,9476400,1
RX,11,45,020c20d,-1,-1,-1,9492000,9492200,1
RX,11,45,420c20d,-1,-1,-1,9512000,9512200,1
RX,11,71,820c20f,-1,-1,-1,13555400,13555600,1
RX,11,71,020c20f,-1,-1,-1,13555600,13555800,1
RX,11,71,420c20f,-1,-1,-1,13572000,13572200,1
RX,11,98,820c20e,-1,-1,-1,18931800,18932000,1
RX,11,98,020c20e,-1,-1,-1,18950400,18950600,1
RX,11,98,420c20e,-1,-1,-1,18970400,18970600,1
RX,11,113,820c201,-1,-1,-1,21656200,21656400,1
RX,11,113,020c201,-1,-1,-1,21672000,21672200,1
RX,11,113,420c201,-1,-1,-1,21692000,21692200,1
RX,11,144,820c20c,-1,-1,-1,26556200,26556400,1
RX,11,144,020c20c,-1,-1,-1,26572000,26572200,1
RX,11,144,420c20c,-1,-1,-1,26592000,26592200,1
RX,11,149,820c20d,-1,-1,-1,27431800,27432000,1
RX,11,149,020c20d,-1,-1,-1,27450400,27450600,1
RX,11,149,420c20d,-1,-1,-1,27470400,27470600,1
RX,11,159,820c20f,-1,-1,-1,29151800,29152000,1
RX,11,159,020c20f,-1,-1,-1,29170400,29170600,1
RX,11,159,420c20f,-1,-1,-1,29190400,29190600,1
RX,11,182,820c20e,-1,-1,-1,33676200,33676400,1
RX,11,182,020c20e,-1,-1,-1,33692000,33692200,1
RX,11,182,420c20e,-1,-1,-1,33712000,33712200,1
RX,11,187,820c20f,-1,-1,-1,34591800,34592000,1
RX,11,187,020c20f,-1,-1,-1,34610400,34610600,1
RX,11,187,420c20f,-1,-1,-1,34630400,34630600,1
RX,11,188,820c20c,-1,-1,-1,34656200,34656400,1
RX,11,188,020c20c,-1,-1,-1,34672000,34672200,1
RX,11,188,420c20c,-1,-1,-1,34692000,34692200,1
RX,11,191,820c20f,-1,-1,-1,35576200,35576400,1
RX,11,191,020c20f,-1,-1,-1,35592000,35592200,1
RX,11,191,420c20f,-1,-1,-1,35612000,35612200,1
RX,11,233,820c20d,-1,-1,-1,41876200,41876400,1
RX,11,233,020c20d,-1,-1,-1,41892000,41892200,1
RX,11,233,420c20d,-1,-1,-1,41912000,41912200,1
RX,11,249,820c20d,-1,-1,-1,44316200,44316400,1
RX,11,249,020c20d,-1,-1,-1,44332000,44332200,1
RX,11,249,420c20d,-1,-1,-1,44352000,44352200,1
RX,11,271,820c20f,-1,-1,-1,47076800,47077000,1
RX,11,271,020c20f,-1,-1,-1,47092000,47092200,1
RX,11,271,420c20f,-1,-1,-1,47112000,47112200,1
RX,11,299,820c20f,-1,-1,-1,52536200,52536400,1
RX,11,299,020c20f,-1,-1,-1,52552000,52552200,1
RX,11,299,420c20f,-1,-1,-1,52572000,52572200,1
RX,11,306,820c20e,-1,-1,-1,53716200,53716400,1
RX,11,306,020c20e,-1,-1,-1,53732000,53732200,1
RX,11,306,420c20e,-1,-1,-1,53752000,53752200,1
RX,11,312,820c20c,-1,-1,-1,54536200,54536400,1
RX,11,312,020c20c,-1,-1,-1,54552000,54552200,1
RX,11,312,420c20c,-1,-1,-1,54572000,54572200,1
RX,11,334,820c20e,-1,-1,-1,58356200,58356400,1
RX,11,334,020c20e,-1,-1,-1,58372000,58372200,1
RX,11,334,420c20e,-1,-1,-1,58392000,58392200,1
RX,11,342,820c20e,-1,-1,-1,61531800,61532000,1
RX,11,342,020c20e,-1,-1,-1,61550400,61550600,1
RX,11,342,420c20e,-1,-1,-1,61570400,61570600,1
RX,11,406,820c20e,-1,-1,-1,72956200,72956400,1
RX,11,406,020c20e,-1,-1,-1,72972000,72972200,1
RX,11,406,420c20e,-1,-1,-1,72992000,72992200,1
RX,11,419,820c20f,-1,-1,-1,74536200,74536400,1
RX,11,419,020c20f,-1,-1,-1,74552000,74552200,1
RX,11,419,420c20f,-1,-1,-1,74572000,74572200,1
RX,11,444,820c000,-1,-1,-1,79036200,79036400,1
RX,11,444,020c000,-1,-1,-1,79052000,79052200,1
RX,11,444,420c000,-1,-1,-1,79072000,79072200,1
RX,11,471,820c20f,-1,-1,-1,83516200,83516400,1
RX,11,471,020c20f,-1,-1,-1,83532000,83532200,1
RX,11,471,420c20f,-1,-1,-1,83552000,83552200,1
RX,11,492,830c204,-1,-1,-1,86756200,86756400,1
RX,11,492,030c204,-1,-1,-1,86772000,86772200,1
RX,11,492,430c204,-1,-1,-1,86792000,86792200,1
RX,11,500,820c20c,-1,-1,-1,87616200,87616400,1
RX,11,500,020c20c,-1,-1,-1,87632000,87632200,1
RX,11,500,420c20c,-1,-1,-1,87652000,87652200,1
RX,11,504,820c20c,-1,-1,-1,88636200,88636400,1
RX,11,504,020c20c,-1,-1,-1,88652000,88652200,1
RX,11,504,420c20c,-1,-1,-1,88672000,88672200,1
RX,11,512,820c20c,-1,-1,-1,89771800,89772000,1
RX,11,512,020c20c,-1,-1,-1,89790400,89790600,1
RX,11,512,420c20c,-1,-1,-1,89810400,89810600,1
RX,11,519,820c20f,-1,-1,-1,91616200,91616400,1
RX,11,519,020c20f,-1,-1,-1,91632000,91632200,1
RX,11,519,420c20f,-1,-1,-1,91652000,91652200,1
RX,11,536,820c20c,-1,-1,-1,95156200,95156400,1
RX,11,536,020c20c,-1,-1,-1,95172000,95172200,1
RX,11,536,420c20c,-1,-1,-1,95192000,95192200,1
RX,11,549,820c20d,-1,-1,-1,97811800,97812000,1
RX,11,549,020c20d,-1,-1,-1,97830400,97830600,1
RX,11,549,420c20d,-1,-1,-1,97850400,97850600,1
RX,11,563,820c20f,-1,-1,-1,101536200,101536400,1
RX,11,563,020c20f,-1,-1,-1,101552000,101552200,1
RX,11,563,420c20f,-1,-1,-1,101572000,101572200,1
RX,11,574,820c20e,-1,-1,-1,103116200,103116400,1
RX,11,574,020c20e,-1,-1,-1,103132000,103132200,1
RX,11,574,420c20e,-1,-1,-1,103152000,103152200,1
RX,11,582,830c10a,-1,-1,-1,104216200,104216400,1
RX,11,582,030c10a,-1,-1,-1,104232000,104232200,1
RX,11,582,430c10a,-1,-1,-1,104252000,104252200,1
RX,11,591,820c20f,-1,-1,-1,105271800,105272000,1
RX,11,591,020c20f,-1,-1,-1,105290400,105290600,1
RX,11,591,420c20f,-1,-1,-1,105310400,105310600,1
RX,11,604,820c20c,-1,-1,-1,108976200,108976400,1
RX,11,604,020c20c,-1,-1,-1,108992000,108992200,1
RX,11,604,420c20c,-1,-1,-1,109012000,109012200,1
RX,11,680,820c20c,-1,-1,-1,125371800,125372000,1
RX,11,680,020c20c,-1,-1,-1,125390400,125390600,1
RX,11,680,420c20c,-1,-1,-1,125410400,125410600,1
RX,11,681,820c20d,-1,-1,-1,125536200,125536400,1
RX,11,681,020c20d,-1,-1,-1,125552000,125552200,1
RX,11,681,420c20d,-1,-1,-1,125572000,125572200,1
RX,11,701,820c20d,-1,-1,-1,129496200,129496400,1
RX,11,701,020c20d,-1,-1,-1,129512000,129512200,1
RX,11,701,420c20d,-1,-1,-1,129532000,129532200,1
RX,11,708,820c20c,-1,-1,-1,131911800,131912000,1
RX,11,708,020c20c,-1,-1,-1,131930400,131930600,1
RX,11,708,420c20c,-1,-1,-1,131950400,131950600,1
RX,11,720,820c20c,-1,-1,-1,134076200,134076400,1
RX,11,720,020c20c,-1,-1,-1,134092000,134092200,1
RX,11,720,420c20c,-1,-1,-1,134112000,134112200,1
RX,11,732,820c20c,-1,-1,-1,136336200,136336400,1
RX,11,732,020c20c,-1,-1,-1,136352000,136352200,1
RX,11,732,420c20c,-1,-1,-1,136372000,136372200,1
RX,11,744,820c20c,-1,-1,-1,138816200,138816400,1
RX,11,744,020c20c,-1,-1,-1,138832000,138832200,1
RX,11,744,420c20c,-1,-1,-1,138852000,138852200,1
RX,11,750,820c20e,-1,-1,-1,139996200,139996400,1
RX,11,750,020c20e,-1,-1,-1,140012000,140012200,1
RX,11,750,420c20e,-1,-1,-1,140032000,140032200,1
RX,11,757,820c20d,-1,-1,-1,140556200,140556400,1
RX,11,757,020c20d,-1,-1,-1,140572000,140572200,1
RX,11,757,420c20d,-1,-1,-1,140592000,140592200,1
RX,11,773,820c009,-1,-1,-1,143236200,143236400,1
RX,11,773,020c009,-1,-1,-1,143252000,143252200,1
RX,11,773,420c009,-1,-1,-1,143272000,143272200,1
RX,11,781,820c20d,-1,-1,-1,144571800,144572000,1
RX,11,781,020c20d,-1,-1,-1,144590400,144590600,1
RX,11,781,420c20d,-1,-1,-1,144610400,144610600,1
RX,11,787,820c20f,-1,-1,-1,145651800,145652000,1
RX,11,787,020c20f,-1,-1,-1,145670400,145670600,1
RX,11,787,420c20f,-1,-1,-1,145690400,145690600,1
RX,11,824,820c008,-1,-1,-1,151556200,151556400,1
RX,11,824,020c008,-1,-1,-1,151572000,151572200,1
RX,11,824,420c008,-1,-1,-1,151592000,151592200,1
RX,11,833,820c20d,-1,-1,-1,153856200,153856400,1
RX,11,833,020c20d,-1,-1,-1,153872000,153872200,1
RX,11,833,420c20d,-1,-1,-1,153892000,153892200,1
RX,11,842,820c20e,-1,-1,-1,156536200,156536400,1
RX,11,842,020c20e,-1,-1,-1,156552000,156552200,1
RX,11,842,420c20e,-1,-1,-1,156572000,156572200,1
RX,11,874,820c202,-1,-1,-1,162556800,162557000,1
RX,11,874,020c202,-1,-1,-1,162572000,162572200,1
RX,11,874,420c202,-1,-1,-1,162592000,162592200,1
RX,11,904,820c20c,-1,-1,-1,168556200,168556400,1
RX,11,904,020c20c,-1,-1,-1,168572000,168572200,1
RX,11,904,420c20c,-1,-1,-1,168592000,168592200,1
RX,11,976,820c20c,-1,-1,-1,181511800,181512000,1
RX,11,976,020c20c,-1,-1,-1,181530400,181530600,1
RX,11,976,420c20c,-1,-1,-1,181550400,181550600,1
RX,11,997,820c20d,-1,-1,-1,184436200,184436400,1
RX,11,997,020c20d,-1,-1,-1,184452000,184452200,1
RX,11,997,420c20d,-1,-1,-1,184472000,184472200,1
RX,12,8,8300300,-1,-1,-1,1816200,1816400,1
RX,12,8,0300300,-1,-1,-1,1832000,1832200,1
RX,12,8,4300300,-1,-1,-1,1852000,1852200,1
RX,12,21,8300301,-1,-1,-1,4116200,4116400,1
RX,12,21,0300301,-1,-1,-1,4132000,4132200,1
RX,12,21,4300301,-1,-1,-1,4152000,4152200,1
RX,12,35,8300003,-1,-1,-1,7896200,7896400,1
RX,12,35,0300003,-1,-1,-1,7912000,7912200,1
RX,12,35,4300003,-1,-1,-1,7932000,7932200,1
RX,12,46,8300102,-1,-1,-1,9556200,9556400,1
RX,12,46,0300102,-1,-1,-1,9572000,9572200,1
RX,12,46,4300102,-1,-1,-1,9592000,9592200,1
RX,12,55,8300303,-1,-1,-1,10356200,10356400,1
RX,12,55,0300303,-1,-1,-1,10372000,10372200,1
RX,12,55,4300303,-1,-1,-1,10392000,10392200,1
RX,12,79,8300303,-1,-1,-1,15376200,15376400,1
RX,12,79,0300303,-1,-1,-1,15392000,15392200,1
RX,12,79,4300303,-1,-1,-1,15412000,15412200,1
RX,12,94,8300302,-1,-1,-1,17976200,17976400,1
RX,12,94,0300302,-1,-1,-1,17992000,17992200,1
RX,12,94,4300302,-1,-1,-1,18012000,18012200,1
RX,12,101,8300301,-1,-1,-1,19736200,19736400,1
RX,12,101,0300301,-1,-1,-1,19752000,19752200,1
RX,12,101,4300301,-1,-1,-1,19772000,19772200,1
RX,12,115,8300303,-1,-1,-1,21931800,21932000,1
RX,12,115,0300303,-1,-1,-1,21950400,21950600,1
RX,12,115,4300303,-1,-1,-1,21970400,21970600,1
RX,12,128,8300300,-1,-1,-1,24276200,24276400,1
RX,12,128,0300300,-1,-1,-1,24292000,24292200,1
RX,12,128,4300300,-1,-1,-1,24312000,24312200,1
RX,12,141,8300301,-1,-1,-1,25756200,25756400,1
RX,12,141,0300301,-1,-1,-1,25772000,25772200,1
RX,12,141,4300301,-1,-1,-1,25792000,25792200,1
RX,12,195,8300303,-1,-1,-1,36331800,36332000,1
RX,12,195,0300303,-1,-1,-1,36350400,36350600,1
RX,12,195,4300303,-1,-1,-1,36370400,36370600,1
RX,12,226,8300302,-1,-1,-1,41451800,41452000,1
RX,12,226,0300302,-1,-1,-1,41470400,41470600,1
RX,12,226,4300302,-1,-1,-1,41490400,41490600,1
RX,12,229,8300301,-1,-1,-1,41691800,41692000,1
RX,12,229,0300301,-1,-1,-1,41710400,41710600,1
RX,12,229,4300301,-1,-1,-1,41730400,41730600,1
RX,12,257,8300301,-1,-1,-1,45056200,45056400,1
RX,12,257,0300301,-1,-1,-1,45072000,45072200,1
RX,12,257,4300301,-1,-1,-1,45092000,45092200,1
RX,12,260,8300200,-1,-1,-1,45491800,45492000,1
RX,12,260,0300200,-1,-1,-1,45510400,45510600,1
RX,12,260,4300200,-1,-1,-1,45530400,45530600,1
RX,12,290,8300302,-1,-1,-1,51516200,51516400,1
RX,12,290,0300302,-1,-1,-1,51532000,51532200,1
RX,12,290,4300302,-1,-1,-1,51552000,51552200,1
RX,12,323,8300303,-1,-1,-1,56296200,56296400,1
RX,12,323,0300303,-1,-1,-1,56312000,56312200,1
RX,12,323,4300303,-1,-1,-1,56332000,56332200,1
RX,12,336,8300300,-1,-1,-1,59556200,59556400,1
RX,12,336,0300300,-1,-1,-1,59572000,59572200,1
RX,12,336,4300300,-1,-1,-1,59592000,59592200,1
RX,12,350,8300302,-1,-1,-1,62656200,62656400,1
RX,12,350,0300302,-1,-1,-1,62672000,62672200,1
RX,12,350,4300302,-1,-1,-1,62692000,62692200,1
RX,12,353,8300301,-1,-1,-1,63056200,63056400,1
RX,12,353,0300301,-1,-1,-1,63072000,63072200,1
RX,12,353,4300301,-1,-1,-1,63092000,63092200,1
RX,12,377,8300301,-1,-1,-1,67716200,67716400,1
RX,12,377,0300301,-1,-1,-1,67732000,67732200,1
RX,12,377,4300301,-1,-1,-1,67752000,67752200,1
RX,12,410,8300302,-1,-1,-1,73456200,73456400,1
RX,12,410,0300302,-1,-1,-1,73472000,73472200,1
RX,12,410,4300302,-1,-1,-1,73492000,73492200,1
RX,12,434,8300302,-1,-1,-1,76251800,76252000,1
RX,12,434,0300302,-1,-1,-1,76270400,76270600,1
RX,12,434,4300302,-1,-1,-1,76290400,76290600,1
RX,12,439,8300303,-1,-1,-1,78271800,78272000,1
RX,12,439,0300303,-1,-1,-1,78290400,78290600,1
RX,12,439,4300303,-1,-1,-1,78310400,78310600,1
RX,12,440,8300300,-1,-1,-1,78396200,78396400,1
RX,12,440,0300300,-1,-1,-1,78412000,78412200,1
RX,12,440,4300300,-1,-1,-1,78432000,78432200,1
RX,12,469,8300301,-1,-1,-1,83476200,83476400,1
RX,12,469,0300301,-1,-1,-1,83492000,83492200,1
RX,12,469,4300301,-1,-1,-1,83512000,83512200,1
RX,12,497,8300301,-1,-1,-1,87436200,87436400,1
RX,12,497,0300301,-1,-1,-1,87452000,87452200,1
RX,12,497,4300301,-1,-1,-1,87472000,87472200,1
RX,12,516,8300300,-1,-1,-1,90856200,90856400,1
RX,12,516,0300300,-1,-1,-1,90872000,90872200,1
RX,12,516,4300300,-1,-1,-1,90892000,90892200,1
RX,12,520,8300300,-1,-1,-1,92071800,92072000,1
RX,12,520,0300300,-1,-1,-1,92090400,92090600,1
RX,12,520,4300300,-1,-1,-1,92110400,92110600,1
RX,12,555,8300303,-1,-1,-1,99076200,99076400,1
RX,12,555,0300303,-1,-1,-1,99092000,99092200,1
RX,12,555,4300303,-1,-1,-1,99112000,99112200,1
RX,12,558,8300302,-1,-1,-1,100156200,100156400,1
RX,12,558,0300302,-1,-1,-1,100172000,100172200,1
RX,12,558,4300302,-1,-1,-1,100192000,100192200,1
RX,12,559,8300303,-1,-1,-1,100236200,100236400,1
RX,12,559,0300303,-1,-1,-1,100252000,100252200,1
RX,12,559,4300303,-1,-1,-1,100272000,100272200,1
RX,12,590,8300302,-1,-1,-1,105131800,105132000,1
RX,12,590,0300302,-1,-1,-1,105150400,105150600,1
RX,12,590,4300302,-1,-1,-1,105170400,105170600,1
RX,12,592,8300300,-1,-1,-1,105396200,105396400,1
RX,12,592,0300300,-1,-1,-1,105412000,105412200,1
RX,12,592,4300300,-1,-1,-1,105432000,105432200,1
RX,12,615,8300303,-1,-1,-1,111356200,111356400,1
RX,12,615,0300303,-1,-1,-1,111372000,111372200,1
RX,12,615,4300303,-1,-1,-1,111392000,111392200,1
RX,12,626,8300302,-1,-1,-1,112451800,112452000,1
RX,12,626,0300302,-1,-1,-1,112470400,112470600,1
RX,12,626,4300302,-1,-1,-1,112490400,112490600,1
RX,12,635,8300303,-1,-1,-1,113996200,113996400,1
RX,12,635,0300303,-1,-1,-1,114012000,114012200,1
RX,12,635,4300303,-1,-1,-1,114032000,114032200,1
RX,12,641,8300301,-1,-1,-1,116591800,116592000,1
RX,12,641,0300301,-1,-1,-1,116610400,116610600,1
RX,12,641,4300301,-1,-1,-1,116630400,116630600,1
RX,12,698,8300302,-1,-1,-1,128496200,128496400,1
RX,12,698,0300302,-1,-1,-1,128512000,128512200,1
RX,12,698,4300302,-1,-1,-1,128532000,128532200,1
RX,12,752,8304200,-1,-1,-1,140076200,140076400,1
RX,12,752,0304200,-1,-1,-1,140092000,140092200,1
RX,12,752,4304200,-1,-1,-1,140112000,140112200,1
RX,12,755,8300303,-1,-1,-1,140196200,140196400,1
RX,12,755,0300303,-1,-1,-1,140212000,140212200,1
RX,12,755,4300303,-1,-1,-1,140232000,140232200,1
RX,12,756,8300300,-1,-1,-1,140296200,140296400,1
RX,12,756,0300300,-1,-1,-1,140312000,140312200,1
RX,12,756,4300300,-1,-1,-1,140332000,140332200,1
RX,12,796,8300300,-1,-1,-1,146911800,146912000,1
RX,12,796,0300300,-1,-1,-1,146930400,146930600,1
RX,12,796,4300300,-1,-1,-1,146950400,146950600,1
RX,12,810,8300302,-1,-1,-1,149716200,149716400,1
RX,12,810,0300302,-1,-1,-1,149732000,149732200,1
RX,12,810,4300302,-1,-1,-1,149752000,149752200,1
RX,12,813,8300301,-1,-1,-1,150091800,150092000,1
RX,12,813,0300301,-1,-1,-1,150110400,150110600,1
RX,12,813,4300301,-1,-1,-1,150130400,150130600,1
RX,12,818,8300302,-1,-1,-1,150796800,150797000,1
RX,12,818,0300302,-1,-1,-1,150797000,150797200,1
RX,12,818,4300302,-1,-1,-1,150812000,150812200,1
RX,12,827,8300303,-1,-1,-1,152336200,152336400,1
RX,12,827,0300303,-1,-1,-1,152352000,152352200,1
RX,12,827,4300303,-1,-1,-1,152372000,152372200,1
RX,12,834,8300302,-1,-1,-1,154131800,154132000,1
RX,12,834,0300302,-1,-1,-1,154150400,154150600,1
RX,12,834,4300302,-1,-1,-1,154170400,154170600,1
RX,12,848,8300300,-1,-1,-1,157971800,157972000,1
RX,12,848,0300300,-1,-1,-1,157990400,157990600,1
RX,12,848,4300300,-1,-1,-1,158010400,158010600,1
RX,12,859,8300303,-1,-1,-1,159891800,159892000,1
RX,12,859,0300303,-1,-1,-1,159910400,159910600,1
RX,12,859,4300303,-1,-1,-1,159930400,159930600,1
RX,12,864,8300300,-1,-1,-1,161236200,161236400,1
RX,12,864,0300300,-1,-1,-1,161252000,161252200,1
RX,12,864,4300300,-1,-1,-1,161272000,161272200,1
RX,12,877,8300301,-1,-1,-1,162736200,162736400,1
RX,12,877,0300301,-1,-1,-1,162752000,162752200,1
RX,12,877,4300301,-1,-1,-1,162772000,162772200,1
RX,12,878,8300302,-1,-1,-1,163131800,163132000,1
RX,12,878,0300302,-1,-1,-1,163150400,163150600,1
RX,12,878,4300302,-1,-1,-1,163170400,163170600,1
RX,12,889,8300301,-1,-1,-1,164896200,164896400,1
RX,12,889,0300301,-1,-1,-1,164912000,164912200,1
RX,12,889,4300301,-1,-1,-1,164932000,164932200,1
RX,12,902,8300302,-1,-1,-1,168096200,168096400,1
RX,12,902,0300302,-1,-1,-1,168112000,168112200,1
RX,12,902,4300302,-1,-1,-1,168132000,168132200,1
RX,12,905,8300301,-1,-1,-1,168736200,168736400,1
RX,12,905,0300301,-1,-1,-1,168752000,168752200,1
RX,12,905,4300301,-1,-1,-1,168772000,168772200,1
RX,12,913,8300301,-1,-1,-1,171136200,171136400,1
RX,12,913,0300301,-1,-1,-1,171152000,171152200,1
RX,12,913,4300301,-1,-1,-1,171172000,171172200,1
RX,12,918,8300302,-1,-1,-1,172136200,172136400,1
RX,12,918,0300302,-1,-1,-1,172152000,172152200,1
RX,12,918,4300302,-1,-1,-1,172172000,172172200,1
RX,12,920,8300300,-1,-1,-1,172276200,172276400,1
RX,12,920,0300300,-1,-1,-1,172292000,172292200,1
RX,12,920,4300300,-1,-1,-1,172312000,172312200,1
RX,12,922,8308302,-1,-1,-1,172356200,172356400,1
RX,12,922,0308302,-1,-1,-1,172372000,172372200,1
RX,12,922,4308302,-1,-1,-1,172392000,172392200,1
RX,12,929,8300301,-1,-1,-1,173371800,173372000,1
RX,12,929,0300301,-1,-1,-1,173390400,173390600,1
RX,12,929,4300301,-1,-1,-1,173410400,173410600,1
RX,12,945,8300301,-1,-1,-1,176571800,176572000,1
RX,12,945,0300301,-1,-1,-1,176590400,176590600,1
RX,12,945,4300301,-1,-1,-1,176610400,176610600,1
RX,12,956,8300300,-1,-1,-1,178416200,178416400,1
RX,12,956,0300300,-1,-1,-1,178432000,178432200,1
RX,12,956,4300300,-1,-1,-1,178452000,178452200,1
RX,12,962,8300302,-1,-1,-1,179456200,179456400,1
RX,12,962,0300302,-1,-1,-1,179472000,179472200,1
RX,12,962,4300302,-1,-1,-1,179492000,179492200,1
RX,12,966,8300302,-1,-1,-1,179736200,179736400,1
RX,12,966,0300302,-1,-1,-1,179752000,179752200,1
RX,12,966,4300302,-1,-1,-1,179772000,179772200,1
RX,13,44,8304304,-1,-1,-1,9316200,9316400,1
RX,13,44,0304304,-1,-1,-1,9332000,9332200,1
RX,13,44,4304304,-1,-1,-1,9352000,9352200,1
RX,13,50,8304306,-1,-1,-1,9956200,9956400,1
RX,13,50,0304306,-1,-1,-1,9972000,9972200,1
RX,13,50,4304306,-1,-1,-1,9992000,9992200,1
RX,13,61,8304305,-1,-1,-1,11556200,11556400,1
RX,13,61,0304305,-1,-1,-1,11572000,11572200,1
RX,13,61,4304305,-1,-1,-1,11592000,11592200,1
RX,13,67,8304307,-1,-1,-1,13276200,13276400,1
RX,13,67,0304307,-1,-1,-1,13292000,13292200,1
RX,13,67,4304307,-1,-1,-1,13312000,13312200,1
RX,13,92,8304304,-1,-1,-1,17736200,17736400,1
RX,13,92,0304304,-1,-1,-1,17752000,17752200,1
RX,13,92,4304304,-1,-1,-1,17772000,17772200,1
RX,13,97,8304305,-1,-1,-1,18591800,18592000,1
RX,13,97,0304305,-1,-1,-1,18610400,18610600,1
RX,13,97,4304305,-1,-1,-1,18630400,18630600,1
RX,13,111,8304307,-1,-1,-1,21316200,21316400,1
RX,13,111,0304307,-1,-1,-1,21332000,21332200,1
RX,13,111,4304307,-1,-1,-1,21352000,21352200,1
RX,13,185,8304305,-1,-1,-1,34036200,34036400,1
RX,13,185,0304305,-1,-1,-1,34052000,34052200,1
RX,13,185,4304305,-1,-1,-1,34072000,34072200,1
RX,13,204,8304304,-1,-1,-1,38411800,38412000,1
RX,13,204,0304304,-1,-1,-1,38430400,38430600,1
RX,13,204,4304304,-1,-1,-1,38450400,38450600,1
RX,13,222,8304306,-1,-1,-1,41156200,41156400,1
RX,13,222,0304306,-1,-1,-1,41172000,41172200,1
RX,13,222,4304306,-1,-1,-1,41192000,41192200,1
RX,13,231,8304307,-1,-1,-1,41711800,41712000,1
RX,13,231,0304307,-1,-1,-1,41730400,41730600,1
RX,13,231,4304307,-1,-1,-1,41750400,41750600,1
RX,13,247,8304307,-1,-1,-1,43976200,43976400,1
RX,13,247,0304307,-1,-1,-1,43992000,43992200,1
RX,13,247,4304307,-1,-1,-1,44012000,44012200,1
RX,13,248,8304304,-1,-1,-1,44276200,44276400,1
RX,13,248,0304304,-1,-1,-1,44292000,44292200,1
RX,13,248,4304304,-1,-1,-1,44312000,44312200,1
RX,13,280,8304304,-1,-1,-1,48896200,48896400,1
RX,13,280,0304304,-1,-1,-1,48912000,48912200,1
RX,13,280,4304304,-1,-1,-1,48932000,48932200,1
RX,13,283,8304307,-1,-1,-1,49356800,49357000,1
RX,13,283,0304307,-1,-1,-1,49372000,49372200,1
RX,13,283,4304307,-1,-1,-1,49392000,49392200,1
RX,13,296,8304304,-1,-1,-1,52416200,52416400,1
RX,13,296,0304304,-1,-1,-1,52432000,52432200,1
RX,13,296,4304304,-1,-1,-1,52452000,52452200,1
RX,13,314,8304306,-1,-1,-1,54716200,54716400,1
RX,13,314,0304306,-1,-1,-1,54732000,54732200,1
RX,13,314,4304306,-1,-1,-1,54752000,54752200,1
RX,13,321,830c305,-1,-1,-1,55936200,55936400,1
RX,13,321,030c305,-1,-1,-1,55952000,55952200,1
RX,13,321,430c305,-1,-1,-1,55972000,55972200,1
RX,13,329,8304305,-1,-1,-1,57596200,57596400,1
RX,13,329,0304305,-1,-1,-1,57612000,57612200,1
RX,13,329,4304305,-1,-1,-1,57632000,57632200,1
RX,13,337,8304305,-1,-1,-1,59591800,59592000,1
RX,13,337,0304305,-1,-1,-1,59610400,59610600,1
RX,13,337,4304305,-1,-1,-1,59630400,59630600,1
RX,13,359,8304307,-1,-1,-1,64036200,64036400,1
RX,13,359,0304307,-1,-1,-1,64052000,64052200,1
RX,13,359,4304307,-1,-1,-1,64072000,64072200,1
RX,13,371,8304307,-1,-1,-1,67136200,67136400,1
RX,13,371,0304307,-1,-1,-1,67152000,67152200,1
RX,13,371,4304307,-1,-1,-1,67172000,67172200,1
RX,13,374,8304306,-1,-1,-1,67611800,67612000,1
RX,13,374,0304306,-1,-1,-1,67630400,67630600,1
RX,13,374,4304306,-1,-1,-1,67650400,67650600,1
RX,13,379,8304307,-1,-1,-1,68236200,68236400,1
RX,13,379,0304307,-1,-1,-1,68252000,68252200,1
RX,13,379,4304307,-1,-1,-1,68272000,68272200,1
RX,13,394,8304306,-1,-1,-1,70216200,70216400,1
RX,13,394,0304306,-1,-1,-1,70232000,70232200,1
RX,13,394,4304306,-1,-1,-1,70252000,70252200,1
RX,13,416,8304304,-1,-1,-1,74376200,74376400,1
RX,13,416,0304304,-1,-1,-1,74392000,74392200,1
RX,13,416,4304304,-1,-1,-1,74412000,74412200,1
RX,13,429,8304305,-1,-1,-1,75956200,75956400,1
RX,13,429,0304305,-1,-1,-1,75972000,75972200,1
RX,13,429,4304305,-1,-1,-1,75992000,75992200,1
RX,13,438,8304306,-1,-1,-1,77736200,77736400,1
RX,13,438,0304306,-1,-1,-1,77752000,77752200,1
RX,13,438,4304306,-1,-1,-1,77772000,77772200,1
RX,13,448,8304304,-1,-1,-1,80036200,80036400,1
RX,13,448,0304304,-1,-1,-1,80052000,80052200,1
RX,13,448,4304304,-1,-1,-1,80072000,80072200,1
RX,13,454,8304306,-1,-1,-1,81016200,81016400,1
RX,13,454,0304306,-1,-1,-1,81032000,81032200,1
RX,13,454,4304306,-1,-1,-1,81052000,81052200,1
RX,13,458,8304306,-1,-1,-1,81536200,81536400,1
RX,13,458,0304306,-1,-1,-1,81552000,81552200,1
RX,13,458,4304306,-1,-1,-1,81572000,81572200,1
RX,13,487,8304307,-1,-1,-1,86236200,86236400,1
RX,13,487,0304307,-1,-1,-1,86252000,86252200,1
RX,13,487,4304307,-1,-1,-1,86272000,86272200,1
RX,13,492,830c204,-1,-1,-1,86756200,86756400,1
RX,13,492,030c204,-1,-1,-1,86772000,86772200,1
RX,13,492,430c204,-1,-1,-1,86792000,86792200,1
RX,13,498,8304306,-1,-1,-1,87496200,87496400,1
RX,13,498,0304306,-1,-1,-1,87512000,87512200,1
RX,13,498,4304306,-1,-1,-1,87532000,87532200,1
RX,13,501,8304305,-1,-1,-1,87836200,87836400,1
RX,13,501,0304305,-1,-1,-1,87852000,87852200,1
RX,13,501,4304305,-1,-1,-1,87872000,87872200,1
RX,13,521,8304305,-1,-1,-1,92456200,92456400,1
RX,13,521,0304305,-1,-1,-1,92472000,92472200,1
RX,13,521,4304305,-1,-1,-1,92492000,92492200,1
RX,13,535,8304307,-1,-1,-1,95076200,95076400,1
RX,13,535,0304307,-1,-1,-1,95092000,95092200,1
RX,13,535,4304307,-1,-1,-1,95112000,95112200,1
RX,13,540,8304304,-1,-1,-1,96776200,96776400,1
RX,13,540,0304304,-1,-1,-1,96792000,96792200,1
RX,13,540,4304304,-1,-1,-1,96812000,96812200,1
RX,13,553,8304305,-1,-1,-1,98716200,98716400,1
RX,13,553,0304305,-1,-1,-1,98732000,98732200,1
RX,13,553,4304305,-1,-1,-1,98752000,98752200,1
RX,13,561,8308205,-1,-1,-1,100596200,100596400,1
RX,13,561,0308205,-1,-1,-1,100612000,100612200,1
RX,13,561,4308205,-1,-1,-1,100632000,100632200,1
RX,13,579,8304307,-1,-1,-1,103916200,103916400,1
RX,13,579,0304307,-1,-1,-1,103932000,103932200,1
RX,13,579,4304307,-1,-1,-1,103952000,103952200,1
RX,13,593,8304305,-1,-1,-1,105436800,105437000,1
RX,13,593,0304305,-1,-1,-1,105437000,105437200,1
RX,13,593,4304305,-1,-1,-1,105452000,105452200,1
RX,13,595,8304307,-1,-1,-1,107396200,107396400,1
RX,13,595,0304307,-1,-1,-1,107412000,107412200,1
RX,13,595,4304307,-1,-1,-1,107432000,107432200,1
RX,13,596,8304304,-1,-1,-1,107436200,107436400,1
RX,13,596,0304304,-1,-1,-1,107452000,107452200,1
RX,13,596,4304304,-1,-1,-1,107472000,107472200,1
RX,13,633,8304205,-1,-1,-1,113436200,113436400,1
RX,13,633,0304205,-1,-1,-1,113452000,113452200,1
RX,13,633,4304205,-1,-1,-1,113472000,113472200,1
RX,13,636,8304304,-1,-1,-1,114516200,114516400,1
RX,13,636,0304304,-1,-1,-1,114532000,114532200,1
RX,13,636,4304304,-1,-1,-1,114552000,114552200,1
RX,13,731,830c307,-1,-1,-1,136316200,136316400,1
RX,13,731,030c307,-1,-1,-1,136332000,136332200,1
RX,13,731,430c307,-1,-1,-1,136352000,136352200,1
RX,13,745,8304305,-1,-1,-1,138891800,138892000,1
RX,13,745,0304305,-1,-1,-1,138910400,138910600,1
RX,13,745,4304305,-1,-1,-1,138930400,138930600,1
RX,13,752,8304200,-1,-1,-1,140076200,140076400,1
RX,13,752,0304200,-1,-1,-1,140092000,140092200,1
RX,13,752,4304200,-1,-1,-1,140112000,140112200,1
RX,13,792,8304304,-1,-1,-1,146351800,146352000,1
RX,13,792,0304304,-1,-1,-1,146370400,146370600,1
RX,13,792,4304304,-1,-1,-1,146390400,146390600,1
RX,13,795,8304307,-1,-1,-1,146716200,146716400,1
RX,13,795,0304307,-1,-1,-1,146732000,146732200,1
RX,13,795,4304307,-1,-1,-1,146752000,146752200,1
RX,13,801,8304305,-1,-1,-1,148036200,148036400,1
RX,13,801,0304305,-1,-1,-1,148052000,148052200,1
RX,13,801,4304305,-1,-1,-1,148072000,148072200,1
RX,13,829,8304305,-1,-1,-1,153271800,153272000,1
RX,13,829,0304305,-1,-1,-1,153290400,153290600,1
RX,13,829,4304305,-1,-1,-1,153310400,153310600,1
RX,13,832,8304304,-1,-1,-1,153816200,153816400,1
RX,13,832,0304304,-1,-1,-1,153832000,153832200,1
RX,13,832,4304304,-1,-1,-1,153852000,153852200,1
RX,13,838,8304306,-1,-1,-1,155756200,155756400,1
RX,13,838,0304306,-1,-1,-1,155772000,155772200,1
RX,13,838,4304306,-1,-1,-1,155792000,155792200,1
RX,13,841,8304305,-1,-1,-1,156496200,156496400,1
RX,13,841,0304305,-1,-1,-1,156512000,156512200,1
RX,13,841,4304305,-1,-1,-1,156532000,156532200,1
RX,13,870,8304306,-1,-1,-1,162016200,162016400,1
RX,13,870,0304306,-1,-1,-1,162032000,162032200,1
RX,13,870,4304306,-1,-1,-1,162052000,162052200,1
RX,13,880,8304304,-1,-1,-1,163256800,163257000,1
RX,13,880,0304304,-1,-1,-1,163272000,163272200,1
RX,13,880,4304304,-1,-1,-1,163292000,163292200,1
RX,13,883,8304307,-1,-1,-1,164056200,164056400,1
RX,13,883,0304307,-1,-1,-1,164072000,164072200,1
RX,13,883,4304307,-1,-1,-1,164092000,164092200,1
RX,13,887,8304307,-1,-1,-1,164576800,164577000,1
RX,13,887,0304307,-1,-1,-1,164577000,164577200,1
RX,13,887,4304307,-1,-1,-1,164592000,164592200,1
RX,13,892,8304304,-1,-1,-1,165731800,165732000,1
RX,13,892,0304304,-1,-1,-1,165750400,165750600,1
RX,13,892,4304304,-1,-1,-1,165770400,165770600,1
RX,13,919,8304307,-1,-1,-1,172176200,172176400,1
RX,13,919,0304307,-1,-1,-1,172192000,172192200,1
RX,13,919,4304307,-1,-1,-1,172212000,172212200,1
RX,13,922,8308302,-1,-1,-1,172356200,172356400,1
RX,13,922,0308302,-1,-1,-1,172372000,172372200,1
RX,13,922,4308302,-1,-1,-1,172392000,172392200,1
RX,13,977,8304305,-1,-1,-1,181536200,181536400,1
RX,13,977,0304305,-1,-1,-1,181552000,181552200,1
RX,13,977,4304305,-1,-1,-1,181572000,181572200,1
RX,14,4,8308308,-1,-1,-1,996200,996400,1
RX,14,4,0308308,-1,-1,-1,1012000,1012200,1
RX,14,4,4308308,-1,-1,-1,1032000,1032200,1
RX,14,16,8308308,-1,-1,-1,2956600,2956800,1
RX,14,16,0308308,-1,-1,-1,2972000,2972200,1
RX,14,16,4308308,-1,-1,-1,2992000,2992200,1
RX,14,17,8308309,-1,-1,-1,3176200,3176400,1
RX,14,17,0308309,-1,-1,-1,3192000,3192200,1
RX,14,17,4308309,-1,-1,-1,3212000,3212200,1
RX,14,28,8308308,-1,-1,-1,5831800,5832000,1
RX,14,28,0308308,-1,-1,-1,5850400,5850600,1
RX,14,28,4308308,-1,-1,-1,5870400,5870600,1
RX,14,33,8308309,-1,-1,-1,7356200,7356400,1
RX,14,33,0308309,-1,-1,-1,7372000,7372200,1
RX,14,33,4308309,-1,-1,-1,7392000,7392200,1
RX,14,36,8308308,-1,-1,-1,8216200,8216400,1
RX,14,36,0308308,-1,-1,-1,8232000,8232200,1
RX,14,36,4308308,-1,-1,-1,8252000,8252200,1
RX,14,43,830830b,-1,-1,-1,9136200,9136400,1
RX,14,43,030830b,-1,-1,-1,9152000,9152200,1
RX,14,43,430830b,-1,-1,-1,9172000,9172200,1
RX,14,76,8308308,-1,-1,-1,14656200,14656400,1
RX,14,76,0308308,-1,-1,-1,14672000,14672200,1
RX,14,76,4308308,-1,-1,-1,14692000,14692200,1
RX,14,84,8308308,-1,-1,-1,16756200,16756400,1
RX,14,84,0308308,-1,-1,-1,16772000,16772200,1
RX,14,84,4308308,-1,-1,-1,16792000,16792200,1
RX,14,90,830830a,-1,-1,-1,17536200,17536400,1
RX,14,90,030830a,-1,-1,-1,17552000,17552200,1
RX,14,90,430830a,-1,-1,-1,17572000,17572200,1
RX,14,105,8308309,-1,-1,-1,20296200,20296400,1
RX,14,105,0308309,-1,-1,-1,20312000,20312200,1
RX,14,105,4308309,-1,-1,-1,20332000,20332200,1
RX,14,118,830830a,-1,-1,-1,22131800,22132000,1
RX,14,118,030830a,-1,-1,-1,22150400,22150600,1
RX,14,118,430830a,-1,-1,-1,22170400,22170600,1
RX,14,120,8308308,-1,-1,-1,22316200,22316400,1
RX,14,120,0308308,-1,-1,-1,22332000,22332200,1
RX,14,120,4308308,-1,-1,-1,22352000,22352200,1
RX,14,151,830830b,-1,-1,-1,27576800,27577000,1
RX,14,151,030830b,-1,-1,-1,27577000,27577200,1
RX,14,151,430830b,-1,-1,-1,27577200,27577400,1
RX,14,158,830820a,-1,-1,-1,29016200,29016400,1
RX,14,158,030820a,-1,-1,-1,29032000,29032200,1
RX,14,158,430820a,-1,-1,-1,29052000,29052200,1
RX,14,205,8308309,-1,-1,-1,38576200,38576400,1
RX,14,205,0308309,-1,-1,-1,38592000,38592200,1
RX,14,205,4308309,-1,-1,-1,38612000,38612200,1
RX,14,214,830830a,-1,-1,-1,39736200,39736400,1
RX,14,214,030830a,-1,-1,-1,39752000,39752200,1
RX,14,214,430830a,-1,-1,-1,39772000,39772200,1
RX,14,216,830c308,-1,-1,-1,40056200,40056400,1
RX,14,216,030c308,-1,-1,-1,40072000,40072200,1
RX,14,216,430c308,-1,-1,-1,40092000,40092200,1
RX,14,232,8308208,-1,-1,-1,41796200,41796400,1
RX,14,232,0308208,-1,-1,-1,41812000,41812200,1
RX,14,232,4308208,-1,-1,-1,41832000,41832200,1
RX,14,241,8308309,-1,-1,-1,43536200,43536400,1
RX,14,241,0308309,-1,-1,-1,43552000,43552200,1
RX,14,241,4308309,-1,-1,-1,43572000,43572200,1
RX,14,242,830830a,-1,-1,-1,43751800,43752000,1
RX,14,242,030830a,-1,-1,-1,43770400,43770600,1
RX,14,242,430830a,-1,-1,-1,43790400,43790600,1
RX,14,253,8308309,-1,-1,-1,44711800,44712000,1
RX,14,253,0308309,-1,-1,-1,44730400,44730600,1
RX,14,253,4308309,-1,-1,-1,44750400,44750600,1
RX,14,254,830830a,-1,-1,-1,44776200,44776400,1
RX,14,254,030830a,-1,-1,-1,44792000,44792200,1
RX,14,254,430830a,-1,-1,-1,44812000,44812200,1
RX,14,267,830830b,-1,-1,-1,46816200,46816400,1
RX,14,267,030830b,-1,-1,-1,46832000,46832200,1
RX,14,267,430830b,-1,-1,-1,46852000,46852200,1
RX,14,289,8308309,-1,-1,-1,50931800,50932000,1
RX,14,289,0308309,-1,-1,-1,50950400,50950600,1
RX,14,289,4308309,-1,-1,-1,50970400,50970600,1
RX,14,310,830830a,-1,-1,-1,54456200,54456400,1
RX,14,310,030830a,-1,-1,-1,54472000,54472200,1
RX,14,310,430830a,-1,-1,-1,54492000,54492200,1
RX,14,315,830830b,-1,-1,-1,54896200,54896400,1
RX,14,315,030830b,-1,-1,-1,54912000,54912200,1
RX,14,315,430830b,-1,-1,-1,54932000,54932200,1
RX,14,321,830c305,-1,-1,-1,55931800,55932000,1
RX,14,321,030c305,-1,-1,-1,55950400,55950600,1
RX,14,321,430c305,-1,-1,-1,55970400,55970600,1
RX,14,324,8308308,-1,-1,-1,56516200,56516400,1
RX,14,324,0308308,-1,-1,-1,56532000,56532200,1
RX,14,324,4308308,-1,-1,-1,56552000,56552200,1
RX,14,338,830830a,-1,-1,-1,60076200,60076400,1
RX,14,338,030830a,-1,-1,-1,60092000,60092200,1
RX,14,338,430830a,-1,-1,-1,60112000,60112200,1
RX,14,357,8308309,-1,-1,-1,63496200,63496400,1
RX,14,357,0308309,-1,-1,-1,63512000,63512200,1
RX,14,357,4308309,-1,-1,-1,63532000,63532200,1
RX,14,362,830830a,-1,-1,-1,64516200,64516400,1
RX,14,362,030830a,-1,-1,-1,64532000,64532200,1
RX,14,362,430830a,-1,-1,-1,64552000,64552200,1
RX,14,368,8308308,-1,-1,-1,66636200,66636400,1
RX,14,368,0308308,-1,-1,-1,66652000,66652200,1
RX,14,368,4308308,-1,-1,-1,66672000,66672200,1
RX,14,369,8308309,-1,-1,-1,66811800,66812000,1
RX,14,369,0308309,-1,-1,-1,66830400,66830600,1
RX,14,369,4308309,-1,-1,-1,66850400,66850600,1
RX,14,370,830830a,-1,-1,-1,67136200,67136400,1
RX,14,370,030830a,-1,-1,-1,67152000,67152200,1
RX,14,370,430830a,-1,-1,-1,67172000,67172200,1
RX,14,372,8308308,-1,-1,-1,67176800,67177000,1
RX,14,372,0308308,-1,-1,-1,67177000,67177200,1
RX,14,372,4308308,-1,-1,-1,67192000,67192200,1
RX,14,378,830830a,-1,-1,-1,67956200,67956400,1
RX,14,378,030830a,-1,-1,-1,67972000,67972200,1
RX,14,378,430830a,-1,-1,-1,67992000,67992200,1
RX,14,397,8308309,-1,-1,-1,70516800,70517000,1
RX,14,397,0308309,-1,-1,-1,70532000,70532200,1
RX,14,397,4308309,-1,-1,-1,70552000,70552200,1
RX,14,437,8308309,-1,-1,-1,77456800,77457000,1
RX,14,437,0308309,-1,-1,-1,77457000,77457200,1
RX,14,437,4308309,-1,-1,-1,77472000,77472200,1
RX,14,446,830830a,-1,-1,-1,79076200,79076400,1
RX,14,446,030830a,-1,-1,-1,79092000,79092200,1
RX,14,446,430830a,-1,-1,-1,79112000,79112200,1
RX,14,459,830830b,-1,-1,-1,81696200,81696400,1
RX,14,459,030830b,-1,-1,-1,81712000,81712200,1
RX,14,459,430830b,-1,-1,-1,81732000,81732200,1
RX,14,467,830830b,-1,-1,-1,83091800,83092000,1
RX,14,467,030830b,-1,-1,-1,83110400,83110600,1
RX,14,467,430830b,-1,-1,-1,83130400,83130600,1
RX,14,488,8308308,-1,-1,-1,86456200,86456400,1
RX,14,488,0308308,-1,-1,-1,86472000,86472200,1
RX,14,488,4308308,-1,-1,-1,86492000,86492200,1
RX,14,492,830c204,-1,-1,-1,86756200,86756400,1
RX,14,492,030c204,-1,-1,-1,86772000,86772200,1
RX,14,492,430c204,-1,-1,-1,86792000,86792200,1
RX,14,506,830830a,-1,-1,-1,88816200,88816400,1
RX,14,506,030830a,-1,-1,-1,88832000,88832200,1
RX,14,506,430830a,-1,-1,-1,88852000,88852200,1
RX,14,532,8308308,-1,-1,-1,94556200,94556400,1
RX,14,532,0308308,-1,-1,-1,94572000,94572200,1
RX,14,532,4308308,-1,-1,-1,94592000,94592200,1
RX,14,543,830830b,-1,-1,-1,97256200,97256400,1
RX,14,543,030830b,-1,-1,-1,97272000,97272200,1
RX,14,543,430830b,-1,-1,-1,97292000,97292200,1
RX,14,548,8308308,-1,-1,-1,97776200,97776400,1
RX,14,548,0308308,-1,-1,-1,97792000,97792200,1
RX,14,548,4308308,-1,-1,-1,97812000,97812200,1
RX,14,551,830830b,-1,-1,-1,98276200,98276400,1
RX,14,551,030830b,-1,-1,-1,98292000,98292200,1
RX,14,551,430830b,-1,-1,-1,98312000,98312200,1
RX,14,561,8308205,-1,-1,-1,100596200,100596400,1
RX,14,561,0308205,-1,-1,-1,100612000,100612200,1
RX,14,561,4308205,-1,-1,-1,100632000,100632200,1
RX,14,570,830830a,-1,-1,-1,102676200,102676400,1
RX,14,570,030830a,-1,-1,-1,102692000,102692200,1
RX,14,570,430830a,-1,-1,-1,102712000,102712200,1
RX,14,582,830c10a,-1,-1,-1,104216200,104216400,1
RX,14,582,030c10a,-1,-1,-1,104232000,104232200,1
RX,14,582,430c10a,-1,-1,-1,104252000,104252200,1
RX,14,597,8308309,-1,-1,-1,107716200,107716400,1
RX,14,597,0308309,-1,-1,-1,107732000,107732200,1
RX,14,597,4308309,-1,-1,-1,107752000,107752200,1
RX,14,601,8308309,-1,-1,-1,108651800,108652000,1
RX,14,601,0308309,-1,-1,-1,108670400,108670600,1
RX,14,601,4308309,-1,-1,-1,108690400,108690600,1
RX,14,642,830830a,-1,-1,-1,116656200,116656400,1
RX,14,642,030830a,-1,-1,-1,116672000,116672200,1
RX,14,642,430830a,-1,-1,-1,116692000,116692200,1
RX,14,659,830830b,-1,-1,-1,120536200,120536400,1
RX,14,659,030830b,-1,-1,-1,120552000,120552200,1
RX,14,659,430830b,-1,-1,-1,120572000,120572200,1
RX,14,666,830830a,-1,-1,-1,121571800,121572000,1
RX,14,666,030830a,-1,-1,-1,121590400,121590600,1
RX,14,666,430830a,-1,-1,-1,121610400,121610600,1
RX,14,677,8308309,-1,-1,-1,124316200,124316400,1
RX,14,677,0308309,-1,-1,-1,124332000,124332200,1
RX,14,677,4308309,-1,-1,-1,124352000,124352200,1
RX,14,692,8308308,-1,-1,-1,127756200,127756400,1
RX,14,692,0308308,-1,-1,-1,127772000,127772200,1
RX,14,692,4308308,-1,-1,-1,127792000,127792200,1
RX,14,696,8308308,-1,-1,-1,128231800,128232000,1
RX,14,696,0308308,-1,-1,-1,128250400,128250600,1
RX,14,696,4308308,-1,-1,-1,128270400,128270600,1
RX,14,721,8308309,-1,-1,-1,134115400,134115600,1
RX,14,721,0308309,-1,-1,-1,134115600,134115800,1
RX,14,721,4308309,-1,-1,-1,134132000,134132200,1
RX,14,731,830c307,-1,-1,-1,136311800,136312000,1
RX,14,731,030c307,-1,-1,-1,136330400,136330600,1
RX,14,731,430c307,-1,-1,-1,136350400,136350600,1
RX,14,735,830830b,-1,-1,-1,136976200,136976400,1
RX,14,735,030830b,-1,-1,-1,136992000,136992200,1
RX,14,735,430830b,-1,-1,-1,137012000,137012200,1
RX,14,761,8308309,-1,-1,-1,141491800,141492000,1
RX,14,761,0308309,-1,-1,-1,141510400,141510600,1
RX,14,761,4308309,-1,-1,-1,141530400,141530600,1
RX,14,764,8308308,-1,-1,-1,141776200,141776400,1
RX,14,764,0308308,-1,-1,-1,141792000,141792200,1
RX,14,764,4308308,-1,-1,-1,141812000,141812200,1
RX,14,779,830830b,-1,-1,-1,144036200,144036400,1
RX,14,779,030830b,-1,-1,-1,144052000,144052200,1
RX,14,779,430830b,-1,-1,-1,144072000,144072200,1
RX,14,800,8308308,-1,-1,-1,147936200,147936400,1
RX,14,800,0308308,-1,-1,-1,147952000,147952200,1
RX,14,800,4308308,-1,-1,-1,147972000,147972200,1
RX,14,817,8308309,-1,-1,-1,150756200,150756400,1
RX,14,817,0308309,-1,-1,-1,150772000,150772200,1
RX,14,817,4308309,-1,-1,-1,150792000,150792200,1
RX,14,828,8308308,-1,-1,-1,152796200,152796400,1
RX,14,828,0308308,-1,-1,-1,152812000,152812200,1
RX,14,828,4308308,-1,-1,-1,152832000,152832200,1
RX,14,854,830830a,-1,-1,-1,158756200,158756400,1
RX,14,854,030830a,-1,-1,-1,158772000,158772200,1
RX,14,854,430830a,-1,-1,-1,158792000,158792200,1
RX,14,865,8308309,-1,-1,-1,161416200,161416400,1
RX,14,865,0308309,-1,-1,-1,161432000,161432200,1
RX,14,865,4308309,-1,-1,-1,161452000,161452200,1
RX,14,875,830830b,-1,-1,-1,162636200,162636400,1
RX,14,875,030830b,-1,-1,-1,162652000,162652200,1
RX,14,875,430830b,-1,-1,-1,162672000,162672200,1
RX,14,881,8308309,-1,-1,-1,163316200,163316400,1
RX,14,881,0308309,-1,-1,-1,163332000,163332200,1
RX,14,881,4308309,-1,-1,-1,163352000,163352200,1
RX,14,895,830830b,-1,-1,-1,166591800,166592000,1
RX,14,895,030830b,-1,-1,-1,166610400,166610600,1
RX,14,895,430830b,-1,-1,-1,166630400,166630600,1
RX,14,896,8308308,-1,-1,-1,166636200,166636400,1
RX,14,896,0308308,-1,-1,-1,166652000,166652200,1
RX,14,896,4308308,-1,-1,-1,166672000,166672200,1
RX,14,922,8308302,-1,-1,-1,172356200,172356400,1
RX,14,922,0308302,-1,-1,-1,172372000,172372200,1
RX,14,922,4308302,-1,-1,-1,172392000,172392200,1
RX,14,931,830830b,-1,-1,-1,173956200,173956400,1
RX,14,931,030830b,-1,-1,-1,173972000,173972200,1
RX,14,931,430830b,-1,-1,-1,173992000,173992200,1
RX,14,933,8308309,-1,-1,-1,174356200,174356400,1
RX,14,933,0308309,-1,-1,-1,174372000,174372200,1
RX,14,933,4308309,-1,-1,-1,174392000,174392200,1
RX,14,969,8308309,-1,-1,-1,179936200,179936400,1
RX,14,969,0308309,-1,-1,-1,179952000,179952200,1
RX,14,969,4308309,-1,-1,-1,179972000,179972200,1
RX,15,2,830c30e,-1,-1,-1,576200,576400,1
RX,15,2,030c30e,-1,-1,-1,592000,592200,1
RX,15,2,430c30e,-1,-1,-1,612000,612200,1
RX,15,3,830c30f,-1,-1,-1,796200,796400,1
RX,15,3,030c30f,-1,-1,-1,812000,812200,1
RX,15,3,430c30f,-1,-1,-1,832000,832200,1
RX,15,19,830c30f,-1,-1,-1,3716200,3716400,1
RX,15,19,030c30f,-1,-1,-1,3732000,3732200,1
RX,15,19,430c30f,-1,-1,-1,3752000,3752200,1
RX,15,51,830c30f,-1,-1,-1,9996200,9996400,1
RX,15,51,030c30f,-1,-1,-1,10012000,10012200,1
RX,15,51,430c30f,-1,-1,-1,10032000,10032200,1
RX,15,65,830c30d,-1,-1,-1,12936200,12936400,1
RX,15,65,030c30d,-1,-1,-1,12952000,12952200,1
RX,15,65,430c30d,-1,-1,-1,12972000,12972200,1
RX,15,66,830c30e,-1,-1,-1,13196200,13196400,1
RX,15,66,030c30e,-1,-1,-1,13212000,13212200,1
RX,15,66,430c30e,-1,-1,-1,13232000,13232200,1
RX,15,69,830c30d,-1,-1,-1,13516200,13516400,1
RX,15,69,030c30d,-1,-1,-1,13532000,13532200,1
RX,15,69,430c30d,-1,-1,-1,13552000,13552200,1
RX,15,80,830c30c,-1,-1,-1,15656200,15656400,1
RX,15,80,030c30c,-1,-1,-1,15672000,15672200,1
RX,15,80,430c30c,-1,-1,-1,15692000,15692200,1
RX,15,121,830c30d,-1,-1,-1,22576200,22576400,1
RX,15,121,030c30d,-1,-1,-1,22592000,22592200,1
RX,15,121,430c30d,-1,-1,-1,22612000,22612200,1
RX,15,152,830c30c,-1,-1,-1,28156200,28156400,1
RX,15,152,030c30c,-1,-1,-1,28172000,28172200,1
RX,15,152,430c30c,-1,-1,-1,28192000,28192200,1
RX,15,155,830c30f,-1,-1,-1,28676200,28676400,1
RX,15,155,030c30f,-1,-1,-1,28692000,28692200,1
RX,15,155,430c30f,-1,-1,-1,28712000,28712200,1
RX,15,165,830c30d,-1,-1,-1,30196200,30196400,1
RX,15,165,030c30d,-1,-1,-1,30212000,30212200,1
RX,15,165,430c30d,-1,-1,-1,30232000,30232200,1
RX,15,179,830c30f,-1,-1,-1,32591800,32592000,1
RX,15,179,030c30f,-1,-1,-1,32610400,32610600,1
RX,15,179,430c30f,-1,-1,-1,32630400,32630600,1
RX,15,180,830c30c,-1,-1,-1,33016200,33016400,1
RX,15,180,030c30c,-1,-1,-1,33032000,33032200,1
RX,15,180,430c30c,-1,-1,-1,33052000,33052200,1
RX,15,181,830c30d,-1,-1,-1,33436200,33436400,1
RX,15,181,030c30d,-1,-1,-1,33452000,33452200,1
RX,15,181,430c30d,-1,-1,-1,33472000,33472200,1
RX,15,189,830c30d,-1,-1,-1,35136200,35136400,1
RX,15,189,030c30d,-1,-1,-1,35152000,35152200,1
RX,15,189,430c30d,-1,-1,-1,35172000,35172200,1
RX,15,199,830c30f,-1,-1,-1,37536200,37536400,1
RX,15,199,030c30f,-1,-1,-1,37552000,37552200,1
RX,15,199,430c30f,-1,-1,-1,37572000,37572200,1
RX,15,216,830c308,-1,-1,-1,40056200,40056400,1
RX,15,216,030c308,-1,-1,-1,40072000,40072200,1
RX,15,216,430c308,-1,-1,-1,40092000,40092200,1
RX,15,225,830c30d,-1,-1,-1,41431800,41432000,1
RX,15,225,030c30d,-1,-1,-1,41450400,41450600,1
RX,15,225,430c30d,-1,-1,-1,41470400,41470600,1
RX,15,262,830c30e,-1,-1,-1,45771800,45772000,1
RX,15,262,030c30e,-1,-1,-1,45790400,45790600,1
RX,15,262,430c30e,-1,-1,-1,45810400,45810600,1
RX,15,281,830c30d,-1,-1,-1,49156200,49156400,1
RX,15,281,030c30d,-1,-1,-1,49172000,49172200,1
RX,15,281,430c30d,-1,-1,-1,49192000,49192200,1
RX,15,305,830c30d,-1,-1,-1,53616200,53616400,1
RX,15,305,030c30d,-1,-1,-1,53632000,53632200,1
RX,15,305,430c30d,-1,-1,-1,53652000,53652200,1
RX,15,316,830c30c,-1,-1,-1,55111800,55112000,1
RX,15,316,030c30c,-1,-1,-1,55130400,55130600,1
RX,15,316,430c30c,-1,-1,-1,55150400,55150600,1
RX,15,321,830c305,-1,-1,-1,55931800,55932000,1
RX,15,321,030c305,-1,-1,-1,55950400,55950600,1
RX,15,321,430c305,-1,-1,-1,55970400,55970600,1
RX,15,348,830c30c,-1,-1,-1,62391800,62392000,1
RX,15,348,030c30c,-1,-1,-1,62410400,62410600,1
RX,15,348,430c30c,-1,-1,-1,62430400,62430600,1
RX,15,349,830c30d,-1,-1,-1,62516200,62516400,1
RX,15,349,030c30d,-1,-1,-1,62532000,62532200,1
RX,15,349,430c30d,-1,-1,-1,62552000,62552200,1
RX,15,385,830c30d,-1,-1,-1,68916200,68916400,1
RX,15,385,030c30d,-1,-1,-1,68932000,68932200,1
RX,15,385,430c30d,-1,-1,-1,68952000,68952200,1
RX,15,388,830c30c,-1,-1,-1,69471800,69472000,1
RX,15,388,030c30c,-1,-1,-1,69490400,69490600,1
RX,15,388,430c30c,-1,-1,-1,69510400,69510600,1
RX,15,390,830c30e,-1,-1,-1,69616200,69616400,1
RX,15,390,030c30e,-1,-1,-1,69632000,69632200,1
RX,15,390,430c30e,-1,-1,-1,69652000,69652200,1
RX,15,399,830c30f,-1,-1,-1,70916200,70916400,1
RX,15,399,030c30f,-1,-1,-1,70932000,70932200,1
RX,15,399,430c30f,-1,-1,-1,70952000,70952200,1
RX,15,407,830c30f,-1,-1,-1,73036200,73036400,1
RX,15,407,030c30f,-1,-1,-1,73052000,73052200,1
RX,15,407,430c30f,-1,-1,-1,73072000,73072200,1
RX,15,426,830c30e,-1,-1,-1,75296200,75296400,1
RX,15,426,030c30e,-1,-1,-1,75312000,75312200,1
RX,15,426,430c30e,-1,-1,-1,75332000,75332200,1
RX,15,449,830c30d,-1,-1,-1,80316200,80316400,1
RX,15,449,030c30d,-1,-1,-1,80332000,80332200,1
RX,15,449,430c30d,-1,-1,-1,80352000,80352200,1
RX,15,482,830c30e,-1,-1,-1,85436200,85436400,1
RX,15,482,030c30e,-1,-1,-1,85452000,85452200,1
RX,15,482,430c30e,-1,-1,-1,85472000,85472200,1
RX,15,492,830c204,-1,-1,-1,86756200,86756400,1
RX,15,492,030c204,-1,-1,-1,86772000,86772200,1
RX,15,492,430c204,-1,-1,-1,86792000,86792200,1
RX,15,494,830c30e,-1,-1,-1,86876200,86876400,1
RX,15,494,030c30e,-1,-1,-1,86892000,86892200,1
RX,15,494,430c30e,-1,-1,-1,86912000,86912200,1
RX,15,507,830c30f,-1,-1,-1,88996200,88996400,1
RX,15,507,030c30f,-1,-1,-1,89012000,89012200,1
RX,15,507,430c30f,-1,-1,-1,89032000,89032200,1
RX,15,552,830c30c,-1,-1,-1,98536200,98536400,1
RX,15,552,030c30c,-1,-1,-1,98552000,98552200,1
RX,15,552,430c30c,-1,-1,-1,98572000,98572200,1
RX,15,557,830c30d,-1,-1,-1,99756200,99756400,1
RX,15,557,030c30d,-1,-1,-1,99772000,99772200,1
RX,15,557,430c30d,-1,-1,-1,99792000,99792200,1
RX,15,565,830c30d,-1,-1,-1,101676200,101676400,1
RX,15,565,030c30d,-1,-1,-1,101692000,101692200,1
RX,15,565,430c30d,-1,-1,-1,101712000,101712200,1
RX,15,569,830c30d,-1,-1,-1,102476200,102476400,1
RX,15,569,030c30d,-1,-1,-1,102492000,102492200,1
RX,15,569,430c30d,-1,-1,-1,102512000,102512200,1
RX,15,582,830c10a,-1,-1,-1,104216200,104216400,1
RX,15,582,030c10a,-1,-1,-1,104232000,104232200,1
RX,15,582,430c10a,-1,-1,-1,104252000,104252200,1
RX,15,585,830c30d,-1,-1,-1,104556200,104556400,1
RX,15,585,030c30d,-1,-1,-1,104572000,104572200,1
RX,15,585,430c30d,-1,-1,-1,104592000,104592200,1
RX,15,607,830c30f,-1,-1,-1,109371800,109372000,1
RX,15,607,030c30f,-1,-1,-1,109390400,109390600,1
RX,15,607,430c30f,-1,-1,-1,109410400,109410600,1
RX,15,610,830c30e,-1,-1,-1,109936200,109936400,1
RX,15,610,030c30e,-1,-1,-1,109952000,109952200,1
RX,15,610,430c30e,-1,-1,-1,109972000,109972200,1
RX,15,622,830c30e,-1,-1,-1,111776200,111776400,1
RX,15,622,030c30e,-1,-1,-1,111792000,111792200,1
RX,15,622,430c30e,-1,-1,-1,111812000,111812200,1
RX,15,639,830c30f,-1,-1,-1,115116200,115116400,1
RX,15,639,030c30f,-1,-1,-1,115132000,115132200,1
RX,15,639,430c30f,-1,-1,-1,115152000,115152200,1
RX,15,645,830c30d,-1,-1,-1,117296200,117296400,1
RX,15,645,030c30d,-1,-1,-1,117312000,117312200,1
RX,15,645,430c30d,-1,-1,-1,117332000,117332200,1
RX,15,650,830c30e,-1,-1,-1,118276200,118276400,1
RX,15,650,030c30e,-1,-1,-1,118292000,118292200,1
RX,15,650,430c30e,-1,-1,-1,118312000,118312200,1
RX,15,653,830c30d,-1,-1,-1,119116200,119116400,1
RX,15,653,030c30d,-1,-1,-1,119132000,119132200,1
RX,15,653,430c30d,-1,-1,-1,119152000,119152200,1
RX,15,676,830c30c,-1,-1,-1,123996200,123996400,1
RX,15,676,030c30c,-1,-1,-1,124012000,124012200,1
RX,15,676,430c30c,-1,-1,-1,124032000,124032200,1
RX,15,689,830c30d,-1,-1,-1,127056200,127056400,1
RX,15,689,030c30d,-1,-1,-1,127072000,127072200,1
RX,15,689,430c30d,-1,-1,-1,127092000,127092200,1
RX,15,695,830c30f,-1,-1,-1,128051800,128052000,1
RX,15,695,030c30f,-1,-1,-1,128070400,128070600,1
RX,15,695,430c30f,-1,-1,-1,128090400,128090600,1
RX,15,704,830c30c,-1,-1,-1,130076200,130076400,1
RX,15,704,030c30c,-1,-1,-1,130092000,130092200,1
RX,15,704,430c30c,-1,-1,-1,130112000,130112200,1
RX,15,727,830c30f,-1,-1,-1,135451800,135452000,1
RX,15,727,030c30f,-1,-1,-1,135470400,135470600,1
RX,15,727,430c30f,-1,-1,-1,135490400,135490600,1
RX,15,731,830c307,-1,-1,-1,136311800,136312000,1
RX,15,731,030c307,-1,-1,-1,136330400,136330600,1
RX,15,731,430c307,-1,-1,-1,136350400,136350600,1
RX,15,751,830c30f,-1,-1,-1,140036800,140037000,1
RX,15,751,030c30f,-1,-1,-1,140052000,140052200,1
RX,15,751,430c30f,-1,-1,-1,140072000,140072200,1
RX,15,768,830c30c,-1,-1,-1,142096200,142096400,1
RX,15,768,030c30c,-1,-1,-1,142112000,142112200,1
RX,15,768,430c30c,-1,-1,-1,142132000,142132200,1
RX,15,782,830c30e,-1,-1,-1,144736200,144736400,1
RX,15,782,030c30e,-1,-1,-1,144752000,144752200,1
RX,15,782,430c30e,-1,-1,-1,144772000,144772200,1
RX,15,814,830c30e,-1,-1,-1,150116200,150116400,1
RX,15,814,030c30e,-1,-1,-1,150132000,150132200,1
RX,15,814,430c30e,-1,-1,-1,150152000,150152200,1
RX,15,836,830c30c,-1,-1,-1,155076200,155076400,1
RX,15,836,030c30c,-1,-1,-1,155092000,155092200,1
RX,15,836,430c30c,-1,-1,-1,155112000,155112200,1
RX,15,839,830c30f,-1,-1,-1,156116200,156116400,1
RX,15,839,030c30f,-1,-1,-1,156132000,156132200,1
RX,15,839,430c30f,-1,-1,-1,156152000,156152200,1
RX,15,909,830c30d,-1,-1,-1,170176200,170176400,1
RX,15,909,030c30d,-1,-1,-1,170192000,170192200,1
RX,15,909,430c30d,-1,-1,-1,170212000,170212200,1
RX,15,911,830c30f,-1,-1,-1,170776200,170776400,1
RX,15,911,030c30f,-1,-1,-1,170792000,170792200,1
RX,15,911,430c30f,-1,-1,-1,170812000,170812200,1
RX,15,934,830c30e,-1,-1,-1,174636200,174636400,1
RX,15,934,030c30e,-1,-1,-1,174652000,174652200,1
RX,15,934,430c30e,-1,-1,-1,174672000,174672200,1
RX,15,951,830c30f,-1,-1,-1,177456200,177456400,1
RX,15,951,030c30f,-1,-1,-1,177472000,177472200,1
RX,15,951,430c30f,-1,-1,-1,177492000,177492200,1
RX,15,959,830c30f,-1,-1,-1,178611800,178612000,1
RX,15,959,030c30f,-1,-1,-1,178630400,178630600,1
RX,15,959,430c30f,-1,-1,-1,178650400,178650600,1
RX,15,968,830c30c,-1,-1,-1,179851800,179852000,1
RX,15,968,030c30c,-1,-1,-1,179870400,179870600,1
RX,15,968,430c30c,-1,-1,-1,179890400,179890600,1
RX,15,978,830c30e,-1,-1,-1,181616200,181616400,1
RX,15,978,030c30e,-1,-1,-1,181632000,181632200,1
RX,15,978,430c30e,-1,-1,-1,181652000,181652200,1
RX,15,981,830c30d,-1,-1,-1,181956200,181956400,1
RX,15,981,030c30d,-1,-1,-1,181972000,181972200,1
RX,15,981,430c30d,-1,-1,-1,181992000,181992200,1
