port,pkt_seq,original_event_id,tail_flit,head_inject_req_ps,head_ingress_ack_ps,tail_egress_req_ps,tail_capture_ps,per_dest_latency_ns,tmax_component_ns
4,2768,2768,4ad0941,160051,160385,276643,276743,116.258000,116.592000
4,2576,2576,4a10942,308051,308385,319915,320015,11.530000,11.864000
4,1376,1376,4560942,362051,362385,371051,371151,8.666000,9.000000
4,4688,4688,5250940,861051,861385,869980,870080,8.595000,8.929000
4,2912,2912,4b60940,813051,813385,874466,874566,61.081000,61.415000
4,5120,5120,5400942,859092,859426,961004,961104,101.578000,101.912000
5,2769,2769,4ad1941,174068,174394,283727,283827,109.333000,109.659000
5,2577,2577,4a11942,318201,318527,332194,332294,13.667000,13.993000
5,1377,1377,4561942,369065,369391,411952,412052,42.561000,42.887000
5,2913,2913,4b61940,819991,820317,880008,880108,59.691000,60.017000
5,4689,4689,5251940,867986,868312,884845,884945,16.533000,16.859000
5,5121,5121,5401942,866133,866459,1050162,1050262,183.703000,184.029000
6,1408,1408,4580941,52051,52385,66294,66394,13.909000,14.243000
6,1744,1744,46d0942,56051,56385,71167,71267,14.782000,15.116000
6,2752,2752,4ac0942,61051,61385,83867,83967,22.482000,22.816000
6,5680,5680,5630940,175051,175385,198549,198649,23.164000,23.498000
6,2770,2770,4ad2941,269304,269638,291805,291905,22.167000,22.501000
6,3088,3088,4c10943,325051,325385,333973,334073,8.588000,8.922000
6,2578,2578,4a12942,325283,325617,345892,345992,20.275000,20.609000
6,1378,1378,4562942,394361,394695,423693,423793,28.998000,29.332000
6,5008,5008,5390940,693051,693385,701895,701995,8.510000,8.844000
6,2914,2914,4b62940,827081,827415,885689,885789,58.274000,58.608000
6,4690,4690,5252940,875040,875374,900743,900843,25.369000,25.703000
6,4912,4912,5330942,648051,648385,982068,982168,333.683000,334.017000
6,5122,5122,5402942,900757,901091,999096,999196,98.005000,98.339000
7,1440,1440,45a0942,30051,30385,36787,36887,6.402000,6.736000
7,2160,2160,4870940,33051,33385,45186,45286,11.801000,12.135000
7,4992,4992,5380941,51051,51385,63423,63523,12.038000,12.372000
7,1409,1409,4581941,59056,59382,73322,73422,13.940000,14.266000
7,1745,1745,46d1942,63015,63341,78144,78244,14.803000,15.129000
7,3648,3648,4e40942,82051,82385,86364,86464,3.979000,4.313000
7,2753,2753,4ac1942,67986,68312,90792,90892,22.480000,22.806000
7,2640,2640,4a50943,67051,67385,95671,95771,28.286000,28.620000
7,1632,1632,4660941,84051,84385,114943,115043,30.558000,30.892000
7,3936,3936,4f60940,107051,107385,125246,125346,17.861000,18.195000
7,912,912,4390941,114051,114385,132221,132321,17.836000,18.170000
7,1584,1584,4630941,107051,107385,141142,141242,33.757000,34.091000
7,240,240,40f0940,149051,149385,155713,155813,6.328000,6.662000
7,4080,4080,4ff0943,146051,146385,161497,161597,15.112000,15.446000
7,5681,5681,5631940,182015,182341,194470,194570,12.129000,12.455000
7,2592,2592,4a20940,180944,181278,199983,200083,18.705000,19.039000
7,1104,1104,4450943,128051,128384,245535,245635,117.151000,117.484000
7,288,288,4120940,226051,226385,250122,250222,23.737000,24.071000
7,2771,2771,4ad3941,276345,276671,296244,296344,19.573000,19.899000
7,3792,3792,4ed0943,304183,304517,334730,334830,30.213000,30.547000
7,384,384,4180941,329051,329385,340321,340421,10.936000,11.270000
7,3089,3089,4c11943,331950,332276,350978,351078,18.702000,19.028000
7,2579,2579,4a13942,332320,332646,362553,362653,29.907000,30.233000
7,672,672,42a0940,357051,357385,367397,367497,10.012000,10.346000
7,1248,1248,44e0942,300167,300501,371941,372041,71.440000,71.774000
7,432,432,41b0942,289051,289385,388557,388657,99.172000,99.506000
7,1379,1379,4563942,415983,416309,447573,447673,31.264000,31.590000
7,2928,2928,4b70942,413051,413385,458634,458734,45.249000,45.583000
7,576,576,4240942,506051,506385,525086,525186,18.701000,19.035000
7,6000,6000,5770942,607646,607980,641255,641355,33.275000,33.609000
7,528,528,4210942,540051,540385,646106,646206,105.721000,106.055000
7,4704,4704,5260940,646051,646385,654700,654800,8.315000,8.649000
7,4913,4913,5331942,655080,655406,667289,667389,11.883000,12.209000
7,5009,5009,5391940,699962,700288,708908,709008,8.620000,8.946000
7,6288,6288,5890941,799051,799385,808102,808202,8.717000,9.051000
7,3456,3456,4d80941,831243,831577,859336,859436,27.759000,28.093000
7,2915,2915,4b63940,879460,879786,892045,892145,12.259000,12.585000
7,4691,4691,5253940,888790,889116,915407,915507,26.291000,26.617000
7,5856,5856,56e0942,884051,884385,921268,921368,36.883000,37.217000
7,768,768,4300941,902051,902385,927113,927213,24.728000,25.062000
7,4368,4368,5110942,548051,548385,942498,942598,394.113000,394.447000
7,5472,5472,5560941,940188,940522,948350,948450,7.828000,8.162000
7,5123,5123,5403942,913816,914142,954152,954252,40.010000,40.336000
7,3264,3264,4cc0943,626593,626927,985458,985558,358.531000,358.865000
7,6144,6144,5800942,953166,953500,1105262,1105362,151.762000,152.096000
7,3600,3600,4e10942,1154733,1155067,1246000,1246100,90.933000,91.267000
7,3696,3696,4e70942,1393051,1393385,1402060,1402160,8.675000,9.009000
7,4752,4752,5290941,1424051,1424385,1436418,1436518,12.033000,12.367000
7,6192,6192,5830942,1610396,1610730,1619446,1619546,8.716000,9.050000
8,2161,2161,4871940,40015,40341,48913,49013,8.572000,8.898000
8,1441,1441,45a1942,37015,37341,54630,54730,17.289000,17.615000
8,4993,4993,5381941,57976,58302,68581,68681,10.279000,10.605000
8,1410,1410,4582941,66092,66426,75512,75612,9.086000,9.420000
8,2754,2754,4ac2942,74971,75305,81751,81851,6.446000,6.780000
8,1746,1746,46d2942,70032,70366,86260,86360,15.894000,16.228000
8,2641,2641,4a51943,75062,75388,93237,93337,17.849000,18.175000
8,3649,3649,4e41942,87504,87830,114956,115056,27.126000,27.452000
8,1633,1633,4661941,90976,91302,120028,120128,28.726000,29.052000
8,1585,1585,4631941,113976,114302,153072,153172,38.770000,39.096000
8,3937,3937,4f61940,114028,114354,158656,158756,44.302000,44.628000
8,4081,4081,4ff1943,153014,153340,168222,168322,14.882000,15.208000
8,241,241,40f1940,156015,156341,175198,175298,18.857000,19.183000
8,1105,1105,4451943,164929,165255,187512,187612,22.257000,22.583000
8,2593,2593,4a21940,187943,188269,198592,198692,10.323000,10.649000
8,5682,5682,5632940,188961,189295,203465,203565,14.170000,14.504000
8,913,913,4391941,121014,121340,220697,220797,99.357000,99.683000
8,289,289,4121940,248656,248982,260929,261030,11.947000,12.273000
8,2772,2772,4ad4941,284671,285005,299657,299757,14.652000,14.986000
8,433,433,41b1942,296055,296381,304166,304266,7.785000,8.111000
8,1249,1249,44e1942,307170,307496,315762,315862,8.266000,8.592000
8,3793,3793,4ed1943,312278,312604,337679,337779,25.075000,25.401000
8,385,385,4181941,336056,336382,361344,361444,24.962000,25.288000
8,3090,3090,4c12943,344528,344862,373549,373649,28.687000,29.021000
8,673,673,42a1940,364015,364341,385060,385160,20.719000,21.045000
8,2580,2580,4a14942,343574,343908,396597,396697,52.689000,53.023000
8,2929,2929,4b71942,419962,420288,426934,427034,6.646000,6.972000
8,1380,1380,4564942,423314,423648,474336,474436,50.688000,51.022000
8,577,577,4241942,512986,513312,535791,535891,22.479000,22.805000
8,4369,4369,5111942,555061,555387,564428,564528,9.041000,9.367000
8,529,529,4211942,547824,548150,620434,620534,72.284000,72.610000
8,4705,4705,5261940,653028,653354,665042,665142,11.688000,12.014000
8,4914,4914,5332942,662180,662514,670562,670662,8.048000,8.382000
8,6001,6001,5771942,639664,639990,676104,676204,36.114000,36.440000
8,5010,5010,5392940,706927,707261,721298,721398,14.037000,14.371000
8,6289,6289,5891941,806014,806340,818511,818611,12.171000,12.497000
8,3457,3457,4d81941,853532,853858,868522,868622,14.664000,14.990000
8,2916,2916,4b64940,886550,886884,895606,895706,8.722000,9.056000
8,4692,4692,5254940,905830,906164,918426,918526,12.262000,12.596000
8,769,769,4301941,909014,909340,924215,924315,14.875000,15.201000
8,5857,5857,56e1942,891015,891341,929976,930076,38.635000,38.961000
8,5124,5124,5404942,937245,937579,946314,946414,8.735000,9.069000
8,5473,5473,5561941,947288,947614,963624,963724,16.010000,16.336000
8,3265,3265,4cc1943,663638,663964,982178,982278,318.214000,318.540000
8,6145,6145,5801942,1007765,1008091,1016369,1016469,8.278000,8.604000
8,3601,3601,4e11942,1177810,1178136,1190554,1190654,12.418000,12.744000
8,3697,3697,4e71942,1399986,1400312,1412161,1412261,11.849000,12.175000
8,4753,4753,5291941,1431014,1431340,1439951,1440051,8.611000,8.937000
8,6193,6193,5831942,1617380,1617706,1629773,1629873,12.067000,12.393000
9,2755,2755,4ac3942,82016,82342,88765,88865,6.423000,6.749000
9,1411,1411,4583941,73097,73423,93354,93454,19.931000,20.257000
9,1747,1747,46d3942,77101,77427,98844,98944,21.417000,21.743000
9,5683,5683,5633940,195967,196293,209243,209343,12.950000,13.276000
9,2773,2773,4ad5941,297806,298132,306732,306832,8.600000,8.926000
9,3091,3091,4c13943,356158,356484,402375,402475,45.891000,46.217000
9,2581,2581,4a15942,355197,355523,415968,416068,60.445000,60.771000
9,1381,1381,4565942,435029,435355,488479,488579,53.124000,53.450000
9,4915,4915,5333942,669229,669555,681624,681724,12.069000,12.395000
9,5011,5011,5393940,713870,714196,727778,727878,13.582000,13.908000
9,2917,2917,4b65940,893614,893940,902720,902820,8.780000,9.106000
9,4693,4693,5255940,912874,913200,952092,952192,38.892000,39.218000
9,5125,5125,5405942,944254,944580,957823,957923,13.243000,13.569000
10,2774,2774,4ad6941,304883,305217,313717,313817,8.500000,8.834000
10,2582,2582,4a16942,369050,369384,460358,460458,90.974000,91.308000
10,1382,1382,4566942,458436,458770,541724,541824,82.954000,83.288000
10,2918,2918,4b66940,900704,901038,909703,909803,8.665000,8.999000
10,4694,4694,5256940,919823,920157,937390,937490,17.233000,17.567000
10,5126,5126,5406942,951299,951633,963783,963883,12.150000,12.484000
11,2775,2775,4ad7941,311912,312238,320740,320840,8.502000,8.828000
11,2583,2583,4a17942,376087,376413,530898,530998,154.485000,154.811000
11,1383,1383,4567942,465500,465826,567777,567877,101.951000,102.277000
11,2919,2919,4b67940,907743,908069,929923,930023,21.854000,22.180000
11,4695,4695,5257940,927608,927934,944650,944750,16.716000,17.042000
11,5127,5127,5407942,958308,958634,977417,977517,18.783000,19.109000
20,2776,2776,4ad8941,318941,319275,338071,338171,18.796000,19.130000
20,2584,2584,4a18942,384354,384688,529289,529389,144.601000,144.935000
20,1384,1384,4568942,489034,489368,543421,543521,54.053000,54.387000
20,3680,3680,4e60940,592051,592385,609317,609417,16.932000,17.266000
20,2920,2920,4b68940,914846,915180,939134,939234,23.954000,24.288000
20,4696,4696,5258940,939238,939572,948222,948322,8.650000,8.984000
20,5128,5128,5408942,965353,965687,987693,987793,22.006000,22.340000
21,2777,2777,4ad9941,325975,326301,351846,351946,25.545000,25.871000
21,2585,2585,4a19942,489027,489353,536349,536449,46.996000,47.322000
21,1385,1385,4569942,541454,541780,557490,557590,15.710000,16.036000
21,3681,3681,4e61940,598986,599312,678497,678597,79.185000,79.511000
21,2921,2921,4b69940,928654,928980,950399,950499,21.419000,21.745000
21,4697,4697,5259940,946267,946593,955271,955371,8.678000,9.004000
21,5129,5129,5409942,982262,982588,994737,994837,12.149000,12.475000
22,880,880,4370943,89051,89385,100688,100788,11.303000,11.637000
22,1748,1748,46d4942,84047,84381,109142,109242,24.761000,25.095000
22,1412,1412,4584941,80854,81188,113629,113729,32.441000,32.775000
22,2756,2756,4ac4942,88957,89291,119327,119427,30.036000,30.370000
22,1216,1216,44c0940,106051,106385,167227,167327,60.842000,61.176000
22,5684,5684,5634940,202913,203247,268524,268624,65.277000,65.611000
22,2778,2778,4ada941,333009,333343,377505,377605,44.162000,44.496000
22,3092,3092,4c14943,363266,363600,383038,383138,19.438000,19.772000
22,6304,6304,58a0943,373216,373550,398506,398606,24.956000,25.290000
22,1312,1312,4520943,429051,429385,453098,453198,23.713000,24.047000
22,2586,2586,4a1a942,534367,534701,546044,546144,11.343000,11.677000
22,1386,1386,456a942,555556,555890,571633,571733,15.743000,16.077000
22,3952,3952,4f70943,588051,588385,604367,604467,15.982000,16.316000
22,3682,3682,4e62940,606020,606354,701014,701114,94.660000,94.994000
22,5012,5012,5394940,720835,721169,729838,729938,8.669000,9.003000
22,64,64,4040941,656051,656385,773597,773697,117.212000,117.546000
22,4916,4916,5334942,676802,677136,783753,783853,106.617000,106.951000
22,2922,2922,4b6a940,941037,941371,956283,956383,14.912000,15.246000
22,4698,4698,525a940,953301,953635,966759,966859,13.124000,13.458000
22,5130,5130,540a942,989173,989507,1001877,1001977,12.370000,12.704000
22,3520,3520,4dc0943,1222136,1222470,1288036,1288136,65.566000,65.900000
23,1442,1442,45a2942,43961,44295,50699,50799,6.404000,6.738000
23,2162,2162,4872940,47030,47364,59074,59174,11.710000,12.044000
23,3650,3650,4e42942,94438,94772,98749,98849,3.977000,4.311000
23,4994,4994,5382941,65031,65365,103398,103498,38.033000,38.367000
23,2642,2642,4a52943,88078,88412,107981,108081,19.569000,19.903000
23,1749,1749,46d5942,91098,91424,120713,120813,29.289000,29.615000
23,881,881,4371943,96065,96391,126457,126557,30.066000,30.392000
23,1413,1413,4585941,88958,89284,131126,131226,41.842000,42.168000
23,2757,2757,4ac5942,95873,96199,137021,137121,40.822000,41.148000
23,1634,1634,4662941,98004,98338,146915,147015,48.577000,48.911000
23,3938,3938,4f62940,121035,121369,172680,172780,51.311000,51.645000
23,242,242,40f2940,162961,163295,177558,177658,14.263000,14.597000
23,4082,4082,4ff2943,162733,163067,183388,183488,20.321000,20.655000
23,1106,1106,4452943,171951,172285,187897,187997,15.612000,15.946000
23,1586,1586,4632941,121031,121365,192769,192869,71.404000,71.738000
23,2594,2594,4a22940,194955,195289,207063,207163,11.774000,12.108000
23,1217,1217,44c1940,113015,113341,239794,239894,126.453000,126.779000
23,914,914,4392941,128045,128379,257403,257503,129.024000,129.358000
23,290,290,4122940,255625,255959,262998,263098,7.039000,7.373000
23,5685,5685,5635940,209877,210203,274438,274538,64.235000,64.561000
23,1250,1250,44e2942,314177,314511,326420,326520,11.909000,12.243000
23,434,434,41b2942,303062,303396,351435,351535,48.039000,48.373000
23,386,386,4182941,346434,346768,356987,357087,10.219000,10.553000
23,3093,3093,4c15943,379218,379544,394436,394536,14.892000,15.218000
23,2779,2779,4adb941,340043,340369,400329,400429,59.960000,60.286000
23,6305,6305,58a1943,396658,396984,405525,405625,8.541000,8.867000
23,3794,3794,4ed2943,327257,327591,442024,442124,114.433000,114.767000
23,2930,2930,4b72942,426954,427288,451849,451949,24.561000,24.895000
23,674,674,42a2940,371101,371435,457602,457702,86.167000,86.501000
23,1313,1313,4521943,435976,436302,464241,464341,27.939000,28.265000
23,2587,2587,4a1b942,541370,541696,550526,550626,8.830000,9.156000
23,1387,1387,456b942,569692,570018,585767,585867,15.749000,16.075000
23,578,578,4242942,526587,526921,610165,610265,83.244000,83.578000
23,3953,3953,4f71943,595063,595389,615924,616024,20.535000,20.861000
23,4706,4706,5262940,660083,660417,672932,673032,12.515000,12.849000
23,530,530,4212942,600593,600927,677775,677875,76.848000,77.182000
23,6002,6002,5772942,646771,647105,684143,684243,37.038000,37.372000
23,4370,4370,5112942,562087,562421,689660,689760,127.239000,127.573000
23,4917,4917,5335942,683740,684066,712436,712536,28.370000,28.696000
23,3683,3683,4e63940,613115,613441,734838,734938,121.397000,121.723000
23,65,65,4041941,662976,663302,751866,751966,88.564000,88.890000
23,5013,5013,5395940,727832,728158,813907,814007,85.749000,86.075000
23,6290,6290,5892941,812994,813328,822150,822250,8.822000,9.156000
23,3458,3458,4d82941,860630,860964,875630,875730,14.666000,15.000000
23,770,770,4302941,916096,916430,930388,930488,13.958000,14.292000
23,5858,5858,56e2942,920240,920574,935231,935331,14.657000,14.991000
23,5474,5474,5562941,954259,954593,961009,961109,6.416000,6.750000
23,4699,4699,525b940,960330,960656,972504,972604,11.848000,12.174000
23,3266,3266,4cc2943,980520,980854,1006318,1006418,25.464000,25.798000
23,5131,5131,540b942,996205,996531,1011174,1011274,14.643000,14.969000
23,2923,2923,4b6b940,948082,948408,1016961,1017061,68.553000,68.879000
23,6146,6146,5802942,1014758,1015092,1028671,1028771,13.579000,13.913000
23,3602,3602,4e12942,1190973,1191307,1257578,1257678,66.271000,66.605000
23,3521,3521,4dc1943,1263150,1263476,1293785,1293885,30.309000,30.635000
23,3698,3698,4e72942,1406996,1407330,1416050,1416150,8.720000,9.054000
23,4754,4754,5292941,1438043,1438377,1450472,1450572,12.095000,12.429000
23,6194,6194,5832942,1624390,1624724,1633451,1633551,8.727000,9.061000
24,2163,2163,4873940,53994,54320,62854,62954,8.534000,8.860000
24,1443,1443,45a3942,50925,51251,74327,74427,23.076000,23.402000
24,4995,4995,5383941,74462,74788,87510,87610,12.722000,13.048000
24,2758,2758,4ac6942,102904,103238,109439,109539,6.201000,6.535000
24,2643,2643,4a53943,99096,99422,114302,114402,14.880000,15.206000
24,882,882,4372943,106700,107034,125811,125911,18.777000,19.111000
24,1414,1414,4586941,95955,96289,130298,130397,34.009000,34.343000
24,3651,3651,4e43942,99890,100216,135805,135905,35.589000,35.915000
24,1750,1750,46d6942,98105,98439,147556,147656,49.117000,49.451000
24,1635,1635,4663941,117914,118240,155964,156064,37.724000,38.050000
24,3939,3939,4f63940,136237,136563,181979,182079,45.416000,45.742000
24,4083,4083,4ff3943,169787,170113,186826,186926,16.713000,17.039000
24,1587,1587,4633941,152175,152501,193046,193146,40.545000,40.871000
24,243,243,40f3940,170002,170328,214937,215037,44.609000,44.935000
24,2595,2595,4a23940,201954,202280,219501,219601,17.221000,17.547000
24,1218,1218,44c2940,136961,137295,248909,249009,111.614000,111.948000
24,915,915,4393941,201720,202046,266819,266919,64.773000,65.099000
24,291,291,4123940,262663,262989,274921,275021,11.932000,12.258000
24,5686,5686,5636940,216823,217157,280640,280740,63.483000,63.817000
24,435,435,41b3942,310066,310392,321305,321405,10.913000,11.239000
24,1107,1107,4453943,184096,184422,328274,328374,143.852000,144.178000
24,1251,1251,44e3942,321180,321506,332766,332866,11.260000,11.586000
24,2780,2780,4adc941,348297,348631,379334,379434,30.703000,31.037000
24,387,387,4183941,353439,353765,390843,390943,37.078000,37.404000
24,2931,2931,4b73942,433865,434191,440819,440919,6.628000,6.954000
24,3795,3795,4ed3943,334232,334558,445535,445635,110.977000,111.303000
24,1314,1314,4522943,444119,444453,453204,453304,8.751000,9.085000
24,6306,6306,58a2943,403638,403972,467478,467578,63.506000,63.840000
24,675,675,42a3940,378065,378391,502192,502292,123.801000,124.127000
24,3094,3094,4c16943,386338,386672,507059,507159,120.387000,120.721000
24,2588,2588,4a1c942,548503,548837,560998,561098,12.161000,12.495000
24,579,579,4243942,533637,533963,593495,593595,59.532000,59.858000
24,1388,1388,456c942,583794,584128,598004,598104,13.876000,14.210000
24,4371,4371,5113942,569097,569423,603532,603632,34.109000,34.435000
24,3954,3954,4f72943,602112,602446,614913,615013,12.467000,12.801000
24,531,531,4213942,631112,631438,666071,666171,34.633000,34.959000
24,3684,3684,4e64940,648478,648812,672681,672781,23.869000,24.203000
24,4707,4707,5263940,667092,667418,687170,687270,19.752000,20.078000
24,6003,6003,5773942,653831,654157,698448,698548,44.291000,44.617000
24,4918,4918,5336942,690840,691174,703335,703435,12.161000,12.495000
24,66,66,4042941,669938,670272,709090,709190,38.818000,39.152000
24,6291,6291,5893941,819997,820323,832515,832615,12.192000,12.518000
24,5014,5014,5396940,784030,784364,837079,837179,52.715000,53.049000
24,3459,3459,4d83941,870134,870460,884911,885011,14.451000,14.777000
24,771,771,4303941,923210,923536,935805,935905,12.269000,12.595000
24,5859,5859,56e3942,927204,927530,940337,940437,12.807000,13.133000
24,5475,5475,5563941,961279,961605,977460,977560,15.855000,16.181000
24,2924,2924,4b6c940,955161,955495,983218,983318,27.723000,28.057000
24,4700,4700,525c940,967364,967698,988942,989042,21.244000,21.578000
24,3267,3267,4cc3943,987502,987828,996241,996341,8.413000,8.739000
24,5132,5132,540c942,1003240,1003574,1018188,1018288,14.614000,14.948000
24,6147,6147,5803942,1021741,1022067,1030378,1030478,8.311000,8.637000
24,3603,3603,4e13942,1197976,1198302,1247142,1247242,48.840000,49.166000
24,3522,3522,4dc2943,1287386,1287720,1298045,1298145,10.325000,10.659000
24,3699,3699,4e73942,1413980,1414306,1426233,1426333,11.927000,12.253000
24,4755,4755,5293941,1445074,1445400,1454019,1454119,8.619000,8.945000
24,6195,6195,5833942,1631374,1631700,1643821,1643921,12.121000,12.447000
25,2759,2759,4ac7942,109907,110233,120526,120626,10.293000,10.619000
25,883,883,4373943,113785,114111,131846,131946,17.735000,18.061000
25,1415,1415,4587941,102969,103295,141647,141747,38.352000,38.678000
25,1751,1751,46d7942,105074,105400,161657,161757,56.257000,56.583000
25,1219,1219,44c3940,175006,175332,257368,257467,82.036000,82.362000
25,5687,5687,5637940,267343,267669,286636,286736,18.967000,19.293000
25,2781,2781,4add941,355390,355716,367769,367869,12.053000,12.379000
25,1315,1315,4523943,451190,451516,460185,460285,8.669000,8.995000
25,6307,6307,58a3943,410587,410913,481300,481400,70.387000,70.713000
25,3095,3095,4c17943,399248,399574,512783,512882,113.209000,113.535000
25,2589,2589,4a1d942,555502,555828,570394,570494,14.566000,14.892000
25,1389,1389,456d942,590866,591192,609405,609505,18.213000,18.539000
25,3955,3955,4f73943,609124,609450,626042,626142,16.592000,16.918000
25,3685,3685,4e65940,670720,671046,679647,679747,8.601000,8.927000
25,4919,4919,5337942,702820,703146,714816,714916,11.670000,11.996000
25,67,67,4043941,706347,706673,720553,720653,13.880000,14.206000
25,5015,5015,5397940,818558,818884,838261,838361,19.377000,19.703000
25,4701,4701,525d940,974342,974668,994686,994786,20.018000,20.344000
25,2925,2925,4b6d940,962206,962532,1000416,1000516,37.884000,38.210000
25,5133,5133,540d942,1010252,1010578,1025176,1025277,14.598000,14.924000
25,3523,3523,4dc3943,1294387,1294713,1316718,1316818,22.005000,22.331000
26,2782,2782,4ade941,365958,366292,374770,374870,8.478000,8.812000
26,2590,2590,4a1e942,562605,562939,576208,576308,13.269000,13.603000
26,1390,1390,456e942,597918,598252,626231,626331,27.979000,28.313000
26,3686,3686,4e66940,677740,678074,686635,686735,8.561000,8.895000
26,4702,4702,525e940,981309,981643,1006556,1006656,24.913000,25.247000
26,2926,2926,4b6e940,969285,969619,1012267,1012367,42.648000,42.982000
26,5134,5134,540e942,1023197,1023531,1080301,1080401,56.770000,57.104000
27,2783,2783,4adf941,372980,373306,381796,381896,8.490000,8.816000
27,2591,2591,4a1f942,569608,569934,582050,582150,12.116000,12.442000
27,1391,1391,456f942,604990,605316,632272,632372,26.956000,27.282000
27,3687,3687,4e67940,684733,685059,693603,693703,8.544000,8.870000
27,4703,4703,525f940,988338,988664,1000810,1000910,12.146000,12.472000
27,2927,2927,4b6f940,994223,994549,1017960,1018060,23.411000,23.737000
27,5135,5135,540f942,1078575,1078901,1087448,1087548,8.547000,8.873000
36,704,704,42c0943,197051,197385,215967,216067,18.582000,18.916000
36,2816,2816,4b00940,377051,377385,417802,417902,40.417000,40.751000
36,5264,5264,5490943,499580,499914,557022,557122,57.108000,57.442000
36,3688,3688,4e68940,691753,692087,713751,713851,21.664000,21.998000
36,1904,1904,4770940,1221051,1221385,1233445,1233545,12.060000,12.394000
37,705,705,42c1943,204065,204391,223078,223178,18.687000,19.013000
37,2817,2817,4b01940,384050,384376,396192,396292,11.816000,12.142000
37,5265,5265,5491943,506613,506939,570152,570252,63.213000,63.539000
37,3689,3689,4e69940,698746,699072,768476,768576,69.404000,69.730000
37,1905,1905,4771940,1228043,1228369,1251724,1251824,23.355000,23.681000
38,884,884,4374943,120822,121156,129709,129809,8.553000,8.887000
38,1752,1752,46d8942,125718,126052,141203,141303,15.151000,15.485000
38,1416,1416,4588941,115967,116301,155769,155869,39.468000,39.802000
38,2760,2760,4ac8942,116914,117248,160642,160742,43.394000,43.728000
38,3664,3664,4e50941,177051,177385,183855,183955,6.470000,6.804000
38,706,706,42c2943,211085,211419,234474,234574,23.055000,23.389000
38,1220,1220,44c4940,250599,250933,267152,267252,16.219000,16.553000
38,5688,5688,5638940,274336,274670,334468,334568,59.798000,60.132000
38,3096,3096,4c18943,406283,406617,435328,435428,28.711000,29.045000
38,6308,6308,58a4943,417567,417901,481064,481164,63.163000,63.497000
38,2818,2818,4b02940,391094,391428,508520,508620,117.092000,117.426000
38,1316,1316,4524943,458207,458541,514063,514163,55.522000,55.856000
38,1264,1264,44f0941,474855,475189,524201,524301,49.012000,49.346000
38,5266,5266,5492943,528315,528649,571060,571160,42.411000,42.745000
38,1504,1504,45e0940,609051,609385,681951,682051,72.566000,72.900000
38,3956,3956,4f74943,618746,619080,689751,689851,70.671000,71.005000
38,4920,4920,5338942,709792,710126,734714,734814,24.588000,24.922000
38,68,68,4044941,713314,713648,740645,740745,26.997000,27.331000
38,3690,3690,4e6a940,705766,706100,791818,791918,85.718000,86.052000
38,5016,5016,5398940,825522,825856,841858,841958,16.002000,16.336000
38,4960,4960,5360942,1230051,1230385,1245870,1245970,15.485000,15.819000
38,1906,1906,4772940,1235021,1235355,1257627,1257727,22.272000,22.606000
38,3524,3524,4dc4943,1314745,1315079,1332685,1332785,17.606000,17.940000
39,1444,1444,45a4942,57871,58205,62161,62261,3.956000,4.290000
39,2164,2164,4874940,61009,61343,80580,80680,19.237000,19.571000
39,4996,4996,5384941,82050,82384,120548,120648,38.164000,38.498000
39,2644,2644,4a54943,113114,113448,132163,132263,18.715000,19.049000
39,3652,3652,4e44942,106786,107120,140257,140357,33.137000,33.471000
39,885,885,4375943,127776,128102,146996,147096,18.894000,19.220000
39,1753,1753,46d9942,132801,133127,152829,152929,19.702000,20.028000
39,1417,1417,4589941,134288,134614,166802,166902,32.188000,32.514000
39,2761,2761,4ac9942,126657,126983,173268,173368,46.285000,46.611000
39,3940,3940,4f64940,175219,175553,185372,185472,9.819000,10.153000
39,3665,3665,4e51941,183990,184316,190805,190905,6.489000,6.815000
39,244,244,40f4940,178923,179257,195723,195823,16.466000,16.800000
39,4084,4084,4ff4943,176817,177151,201525,201625,24.374000,24.708000
39,1108,1108,4454943,191118,191452,206134,206234,14.682000,15.016000
39,1636,1636,4664941,124942,125276,234184,234284,108.908000,109.242000
39,1588,1588,4634941,159230,159564,239935,240035,80.371000,80.705000
39,2596,2596,4a24940,208966,209300,245654,245754,36.354000,36.688000
39,1221,1221,44c5940,258659,258984,275807,275907,16.823000,17.148000
39,292,292,4124940,269632,269966,280369,280469,10.403000,10.737000
39,916,916,4394941,227223,227557,285980,286080,58.423000,58.757000
39,707,707,42c3943,224682,225008,297134,297234,72.126000,72.452000
39,5689,5689,5639940,285740,286066,341643,341743,55.577000,55.903000
39,436,436,41b4942,317073,317407,357532,357632,40.125000,40.459000
39,388,388,4184941,363164,363498,369733,369833,6.235000,6.569000
39,1252,1252,44e4942,328187,328521,406183,406283,77.662000,77.996000
39,3097,3097,4c19943,413283,413609,464524,464624,50.915000,51.241000
39,2932,2932,4b74942,440880,441214,470406,470506,29.192000,29.526000
39,676,676,42a4940,461815,462149,475268,475368,13.119000,13.453000
39,6309,6309,58a5943,437625,437951,487073,487173,49.122000,49.448000
39,3796,3796,4ed4943,429609,429943,519673,519773,89.730000,90.064000
39,1265,1265,44f1941,494868,495194,530174,530274,34.980000,35.306000
39,1317,1317,4525943,465212,465538,534684,534784,69.146000,69.472000
39,5267,5267,5493943,538336,538662,592520,592620,53.858000,54.184000
39,580,580,4244942,573180,573514,603735,603835,30.221000,30.555000
39,532,532,4214942,648755,649089,691894,691994,42.805000,43.139000
39,4708,4708,5264940,674147,674481,696426,696526,21.945000,22.279000
39,6004,6004,5774942,680784,681118,706773,706873,25.655000,25.989000
39,4372,4372,5114942,576123,576457,723629,723729,147.172000,147.506000
39,3957,3957,4f75943,625855,626181,729227,729327,103.046000,103.372000
39,4921,4921,5339942,720694,721020,757267,757367,36.247000,36.573000
39,69,69,4045941,720292,720618,768451,768551,47.833000,48.159000
39,3691,3691,4e6b940,728963,729289,820178,820278,90.889000,91.215000
39,6292,6292,5894941,827048,827382,836079,836179,8.697000,9.031000
39,5017,5017,5399940,832552,832878,847831,847931,14.953000,15.279000
39,3460,3460,4d84941,877232,877566,889450,889550,11.884000,12.218000
39,1505,1505,45e1940,615995,616321,897732,897832,281.411000,281.737000
39,2819,2819,4b03940,398139,398465,903895,903995,505.430000,505.756000
39,772,772,4304941,932153,932487,944770,944870,12.283000,12.617000
39,5860,5860,56e4942,934665,934999,949673,949773,14.674000,15.008000
39,5476,5476,5564941,968250,968584,975008,975108,6.424000,6.758000
39,3268,3268,4cc4943,994541,994875,1022952,1023052,28.077000,28.411000
39,6148,6148,5804942,1028810,1029144,1043001,1043100,13.857000,14.191000
39,4961,4961,5361942,1236963,1237289,1251713,1251813,14.424000,14.750000
39,1907,1907,4773940,1242013,1242339,1264616,1264716,22.277000,22.603000
39,3604,3604,4e14942,1247553,1247887,1270496,1270596,22.609000,22.943000
39,3525,3525,4dc5943,1321745,1322071,1351873,1351973,29.802000,30.128000
39,3700,3700,4e74942,1420990,1421324,1430075,1430175,8.751000,9.085000
39,4756,4756,5294941,1452103,1452437,1464627,1464727,12.190000,12.524000
39,6196,6196,5834942,1638384,1638718,1647461,1647561,8.743000,9.077000
40,2165,2165,4875940,67978,68304,76880,76980,8.576000,8.902000
40,1445,1445,45a5942,63298,63624,82597,82697,18.973000,19.299000
40,4997,4997,5385941,93415,93741,98054,98154,4.313000,4.639000
40,2762,2762,4aca942,133909,134243,140446,140546,6.203000,6.537000
40,886,886,4376943,134813,135147,152810,152910,17.663000,17.997000
40,1418,1418,458a941,157556,157890,166599,166699,8.709000,9.043000
40,2645,2645,4a55943,126929,127255,172437,172537,45.182000,45.508000
40,1637,1637,4665941,157532,157858,176946,177046,19.088000,19.414000
40,1754,1754,46da942,139869,140203,181807,181907,41.604000,41.938000
40,3653,3653,4e45942,140659,140985,193271,193371,52.286000,52.612000
40,4085,4085,4ff5943,183871,184197,198269,198369,14.072000,14.398000
40,3666,3666,4e52941,190907,191241,203812,203912,12.571000,12.905000
40,245,245,40f5940,185926,186252,222216,222316,35.964000,36.290000
40,3941,3941,4f65940,183700,184026,226707,226807,42.681000,43.007000
40,2597,2597,4a25940,215965,216291,238391,238491,22.100000,22.426000
40,1589,1589,4635941,190049,190375,260969,261068,70.594000,70.920000
40,917,917,4395941,263747,264073,279464,279564,15.391000,15.717000
40,1222,1222,44c6940,265683,266017,293544,293644,27.527000,27.861000
40,708,708,42c4943,238732,239066,298948,299048,59.882000,60.216000
40,293,293,4125940,276631,276957,310866,310966,33.909000,34.235000
40,1109,1109,4455943,198311,198637,342428,342528,143.791000,144.117000
40,437,437,41b5942,327735,328061,350628,350728,22.567000,22.893000
40,5690,5690,563a940,297327,297661,355467,355567,57.806000,58.140000
40,1253,1253,44e5942,335316,335642,371300,371400,35.658000,35.984000
40,389,389,4185941,370169,370495,408880,408980,38.385000,38.711000
40,2933,2933,4b75942,447791,448117,454765,454865,6.648000,6.974000
40,3098,3098,4c1a943,426207,426541,495061,495161,68.520000,68.854000
40,3797,3797,4ed5943,450935,451261,503352,503452,52.091000,52.417000
40,1318,1318,4526943,472229,472563,514923,515023,42.360000,42.694000
40,677,677,42a5940,468859,469185,519454,519554,50.269000,50.595000
40,6310,6310,58a6943,482041,482375,524362,524462,41.987000,42.321000
40,2820,2820,4b04940,439427,439761,536129,536229,96.368000,96.702000
40,5268,5268,5494943,545361,545695,557911,558011,12.216000,12.550000
40,1266,1266,44f2941,522942,523276,570979,571079,47.703000,48.037000
40,581,581,4245942,598423,598749,607522,607622,8.773000,9.099000
40,1506,1506,45e2940,623003,623337,638089,638189,14.752000,15.086000
40,4373,4373,5115942,604645,604971,677045,677145,72.074000,72.400000
40,3958,3958,4f76943,632943,633277,692838,692938,59.561000,59.895000
40,533,533,4215942,671105,671431,697744,697844,26.313000,26.639000
40,4709,4709,5265940,683983,684309,709830,709930,25.521000,25.847000
40,4922,4922,533a942,727755,728089,734466,734566,6.377000,6.711000
40,70,70,4046941,727259,727593,740252,740352,12.659000,12.993000
40,3692,3692,4e6c940,762766,763100,795467,795567,32.367000,32.701000
40,6005,6005,5775942,695293,695619,840427,840527,144.808000,145.134000
40,6293,6293,5895941,834051,834377,846604,846704,12.227000,12.553000
40,5018,5018,539a940,841886,842220,863694,863794,21.474000,21.808000
40,3461,3461,4d85941,886453,886779,901328,901428,14.549000,14.875000
40,773,773,4305941,939230,939556,950363,950463,10.807000,11.133000
40,5861,5861,56e5942,941629,941955,957514,957614,15.559000,15.885000
40,3269,3269,4cc5943,1001523,1001849,1010264,1010364,8.415000,8.741000
40,6149,6149,5805942,1035792,1036118,1044433,1044532,8.315000,8.641000
40,5477,5477,5565941,975238,975564,1104258,1104358,128.694000,129.020000
40,4962,4962,5362942,1244032,1244366,1260495,1260595,16.129000,16.463000
40,3605,3605,4e15942,1254556,1254882,1266038,1266138,11.156000,11.482000
40,1908,1908,4774940,1249082,1249416,1270946,1271046,21.530000,21.864000
40,3526,3526,4dc6943,1328722,1329056,1337423,1337523,8.367000,8.701000
40,3701,3701,4e75942,1427974,1428300,1440172,1440272,11.872000,12.198000
40,4757,4757,5295941,1459169,1459495,1468102,1468202,8.607000,8.933000
40,6197,6197,5835942,1645368,1645694,1657824,1657924,12.130000,12.456000
41,2763,2763,4acb942,140908,141234,147438,147538,6.204000,6.530000
41,887,887,4377943,141767,142093,159915,160015,17.822000,18.148000
41,1755,1755,46db942,146833,147159,210619,210719,63.460000,63.786000
41,1419,1419,458b941,164562,164888,233950,234050,69.062000,69.388000
41,709,709,42c5943,245785,246111,255193,255293,9.082000,9.408000
41,3667,3667,4e53941,197846,198172,335353,335453,137.181000,137.507000
41,1223,1223,44c7940,280900,281226,348206,348306,66.980000,67.306000
41,5691,5691,563b940,343212,343538,367033,367133,23.495000,23.821000
41,3099,3099,4c1b943,446391,446717,509294,509394,62.577000,62.903000
41,1319,1319,4527943,498708,499034,530104,530204,31.070000,31.396000
41,6311,6311,58a7943,488990,489316,535859,535959,46.543000,46.869000
41,2821,2821,4b05940,517410,517736,541660,541760,23.924000,24.250000
41,5269,5269,5495943,552390,552716,563703,563803,10.987000,11.313000
41,1267,1267,44f3941,529890,530216,594034,594134,63.818000,64.144000
41,1507,1507,45e3940,630896,631222,651951,652051,20.729000,21.055000
41,3959,3959,4f77943,659441,659767,704126,704226,44.359000,44.685000
41,4923,4923,533b942,734748,735074,746010,746110,10.936000,11.262000
41,71,71,4047941,736540,736866,751697,751797,14.831000,15.157000
41,3693,3693,4e6d940,779784,780110,801298,801398,21.188000,21.514000
41,5019,5019,539b940,858463,858789,874679,874779,15.890000,16.216000
41,4963,4963,5363942,1251060,1251386,1276724,1276824,25.338000,25.664000
41,1909,1909,4775940,1256135,1256461,1288394,1288494,31.933000,32.259000
41,3527,3527,4dc7943,1335723,1336049,1344403,1344503,8.354000,8.680000
42,710,710,42c6943,253239,253573,262158,262258,8.585000,8.919000
42,2822,2822,4b06940,524421,524755,536188,536288,11.433000,11.767000
42,5270,5270,5496943,563772,564106,570559,570659,6.453000,6.787000
42,3694,3694,4e6e940,786874,787208,807174,807274,19.966000,20.300000
42,1910,1910,4776940,1263256,1263590,1294286,1294386,30.696000,31.030000
43,711,711,42c7943,260272,260597,269156,269256,8.559000,8.884000
43,2823,2823,4b07940,531420,531746,542201,542301,10.455000,10.781000
43,5271,5271,5497943,570744,571070,577465,577565,6.395000,6.721000
43,3695,3695,4e6f940,794722,795048,813979,814079,18.931000,19.257000
43,1911,1911,4777940,1275618,1275944,1306028,1306128,30.084000,30.410000
52,712,712,42c8943,267257,267591,280434,280534,12.843000,13.177000
52,3968,3968,4f80940,458169,458503,485860,485960,27.357000,27.691000
52,5272,5272,5498943,577701,578035,620631,620731,42.596000,42.930000
52,5936,5936,5730941,772051,772385,780928,781028,8.543000,8.877000
52,2824,2824,4b08940,538529,538863,910880,910980,372.017000,372.351000
52,5216,5216,5460943,1028416,1028751,1037364,1037464,8.613000,8.948000
52,1232,1232,44d0942,1163093,1163427,1183515,1183615,20.088000,20.422000
52,1912,1912,4778940,1299134,1299468,1315228,1315328,15.760000,16.094000
53,713,713,42c9943,274211,274537,287526,287626,12.989000,13.315000
53,3969,3969,4f81940,486156,486482,492794,492894,6.312000,6.638000
53,5273,5273,5499943,584673,584999,597288,597388,12.289000,12.615000
53,2825,2825,4b09940,547605,547931,603068,603168,55.137000,55.463000
53,5937,5937,5731941,778976,779302,787920,788020,8.618000,8.944000
53,5217,5217,5461943,1035440,1035766,1051438,1051538,15.672000,15.998000
53,1233,1233,44d1942,1173794,1174120,1190657,1190757,16.537000,16.863000
53,1913,1913,4779940,1306126,1306452,1327145,1327245,20.693000,21.019000
54,2416,2416,4970942,69051,69385,76103,76203,6.718000,7.052000
54,2764,2764,4acc942,147919,148253,161297,161397,13.044000,13.378000
54,888,888,4378943,148804,149138,167531,167631,18.393000,18.727000
54,16,16,4010943,131051,131385,191116,191216,59.731000,60.065000
54,1756,1756,46dc942,157792,158126,213110,213210,54.984000,55.318000
54,1420,1420,458c941,171565,171899,228969,229069,57.070000,57.404000
54,3668,3668,4e54941,240126,240460,251506,251606,11.046000,11.380000
54,714,714,42ca943,281196,281530,296747,296847,15.217000,15.551000
54,1224,1224,44c8940,287889,288223,320468,320568,32.245000,32.579000
54,5692,5692,563c940,350230,350564,375040,375140,24.476000,24.810000
54,3100,3100,4c1c943,453498,453832,496398,496498,42.566000,42.900000
54,3970,3970,4f82940,493107,493441,501222,501322,7.781000,8.115000
54,6312,6312,58a8943,497716,498050,542329,542429,44.279000,44.613000
54,1320,1320,4528943,519853,520188,551367,551467,31.179000,31.514000
54,1268,1268,44f4941,540836,541170,565113,565213,23.943000,24.277000
54,1936,1936,4790941,557051,557385,569952,570052,12.567000,12.901000
54,5056,5056,53c0940,531051,531385,577132,577232,45.747000,46.081000
54,5274,5274,549a943,591873,592207,614985,615085,22.778000,23.112000
54,2826,2826,4b0a940,555787,556121,619911,620011,63.790000,64.124000
54,3960,3960,4f78943,692901,693235,746191,746291,52.956000,53.290000
54,72,72,4048941,743507,743841,774300,774400,30.459000,30.793000
54,4924,4924,533c942,741720,742054,780184,780284,38.130000,38.464000
54,5938,5938,5732941,785951,786285,794808,794908,8.523000,8.857000
54,5020,5020,539c940,865441,865775,874375,874475,8.600000,8.934000
54,1508,1508,45e4940,650354,650688,1028694,1028793,378.006000,378.340000
54,5218,5218,5462943,1042513,1042848,1073278,1073378,30.430000,30.765000
54,1696,1696,46a0943,1013482,1013816,1121653,1121753,107.837000,108.171000
54,1234,1234,44d2942,1185238,1185572,1197739,1197839,12.167000,12.501000
54,3328,3328,4d00940,1197051,1197385,1209446,1209546,12.061000,12.395000
54,4384,4384,5120943,1206893,1207227,1219373,1219473,12.146000,12.480000
54,4964,4964,5364942,1262340,1262674,1276254,1276354,13.580000,13.914000
54,1914,1914,477a940,1316798,1317132,1334230,1334330,17.098000,17.432000
54,3528,3528,4dc8943,1342731,1343065,1355176,1355276,12.111000,12.445000
55,1446,1446,45a6942,70285,70619,74574,74674,3.955000,4.289000
55,2417,2417,4971942,76327,76653,86173,86273,9.520000,9.846000
55,2166,2166,4876940,74993,75327,94855,94955,19.528000,19.862000
55,4998,4998,5386941,99181,99515,135500,135600,35.985000,36.319000
55,3654,3654,4e46942,147670,148004,154493,154593,6.489000,6.823000
55,1638,1638,4666941,164560,164894,179090,179190,14.196000,14.530000
55,889,889,4379943,155758,156084,184927,185027,28.843000,29.169000
55,246,246,40f6940,196556,196890,207347,207447,10.457000,10.791000
55,2765,2765,4acd942,154918,155244,218894,218994,63.650000,63.976000
55,3942,3942,4f66940,190683,191017,223480,223580,32.463000,32.797000
55,1757,1757,46dd942,164875,165201,228390,228490,63.189000,63.515000
55,1421,1421,458d941,217413,217739,240059,240159,22.320000,22.646000
55,4086,4086,4ff6943,190901,191235,245775,245875,54.540000,54.874000
55,17,17,4011943,137950,138276,251536,251636,113.260000,113.586000
55,3669,3669,4e55941,247231,247557,256511,256611,8.954000,9.280000
55,1590,1590,4636941,208459,208793,261403,261503,52.610000,52.944000
55,2646,2646,4a56943,170007,170341,265964,266064,95.623000,95.957000
55,2598,2598,4a26940,226542,226876,271529,271629,44.653000,44.987000
55,294,294,4126940,283600,283934,291545,291645,7.611000,7.945000
55,715,715,42cb943,288222,288548,303790,303890,15.242000,15.568000
55,1110,1110,4456943,211548,211882,308363,308463,96.481000,96.815000
55,1225,1225,44c9940,318628,318954,327582,327682,8.628000,8.954000
55,438,438,41b6942,351028,351362,363443,363543,12.081000,12.415000
55,5693,5693,563d940,357199,357525,382056,382156,24.531000,24.857000
55,390,390,4186941,377173,377507,386629,386729,9.122000,9.456000
55,1254,1254,44e6942,343031,343365,429483,429583,86.118000,86.452000
55,918,918,4396941,277542,277876,441273,441373,163.397000,163.731000
55,2934,2934,4b76942,454783,455117,476284,476384,21.167000,21.501000
55,3101,3101,4c1d943,461842,462168,506964,507064,44.796000,45.122000
55,3971,3971,4f83940,500076,500402,512703,512803,12.301000,12.627000
55,678,678,42a6940,475913,476247,518446,518545,42.199000,42.533000
55,3798,3798,4ed6943,501670,502004,540298,540398,38.294000,38.628000
55,1321,1321,4529943,526859,527185,545867,545967,18.682000,19.008000
55,6313,6313,58a9943,504773,505099,550741,550841,45.642000,45.968000
55,1937,1937,4791941,563990,564316,575830,575930,11.514000,11.840000
55,1269,1269,44f5941,563147,563473,580718,580818,17.245000,17.571000
55,5057,5057,53c1940,538028,538354,586555,586655,48.201000,48.527000
55,582,582,4246942,605510,605844,626309,626409,20.465000,20.799000
55,2827,2827,4b0b940,562786,563112,665943,666043,102.831000,103.157000
55,4710,4710,5266940,691038,691372,718095,718195,26.723000,27.057000
55,4374,4374,5116942,612935,613269,751750,751850,138.481000,138.815000
55,3961,3961,4f79943,703945,704271,762856,762956,58.585000,58.911000
55,5275,5275,549b943,598967,599293,767785,767885,168.492000,168.818000
55,534,534,4216942,693385,693719,780694,780794,86.975000,87.309000
55,73,73,4049941,750485,750811,786104,786204,35.293000,35.619000
55,4925,4925,533d942,751900,752226,797400,797500,45.174000,45.500000
55,5939,5939,5733941,792876,793202,802352,802452,9.150000,9.476000
55,6006,6006,5776942,702400,702734,838286,838386,135.552000,135.886000
55,6294,6294,5896941,841133,841467,853667,853767,12.200000,12.534000
55,5021,5021,539d940,872517,872843,881627,881727,8.784000,9.110000
55,3462,3462,4d86941,893551,893885,909721,909821,15.836000,16.170000
55,774,774,4306941,946405,946739,963465,963565,16.726000,17.060000
55,5862,5862,56e6942,948644,948978,968314,968414,19.336000,19.670000
55,1509,1509,45e5940,668513,668839,977704,977804,308.865000,309.191000
55,5478,5478,5566941,982209,982543,1017172,1017272,34.629000,34.963000
55,6150,6150,5806942,1042862,1043195,1057237,1057337,14.042000,14.375000
55,5219,5219,5463943,1056593,1056919,1090627,1090727,33.708000,34.034000
55,1697,1697,46a1943,1020473,1020799,1128848,1128948,108.049000,108.375000
55,1235,1235,44d3942,1192268,1192594,1226956,1227056,34.362000,34.688000
55,3329,3329,4d01940,1203991,1204317,1234296,1234396,29.979000,30.305000
55,3270,3270,4cc6943,1008562,1008896,1240129,1240229,231.233000,231.567000
55,4385,4385,5121943,1213939,1214265,1250366,1250466,36.101000,36.427000
55,3606,3606,4e16942,1266089,1266423,1278253,1278353,11.830000,12.164000
55,4965,4965,5365942,1269368,1269694,1283133,1283233,13.439000,13.765000
55,1915,1915,477b940,1324536,1324862,1341306,1341406,16.444000,16.770000
55,3529,3529,4dc9943,1349732,1350058,1362291,1362391,12.233000,12.559000
55,3702,3702,4e76942,1434984,1435318,1443974,1444074,8.656000,8.990000
55,4758,4758,5296941,1466198,1466532,1478559,1478659,12.027000,12.361000
55,6198,6198,5836942,1652378,1652712,1661352,1661452,8.640000,8.974000
56,1447,1447,45a7942,75715,76041,96058,96158,20.017000,20.343000
56,2418,2418,4972942,83339,83673,103382,103482,19.709000,20.043000
56,2167,2167,4877940,81962,82288,107869,107969,25.581000,25.907000
56,4999,4999,5387941,106116,106442,112602,112702,6.160000,6.486000
56,2766,2766,4ace942,161929,162263,168508,168608,6.245000,6.579000
56,18,18,4012943,147083,147417,173410,173510,25.993000,26.327000
56,2647,2647,4a57943,183896,184222,199100,199200,14.878000,15.204000
56,890,890,437a943,162795,163129,204904,205004,41.775000,42.109000
56,3655,3655,4e47942,154630,154956,216488,216588,61.532000,61.858000
56,4087,4087,4ff7943,200035,200361,220998,221098,20.637000,20.963000
56,1639,1639,4667941,171562,171888,228031,228131,56.143000,56.469000
56,1758,1758,46de942,179768,180102,232550,232650,52.448000,52.782000
56,3943,3943,4f67940,197660,197986,246507,246607,48.521000,48.847000
56,2599,2599,4a27940,233541,233867,251463,251563,17.596000,17.922000
56,1591,1591,4637941,241469,241795,272785,272885,30.990000,31.316000
56,3670,3670,4e56941,254164,254498,282897,282997,28.399000,28.733000
56,1422,1422,458e941,224486,224820,287807,287907,62.987000,63.321000
56,919,919,4397941,284547,284873,305125,305225,20.252000,20.578000
56,716,716,42cc943,298267,298601,316734,316834,18.133000,18.467000
56,247,247,40f7940,203597,203923,326095,326195,122.172000,122.498000
56,1111,1111,4457943,218560,218886,361282,361382,142.396000,142.722000
56,439,439,41b7942,358032,358358,365804,365904,7.446000,7.772000
56,1226,1226,44ca940,325682,326016,372891,372991,46.875000,47.209000
56,295,295,4127940,290638,290964,391197,391297,100.233000,100.559000
56,5694,5694,563e940,376540,376874,397208,397308,20.334000,20.668000
56,1255,1255,44e7942,373526,373852,405329,405429,31.477000,31.803000
56,391,391,4187941,384178,384504,414826,414926,30.322000,30.648000
56,2935,2935,4b77942,461694,462020,468621,468721,6.601000,6.927000
56,3799,3799,4ed7943,508681,509007,525065,525165,16.058000,16.384000
56,679,679,42a7940,482957,483283,530598,530698,47.315000,47.641000
56,1322,1322,452a943,533833,534167,547227,547327,13.060000,13.394000
56,3972,3972,4f84940,507027,507361,552113,552213,44.752000,45.086000
56,5058,5058,53c2940,545056,545390,559967,560067,14.577000,14.911000
56,6314,6314,58aa943,547552,547886,565474,565574,17.588000,17.922000
56,3102,3102,4c1e943,503487,503821,574873,574973,71.052000,71.386000
56,1938,1938,4792941,570955,571289,588911,589011,17.622000,17.956000
56,1270,1270,44f6941,570160,570494,620398,620498,49.904000,50.238000
56,583,583,4247942,612590,612916,626171,626271,13.255000,13.581000
56,2828,2828,4b0c940,587229,587563,631617,631717,44.054000,44.388000
56,5276,5276,549c943,613499,613833,653592,653692,39.759000,40.093000
56,4375,4375,5117942,682521,682847,715441,715541,32.594000,32.920000
56,4711,4711,5267940,706475,706801,727236,727336,20.435000,20.761000
56,3962,3962,4f7a943,715262,715596,756656,756756,41.060000,41.394000
56,74,74,404a941,757452,757786,766559,766659,8.773000,9.107000
56,4926,4926,533e942,758961,759295,772360,772460,13.065000,13.399000
56,535,535,4217942,700336,700662,789667,789767,89.005000,89.331000
56,5940,5940,5734941,799851,800185,811973,812073,11.788000,12.122000
56,6007,6007,5777942,739980,740306,848786,848886,108.480000,108.806000
56,6295,6295,5897941,848210,848536,860788,860888,12.252000,12.578000
56,5022,5022,539e940,879479,879813,908571,908671,28.758000,29.092000
56,3463,3463,4d87941,900607,900933,915609,915709,14.676000,15.002000
56,1510,1510,45e6940,675683,676017,927345,927445,251.328000,251.662000
56,775,775,4307941,953482,953808,971797,971897,17.989000,18.315000
56,5863,5863,56e7942,959360,959686,1001628,1001728,41.942000,42.268000
56,6151,6151,5807942,1049845,1050171,1058508,1058608,8.337000,8.663000
56,3271,3271,4cc7943,1015544,1015870,1073359,1073459,57.489000,57.815000
56,5220,5220,5464943,1078318,1078652,1101171,1101271,22.519000,22.853000
56,5479,5479,5567941,1017390,1017716,1114120,1114220,96.404000,96.730000
56,4386,4386,5122943,1220990,1221324,1230134,1230234,8.810000,9.144000
56,1236,1236,44d4942,1210510,1210844,1235896,1235996,25.052000,25.386000
56,3330,3330,4d02940,1211010,1211344,1241648,1241748,30.304000,30.638000
56,1698,1698,46a2943,1094219,1094553,1259004,1259104,164.451000,164.785000
56,3607,3607,4e17942,1273092,1273418,1279707,1279807,6.289000,6.615000
56,4966,4966,5366942,1276376,1276710,1292182,1292282,15.472000,15.806000
56,1916,1916,477c940,1335824,1336158,1344700,1344800,8.542000,8.876000
56,3530,3530,4dca943,1356740,1357074,1365441,1365541,8.367000,8.701000
56,3703,3703,4e77942,1441968,1442294,1454155,1454255,11.861000,12.187000
56,4759,4759,5297941,1473192,1473518,1482113,1482213,8.595000,8.921000
56,6199,6199,5837942,1659362,1659688,1671749,1671849,12.061000,12.387000
57,2419,2419,4973942,92504,92830,110358,110458,17.528000,17.854000
57,2767,2767,4acf942,168957,169283,187538,187638,18.255000,18.581000
57,19,19,4013943,165921,166247,209396,209496,43.149000,43.475000
57,1759,1759,46df942,195694,196020,244330,244430,48.310000,48.636000
57,3671,3671,4e57941,261112,261438,290037,290137,28.599000,28.925000
57,1423,1423,458f941,231511,231837,299339,299439,67.502000,67.828000
57,717,717,42cd943,305277,305603,313936,314036,8.333000,8.659000
57,891,891,437b943,178159,178485,322424,322524,143.939000,144.265000
57,1227,1227,44cb940,332721,333047,377291,377391,44.244000,44.570000
57,5695,5695,563f940,383618,383944,403125,403225,19.181000,19.507000
57,1323,1323,452b943,540793,541119,549830,549930,8.711000,9.037000
57,3973,3973,4f85940,518625,518951,554459,554559,35.508000,35.834000
57,6315,6315,58ab943,554563,554889,576563,576663,21.674000,22.000000
57,3103,3103,4c1f943,511847,512173,581912,582012,69.739000,70.065000
57,5059,5059,53c3940,552033,552359,586398,586498,34.039000,34.365000
57,2829,2829,4b0d940,610232,610558,631949,632049,21.391000,21.717000
57,1271,1271,44f7941,577105,577431,637693,637793,60.262000,60.588000
57,1939,1939,4793941,577894,578220,643647,643747,65.427000,65.753000
57,5277,5277,549d943,653883,654209,660594,660694,6.385000,6.711000
57,3963,3963,4f7b943,751539,751865,763699,763799,11.834000,12.160000
57,75,75,404b941,764493,764819,778108,778208,13.289000,13.615000
57,4927,4927,533f942,768392,768718,783898,783998,15.180000,15.506000
57,5941,5941,5735941,806776,807102,819169,819269,12.067000,12.393000
57,1511,1511,45e7940,746714,747040,941211,941311,194.171000,194.497000
57,5023,5023,539f940,886722,887048,966064,966164,79.016000,79.342000
57,5221,5221,5465943,1095725,1096051,1108340,1108440,12.289000,12.615000
57,4387,4387,5123943,1228175,1228501,1247459,1247559,18.958000,19.284000
57,3331,3331,4d03940,1236002,1236328,1253224,1253324,16.896000,17.222000
57,1237,1237,44d5942,1224149,1224475,1264783,1264883,40.308000,40.634000
57,1699,1699,46a3943,1101212,1101538,1282490,1282590,180.952000,181.278000
57,4967,4967,5367942,1287004,1287330,1300221,1300321,12.891000,13.217000
57,1917,1917,477d940,1342872,1343198,1351688,1351788,8.490000,8.816000
57,3531,3531,4dcb943,1363741,1364067,1372421,1372521,8.354000,8.680000
58,718,718,42ce943,312297,312631,359916,360016,47.285000,47.619000
58,3974,3974,4f86940,525616,525950,558627,558727,32.677000,33.011000
58,2830,2830,4b0e940,617197,617531,637637,637737,20.106000,20.440000
58,5278,5278,549e943,660840,661174,667631,667731,6.457000,6.791000
58,5942,5942,5736941,813751,814085,826203,826303,12.118000,12.452000
58,5222,5222,5466943,1102803,1103137,1115243,1115343,12.106000,12.440000
58,1238,1238,44d6942,1235484,1235818,1270684,1270784,34.866000,35.200000
58,1918,1918,477e940,1349908,1350242,1358716,1358816,8.474000,8.808000
59,719,719,42cf943,342794,343120,372973,373073,29.853000,30.179000
59,3975,3975,4f87940,539513,539839,588106,588206,48.267000,48.593000
59,2831,2831,4b0f940,631042,631368,644647,644747,13.279000,13.605000
59,5279,5279,549f943,667817,668143,674602,674702,6.459000,6.785000
59,5943,5943,5737941,820734,821060,833309,833409,12.249000,12.575000
59,5223,5223,5467943,1109809,1110135,1122371,1122471,12.236000,12.562000
59,1239,1239,44d7942,1242420,1242746,1276650,1276750,33.904000,34.230000
59,1919,1919,477f940,1356920,1357246,1365650,1365750,8.404000,8.730000
64,3008,3008,4bc0942,136051,136385,206957,207057,70.572000,70.906000
64,5408,5408,5520943,440908,441242,521817,521917,80.575000,80.909000
64,992,992,43e0942,606051,606385,621719,621819,15.334000,15.668000
64,5168,5168,5430941,620658,620992,685340,685440,64.348000,64.682000
64,6272,6272,5880941,995051,995385,1063778,1063878,68.393000,68.727000
64,5072,5072,53d0942,1197996,1198330,1210298,1210398,11.968000,12.302000
64,6320,6320,58b0943,1304051,1304385,1341307,1341407,36.922000,37.256000
65,2096,2096,4830941,27051,27385,71626,71726,44.241000,44.575000
65,3009,3009,4bc1942,142986,143312,287372,287472,144.060000,144.386000
65,1328,1328,4530943,491132,491466,508058,508158,16.592000,16.926000
65,5409,5409,5521943,479813,480139,547974,548074,67.835000,68.161000
65,993,993,43e1942,612986,613312,627460,627560,14.148000,14.474000
65,5169,5169,5431941,666695,667021,692356,692456,25.335000,25.661000
65,896,896,4380942,693051,693385,705281,705381,11.896000,12.230000
65,5360,5360,54f0943,938051,938385,947019,947119,8.634000,8.968000
65,6273,6273,5881941,1002014,1002340,1148753,1148853,146.413000,146.739000
65,5073,5073,53d1942,1205005,1205331,1217384,1217484,12.053000,12.379000
65,6321,6321,58b1943,1311027,1311353,1370161,1370261,58.808000,59.134000
66,2097,2097,4831941,33976,34302,100622,100722,66.320000,66.646000
66,608,608,4260940,101051,101385,113417,113517,12.032000,12.366000
66,2336,2336,4920941,130051,130384,189086,189186,58.702000,59.035000
66,3296,3296,4ce0942,161051,161385,234875,234975,73.490000,73.824000
66,3152,3152,4c50943,316051,316385,324784,324884,8.399000,8.733000
66,1329,1329,4531943,502597,502923,515163,515262,12.240000,12.566000
66,897,897,4381942,700050,700376,717308,717408,16.932000,17.258000
66,5361,5361,54f1943,944984,945310,954038,954138,8.728000,9.054000
66,4928,4928,5340940,1264591,1264925,1279093,1279193,14.168000,14.502000
67,5888,5888,5700942,35051,35385,39362,39462,3.977000,4.311000
67,3920,3920,4f50942,94051,94385,100643,100743,6.258000,6.592000
67,609,609,4261940,107986,108312,120502,120602,12.190000,12.516000
67,3200,3200,4c80943,134051,134385,143125,143225,8.740000,9.074000
67,2337,2337,4921941,137014,137340,171590,171690,34.250000,34.576000
67,3297,3297,4ce1942,168015,168341,183241,183341,14.900000,15.226000
67,3153,3153,4c51943,323017,323343,331798,331898,8.455000,8.781000
67,5024,5024,53a0940,179051,179385,416938,417038,237.553000,237.887000
67,3392,3392,4d40943,623051,623385,631672,631772,8.287000,8.621000
67,2048,2048,4800941,311051,311385,697512,697612,386.127000,386.461000
67,4929,4929,5341940,1273770,1274096,1286326,1286426,12.230000,12.556000
68,5889,5889,5701942,40499,40825,49310,49410,8.485000,8.811000
68,3921,3921,4f51942,101028,101354,111907,112007,10.553000,10.879000
68,5648,5648,5610942,114051,114385,120646,120746,6.261000,6.595000
68,3201,3201,4c81943,140990,141316,147876,147976,6.560000,6.886000
68,1424,1424,4590940,232051,232385,244276,244376,11.891000,12.225000
68,752,752,42f0942,439880,440214,468117,468217,27.903000,28.237000
68,4400,4400,5130941,481927,482261,494387,494487,12.126000,12.460000
68,2000,2000,47d0942,540051,540385,571255,571355,30.870000,31.204000
68,2480,2480,49b0941,555122,555456,594399,594499,38.943000,39.277000
68,3393,3393,4d41943,630087,630413,653818,653918,23.405000,23.731000
68,2049,2049,4801941,318056,318382,704619,704719,386.237000,386.563000
68,3976,3976,4f88940,546509,546843,719593,719693,172.750000,173.084000
68,5944,5944,5738941,827766,828100,836784,836884,8.684000,9.018000
68,5025,5025,53a1940,185995,186321,897995,898095,711.674000,712.000000
68,5224,5224,5468943,1116887,1117221,1125846,1125946,8.625000,8.959000
68,1240,1240,44d8942,1263986,1264320,1286856,1286956,22.536000,22.870000
69,1712,1712,46b0941,33051,33385,41774,41874,8.389000,8.723000
69,5649,5649,5611942,121055,121381,131718,131818,10.337000,10.663000
69,560,560,4230940,154051,154385,175490,175590,21.105000,21.439000
69,1425,1425,4591940,238986,239312,251366,251466,12.054000,12.380000
69,753,753,42f1942,446884,447210,480761,480861,33.551000,33.877000
69,5600,5600,55e0940,469051,469385,527192,527292,57.807000,58.141000
69,3632,3632,4e30942,532503,532837,583134,583234,50.297000,50.631000
69,4401,4401,5131941,488946,489272,618867,618967,129.595000,129.921000
69,2001,2001,47d1942,547040,547366,648080,648180,100.714000,101.040000
69,3977,3977,4f89940,559521,559847,802626,802726,242.779000,243.105000
69,5945,5945,5739941,834749,835075,843722,843822,8.647000,8.973000
69,2481,2481,49b1941,562136,562462,953315,953415,390.853000,391.179000
69,5225,5225,5469943,1123862,1124188,1132892,1132992,8.704000,9.030000
69,1241,1241,44d9942,1281322,1281648,1293968,1294068,12.320000,12.646000
70,256,256,4100943,27051,27385,35970,36070,8.585000,8.919000
70,1713,1713,46b1941,40017,40343,48682,48782,8.339000,8.665000
70,2420,2420,4974942,99572,99906,117588,117688,17.682000,18.016000
70,5650,5650,5612942,128062,128396,137695,137795,9.299000,9.633000
70,848,848,4350943,116051,116385,142532,142632,26.147000,26.481000
70,1088,1088,4440941,142051,142385,163860,163960,21.475000,21.809000
70,561,561,4231940,161028,161354,191658,191758,30.304000,30.630000
70,892,892,437c943,185163,185497,203983,204083,18.486000,18.820000
70,160,160,40a0942,215051,215385,225337,225437,9.952000,10.286000
70,1426,1426,4592940,246018,246352,263193,263293,16.841000,17.175000
70,3440,3440,4d70943,259051,259385,279844,279944,20.459000,20.793000
70,20,20,4014943,173194,173528,329134,329234,155.606000,155.940000
70,1228,1228,44cc940,339745,340079,379998,380098,39.919000,40.253000
70,3672,3672,4e58941,277435,277769,391757,391857,113.988000,114.322000
70,5601,5601,55e1940,476015,476341,565795,565895,89.454000,89.780000
70,512,512,4200940,569051,569385,575583,575683,6.198000,6.532000
70,6316,6316,58ac943,561599,561933,599860,599960,37.927000,38.261000
70,5152,5152,5420941,537051,537385,607518,607618,70.133000,70.467000
70,3633,3633,4e31942,539502,539828,613102,613202,73.274000,73.600000
70,1272,1272,44f8941,587718,588052,619116,619216,31.064000,31.398000
70,1940,1940,4794941,584859,585193,626131,626231,40.938000,41.272000
70,5060,5060,53c4940,559016,559350,637123,637223,77.773000,78.107000
70,754,754,42f2942,469406,469740,648002,648102,178.262000,178.596000
70,2482,2482,49b2941,586041,586375,673333,673433,86.958000,87.292000
70,1324,1324,452c943,547700,548034,678225,678325,130.191000,130.525000
70,3978,3978,4f8a940,682246,682580,797151,797251,114.571000,114.905000
70,3964,3964,4f7c943,762100,762434,808576,808676,46.142000,46.476000
70,76,76,404c941,771516,771850,842682,842782,70.832000,71.166000
70,5946,5946,573a941,841781,842115,854661,854761,12.546000,12.880000
70,2240,2240,48c0943,611505,611839,991782,991882,379.943000,380.277000
70,448,448,41c0942,653051,653385,996290,996390,342.905000,343.239000
70,4000,4000,4fa0942,1013051,1013385,1025888,1025989,12.503000,12.837000
70,1512,1512,45e8940,932520,932854,1038375,1038474,105.521000,105.855000
70,5200,5200,5450940,992391,992725,1056381,1056481,63.656000,63.990000
70,5226,5226,546a943,1130893,1131227,1139852,1139952,8.625000,8.959000
70,4388,4388,5124943,1235139,1235473,1251903,1252003,16.430000,16.764000
70,3332,3332,4d04940,1243081,1243415,1257758,1257858,14.343000,14.677000
70,1700,1700,46a4943,1256284,1256618,1299429,1299529,42.811000,43.145000
70,1242,1242,44da942,1288298,1288632,1316729,1316829,28.097000,28.431000
70,4968,4968,5368942,1294012,1294346,1322511,1322611,28.165000,28.499000
70,3532,3532,4dcc943,1370749,1371083,1388406,1388506,17.323000,17.657000
70,4624,4624,5210943,1384137,1384471,1399485,1399585,15.014000,15.348000
71,257,257,4101943,34014,34340,42960,43060,8.620000,8.946000
71,1448,1448,45a8942,82661,82995,100878,100978,17.883000,18.217000
71,2421,2421,4975942,106653,106979,143265,143365,36.286000,36.612000
71,5000,5000,5388941,113771,114105,148311,148411,34.206000,34.540000
71,5651,5651,5613942,138092,138418,152798,152898,14.380000,14.706000
71,2168,2168,4878940,88974,89308,158344,158444,69.036000,69.370000
71,1089,1089,4441941,149017,149343,181098,181198,31.755000,32.081000
71,849,849,4351943,122976,123302,185896,185996,62.594000,62.920000
71,3656,3656,4e48942,184532,184866,193414,193514,8.548000,8.882000
71,1640,1640,4668941,178558,178892,198234,198334,19.342000,19.676000
71,893,893,437d943,192290,192616,203727,203827,11.111000,11.437000
71,4088,4088,4ff8943,207065,207399,233629,233729,26.230000,26.564000
71,161,161,40a1942,222055,222381,238116,238216,15.735000,16.061000
71,3944,3944,4f68940,225102,225436,248893,248993,23.457000,23.791000
71,1592,1592,4638941,248489,248823,256614,256715,7.791000,8.125000
71,2600,2600,4a28940,249727,250061,262424,262524,12.363000,12.697000
71,2648,2648,4a58943,193500,193834,268727,268827,74.893000,75.227000
71,1427,1427,4593940,253021,253347,285372,285472,32.025000,32.351000
71,248,248,40f8940,213264,213598,290291,290391,76.693000,77.027000
71,3441,3441,4d71943,265950,266276,294801,294901,28.525000,28.851000
71,296,296,4128940,297607,297941,317538,317638,19.597000,19.931000
71,1112,1112,4458943,312171,312505,322421,322521,9.916000,10.250000
71,920,920,4398941,298666,299000,328243,328343,29.243000,29.577000
71,21,21,4015943,180066,180392,377153,377253,196.761000,197.087000
71,3673,3673,4e59941,375770,376096,393327,393427,17.231000,17.557000
71,392,392,4188941,391182,391516,404361,404461,12.845000,13.179000
71,1229,1229,44cd940,358839,359165,409509,409609,50.344000,50.670000
71,440,440,41b8942,365039,365373,414031,414131,48.658000,48.992000
71,1256,1256,44e8942,380533,380867,456371,456471,75.504000,75.838000
71,2936,2936,4b78942,468709,469043,492072,492172,23.029000,23.363000
71,755,755,42f3942,476350,476676,503402,503502,26.726000,27.052000
71,680,680,42a8940,517047,517381,523821,523920,6.440000,6.774000
71,513,513,4201940,576028,576354,582512,582612,6.158000,6.484000
71,5061,5061,53c5940,565993,566319,601988,602088,35.669000,35.995000
71,1941,1941,4795941,591917,592243,633071,633171,40.828000,41.154000
71,2241,2241,48c1943,618471,618797,659455,659555,40.658000,40.984000
71,1325,1325,452d943,593569,593895,664316,664416,70.421000,70.747000
71,1273,1273,44f9941,594663,594989,670095,670195,75.106000,75.432000
71,2483,2483,49b3941,597971,598297,678853,678953,80.556000,80.882000
71,584,584,4248942,619677,620011,702146,702246,82.135000,82.469000
71,6317,6317,58ad943,568610,568936,706985,707085,138.049000,138.375000
71,3800,3800,4ed8943,515665,515999,714096,714196,198.097000,198.431000
71,4712,4712,5268940,713530,713864,730685,730785,16.821000,17.155000
71,4376,4376,5118942,689547,689881,814649,814749,124.768000,125.102000
71,3979,3979,4f8b940,730642,730968,831304,831404,100.336000,100.662000
71,3965,3965,4f7d943,769196,769522,836972,837072,67.450000,67.776000
71,6008,6008,5778942,843691,844025,853394,853494,9.369000,9.703000
71,5947,5947,573b941,848867,849193,858297,858397,9.104000,9.430000
71,536,536,4218942,707283,707617,863143,863243,155.526000,155.860000
71,6296,6296,5898941,855292,855626,868933,869033,13.307000,13.641000
71,77,77,404d941,778542,778868,873497,873597,94.629000,94.955000
71,449,449,41c1942,660032,660358,892351,892451,231.993000,232.319000
71,3464,3464,4d88941,907705,908039,919228,919328,11.189000,11.523000
71,5153,5153,5421941,544027,544353,976529,976629,432.176000,432.502000
71,776,776,4308941,961209,961543,981093,981193,19.550000,19.884000
71,5864,5864,56e8942,972538,972872,985954,986054,13.082000,13.416000
71,4001,4001,4fa1942,1019963,1020289,1031964,1032064,11.675000,12.001000
71,3272,3272,4cc8943,1022583,1022917,1050039,1050139,27.122000,27.456000
71,1513,1513,45e9940,946292,946618,1055875,1055975,109.257000,109.583000
71,5201,5201,5451940,1013810,1014136,1063637,1063737,49.501000,49.827000
71,6152,6152,5808942,1056914,1057248,1069186,1069286,11.938000,12.272000
71,5480,5480,5568941,1024360,1024695,1125815,1125915,101.120000,101.455000
71,5227,5227,546b943,1137868,1138194,1146740,1146840,8.546000,8.872000
71,4389,4389,5125943,1242117,1242443,1263792,1263892,21.349000,21.675000
71,3333,3333,4d05940,1250126,1250452,1269521,1269621,19.069000,19.395000
71,3608,3608,4e18942,1280099,1280433,1292198,1292298,11.765000,12.099000
71,1243,1243,44db942,1295320,1295646,1328336,1328436,32.690000,33.016000
71,4969,4969,5369942,1300998,1301324,1339939,1340039,38.615000,38.941000
71,1701,1701,46a5943,1263282,1263608,1345870,1345970,82.262000,82.588000
71,3533,3533,4dcd943,1378963,1379289,1395690,1395790,16.401000,16.727000
71,4625,4625,5211943,1391086,1391412,1406606,1406706,15.194000,15.520000
71,3704,3704,4e78942,1448978,1449312,1455803,1455903,6.491000,6.825000
71,4760,4760,5298941,1480221,1480555,1492726,1492826,12.171000,12.505000
71,6200,6200,5838942,1666372,1666706,1673197,1673297,6.491000,6.825000
72,3584,3584,4e00943,46051,46385,54717,54817,8.332000,8.666000
72,3776,3776,4ec0943,48051,48385,59560,59660,11.175000,11.509000
72,258,258,4102943,41070,41404,65316,65416,23.912000,24.246000
72,1449,1449,45a9942,96532,96858,108799,108899,11.941000,12.267000
72,5001,5001,5389941,120737,121063,137216,137316,16.153000,16.479000
72,2169,2169,4879940,109528,109854,146553,146653,36.699000,37.025000
72,2422,2422,4976942,117809,118143,161428,161528,43.285000,43.619000
72,5652,5652,5614942,145099,145433,179048,179148,33.615000,33.949000
72,1641,1641,4669941,185565,185891,200102,200202,14.211000,14.537000
72,894,894,437e943,199303,199637,224704,224804,25.067000,25.401000
72,162,162,40a2942,229136,229470,245081,245181,15.611000,15.945000
72,3945,3945,4f69940,232079,232405,262728,262828,30.323000,30.649000
72,1428,1428,4594940,260053,260387,269064,269164,8.677000,9.011000
72,2601,2601,4a29940,256726,257052,273595,273695,16.543000,16.869000
72,3657,3657,4e49942,191476,191802,279206,279306,87.404000,87.730000
72,2649,2649,4a59943,200512,200838,285145,285245,84.307000,84.633000
72,22,22,4016943,187068,187402,298504,298604,111.102000,111.436000
72,4089,4089,4ff9943,214624,214950,303122,303222,88.172000,88.498000
72,1593,1593,4639941,256799,257126,317746,317846,60.620000,60.947000
72,1113,1113,4459943,319120,319446,343628,343728,24.182000,24.508000
72,921,921,4399941,305604,305930,354856,354956,48.926000,49.252000
72,249,249,40f9940,282932,283258,360848,360948,77.590000,77.916000
72,1257,1257,44e9942,387423,387749,396076,396176,8.327000,8.653000
72,441,441,41b9942,372043,372369,400682,400782,28.313000,28.639000
72,297,297,4129940,304563,304889,427337,427437,122.448000,122.774000
72,393,393,4189941,398187,398513,433054,433154,34.541000,34.867000
72,3674,3674,4e5a941,388679,389013,458879,458979,69.866000,70.200000
72,5312,5312,54c0943,461051,461385,473189,473289,11.804000,12.138000
72,756,756,42f4942,484115,484449,505951,506051,21.502000,21.836000
72,2937,2937,4b79942,477041,477367,510858,510958,33.491000,33.817000
72,1230,1230,44ce940,371271,371605,535212,535312,163.607000,163.941000
72,681,681,42a9940,524091,524417,539721,539821,15.304000,15.630000
72,4448,4448,5160941,517194,517528,544585,544685,27.057000,27.391000
72,3801,3801,4ed9943,522694,523020,549076,549176,26.056000,26.382000
72,5062,5062,53c6940,591863,592197,600560,600660,8.363000,8.697000
72,5154,5154,5422941,566094,566428,618472,618572,52.044000,52.378000
72,6318,6318,58ae943,575646,575980,623992,624092,48.012000,48.346000
72,1326,1326,452e943,600480,600814,631639,631739,30.825000,31.159000
72,2484,2484,49b4941,606359,606693,637400,637500,30.707000,31.041000
72,1942,1942,4796941,631099,631433,664715,664815,33.282000,33.616000
72,1274,1274,44fa941,601676,602010,679504,679604,77.494000,77.828000
72,450,450,41c2942,666998,667332,684348,684448,17.016000,17.350000
72,585,585,4249942,626757,627083,689142,689242,62.059000,62.385000
72,4880,4880,5310940,618051,618385,694886,694986,76.501000,76.835000
72,4377,4377,5119942,717510,717836,724071,724171,6.235000,6.561000
72,4713,4713,5269940,729161,729487,747423,747523,17.936000,18.262000
72,3966,3966,4f7e943,776297,776631,784962,785062,8.331000,8.665000
72,537,537,4219942,787854,788180,799863,799963,11.683000,12.009000
72,78,78,404e941,796356,796690,804516,804616,7.826000,8.160000
72,3980,3980,4f8c940,737914,738248,844633,844733,106.385000,106.719000
72,6009,6009,5779942,850695,851021,869137,869237,18.116000,18.442000
72,6297,6297,5899941,862369,862695,880135,880235,17.440000,17.766000
72,5948,5948,573c941,855800,856134,885786,885886,29.652000,29.986000
72,3465,3465,4d89941,917247,917573,945552,945652,27.979000,28.305000
72,1514,1514,45ea940,960269,960603,977985,978085,17.382000,17.716000
72,777,777,4309941,968286,968612,983757,983857,15.145000,15.471000
72,5865,5865,56e9942,979502,979828,1012241,1012341,32.413000,32.739000
72,4002,4002,4fa2942,1026906,1027240,1041024,1041125,13.784000,14.118000
72,3273,3273,4cc9943,1030215,1030541,1046808,1046907,16.267000,16.593000
72,6153,6153,5809942,1063897,1064223,1072507,1072607,8.284000,8.610000
72,5202,5202,5452940,1027120,1027455,1083908,1084008,56.453000,56.788000
72,5481,5481,5569941,1113066,1113392,1135039,1135139,21.647000,21.973000
72,5228,5228,546c943,1144862,1145196,1157068,1157168,11.872000,12.206000
72,3344,3344,4d10943,1081512,1081846,1182523,1182623,100.677000,101.011000
72,4390,4390,5126943,1249081,1249415,1256006,1256106,6.591000,6.925000
72,3334,3334,4d06940,1258410,1258744,1268626,1268726,9.882000,10.216000
72,3609,3609,4e19942,1287102,1287428,1295711,1295811,8.283000,8.609000
72,1244,1244,44dc942,1302347,1302681,1331008,1331108,28.327000,28.661000
72,1702,1702,46a6943,1294418,1294752,1336766,1336866,42.014000,42.348000
72,4970,4970,536a942,1308057,1308391,1354705,1354805,46.314000,46.648000
72,3534,3534,4dce943,1385947,1386281,1394691,1394791,8.410000,8.744000
72,4626,4626,5212943,1398159,1398493,1409042,1409142,10.549000,10.883000
72,3705,3705,4e79942,1455962,1456288,1468050,1468150,11.762000,12.088000
72,4761,4761,5299941,1487289,1487615,1494046,1494146,6.431000,6.757000
72,5552,5552,55b0943,1666051,1666385,1679716,1679816,13.331000,13.665000
72,6201,6201,5839942,1673356,1673682,1691688,1691788,18.006000,18.332000
73,1616,1616,4650941,24051,24385,32852,32952,8.467000,8.801000
73,3585,3585,4e01943,53056,53382,61627,61727,8.245000,8.571000
73,3777,3777,4ec1943,55014,55340,71108,71208,15.768000,16.094000
73,259,259,4103943,48111,48437,76884,76984,28.447000,28.773000
73,2423,2423,4977942,126068,126394,172726,172826,46.332000,46.658000
73,5653,5653,5615942,155193,155519,196504,196604,40.985000,41.311000
73,895,895,437f943,206431,206757,231774,231874,25.017000,25.343000
73,163,163,40a3942,236140,236466,251025,251125,14.559000,14.885000
73,416,416,41a0940,263051,263385,267362,267462,3.977000,4.311000
73,1429,1429,4595940,267056,267382,292786,292886,25.404000,25.730000
73,23,23,4017943,298638,298964,305469,305569,6.505000,6.831000
73,3675,3675,4e5b941,395715,396041,465917,466017,69.876000,70.202000
73,5313,5313,54c1943,468026,468352,491406,491506,23.054000,23.380000
73,757,757,42f5942,498119,498445,518044,518144,19.599000,19.925000
73,1231,1231,44cf940,390803,391129,550428,550528,159.299000,159.625000
73,2672,2672,4a70940,506602,506936,556280,556380,49.344000,49.678000
73,4449,4449,5161941,529826,530152,562082,562182,31.930000,32.256000
73,5063,5063,53c7940,598840,599166,612923,613023,13.757000,14.083000
73,5155,5155,5423941,612285,612611,629583,629683,16.972000,17.298000
73,6319,6319,58af943,610637,610963,658814,658914,47.851000,48.177000
73,2485,2485,49b5941,619909,620235,663720,663820,43.485000,43.811000
73,1040,1040,4410942,573080,573414,669473,669573,96.059000,96.393000
73,1327,1327,452f943,607440,607766,674017,674117,66.251000,66.577000
73,451,451,41c3942,674009,674335,690242,690342,15.907000,16.233000
73,1943,1943,4797941,638038,638364,694856,694956,56.492000,56.818000
73,4881,4881,5311940,624994,625320,700971,701071,75.651000,75.977000
73,1275,1275,44fb941,629780,630106,707510,707610,77.404000,77.730000
73,3967,3967,4f7f943,783393,783719,792086,792186,8.367000,8.693000
73,79,79,404f941,805642,805968,810353,810453,4.385000,4.711000
73,3981,3981,4f8d940,813708,814034,851671,851771,37.637000,37.963000
73,5949,5949,573d941,862748,863074,891770,891870,28.696000,29.022000
73,1515,1515,45eb940,967328,967654,989876,989976,22.222000,22.548000
73,4003,4003,4fa3942,1033848,1034174,1052648,1052748,18.474000,18.800000
73,5203,5203,5453940,1065217,1065543,1095476,1095576,29.933000,30.259000
73,5229,5229,546d943,1151903,1152229,1168459,1168559,16.230000,16.556000
73,3345,3345,4d11943,1166221,1166547,1188817,1188917,22.270000,22.596000
73,4391,4391,5127943,1256109,1256435,1262877,1262977,6.442000,6.768000
73,3335,3335,4d07940,1265455,1265781,1274452,1274552,8.671000,8.997000
73,1245,1245,44dd942,1309374,1309700,1325246,1325346,15.546000,15.872000
73,1703,1703,46a7943,1321756,1322082,1348747,1348847,26.665000,26.991000
73,4971,4971,536b942,1327484,1327810,1366506,1366606,38.696000,39.022000
73,3535,3535,4dcf943,1392922,1393248,1406533,1406633,13.285000,13.611000
73,4627,4627,5213943,1405204,1405530,1432635,1432735,27.105000,27.431000
73,5553,5553,55b1943,1673000,1673326,1685742,1685842,12.416000,12.742000
74,1617,1617,4651941,30976,31302,39842,39942,8.540000,8.866000
74,2192,2192,4890942,38051,38385,46762,46862,8.377000,8.711000
74,128,128,4080943,118051,118385,140529,140629,22.144000,22.478000
74,5654,5654,5616942,162200,162534,232274,232374,69.740000,70.074000
74,417,417,41a1940,268499,268825,275059,275159,6.234000,6.560000
74,6032,6032,5790940,269051,269385,280627,280727,11.242000,11.576000
74,1430,1430,4596940,274088,274422,320312,320412,45.890000,46.224000
74,758,758,42f6942,508360,508694,533055,533155,24.361000,24.695000
74,2624,2624,4a40942,554051,554385,654489,654589,100.104000,100.438000
74,2673,2673,4a71940,515785,516111,660295,660395,144.184000,144.510000
74,2486,2486,49b6941,632952,633286,677425,677525,44.139000,44.473000
74,1041,1041,4411942,580911,581237,708213,708313,126.976000,127.302000
74,3982,3982,4f8e940,842345,842679,863128,863228,20.449000,20.783000
74,4064,4064,4fe0940,753152,753486,903427,903527,149.941000,150.275000
74,5950,5950,573e941,869681,870015,907935,908035,37.920000,38.254000
74,4640,4640,5220941,1007950,1008284,1020439,1020539,12.155000,12.489000
74,3248,3248,4cb0943,1079785,1080119,1100958,1101058,20.839000,21.173000
74,5230,5230,546e943,1158984,1159318,1179770,1179870,20.452000,20.786000
74,1246,1246,44de942,1316401,1316735,1342819,1342919,26.084000,26.418000
75,2193,2193,4891942,45015,45341,53930,54030,8.589000,8.915000
75,129,129,4081943,125014,125340,167076,167176,41.736000,42.062000
75,5655,5655,5617942,169204,169530,211851,211951,42.321000,42.647000
75,6033,6033,5791940,276055,276381,302789,302889,26.408000,26.734000
75,1431,1431,4597940,281091,281417,349571,349671,68.154000,68.480000
75,759,759,42f7942,521303,521629,530149,530249,8.520000,8.846000
75,2625,2625,4a41942,561028,561354,683394,683494,122.040000,122.366000
75,2487,2487,49b7941,655863,656189,687916,688016,31.727000,32.053000
75,4065,4065,4fe1940,760141,760467,772602,772702,12.135000,12.461000
75,3983,3983,4f8f940,850930,851256,868949,869049,17.693000,18.019000
75,1184,1184,44a0942,869051,869385,878064,878164,8.679000,9.013000
75,5951,5951,573f941,876657,876983,925437,925537,48.454000,48.780000
75,2960,2960,4b90943,876017,876351,940048,940148,63.697000,64.031000
75,4641,4641,5221941,1014910,1015236,1027453,1027552,12.217000,12.543000
75,3249,3249,4cb1943,1090715,1091041,1112521,1112621,21.480000,21.806000
75,5231,5231,546f943,1166025,1166351,1185433,1185533,19.082000,19.408000
75,4016,4016,4fb0943,1295488,1295822,1320163,1320263,24.341000,24.675000
75,1247,1247,44df942,1323792,1324118,1360624,1360724,36.506000,36.832000
75,6176,6176,5820941,1558051,1558385,1564741,1564841,6.356000,6.690000
76,272,272,4110942,71051,71385,85832,85932,14.447000,14.781000
76,3488,3488,4da0943,81051,81385,90721,90821,9.336000,9.670000
76,2864,2864,4b30941,120051,120385,152710,152810,32.325000,32.659000
76,4208,4208,5070943,404051,404385,417642,417742,13.257000,13.591000
76,1808,1808,4710943,620439,620773,629321,629421,8.548000,8.882000
76,2384,2384,4950943,769042,769376,809140,809240,39.764000,40.098000
76,1185,1185,44a1942,876065,876391,882834,882934,6.443000,6.769000
76,2961,2961,4b91943,884171,884497,945408,945508,60.911000,61.237000
76,4017,4017,4fb1943,1318546,1318872,1327523,1327623,8.651000,8.977000
76,3824,3824,4ef0942,1441051,1441385,1449583,1449683,8.198000,8.532000
76,6177,6177,5821941,1565014,1565340,1573869,1573969,8.529000,8.855000
77,800,800,4320943,50051,50385,62239,62339,11.854000,12.188000
77,4352,4352,5100942,71051,71385,80004,80104,8.619000,8.953000
77,273,273,4111942,77962,78288,91778,91878,13.490000,13.816000
77,3489,3489,4da1943,87976,88302,96627,96727,8.325000,8.651000
77,2865,2865,4b31941,127017,127343,165620,165720,38.277000,38.603000
77,464,464,41d0941,134051,134385,196247,196347,61.862000,62.196000
77,3728,3728,4e90943,190051,190385,373550,373650,183.165000,183.499000
77,4209,4209,5071943,411021,411347,431787,431887,20.440000,20.766000
77,2432,2432,4980940,541241,541575,545552,545652,3.977000,4.311000
77,1809,1809,4711943,627387,627713,657853,657953,30.140000,30.466000
77,4496,4496,5190941,713234,713568,763230,763330,49.662000,49.996000
77,2385,2385,4951943,781333,781659,856594,856694,74.935000,75.261000
77,5792,5792,56a0940,1049397,1049731,1077459,1077559,27.728000,28.062000
77,3825,3825,4ef1942,1448080,1448406,1456653,1456753,8.247000,8.573000
78,320,320,4140941,43051,43385,61392,61492,18.007000,18.341000
78,801,801,4321943,56976,57302,69249,69349,11.947000,12.273000
78,4353,4353,5101942,77995,78321,86551,86651,8.230000,8.556000
78,656,656,4290940,109051,109385,116871,116971,7.486000,7.820000
78,465,465,41d1941,141056,141382,158557,158657,17.175000,17.501000
78,80,80,4050940,194051,194385,215749,215849,21.364000,21.698000
78,5696,5696,5640942,184689,185023,227475,227575,42.452000,42.786000
78,1280,1280,4500940,213051,213385,250580,250680,37.195000,37.529000
78,3729,3729,4e91943,197017,197343,391183,391283,193.840000,194.166000
78,32,32,4020940,500051,500385,548224,548324,47.839000,48.173000
78,2433,2433,4981940,546689,547015,583902,584002,36.887000,37.213000
78,6368,6368,58e0941,656051,656385,664740,664840,8.355000,8.689000
78,6224,6224,5850943,605454,605788,686357,686457,80.569000,80.903000
78,3872,3872,4f20940,715797,716131,733398,733498,17.267000,17.601000
78,4497,4497,5191941,745350,745676,770137,770237,24.461000,24.787000
78,176,176,40b0943,764051,764385,775026,775126,10.641000,10.975000
78,1568,1568,4620941,891051,891385,943165,943265,51.780000,52.114000
78,5793,5793,56a1940,1067060,1067386,1089152,1089252,21.766000,22.092000
78,2288,2288,48f0941,1211597,1211931,1265819,1265919,53.888000,54.222000
79,321,321,4141941,50014,50340,78878,78978,28.538000,28.864000
79,657,657,4291940,115986,116312,122630,122730,6.318000,6.644000
79,5697,5697,5641942,191624,191950,239414,239514,47.464000,47.790000
79,81,81,4051940,201015,201341,273745,273845,72.404000,72.730000
79,1281,1281,4501940,220063,220389,443252,443352,222.863000,223.189000
79,33,33,4021940,507028,507354,555263,555363,47.909000,48.235000
79,6225,6225,5851943,616399,616725,675088,675188,58.363000,58.689000
79,6369,6369,58e1941,663051,663377,727694,727794,64.317000,64.643000
79,3873,3873,4f21940,729903,730229,746106,746206,15.877000,16.203000
79,177,177,40b1943,770976,771302,780771,780871,9.469000,9.795000
79,1569,1569,4621941,897984,898310,957329,957429,59.019000,59.345000
79,2289,2289,48f1941,1238179,1238505,1271611,1271711,33.106000,33.432000
80,3010,3010,4bc2942,149936,150270,293138,293238,142.868000,143.202000
80,5410,5410,5522943,486870,487204,559881,559981,72.677000,73.011000
80,994,994,43e2942,619938,620272,633376,633476,13.104000,13.438000
80,5170,5170,5432941,687157,687491,712346,712446,24.855000,25.189000
80,6274,6274,5882941,1064106,1064440,1170257,1170357,105.817000,106.151000
80,5074,5074,53d2942,1212013,1212347,1224557,1224657,12.210000,12.544000
80,6322,6322,58b2943,1318052,1318386,1393895,1393995,75.509000,75.843000
81,2098,2098,4832941,40962,41296,127047,127147,85.751000,86.085000
81,3011,3011,4bc3942,187318,187644,358464,358564,170.820000,171.146000
81,1330,1330,4532943,509555,509889,527796,527896,17.907000,18.241000
81,5411,5411,5523943,493863,494189,612807,612907,118.618000,118.944000
81,995,995,43e3942,626915,627241,639440,639540,12.199000,12.525000
81,5171,5171,5433941,694182,694508,719414,719514,24.906000,25.232000
81,898,898,4382942,707061,707395,745340,745440,37.945000,38.279000
81,5362,5362,54f2943,952029,952363,961254,961354,8.891000,9.225000
81,6275,6275,5883941,1106891,1107217,1205473,1205573,98.256000,98.582000
81,5075,5075,53d3942,1219022,1219348,1257927,1258027,38.579000,38.905000
81,6323,6323,58b3943,1325119,1325445,1408054,1408154,82.609000,82.935000
82,610,610,4262940,115051,115385,127371,127471,11.986000,12.320000
82,2338,2338,4922941,150003,150337,177439,177539,27.102000,27.436000
82,3298,3298,4ce2942,175071,175405,200996,201096,25.591000,25.925000
82,2099,2099,4833941,54034,54360,305542,305642,251.182000,251.508000
82,3154,3154,4c52943,330092,330426,338781,338881,8.355000,8.689000
82,1331,1331,4533943,516624,516949,533755,533855,16.806000,17.131000
82,899,899,4383942,714060,714386,752389,752489,38.003000,38.329000
82,5363,5363,54f3943,959080,959406,968383,968483,8.977000,9.303000
82,4930,4930,5342940,1280814,1281148,1293251,1293351,12.103000,12.437000
83,5890,5890,5702942,47457,47791,51768,51868,3.977000,4.311000
83,3922,3922,4f52942,108011,108345,114634,114734,6.289000,6.623000
83,611,611,4263940,122084,122410,134730,134830,12.320000,12.646000
83,2339,2339,4923941,157062,157388,194887,194987,37.499000,37.825000
83,3202,3202,4c82943,147966,148300,206787,206887,58.487000,58.821000
83,3299,3299,4ce3942,182064,182390,281532,281632,99.142000,99.468000
83,3155,3155,4c53943,337091,337417,345872,345972,8.455000,8.781000
83,5026,5026,53a2940,192981,193315,524153,524252,330.838000,331.172000
83,3394,3394,4d42943,637130,637464,659675,659775,22.211000,22.545000
83,2050,2050,4802941,681189,681523,711805,711905,30.282000,30.616000
83,4931,4931,5343940,1287818,1288144,1305941,1306041,17.797000,18.123000
84,5891,5891,5703942,52909,53235,66372,66472,13.137000,13.463000
84,1136,1136,4470942,78051,78385,99337,99437,20.952000,21.286000
84,3923,3923,4f53942,115016,115342,126202,126302,10.860000,11.186000
84,3203,3203,4c83943,190457,190783,197260,197360,6.477000,6.803000
84,5656,5656,5618942,186657,186991,205755,205855,18.764000,19.098000
84,1432,1432,4598940,303722,304056,503339,503439,199.283000,199.617000
84,4402,4402,5132941,495990,496324,548731,548831,52.407000,52.741000
84,5027,5027,53a3940,200031,200357,565352,565452,364.995000,365.321000
84,2002,2002,47d2942,554513,554847,588738,588838,33.891000,34.225000
84,3395,3395,4d43943,644166,644492,679012,679112,34.520000,34.846000
84,2488,2488,49b8941,662867,663201,696136,696236,32.935000,33.269000
84,2051,2051,4803941,688194,688520,718879,718979,30.359000,30.685000
84,760,760,42f8942,528259,528593,1014698,1014798,486.105000,486.439000
84,3536,3536,4dd0941,1006051,1006385,1020650,1020750,14.265000,14.599000
84,4112,4112,5010941,643799,644133,1044257,1044357,400.124000,400.458000
85,1714,1714,46b2941,47053,47387,55782,55882,8.395000,8.729000
85,1137,1137,4471942,94173,94499,106404,106504,11.905000,12.231000
85,562,562,4232940,168083,168417,203004,203104,34.587000,34.921000
85,5657,5657,5619942,206139,206465,212701,212801,6.236000,6.562000
85,1433,1433,4599940,310633,310959,526425,526525,215.466000,215.792000
85,5602,5602,55e2940,492134,492468,583018,583118,90.550000,90.884000
85,761,761,42f9942,544068,544394,588719,588819,44.325000,44.651000
85,2003,2003,47d3942,582097,582423,594707,594807,12.284000,12.610000
85,4403,4403,5133941,538342,538668,624853,624953,86.185000,86.511000
85,3634,3634,4e32942,546514,546848,637496,637596,90.648000,90.982000
85,2489,2489,49b9941,681933,682259,724389,724489,42.130000,42.456000
85,4113,4113,5011941,886453,886779,903627,903727,16.848000,17.174000
85,3537,3537,4dd1941,1013062,1013388,1032443,1032542,19.055000,19.381000
86,1715,1715,46b3941,54019,54345,62729,62829,8.384000,8.710000
86,260,260,4104943,55167,55501,67576,67676,12.075000,12.409000
86,1138,1138,4472942,101092,101426,118265,118365,16.839000,17.173000
86,850,850,4352943,129966,130300,164150,164250,33.850000,34.184000
86,2424,2424,4978942,140248,140582,173446,173546,32.864000,33.198000
86,1090,1090,4442941,156340,156674,192218,192318,35.544000,35.878000
86,5658,5658,561a942,213146,213480,219784,219884,6.304000,6.638000
86,563,563,4233940,175523,175849,224661,224761,48.812000,49.138000
86,164,164,40a4942,243221,243555,257251,257351,13.696000,14.030000
86,3442,3442,4d72943,273006,273340,306180,306280,32.840000,33.174000
86,24,24,4018943,305545,305879,398814,398914,92.935000,93.269000
86,3676,3676,4e5c941,404498,404832,469503,469603,64.671000,65.005000
86,514,514,4202940,583011,583345,589556,589656,6.211000,6.545000
86,5603,5603,55e3940,537821,538147,605670,605770,67.523000,67.849000
86,5064,5064,53c8940,605823,606157,621987,622087,15.830000,16.164000
86,5156,5156,5424941,619385,619719,631618,631718,11.899000,12.233000
86,1944,1944,4798941,645003,645337,663216,663316,17.879000,18.213000
86,3635,3635,4e33942,553551,553877,667823,667923,113.946000,114.272000
86,2242,2242,48c2943,625509,625843,684707,684807,58.864000,59.198000
86,2490,2490,49ba941,688937,689271,737115,737215,47.844000,48.178000
86,1276,1276,44fc941,637227,637561,743001,743101,105.440000,105.774000
86,762,762,42fa942,553700,554034,881289,881389,327.255000,327.589000
86,1434,1434,459a940,317619,317953,903873,903973,585.920000,586.254000
86,4114,4114,5012941,893421,893755,910715,910815,16.960000,17.294000
86,452,452,41c4942,687002,687336,1013361,1013461,326.025000,326.359000
86,3538,3538,4dd2941,1021203,1021537,1044195,1044295,22.658000,22.992000
86,4004,4004,4fa4942,1042504,1042839,1061680,1061780,18.841000,19.176000
86,1516,1516,45ec940,974430,974764,1176121,1176221,201.357000,201.691000
86,5204,5204,5454940,1072250,1072584,1246117,1246217,173.533000,173.867000
86,3336,3336,4d08940,1272534,1272868,1285038,1285138,12.170000,12.504000
86,4392,4392,5128943,1263015,1263349,1293674,1293774,30.325000,30.659000
86,4972,4972,536c942,1350634,1350968,1363311,1363411,12.343000,12.677000
86,1704,1704,46a8943,1342116,1342450,1380930,1381030,38.480000,38.814000
86,4628,4628,5214943,1414121,1414455,1441795,1441895,27.340000,27.674000
87,261,261,4105943,62208,62534,73306,73406,10.772000,11.098000
87,1450,1450,45aa942,103572,103906,112508,112608,8.602000,8.936000
87,5002,5002,538a941,127813,128146,158423,158523,30.277000,30.610000
87,2170,2170,487a940,116685,117019,170108,170208,53.089000,53.423000
87,2425,2425,4979942,154366,154692,179400,179500,24.708000,25.034000
87,1139,1139,4473942,111665,111991,186684,186784,74.693000,75.019000
87,1091,1091,4443941,163349,163675,197767,197867,34.092000,34.418000
87,3658,3658,4e4a942,198712,199046,207688,207788,8.642000,8.976000
87,851,851,4353943,137016,137342,212546,212646,75.204000,75.530000
87,1642,1642,466a941,194891,195225,218309,218409,23.084000,23.418000
87,5659,5659,561b942,220150,220476,230879,230979,10.403000,10.729000
87,165,165,40a5942,250225,250551,274273,274373,23.722000,24.048000
87,4090,4090,4ffa943,225390,225724,296103,296203,70.379000,70.713000
87,3946,3946,4f6a940,239113,239447,300634,300734,61.187000,61.521000
87,1594,1594,463a941,263706,264040,309661,309761,45.621000,45.955000
87,3443,3443,4d73943,280047,280373,323183,323283,42.810000,43.136000
87,1114,1114,445a943,326160,326494,335092,335192,8.598000,8.932000
87,2602,2602,4a2a940,263738,264072,345897,345997,81.825000,82.159000
87,298,298,412a940,311647,311981,356787,356887,44.806000,45.140000
87,250,250,40fa940,289941,290275,361647,361747,71.372000,71.706000
87,2650,2650,4a5a943,269242,269576,366133,366233,96.557000,96.891000
87,922,922,439a941,312611,312945,371633,371733,58.688000,59.022000
87,25,25,4019943,312417,312743,419580,419680,106.837000,107.163000
87,394,394,418a941,406823,407157,425123,425223,17.966000,18.300000
87,442,442,41ba942,385380,385714,430626,430726,44.912000,45.246000
87,1258,1258,44ea942,396183,396517,479824,479924,83.307000,83.641000
87,3677,3677,4e5d941,436404,436730,510046,510146,73.316000,73.642000
87,2938,2938,4b7a942,483982,484316,525832,525932,41.516000,41.850000
87,682,682,42aa940,531037,531371,537798,537898,6.427000,6.761000
87,515,515,4203940,589988,590314,596459,596559,6.145000,6.471000
87,5157,5157,5425941,626434,626760,642682,642782,15.922000,16.248000
87,763,763,42fb942,560701,561027,648225,648325,87.198000,87.524000
87,1945,1945,4799941,654040,654366,670198,670298,15.832000,16.158000
87,5065,5065,53c9940,612800,613126,690209,690309,77.083000,77.409000
87,2243,2243,48c3943,640236,640562,695751,695851,55.189000,55.515000
87,586,586,424a942,636378,636712,708079,708179,71.367000,71.701000
87,4714,4714,526a940,736216,736550,780352,780452,43.802000,44.136000
87,2491,2491,49bb941,695942,696268,803009,803109,106.741000,107.067000
87,1277,1277,44fd941,661144,661470,808788,808888,147.318000,147.644000
87,538,538,421a942,794854,795188,874701,874801,79.513000,79.847000
87,6298,6298,589a941,874782,875116,881565,881665,6.449000,6.783000
87,6010,6010,577a942,857702,858036,886808,886908,28.772000,29.106000
87,4115,4115,5013941,900448,900774,917908,918008,17.134000,17.460000
87,1435,1435,459b940,489993,490319,936800,936900,446.481000,446.807000
87,3466,3466,4d8a941,924260,924594,958944,959044,34.350000,34.684000
87,4378,4378,511a942,724536,724870,970796,970896,245.926000,246.260000
87,3802,3802,4eda943,529678,530012,997554,997654,467.542000,467.876000
87,5866,5866,56ea942,988406,988740,1003294,1003394,14.554000,14.888000
87,778,778,430a941,980188,980522,1020142,1020242,39.620000,39.954000
87,453,453,41c5942,693983,694309,1024673,1024772,330.364000,330.690000
87,3539,3539,4dd3941,1031449,1031774,1050145,1050245,18.371000,18.696000
87,4005,4005,4fa5942,1049514,1049840,1067612,1067712,17.772000,18.098000
87,6154,6154,580a942,1070966,1071300,1084777,1084877,13.477000,13.811000
87,3274,3274,4cca943,1037267,1037600,1135902,1136002,98.302000,98.635000
87,5482,5482,556a941,1120140,1120474,1152538,1152638,32.064000,32.398000
87,1517,1517,45ed940,988738,989064,1228767,1228867,239.703000,240.029000
87,5205,5205,5455940,1083611,1083937,1275319,1275419,191.382000,191.708000
87,4393,4393,5129943,1269940,1270266,1305214,1305314,34.948000,35.274000
87,3337,3337,4d09940,1279579,1279905,1310946,1311046,31.041000,31.367000
87,3610,3610,4e1a942,1294109,1294443,1334101,1334201,39.658000,39.992000
87,4973,4973,536d942,1357620,1357946,1375003,1375103,17.057000,17.383000
87,1705,1705,46a9943,1349107,1349433,1392626,1392726,43.193000,43.519000
87,4629,4629,5215943,1421070,1421396,1448707,1448807,27.311000,27.637000
87,3706,3706,4e7a942,1462882,1463216,1469752,1469852,6.536000,6.870000
87,4762,4762,529a941,1494318,1494652,1510655,1510755,16.003000,16.337000
87,6202,6202,583a942,1680276,1680610,1687146,1687246,6.536000,6.870000
88,3586,3586,4e02943,60091,60425,68762,68862,8.337000,8.671000
88,3778,3778,4ec2943,64813,65147,82660,82760,17.513000,17.847000
88,262,262,4106943,69264,69598,90233,90333,20.635000,20.969000
88,1140,1140,4474942,118561,118895,129456,129556,10.561000,10.895000
88,5003,5003,538b941,134779,135105,154033,154133,18.928000,19.254000
88,2171,2171,487b940,132117,132443,159566,159666,27.123000,27.449000
88,2426,2426,497a942,173744,174078,190792,190892,16.714000,17.048000
88,1451,1451,45ab942,110541,110867,239352,239452,128.485000,128.811000
88,1643,1643,466b941,201898,202224,256770,256870,54.546000,54.872000
88,3947,3947,4f6b940,259852,260178,277523,277623,17.345000,17.671000
88,166,166,40a6942,257306,257640,286781,286881,29.141000,29.475000
88,2603,2603,4a2b940,270737,271063,291303,291403,20.240000,20.566000
88,5660,5660,561c942,227157,227491,296813,296913,69.322000,69.656000
88,4091,4091,4ffb943,284517,284843,310981,311081,26.138000,26.464000
88,1595,1595,463b941,309945,310271,323491,323591,13.220000,13.546000
88,2651,2651,4a5b943,277506,277832,349269,349369,71.437000,71.763000
88,26,26,401a943,319419,319753,366818,366918,47.065000,47.399000
88,1115,1115,445b943,333154,333480,371447,371547,37.967000,38.293000
88,923,923,439b941,334342,334668,393109,393209,58.441000,58.767000
88,251,251,40fb940,357414,357740,410388,410488,52.648000,52.974000
88,443,443,41bb942,401756,402082,414919,415019,12.837000,13.163000
88,1259,1259,44eb942,403073,403399,423719,423819,20.320000,20.646000
88,299,299,412b940,328869,329195,438853,438953,109.658000,109.984000
88,395,395,418b941,413828,414154,444622,444722,30.468000,30.794000
88,3659,3659,4e4b942,205672,205998,450372,450472,244.374000,244.700000
88,5314,5314,54c2943,475094,475428,487377,487477,11.949000,12.283000
88,3678,3678,4e5e941,443449,443783,500398,500498,56.615000,56.949000
88,2939,2939,4b7b942,491099,491425,516750,516850,25.325000,25.651000
88,1436,1436,459c940,513260,513593,522283,522382,8.690000,9.023000
88,683,683,42ab940,538100,538426,554622,554722,16.196000,16.522000
88,4450,4450,5162941,536853,537187,579496,579596,42.309000,42.643000
88,764,764,42fc942,584898,585232,594047,594147,8.815000,9.149000
88,5158,5158,5426941,633448,633782,642147,642247,8.365000,8.699000
88,587,587,424b942,687410,687736,706747,706847,19.011000,19.337000
88,4882,4882,5312940,631964,632298,712860,712960,80.562000,80.896000
88,2492,2492,49bc941,708639,708973,717389,717489,8.416000,8.750000
88,3803,3803,4edb943,536674,537000,741669,741769,204.669000,204.995000
88,4715,4715,526b940,743225,743551,789581,789681,46.030000,46.356000
88,1946,1946,479a941,668189,668523,809825,809925,141.302000,141.636000
88,539,539,421b942,801854,802180,817579,817679,15.399000,15.725000
88,4379,4379,511b942,814494,814820,822113,822213,7.293000,7.619000
88,1278,1278,44fe941,675393,675727,829457,829557,153.730000,154.064000
88,5066,5066,53ca940,623821,624155,881424,881524,257.269000,257.603000
88,6299,6299,589b941,881841,882167,897216,897316,15.049000,15.375000
88,6011,6011,577b942,864706,865032,901780,901880,36.748000,37.074000
88,4116,4116,5014941,907519,907853,920013,920113,12.160000,12.494000
88,3467,3467,4d8b941,937289,937615,972081,972181,34.466000,34.792000
88,779,779,430b941,989697,990023,996527,996627,6.504000,6.830000
88,5867,5867,56eb942,1002424,1002750,1018899,1018999,16.149000,16.475000
88,454,454,41c6942,700949,701283,1023667,1023767,322.384000,322.718000
88,3540,3540,4dd4941,1038442,1038776,1059981,1060081,21.205000,21.539000
88,1518,1518,45ee940,1000550,1000884,1066606,1066706,65.722000,66.056000
88,4006,4006,4fa6942,1056498,1056832,1078149,1078249,21.317000,21.651000
88,3275,3275,4ccb943,1044245,1044571,1132394,1132494,87.823000,88.149000
88,6155,6155,580b942,1077949,1078275,1137180,1137280,58.905000,59.231000
88,3346,3346,4d12943,1186971,1187305,1195788,1195888,8.483000,8.817000
88,5483,5483,556b941,1136831,1137157,1201660,1201760,64.503000,64.829000
88,5206,5206,5456940,1100903,1101237,1213352,1213452,112.115000,112.449000
88,4394,4394,512a943,1295237,1295571,1302102,1302202,6.531000,6.865000
88,3338,3338,4d0a940,1286658,1286992,1307860,1307960,20.868000,21.202000
88,3611,3611,4e1b942,1301112,1301438,1312424,1312524,10.986000,11.312000
88,1706,1706,46aa943,1359685,1360019,1379170,1379270,19.151000,19.485000
88,4974,4974,536e942,1364679,1365013,1385163,1385263,20.150000,20.484000
88,4630,4630,5216943,1443286,1443620,1456117,1456217,12.497000,12.831000
88,3707,3707,4e7b942,1469901,1470227,1482263,1482363,12.036000,12.362000
88,4763,4763,529b941,1501281,1501607,1508060,1508160,6.453000,6.779000
88,6203,6203,583b942,1687295,1687621,1703569,1703669,15.948000,16.274000
88,5554,5554,55b2943,1679980,1680314,1709499,1709599,29.185000,29.519000
89,1618,1618,4652941,37991,38325,52967,53067,14.642000,14.976000
89,3587,3587,4e03943,67096,67422,75677,75777,8.255000,8.581000
89,3779,3779,4ec3943,77208,77534,88563,88663,11.029000,11.355000
89,263,263,4107943,82462,82788,95749,95849,12.961000,13.287000
89,1141,1141,4475942,129750,130075,147876,147976,17.801000,18.126000
89,2427,2427,497b942,180729,181055,192945,193045,11.890000,12.216000
89,418,418,41a2940,275499,275833,279810,279910,3.977000,4.311000
89,167,167,40a7942,268279,268605,305274,305374,36.669000,36.995000
89,5661,5661,561d942,257887,258213,309817,309917,51.604000,51.930000
89,27,27,401b943,366934,367260,373740,373840,6.480000,6.806000
89,5315,5315,54c3943,482140,482466,494487,494587,12.021000,12.347000
89,1437,1437,459d940,520222,520548,567908,568008,47.360000,47.686000
89,3679,3679,4e5f941,480506,480832,573751,573851,92.919000,93.245000
89,4451,4451,5163941,544104,544430,591397,591497,46.967000,47.293000
89,765,765,42fd942,591867,592193,601017,601117,8.824000,9.150000
89,5067,5067,53cb940,630732,631058,647705,647805,16.647000,16.973000
89,5159,5159,5427941,640497,640823,653274,653374,12.451000,12.777000
89,2674,2674,4a72940,522761,523095,675260,675360,152.165000,152.499000
89,2493,2493,49bd941,715644,715970,724809,724909,8.839000,9.165000
89,4883,4883,5313940,682704,683030,735963,736063,52.933000,53.259000
89,1042,1042,4412942,587900,588234,753218,753318,164.984000,165.318000
89,1947,1947,479b941,728542,728868,764975,765075,36.107000,36.433000
89,1279,1279,44ff941,753670,753996,857484,857584,103.488000,103.814000
89,4117,4117,5015941,916083,916409,975693,975793,59.284000,59.610000
89,3541,3541,4dd5941,1054521,1054847,1072400,1072500,17.553000,17.879000
89,1519,1519,45ef940,1007547,1007873,1089684,1089784,81.811000,82.137000
89,4007,4007,4fa7942,1066803,1067129,1101288,1101388,34.159000,34.485000
89,455,455,41c7942,1006699,1007025,1112658,1112758,105.633000,105.959000
89,3347,3347,4d13943,1193925,1194251,1207572,1207672,13.321000,13.647000
89,5207,5207,5457940,1203616,1203942,1224933,1225033,20.991000,21.317000
89,4395,4395,512b943,1302264,1302590,1313661,1313761,11.071000,11.397000
89,3339,3339,4d0b940,1294327,1294653,1319420,1319520,24.767000,25.093000
89,1707,1707,46ab943,1371477,1371803,1380280,1380380,8.477000,8.803000
89,4975,4975,536f942,1373997,1374323,1391213,1391313,16.890000,17.216000
89,4631,4631,5217943,1450240,1450566,1467850,1467950,17.284000,17.610000
89,5555,5555,55b3943,1690445,1690771,1733040,1733140,42.269000,42.595000
90,2194,2194,4892942,52041,52375,60860,60960,8.485000,8.819000
90,1619,1619,4653941,45040,45366,71000,71100,25.634000,25.960000
90,1142,1142,4476942,148323,148657,152634,152734,3.977000,4.311000
90,130,130,4082943,132031,132365,178451,178551,46.086000,46.420000
90,419,419,41a3940,280951,281277,287441,287541,6.164000,6.490000
90,6034,6034,5792940,283104,283438,314570,314670,31.132000,31.466000
90,5662,5662,561e942,267987,268321,325726,325826,57.405000,57.739000
90,1438,1438,459e940,527262,527596,567999,568099,40.403000,40.737000
90,2675,2675,4a73940,529791,530117,607041,607141,76.924000,77.250000
90,766,766,42fe942,599141,599475,648743,648843,49.268000,49.602000
90,2626,2626,4a42942,568063,568397,714156,714256,145.759000,146.093000
90,2494,2494,49be941,722829,723163,740295,740395,17.132000,17.466000
90,1043,1043,4413942,594885,595211,805903,806003,210.692000,211.018000
90,4066,4066,4fe2940,767158,767492,830779,830879,63.287000,63.621000
90,4118,4118,5016941,925449,925783,987394,987494,61.611000,61.945000
90,4642,4642,5222941,1021918,1022252,1067267,1067367,45.015000,45.349000
90,3542,3542,4dd6941,1061514,1061848,1078341,1078441,16.493000,16.827000
90,3250,3250,4cb2943,1097778,1098112,1106760,1106860,8.648000,8.982000
91,2195,2195,4893942,59005,59331,96192,96292,36.861000,37.187000
91,1143,1143,4477942,153760,154086,158099,158199,4.013000,4.339000
91,131,131,4083943,151604,151930,190295,190395,38.365000,38.691000
91,6035,6035,5793940,290631,290957,320145,320245,29.188000,29.514000
91,5663,5663,561f942,274991,275317,343467,343567,68.150000,68.476000
91,1439,1439,459f940,534224,534550,619996,620096,85.446000,85.772000
91,767,767,42ff942,627449,627775,671684,671784,43.909000,44.235000
91,2627,2627,4a43942,575071,575397,727315,727415,151.918000,152.244000
91,2495,2495,49bf941,729825,730151,741414,741514,11.263000,11.589000
91,4067,4067,4fe3940,774264,774590,885754,885854,111.164000,111.490000
91,1186,1186,44a2942,883061,883395,892040,892140,8.645000,8.979000
91,2962,2962,4b92943,897263,897597,931026,931126,33.429000,33.763000
91,4119,4119,5017941,977125,977451,999110,999210,21.659000,21.985000
91,4643,4643,5223941,1029931,1030257,1106816,1106916,76.559000,76.885000
91,3251,3251,4cb3943,1104677,1105003,1113757,1113857,8.754000,9.080000
91,3543,3543,4dd7941,1068525,1068851,1118622,1118722,49.771000,50.097000
91,4018,4018,4fb2943,1325493,1325827,1337092,1337192,11.265000,11.599000
91,6178,6178,5822941,1571955,1572289,1578740,1578840,6.451000,6.785000
92,274,274,4112942,84938,85272,98738,98838,13.466000,13.800000
92,3490,3490,4da2943,94882,95216,103631,103731,8.415000,8.749000
92,2866,2866,4b32941,134066,134400,158304,158404,23.904000,24.238000
92,4210,4210,5072943,418038,418372,477963,478063,59.591000,59.925000
92,1810,1810,4712943,634456,634790,643310,643410,8.520000,8.854000
92,2386,2386,4952943,796926,797260,862357,862457,65.097000,65.431000
92,1187,1187,44a3942,890075,890401,896874,896974,6.473000,6.799000
92,2963,2963,4b93943,904220,904546,936142,936242,31.596000,31.922000
92,4019,4019,4fb3943,1332487,1332813,1342865,1342965,10.052000,10.378000
92,3826,3826,4ef2942,1455117,1455451,1463689,1463789,8.238000,8.572000
92,6179,6179,5823941,1578993,1579319,1587726,1587826,8.407000,8.733000
93,802,802,4322943,64032,64365,82465,82565,18.100000,18.433000
93,4354,4354,5102942,85032,85366,98274,98374,12.908000,13.242000
93,275,275,4113942,96639,96965,105685,105785,8.720000,9.046000
93,3491,3491,4da3943,102332,102658,110576,110676,7.918000,8.244000
93,466,466,41d2941,148105,148439,337325,337425,188.886000,189.220000
93,3730,3730,4e92943,324079,324413,341834,341934,17.421000,17.755000
93,2867,2867,4b33941,148141,148467,360625,360725,212.158000,212.484000
93,4211,4211,5073943,425043,425369,572475,572575,147.106000,147.432000
93,2434,2434,4982940,579054,579388,583365,583465,3.977000,4.311000
93,1811,1811,4713943,641381,641707,650344,650444,8.637000,8.963000
93,4498,4498,5192941,768189,768523,777165,777265,8.642000,8.976000
93,2387,2387,4953943,842134,842460,869131,869231,26.671000,26.997000
93,5794,5794,56a2940,1078921,1079255,1095157,1095257,15.902000,16.236000
93,3827,3827,4ef3942,1462146,1462472,1470796,1470896,8.324000,8.650000
94,803,803,4323943,71073,71399,93762,93862,22.363000,22.689000
94,322,322,4142941,57000,57334,99442,99542,42.108000,42.442000
94,4355,4355,5103942,92061,92387,104141,104241,11.754000,12.080000
94,658,658,4292940,122906,123240,129598,129698,6.358000,6.692000
94,467,467,41d3941,155110,155436,173924,174024,18.488000,18.814000
94,5698,5698,5642942,198574,198908,256373,256472,57.465000,57.799000
94,82,82,4052940,208047,208381,308382,308482,100.001000,100.335000
94,1282,1282,4502940,226982,227316,343066,343166,115.750000,116.084000
94,3731,3731,4e93943,331004,331330,347600,347700,16.270000,16.596000
94,34,34,4022940,514077,514410,578156,578256,63.746000,64.079000
94,2435,2435,4983940,584506,584832,591127,591227,6.295000,6.621000
94,6226,6226,5852943,623499,623833,656299,656399,32.466000,32.800000
94,6370,6370,58e2941,720285,720619,739520,739620,18.901000,19.235000
94,3874,3874,4f22940,746438,746772,757639,757739,10.867000,11.201000
94,4499,4499,5193941,775128,775454,784086,784186,8.632000,8.958000
94,178,178,40b2943,777935,778269,797797,797897,19.528000,19.862000
94,1570,1570,4622941,906149,906483,969289,969389,62.806000,63.140000
94,5795,5795,56a3940,1085893,1086219,1102212,1102312,15.993000,16.319000
94,2290,2290,48f2941,1261612,1261946,1280931,1281031,18.985000,19.319000
95,323,323,4143941,72167,72493,111180,111280,38.687000,39.013000
95,659,659,4293940,129841,130167,136437,136537,6.270000,6.596000
95,5699,5699,5643942,205597,205923,233414,233514,27.491000,27.817000
95,83,83,4053940,266547,266873,280526,280626,13.653000,13.979000
95,1283,1283,4503940,234139,234465,485541,485641,251.076000,251.402000
95,35,35,4023940,521135,521461,579283,579383,57.822000,58.148000
95,6227,6227,5853943,631324,631650,650529,650629,18.879000,19.205000
95,6371,6371,58e3941,727286,727612,751852,751952,24.240000,24.566000
95,3875,3875,4f23940,753378,753704,763348,763448,9.644000,9.970000
95,179,179,40b3943,784860,785186,809707,809807,24.521000,24.847000
95,1571,1571,4623941,953153,953479,968807,968907,15.328000,15.654000
95,2291,2291,48f3941,1268593,1268919,1287944,1288044,19.025000,19.351000
96,352,352,4160943,226051,226385,235025,235125,8.640000,8.974000
96,3012,3012,4bc4942,201572,201906,364446,364546,162.540000,162.874000
96,2368,2368,4940940,534051,534385,540621,540721,6.236000,6.570000
96,2272,2272,48e0941,517050,517385,545494,545594,28.109000,28.444000
96,5412,5412,5524943,520031,520366,640018,640118,119.652000,119.987000
96,996,996,43e4942,634618,634952,646297,646397,11.345000,11.679000
96,5172,5172,5434941,701280,701614,743360,743460,41.746000,42.080000
96,6276,6276,5884941,1113915,1114249,1223003,1223103,108.754000,109.088000
96,5076,5076,53d4942,1226030,1226364,1292869,1292969,66.505000,66.839000
96,6324,6324,58b4943,1355656,1355990,1400998,1401098,45.008000,45.342000
96,5344,5344,54e0942,1921051,1921385,1933447,1933547,12.062000,12.396000
97,5632,5632,5600940,22051,22385,30849,30949,8.464000,8.798000
97,1360,1360,4550940,77051,77385,89467,89567,12.082000,12.416000
97,304,304,4130942,88051,88385,96774,96874,8.389000,8.723000
97,5392,5392,5510943,200051,200385,212931,213031,12.546000,12.880000
97,353,353,4161943,233367,233693,246556,246656,12.863000,13.189000
97,2100,2100,4834941,64032,64365,352586,352686,288.221000,288.554000
97,3013,3013,4bc5942,216549,216875,391787,391887,174.912000,175.238000
97,3616,3616,4e20941,179675,180009,405174,405274,225.165000,225.499000
97,1332,1332,4534943,523728,524063,536265,536365,12.202000,12.537000
97,2369,2369,4941940,541080,541406,547625,547725,6.219000,6.545000
97,5413,5413,5525943,550406,550732,562764,562864,12.032000,12.358000
97,2273,2273,48e1941,523976,524302,567882,567982,43.580000,43.906000
97,997,997,43e5942,644401,644727,653415,653515,8.688000,9.014000
97,4864,4864,5300943,703051,703385,712066,712166,8.681000,9.015000
97,5173,5173,5435941,713067,713393,756276,756376,42.883000,43.209000
97,900,900,4384942,721071,721405,761074,761174,39.669000,40.003000
97,5364,5364,54f4943,966396,966730,975546,975646,8.816000,9.150000
97,4144,4144,5030941,991057,991391,1013831,1013931,22.440000,22.774000
97,6277,6277,5885941,1147409,1147735,1240637,1240737,92.902000,93.228000
97,5077,5077,53d5942,1233039,1233365,1300007,1300107,66.642000,66.968000
97,6325,6325,58b5943,1363625,1363951,1415077,1415177,51.126000,51.452000
97,5345,5345,54e1942,1927971,1928297,1940385,1940485,12.088000,12.414000
98,5633,5633,5601940,29015,29341,42462,42562,13.121000,13.447000
98,305,305,4131942,95028,95354,103603,103703,8.249000,8.575000
98,1361,1361,4551940,84055,84381,108440,108540,24.059000,24.385000
98,688,688,42b0940,76051,76385,121234,121334,44.849000,45.183000
98,612,612,4264940,129149,129483,148222,148322,18.739000,19.073000
98,6112,6112,57e0941,152051,152385,159808,159908,7.423000,7.757000
98,2101,2101,4835941,75686,76012,212047,212147,136.035000,136.361000
98,2340,2340,4924941,164101,164435,235176,235276,70.741000,71.075000
98,3300,3300,4ce4942,189040,189374,240932,241032,51.558000,51.892000
98,354,354,4162943,240929,241263,247501,247601,6.238000,6.572000
98,5393,5393,5511943,206976,207302,252507,252607,45.205000,45.531000
98,2320,2320,4910941,273051,273385,299901,300001,26.516000,26.850000
98,3156,3156,4c54943,344166,344500,352864,352964,8.364000,8.698000
98,2032,2032,47f0940,162051,162385,393308,393408,230.923000,231.257000
98,3617,3617,4e21941,186735,187061,428544,428644,241.483000,241.809000
98,4672,4672,5240941,452299,452633,460947,461047,8.314000,8.648000
98,1333,1333,4535943,530753,531079,553972,554072,22.893000,23.219000
98,2370,2370,4942940,548117,548451,558503,558603,10.052000,10.386000
98,2274,2274,48e2941,537787,538121,606874,606974,68.753000,69.087000
98,4865,4865,5301943,709984,710310,719017,719117,8.707000,9.033000
98,901,901,4385942,728070,728396,771745,771845,43.349000,43.675000
98,5920,5920,5720940,865508,865842,879376,879476,13.534000,13.868000
98,5296,5296,54b0940,849364,849698,928034,928134,78.336000,78.670000
98,5365,5365,54f5943,973574,973900,995343,995443,21.443000,21.769000
98,4145,4145,5031941,1008251,1008577,1017231,1017331,8.654000,8.980000
98,4932,4932,5344940,1294862,1295196,1311667,1311767,16.471000,16.805000
98,5346,5346,54e2942,1935012,1935346,1947493,1947593,12.147000,12.481000
99,5104,5104,53f0942,31051,31385,54126,54226,22.741000,23.075000
99,5634,5634,5602940,36030,36364,65744,65844,29.380000,29.714000
99,5892,5892,5704942,59829,60163,70278,70378,10.115000,10.449000
99,1792,1792,4700943,41051,41385,77524,77624,36.139000,36.473000
99,306,306,4132942,102011,102345,110635,110735,8.290000,8.624000
99,689,689,42b1940,83015,83341,115455,115555,32.114000,32.440000
99,3924,3924,4f54942,121999,122333,126310,126410,3.977000,4.311000
99,1362,1362,4552940,91062,91396,130946,131045,39.550000,39.884000
99,1456,1456,45b0943,128051,128384,136975,137075,8.591000,8.924000
99,613,613,4265940,136182,136508,165617,165717,29.109000,29.435000
99,6113,6113,57e1941,158976,159302,171453,171553,12.151000,12.477000
99,2341,2341,4925941,171160,171486,246752,246852,75.266000,75.592000
99,355,355,4163943,247904,248230,254470,254570,6.240000,6.566000
99,4480,4480,5180943,244051,244385,260042,260142,15.657000,15.991000
99,3204,3204,4c84943,197474,197808,287171,287271,89.363000,89.697000
99,2321,2321,4911941,298305,298631,306951,307051,8.320000,8.646000
99,5394,5394,5512943,213966,214300,311862,311962,97.562000,97.896000
99,112,112,4070940,271051,271385,329246,329346,57.861000,58.195000
99,3301,3301,4ce5942,196033,196359,335046,335146,138.687000,139.013000
99,3904,3904,4f40941,202631,202965,352593,352693,149.628000,149.962000
99,3157,3157,4c55943,351165,351491,359937,360037,8.446000,8.772000
99,2033,2033,47f1940,169055,169381,422734,422834,253.353000,253.679000
99,3618,3618,4e22941,193797,194131,440150,440250,246.019000,246.353000
99,4673,4673,5241941,459304,459630,467959,468059,8.329000,8.655000
99,2371,2371,4943940,555146,555472,569701,569801,14.229000,14.555000
99,5028,5028,53a4940,207022,207356,581127,581227,373.771000,374.105000
99,1168,1168,4490942,189051,189385,623603,623703,434.218000,434.552000
99,640,640,4280943,596051,596385,637290,637390,40.905000,41.239000
99,2275,2275,48e3941,551949,552275,642193,642293,89.918000,90.244000
99,3396,3396,4d44943,665153,665487,685021,685121,19.534000,19.868000
99,2052,2052,4804941,712242,712576,726079,726179,13.503000,13.837000
99,4866,4866,5302943,716955,717289,732861,732961,15.572000,15.906000
99,5584,5584,55d0943,584944,585278,777581,777681,192.303000,192.637000
99,5921,5921,5721940,879674,880000,886301,886401,6.301000,6.627000
99,5297,5297,54b1940,856422,856748,935163,935263,78.415000,78.741000
99,4146,4146,5032941,1015349,1015683,1031013,1031113,15.330000,15.664000
99,4933,4933,5345940,1301800,1302126,1318711,1318811,16.585000,16.911000
99,5347,5347,54e3942,1941988,1942314,1954614,1954714,12.300000,12.626000
100,1793,1793,4701943,47976,48302,54757,54857,6.455000,6.781000
100,5105,5105,53f1942,37986,38312,60474,60574,22.162000,22.488000
100,5635,5635,5603940,42999,43325,78042,78142,34.717000,35.043000
100,5893,5893,5705942,66828,67154,83759,83859,16.605000,16.931000
100,307,307,4133942,108988,109314,117753,117853,8.439000,8.765000
100,690,690,42b2940,94656,94990,122596,122696,27.606000,27.940000
100,2128,2128,4850943,116051,116385,131858,131958,15.473000,15.807000
100,1363,1363,4553940,98066,98392,136678,136778,38.286000,38.612000
100,3925,3925,4f55942,127447,127773,141241,141341,13.468000,13.794000
100,1457,1457,45b1943,135060,135386,146148,146248,10.762000,11.088000
100,3856,3856,4f10943,138051,138385,151773,151873,13.388000,13.722000
100,6114,6114,57e2941,165882,166216,191145,191245,24.929000,25.263000
100,3205,3205,4c85943,204442,204768,221503,221603,16.735000,17.061000
100,400,400,4190943,197051,197385,244531,244631,47.146000,47.480000
100,5440,5440,5540943,184051,184385,250314,250414,65.929000,66.263000
100,5395,5395,5513943,223809,224135,256123,256222,31.988000,32.314000
100,1144,1144,4478942,159222,159556,260645,260746,101.089000,101.423000
100,4481,4481,5181943,251056,251382,265468,265568,14.086000,14.412000
100,1024,1024,4400941,264051,264385,286464,286564,22.079000,22.413000
100,1169,1169,4491942,195995,196321,292208,292308,95.887000,96.213000
100,5744,5744,5670941,286508,286842,311867,311967,25.025000,25.359000
100,2322,2322,4912941,305361,305695,351874,351974,46.179000,46.513000
100,3424,3424,4d60940,117051,117385,362755,362855,245.370000,245.704000
100,2560,2560,4a00942,362291,362625,379794,379894,17.169000,17.503000
100,3905,3905,4f41941,224332,224658,397801,397901,173.143000,173.469000
100,944,944,43b0942,397020,397354,456352,456452,58.998000,59.332000
100,4674,4674,5242941,466357,466691,475013,475113,8.322000,8.656000
100,3619,3619,4e23941,200857,201183,498322,498422,297.139000,297.465000
100,2034,2034,47f2940,176091,176425,510194,510294,333.769000,334.103000
100,5029,5029,53a5940,514697,515023,602290,602390,87.267000,87.593000
100,2004,2004,47d4942,589135,589469,607336,607436,17.867000,18.201000
100,113,113,4071940,279643,279969,613218,613318,333.249000,333.575000
100,4404,4404,5134941,552490,552824,676793,676893,123.969000,124.303000
100,641,641,4281943,603038,603364,693107,693207,89.743000,90.069000
100,4160,4160,5040940,513050,513385,717516,717616,204.131000,204.466000
100,3397,3397,4d45943,672189,672515,734512,734612,61.997000,62.323000
100,4867,4867,5303943,723958,724284,739498,739598,15.214000,15.540000
100,2053,2053,4805941,719368,719694,744029,744129,24.335000,24.661000
100,4736,4736,5280941,690577,690911,776425,776525,85.514000,85.848000
100,4288,4288,50c0943,400700,401034,836976,837076,435.942000,436.276000
100,5585,5585,55d1943,596319,596645,858073,858173,261.428000,261.754000
100,5922,5922,5722940,886620,886954,930879,930979,43.925000,44.259000
100,5298,5298,54b2940,888743,889077,951938,952038,62.861000,63.195000
100,928,928,43a0942,956051,956385,1026518,1026618,70.133000,70.467000
100,4147,4147,5033941,1022369,1022695,1036433,1036532,13.738000,14.064000
100,3544,3544,4dd8941,1075538,1075872,1096564,1096664,20.692000,21.026000
100,4120,4120,5018941,986565,986899,1187803,1187903,200.904000,201.238000
100,3760,3760,4eb0942,1557051,1557385,1569352,1569452,11.967000,12.301000
100,6064,6064,57b0942,1634051,1634385,1642823,1642923,8.438000,8.772000
100,4832,4832,52e0942,1726051,1726385,1738264,1738364,11.879000,12.213000
101,1794,1794,4702943,54952,55286,66232,66332,10.946000,11.280000
101,5106,5106,53f2942,44962,45296,72184,72284,26.888000,27.222000
101,1716,1716,46b4941,61055,61389,76748,76848,15.359000,15.693000
101,691,691,42b3940,101620,101946,128390,128491,26.444000,26.770000
101,1458,1458,45b2943,142016,142350,152039,152139,9.689000,10.023000
101,2129,2129,4851943,129968,130294,177890,177990,47.596000,47.922000
101,6115,6115,57e3941,177224,177550,215764,215864,38.214000,38.540000
101,401,401,4191943,205121,205447,271287,271387,65.840000,66.166000
101,4482,4482,5182943,262025,262360,275821,275921,13.461000,13.796000
101,5441,5441,5541943,191056,191382,280706,280806,89.324000,89.650000
101,1145,1145,4479942,166207,166533,285193,285293,118.660000,118.986000
101,3857,3857,4f11943,145021,145347,302847,302947,157.500000,157.826000
101,564,564,4234940,182578,182912,328029,328129,145.117000,145.451000
101,5745,5745,5671941,293544,293870,332551,332651,38.681000,39.007000
101,2323,2323,4913941,312414,312740,368198,368298,55.458000,55.784000
101,3906,3906,4f42941,254584,254918,374029,374129,119.111000,119.445000
101,2561,2561,4a01942,370328,370654,391293,391393,20.639000,20.965000
101,3425,3425,4d61940,124028,124354,403543,403643,279.189000,279.515000
101,2035,2035,47f3940,183095,183421,481283,481383,297.862000,298.188000
101,4675,4675,5243941,473362,473688,486383,486483,12.695000,13.021000
101,1170,1170,4492942,202986,203320,542504,542604,339.184000,339.518000
101,2005,2005,47d5942,596124,596450,618913,619013,22.463000,22.789000
101,114,114,4072940,286595,286929,626039,626139,339.110000,339.444000
101,945,945,43b1942,454702,455028,630837,630937,175.809000,176.135000
101,5604,5604,55e4940,576451,576785,653942,654042,77.157000,77.491000
101,1025,1025,4401941,271056,271382,665450,665550,394.068000,394.394000
101,3636,3636,4e34942,568046,568380,688717,688817,120.337000,120.671000
101,4405,4405,5135941,598928,599254,700525,700625,101.271000,101.597000
101,642,642,4282943,616873,617207,706113,706213,88.906000,89.240000
101,4161,4161,5041940,519962,520288,749589,749689,229.301000,229.627000
101,5586,5586,55d2943,616483,616817,755177,755277,138.360000,138.694000
101,4737,4737,5281941,745784,746110,791497,791597,45.387000,45.713000
101,4289,4289,50c1943,411911,412237,863828,863928,451.591000,451.917000
101,5299,5299,54b3940,936675,937001,963788,963888,26.787000,27.113000
101,5923,5923,5723940,893584,893910,970683,970783,76.773000,77.099000
101,4121,4121,5019941,998350,998676,1061761,1061861,63.085000,63.411000
101,929,929,43a1942,962995,963321,1102359,1102459,139.038000,139.364000
101,3545,3545,4dd9941,1082586,1082912,1108135,1108235,25.223000,25.549000
101,3761,3761,4eb1942,1563971,1564297,1576526,1576626,12.229000,12.555000
101,6065,6065,57b1942,1640963,1641289,1649882,1649982,8.593000,8.919000
101,4833,4833,52e1942,1733080,1733406,1745477,1745577,12.071000,12.397000
102,1795,1795,4703943,61877,62203,66516,66616,4.313000,4.639000
102,1717,1717,46b5941,68021,68347,78492,78592,10.145000,10.471000
102,5107,5107,53f3942,64817,65144,83895,83995,18.751000,19.078000
102,264,264,4108943,89541,89875,106807,106907,16.932000,17.266000
102,1459,1459,45b3943,149011,149337,158088,158188,8.751000,9.077000
102,2130,2130,4852943,144053,144387,198050,198150,53.663000,53.997000
102,1092,1092,4444941,192185,192519,203747,203847,11.228000,11.562000
102,2428,2428,497c942,187720,188054,214867,214967,26.813000,27.147000
102,852,852,4354943,161667,162001,221740,221840,59.739000,60.073000
102,4483,4483,5183943,269062,269388,280869,280969,11.481000,11.807000
102,168,168,40a8942,280152,280486,292300,292400,11.814000,12.148000
102,3858,3858,4f12943,300752,301086,309837,309937,8.751000,9.085000
102,1146,1146,447a942,211426,211760,323248,323348,111.488000,111.822000
102,5746,5746,5672941,302007,302341,334462,334562,32.121000,32.455000
102,402,402,4192943,229053,229387,362674,362774,133.287000,133.621000
102,1171,1171,4493942,209904,210230,379993,380093,169.763000,170.089000
102,565,565,4235940,194431,194757,400681,400781,205.924000,206.250000
102,2562,2562,4a02942,382954,383288,457814,457914,74.526000,74.860000
102,28,28,401c943,373841,374175,462374,462474,88.199000,88.533000
102,3907,3907,4f43941,261606,261931,469380,469480,207.449000,207.774000
102,3426,3426,4d62940,131034,131369,475191,475291,343.822000,344.157000
102,5442,5442,5542943,198094,198428,536992,537092,338.564000,338.898000
102,115,115,4073940,531250,531576,570585,570685,39.009000,39.335000
102,516,516,4204940,596971,597305,603480,603580,6.175000,6.509000
102,5160,5160,5428941,647511,647845,659783,659883,11.938000,12.272000
102,946,946,43b2942,545923,546257,664643,664743,118.386000,118.720000
102,5605,5605,55e5940,593729,594055,693046,693146,98.991000,99.317000
102,3637,3637,4e35942,610596,610922,697577,697677,86.655000,86.981000
102,3444,3444,4d74943,287103,287437,702438,702538,415.001000,415.335000
102,1026,1026,4402941,278103,278437,713935,714035,435.498000,435.832000
102,2244,2244,48c4943,647274,647608,725471,725571,77.863000,78.197000
102,1948,1948,479c941,735498,735832,744479,744579,8.647000,8.981000
102,643,643,4283943,630941,631267,766082,766182,134.815000,135.141000
102,5587,5587,55d3943,623528,623854,774691,774791,150.837000,151.163000
102,4162,4162,5042940,526948,527282,782240,782340,254.958000,255.292000
102,4738,4738,5282941,763213,763547,808478,808578,44.931000,45.265000
102,4290,4290,50c2943,428701,429035,941727,941827,512.692000,513.026000
102,5068,5068,53cc940,643373,643707,1014597,1014697,370.890000,371.224000
102,4122,4122,501a941,1010038,1010372,1073586,1073686,63.214000,63.548000
102,4008,4008,4fa8942,1073842,1074176,1082804,1082904,8.628000,8.962000
102,3546,3546,4dda941,1096604,1096938,1116596,1116696,19.658000,19.992000
102,456,456,41c8942,1077859,1078193,1182048,1182148,103.855000,104.189000
102,5208,5208,5458940,1210699,1211033,1228709,1228809,17.676000,18.010000
102,930,930,43a2942,970009,970343,1240371,1240471,270.028000,270.362000
102,3340,3340,4d0c940,1308637,1308971,1321166,1321266,12.195000,12.529000
102,4396,4396,512c943,1309170,1309504,1369247,1369347,59.743000,60.077000
102,1708,1708,46ac943,1378533,1378867,1402732,1402832,23.865000,24.199000
102,4632,4632,5218943,1457247,1457581,1477027,1477127,19.446000,19.780000
102,3762,3762,4eb2942,1571012,1571346,1583575,1583675,12.229000,12.563000
102,6066,6066,57b2942,1647971,1648305,1656848,1656948,8.543000,8.877000
102,4834,4834,52e2942,1740117,1740451,1752534,1752634,12.083000,12.417000
103,265,265,4109943,96584,96910,113878,113978,16.968000,17.294000
103,5004,5004,538c941,147828,148162,192534,192634,44.372000,44.706000
103,2131,2131,4853943,187239,187565,220401,220501,32.836000,33.162000
103,2429,2429,497d942,194796,195122,225947,226047,30.825000,31.151000
103,1452,1452,45ac942,117492,117826,230806,230906,112.980000,113.314000
103,2172,2172,487c940,152922,153256,235316,235416,82.060000,82.394000
103,1093,1093,4445941,199151,199477,240904,241004,41.427000,41.753000
103,1644,1644,466c941,208894,209228,253554,253654,44.326000,44.660000
103,5443,5443,5543943,205033,205359,259280,259380,53.921000,54.247000
103,853,853,4355943,168642,168968,265063,265163,96.095000,96.421000
103,3948,3948,4f6c940,267922,268256,282463,282563,14.207000,14.541000
103,169,169,40a9942,287156,287482,298294,298394,10.812000,11.138000
103,3859,3859,4f13943,307747,308073,316881,316981,8.808000,9.134000
103,4092,4092,4ffc943,291582,291916,322455,322555,30.539000,30.873000
103,1596,1596,463c941,316851,317185,328245,328345,11.060000,11.394000
103,1147,1147,447b942,218429,218755,340007,340107,121.252000,121.578000
103,5747,5747,5673941,309043,309369,345497,345597,36.128000,36.454000
103,1116,1116,445c943,340194,340528,356887,356987,16.359000,16.693000
103,3660,3660,4e4c942,212751,213085,374224,374324,161.139000,161.473000
103,300,300,412c940,356779,357113,378746,378846,21.633000,21.967000
103,2604,2604,4a2c940,283729,284063,384295,384395,100.232000,100.566000
103,403,403,4193943,246574,246900,389148,389248,142.248000,142.574000
103,2652,2652,4a5c943,296154,296488,404718,404818,108.230000,108.564000
103,252,252,40fc940,364446,364780,412259,412359,47.479000,47.813000
103,396,396,418c941,424183,424517,435450,435550,10.933000,11.267000
103,924,924,439c941,365592,365926,450580,450680,84.654000,84.988000
103,444,444,41bc942,408763,409097,473961,474061,64.864000,65.198000
103,29,29,401d943,410700,411026,485685,485785,74.659000,74.985000
103,3427,3427,4d63940,138012,138338,492512,492612,354.174000,354.500000
103,2563,2563,4a03942,390000,390326,498323,498423,107.997000,108.323000
103,1260,1260,44ec942,423894,424228,536902,537002,112.674000,113.008000
103,2940,2940,4b7c942,513757,514091,548341,548441,34.250000,34.584000
103,684,684,42ac940,545046,545380,553205,553305,7.825000,8.159000
103,517,517,4205940,603948,604274,610435,610535,6.161000,6.487000
103,5069,5069,53cd940,650979,651305,714023,714123,62.718000,63.044000
103,947,947,43b3942,553492,553818,731287,731387,177.469000,177.795000
103,3445,3445,4d75943,294144,294470,737077,737177,442.607000,442.933000
103,1949,1949,479d941,742423,742749,751375,751475,8.626000,8.952000
103,5161,5161,5429941,654560,654886,760288,760388,105.402000,105.728000
103,3804,3804,4edc943,675547,675881,779675,779775,103.794000,104.128000
103,1027,1027,4403941,285108,285434,796947,797047,511.513000,511.839000
103,4716,4716,526c940,750280,750614,802950,803050,52.336000,52.670000
103,2245,2245,48c5943,668009,668335,820016,820116,151.681000,152.007000
103,4739,4739,5283941,777869,778195,825782,825882,47.587000,47.913000
103,4163,4163,5043940,549557,549883,848801,848901,298.918000,299.244000
103,540,540,421c942,810917,811251,880595,880695,69.344000,69.678000
103,4380,4380,511c942,821512,821846,892048,892148,70.202000,70.536000
103,6300,6300,589c941,888782,889116,897735,897835,8.619000,8.953000
103,6012,6012,577c942,871713,872047,910429,910529,38.382000,38.716000
103,588,588,424c942,698201,698535,964901,965001,266.366000,266.700000
103,3468,3468,4d8c941,944387,944721,976622,976722,31.901000,32.235000
103,4291,4291,50c3943,435802,436128,1003111,1003211,566.983000,567.309000
103,5868,5868,56ec942,1009469,1009803,1013759,1013859,3.956000,4.290000
103,780,780,430c941,996817,997151,1021507,1021607,24.356000,24.690000
103,4123,4123,501b941,1017042,1017368,1037878,1037978,20.510000,20.836000
103,4009,4009,4fa9942,1080812,1081138,1089736,1089836,8.598000,8.924000
103,457,457,41c9942,1114071,1114397,1126296,1126396,11.899000,12.225000
103,3547,3547,4ddb941,1103615,1103941,1131153,1131253,27.212000,27.538000
103,6156,6156,580c942,1123408,1123742,1160566,1160666,36.824000,37.158000
103,5484,5484,556c941,1143929,1144263,1205410,1205510,61.147000,61.481000
103,5209,5209,5459940,1218633,1218959,1234532,1234632,15.573000,15.899000
103,931,931,43a3942,976987,977313,1252046,1252146,274.733000,275.059000
103,3276,3276,4ccc943,1119765,1120099,1263609,1263709,143.510000,143.844000
103,3341,3341,4d0d940,1315703,1316029,1328191,1328291,12.162000,12.488000
103,3612,3612,4e1c942,1308119,1308453,1351666,1351766,43.213000,43.547000
103,4397,4397,512d943,1319707,1320033,1386792,1386892,66.759000,67.085000
103,1709,1709,46ad943,1390109,1390435,1410029,1410129,19.594000,19.920000
103,3708,3708,4e7c942,1476821,1477155,1481153,1481253,3.998000,4.332000
103,4633,4633,5219943,1466784,1467110,1485782,1485882,18.672000,18.998000
103,4764,4764,529c941,1508318,1508652,1522411,1522511,13.759000,14.093000
103,3763,3763,4eb3942,1577988,1578314,1590605,1590705,12.291000,12.617000
103,6067,6067,57b3942,1654957,1655283,1663853,1663953,8.570000,8.896000
103,6204,6204,583c942,1694215,1694549,1698565,1698665,4.016000,4.350000
103,4835,4835,52e3942,1747146,1747472,1759584,1759684,12.112000,12.438000
104,3588,3588,4e04943,74136,74470,82811,82911,8.341000,8.675000
104,3780,3780,4ec4943,88779,89113,95594,95694,6.481000,6.815000
104,266,266,410a943,111933,112267,134906,135006,22.639000,22.973000
104,2173,2173,487d940,159921,160247,168628,168728,8.381000,8.707000
104,5005,5005,538d941,159428,159754,178388,178488,18.634000,18.960000
104,2430,2430,497e942,209215,209549,237483,237583,27.934000,28.268000
104,1453,1453,45ad942,199793,200119,243884,243984,43.765000,44.091000
104,1645,1645,466d941,215901,216227,268635,268735,52.408000,52.734000
104,1148,1148,447c942,253942,254276,278677,278777,24.401000,24.735000
104,170,170,40aa942,294197,294531,308627,308727,14.096000,14.430000
104,3136,3136,4c40942,287051,287385,314408,314508,27.023000,27.357000
104,544,544,4220942,311051,311385,326133,326233,14.748000,15.082000
104,5748,5748,5674941,316106,316440,331889,331989,15.449000,15.783000
104,2605,2605,4a2d940,290806,291132,337496,337596,46.364000,46.690000
104,4093,4093,4ffd943,302958,303284,349109,349209,45.825000,46.151000
104,3949,3949,4f6d940,279091,279417,355224,355324,75.807000,76.133000
104,1117,1117,445d943,347367,347693,387236,387336,39.543000,39.869000
104,3184,3184,4c70941,383051,383385,396352,396452,12.967000,13.301000
104,1597,1597,463d941,323881,324207,410257,410357,86.050000,86.376000
104,925,925,439d941,389344,389670,431384,431484,41.714000,42.040000
104,30,30,401e943,417690,418024,435947,436047,17.923000,18.257000
104,445,445,41bd942,415767,416093,441515,441615,25.422000,25.748000
104,1261,1261,44ed942,430784,431110,446401,446501,15.291000,15.617000
104,397,397,418d941,431188,431514,454862,454962,23.348000,23.674000
104,3661,3661,4e4d942,290019,290345,460648,460748,170.303000,170.629000
104,301,301,412d940,368128,368454,483478,483578,115.024000,115.350000
104,253,253,40fd940,379709,380035,489163,489263,109.128000,109.454000
104,2653,2653,4a5d943,350868,351194,500369,500469,149.175000,149.501000
104,5316,5316,54c4943,489208,489542,506307,506407,16.765000,17.099000
104,2941,2941,4b7d942,520735,521060,557052,557152,35.992000,36.317000
104,685,685,42ad940,552090,552416,568533,568633,16.117000,16.443000
104,4452,4452,5164941,551155,551489,614139,614239,62.650000,62.984000
104,1984,1984,47c0943,615051,615385,625064,625164,9.679000,10.013000
104,2464,2464,49a0941,659051,659385,668942,669042,9.557000,9.891000
104,5162,5162,542a941,661574,661908,673480,673580,11.572000,11.906000
104,5070,5070,53ce940,657962,658296,689103,689203,30.807000,31.141000
104,4164,4164,5044940,710475,710809,722700,722800,11.891000,12.225000
104,948,948,43b4942,609095,609429,739363,739463,129.934000,130.268000
104,3805,3805,4edd943,730747,731073,744252,744352,13.179000,13.505000
104,589,589,424d942,705258,705584,759095,759195,53.511000,53.837000
104,4096,4096,5000940,560051,560385,775334,775434,214.949000,215.283000
104,1950,1950,479e941,749463,749797,794004,794104,44.207000,44.541000
104,4717,4717,526d940,791369,791695,819059,819159,27.364000,27.690000
104,541,541,421d942,817881,818207,830593,830693,12.386000,12.712000
104,4381,4381,511d942,828530,828856,835156,835256,6.300000,6.626000
104,4740,4740,5284941,799324,799658,840724,840824,41.066000,41.400000
104,4884,4884,5314940,693450,693784,848336,848436,154.552000,154.886000
104,6301,6301,589d941,895859,896185,911030,911130,14.845000,15.171000
104,6013,6013,577d942,892927,893253,919560,919660,26.307000,26.633000
104,3568,3568,4df0942,542939,543273,931325,931425,388.052000,388.386000
104,3469,3469,4d8d941,969776,970102,983116,983216,13.014000,13.340000
104,781,781,430d941,1003780,1004106,1008096,1008196,3.990000,4.316000
104,5869,5869,56ed942,1014896,1015222,1027360,1027461,12.138000,12.464000
104,4124,4124,501c941,1024143,1024477,1032902,1033002,8.425000,8.759000
104,458,458,41ca942,1121012,1121346,1130193,1130293,8.847000,9.181000
104,4010,4010,4faa942,1087851,1088185,1170834,1170934,82.649000,82.983000
104,6157,6157,580d942,1130472,1130798,1176734,1176834,45.936000,46.262000
104,3548,3548,4ddc941,1117799,1118133,1190201,1190301,72.068000,72.402000
104,3277,3277,4ccd943,1126765,1127091,1209875,1209975,82.784000,83.110000
104,5485,5485,556d941,1159821,1160147,1225027,1225127,64.880000,65.206000
104,3348,3348,4d14943,1200910,1201244,1230894,1230994,29.650000,29.984000
104,5210,5210,545a940,1225627,1225961,1236702,1236802,10.741000,11.075000
104,3342,3342,4d0e940,1322796,1323130,1331794,1331894,8.664000,8.998000
104,3613,3613,4e1d942,1315122,1315448,1337710,1337810,22.262000,22.588000
104,4398,4398,512e943,1335987,1336321,1353561,1353661,17.240000,17.574000
104,2944,2944,4b80941,1383106,1383440,1402427,1402527,18.987000,19.321000
104,1710,1710,46ae943,1397322,1397656,1420896,1420996,23.240000,23.574000
104,4634,4634,521a943,1478560,1478894,1488219,1488319,9.325000,9.659000
104,3709,3709,4e7d942,1482293,1482619,1500262,1500362,17.643000,17.969000
104,4765,4765,529d941,1515281,1515607,1519543,1519643,3.936000,4.262000
104,6205,6205,583d942,1699716,1700042,1715443,1715543,15.401000,15.727000
104,5556,5556,55b4943,1697425,1697759,1744864,1744964,47.105000,47.439000
104,4836,4836,52e4942,1754183,1754517,1762748,1762848,8.231000,8.565000
105,3040,3040,4be0942,38051,38385,58099,58199,19.714000,20.048000
105,1620,1620,4654941,58142,58476,82477,82577,24.001000,24.335000
105,3589,3589,4e05943,81141,81467,89765,89865,8.298000,8.624000
105,3781,3781,4ec5943,95742,96068,102494,102594,6.426000,6.752000
105,976,976,43d0942,122051,122385,226379,226479,103.994000,104.328000
105,2431,2431,497f942,220666,220992,249466,249566,28.474000,28.800000
105,1149,1149,447d942,279150,279476,285700,285800,6.224000,6.550000
105,420,420,41a4940,287934,288268,294446,294546,6.178000,6.512000
105,171,171,40ab942,303290,303616,320190,320290,16.574000,16.900000
105,267,267,410b943,119012,119338,331550,331650,212.212000,212.538000
105,3137,3137,4c41942,293996,294322,337681,337781,43.359000,43.685000
105,545,545,4221942,318028,318354,370628,370728,52.274000,52.600000
105,5749,5749,5675941,323142,323468,381454,381554,57.986000,58.312000
105,3185,3185,4c71941,390033,390359,403458,403558,13.099000,13.425000
105,31,31,401f943,432233,432559,447049,447149,14.490000,14.816000
105,5317,5317,54c5943,496254,496580,527191,527291,30.611000,30.937000
105,2676,2676,4a74940,539078,539412,621152,621252,81.740000,82.074000
105,4453,4453,5165941,558163,558489,625950,626050,67.461000,67.787000
105,1985,1985,47c1943,621999,622325,631960,632060,9.635000,9.961000
105,2465,2465,49a1941,666060,666386,675863,675963,9.477000,9.803000
105,5163,5163,542b941,668623,668949,680457,680557,11.508000,11.834000
105,5071,5071,53cf940,664939,665265,696008,696108,30.743000,31.069000
105,1044,1044,4414942,656671,657005,700833,700933,43.828000,44.162000
105,4165,4165,5045940,717474,717800,733828,733928,16.028000,16.354000
105,4097,4097,5001940,567032,567358,788363,788463,221.005000,221.331000
105,949,949,43b5942,664808,665134,808421,808521,143.287000,143.613000
105,1951,1951,479f941,756388,756714,813260,813360,56.546000,56.872000
105,2224,2224,48b0940,635229,635563,842490,842590,206.927000,207.261000
105,4741,4741,5285941,814551,814877,857361,857461,42.484000,42.810000
105,4885,4885,5315940,708432,708758,871545,871645,162.787000,163.113000
105,3569,3569,4df1942,568065,568391,943198,943298,374.807000,375.133000
105,5248,5248,5480942,980051,980385,988676,988776,8.291000,8.625000
105,4125,4125,501d941,1031109,1031435,1044058,1044157,12.623000,12.949000
105,4240,4240,5090942,1042117,1042451,1054451,1054551,12.000000,12.334000
105,4011,4011,4fab942,1094821,1095147,1107320,1107420,12.173000,12.499000
105,459,459,41cb942,1127981,1128307,1137051,1137151,8.744000,9.070000
105,3549,3549,4ddd941,1124810,1125136,1219263,1219363,94.127000,94.453000
105,4768,4768,52a0942,1207647,1207981,1223795,1223895,15.814000,16.148000
105,5211,5211,545b940,1232595,1232921,1248245,1248345,15.324000,15.650000
105,3349,3349,4d15943,1207864,1208190,1254035,1254135,45.845000,46.171000
105,3343,3343,4d0f940,1329862,1330188,1338880,1338980,8.692000,9.018000
105,4399,4399,512f943,1353643,1353969,1360375,1360475,6.406000,6.732000
105,2945,2945,4b81941,1390128,1390454,1426705,1426805,36.251000,36.577000
105,1711,1711,46af943,1404300,1404626,1444389,1444489,39.763000,40.089000
105,4635,4635,521b943,1485514,1485840,1494295,1494395,8.455000,8.781000
105,4720,4720,5270943,1520441,1520775,1529285,1529385,8.510000,8.844000
105,4432,4432,5150943,1651051,1651385,1659929,1660029,8.544000,8.878000
105,5557,5557,55b5943,1720165,1720491,1750739,1750839,30.248000,30.574000
105,4837,4837,52e5942,1761212,1761538,1769864,1769964,8.326000,8.652000
106,3472,3472,4d90942,27051,27385,33787,33887,6.402000,6.736000
106,3041,3041,4be1942,44986,45312,78861,78961,33.549000,33.875000
106,1621,1621,4655941,65170,65496,99745,99845,34.249000,34.575000
106,2196,2196,4894942,65956,66290,129277,129378,62.987000,63.321000
106,736,736,42e0943,81051,81385,135063,135163,53.678000,54.012000
106,977,977,43d1942,129015,129341,178241,178341,48.900000,49.226000
106,132,132,4084943,178155,178489,196359,196459,17.870000,18.204000
106,1150,1150,447e942,286157,286491,292735,292835,6.244000,6.578000
106,421,421,41a5940,294911,295237,305320,305420,10.083000,10.409000
106,6036,6036,5794940,314018,314352,325725,325825,11.373000,11.707000
106,3138,3138,4c42942,301086,301420,332085,332185,30.665000,30.999000
106,546,546,4222942,325011,325345,376286,376386,50.941000,51.275000
106,5750,5750,5676941,330205,330539,398726,398826,68.187000,68.521000
106,3186,3186,4c72941,397074,397408,410551,410651,13.143000,13.477000
106,5728,5728,5660940,437669,438003,455083,455183,17.080000,17.414000
106,4192,4192,5060941,237051,237385,479553,479653,242.168000,242.502000
106,1986,1986,47c2943,630045,630379,638983,639083,8.604000,8.938000
106,4098,4098,5002940,574047,574381,643842,643942,69.461000,69.795000
106,2677,2677,4a75940,575633,575959,681248,681348,105.289000,105.615000
106,2466,2466,49a2941,674025,674359,686015,686115,11.656000,11.990000
106,2225,2225,48b1940,646834,647160,702356,702456,55.196000,55.522000
106,4166,4166,5046940,724531,724865,739748,739848,14.883000,15.217000
106,2628,2628,4a44942,639390,639724,769479,769579,129.755000,130.089000
106,5824,5824,56c0943,786051,786385,809627,809727,23.242000,23.576000
106,950,950,43b6942,730888,731222,814404,814504,83.182000,83.516000
106,4068,4068,4fe4940,792202,792536,854185,854285,61.649000,61.983000
106,4742,4742,5286941,837056,837390,863275,863375,25.885000,26.219000
106,1045,1045,4415942,663907,664233,868075,868175,203.842000,204.168000
106,3570,3570,4df2942,930988,931322,949057,949157,17.735000,18.069000
106,5249,5249,5481942,987038,987364,1000414,1000514,13.050000,13.376000
106,4126,4126,501e941,1038167,1038502,1049969,1050069,11.467000,11.802000
106,4241,4241,5091942,1049102,1049428,1074344,1074444,24.916000,25.242000
106,4644,4644,5224941,1063094,1063428,1118500,1118600,55.072000,55.406000
106,1600,1600,4640941,1114051,1114385,1124282,1124382,9.897000,10.231000
106,3252,3252,4cb4943,1111700,1112034,1144187,1144287,32.153000,32.487000
106,3550,3550,4dde941,1138866,1139200,1230612,1230712,91.412000,91.746000
106,4769,4769,52a1942,1214676,1215002,1235120,1235220,20.118000,20.444000
106,2946,2946,4b82941,1403235,1403569,1450160,1450260,46.591000,46.925000
106,4721,4721,5271943,1527395,1527721,1553428,1553528,25.707000,26.033000
106,4433,4433,5151943,1658062,1658388,1666860,1666960,8.472000,8.798000
106,4838,4838,52e6942,1768249,1768583,1778300,1778400,9.717000,10.051000
106,3280,3280,4cd0941,1857051,1857385,1863725,1863825,6.340000,6.674000
106,4816,4816,52d0941,2142051,2142385,2148737,2148837,6.352000,6.686000
107,3473,3473,4d91942,34015,34341,40722,40822,6.381000,6.707000
107,5968,5968,5750942,30051,30385,46468,46568,16.083000,16.417000
107,2197,2197,4895942,84059,84385,95925,96025,11.540000,11.866000
107,3042,3042,4be2942,51962,52296,112115,112215,59.819000,60.153000
107,737,737,42e1943,87976,88302,140841,140941,52.539000,52.865000
107,978,978,43d2942,172314,172648,184877,184977,12.229000,12.563000
107,133,133,4085943,189443,189769,203223,203323,13.454000,13.780000
107,1151,1151,447f942,293160,293486,299739,299839,6.253000,6.579000
107,6037,6037,5795940,321022,321348,331802,331902,10.454000,10.780000
107,3139,3139,4c43942,322025,322351,338037,338137,15.686000,16.012000
107,547,547,4223942,342267,342593,389258,389358,46.665000,46.991000
107,2800,2800,4af0942,391051,391385,416094,416194,24.709000,25.043000
107,3187,3187,4c73941,404056,404382,427253,427353,22.871000,23.197000
107,5751,5751,5677941,340285,340611,433071,433171,92.460000,92.786000
107,5729,5729,5661940,444583,444909,500617,500717,55.708000,56.034000
107,4193,4193,5061941,244060,244386,529326,529426,284.940000,285.266000
107,3712,3712,4e80943,510051,510385,551189,551289,40.804000,41.138000
107,208,208,40d0943,548051,548385,602768,602868,54.383000,54.717000
107,1987,1987,47c3943,636993,637319,645917,646017,8.598000,8.924000
107,2467,2467,49a3941,681034,681360,691850,691950,10.490000,10.816000
107,4099,4099,5003940,580968,581294,696615,696715,115.321000,115.647000
107,2226,2226,48b2940,653857,654191,729943,730043,75.752000,76.086000
107,4167,4167,5047940,731530,731856,745353,745453,13.497000,13.823000
107,3232,3232,4ca0943,765051,765385,802583,802683,37.198000,37.532000
107,5825,5825,56c1943,793014,793340,816713,816813,23.373000,23.699000
107,2629,2629,4a45942,678981,679307,836651,836751,157.344000,157.670000
107,951,951,43b7942,808111,808437,851970,852070,43.533000,43.859000
107,4069,4069,4fe5940,799245,799571,879920,880020,80.349000,80.675000
107,4743,4743,5287941,844061,844387,884407,884507,40.020000,40.346000
107,1188,1188,44a4942,897071,897405,906051,906151,8.646000,8.980000
107,3571,3571,4df3942,942314,942640,955732,955832,13.092000,13.418000
107,2964,2964,4b94943,925519,925853,960617,960717,34.764000,35.098000
107,5250,5250,5482942,994146,994480,1006000,1006100,11.520000,11.854000
107,2608,2608,4a30943,1024051,1024385,1032954,1033054,8.569000,8.903000
107,4127,4127,501f941,1045134,1045460,1061093,1061193,15.633000,15.959000
107,4242,4242,5092942,1056093,1056427,1095362,1095462,38.935000,39.269000
107,3253,3253,4cb5943,1118832,1119158,1127761,1127861,8.603000,8.929000
107,4645,4645,5225941,1070095,1070421,1132630,1132730,62.209000,62.535000
107,1601,1601,4641941,1121014,1121340,1138462,1138562,17.122000,17.448000
107,3551,3551,4ddf941,1146140,1146466,1236504,1236604,90.038000,90.364000
107,4770,4770,52a2942,1228666,1229000,1259959,1260059,30.959000,31.293000
107,4020,4020,4fb4943,1339507,1339841,1349724,1349824,9.883000,10.217000
107,2947,2947,4b83941,1410201,1410527,1462062,1462162,51.535000,51.861000
107,4722,4722,5272943,1544616,1544950,1560379,1560479,15.429000,15.763000
107,6180,6180,5824941,1585934,1586268,1594246,1594346,7.978000,8.312000
107,4434,4434,5152943,1665055,1665389,1673904,1674004,8.515000,8.849000
107,4839,4839,52e7942,1776448,1776774,1785303,1785403,8.529000,8.855000
107,3281,3281,4cd1941,1863976,1864302,1870625,1870725,6.323000,6.649000
107,4817,4817,52d1941,2148976,2149302,2155581,2155681,6.279000,6.605000
108,3474,3474,4d92942,40961,41295,49779,49879,8.484000,8.818000
108,5969,5969,5751942,37015,37341,55538,55638,18.197000,18.523000
108,276,276,4114942,103615,103949,112660,112760,8.711000,9.045000
108,738,738,42e2943,95036,95370,117549,117649,22.179000,22.513000
108,3492,3492,4da4943,109238,109572,123335,123435,13.763000,14.097000
108,3043,3043,4be3942,58985,59311,129151,129251,69.840000,70.166000
108,979,979,43d3942,179278,179604,215548,215648,35.944000,36.270000
108,2868,2868,4b34941,155115,155449,244652,244752,89.203000,89.537000
108,1888,1888,4760941,303051,303385,331421,331521,28.036000,28.370000
108,2992,2992,4bb0941,321154,321488,427486,427586,105.998000,106.332000
108,2801,2801,4af1942,397963,398289,432378,432478,34.089000,34.415000
108,5730,5730,5662940,451571,451905,506381,506481,54.476000,54.810000
108,4194,4194,5062941,251007,251341,543781,543881,292.440000,292.774000
108,3713,3713,4e81943,517014,517340,557418,557518,40.078000,40.404000
108,4212,4212,5074943,458183,458517,611929,612029,153.412000,153.746000
108,209,209,40d1943,555010,555336,634982,635082,79.646000,79.972000
108,1812,1812,4714943,648402,648736,657324,657424,8.588000,8.922000
108,5488,5488,5570942,681081,681415,700679,700779,19.264000,19.598000
108,3233,3233,4ca1943,772070,772396,791760,791860,19.364000,19.690000
108,2227,2227,48b3940,661091,661417,850524,850624,189.107000,189.433000
108,5826,5826,56c2943,800014,800348,856282,856382,55.934000,56.268000
108,2388,2388,4954943,867265,867599,876053,876153,8.454000,8.788000
108,4336,4336,50f0943,813984,814318,887564,887664,73.246000,73.580000
108,1189,1189,44a5942,904085,904411,910846,910946,6.435000,6.761000
108,2965,2965,4b95943,937692,938018,997251,997351,59.233000,59.559000
108,5251,5251,5483942,1001205,1001531,1011735,1011835,10.204000,10.530000
108,2609,2609,4a31943,1030999,1031325,1040115,1040215,8.790000,9.116000
108,4243,4243,5093942,1076053,1076379,1101270,1101370,24.891000,25.217000
108,1602,1602,4642941,1130139,1130473,1150574,1150674,20.101000,20.435000
108,4771,4771,52a3942,1235676,1236002,1255142,1255242,19.140000,19.466000
108,4021,4021,4fb5943,1347763,1348089,1366286,1366386,18.197000,18.523000
108,6016,6016,5780943,1435432,1435766,1444539,1444639,8.773000,9.107000
108,3828,3828,4ef4942,1469183,1469517,1477766,1477866,8.249000,8.583000
108,4723,4723,5273943,1558768,1559094,1567559,1567659,8.465000,8.791000
108,6181,6181,5825941,1592928,1593254,1602008,1602108,8.754000,9.080000
108,4435,4435,5153943,1672066,1672392,1680920,1681020,8.528000,8.854000
108,3282,3282,4cd2941,1870882,1871216,1879707,1879807,8.491000,8.825000
108,4818,4818,52d2941,2155882,2156216,2164655,2164755,8.439000,8.773000
109,3475,3475,4d93942,47925,48251,67207,67307,18.956000,19.282000
109,5970,5970,5752942,44110,44444,73005,73105,28.561000,28.895000
109,4356,4356,5104942,99098,99432,111087,111187,11.655000,11.989000
109,277,277,4115942,110558,110884,119433,119533,8.549000,8.875000
109,739,739,42e3943,102029,102355,130447,130546,28.092000,28.418000
109,3493,3493,4da5943,116163,116489,135267,135367,18.778000,19.104000
109,468,468,41d4941,162114,162448,188085,188185,25.637000,25.971000
109,804,804,4324943,78129,78463,227152,227252,148.689000,149.023000
109,2869,2869,4b35941,173523,173849,279209,279309,105.360000,105.686000
109,1889,1889,4761941,331276,331602,337931,338031,6.329000,6.655000
109,3732,3732,4e94943,339516,339850,351794,351894,11.944000,12.278000
109,2993,2993,4bb1941,425457,425783,469143,469243,43.360000,43.686000
109,4195,4195,5063941,426797,427123,474002,474102,46.879000,47.205000
109,5731,5731,5663940,465756,466082,517987,518088,51.905000,52.231000
109,3714,3714,4e82943,524076,524410,564263,564363,39.853000,40.187000
109,2436,2436,4984940,591459,591793,600429,600529,8.636000,8.970000
109,2802,2802,4af2942,405104,405438,617711,617811,212.273000,212.607000
109,4213,4213,5075943,465176,465502,623457,623557,157.955000,158.281000
109,210,210,40d2943,562040,562374,646456,646556,84.082000,84.416000
109,1813,1813,4715943,655403,655729,664371,664471,8.642000,8.968000
109,5489,5489,5571942,688151,688477,715955,716055,27.478000,27.804000
109,4500,4500,5194941,782114,782448,791025,791125,8.577000,8.911000
109,3234,3234,4ca2943,779126,779460,803755,803855,24.295000,24.629000
109,4337,4337,50f1943,820927,821253,833335,833435,12.082000,12.408000
109,5827,5827,56c3943,807028,807354,868187,868287,60.833000,61.159000
109,2389,2389,4955943,874219,874545,899080,899180,24.535000,24.861000
109,2610,2610,4a32943,1037992,1038326,1047006,1047106,8.680000,9.014000
109,1603,1603,4643941,1144276,1144602,1156390,1156490,11.788000,12.114000
109,5796,5796,56a4940,1096726,1097060,1162180,1162280,65.120000,65.454000
109,6017,6017,5781943,1442526,1442852,1451559,1451659,8.707000,9.033000
109,3829,3829,4ef5942,1476212,1476538,1484818,1484918,8.280000,8.606000
109,3283,3283,4cd3941,1877807,1878133,1886665,1886765,8.532000,8.858000
109,4819,4819,52d3941,2162807,2163133,2171669,2171769,8.536000,8.862000
110,5971,5971,5753942,55342,55668,68592,68692,12.924000,13.250000
110,805,805,4325943,85170,85496,105728,105828,20.232000,20.558000
110,4357,4357,5105942,106041,106367,118773,118873,12.406000,12.732000
110,324,324,4144941,89612,89946,135057,135157,45.111000,45.445000
110,660,660,4294940,136761,137095,143495,143595,6.400000,6.734000
110,469,469,41d5941,175880,176206,195107,195207,18.901000,19.227000
110,5700,5700,5644942,212622,212956,250508,250608,37.552000,37.886000
110,84,84,4054940,273599,273933,308278,308378,34.345000,34.679000
110,1890,1890,4762941,338222,338556,344794,344894,6.238000,6.572000
110,1284,1284,4504940,241035,241369,354845,354945,113.476000,113.810000
110,3733,3733,4e95943,346561,346887,359353,359453,12.466000,12.792000
110,2994,2994,4bb2941,432911,433245,474982,475082,41.737000,42.071000
110,3715,3715,4e83943,531106,531432,571580,571680,40.148000,40.474000
110,36,36,4024940,528184,528518,576089,576189,47.571000,47.905000
110,2437,2437,4985940,598421,598747,611035,611135,12.288000,12.614000
110,2803,2803,4af3942,412186,412512,650390,650490,237.878000,238.204000
110,211,211,40d3943,608128,608454,662208,662308,53.754000,54.080000
110,6228,6228,5854943,638429,638763,673797,673897,35.034000,35.368000
110,5490,5490,5572942,702184,702518,733646,733746,31.128000,31.462000
110,6372,6372,58e4941,738546,738880,757067,757167,18.187000,18.521000
110,3876,3876,4f24940,763518,763852,774483,774583,10.631000,10.965000
110,4501,4501,5195941,789053,789379,797962,798062,8.583000,8.909000
110,3235,3235,4ca3943,793019,793345,812043,812143,18.698000,19.024000
110,180,180,40b4943,791821,792155,831918,832018,39.763000,40.097000
110,4338,4338,50f2943,828035,828369,904994,905094,76.625000,76.959000
110,1572,1572,4624941,960136,960470,1020144,1020244,59.674000,60.008000
110,2611,2611,4a33943,1044940,1045266,1053985,1054085,8.719000,9.045000
110,5797,5797,56a5940,1103806,1104132,1131781,1131881,27.649000,27.975000
110,2292,2292,48f4941,1282553,1282887,1295029,1295129,12.142000,12.476000
110,6018,6018,5782943,1449588,1449922,1458608,1458708,8.686000,9.020000
111,661,661,4295940,143696,144022,150291,150391,6.269000,6.595000
111,325,325,4145941,104780,105106,232912,233012,127.806000,128.132000
111,5701,5701,5645942,219645,219971,267832,267932,47.861000,48.187000
111,1891,1891,4763941,345236,345562,351767,351867,6.205000,6.531000
111,85,85,4055940,282351,282677,389002,389102,106.325000,106.651000
111,2995,2995,4bb3941,468656,468982,481777,481877,12.795000,13.121000
111,1285,1285,4505940,248101,248427,505154,505254,256.727000,257.053000
111,37,37,4025940,569823,570149,582766,582866,12.617000,12.943000
111,6229,6229,5855943,645757,646083,686917,687017,40.834000,41.160000
111,5491,5491,5573942,716308,716634,762876,762976,46.242000,46.568000
111,6373,6373,58e5941,750227,750553,768661,768761,18.108000,18.434000
111,3877,3877,4f25940,770458,770784,786005,786105,15.221000,15.547000
111,181,181,40b5943,808400,808726,850409,850509,41.683000,42.009000
111,4339,4339,50f3943,834907,835233,873814,873914,38.581000,38.907000
111,1573,1573,4625941,985452,985778,1026591,1026692,40.813000,41.139000
111,2293,2293,48f5941,1289519,1289845,1307981,1308081,18.136000,18.462000
111,6019,6019,5783943,1456618,1456944,1465610,1465710,8.666000,8.992000
112,4128,4128,5020940,20051,20385,36663,36763,16.278000,16.612000
112,2544,2544,49f0942,46051,46385,52603,52703,6.218000,6.552000
112,48,48,4030941,48051,48385,112458,112558,64.073000,64.407000
112,1008,1008,43f0942,122051,122385,144233,144333,21.848000,22.182000
112,1488,1488,45d0942,78051,78385,149089,149189,70.704000,71.038000
112,2016,2016,47e0941,145694,146028,154307,154407,8.279000,8.613000
112,4032,4032,4fc0941,137051,137385,165898,165998,28.513000,28.847000
112,4320,4320,50e0943,154644,154978,229316,229416,74.338000,74.672000
112,356,356,4164943,254888,255222,261358,261458,6.136000,6.470000
112,3840,3840,4f00940,266051,266385,272572,272672,6.187000,6.521000
112,5328,5328,54d0941,371051,371385,380810,380910,9.425000,9.759000
112,336,336,4150943,292051,292385,399200,399300,106.815000,107.149000
112,624,624,4270943,400987,401321,416932,417032,15.611000,15.945000
112,3014,3014,4bc6942,234371,234705,422612,422712,187.907000,188.241000
112,4560,4560,51d0942,442308,442642,451823,451923,9.181000,9.515000
112,1344,1344,4540942,427051,427385,517014,517114,89.629000,89.963000
112,2832,2832,4b10943,538051,538385,575004,575104,36.619000,36.953000
112,5414,5414,5526943,557389,557723,579806,579906,22.083000,22.417000
112,2372,2372,4944940,562183,562517,584340,584440,21.823000,22.157000
112,5808,5808,56b0940,573045,573379,589187,589287,15.808000,16.142000
112,5088,5088,53e0943,518884,519218,594906,595006,75.688000,76.022000
112,2352,2352,4930940,595051,595385,618804,618904,23.419000,23.753000
112,3552,3552,4de0942,570051,570385,623660,623760,53.275000,53.609000
112,2276,2276,48e4941,582552,582886,629371,629471,46.485000,46.819000
112,998,998,43e6942,651393,651727,660316,660416,8.589000,8.923000
112,1392,1392,4570940,531051,531385,706193,706293,174.808000,175.142000
112,3984,3984,4f90941,617941,618275,712848,712948,94.573000,94.907000
112,5174,5174,5436941,722250,722584,803122,803222,80.538000,80.872000
112,4416,4416,5140942,452051,452385,842958,843058,390.573000,390.907000
112,4896,4896,5320940,785436,785770,847490,847590,61.720000,62.054000
112,1920,1920,4780943,857505,857839,882931,883031,25.092000,25.426000
112,5760,5760,5680942,896051,896385,904871,904971,8.486000,8.820000
112,2400,2400,4960942,614051,614385,952047,952147,337.662000,337.996000
112,5952,5952,5740941,998051,998385,1008121,1008221,9.736000,10.070000
112,4512,4512,51a0940,1008051,1008385,1020097,1020197,11.712000,12.046000
112,4272,4272,50b0942,929896,930230,1034288,1034388,104.058000,104.392000
112,6278,6278,5886941,1177416,1177750,1204282,1204382,26.532000,26.866000
112,5078,5078,53d6942,1251596,1251930,1306804,1306904,54.874000,55.208000
112,6326,6326,58b6943,1374466,1374800,1422159,1422259,47.359000,47.693000
112,5904,5904,5710942,1501669,1502003,1510659,1510759,8.656000,8.990000
112,5348,5348,54e4942,1949029,1949363,1961622,1961722,12.259000,12.593000
113,4129,4129,5021940,26986,27312,48281,48381,20.969000,21.295000
113,2545,2545,49f1942,53055,53381,66488,66588,13.107000,13.433000
113,5636,5636,5604940,53278,53612,106516,106616,52.904000,53.238000
113,308,308,4134942,115971,116305,124551,124651,8.246000,8.580000
113,1364,1364,4554940,105073,105407,159955,160055,54.548000,54.882000
113,1009,1009,43f1942,129015,129341,164464,164564,35.123000,35.449000
113,2017,2017,47e1941,152722,153048,170006,170106,16.958000,17.284000
113,49,49,4031941,62013,62339,183134,183234,120.795000,121.121000
113,4033,4033,4fc1941,144056,144382,195033,195133,50.651000,50.977000
113,2102,2102,4836941,99005,99339,240817,240917,141.478000,141.812000
113,5396,5396,5514943,251698,252032,266879,266979,14.847000,15.181000
113,357,357,4165943,261863,262189,271676,271776,9.487000,9.813000
113,3841,3841,4f01940,273028,273354,280594,280694,7.240000,7.566000
113,4321,4321,50e1943,191601,191927,346644,346744,154.717000,155.043000
113,1489,1489,45d1942,84986,85312,381605,381705,296.293000,296.619000
113,5329,5329,54d1941,378086,378412,387766,387866,9.354000,9.680000
113,625,625,4271943,417199,417525,428372,428472,10.847000,11.173000
113,337,337,4151943,298990,299316,445952,446052,146.636000,146.962000
113,3015,3015,4bc7942,314885,315211,458334,458434,143.123000,143.449000
113,4561,4561,51d1942,449415,449741,464071,464171,14.330000,14.656000
113,3620,3620,4e24941,397221,397555,511060,511160,113.505000,113.839000
113,1345,1345,4541942,434065,434391,531199,531299,96.808000,97.134000
113,1334,1334,4536943,537782,538116,551238,551338,13.122000,13.456000
113,4417,4417,5141942,459020,459346,568510,568610,109.164000,109.490000
113,2373,2373,4945940,575858,576184,589893,589993,13.709000,14.035000
113,2833,2833,4b11943,545017,545343,595419,595519,50.076000,50.402000
113,5809,5809,56b1940,580089,580415,600626,600726,20.211000,20.537000
113,3553,3553,4de1942,576970,577296,605147,605247,27.851000,28.177000
113,5089,5089,53e1943,550769,551095,609983,610083,58.888000,59.214000
113,5415,5415,5527943,564365,564691,615720,615820,51.029000,51.355000
113,2277,2277,48e5941,596819,597145,625759,625859,28.614000,28.940000
113,2353,2353,4931940,602034,602360,632935,633035,30.575000,30.901000
113,999,999,43e7942,658365,658691,667384,667484,8.693000,9.019000
113,1393,1393,4571940,537995,538321,737474,737574,199.153000,199.479000
113,4868,4868,5304943,737973,738307,747314,747414,9.007000,9.341000
113,902,902,4386942,737979,738313,777715,777815,39.402000,39.736000
113,4897,4897,5321940,793345,793671,815810,815910,22.139000,22.465000
113,2401,2401,4961942,620995,621321,820298,820398,198.977000,199.303000
113,5175,5175,5437941,734029,734355,837271,837371,102.916000,103.242000
113,1921,1921,4781943,883181,883507,889817,889917,6.310000,6.636000
113,5761,5761,5681942,903029,903355,911833,911933,8.478000,8.804000
113,5366,5366,54f6943,980706,981040,1002334,1002434,21.294000,21.628000
113,5953,5953,5741941,1005014,1005340,1019586,1019686,14.246000,14.572000
113,4513,4513,51a1940,1015050,1015376,1027445,1027546,12.069000,12.395000
113,3985,3985,4f91941,626762,627088,1036626,1036725,409.538000,409.864000
113,4148,4148,5034941,1034593,1034926,1043470,1043570,8.544000,8.877000
113,4273,4273,50b1942,975807,976133,1048504,1048605,72.371000,72.697000
113,6279,6279,5887941,1198901,1199227,1211388,1211488,12.161000,12.487000
113,5079,5079,53d7942,1269292,1269618,1334253,1334353,64.635000,64.961000
113,6327,6327,58b7943,1392124,1392450,1429205,1429305,36.755000,37.081000
113,5905,5905,5711942,1508653,1508979,1517598,1517698,8.619000,8.945000
113,5349,5349,54e5942,1956005,1956331,1968668,1968768,12.337000,12.663000
114,4130,4130,5022940,34001,34335,59961,60061,25.626000,25.960000
114,2546,2546,49f2942,66849,67183,83218,83318,16.035000,16.369000
114,309,309,4135942,122948,123274,131848,131948,8.574000,8.900000
114,692,692,42b4940,122851,123185,136741,136841,13.556000,13.890000
114,5637,5637,5605940,76578,76904,142496,142596,65.592000,65.918000
114,2018,2018,47e2941,159793,160127,175642,175742,15.515000,15.849000
114,1010,1010,43f2942,136071,136405,183098,183198,46.693000,47.027000
114,614,614,4266940,143247,143581,188874,188974,45.293000,45.627000
114,6116,6116,57e4941,184186,184520,206304,206404,21.784000,22.118000
114,4322,4322,50e2943,213439,213773,222378,222478,8.605000,8.939000
114,50,50,4032941,87225,87559,229432,229532,141.873000,142.207000
114,2342,2342,4926941,181586,181920,258279,258379,76.359000,76.693000
114,4034,4034,4fc2941,151060,151394,264000,264100,112.606000,112.940000
114,358,358,4166943,268796,269130,281360,281460,12.230000,12.564000
114,3842,3842,4f02940,280900,281234,305513,305613,24.279000,24.613000
114,5397,5397,5515943,260838,261164,317652,317752,56.488000,56.814000
114,2103,2103,4837941,128033,128359,340848,340948,212.489000,212.815000
114,2324,2324,4914941,347920,348254,358365,358465,10.111000,10.445000
114,3158,3158,4c56943,358240,358574,366938,367038,8.364000,8.698000
114,1365,1365,4555940,112077,112403,375745,375845,263.342000,263.668000
114,5330,5330,54d2941,386247,386581,394823,394923,8.242000,8.576000
114,1490,1490,45d2942,92031,92365,411070,411170,318.705000,319.039000
114,626,626,4272943,424132,424466,434328,434428,9.862000,10.196000
114,338,338,4152943,305966,306300,458018,458118,151.718000,152.052000
114,4562,4562,51d2942,456467,456801,469986,470086,13.185000,13.519000
114,3302,3302,4ce6942,203064,203398,485842,485942,282.444000,282.778000
114,4676,4676,5244941,480409,480743,492342,492442,11.599000,11.933000
114,2036,2036,47f4940,245327,245661,504017,504117,258.356000,258.690000
114,3621,3621,4e25941,432407,432733,525236,525336,92.503000,92.829000
114,1346,1346,4542942,441061,441395,575228,575328,133.833000,134.167000
114,1335,1335,4537943,544879,545205,586694,586794,41.489000,41.815000
114,2374,2374,4946940,586751,587085,601325,601425,14.240000,14.574000
114,4418,4418,5142942,470082,470416,606322,606422,135.906000,136.240000
114,5810,5810,56b2940,587143,587477,612035,612135,24.558000,24.892000
114,5090,5090,53e2943,589439,589773,617786,617886,28.013000,28.347000
114,3554,3554,4de2942,592688,593022,622278,622378,29.256000,29.590000
114,2278,2278,48e6941,603858,604192,647922,648022,43.730000,44.064000
114,3986,3986,4f92941,633787,634121,657339,657439,23.218000,23.552000
114,2354,2354,4932940,609027,609361,688760,688860,79.399000,79.733000
114,2834,2834,4b12943,552076,552410,724768,724868,172.358000,172.692000
114,1394,1394,4572940,546936,547270,731657,731757,184.387000,184.721000
114,4869,4869,5305943,745375,745701,754418,754518,8.717000,9.043000
114,903,903,4387942,766771,767097,798701,798801,31.604000,31.930000
114,4898,4898,5322940,800416,800750,822952,823052,22.202000,22.536000
114,2402,2402,4962942,627985,628319,827458,827558,199.139000,199.473000
114,1922,1922,4782943,890114,890448,896851,896951,6.403000,6.737000
114,5762,5762,5682942,909986,910320,918976,919076,8.656000,8.990000
114,5924,5924,5724940,917501,917835,957784,957884,39.949000,40.283000
114,5300,5300,54b4940,943732,944066,969687,969787,25.621000,25.955000
114,5367,5367,54f7943,1000394,1000720,1009449,1009549,8.729000,9.055000
114,5954,5954,5742941,1014002,1014336,1025203,1025302,10.867000,11.201000
114,4514,4514,51a2940,1022062,1022396,1041364,1041464,18.968000,19.302000
114,4149,4149,5035941,1041629,1041955,1050573,1050673,8.618000,8.944000
114,4274,4274,50b2942,1035328,1035662,1062682,1062782,27.020000,27.354000
114,4934,4934,5346940,1308904,1309238,1363329,1363429,54.091000,54.425000
114,5906,5906,5712942,1515663,1515997,1524658,1524758,8.661000,8.995000
114,5350,5350,54e6942,1963046,1963380,1975692,1975792,12.312000,12.646000
115,5894,5894,5706942,73793,74127,80380,80480,6.253000,6.587000
115,4131,4131,5023940,40984,41310,88965,89065,47.655000,47.981000
115,1796,1796,4704943,67643,67977,94794,94894,26.817000,27.151000
115,2547,2547,49f3942,80910,81236,100531,100631,19.295000,19.621000
115,310,310,4136942,129867,130200,138599,138699,8.399000,8.732000
115,3926,3926,4f56942,134447,134781,143029,143129,8.248000,8.582000
115,693,693,42b5940,129815,130140,154028,154128,23.888000,24.213000
115,1460,1460,45b4943,156038,156372,165017,165117,8.645000,8.979000
115,5108,5108,53f4942,71794,72128,177282,177382,105.154000,105.488000
115,2019,2019,47e3941,166821,167147,181838,181938,14.691000,15.017000
115,5638,5638,5606940,89042,89376,194679,194779,105.303000,105.637000
115,1011,1011,43f3942,148874,149200,200485,200585,51.285000,51.611000
115,6117,6117,57e5941,201711,202037,217890,217990,15.853000,16.179000
115,615,615,4267940,150280,150606,223696,223796,73.090000,73.416000
115,4323,4323,50e3943,220478,220804,233450,233550,12.646000,12.972000
115,2343,2343,4927941,199008,199334,269787,269887,70.453000,70.779000
115,3206,3206,4c86943,217038,217372,275630,275730,58.258000,58.592000
115,4484,4484,5184943,277891,278225,288985,289085,10.760000,11.094000
115,359,359,4167943,275694,276020,293919,294019,17.899000,18.225000
115,51,51,4033941,94213,94539,299768,299868,205.229000,205.555000
115,3843,3843,4f03940,294897,295223,323443,323543,28.220000,28.546000
115,4035,4035,4fc3941,158065,158391,346682,346782,188.291000,188.617000
115,5398,5398,5516943,268098,268432,364187,364287,95.755000,96.089000
115,2325,2325,4915941,354931,355257,370036,370136,14.779000,15.105000
115,3159,3159,4c57943,365239,365565,374597,374697,9.032000,9.358000
115,1366,1366,4556940,119084,119418,387503,387603,268.085000,268.419000
115,5331,5331,54d3941,393282,393608,401897,401997,8.289000,8.615000
115,627,627,4273943,434235,434561,445988,446088,11.427000,11.753000
115,1491,1491,45d3942,99095,99421,475914,476014,376.493000,376.819000
115,4563,4563,51d3942,463539,463865,481765,481865,17.900000,18.226000
115,4677,4677,5245941,487414,487740,499359,499459,11.619000,11.945000
115,3303,3303,4ce7942,210057,210383,504967,505067,294.584000,294.910000
115,3908,3908,4f44941,292368,292702,509901,510001,217.199000,217.533000
115,2037,2037,47f5940,426715,427041,518218,518318,91.177000,91.503000
115,339,339,4153943,312982,313308,532350,532450,219.042000,219.368000
115,3622,3622,4e26941,444257,444591,539445,539545,94.854000,95.188000
115,116,116,4074940,538257,538591,564112,564212,25.521000,25.855000
115,1172,1172,4494942,249399,249733,591265,591365,341.532000,341.866000
115,1347,1347,4543942,448075,448401,595808,595908,147.407000,147.733000
115,2375,2375,4947940,596021,596347,612417,612517,16.070000,16.396000
115,3555,3555,4de3942,599734,600060,627844,627944,27.784000,28.110000
115,5811,5811,56b3940,594187,594513,632785,632885,38.272000,38.598000
115,644,644,4284943,638002,638336,650253,650353,11.917000,12.251000
115,4419,4419,5143942,477163,477489,655138,655238,177.649000,177.975000
115,2355,2355,4933940,616010,616336,664524,664624,48.188000,48.514000
115,3987,3987,4f93941,645345,645671,672166,672266,26.495000,26.821000
115,5030,5030,53a6940,538897,539231,676846,676946,137.615000,137.949000
115,2279,2279,48e7941,610836,611162,681738,681838,70.576000,70.902000
115,5091,5091,53e3943,596474,596800,710133,710233,113.333000,113.659000
115,3398,3398,4d46943,690462,690796,737215,737315,46.419000,46.753000
115,1395,1395,4573940,561052,561378,749222,749322,187.844000,188.170000
115,2054,2054,4806941,726501,726835,754787,754887,27.952000,28.286000
115,2835,2835,4b13943,559717,560043,760209,760309,200.166000,200.492000
115,4870,4870,5306943,752440,752774,766015,766115,13.241000,13.575000
115,5588,5588,55d4943,737725,738059,797289,797389,59.230000,59.564000
115,4899,4899,5323940,817341,817667,829993,830093,12.326000,12.652000
115,2403,2403,4963942,741596,741922,850322,850422,108.400000,108.726000
115,1923,1923,4783943,897012,897338,903858,903958,6.520000,6.846000
115,5763,5763,5683942,916964,917290,926058,926158,8.768000,9.094000
115,5925,5925,5725940,958099,958425,964806,964906,6.381000,6.707000
115,5955,5955,5743941,1025491,1025817,1036815,1036915,10.998000,11.324000
115,5301,5301,54b5940,950790,951116,1042620,1042721,91.504000,91.830000
115,4515,4515,51a3940,1029061,1029387,1055669,1055769,26.282000,26.608000
115,4150,4150,5036941,1048717,1049051,1060554,1060654,11.503000,11.837000
115,4275,4275,50b3942,1042341,1042667,1069838,1069938,27.171000,27.497000
115,4935,4935,5347940,1315950,1316276,1386926,1387026,70.650000,70.976000
115,5907,5907,5713942,1522647,1522973,1531704,1531804,8.731000,9.057000
115,5351,5351,54e7942,1970022,1970348,1982825,1982925,12.477000,12.803000
116,1797,1797,4705943,74578,74904,89521,89621,14.617000,14.943000
116,5895,5895,5707942,80796,81122,95201,95301,14.079000,14.405000
116,2548,2548,49f4942,96494,96828,105429,105529,8.601000,8.935000
116,4132,4132,5024940,47999,48333,110322,110422,61.989000,62.323000
116,311,311,4137942,137017,137343,145946,146046,8.603000,8.929000
116,5639,5639,5607940,117317,117643,150690,150790,33.047000,33.373000
116,694,694,42b6940,136784,137118,156420,156520,19.302000,19.636000
116,5109,5109,53f5942,82984,83310,162102,162202,78.792000,79.118000
116,1367,1367,4557940,147277,147603,167832,167932,20.229000,20.555000
116,3927,3927,4f57942,144173,144499,172354,172454,27.855000,28.181000
116,1461,1461,45b5943,163033,163359,177296,177396,13.937000,14.263000
116,2020,2020,47e4941,176723,177057,198376,198476,21.319000,21.653000
116,1012,1012,43f4942,167428,167762,208619,208719,40.857000,41.191000
116,6118,6118,57e6941,212100,212434,227293,227393,14.859000,15.193000
116,4036,4036,4fc4941,165069,165403,233015,233115,67.612000,67.946000
116,3207,3207,4c87943,227680,228006,237507,237607,9.501000,9.827000
116,4324,4324,50e4943,231809,232143,242373,242473,10.230000,10.564000
116,2132,2132,4854943,194320,194654,254265,254365,59.611000,59.945000
116,4485,4485,5185943,287282,287608,293852,293952,6.244000,6.570000
116,3860,3860,4f14943,314754,315088,323883,323983,8.795000,9.129000
116,5399,5399,5517943,289135,289461,333841,333941,44.380000,44.706000
116,1173,1173,4495942,256342,256669,377588,377688,120.919000,121.246000
116,2326,2326,4916941,362335,362669,385573,385673,22.904000,23.238000
116,5332,5332,54d4941,400326,400660,408873,408973,8.213000,8.547000
116,3844,3844,4f04940,318317,318651,413799,413899,95.148000,95.482000
116,404,404,4194943,253542,253876,419575,419675,165.699000,166.033000
116,52,52,4034941,101233,101567,425393,425493,323.826000,324.160000
116,3428,3428,4d64940,332818,333152,497415,497515,164.263000,164.597000
116,1492,1492,45d4942,154430,154764,504251,504351,349.487000,349.821000
116,4678,4678,5246941,497764,498098,520141,520242,22.043000,22.377000
116,2564,2564,4a04942,434472,434806,536792,536892,101.986000,102.320000
116,628,628,4274943,441168,441502,548333,548433,106.831000,107.165000
116,4564,4564,51d4942,474664,474998,559887,559987,84.889000,85.223000
116,340,340,4154943,319958,320292,571286,571386,250.994000,251.328000
116,117,117,4075940,545358,545684,577090,577190,31.406000,31.732000
116,5444,5444,5544943,222059,222393,581612,581712,359.219000,359.553000
116,3909,3909,4f45941,299434,299760,586508,586608,286.748000,287.074000
116,5752,5752,5678941,383183,383517,592253,592353,208.736000,209.070000
116,3623,3623,4e27941,469082,469408,596762,596862,127.354000,127.680000
116,1348,1348,4544942,531742,532076,601619,601719,69.543000,69.877000
116,5812,5812,56b4940,608035,608369,624707,624807,16.338000,16.672000
116,2038,2038,47f6940,433821,434155,631578,631678,197.423000,197.757000
116,2006,2006,47d6942,605447,605781,648215,648315,42.434000,42.768000
116,3556,3556,4de4942,606772,607106,659757,659857,52.651000,52.985000
116,2356,2356,4934940,628809,629143,699027,699127,69.884000,70.218000
116,5031,5031,53a7940,553014,553340,711626,711726,158.286000,158.612000
116,4406,4406,5136941,622632,622966,728613,728713,105.647000,105.981000
116,3988,3988,4f94941,656483,656817,733736,733836,76.919000,77.253000
116,645,645,4285943,645050,645376,745354,745454,99.978000,100.304000
116,5092,5092,53e4943,611604,611938,751130,751230,139.192000,139.526000
116,4871,4871,5307943,759472,759798,766323,766423,6.525000,6.851000
116,3399,3399,4d47943,734526,734852,770855,770955,36.003000,36.329000
116,4168,4168,5048940,739503,739837,785995,786095,46.158000,46.492000
116,2055,2055,4807941,733627,733953,797086,797186,63.133000,63.459000
116,1396,1396,4574940,716238,716572,819858,819958,103.286000,103.620000
116,1028,1028,4404941,292155,292489,825669,825769,533.180000,533.514000
116,5589,5589,55d5943,744770,745096,830156,830256,85.060000,85.386000
116,4900,4900,5324940,824437,824771,842785,842885,18.014000,18.348000
116,952,952,43b8942,826185,826519,853071,853171,26.552000,26.886000
116,4744,4744,5288941,854994,855328,870106,870206,14.778000,15.112000
116,2404,2404,4964942,778197,778531,876028,876128,97.497000,97.831000
116,5764,5764,5684942,924211,924545,941882,941982,17.337000,17.671000
116,2836,2836,4b14943,576275,576609,946391,946491,369.782000,370.116000
116,1924,1924,4784943,903945,904279,951248,951348,46.969000,47.303000
116,4292,4292,50c4943,752680,753014,957886,957986,204.872000,205.206000
116,4420,4420,5144942,484249,484583,964954,965054,480.371000,480.705000
116,5926,5926,5726940,965045,965379,976681,976781,11.302000,11.636000
116,5956,5956,5744941,1032432,1032766,1067579,1067679,34.813000,35.147000
116,4151,4151,5037941,1055754,1056080,1073397,1073497,17.317000,17.643000
116,5302,5302,54b6940,957847,958181,1084946,1085046,126.765000,127.099000
116,4276,4276,50b4942,1049393,1049727,1090886,1090986,41.159000,41.493000
116,4516,4516,51a4940,1036072,1036407,1142893,1142993,106.486000,106.821000
116,932,932,43a4942,991583,991917,1287048,1287148,295.131000,295.465000
116,5908,5908,5714942,1529657,1529991,1536490,1536590,6.499000,6.833000
116,3764,3764,4eb4942,1585029,1585363,1597783,1597883,12.420000,12.754000
116,6068,6068,57b4942,1661965,1662299,1670826,1670926,8.527000,8.861000
116,4840,4840,52e8942,1783484,1783818,1795856,1795956,12.038000,12.372000
117,4133,4133,5025940,55011,55337,67163,67263,11.826000,12.152000
117,1718,1718,46b6941,75057,75391,84429,84529,9.038000,9.372000
117,1798,1798,4706943,88474,88808,100924,101024,12.116000,12.450000
117,2549,2549,49f5942,103438,103764,112365,112465,8.601000,8.927000
117,5110,5110,53f6942,129069,129403,164293,164393,34.890000,35.224000
117,695,695,42b7940,143748,144074,173573,173673,29.499000,29.825000
117,1462,1462,45b6943,170060,170394,183117,183217,12.723000,13.057000
117,6119,6119,57e7941,223681,224007,238759,238859,14.752000,15.078000
117,2021,2021,47e5941,186720,187046,243245,243345,56.199000,56.525000
117,4325,4325,50e5943,238828,239154,248745,248845,9.591000,9.917000
117,2133,2133,4855943,209581,209907,266227,266327,56.320000,56.646000
117,4486,4486,5186943,294325,294659,300882,300982,6.223000,6.557000
117,5445,5445,5545943,228968,229294,318093,318193,88.799000,89.125000
117,3861,3861,4f15943,321749,322075,330871,330971,8.796000,9.122000
117,4037,4037,4fc5941,206799,207125,339687,339787,132.562000,132.888000
117,1013,1013,43f5942,174493,174819,356768,356868,181.949000,182.275000
117,1029,1029,4405941,299160,299486,387346,387446,87.860000,88.186000
117,5333,5333,54d5941,407361,407687,415945,416045,8.258000,8.584000
117,2327,2327,4917941,369346,369672,431169,431269,61.497000,61.823000
117,3845,3845,4f05940,329286,329612,446518,446618,116.906000,117.232000
117,53,53,4035941,108221,108547,457973,458073,349.426000,349.752000
117,1174,1174,4496942,372413,372747,475567,475667,102.820000,103.154000
117,566,566,4236940,212492,212826,487091,487191,274.265000,274.599000
117,2565,2565,4a05942,462762,463088,509071,509171,45.983000,46.309000
117,3429,3429,4d65940,390068,390394,514656,514756,124.262000,124.588000
117,341,341,4155943,426614,426940,519518,519617,92.578000,92.904000
117,4679,4679,5247941,504769,505095,537131,537231,32.036000,32.362000
117,4565,4565,51d5942,481736,482062,554111,554211,72.049000,72.375000
117,405,405,4195943,320610,320936,565604,565704,244.668000,244.994000
117,629,629,4275943,452037,452363,571351,571451,118.988000,119.314000
117,1349,1349,4545942,538771,539097,613133,613233,74.036000,74.362000
117,1493,1493,45d5942,380020,380346,619031,619131,238.685000,239.011000
117,5813,5813,56b5940,623164,623490,636669,636769,13.179000,13.505000
117,3910,3910,4f46941,329162,329496,642425,642525,312.929000,313.263000
117,118,118,4076940,552370,552704,649259,649359,96.555000,96.889000
117,2039,2039,47f7940,455755,456081,655222,655322,199.141000,199.467000
117,2007,2007,47d7942,612436,612762,671282,671382,58.520000,58.846000
117,5753,5753,5679941,409785,410111,682719,682819,272.608000,272.934000
117,5606,5606,55e6940,614614,614948,704904,705004,89.956000,90.290000
117,4407,4407,5137941,652596,652922,723085,723185,70.163000,70.489000
117,3557,3557,4de5942,613818,614144,727976,728076,113.832000,114.158000
117,3989,3989,4f95941,663504,663830,760690,760790,96.860000,97.186000
117,646,646,4286943,652111,652445,785737,785837,133.292000,133.626000
117,2357,2357,4935940,652055,652381,791527,791627,139.146000,139.472000
117,4169,4169,5049940,750593,750919,814333,814433,63.414000,63.740000
117,5093,5093,53e5943,715252,715578,819892,819992,104.314000,104.640000
117,1397,1397,4575940,723182,723508,835677,835777,112.169000,112.495000
117,2837,2837,4b15943,583280,583606,841604,841704,257.998000,258.324000
117,3638,3638,4e36942,635661,635995,847489,847589,211.494000,211.828000
117,4901,4901,5325940,831508,831834,852341,852441,20.507000,20.833000
117,953,953,43b9942,833233,833559,864399,864499,30.840000,31.166000
117,5590,5590,55d6943,755237,755571,869580,869680,114.009000,114.343000
117,4745,4745,5289941,862085,862411,875366,875466,12.955000,13.281000
117,2405,2405,4965942,785237,785563,904470,904570,118.907000,119.233000
117,1925,1925,4785943,910843,911169,925139,925239,13.970000,14.296000
117,5765,5765,5685942,931189,931515,959182,959282,27.667000,27.993000
117,4293,4293,50c5943,864408,864734,969698,969798,104.964000,105.290000
117,5927,5927,5727940,972009,972335,982620,982720,10.285000,10.611000
117,4421,4421,5145942,548765,549091,1008809,1008909,459.718000,460.044000
117,5957,5957,5745941,1042629,1042955,1079169,1079269,36.214000,36.540000
117,4277,4277,50b5942,1063286,1063612,1113953,1114053,50.341000,50.667000
117,5303,5303,54b7940,964905,965231,1119874,1119974,154.643000,154.969000
117,933,933,43a5942,1095166,1095492,1158468,1158568,62.976000,63.302000
117,4517,4517,51a5940,1043118,1043444,1164398,1164498,120.954000,121.280000
117,5909,5909,5715942,1536641,1536967,1543447,1543547,6.480000,6.806000
117,3765,3765,4eb5942,1592005,1592331,1604863,1604963,12.532000,12.858000
117,6069,6069,57b5942,1668951,1669277,1677916,1678016,8.639000,8.965000
117,4841,4841,52e9942,1790494,1790820,1810768,1810868,19.948000,20.274000
118,4134,4134,5026940,61996,62330,89684,89784,27.354000,27.688000
118,1719,1719,46b7941,82023,82349,94176,94276,11.827000,12.153000
118,1799,1799,4707943,95676,96002,100371,100471,4.369000,4.695000
118,2550,2550,49f6942,110452,110786,120394,120494,9.608000,9.942000
118,268,268,410c943,125959,126293,135085,135185,8.792000,9.126000
118,5111,5111,53f7942,136047,136373,144788,144888,8.415000,8.741000
118,1463,1463,45b7943,177055,177381,188805,188905,11.424000,11.750000
118,2022,2022,47e6941,194329,194663,254777,254877,60.114000,60.448000
118,1094,1094,4446941,206119,206453,260326,260426,53.873000,54.207000
118,4326,4326,50e6943,245952,246286,266483,266583,20.197000,20.531000
118,567,567,4237940,226538,226864,276594,276694,49.730000,50.056000
118,2134,2134,4856943,216565,216899,286400,286500,69.501000,69.835000
118,854,854,4356943,188301,188635,306455,306555,117.820000,118.154000
118,4487,4487,5187943,301361,301687,311812,311912,10.125000,10.451000
118,54,54,4036941,117123,117457,316694,316794,199.237000,199.571000
118,3862,3862,4f16943,328756,329090,337826,337926,8.736000,9.070000
118,172,172,40ac942,310331,310665,351112,351212,40.447000,40.781000
118,1030,1030,4406941,365027,365361,406484,406584,41.123000,41.457000
118,4038,4038,4fc6941,213875,214209,418005,418105,203.796000,204.130000
118,5334,5334,54d6941,414405,414739,422964,423064,8.225000,8.559000
118,1014,1014,43f6942,187558,187892,446331,446431,258.439000,258.773000
118,1175,1175,4497942,379331,379657,463625,463725,83.968000,84.294000
118,3846,3846,4f06940,399599,399933,486715,486815,86.782000,87.116000
118,3911,3911,4f47941,401426,401752,520526,520627,118.774000,119.100000
118,3430,3430,4d66940,427973,428307,525392,525492,97.085000,97.419000
118,2566,2566,4a06942,501984,502318,531487,531587,29.169000,29.503000
118,5754,5754,567a941,432068,432402,542825,542925,110.423000,110.757000
118,342,342,4156943,433675,434009,558978,559078,124.969000,125.303000
118,119,119,4077940,559503,559829,575595,575695,15.766000,16.092000
118,4566,4566,51d6942,520968,521303,588502,588602,67.199000,67.534000
118,5446,5446,5546943,239659,239993,593036,593136,353.043000,353.377000
118,406,406,4196943,327687,328021,597900,598000,269.879000,270.213000
118,518,518,4206940,610931,611265,617440,617540,6.175000,6.509000
118,1350,1350,4546942,545808,546142,625056,625156,78.914000,79.248000
118,630,630,4276943,531705,532039,642179,642279,110.140000,110.474000
118,1494,1494,45d6942,409007,409341,646701,646801,237.360000,237.694000
118,5814,5814,56b6940,630614,630948,651610,651710,20.662000,20.996000
118,3558,3558,4de6942,620856,621190,687249,687349,66.059000,66.393000
118,5607,5607,55e7940,641643,641969,742886,742986,100.917000,101.243000
118,2358,2358,4936940,659894,660228,748781,748881,88.553000,88.887000
118,3639,3639,4e37942,664951,665277,754582,754682,89.305000,89.631000
118,5164,5164,542c941,675637,675971,785504,785604,109.533000,109.867000
118,647,647,4287943,659159,659485,802742,802842,143.257000,143.583000
118,3446,3446,4d76943,302128,302462,814256,814356,511.794000,512.128000
118,5094,5094,53e6943,722323,722657,825825,825925,103.168000,103.502000
118,2246,2246,48c6943,675157,675491,831598,831698,156.107000,156.441000
118,4170,4170,504a940,757650,757984,836107,836207,78.123000,78.457000
118,4902,4902,5326940,838604,838938,860596,860696,21.658000,21.992000
118,1398,1398,4576940,741321,741655,865130,865230,123.475000,123.809000
118,954,954,43ba942,850344,850678,875654,875754,24.976000,25.310000
118,2838,2838,4b16943,604985,605319,892701,892801,287.382000,287.716000
118,4746,4746,528a941,869056,869390,903564,903664,34.174000,34.508000
118,5591,5591,55d7943,773452,773778,909365,909465,135.587000,135.913000
118,2406,2406,4966942,842200,842534,925121,925221,82.587000,82.921000
118,1926,1926,4786943,917926,918260,935901,936001,17.641000,17.975000
118,5766,5766,5686942,938146,938480,970663,970763,32.183000,32.517000
118,4294,4294,50c6943,871467,871801,975620,975720,103.819000,104.153000
118,3990,3990,4f96941,670451,670785,1026037,1026137,355.252000,355.586000
118,4422,4422,5146942,594400,594734,1049627,1049727,454.893000,455.227000
118,5958,5958,5746941,1062778,1063112,1095551,1095651,32.439000,32.773000
118,4012,4012,4fac942,1101854,1102188,1110815,1110915,8.627000,8.961000
118,4278,4278,50b6942,1077484,1077818,1136982,1137082,59.164000,59.498000
118,460,460,41cc942,1135060,1135394,1147336,1147436,11.942000,12.276000
118,934,934,43a6942,1102157,1102491,1193739,1193839,91.248000,91.582000
118,4518,4518,51a6940,1056065,1056399,1199547,1199647,143.148000,143.482000
118,5212,5212,545c940,1239589,1239923,1257883,1257983,17.960000,18.294000
118,4636,4636,521c943,1492499,1492833,1504862,1504962,12.029000,12.363000
118,5910,5910,5716942,1543561,1543895,1547874,1547974,3.979000,4.313000
118,3766,3766,4eb6942,1599046,1599380,1611898,1611998,12.518000,12.852000
118,6070,6070,57b6942,1675959,1676293,1684834,1684934,8.541000,8.875000
118,4842,4842,52ea942,1804417,1804751,1817724,1817824,12.973000,13.307000
119,4135,4135,5027940,69019,69345,84089,84189,14.744000,15.070000
119,2551,2551,49f7942,118740,119066,134461,134561,15.395000,15.721000
119,2174,2174,487e940,166933,167267,209341,209441,42.074000,42.408000
119,2023,2023,47e7941,226493,226819,235572,235672,8.753000,9.079000
119,1454,1454,45ae942,238564,238898,247831,247931,8.933000,9.267000
119,1646,1646,466e941,253912,254246,270818,270918,16.572000,16.906000
119,1095,1095,4447941,214647,214973,275326,275426,60.353000,60.679000
119,269,269,410d943,133146,133472,295827,295927,162.355000,162.681000
119,55,55,4037941,210539,210865,300655,300755,89.790000,90.116000
119,5006,5006,538e941,175497,175831,306283,306383,130.452000,130.786000
119,4327,4327,50e7943,253022,253348,317305,317405,63.957000,64.283000
119,4094,4094,4ffe943,310023,310357,333946,334046,23.589000,23.923000
119,3950,3950,4f6e940,286133,286467,339662,339762,53.195000,53.529000
119,1598,1598,463e941,334063,334397,345353,345453,10.956000,11.290000
119,173,173,40ad942,332317,332643,351157,351257,18.514000,18.840000
119,2135,2135,4857943,257904,258229,368480,368580,110.251000,110.576000
119,2606,2606,4a2e940,325865,326199,390129,390229,63.930000,64.264000
119,1118,1118,445e943,359210,359544,394926,395026,35.382000,35.716000
119,302,302,412e940,375212,375546,425465,425565,49.919000,50.253000
119,926,926,439e941,403850,404184,429956,430056,25.772000,26.106000
119,3662,3662,4e4e942,364508,364842,434792,434892,69.950000,70.284000
119,407,407,4197943,360680,361006,440529,440629,79.523000,79.849000
119,5335,5335,54d7941,421440,421766,445037,445137,23.271000,23.597000
119,855,855,4357943,206187,206513,452038,452138,245.525000,245.851000
119,398,398,418e941,438241,438575,456571,456671,17.996000,18.330000
119,3863,3863,4f17943,335746,336072,468119,468219,132.047000,132.373000
119,254,254,40fe940,389298,389632,480959,481059,91.327000,91.661000
119,446,446,41be942,425869,426203,491570,491670,65.367000,65.701000
119,2654,2654,4a5e943,432715,433049,497744,497844,64.695000,65.029000
119,1031,1031,4407941,389093,389419,504027,504127,114.608000,114.934000
119,4039,4039,4fc7941,220880,221206,509743,509843,288.537000,288.863000
119,3847,3847,4f07940,414362,414688,515434,515534,100.746000,101.072000
119,1015,1015,43f7942,219716,220042,531133,531233,311.091000,311.417000
119,3431,3431,4d67940,449912,450238,542589,542689,92.351000,92.677000
119,2567,2567,4a07942,509044,509370,553958,554058,44.588000,44.914000
119,5755,5755,567b941,478391,478717,559475,559575,80.758000,81.084000
119,2942,2942,4b7e942,529016,529350,565017,565117,35.667000,36.001000
119,686,686,42ae940,559036,559370,569859,569959,10.489000,10.823000
119,519,519,4207940,617908,618234,624396,624496,6.162000,6.488000
119,343,343,4157943,440723,441049,636283,636383,195.234000,195.560000
119,5815,5815,56b7940,642554,642880,657316,657416,14.436000,14.762000
119,1495,1495,45d7942,438475,438801,670842,670942,232.041000,232.367000
119,4567,4567,51d7942,528048,528374,675700,675800,147.326000,147.652000
119,1351,1351,4547942,552837,553163,681480,681580,128.317000,128.643000
119,631,631,4277943,553399,553725,708205,708305,154.480000,154.806000
119,3559,3559,4de7942,627902,628228,719730,719830,91.502000,91.828000
119,3806,3806,4ede943,737685,738019,769148,769248,31.129000,31.463000
119,2359,2359,4937940,674274,674600,773967,774067,99.367000,99.693000
119,5447,5447,5547943,539309,539635,791248,791348,251.613000,251.939000
119,2247,2247,48c7943,694537,694863,797461,797561,102.598000,102.924000
119,5165,5165,542d941,682686,683012,808485,808585,125.473000,125.799000
119,4718,4718,526e940,798424,798758,819980,820080,21.222000,21.556000
119,590,590,424e942,713526,713860,837342,837442,123.482000,123.816000
119,5095,5095,53e7943,753552,753878,843042,843142,89.164000,89.490000
119,4171,4171,504b940,769721,770047,858748,858848,88.701000,89.027000
119,4903,4903,5327940,845588,845914,866569,866669,20.655000,20.981000
119,3447,3447,4d77943,313223,313549,886335,886435,572.786000,573.112000
119,955,955,43bb942,859653,859979,898551,898651,38.572000,38.898000
119,6302,6302,589e941,903654,903988,915071,915171,11.083000,11.417000
119,1399,1399,4577940,755478,755804,919592,919692,163.788000,164.114000
119,542,542,421e942,828579,828913,924428,924528,95.515000,95.849000
119,4747,4747,528b941,876044,876370,930165,930265,53.795000,54.121000
119,6014,6014,577e942,899934,900268,934651,934751,34.383000,34.717000
119,2839,2839,4b17943,748641,748967,940151,940251,191.184000,191.510000
119,2407,2407,4967942,856343,856669,947494,947594,90.825000,91.151000
119,1927,1927,4787943,924922,925248,953231,953331,27.983000,28.309000
119,4382,4382,511e942,835548,835882,958961,959061,123.079000,123.413000
119,1262,1262,44ee942,444229,444563,984818,984918,540.255000,540.589000
119,3470,3470,4d8e941,976903,977237,997388,997488,20.151000,20.485000
119,5767,5767,5687942,952553,952879,1008801,1008901,55.922000,56.248000
119,5870,5870,56ee942,1021883,1022217,1026172,1026272,3.955000,4.289000
119,782,782,430e941,1009226,1009560,1035840,1035941,26.280000,26.614000
119,3991,3991,4f97941,681933,682259,1043701,1043801,361.442000,361.768000
119,4423,4423,5147942,634028,634354,1056669,1056769,422.315000,422.641000
119,4295,4295,50c7943,878528,878854,1067683,1067783,188.829000,189.155000
119,5959,5959,5747941,1073089,1073415,1101303,1101403,27.888000,28.214000
119,4013,4013,4fad942,1108789,1109115,1122422,1122522,13.307000,13.633000
119,461,461,41cd942,1142034,1142360,1154338,1154438,11.978000,12.304000
119,4279,4279,50b7942,1084628,1084954,1170305,1170405,85.351000,85.677000
119,6158,6158,580e942,1146672,1147006,1201687,1201787,54.681000,55.015000
119,935,935,43a7942,1109224,1109550,1211221,1211321,101.671000,101.997000
119,4519,4519,51a7940,1063064,1063390,1217079,1217179,153.689000,154.015000
119,5486,5486,556e941,1206614,1206948,1222890,1222990,15.942000,16.276000
119,5213,5213,545d940,1246557,1246883,1269750,1269850,22.867000,23.193000
119,3278,3278,4cce943,1133774,1134108,1281145,1281245,147.037000,147.371000
119,3614,3614,4e1e942,1322129,1322463,1357479,1357579,35.016000,35.350000
119,3710,3710,4e7e942,1489251,1489585,1493608,1493708,4.023000,4.357000
119,4637,4637,521d943,1499453,1499779,1516508,1516608,16.729000,17.055000
119,4766,4766,529e941,1520687,1521021,1532930,1533030,11.909000,12.243000
119,5911,5911,5717942,1549003,1549329,1553332,1553432,4.003000,4.329000
119,3767,3767,4eb7942,1606022,1606348,1618924,1619024,12.576000,12.902000
119,6071,6071,57b7942,1682945,1683271,1691840,1691940,8.569000,8.895000
119,6206,6206,583e942,1706674,1707008,1711031,1711131,4.023000,4.357000
119,4843,4843,52eb942,1812220,1812546,1824495,1824595,11.949000,12.275000
120,5424,5424,5530940,26051,26385,38701,38801,12.316000,12.650000
120,144,144,4090943,55051,55385,63638,63738,8.253000,8.587000
120,5616,5616,55f0943,69051,69385,88280,88380,18.895000,19.229000
120,3590,3590,4e06943,88181,88515,100842,100942,12.327000,12.661000
120,1728,1728,46c0940,103051,103385,112580,112680,9.195000,9.529000
120,3782,3782,4ec6943,102683,103017,117427,117527,14.410000,14.744000
120,3504,3504,4db0940,111051,111385,129180,129280,17.795000,18.129000
120,6336,6336,58c0943,79051,79385,140689,140789,61.304000,61.638000
120,2880,2880,4b40940,122051,122385,145176,145276,22.791000,23.125000
120,5376,5376,5500940,119051,119385,149978,150078,30.593000,30.927000
120,2175,2175,487f940,173932,174258,183955,184055,9.697000,10.023000
120,270,270,410e943,140063,140397,188802,188902,48.405000,48.739000
120,720,720,42d0941,190051,190385,205970,206070,15.585000,15.919000
120,1056,1056,4420940,229051,229385,260549,260649,31.164000,31.498000
120,5007,5007,538f941,182520,182846,266469,266569,83.623000,83.949000
120,480,480,41e0943,262051,262385,280865,280965,18.480000,18.814000
120,1776,1776,46f0941,264051,264385,286573,286673,22.188000,22.522000
120,1647,1647,466f941,260919,261245,343386,343486,82.141000,82.467000
120,3140,3140,4c44942,329025,329359,354881,354981,25.522000,25.856000
120,3951,3951,4f6f940,300096,300422,360592,360692,60.170000,60.496000
120,2607,2607,4a2f940,333928,334254,365126,365226,30.872000,31.198000
120,4095,4095,4fff943,322887,323213,370003,370103,46.790000,47.116000
120,1455,1455,45af942,245624,245950,393007,393107,147.057000,147.383000
120,1599,1599,463f941,341106,341432,404548,404648,63.116000,63.442000
120,960,960,43c0940,392051,392385,409032,409132,16.647000,16.981000
120,2976,2976,4ba0942,370584,370918,415978,416078,45.060000,45.394000
120,5184,5184,5440941,396536,396870,437146,437246,40.276000,40.610000
120,548,548,4224942,373579,373913,442826,442926,68.913000,69.247000
120,303,303,412f940,382864,383190,449101,449201,65.911000,66.237000
120,174,174,40ae942,339308,339642,453593,453693,113.951000,114.285000
120,1263,1263,44ef942,451119,451445,458527,458627,7.082000,7.408000
120,2688,2688,4a80943,439223,439557,463134,463234,23.577000,23.911000
120,5040,5040,53b0943,382471,382805,467980,468080,85.175000,85.509000
120,447,447,41bf942,432873,433199,472472,472572,39.273000,39.599000
120,927,927,439f941,410837,411163,477368,477468,66.205000,66.531000
120,3188,3188,4c74941,411097,411431,483113,483213,71.682000,72.016000
120,399,399,418f941,445246,445572,488910,489010,43.338000,43.664000
120,255,255,40ff940,417427,417753,494906,495006,77.153000,77.479000
120,1119,1119,445f943,366159,366485,506134,506234,139.649000,139.975000
120,192,192,40c0943,506051,506385,514760,514860,8.375000,8.709000
120,3663,3663,4e4f942,386785,387111,519685,519785,132.574000,132.900000
120,2655,2655,4a5f943,470119,470445,525462,525562,55.017000,55.343000
120,2256,2256,48d0943,505120,505454,531280,531380,25.826000,26.160000
120,5712,5712,5650941,527051,527385,546991,547091,19.606000,19.940000
120,2943,2943,4b7f942,535904,536230,551814,551914,15.584000,15.910000
120,5756,5756,567c941,537772,538106,556667,556767,18.561000,18.895000
120,5318,5318,54c6943,503327,503661,562966,563066,59.305000,59.639000
120,96,96,4060943,478051,478385,570967,571067,92.582000,92.916000
120,687,687,42af940,566099,566425,602620,602720,36.195000,36.521000
120,4454,4454,5166941,565209,565543,631803,631903,66.260000,66.594000
120,1988,1988,47c4943,643982,644316,652950,653050,8.634000,8.968000
120,4100,4100,5004940,588023,588357,657813,657913,69.456000,69.790000
120,2468,2468,49a4941,688041,688375,697468,697568,9.093000,9.427000
120,5568,5568,55c0943,656051,656385,701990,702090,45.605000,45.939000
120,5166,5166,542e941,689700,690034,706953,707053,16.919000,17.253000
120,4176,4176,5050942,701051,701385,711779,711879,10.394000,10.728000
120,3312,3312,4cf0941,653051,653385,730125,730225,76.740000,77.074000
120,591,591,424f942,724584,724910,745306,745406,20.396000,20.722000
120,3807,3807,4edf943,744701,745027,764897,764997,19.870000,20.196000
120,4719,4719,526f940,813792,814118,836399,836499,22.281000,22.607000
120,4172,4172,504c940,786702,787036,846335,846435,59.299000,59.633000
120,4383,4383,511f942,842566,842892,851868,851968,8.976000,9.302000
120,543,543,421f942,835498,835824,861149,861249,25.325000,25.651000
120,3888,3888,4f30941,887051,887385,905290,905390,17.905000,18.239000
120,956,956,43bc942,875685,876019,913101,913201,37.082000,37.416000
120,4886,4886,5316940,758683,759017,922567,922667,163.550000,163.884000
120,4748,4748,528c941,886296,886630,928382,928482,41.752000,42.086000
120,6303,6303,589f941,910728,911054,934156,934256,23.102000,23.428000
120,3572,3572,4df4942,954130,954464,962698,962798,8.234000,8.568000
120,6015,6015,577f942,921458,921784,995736,995836,73.952000,74.278000
120,3471,3471,4d8f941,983959,984285,1006611,1006711,22.326000,22.652000
120,783,783,430f941,1016196,1016522,1020512,1020612,3.990000,4.316000
120,5871,5871,56ef942,1027312,1027638,1040943,1041042,13.305000,13.631000
120,3216,3216,4c90942,1046051,1046385,1052665,1052765,6.280000,6.614000
120,6240,6240,5860943,1097051,1097385,1124022,1124122,26.637000,26.971000
120,2496,2496,49c0941,1141051,1141385,1147800,1147900,6.415000,6.749000
120,4014,4014,4fae942,1115831,1116165,1153593,1153693,37.428000,37.762000
120,462,462,41ce942,1149026,1149360,1162737,1162837,13.377000,13.711000
120,6159,6159,580f942,1169366,1169692,1213490,1213590,43.798000,44.124000
120,5487,5487,556f941,1216434,1216760,1242513,1242613,25.753000,26.079000
120,3279,3279,4ccf943,1215127,1215453,1257905,1258005,42.452000,42.778000
120,5214,5214,545e940,1253595,1253929,1262848,1262948,8.919000,9.253000
120,3350,3350,4d16943,1218300,1218634,1268672,1268772,50.038000,50.372000
120,3615,3615,4e1f942,1342997,1343323,1351609,1351709,8.286000,8.612000
120,5136,5136,5410942,1382998,1383332,1400639,1400739,17.307000,17.641000
120,2948,2948,4b84941,1417249,1417583,1473894,1473994,56.311000,56.645000
120,3711,3711,4e7f942,1494749,1495075,1507112,1507212,12.037000,12.363000
120,4638,4638,521e943,1506438,1506772,1515419,1515519,8.647000,8.981000
120,4767,4767,529f941,1527657,1527983,1531939,1532039,3.956000,4.282000
120,6207,6207,583f942,1712172,1712498,1727169,1727269,14.671000,14.997000
120,5558,5558,55b6943,1743781,1744115,1757469,1757569,13.354000,13.688000
120,4844,4844,52ec942,1819257,1819591,1836563,1836663,16.972000,17.306000
121,5425,5425,5531940,32986,33312,52292,52392,18.980000,19.306000
121,145,145,4091943,62017,62343,70593,70693,8.250000,8.576000
121,5617,5617,55f1943,86260,86586,95311,95411,8.725000,9.051000
121,3591,3591,4e07943,95186,95512,106656,106756,11.144000,11.470000
121,1622,1622,4656941,81819,82153,111492,111592,29.339000,29.673000
121,1729,1729,46c1940,110055,110381,118589,118689,8.208000,8.534000
121,3783,3783,4ec7943,109646,109972,123440,123540,13.468000,13.794000
121,2881,2881,4b41940,129027,129354,150683,150783,21.329000,21.656000
121,3505,3505,4db1940,119264,119590,155738,155838,36.148000,36.474000
121,5377,5377,5501940,126015,126341,160247,160347,33.906000,34.232000
121,3044,3044,4be4942,66010,66344,165098,165198,98.754000,99.088000
121,6337,6337,58c1943,85976,86302,173151,173251,86.849000,87.175000
121,271,271,410f943,147310,147636,178910,179010,31.274000,31.600000
121,980,980,43d4942,186224,186558,215893,215993,29.335000,29.669000
121,721,721,42d1941,197056,197382,220426,220526,23.044000,23.370000
121,1777,1777,46f1941,284507,284833,293617,293717,8.784000,9.110000
121,481,481,41e1943,269014,269340,299356,299456,30.016000,30.342000
121,422,422,41a6940,301894,302228,310979,311079,8.751000,9.085000
121,1057,1057,4421940,236015,236341,375712,375812,139.371000,139.697000
121,175,175,40af942,346412,346738,380203,380303,33.465000,33.791000
121,3141,3141,4c45942,342740,343066,398764,398864,55.698000,56.024000
121,961,961,43c1940,399028,399354,420872,420972,21.518000,21.844000
121,2977,2977,4ba1942,383630,383956,425693,425793,41.737000,42.063000
121,2689,2689,4a81943,453266,453592,477989,478089,24.397000,24.723000
121,5185,5185,5441941,403518,403844,494622,494722,90.778000,91.104000
121,5041,5041,53b1943,393665,393991,511878,511978,117.887000,118.213000
121,193,193,40c1943,513055,513382,521691,521790,8.309000,8.636000
121,3189,3189,4c75941,418101,418427,536987,537087,118.560000,118.886000
121,5319,5319,54c7943,510378,510704,574100,574200,63.396000,63.722000
121,5757,5757,567d941,544782,545108,579621,579721,34.513000,34.839000
121,5713,5713,5651941,533976,534302,585436,585536,51.134000,51.460000
121,549,549,4225942,380556,380882,591173,591273,210.291000,210.617000
121,2257,2257,48d1943,512132,512458,596903,597003,84.445000,84.771000
121,97,97,4061943,484985,485311,608371,608471,123.060000,123.386000
121,4455,4455,5167941,580381,580707,638816,638916,58.109000,58.435000
121,1989,1989,47c5943,650930,651256,659863,659963,8.607000,8.933000
121,4101,4101,5005940,595123,595449,689304,689404,93.855000,94.181000
121,2469,2469,49a5941,695050,695376,707495,707595,12.119000,12.445000
121,2678,2678,4a76940,582609,582943,712715,712815,129.772000,130.106000
121,5569,5569,55c1943,663056,663382,717206,717306,53.824000,54.150000
121,4177,4177,5051942,707962,708288,722121,722221,13.833000,14.159000
121,5167,5167,542f941,701698,702024,728282,728382,26.258000,26.584000
121,1046,1046,4416942,693379,693713,778171,778271,84.458000,84.792000
121,3313,3313,4cf1941,660033,660359,824790,824890,164.431000,164.757000
121,4173,4173,504d940,813653,813979,862946,863046,48.967000,49.293000
121,2228,2228,48b4940,668115,668449,891677,891777,223.228000,223.562000
121,3889,3889,4f31941,894033,894359,916786,916886,22.427000,22.753000
121,4887,4887,5317940,771516,771842,937244,937344,165.402000,165.728000
121,4749,4749,528d941,903025,903351,942095,942195,38.744000,39.070000
121,957,957,43bd942,882660,882986,947795,947895,64.809000,65.135000
121,3573,3573,4df5942,961133,961459,969782,969882,8.323000,8.649000
121,5252,5252,5484942,1008313,1008647,1038473,1038572,29.826000,30.160000
121,3217,3217,4c91942,1053028,1053354,1059576,1059676,6.222000,6.548000
121,4244,4244,5094942,1083044,1083378,1118214,1118314,34.836000,35.170000
121,4015,4015,4faf942,1122834,1123160,1138134,1138234,14.974000,15.300000
121,2497,2497,49c1941,1147976,1148302,1159314,1159414,11.012000,11.338000
121,6241,6241,5861943,1111795,1112121,1165073,1165173,52.952000,53.278000
121,463,463,41cf942,1156056,1156382,1174134,1174234,17.752000,18.078000
121,4772,4772,52a4942,1249769,1250103,1268990,1269090,18.887000,19.221000
121,5215,5215,545f940,1260643,1260969,1274362,1274462,13.393000,13.719000
121,3351,3351,4d17943,1241572,1241898,1280078,1280178,38.180000,38.506000
121,5137,5137,5411942,1389954,1390280,1414922,1415022,24.642000,24.968000
121,2949,2949,4b85941,1431009,1431335,1459491,1459591,28.156000,28.482000
121,4639,4639,521f943,1513430,1513756,1522198,1522298,8.442000,8.768000
121,4724,4724,5274943,1565748,1566082,1574519,1574619,8.437000,8.771000
121,4436,4436,5154943,1679059,1679393,1697569,1697669,18.176000,18.510000
121,5559,5559,55b7943,1755539,1755865,1764332,1764432,8.467000,8.793000
121,4845,4845,52ed942,1826295,1826621,1834842,1834942,8.221000,8.547000
122,3476,3476,4d94942,54939,55273,61706,61806,6.433000,6.767000
122,5426,5426,5532940,39972,40306,67417,67517,27.111000,27.445000
122,146,146,4092943,69055,69389,77681,77781,8.292000,8.626000
122,2198,2198,4896942,91071,91405,101538,101638,10.133000,10.467000
122,5618,5618,55f2943,93282,93616,106364,106464,12.748000,13.082000
122,1623,1623,4657941,93268,93594,117868,117968,24.274000,24.600000
122,1730,1730,46c2940,117062,117396,125718,125818,8.322000,8.656000
122,740,740,42e4943,109005,109339,131251,131351,21.912000,22.246000
122,3506,3506,4db2940,126319,126653,152323,152423,25.670000,26.004000
122,2882,2882,4b42940,136044,136378,156815,156915,20.437000,20.771000
122,5378,5378,5502940,133043,133377,172713,172813,39.336000,39.670000
122,6338,6338,58c2943,92990,93324,190630,190730,97.306000,97.640000
122,3045,3045,4be5942,73033,73359,208979,209079,135.620000,135.946000
122,134,134,4086943,201324,201658,214690,214790,13.032000,13.366000
122,722,722,42d2941,204092,204426,225875,225975,21.449000,21.783000
122,981,981,43d5942,193188,193514,255089,255189,61.575000,61.901000
122,1058,1058,4422940,253048,253382,275015,275115,21.633000,21.967000
122,423,423,41a7940,311422,311748,317909,318009,6.161000,6.487000
122,482,482,41e2943,276035,276369,326199,326299,49.830000,50.164000
122,6038,6038,5796940,328093,328427,338781,338881,10.354000,10.688000
122,3142,3142,4c46942,349740,350074,410238,410338,60.164000,60.498000
122,1778,1778,46f2941,291652,291986,432778,432878,140.792000,141.126000
122,962,962,43c2940,406069,406403,438616,438716,32.213000,32.547000
122,550,550,4226942,387539,387873,444522,444622,56.649000,56.983000
122,2978,2978,4ba2942,396889,397223,449363,449463,52.140000,52.474000
122,5186,5186,5442941,410515,410849,506578,506678,95.729000,96.063000
122,4196,4196,5064941,433810,434144,523520,523620,89.376000,89.710000
122,2690,2690,4a82943,465256,465590,536688,536788,71.098000,71.432000
122,5732,5732,5664940,511319,511653,542407,542507,30.754000,31.088000
122,3190,3190,4c76941,425197,425531,559674,559774,134.143000,134.477000
122,194,194,40c2943,520103,520437,565393,565493,44.956000,45.290000
122,2258,2258,48d2943,519154,519487,573903,574003,54.416000,54.749000
122,5042,5042,53b2943,420495,420829,591089,591189,170.260000,170.594000
122,5758,5758,567e941,551835,552169,597089,597189,44.920000,45.254000
122,5714,5714,5652941,541001,541335,608571,608671,67.236000,67.570000
122,98,98,4062943,540644,540978,666070,666170,125.092000,125.426000
122,1990,1990,47c6943,657919,658253,670881,670981,12.628000,12.962000
122,2679,2679,4a77940,621705,622031,718416,718516,96.385000,96.711000
122,4102,4102,5006940,605586,605920,724234,724334,118.314000,118.648000
122,5570,5570,55c2943,696792,697126,734217,734317,37.091000,37.425000
122,3314,3314,4cf2941,668116,668450,747922,748022,79.472000,79.806000
122,2470,2470,49a6941,702094,702428,752444,752544,50.016000,50.350000
122,4178,4178,5052942,714952,715286,763958,764058,48.672000,49.006000
122,1047,1047,4417942,760843,761169,782356,782456,21.187000,21.513000
122,2630,2630,4a46942,710680,711014,860003,860103,148.989000,149.323000
122,4174,4174,504e940,841974,842308,868844,868944,26.536000,26.870000
122,5828,5828,56c4943,819950,820284,874166,874266,53.882000,54.216000
122,4070,4070,4fe6940,813838,814172,909406,909506,95.234000,95.568000
122,3890,3890,4f32941,901030,901364,919111,919211,17.747000,18.081000
122,2229,2229,48b5940,691079,691405,928398,928498,236.993000,237.319000
122,4750,4750,528e941,926051,926385,951234,951334,24.849000,25.183000
122,958,958,43be942,909831,910165,972111,972211,61.946000,62.280000
122,3574,3574,4df6942,968140,968474,981548,981648,13.074000,13.408000
122,5253,5253,5485942,1017113,1017439,1044341,1044442,26.902000,27.228000
122,3218,3218,4c92942,1060011,1060345,1064322,1064422,3.977000,4.311000
122,3254,3254,4cb6943,1125739,1126073,1134808,1134908,8.735000,9.069000
122,4245,4245,5095942,1090115,1090441,1149997,1150097,59.556000,59.882000
122,1604,1604,4644941,1151358,1151692,1161547,1161647,9.855000,10.189000
122,2498,2498,49c2941,1154882,1155216,1167280,1167380,12.064000,12.398000
122,4646,4646,5226941,1076975,1077309,1173029,1173129,95.720000,96.054000
122,6242,6242,5862943,1134702,1135036,1184543,1184643,49.507000,49.841000
122,4773,4773,52a5942,1263813,1264139,1283245,1283345,19.106000,19.432000
122,5138,5138,5412942,1396968,1397302,1438565,1438665,41.263000,41.597000
122,2950,2950,4b86941,1454129,1454463,1467829,1467929,13.366000,13.700000
122,4725,4725,5275943,1572697,1573023,1581507,1581607,8.484000,8.810000
122,4437,4437,5155943,1686070,1686396,1721332,1721432,34.936000,35.262000
122,4846,4846,52ee942,1833332,1833666,1841958,1842058,8.292000,8.626000
122,3284,3284,4cd4941,1884756,1885090,1891501,1891601,6.411000,6.745000
122,4820,4820,52d4941,2169756,2170090,2176512,2176612,6.422000,6.756000
123,3477,3477,4d95942,61903,62229,73161,73261,10.932000,11.258000
123,5972,5972,5754942,66594,66928,84595,84695,17.667000,18.001000
123,147,147,4093943,76021,76347,89158,89258,12.811000,13.137000
123,5427,5427,5533940,46982,47308,94000,94100,46.692000,47.018000
123,2199,2199,4897942,98070,98396,108521,108621,10.125000,10.451000
123,5619,5619,55f3943,101182,101508,123561,123661,22.053000,22.379000
123,1731,1731,46c3940,124066,124392,136821,136921,12.429000,12.755000
123,741,741,42e5943,116025,116351,146617,146717,30.266000,30.592000
123,3507,3507,4db3940,134330,134656,158220,158320,23.564000,23.890000
123,2883,2883,4b43940,154067,154393,162726,162826,8.333000,8.659000
123,6339,6339,58c3943,106026,106352,167547,167647,61.195000,61.521000
123,5379,5379,5503940,140063,140389,183982,184082,43.593000,43.919000
123,3046,3046,4be6942,85313,85647,220419,220519,134.772000,135.106000
123,135,135,4087943,208329,208655,226156,226256,17.501000,17.827000
123,723,723,42d3941,211131,211457,232879,232979,21.422000,21.748000
123,982,982,43d6942,200168,200502,260977,261078,60.475000,60.809000
123,6039,6039,5797940,337149,337475,360767,360867,23.292000,23.618000
123,1059,1059,4423940,267098,267424,404532,404632,137.108000,137.434000
123,1779,1779,46f3941,315439,315765,421714,421814,105.949000,106.275000
123,3143,3143,4c47942,356794,357120,426533,426633,69.413000,69.739000
123,483,483,41e3943,291596,291922,443129,443229,151.207000,151.533000
123,963,963,43c3940,413108,413434,450346,450446,36.912000,37.238000
123,2979,2979,4ba3942,403894,404220,485463,485563,81.243000,81.569000
123,4197,4197,5065941,471920,472246,512151,512252,39.905000,40.231000
123,5187,5187,5443941,417497,417823,517002,517103,99.179000,99.505000
123,551,551,4227942,402062,402388,538883,538983,136.495000,136.821000
123,2691,2691,4a83943,536842,537168,548164,548264,10.996000,11.322000
123,3191,3191,4c77941,439339,439665,553944,554044,114.279000,114.605000
123,195,195,40c3943,546886,547212,579618,579718,32.406000,32.732000
123,5733,5733,5665940,518314,518640,585355,585455,66.715000,67.041000
123,3716,3716,4e84943,551736,552070,614297,614397,62.227000,62.561000
123,5043,5043,53b3943,427516,427842,620034,620134,192.192000,192.518000
123,5759,5759,567f941,567325,567651,625764,625864,58.113000,58.439000
123,99,99,4063943,576920,577246,631501,631601,54.255000,54.581000
123,2259,2259,48d3943,526166,526492,637231,637331,110.739000,111.065000
123,5715,5715,5653941,557727,558053,649637,649737,91.584000,91.910000
123,2804,2804,4af4942,444468,444802,660286,660386,215.484000,215.818000
123,212,212,40d4943,615158,615492,671803,671903,56.311000,56.645000
123,1991,1991,47c7943,664872,665198,676728,676828,11.530000,11.856000
123,4179,4179,5053942,722345,722671,731358,731458,8.687000,9.013000
123,3315,3315,4cf3941,675098,675424,753919,754019,78.495000,78.821000
123,2471,2471,49a7941,709129,709455,758450,758550,48.995000,49.321000
123,2631,2631,4a47942,741412,741738,770859,770959,29.121000,29.447000
123,5571,5571,55c3943,712343,712669,776559,776659,63.890000,64.216000
123,4103,4103,5007940,612595,612921,788065,788165,175.144000,175.470000
123,3236,3236,4ca4943,807011,807345,826264,826364,18.919000,19.253000
123,4175,4175,504f940,848973,849299,874449,874549,25.150000,25.476000
123,5829,5829,56c5943,831122,831448,885692,885792,54.244000,54.570000
123,2230,2230,48b6940,722382,722716,897539,897639,174.823000,175.157000
123,1190,1190,44a6942,911081,911415,920013,920113,8.598000,8.932000
123,3891,3891,4f33941,908012,908338,926236,926336,17.898000,18.224000
123,4071,4071,4fe7940,820892,821218,934225,934325,113.007000,113.333000
123,4751,4751,528f941,933039,933365,966360,966460,32.995000,33.321000
123,959,959,43bf942,916842,917168,983995,984095,66.827000,67.153000
123,2966,2966,4b96943,944663,944997,990364,990464,45.367000,45.701000
123,3575,3575,4df7942,975143,975469,994885,994985,19.416000,19.742000
123,5254,5254,5486942,1041995,1042330,1055511,1055611,13.181000,13.516000
123,2612,2612,4a34943,1051933,1052267,1060838,1060938,8.571000,8.905000
123,3219,3219,4c93942,1065448,1065774,1069785,1069885,4.011000,4.337000
123,3255,3255,4cb7943,1132801,1133127,1141917,1142017,8.790000,9.116000
123,4246,4246,5096942,1097106,1097440,1155819,1155919,58.379000,58.713000
123,1605,1605,4645941,1158435,1158761,1178772,1178872,20.011000,20.337000
123,2499,2499,49c3941,1165222,1165548,1190365,1190465,24.817000,25.143000
123,6243,6243,5863943,1141741,1142067,1196129,1196229,54.062000,54.388000
123,4647,4647,5227941,1091925,1092251,1201969,1202069,109.718000,110.044000
123,4774,4774,52a6942,1277899,1278233,1290272,1290372,12.039000,12.373000
123,4022,4022,4fb6943,1354783,1355117,1373310,1373410,18.193000,18.527000
123,5139,5139,5413942,1403924,1404250,1416217,1416317,11.967000,12.293000
123,2951,2951,4b87941,1461149,1461475,1473605,1473705,12.130000,12.456000
123,4726,4726,5276943,1579677,1580011,1588497,1588597,8.486000,8.820000
123,6182,6182,5826941,1600124,1600458,1606927,1607027,6.469000,6.803000
123,4438,4438,5156943,1693063,1693397,1739044,1739144,45.647000,45.981000
123,4847,4847,52ef942,1840361,1840687,1850519,1850619,9.832000,10.158000
123,3285,3285,4cd5941,1891715,1892041,1898343,1898443,6.302000,6.628000
123,4821,4821,52d5941,2176715,2177041,2183411,2183511,6.370000,6.696000
124,5973,5973,5755942,73558,73884,82478,82578,8.594000,8.920000
124,3478,3478,4d96942,68849,69183,88158,88258,18.975000,19.309000
124,5428,5428,5534940,53968,54302,105381,105481,51.079000,51.413000
124,3047,3047,4be7942,107530,107856,124968,125068,17.112000,17.438000
124,278,278,4116942,117565,117899,136007,136107,18.108000,18.442000
124,1732,1732,46c4940,131073,131407,141535,141635,10.128000,10.462000
124,3494,3494,4da6943,129149,129483,146761,146861,17.278000,17.612000
124,742,742,42e6943,127123,127457,167665,167765,40.208000,40.542000
124,5620,5620,55f4943,118687,119021,179132,179232,60.111000,60.445000
124,2884,2884,4b44940,161083,161417,193598,193698,32.181000,32.515000
124,148,148,4094943,83059,83393,198424,198524,115.031000,115.365000
124,3508,3508,4db4940,141325,141659,204104,204204,62.445000,62.779000
124,2870,2870,4b36941,180999,181333,209831,209931,28.498000,28.832000
124,5380,5380,5504940,147091,147425,232905,233005,85.480000,85.814000
124,724,724,42d4941,224123,224457,249035,249135,24.578000,24.912000
124,983,983,43d7942,211557,211883,268063,268163,56.180000,56.506000
124,6340,6340,58c4943,113040,113374,296722,296822,183.348000,183.682000
124,1892,1892,4764941,352256,352590,358804,358904,6.214000,6.548000
124,1060,1060,4424940,274142,274476,385227,385327,110.751000,111.085000
124,1780,1780,46f4941,420095,420429,433032,433132,12.603000,12.937000
124,964,964,43c4940,420144,420478,444602,444702,24.124000,24.458000
124,484,484,41e4943,309397,309731,449479,449579,139.748000,140.082000
124,2996,2996,4bb4941,480231,480565,488798,488898,8.233000,8.567000
124,5044,5044,53b4943,434542,434876,493600,493700,58.724000,59.058000
124,2980,2980,4ba4942,427017,427351,499327,499427,71.976000,72.310000
124,5188,5188,5444941,425492,425826,523869,523968,98.043000,98.377000
124,4198,4198,5066941,482156,482490,544541,544641,62.051000,62.385000
124,196,196,40c4943,553976,554310,576195,576295,21.885000,22.219000
124,2692,2692,4a84943,543748,544082,581914,582014,37.832000,38.166000
124,3717,3717,4e85943,558766,559092,589866,589966,30.774000,31.100000
124,5734,5734,5666940,525302,525636,594722,594822,69.086000,69.420000
124,2260,2260,48d4943,533188,533522,599888,599988,66.366000,66.700000
124,100,100,4064943,589713,590047,652183,652283,62.136000,62.470000
124,5716,5716,5654941,564696,565030,663710,663810,98.680000,99.014000
124,213,213,40d5943,651852,652178,675206,675306,23.028000,23.354000
124,2805,2805,4af5942,451548,451874,689239,689339,237.365000,237.691000
124,1814,1814,4716943,662424,662758,694989,695089,32.231000,32.565000
124,3316,3316,4cf4941,682095,682429,725574,725674,43.145000,43.479000
124,4180,4180,5054942,729264,729598,738399,738499,8.801000,9.135000
124,5492,5492,5574942,730358,730692,768777,768877,38.085000,38.419000
124,5572,5572,55c4943,734292,734626,774595,774695,39.969000,40.303000
124,4214,4214,5076943,523472,523805,781257,781357,257.452000,257.785000
124,3237,3237,4ca5943,821000,821326,844834,844934,23.508000,23.834000
124,5830,5830,56c6943,838247,838581,893370,893470,54.789000,55.123000
124,2390,2390,4956943,881204,881538,916296,916396,34.758000,35.092000
124,2231,2231,48b7940,757302,757628,922184,922284,164.556000,164.882000
124,1191,1191,44a7942,918095,918421,926981,927081,8.560000,8.886000
124,3892,3892,4f34941,916680,917014,933751,933851,16.737000,17.071000
124,4340,4340,50f4943,851605,851939,939502,939602,87.563000,87.897000
124,2967,2967,4b97943,984871,985197,1003013,1003113,17.816000,18.142000
124,5255,5255,5487942,1048983,1049309,1057720,1057820,8.411000,8.737000
124,2613,2613,4a35943,1058881,1059207,1067947,1068047,8.740000,9.066000
124,3220,3220,4c94942,1070905,1071239,1079449,1079549,8.210000,8.544000
124,4247,4247,5097942,1107940,1108266,1123975,1124075,15.709000,16.035000
124,1606,1606,4646941,1167402,1167736,1186443,1186543,18.707000,19.041000
124,2500,2500,49c4941,1173163,1173497,1199391,1199491,25.894000,26.228000
124,6244,6244,5864943,1170031,1170365,1205144,1205244,34.779000,35.113000
124,4775,4775,52a7942,1284909,1285235,1304278,1304378,19.043000,19.369000
124,4023,4023,4fb7943,1371383,1371709,1380426,1380526,8.717000,9.043000
124,5140,5140,5414942,1410872,1411206,1423276,1423376,12.070000,12.404000
124,6020,6020,5784943,1463680,1464014,1472688,1472788,8.674000,9.008000
124,3830,3830,4ef6942,1483249,1483583,1491818,1491918,8.235000,8.569000
124,4727,4727,5277943,1586626,1586952,1595489,1595589,8.537000,8.863000
124,6183,6183,5827941,1607162,1607488,1615976,1616076,8.488000,8.814000
124,4439,4439,5157943,1708399,1708725,1744765,1744865,36.040000,36.366000
124,3286,3286,4cd6941,1898621,1898955,1907459,1907559,8.504000,8.838000
124,4822,4822,52d6941,2183621,2183955,2192514,2192614,8.559000,8.893000
125,3479,3479,4d97942,79265,79591,92443,92543,12.852000,13.178000
125,5974,5974,5756942,80504,80838,97285,97385,16.447000,16.781000
125,4358,4358,5106942,112997,113331,141007,141107,27.676000,28.010000
125,279,279,4117942,124757,125083,147071,147171,21.988000,22.314000
125,149,149,4095943,106856,107182,152502,152602,45.320000,45.646000
125,1733,1733,46c5940,138077,138403,157023,157123,18.620000,18.946000
125,3495,3495,4da7943,140801,141127,161881,161981,20.754000,21.080000
125,743,743,42e7943,134147,134473,173398,173498,38.925000,39.251000
125,2885,2885,4b45940,168060,168386,178238,178338,9.852000,10.178000
125,5429,5429,5535940,60983,61309,184918,185018,123.609000,123.935000
125,5621,5621,55f5943,135797,136123,190747,190847,54.624000,54.950000
125,3509,3509,4db5940,157468,157794,221369,221469,63.575000,63.901000
125,806,806,4326943,100513,100847,238919,239019,138.072000,138.406000
125,470,470,41d6941,189923,190257,243450,243550,53.193000,53.527000
125,725,725,42d5941,233420,233746,254912,255012,21.166000,21.492000
125,2871,2871,4b37941,187982,188308,261929,262030,73.621000,73.947000
125,5381,5381,5505940,175546,175872,285031,285131,109.159000,109.485000
125,6341,6341,58c5943,120060,120386,325663,325763,205.277000,205.603000
125,1893,1893,4765941,359270,359596,365818,365918,6.222000,6.548000
125,3734,3734,4e96943,353613,353947,382179,382279,28.232000,28.566000
125,1061,1061,4425940,291536,291862,398309,398409,106.447000,106.773000
125,965,965,43c5940,427121,427447,451642,451742,24.195000,24.521000
125,485,485,41e5943,424602,424928,456505,456605,31.577000,31.903000
125,1781,1781,46f5941,427077,427403,462295,462395,34.892000,35.218000
125,2997,2997,4bb5941,487236,487562,495835,495935,8.273000,8.599000
125,2981,2981,4ba5942,477310,477636,512204,512305,34.568000,34.894000
125,4199,4199,5067941,495292,495618,529825,529925,34.207000,34.533000
125,5045,5045,53b5943,441563,441889,538009,538109,96.120000,96.446000
125,5189,5189,5445941,449255,449581,549539,549639,99.958000,100.284000
125,197,197,40c5943,576399,576725,587668,587768,10.943000,11.269000
125,2693,2693,4a85943,554239,554565,606174,606274,51.609000,51.935000
125,2261,2261,48d5943,551078,551404,614096,614196,62.692000,63.018000
125,2438,2438,4986940,611486,611820,619599,619699,7.779000,8.113000
125,5735,5735,5667940,547817,548143,629246,629346,81.103000,81.429000
125,101,101,4065943,598367,598693,640743,640843,42.050000,42.376000
125,3718,3718,4e86943,579025,579359,657937,658037,78.578000,78.912000
125,2806,2806,4af6942,571169,571503,669461,669561,97.958000,98.292000
125,5717,5717,5655941,613522,613848,680960,681060,67.112000,67.438000
125,1815,1815,4717943,669378,669704,710209,710309,40.505000,40.831000
125,3317,3317,4cf5941,720259,720585,732626,732726,12.041000,12.367000
125,4181,4181,5055942,736230,736556,745295,745395,8.739000,9.065000
125,5493,5493,5575942,737392,737718,780302,780402,42.584000,42.910000
125,5573,5573,55c5943,770106,770432,786061,786161,15.629000,15.955000
125,4215,4215,5077943,586925,587251,795420,795520,208.169000,208.495000
125,4502,4502,5196941,796039,796373,839075,839175,42.702000,43.036000
125,3238,3238,4ca6943,835105,835439,881862,881962,46.423000,46.757000
125,5831,5831,56c7943,845266,845592,904820,904920,59.228000,59.554000
125,4341,4341,50f5943,858504,858830,910557,910657,51.727000,52.053000
125,2391,2391,4957943,888158,888484,928031,928131,39.547000,39.873000
125,3893,3893,4f35941,926534,926860,947660,947760,20.800000,21.126000
125,214,214,40d6943,673157,673491,1008742,1008842,335.251000,335.585000
125,2614,2614,4a36943,1065874,1066208,1074907,1075007,8.699000,9.033000
125,5798,5798,56a6940,1110932,1111266,1138920,1139020,27.654000,27.988000
125,3221,3221,4c95942,1077882,1078208,1144819,1144919,66.611000,66.937000
125,1607,1607,4647941,1184639,1184965,1193614,1193714,8.649000,8.975000
125,2501,2501,49c5941,1196136,1196462,1210899,1210999,14.437000,14.763000
125,6245,6245,5865943,1189504,1189830,1216685,1216785,26.855000,27.181000
125,5141,5141,5415942,1417869,1418195,1430313,1430413,12.118000,12.444000
125,6021,6021,5785943,1470710,1471036,1479779,1479879,8.743000,9.069000
125,3831,3831,4ef7942,1490278,1490604,1498833,1498933,8.229000,8.555000
125,3287,3287,4cd7941,1905546,1905872,1914380,1914480,8.508000,8.834000
125,4823,4823,52d7941,2190546,2190872,2199372,2199472,8.500000,8.826000
126,5430,5430,5536940,67969,68303,88154,88254,19.851000,20.185000
126,5975,5975,5757942,87468,87794,105722,105822,17.928000,18.254000
126,4359,4359,5107942,119940,120266,128861,128961,8.595000,8.921000
126,150,150,4096943,128751,129085,137718,137818,8.633000,8.967000
126,662,662,4296940,150616,150950,157284,157384,6.334000,6.668000
126,2886,2886,4b46940,174979,175313,184001,184101,8.688000,9.022000
126,471,471,41d7941,196928,197254,211719,211819,14.465000,14.791000
126,5622,5622,55f6943,142871,143205,238744,238844,95.539000,95.873000
126,326,326,4146941,121971,122305,244760,244860,122.455000,122.789000
126,3510,3510,4db6940,168977,169311,256308,256407,86.997000,87.331000
126,1734,1734,46c6940,145084,145418,262104,262205,116.686000,117.020000
126,807,807,4327943,107563,107889,279407,279507,171.518000,171.844000
126,5702,5702,5646942,226637,226971,285204,285304,58.233000,58.567000
126,5382,5382,5506940,187544,187878,296731,296831,108.853000,109.187000
126,726,726,42d6941,240538,240872,319853,319953,78.981000,79.315000
126,6342,6342,58c6943,127074,127408,349078,349178,221.670000,222.004000
126,1894,1894,4766941,366290,366624,372826,372926,6.202000,6.536000
126,3735,3735,4e97943,360658,360984,378333,378433,17.349000,17.675000
126,1286,1286,4506940,255069,255403,383259,383359,127.856000,128.190000
126,86,86,4056940,289405,289739,397075,397175,107.336000,107.670000
126,1062,1062,4426940,370616,370950,444474,444574,73.524000,73.858000
126,966,966,43c6940,434157,434491,457510,457610,23.019000,23.353000
126,486,486,41e6943,453779,454113,462657,462757,8.544000,8.878000
126,1782,1782,46f6941,459468,459802,468472,468572,8.670000,9.004000
126,2998,2998,4bb6941,494240,494574,502874,502974,8.300000,8.634000
126,2982,2982,4ba6942,496226,496560,520379,520478,23.819000,24.153000
126,5046,5046,53b6943,483489,483823,551619,551719,67.796000,68.130000
126,5190,5190,5446941,456400,456734,565426,565526,108.692000,109.026000
126,198,198,40c6943,583385,583719,587675,587775,3.956000,4.290000
126,2694,2694,4a86943,586711,587045,623602,623702,36.557000,36.891000
126,2439,2439,4987940,618471,618797,628146,628246,9.349000,9.675000
126,38,38,4026940,576830,577164,633062,633162,55.898000,56.232000
126,2262,2262,48d6943,565240,565574,637624,637724,72.050000,72.384000
126,5718,5718,5656941,660750,661084,680760,680860,19.676000,20.010000
126,2807,2807,4af7942,613013,613339,698488,698588,85.149000,85.475000
126,6230,6230,5856943,652775,653109,704232,704332,51.123000,51.457000
126,102,102,4066943,605488,605822,721923,722023,116.101000,116.435000
126,3318,3318,4cf6941,727314,727648,739669,739769,12.021000,12.355000
126,4182,4182,5056942,743208,743542,752338,752438,8.796000,9.130000
126,6374,6374,58e6941,757273,757607,780251,780351,22.644000,22.978000
126,3878,3878,4f26940,780324,780658,797548,797648,16.890000,17.224000
126,5494,5494,5576942,744427,744761,803295,803395,58.534000,58.868000
126,5574,5574,55c6943,780459,780793,809025,809125,28.232000,28.566000
126,3719,3719,4e87943,586055,586381,837703,837803,251.322000,251.648000
126,182,182,40b6943,820370,820704,856220,856320,35.516000,35.850000
126,4503,4503,5197941,819948,820274,862286,862386,42.012000,42.338000
126,3239,3239,4ca7943,870360,870686,887784,887884,17.098000,17.424000
126,4342,4342,50f6943,899075,899409,950239,950339,50.830000,51.164000
126,3894,3894,4f36941,933696,934030,961798,961898,27.768000,28.102000
126,215,215,40d7943,680211,680537,1014420,1014520,333.883000,334.209000
126,2615,2615,4a37943,1072822,1073148,1081944,1082044,8.796000,9.122000
126,1574,1574,4626941,1021156,1021490,1086866,1086966,65.376000,65.710000
126,3222,3222,4c96942,1120282,1120616,1128927,1129027,8.311000,8.645000
126,5799,5799,56a7940,1133399,1133725,1150711,1150811,16.986000,17.312000
126,2502,2502,49c6941,1203120,1203454,1216878,1216978,13.424000,13.758000
126,6246,6246,5866943,1206692,1207026,1222622,1222722,15.596000,15.930000
126,2294,2294,48f6941,1296526,1296860,1315069,1315169,18.209000,18.543000
126,5142,5142,5416942,1424894,1425228,1437352,1437452,12.124000,12.458000
126,6022,6022,5786943,1477772,1478106,1486843,1486943,8.737000,9.071000
127,5431,5431,5537940,79707,80033,99797,99897,19.764000,20.090000
127,663,663,4297940,157551,157877,164147,164247,6.270000,6.596000
127,327,327,4147941,145744,146070,168710,168810,22.640000,22.966000
127,151,151,4097943,135659,135985,173625,173725,37.640000,37.966000
127,2887,2887,4b47940,181949,182275,191026,191126,8.751000,9.077000
127,3511,3511,4db7940,177033,177359,221546,221646,44.187000,44.513000
127,5623,5623,55f7943,149894,150220,273647,273747,123.427000,123.753000
127,1735,1735,46c7940,243725,244051,290945,291045,46.894000,47.220000
127,5703,5703,5647942,237385,237711,302545,302645,64.834000,65.160000
127,5383,5383,5507940,194635,194961,314063,314163,119.102000,119.428000
127,727,727,42d7941,247543,247869,331527,331627,83.658000,83.984000
127,6343,6343,58c7943,134052,134378,366566,366666,232.188000,232.514000
127,1895,1895,4767941,373304,373630,383812,383912,10.182000,10.508000
127,87,87,4057940,338584,338910,404086,404186,65.176000,65.502000
127,1063,1063,4427940,377630,377956,451394,451494,73.438000,73.764000
127,967,967,43c7940,441134,441460,463308,463408,21.848000,22.174000
127,487,487,41e7943,460747,461073,474272,474372,13.199000,13.525000
127,1783,1783,46f7941,466463,466789,483628,483728,16.839000,17.165000
127,2999,2999,4bb7941,501245,501571,509764,509864,8.193000,8.519000
127,5191,5191,5447941,488248,488574,514616,514716,26.042000,26.368000
127,2983,2983,4ba7942,503235,503561,526266,526366,22.705000,23.031000
127,5047,5047,53b7943,490419,490745,532056,532156,41.311000,41.637000
127,1287,1287,4507940,266185,266511,537800,537900,271.289000,271.615000
127,199,199,40c7943,588812,589138,593484,593584,4.346000,4.672000
127,2695,2695,4a87943,593719,594045,638848,638948,44.803000,45.129000
127,2263,2263,48d7943,572281,572607,644617,644717,72.010000,72.336000
127,39,39,4027940,583853,584179,668032,668132,83.853000,84.179000
127,5719,5719,5657941,667718,668044,692687,692787,24.643000,24.969000
127,6231,6231,5857943,659758,660084,727706,727806,67.622000,67.948000
127,103,103,4067943,612525,612851,745487,745587,132.636000,132.962000
127,3319,3319,4cf7941,734296,734622,751302,751402,16.680000,17.006000
127,4183,4183,5057942,750174,750500,759266,759366,8.766000,9.092000
127,6375,6375,58e7941,767650,767976,791792,791892,23.816000,24.142000
127,3879,3879,4f27940,791864,792190,814762,814862,22.572000,22.898000
127,5495,5495,5577942,751461,751787,820494,820594,68.707000,69.033000
127,5575,5575,55c7943,791973,792299,826224,826324,33.925000,34.251000
127,183,183,40b7943,849248,849574,868034,868134,18.460000,18.786000
127,4343,4343,50f7943,906080,906406,940611,940711,34.205000,34.531000
127,3895,3895,4f37941,940701,941027,953517,953617,12.490000,12.816000
127,1575,1575,4627941,1028203,1028529,1108064,1108164,79.535000,79.861000
127,3223,3223,4c97942,1127257,1127583,1135874,1135974,8.291000,8.617000
127,2503,2503,49c7941,1210081,1210407,1228408,1228508,18.001000,18.327000
127,6247,6247,5867943,1213731,1214057,1234220,1234320,20.163000,20.489000
127,2295,2295,48f7941,1309567,1309893,1322037,1322137,12.144000,12.470000
127,5143,5143,5417942,1431891,1432217,1444381,1444481,12.164000,12.490000
127,6023,6023,5787943,1484802,1485128,1493820,1493920,8.692000,9.018000
128,4136,4136,5028940,76002,76336,84754,84854,8.418000,8.752000
128,2552,2552,49f8942,132878,133212,197729,197829,64.517000,64.851000
128,4040,4040,4fc8941,277476,277810,284145,284245,6.335000,6.669000
128,56,56,4038941,218101,218435,354356,354456,135.921000,136.255000
128,2024,2024,47e8941,233434,233768,360309,360409,126.541000,126.875000
128,4328,4328,50e8943,266110,266444,366115,366215,99.671000,100.005000
128,1016,1016,43f8942,236152,236486,383980,384080,147.494000,147.828000
128,5336,5336,54d8941,428484,428818,443476,443576,14.658000,14.992000
128,360,360,4168943,287485,287819,453564,453664,165.745000,166.079000
128,3016,3016,4bc8942,368332,368666,459306,459406,90.640000,90.974000
128,344,344,4158943,447784,448118,481247,481347,33.129000,33.463000
128,3848,3848,4f08940,457161,457495,524278,524378,66.783000,67.117000
128,5416,5416,5528943,571348,571682,580024,580124,8.342000,8.676000
128,1352,1352,4548942,566926,567260,585567,585667,18.307000,18.641000
128,1496,1496,45d8942,503287,503621,615782,615882,112.161000,112.495000
128,2280,2280,48e8941,617853,618187,633769,633869,15.582000,15.916000
128,4568,4568,51d8942,559313,559647,639796,639896,80.149000,80.483000
128,3560,3560,4de8942,634940,635274,656962,657062,21.688000,22.022000
128,5816,5816,56b8940,653836,654170,668408,668508,14.238000,14.572000
128,2360,2360,4938940,681287,681621,699404,699504,17.783000,18.117000
128,632,632,4278943,575589,575923,741799,741899,165.876000,166.210000
128,5176,5176,5438941,748299,748633,759566,759666,10.933000,11.267000
128,2840,2840,4b18943,808664,808998,817465,817565,8.467000,8.801000
128,1000,1000,43e8942,665357,665691,822308,822408,156.617000,156.951000
128,1400,1400,4578940,762520,762854,861378,861478,98.524000,98.858000
128,4904,4904,5328940,852701,853035,866247,866347,13.212000,13.546000
128,2408,2408,4968942,869320,869654,878008,878108,8.354000,8.688000
128,2376,2376,4948940,607558,607892,938034,938134,330.142000,330.476000
128,1928,1928,4788943,935797,936131,985747,985847,49.616000,49.950000
128,5768,5768,5688942,969853,970187,992823,992923,22.636000,22.970000
128,3992,3992,4f98941,707004,707338,1005323,1005423,297.985000,298.319000
128,5096,5096,53e8943,819590,819924,1018974,1019074,199.050000,199.384000
128,4424,4424,5148942,992266,992600,1062185,1062285,69.585000,69.919000
128,4280,4280,50b8942,1091679,1092013,1126291,1126391,34.278000,34.612000
128,4520,4520,51a8940,1124095,1124429,1186403,1186503,61.974000,62.308000
128,6280,6280,5888941,1205983,1206317,1215002,1215102,8.685000,9.019000
128,5960,5960,5748941,1089816,1090150,1220783,1220883,130.633000,130.967000
128,5080,5080,53d8942,1297925,1298259,1316454,1316554,18.195000,18.529000
128,6328,6328,58b8943,1415566,1415900,1431547,1431647,15.647000,15.981000
128,5912,5912,5718942,1554469,1554803,1566847,1566947,12.044000,12.378000
128,5352,5352,54e8942,1977063,1977397,1985996,1986096,8.599000,8.933000
129,4137,4137,5029940,83025,83351,91747,91847,8.396000,8.722000
129,2104,2104,4838941,135122,135456,147943,148043,12.487000,12.821000
129,5640,5640,5608940,143705,144039,162674,162774,18.635000,18.969000
129,1368,1368,4558940,154319,154653,174199,174299,19.546000,19.880000
129,312,312,4138942,143985,144319,186067,186167,41.748000,42.082000
129,2553,2553,49f9942,146944,147270,209133,209233,61.863000,62.189000
129,4041,4041,4fc9941,284439,284765,291084,291184,6.319000,6.645000
129,2025,2025,47e9941,240347,240673,372222,372322,131.549000,131.875000
129,57,57,4039941,228431,228757,378184,378284,149.427000,149.753000
129,5400,5400,5518943,329350,329684,389786,389886,60.102000,60.436000
129,1017,1017,43f9942,320456,320782,396005,396105,75.223000,75.549000
129,3017,3017,4bc9942,393054,393380,447823,447923,54.443000,54.769000
129,4329,4329,50e9943,277798,278124,470804,470904,192.680000,193.006000
129,361,361,4169943,299060,299386,476781,476881,177.395000,177.721000
129,345,345,4159943,479433,479759,488113,488213,8.354000,8.680000
129,3849,3849,4f09940,464212,464538,531400,531500,66.862000,67.188000
129,3624,3624,4e28941,525704,526038,553499,553599,27.461000,27.795000
129,5337,5337,54d9941,435519,435845,559432,559532,123.587000,123.913000
129,1336,1336,4538943,551881,552215,565217,565317,13.002000,13.336000
129,5417,5417,5529943,578324,578650,591940,592040,13.290000,13.616000
129,1497,1497,45d9942,615953,616279,622655,622755,6.376000,6.702000
129,1353,1353,4549942,581099,581425,645513,645613,64.088000,64.414000
129,2281,2281,48e9941,624783,625109,651275,651375,26.166000,26.492000
129,4569,4569,51d9942,599648,599974,662721,662821,62.747000,63.073000
129,3561,3561,4de9942,641986,642312,668476,668576,26.164000,26.490000
129,5817,5817,56b9940,663248,663574,675508,675608,11.934000,12.260000
129,2361,2361,4939940,688317,688643,706448,706548,17.805000,18.131000
129,5177,5177,5439941,755328,755654,766583,766683,10.929000,11.255000
129,4872,4872,5308943,766537,766871,779088,779188,12.217000,12.551000
129,904,904,4388942,773834,774168,790142,790242,15.974000,16.308000
129,633,633,4279943,652849,653175,796928,797028,143.753000,144.079000
129,2841,2841,4b19943,815639,815965,824412,824512,8.447000,8.773000
129,1401,1401,4579940,831297,831623,868324,868424,36.701000,37.027000
129,4905,4905,5329940,859785,860111,873215,873315,13.104000,13.430000
129,1001,1001,43e9942,672334,672660,879040,879140,206.380000,206.706000
129,2409,2409,4969942,878059,878385,884852,884952,6.467000,6.793000
129,2377,2377,4949940,618641,618967,952218,952318,333.251000,333.577000
129,5769,5769,5689942,987383,987709,1004768,1004868,17.059000,17.385000
129,3993,3993,4f99941,714056,714382,1011225,1011325,296.843000,297.169000
129,1929,1929,4789943,942793,943119,1043536,1043636,100.417000,100.743000
129,5097,5097,53e9943,830683,831009,1056447,1056547,225.438000,225.764000
129,4425,4425,5149942,1047841,1048167,1067927,1068027,19.760000,20.086000
129,4152,4152,5038941,1062841,1063175,1082153,1082253,18.978000,19.312000
129,5368,5368,54f8943,1007432,1007766,1132196,1132296,124.430000,124.764000
129,4281,4281,50b9942,1100893,1101219,1149736,1149836,48.517000,48.843000
129,4521,4521,51a9940,1170161,1170487,1193297,1193397,22.810000,23.136000
129,6281,6281,5889941,1213060,1213386,1226565,1226665,13.179000,13.505000
129,5961,5961,5749941,1101238,1101564,1238211,1238311,136.647000,136.973000
129,5081,5081,53d9942,1314511,1314837,1323453,1323553,8.616000,8.942000
129,6329,6329,58b9943,1429666,1429992,1438529,1438629,8.537000,8.863000
129,5913,5913,5719942,1561404,1561730,1573912,1574012,12.182000,12.508000
129,5353,5353,54e9942,1984039,1984365,1993023,1993123,8.658000,8.984000
130,4138,4138,502a940,90101,90435,98853,98953,8.418000,8.752000
130,2105,2105,4839941,142186,142512,161421,161521,18.909000,19.235000
130,5641,5641,5609940,150674,151000,180118,180218,29.118000,29.444000
130,2554,2554,49fa942,176933,177267,191885,191985,14.618000,14.952000
130,616,616,4268940,157345,157679,197666,197766,39.987000,40.321000
130,1369,1369,4559940,161283,161609,203472,203572,41.863000,42.189000
130,696,696,42b8940,153307,153641,214966,215066,61.325000,61.659000
130,6120,6120,57e8941,230713,231047,290648,290748,59.601000,59.935000
130,4042,4042,4fca941,291380,291714,302135,302235,10.421000,10.755000
130,313,313,4139942,151458,151784,325187,325287,173.403000,173.729000
130,2344,2344,4928941,210769,211103,336658,336758,125.555000,125.889000
130,362,362,416a943,306141,306475,358262,358362,51.787000,52.121000
130,2328,2328,4918941,376358,376692,401798,401898,25.106000,25.440000
130,2026,2026,47ea941,257376,257710,407540,407640,149.830000,150.164000
130,58,58,403a941,285176,285510,419101,419201,133.591000,133.925000
130,1018,1018,43fa942,384316,384650,424818,424918,40.168000,40.502000
130,3160,3160,4c58943,372314,372648,447891,447991,75.243000,75.577000
130,3304,3304,4ce8942,274204,274538,482764,482864,208.226000,208.560000
130,346,346,415a943,486525,486859,495244,495344,8.385000,8.719000
130,4330,4330,50ea943,323500,323834,535817,535917,211.983000,212.317000
130,3850,3850,4f0a940,526211,526545,540303,540403,13.758000,14.092000
130,5401,5401,5519943,339674,340000,563728,563828,223.728000,224.054000
130,1337,1337,4539943,558957,559283,571077,571177,11.794000,12.120000
130,3625,3625,4e29941,539885,540211,576856,576956,36.645000,36.971000
130,4680,4680,5248941,511816,512150,581342,581442,69.192000,69.526000
130,5338,5338,54da941,445472,445806,586140,586240,140.334000,140.668000
130,2040,2040,47f8940,508255,508589,590673,590773,82.084000,82.418000
130,1498,1498,45da942,622878,623212,629907,630007,6.695000,7.029000
130,1354,1354,454a942,599325,599659,657355,657455,57.696000,58.030000
130,4570,4570,51da942,606709,607043,668723,668823,61.680000,62.014000
130,2282,2282,48ea941,638834,639168,680439,680539,41.271000,41.605000
130,5818,5818,56ba940,670302,670636,684948,685048,14.312000,14.646000
130,3562,3562,4dea942,654612,654946,707118,707218,52.172000,52.506000
130,2362,2362,493a940,704482,704816,718606,718706,13.790000,14.124000
130,4873,4873,5309943,773470,773796,785947,786047,12.151000,12.477000
130,905,905,4389942,780880,781206,796064,796164,14.858000,15.184000
130,2842,2842,4b1a943,822658,822992,831443,831543,8.451000,8.785000
130,634,634,427a943,692467,692801,843752,843852,150.951000,151.285000
130,4906,4906,532a940,866838,867172,878030,878130,10.858000,11.192000
130,1402,1402,457a940,866297,866631,885164,885264,18.533000,18.867000
130,2410,2410,496a942,884985,885319,891900,892000,6.581000,6.915000
130,5770,5770,568a942,994340,994674,1010778,1010878,16.104000,16.438000
130,5098,5098,53ea943,838297,838631,1036547,1036647,197.916000,198.250000
130,1930,1930,478a943,961387,961721,1050715,1050815,88.994000,89.328000
130,5304,5304,54b8940,979878,980212,1062411,1062511,82.199000,82.533000
130,5928,5928,5728940,979004,979338,1068234,1068334,88.896000,89.230000
130,4426,4426,514a942,1064272,1064606,1074089,1074189,9.483000,9.817000
130,3994,3994,4f9a941,1009656,1009990,1079896,1079996,69.906000,70.240000
130,2378,2378,494a940,625678,626012,1120538,1120638,494.526000,494.860000
130,5369,5369,54f9943,1014468,1014794,1155660,1155760,140.866000,141.192000
130,4282,4282,50ba942,1118133,1118467,1161548,1161648,43.081000,43.415000
130,4153,4153,5039941,1069878,1070204,1214138,1214238,143.934000,144.260000
130,4522,4522,51aa940,1191661,1191995,1232499,1232599,40.504000,40.838000
130,5962,5962,574a941,1171489,1171823,1249933,1250033,78.110000,78.444000
130,4936,4936,5348940,1323053,1323387,1357896,1357996,34.509000,34.843000
130,5914,5914,571a942,1568414,1568748,1581015,1581115,12.267000,12.601000
130,5354,5354,54ea942,1991080,1991414,2000123,2000223,8.709000,9.043000
131,4139,4139,502b940,97124,97450,105846,105946,8.396000,8.722000
131,5896,5896,5708942,89371,89705,110689,110789,20.984000,21.318000
131,1800,1800,4708943,101537,101871,119159,119259,17.288000,17.622000
131,5112,5112,53f8942,143218,143552,155656,155756,12.104000,12.438000
131,5642,5642,560a940,157625,157959,186109,186209,28.150000,28.484000
131,617,617,4269940,192731,193057,209240,209340,16.183000,16.509000
131,2555,2555,49fb942,185261,185587,226455,226555,40.868000,41.194000
131,3928,3928,4f58942,151156,151490,249439,249539,97.949000,98.283000
131,3208,3208,4c88943,237258,237592,253948,254048,16.356000,16.690000
131,1370,1370,455a940,168229,168563,258768,258868,90.205000,90.539000
131,6121,6121,57e9941,237716,238042,268521,268621,30.479000,30.805000
131,1464,1464,45b8943,184082,184416,273364,273464,88.948000,89.282000
131,4043,4043,4fcb941,298343,298669,313644,313744,14.975000,15.301000
131,697,697,42b9940,168807,169133,342437,342537,173.304000,173.630000
131,2345,2345,4929941,222257,222583,348163,348263,125.580000,125.906000
131,4331,4331,50eb943,336303,336629,352673,352773,16.044000,16.370000
131,2027,2027,47eb941,264344,264670,368120,368220,103.450000,103.776000
131,363,363,416b943,313182,313508,372963,373063,59.455000,59.781000
131,314,314,413a942,158410,158744,378689,378789,219.945000,220.279000
131,4488,4488,5188943,308404,308738,384598,384698,75.860000,76.194000
131,1176,1176,4498942,386448,386782,395423,395523,8.641000,8.975000
131,2329,2329,4919941,390562,390888,413339,413439,22.451000,22.777000
131,1019,1019,43fb942,391397,391723,436388,436488,44.665000,44.991000
131,3161,3161,4c59943,379239,379565,465342,465442,85.777000,86.103000
131,59,59,403b941,365274,365600,488592,488692,122.992000,123.318000
131,3305,3305,4ce9942,442821,443147,494344,494444,51.197000,51.523000
131,347,347,415b943,493573,493899,502236,502336,8.337000,8.663000
131,3912,3912,4f48941,490809,491143,507119,507219,15.976000,16.310000
131,3851,3851,4f0b940,533262,533588,545884,545984,12.296000,12.622000
131,120,120,4078940,566510,566844,575189,575289,8.345000,8.679000
131,2041,2041,47f9940,515259,515584,596267,596367,80.683000,81.008000
131,3626,3626,4e2a941,554026,554360,601130,601230,46.770000,47.104000
131,5402,5402,551a943,391487,391821,612693,612793,220.872000,221.206000
131,4681,4681,5249941,526070,526396,635692,635792,109.296000,109.622000
131,1499,1499,45db942,629818,630144,641524,641624,11.380000,11.706000
131,5339,5339,54db941,475604,475930,651435,651535,175.505000,175.831000
131,4571,4571,51db942,641929,642255,674716,674816,32.461000,32.787000
131,5032,5032,53a8940,593136,593470,679500,679600,86.030000,86.364000
131,2283,2283,48eb941,645759,646085,686231,686331,40.146000,40.472000
131,5819,5819,56bb940,677346,677672,690763,690863,13.091000,13.417000
131,1355,1355,454b942,629220,629546,695615,695715,66.069000,66.395000
131,3563,3563,4deb942,661658,661984,724365,724465,62.381000,62.707000
131,2363,2363,493b940,711469,711795,747261,747361,35.466000,35.792000
131,648,648,4288943,703220,703554,753388,753488,49.834000,50.168000
131,2056,2056,4808941,740760,741094,758878,758978,17.784000,18.118000
131,4874,4874,530a943,780559,780893,793044,793144,12.151000,12.485000
131,3400,3400,4d48943,741569,741903,798806,798906,56.903000,57.237000
131,2843,2843,4b1b943,829633,829959,838412,838512,8.453000,8.779000
131,5592,5592,55d8943,799652,799986,849522,849622,49.536000,49.870000
131,635,635,427b943,699511,699837,855305,855405,155.468000,155.794000
131,4907,4907,532b940,873767,874093,883991,884091,9.898000,10.224000
131,1403,1403,457b940,876499,876825,892166,892266,15.341000,15.667000
131,2411,2411,496b942,891929,892255,898734,898834,6.479000,6.805000
131,2379,2379,494b940,725380,725706,992898,992998,267.192000,267.518000
131,1931,1931,478b943,980499,980825,999736,999836,18.911000,19.237000
131,5771,5771,568b942,1001318,1001644,1027590,1027691,25.946000,26.272000
131,3995,3995,4f9b941,1061126,1061452,1069718,1069818,8.266000,8.592000
131,4427,4427,514b942,1071365,1071691,1085695,1085795,14.004000,14.330000
131,5305,5305,54b9940,1009979,1010305,1097285,1097385,86.980000,87.306000
131,5099,5099,53eb943,845350,845676,1108823,1108923,263.147000,263.473000
131,5929,5929,5729940,987284,987610,1143947,1144047,156.337000,156.663000
131,4154,4154,503a941,1084032,1084366,1167371,1167471,83.005000,83.339000
131,4283,4283,50bb942,1137069,1137395,1173259,1173359,35.864000,36.190000
131,4523,4523,51ab940,1198599,1198925,1244168,1244268,45.243000,45.569000
131,5963,5963,574b941,1178489,1178815,1261675,1261775,82.860000,83.186000
131,4937,4937,5349940,1336184,1336510,1364895,1364995,28.385000,28.711000
131,5915,5915,571b942,1575398,1575724,1588121,1588221,12.397000,12.723000
131,5355,5355,54eb942,1998056,1998382,2007091,2007191,8.709000,9.035000
132,4784,4784,52b0940,37051,37385,46012,46112,8.627000,8.961000
132,4140,4140,502c940,104200,104534,112913,113013,8.379000,8.713000
132,224,224,40e0941,67051,67385,118433,118533,51.048000,51.382000
132,5897,5897,5709942,103085,103411,124602,124702,21.191000,21.517000
132,1801,1801,4709943,108462,108788,142351,142451,33.563000,33.889000
132,5113,5113,53f9942,150195,150521,169783,169883,19.262000,19.588000
132,5643,5643,560b940,164712,165038,183935,184035,18.897000,19.223000
132,3056,3056,4bf0941,133051,133385,189652,189752,56.267000,56.601000
132,3929,3929,4f59942,158133,158459,214818,214918,56.359000,56.685000
132,2528,2528,49e0942,205051,205385,219339,219439,13.954000,14.288000
132,1371,1371,455b940,201352,201678,235671,235771,33.993000,34.319000
132,698,698,42ba940,180801,181135,255832,255932,74.697000,75.031000
132,3209,3209,4c89943,244254,244580,265968,266068,21.388000,21.714000
132,6122,6122,57ea941,251555,251889,277067,277167,25.178000,25.512000
132,1465,1465,45b9943,191077,191403,281926,282026,90.523000,90.849000
132,2556,2556,49fc942,199400,199734,293408,293508,93.674000,94.008000
132,4044,4044,4fcc941,308014,308348,321498,321598,13.150000,13.484000
132,4332,4332,50ec943,343250,343584,358373,358473,14.789000,15.123000
132,3864,3864,4f18943,358426,358760,371120,371220,12.360000,12.694000
132,2136,2136,4858943,301073,301407,383915,384015,82.508000,82.842000
132,2028,2028,47ec941,271386,271720,388767,388867,117.047000,117.381000
132,315,315,413b942,165370,165696,407527,407627,241.831000,242.157000
132,1020,1020,43fc942,406847,407181,419021,419121,11.840000,12.174000
132,408,408,4198943,418757,419091,425337,425437,6.246000,6.580000
132,4489,4489,5189943,315343,315669,445670,445770,130.001000,130.327000
132,1177,1177,4499942,393392,393718,450201,450301,56.483000,56.809000
132,2330,2330,491a941,397555,397889,455053,455153,57.164000,57.498000
132,1032,1032,4408941,396122,396456,460795,460895,64.339000,64.673000
132,3432,3432,4d68940,458320,458654,497600,497700,38.946000,39.280000
132,1520,1520,45f0940,456639,456973,503168,503268,46.195000,46.529000
132,60,60,403c941,396157,396491,512466,512566,115.975000,116.309000
132,3913,3913,4f49941,497739,498065,535301,535401,37.236000,37.562000
132,348,348,415c943,500634,500968,558298,558398,57.330000,57.664000
132,2568,2568,4a08942,520226,520559,563149,563249,42.590000,42.923000
132,5448,5448,5548943,559453,559787,576380,576480,16.593000,16.927000
132,3627,3627,4e2b941,564232,564558,581774,581874,17.216000,17.542000
132,121,121,4079940,573548,573874,586282,586382,12.408000,12.734000
132,2042,2042,47fa940,587227,587561,598183,598283,10.622000,10.956000
132,3852,3852,4f0c940,540357,540691,636081,636181,95.390000,95.724000
132,4682,4682,524a941,568951,569285,641863,641963,72.578000,72.912000
132,5403,5403,551b943,412532,412858,659225,659325,246.367000,246.693000
132,1356,1356,454c942,652300,652634,667891,667991,15.257000,15.591000
132,5340,5340,54dc941,496012,496346,673719,673819,177.373000,177.707000
132,4408,4408,5138941,659609,659943,678228,678328,18.285000,18.619000
132,5033,5033,53a9940,608784,609110,684936,685036,75.826000,76.152000
132,1500,1500,45dc942,636743,637077,689762,689862,52.685000,53.019000
132,2008,2008,47d8942,623989,624323,695547,695647,71.224000,71.558000
132,4572,4572,51dc942,648990,649324,701289,701389,51.965000,52.299000
132,5820,5820,56bc940,684400,684734,710266,710366,25.532000,25.866000
132,649,649,4289943,726289,726615,760957,761057,34.342000,34.668000
132,2057,2057,4809941,747886,748212,766541,766641,18.329000,18.655000
132,3564,3564,4dec942,700305,700639,791103,791203,90.464000,90.798000
132,2364,2364,493c940,718482,718816,808377,808477,89.561000,89.895000
132,3401,3401,4d49943,748605,748931,814156,814256,65.225000,65.551000
132,2844,2844,4b1c943,836652,836986,845313,845413,8.327000,8.661000
132,5593,5593,55d9943,806697,807023,872579,872679,65.556000,65.882000
132,4908,4908,532c940,880723,881057,885034,885134,3.977000,4.311000
132,636,636,427c943,752014,752348,895754,895854,143.406000,143.740000
132,1404,1404,457c940,890543,890877,900327,900427,9.450000,9.784000
132,2412,2412,496c942,898855,899189,907784,907884,8.595000,8.929000
132,1856,1856,4740940,902051,902385,942283,942383,39.898000,40.232000
132,4875,4875,530b943,787619,787945,972811,972911,184.866000,185.192000
132,4296,4296,50c8943,943797,944131,982330,982430,38.199000,38.533000
132,1932,1932,478c943,987561,987895,1016043,1016143,28.148000,28.482000
132,5100,5100,53ec943,969956,970290,1070636,1070736,100.346000,100.680000
132,3996,3996,4f9c941,1068148,1068482,1075167,1075267,6.685000,7.019000
132,5306,5306,54ba940,1073197,1073531,1084630,1084730,11.099000,11.433000
132,4428,4428,514c942,1078696,1079030,1090413,1090513,11.383000,11.717000
132,5772,5772,568c942,1008317,1008651,1130984,1131084,122.333000,122.667000
132,5930,5930,572a940,1058117,1058451,1150352,1150452,91.901000,92.235000
132,4155,4155,503b941,1137697,1138023,1162283,1162383,24.260000,24.586000
132,4284,4284,50bc942,1160515,1160849,1178920,1179020,18.071000,18.405000
132,936,936,43a8942,1116249,1116583,1183765,1183865,67.182000,67.516000
132,4524,4524,51ac940,1234145,1234479,1245413,1245513,10.934000,11.268000
132,5964,5964,574c941,1185494,1185828,1251255,1251355,65.427000,65.761000
132,5916,5916,571c942,1582408,1582742,1595158,1595258,12.416000,12.750000
132,3768,3768,4eb8942,1613063,1613397,1622367,1622467,8.970000,9.304000
132,6072,6072,57b8942,1689953,1690287,1702363,1702463,12.076000,12.410000
133,4785,4785,52b1940,43986,44312,52913,53013,8.601000,8.927000
133,1720,1720,46b8941,89716,90050,107352,107452,17.302000,17.636000
133,225,225,40e1941,91335,91661,118856,118956,27.195000,27.521000
133,4141,4141,502d940,111223,111549,123975,124075,12.426000,12.752000
133,1802,1802,470a943,115438,115772,162663,162763,46.891000,47.225000
133,5114,5114,53fa942,157178,157512,176776,176876,19.264000,19.598000
133,3057,3057,4bf1941,139976,140302,220586,220686,80.284000,80.610000
133,2529,2529,49e1942,212055,212381,225075,225175,12.694000,13.020000
133,699,699,42bb940,187770,188096,229934,230034,41.838000,42.164000
133,2557,2557,49fd942,226427,226753,238522,238622,11.769000,12.095000
133,1466,1466,45ba943,199636,199970,243344,243444,43.374000,43.708000
133,568,568,4238940,243109,243443,251784,251884,8.341000,8.675000
133,4045,4045,4fcd941,319557,319883,339198,339298,19.315000,19.641000
133,4333,4333,50ed943,350240,350566,364267,364367,13.701000,14.027000
133,3865,3865,4f19943,365341,365667,378343,378443,12.676000,13.002000
133,2137,2137,4859943,349944,350270,411900,412000,61.630000,61.956000
133,1021,1021,43fd942,418269,418595,430515,430615,11.920000,12.246000
133,409,409,4199943,425723,426049,435037,435137,8.988000,9.314000
133,6123,6123,57eb941,265509,265835,439874,439974,174.039000,174.365000
133,4490,4490,518a943,322387,322721,472314,472414,149.593000,149.927000
133,2029,2029,47ed941,278354,278680,489454,489554,210.774000,211.100000
133,1033,1033,4409941,424463,424789,495237,495337,70.448000,70.774000
133,2331,2331,491b941,404614,404940,506714,506814,101.774000,102.100000
133,3433,3433,4d69940,465297,465623,511224,511324,45.601000,45.927000
133,1178,1178,449a942,442518,442852,516812,516911,73.960000,74.294000
133,1521,1521,45f1940,468108,468434,522324,522425,53.890000,54.216000
133,61,61,403d941,449731,450057,529614,529714,79.557000,79.883000
133,2569,2569,4a09942,542680,543006,570264,570364,27.258000,27.584000
133,5449,5449,5549943,576421,576747,583281,583381,6.534000,6.860000
133,3914,3914,4f4a941,504781,505115,588150,588250,83.035000,83.369000
133,122,122,407a940,580608,580942,592637,592737,11.695000,12.029000
133,349,349,415d943,514643,514968,605398,605498,90.430000,90.755000
133,2043,2043,47fb940,594231,594557,609932,610032,15.375000,15.701000
133,1501,1501,45dd942,647632,647958,670708,670808,22.750000,23.076000
133,1357,1357,454d942,668088,668414,679477,679577,11.063000,11.389000
133,2009,2009,47d9942,635543,635869,707108,707208,71.239000,71.565000
133,5341,5341,54dd941,557604,557930,712898,712998,154.968000,155.294000
133,4409,4409,5139941,666631,666957,717390,717490,50.433000,50.759000
133,5821,5821,56bd940,691444,691770,722880,722980,31.110000,31.436000
133,4573,4573,51dd942,661456,661782,727733,727833,65.951000,66.277000
133,5608,5608,55e8940,698041,698375,745269,745369,46.894000,47.228000
133,650,650,428a943,758756,759090,772096,772196,13.006000,13.340000
133,3853,3853,4f0d940,547408,547734,779604,779704,231.870000,232.196000
133,3640,3640,4e38942,671963,672297,789821,789921,117.524000,117.858000
133,2365,2365,493d940,752219,752545,820346,820446,67.801000,68.127000
133,2845,2845,4b1d943,843627,843953,852382,852482,8.429000,8.755000
133,637,637,427d943,770428,770754,878407,878507,107.653000,107.979000
133,3565,3565,4ded942,708865,709191,884159,884259,174.968000,175.294000
133,5594,5594,55da943,853087,853421,889991,890091,36.570000,36.904000
133,4909,4909,532d940,886160,886486,894384,894484,7.898000,8.224000
133,1405,1405,457d940,897547,897873,906266,906366,8.393000,8.719000
133,2413,2413,496d942,905799,906125,914700,914800,8.575000,8.901000
133,4683,4683,524b941,575995,576321,924991,925091,348.670000,348.996000
133,1857,1857,4741940,909029,909355,948119,948219,38.764000,39.090000
133,4297,4297,50c9943,964368,964694,989379,989479,24.685000,25.011000
133,1933,1933,478d943,1001413,1001739,1027118,1027219,25.379000,25.705000
133,3997,3997,4f9d941,1075160,1075486,1081705,1081805,6.219000,6.545000
133,5307,5307,54bb940,1084887,1085213,1096231,1096331,11.018000,11.344000
133,4429,4429,514d942,1085789,1086115,1102057,1102157,15.942000,16.268000
133,5101,5101,53ed943,1014149,1014475,1110133,1110233,95.658000,95.984000
133,5773,5773,568d942,1021487,1021813,1144523,1144623,122.710000,123.036000
133,5931,5931,572b940,1065207,1065533,1167404,1167504,101.871000,102.197000
133,4285,4285,50bd942,1172247,1172573,1185939,1186039,13.366000,13.692000
133,937,937,43a9942,1135566,1135892,1190471,1190571,54.579000,54.905000
133,4525,4525,51ad940,1243499,1243825,1257019,1257119,13.194000,13.520000
133,5965,5965,574d941,1194921,1195247,1262801,1262901,67.554000,67.880000
133,5917,5917,571d942,1589392,1589718,1602254,1602354,12.536000,12.862000
133,3769,3769,4eb9942,1620039,1620365,1629034,1629134,8.669000,8.995000
133,6073,6073,57b9942,1696939,1697265,1709430,1709530,12.165000,12.491000
134,4786,4786,52b2940,50948,51282,59904,60004,8.622000,8.956000
134,2080,2080,4820941,81051,81385,98572,98672,17.187000,17.521000
134,1721,1721,46b9941,96682,97008,113237,113337,16.229000,16.555000
134,4142,4142,502e940,118299,118633,129655,129754,11.022000,11.356000
134,226,226,40e2941,112155,112489,169257,169357,56.768000,57.102000
134,1803,1803,470b943,122409,122735,186655,186755,63.920000,64.246000
134,2530,2530,49e2942,223443,223777,247038,247138,23.261000,23.595000
134,2704,2704,4a90942,239051,239385,251547,251647,12.162000,12.496000
134,3058,3058,4bf2941,147031,147365,256369,256469,109.004000,109.338000
134,5115,5115,53fb942,164155,164481,262085,262186,97.604000,97.930000
134,569,569,4239940,250147,250473,266649,266749,16.176000,16.502000
134,1467,1467,45bb943,206740,207066,271492,271592,64.426000,64.752000
134,856,856,4358943,213274,213608,322119,322219,108.511000,108.845000
134,4046,4046,4fce941,326552,326886,345176,345276,18.290000,18.624000
134,2558,2558,49fe942,233464,233798,368829,368929,135.031000,135.365000
134,3866,3866,4f1a943,372333,372667,385404,385504,12.737000,13.071000
134,2138,2138,485a943,373459,373793,391015,391115,17.222000,17.556000
134,4491,4491,518b943,329405,329731,395858,395958,66.127000,66.453000
134,1022,1022,43fe942,425220,425554,429531,429631,3.977000,4.311000
134,410,410,419a943,432691,433025,439260,439360,6.235000,6.569000
134,1096,1096,4448941,221615,221949,444111,444211,222.162000,222.496000
134,1034,1034,440a941,431476,431810,472933,473033,41.123000,41.457000
134,3434,3434,4d6a940,502846,503180,514794,514894,11.614000,11.948000
134,2030,2030,47ee941,291609,291943,519673,519773,227.730000,228.064000
134,1179,1179,449b942,449562,449888,533936,534036,84.048000,84.374000
134,4334,4334,50ee943,357352,357686,539110,539210,181.424000,181.758000
134,62,62,403e941,493960,494294,562368,562468,68.074000,68.408000
134,2570,2570,4a0a942,565145,565479,578404,578504,12.925000,13.259000
134,3915,3915,4f4b941,511794,512120,583297,583397,71.177000,71.503000
134,350,350,415e943,521641,521975,589073,589173,67.098000,67.432000
134,1522,1522,45f2940,475145,475479,593634,593734,118.155000,118.489000
134,5450,5450,554a943,583338,583672,598542,598642,14.870000,15.204000
134,123,123,407b940,587646,587972,603182,603282,15.210000,15.536000
134,520,520,4208940,624891,625225,666308,666408,41.083000,41.417000
134,1502,1502,45de942,655054,655388,682272,682372,26.884000,27.218000
134,1358,1358,454e942,675085,675419,689349,689449,13.930000,14.264000
134,6352,6352,58d0942,625777,626111,695191,695291,69.080000,69.414000
134,3448,3448,4d78943,324263,324597,700002,700102,375.405000,375.739000
134,5822,5822,56be940,698498,698832,734275,734375,35.443000,35.777000
134,4574,4574,51de942,668517,668851,739154,739254,70.303000,70.637000
134,5776,5776,5690941,709844,710178,745010,745110,34.832000,35.166000
134,2248,2248,48c8943,701600,701934,762398,762498,60.464000,60.798000
134,651,651,428b943,765804,766130,778103,778203,11.973000,12.299000
134,5609,5609,55e9940,718754,719080,785468,785568,66.388000,66.714000
134,3854,3854,4f0e940,554473,554807,791238,791338,236.431000,236.765000
134,3641,3641,4e39942,678962,679288,795857,795957,116.569000,116.895000
134,5342,5342,54de941,585498,585832,826278,826378,240.446000,240.780000
134,2366,2366,493e940,759196,759530,838285,838385,78.755000,79.089000
134,2846,2846,4b1e943,850742,851076,868740,868840,17.664000,17.998000
134,638,638,427e943,825762,826096,895602,895702,69.506000,69.840000
134,1406,1406,457e940,904588,904922,913330,913430,8.408000,8.742000
134,4910,4910,532e940,895553,895887,918898,918998,23.011000,23.345000
134,2414,2414,496e942,912784,913118,923821,923921,10.703000,11.037000
134,5595,5595,55db943,860132,860458,936286,936386,75.828000,76.154000
134,1858,1858,4742940,916054,916388,954125,954225,37.737000,38.071000
134,3566,3566,4dee942,729748,730082,966858,966958,236.776000,237.110000
134,4298,4298,50ca943,987692,988026,996407,996507,8.381000,8.715000
134,1934,1934,478e943,1008487,1008821,1034733,1034833,25.912000,26.246000
134,5102,5102,53ee943,1021156,1021490,1048791,1048891,27.301000,27.635000
134,5774,5774,568e942,1050306,1050640,1080932,1081032,30.292000,30.626000
134,3998,3998,4f9e941,1082182,1082516,1093534,1093634,11.018000,11.352000
134,4430,4430,514e942,1096281,1096615,1100587,1100687,3.972000,4.306000
134,4286,4286,50be942,1183979,1184313,1192875,1192975,8.562000,8.896000
134,938,938,43aa942,1185644,1185978,1197396,1197496,11.418000,11.752000
134,4526,4526,51ae940,1250543,1250877,1262803,1262903,11.926000,12.260000
134,5966,5966,574e941,1247518,1247852,1268773,1268873,20.921000,21.255000
134,5918,5918,571e942,1596402,1596736,1609358,1609458,12.622000,12.956000
134,3770,3770,4eba942,1627080,1627414,1636049,1636149,8.635000,8.969000
134,6074,6074,57ba942,1703947,1704281,1716575,1716675,12.294000,12.628000
135,4787,4787,52b3940,57883,58209,66805,66905,8.596000,8.922000
135,1152,1152,4480943,65051,65385,80819,80919,15.434000,15.768000
135,1536,1536,4600943,94051,94385,102678,102778,8.293000,8.627000
135,2081,2081,4821941,87976,88302,124832,124932,36.530000,36.856000
135,4143,4143,502f940,125322,125648,141322,141422,15.674000,16.000000
135,227,227,40e3941,119220,119546,175090,175190,55.544000,55.870000
135,3072,3072,4c00940,185051,185385,198015,198115,12.630000,12.964000
135,4944,4944,5350943,140051,140385,202893,202993,62.508000,62.842000
135,4656,4656,5230940,195051,195385,207704,207804,12.319000,12.653000
135,857,857,4359943,221454,221780,230150,230250,8.370000,8.696000
135,1200,1200,44b0942,222051,222385,234992,235092,12.607000,12.941000
135,0,0,4000942,199051,199385,245299,245399,45.914000,46.248000
135,816,816,4330943,267051,267385,283001,283101,15.616000,15.950000
135,2531,2531,49e3942,231668,231994,287854,287954,55.860000,56.186000
135,1097,1097,4449941,271148,271474,292388,292488,20.914000,21.240000
135,1296,1296,4510941,263051,263385,297901,298001,34.516000,34.850000
135,2705,2705,4a91942,246050,246376,305060,305160,58.684000,59.010000
135,2784,2784,4ae0942,284051,284385,352415,352515,68.030000,68.364000
135,4047,4047,4fcf941,333515,333841,357307,357407,23.466000,23.792000
135,2559,2559,49ff942,252475,252801,361817,361917,109.016000,109.342000
135,4464,4464,5170941,358933,359267,374601,374701,15.334000,15.668000
135,3360,3360,4d20940,362603,362937,379123,379223,16.186000,16.520000
135,3059,3059,4bf3941,176488,176814,384015,384115,207.201000,207.527000
135,4224,4224,5080942,402051,402385,417840,417940,15.455000,15.789000
135,1968,1968,47b0943,319051,319385,423428,423528,104.043000,104.377000
135,2139,2139,485b943,380564,380890,434417,434517,53.527000,53.853000
135,1023,1023,43ff942,430657,430983,438813,438913,7.830000,8.156000
135,2304,2304,4900943,306831,307165,444820,444920,137.655000,137.989000
135,411,411,419b943,439657,439983,450418,450518,10.435000,10.761000
135,3867,3867,4f1b943,379380,379706,455701,455801,75.995000,76.321000
135,2448,2448,4990940,401051,401385,478765,478865,77.380000,77.714000
135,1680,1680,4690943,420625,420959,485756,485856,64.797000,65.131000
135,1035,1035,440b941,468342,468668,490689,490789,22.021000,22.347000
135,3024,3024,4bd0942,500908,501242,528312,528412,27.070000,27.404000
135,2031,2031,47ef941,298609,298935,550809,550909,251.874000,252.200000
135,3435,3435,4d6b940,509823,510149,555319,555419,45.170000,45.496000
135,3120,3120,4c30940,549051,549385,560917,561017,11.532000,11.866000
135,5232,5232,5470941,484051,484385,568216,568316,83.831000,84.165000
135,4335,4335,50ef943,468994,469320,572800,572900,103.480000,103.806000
135,2571,2571,4a0b942,572205,572531,584631,584731,12.100000,12.426000
135,6048,6048,57a0941,571660,571994,594944,595044,22.950000,23.284000
135,63,63,403f941,512342,512668,600789,600889,88.121000,88.447000
135,5451,5451,554b943,590277,590603,605623,605723,15.020000,15.346000
135,351,351,415f943,563750,564076,610513,610613,46.437000,46.763000
135,1523,1523,45f3940,501474,501800,615075,615175,113.275000,113.601000
135,5280,5280,54a0941,593231,593565,622032,622132,28.467000,28.801000
135,2208,2208,48a0941,535428,535762,627917,628017,92.155000,92.489000
135,1872,1872,4750941,550076,550410,645493,645593,95.083000,95.417000
135,3408,3408,4d50941,656051,656385,664742,664842,8.357000,8.691000
135,5664,5664,5620941,584051,584385,672112,672212,87.727000,88.061000
135,2112,2112,4840940,661577,661911,676696,676796,14.785000,15.119000
135,1359,1359,454f942,685671,685997,700982,701082,14.985000,15.311000
135,4800,4800,52c0943,667051,667385,705526,705626,38.141000,38.475000
135,521,521,4209940,631868,632194,710410,710510,78.216000,78.542000
135,1503,1503,45df942,664798,665124,714972,715072,49.848000,50.174000
135,3449,3449,4d79943,331521,331847,719903,720003,388.056000,388.382000
135,3168,3168,4c60942,671783,672117,724544,724644,52.427000,52.761000
135,6353,6353,58d1942,646771,647097,729486,729586,82.389000,82.715000
135,5823,5823,56bf940,705542,705868,745584,745684,39.716000,40.042000
135,5777,5777,5691941,737804,738130,756576,756676,18.446000,18.772000
135,4575,4575,51df942,684889,685215,779698,779798,94.483000,94.809000
135,3855,3855,4f0f940,658861,659187,804677,804777,145.490000,145.816000
135,5520,5520,5590943,777881,778215,809262,809362,31.047000,31.381000
135,2249,2249,48c9943,714568,714894,814204,814304,99.310000,99.636000
135,864,864,4360941,773051,773385,821188,821288,47.803000,48.137000
135,6384,6384,58f0941,791155,791489,844108,844208,52.619000,52.953000
135,1824,1824,4720942,841932,842266,863003,863103,20.737000,21.071000
135,2367,2367,493f940,813955,814281,867945,868045,53.664000,53.990000
135,5343,5343,54df941,610178,610504,873806,873906,263.302000,263.628000
135,2847,2847,4b1f943,857794,858120,890122,890222,32.002000,32.328000
135,6096,6096,57d0941,880531,880865,907483,907583,26.618000,26.952000
135,639,639,427f943,839607,839933,919016,919116,79.083000,79.409000
135,1407,1407,457f940,911592,911918,924519,924619,12.601000,12.927000
135,2415,2415,496f942,919728,920054,929692,929792,9.638000,9.964000
135,4911,4911,532f940,914531,914857,934373,934473,19.516000,19.842000
135,1859,1859,4743940,923183,923509,961102,961202,37.593000,37.919000
135,4848,4848,52f0941,955051,955385,972664,972764,17.279000,17.613000
135,4299,4299,50cb943,994725,995051,1003478,1003578,8.427000,8.753000
135,3567,3567,4def942,842854,843180,1024634,1024734,181.454000,181.780000
135,3744,3744,4ea0941,950675,951009,1029144,1029243,78.135000,78.469000
135,1935,1935,478f943,1021343,1021669,1045849,1045950,24.180000,24.506000
135,5775,5775,568f942,1075132,1075458,1087955,1088055,12.497000,12.823000
135,3999,3999,4f9f941,1089194,1089520,1099208,1099308,9.688000,10.014000
135,4431,4431,514f942,1101730,1102056,1105992,1106092,3.936000,4.262000
135,2064,2064,4810942,1020902,1021236,1111439,1111539,90.203000,90.537000
135,4608,4608,5200940,925051,925385,1127180,1127280,201.795000,202.129000
135,5103,5103,53ef943,1043242,1043568,1161480,1161580,117.912000,118.238000
135,4287,4287,50bf942,1190988,1191314,1199845,1199945,8.531000,8.857000
135,939,939,43ab942,1194795,1195121,1204379,1204479,9.258000,9.584000
135,4527,4527,51af940,1257547,1257873,1274582,1274682,16.709000,17.035000
135,5967,5967,574f941,1254518,1254844,1280367,1280467,25.523000,25.849000
135,2736,2736,4ab0942,1263582,1263916,1286143,1286243,22.227000,22.561000
135,5919,5919,571f942,1603386,1603712,1616404,1616504,12.692000,13.018000
135,3771,3771,4ebb942,1634056,1634382,1643060,1643160,8.678000,9.004000
135,6075,6075,57bb942,1711005,1711331,1723560,1723660,12.229000,12.555000
136,4788,4788,52b4940,64844,65179,77276,77376,12.097000,12.432000
136,1153,1153,4481943,78995,79321,98384,98484,19.063000,19.389000
136,5432,5432,5538940,86735,87069,104169,104269,17.100000,17.434000
136,2082,2082,4822941,95004,95338,115615,115715,20.277000,20.611000
136,1537,1537,4601943,101017,101343,127104,127204,25.761000,26.087000
136,3592,3592,4e08943,102226,102560,155396,155496,52.836000,53.170000
136,228,228,40e4941,143157,143491,184184,184284,40.693000,41.027000
136,3073,3073,4c01940,192055,192381,200715,200815,8.334000,8.660000
136,5384,5384,5508940,201753,202087,206064,206164,3.977000,4.311000
136,1,1,4001942,206055,206381,212654,212754,6.273000,6.599000
136,4945,4945,5351943,146976,147302,217527,217627,70.225000,70.551000
136,3784,3784,4ec8943,123367,123701,246255,246355,122.554000,122.888000
136,2706,2706,4a92942,252998,253332,259810,259910,6.478000,6.812000
136,1201,1201,44b1942,228993,229319,265590,265690,36.271000,36.597000
136,728,728,42d8941,254712,255046,277002,277102,21.956000,22.290000
136,1297,1297,4511941,270056,270382,282570,282670,12.188000,12.514000
136,3060,3060,4bf4941,207954,208288,287421,287521,79.133000,79.467000
136,817,817,4331943,274056,274382,293790,293890,19.408000,19.734000
136,2888,2888,4b48940,188942,189276,304699,304799,115.423000,115.757000
136,5624,5624,55f8943,195608,195942,327745,327845,131.803000,132.137000
136,1969,1969,47b1943,325990,326316,335120,335220,8.804000,9.130000
136,2532,2532,49e4942,257801,258135,353260,353360,95.125000,95.459000
136,2785,2785,4ae1942,350682,351008,362880,362980,11.872000,12.198000
136,6344,6344,58c8943,168295,168629,374000,374100,205.371000,205.705000
136,4465,4465,5171941,365871,366197,379857,379957,13.660000,13.986000
136,152,152,4098943,142754,143088,385732,385832,242.644000,242.978000
136,3361,3361,4d21940,369572,369898,407667,407767,37.769000,38.095000
136,4225,4225,5081942,409015,409341,419313,419413,9.972000,10.298000
136,1064,1064,4428940,384685,385019,442643,442743,57.624000,57.958000
136,2449,2449,4991940,408028,408354,464189,464289,55.835000,56.161000
136,968,968,43c8940,448170,448504,469095,469195,20.591000,20.925000
136,3144,3144,4c48942,377263,377597,486330,486430,108.733000,109.067000
136,1681,1681,4691943,427591,427917,496217,496317,68.300000,68.626000
136,2305,2305,4901943,366987,367313,501134,501234,133.821000,134.147000
136,5233,5233,5471941,490950,491276,505994,506094,14.718000,15.044000
136,1736,1736,46c8940,255435,255769,510831,510931,255.062000,255.396000
136,3192,3192,4c78941,453545,453879,515414,515514,61.535000,61.869000
136,5192,5192,5448941,498664,498998,520352,520452,21.354000,21.688000
136,552,552,4228942,447894,448228,527258,527358,79.030000,79.364000
136,488,488,41e8943,467693,468027,533128,533228,65.101000,65.435000
136,5320,5320,54c8943,517451,517785,542333,542433,24.548000,24.882000
136,1784,1784,46f8941,473468,473802,547455,547555,73.653000,73.987000
136,3512,3512,4db8940,212882,213216,559180,559280,345.964000,346.298000
136,3025,3025,4bd1942,507967,508293,574244,574344,65.951000,66.277000
136,1524,1524,45f4940,508481,508815,582520,582620,73.705000,74.039000
136,5048,5048,53b8943,523526,523861,588303,588403,64.442000,64.777000
136,6049,6049,57a1941,578666,578992,600475,600575,21.483000,21.809000
136,5281,5281,54a1941,600235,600561,612087,612187,11.526000,11.852000
136,4657,4657,5231940,201962,202288,629549,629649,427.261000,427.587000
136,4104,4104,5008940,619699,620033,634135,634235,14.102000,14.436000
136,5665,5665,5621941,591023,591349,639070,639170,47.721000,48.047000
136,2264,2264,48d8943,601082,601416,645337,645437,43.921000,44.255000
136,2209,2209,48a1941,567665,567991,650931,651031,82.940000,83.266000
136,4456,4456,5168941,601316,601650,656534,656634,54.884000,55.218000
136,1873,1873,4751941,564113,564439,662391,662491,97.952000,98.278000
136,200,200,40c8943,594607,594941,674043,674143,79.102000,79.436000
136,4801,4801,52c1943,674065,674391,680717,680817,6.326000,6.652000
136,104,104,4068943,672115,672449,687564,687664,15.115000,15.449000
136,3121,3121,4c31940,556055,556381,716555,716655,160.174000,160.500000
136,3409,3409,4d51941,663017,663343,733900,734000,70.557000,70.883000
136,3320,3320,4cf8941,741446,741780,750258,750358,8.478000,8.812000
136,2984,2984,4ba8942,522016,522350,757749,757849,235.399000,235.733000
136,2113,2113,4841940,671333,671659,763637,763737,91.978000,92.304000
136,2472,2472,49a8941,752991,753325,768146,768246,14.821000,15.155000
136,2696,2696,4a88943,600703,601037,775410,775510,174.373000,174.707000
136,4184,4184,5058942,757152,757486,779996,780096,22.510000,22.844000
136,5720,5720,5658941,682438,682772,785616,785716,102.844000,103.178000
136,1992,1992,47c8943,671861,672195,799722,799822,127.527000,127.861000
136,865,865,4361941,779990,780316,810751,810851,30.435000,30.761000
136,5778,5778,5692941,750887,751221,824489,824589,73.268000,73.602000
136,6354,6354,58d2942,669986,670320,829412,829512,159.092000,159.426000
136,5521,5521,5591943,784847,785173,840429,840529,55.256000,55.582000
136,5576,5576,55c8943,815207,815541,844990,845090,29.449000,29.783000
136,6385,6385,58f1941,815510,815836,857812,857912,41.976000,42.302000
136,3169,3169,4c61942,707290,707616,863607,863707,155.991000,156.317000
136,1825,1825,4721942,849408,849734,870083,870183,20.349000,20.675000
136,6097,6097,57d1941,892308,892634,914056,914156,21.422000,21.748000
136,4888,4888,5318940,839226,839560,919832,919932,80.272000,80.606000
136,4609,4609,5201940,931962,932288,941081,941181,8.793000,9.119000
136,3896,3896,4f38941,947905,948239,956960,957060,8.721000,9.055000
136,1860,1860,4744940,930208,930542,974148,974248,43.606000,43.940000
136,4849,4849,52f1941,962044,962370,1010520,1010620,48.150000,48.476000
136,3745,3745,4ea1941,984401,984727,1015433,1015533,30.706000,31.032000
136,3576,3576,4df8942,982150,982484,1050545,1050645,68.061000,68.395000
136,2065,2065,4811942,1028026,1028352,1103711,1103811,75.359000,75.685000
136,3224,3224,4c98942,1134242,1134576,1156510,1156610,21.934000,22.268000
136,2504,2504,49c8941,1217065,1217399,1232870,1232970,15.471000,15.805000
136,6248,6248,5868943,1221900,1222234,1244393,1244493,22.159000,22.493000
136,2737,2737,4ab1942,1270815,1271141,1286332,1286432,15.191000,15.517000
136,3352,3352,4d18943,1259096,1259430,1308608,1308708,49.178000,49.512000
136,5144,5144,5418942,1438916,1439250,1447856,1447956,8.606000,8.940000
136,2952,2952,4b88941,1468193,1468527,1477169,1477269,8.642000,8.976000
136,5560,5560,55b8943,1762524,1762858,1775159,1775259,12.301000,12.635000
137,4789,4789,52b5940,71780,72106,84273,84373,12.167000,12.493000
137,5433,5433,5539940,93670,93996,109911,110011,15.915000,16.241000
137,3048,3048,4be8942,114522,114856,121366,121466,6.510000,6.844000
137,2083,2083,4823941,102046,102372,132846,132946,30.474000,30.800000
137,1624,1624,4658941,100304,100638,138601,138701,37.963000,38.297000
137,3593,3593,4e09943,109231,109557,198980,199080,89.423000,89.749000
137,229,229,40e5941,150193,150519,210491,210591,59.972000,60.298000
137,5385,5385,5509940,207190,207516,214884,214984,7.368000,7.694000
137,2707,2707,4a93942,260080,260405,266596,266696,6.191000,6.516000
137,984,984,43d8942,218584,218918,271453,271553,52.535000,52.869000
137,729,729,42d9941,261717,262042,288179,288279,26.137000,26.462000
137,153,153,4099943,149642,149968,321937,322037,171.969000,172.295000
137,424,424,41a8940,318405,318739,330669,330769,11.930000,12.264000
137,3061,3061,4bf5941,259453,259779,339327,339427,79.548000,79.874000
137,2889,2889,4b49940,195912,196238,345153,345253,148.915000,149.241000
137,3513,3513,4db9940,219851,220177,357281,357381,137.104000,137.430000
137,2533,2533,49e5942,279321,279647,368472,368572,88.825000,89.151000
137,3785,3785,4ec9943,130330,130656,413472,413572,282.816000,283.142000
137,6345,6345,58c9943,194710,195036,425080,425180,230.044000,230.370000
137,5625,5625,55f9943,249315,249641,436782,436882,187.141000,187.467000
137,1065,1065,4429940,440440,440766,454214,454314,13.448000,13.774000
137,969,969,43c9940,460091,460417,469799,469899,9.382000,9.708000
137,3145,3145,4c49942,415495,415821,516660,516760,100.839000,101.165000
137,5193,5193,5449941,505597,505923,532079,532179,26.156000,26.482000
137,3193,3193,4c79941,499389,499715,536738,536838,37.023000,37.349000
137,1737,1737,46c9940,296001,296327,541600,541700,245.273000,245.599000
137,5321,5321,54c9943,539643,539969,547979,548079,8.010000,8.336000
137,553,553,4229942,506843,507169,553319,553419,46.150000,46.476000
137,1785,1785,46f9941,484411,484737,565023,565123,80.286000,80.612000
137,5049,5049,53b9943,530457,530783,570875,570975,40.092000,40.418000
137,489,489,41e9943,474661,474987,576677,576777,101.690000,102.016000
137,1525,1525,45f5940,574415,574741,594650,594750,19.909000,20.235000
137,4105,4105,5009940,628463,628789,639755,639855,10.966000,11.292000
137,2265,2265,48d9943,642832,643158,656551,656651,13.393000,13.719000
137,201,201,40c9943,601576,601902,662175,662275,60.273000,60.599000
137,4457,4457,5169941,624914,625240,679827,679927,54.587000,54.913000
137,2680,2680,4a78940,656913,657247,699169,699269,41.922000,42.256000
137,105,105,4069943,687687,688013,710716,710816,22.703000,23.029000
137,3321,3321,4cf9941,748428,748754,757269,757369,8.515000,8.841000
137,2985,2985,4ba9942,529056,529382,769499,769599,240.117000,240.443000
137,2697,2697,4a89943,634314,634640,788139,788239,153.499000,153.825000
137,2473,2473,49a9941,760026,760352,792649,792749,32.297000,32.623000
137,5721,5721,5659941,691557,691883,798247,798347,106.364000,106.690000
137,4185,4185,5059942,764118,764444,803760,803860,39.316000,39.642000
137,1993,1993,47c9943,678814,679140,823134,823234,143.994000,144.320000
137,1048,1048,4418942,767828,768162,846227,846327,78.065000,78.399000
137,6355,6355,58d3942,688521,688847,869470,869570,180.623000,180.949000
137,5577,5577,55c9943,832373,832699,887237,887337,54.538000,54.864000
137,2232,2232,48b8940,850819,851153,891811,891911,40.658000,40.992000
137,5779,5779,5693941,757863,758189,896753,896853,138.564000,138.890000
137,4889,4889,5319940,875822,876148,931697,931797,55.549000,55.875000
137,3897,3897,4f39941,955186,955512,969482,969582,13.970000,14.296000
137,1861,1861,4745940,937246,937572,1009291,1009391,71.719000,72.045000
137,3577,3577,4df9942,992569,992895,1092272,1092372,99.377000,99.703000
137,5256,5256,5488942,1056018,1056352,1109261,1109361,52.909000,53.243000
137,4248,4248,5098942,1114902,1115236,1144211,1144311,28.975000,29.309000
137,3225,3225,4c99942,1141217,1141543,1162521,1162621,20.978000,21.304000
137,2505,2505,49c9941,1227439,1227765,1250216,1250316,22.451000,22.777000
137,6249,6249,5869943,1233366,1233692,1262205,1262305,28.513000,28.839000
137,4776,4776,52a8942,1298951,1299285,1314913,1315013,15.628000,15.962000
137,3353,3353,4d19943,1276499,1276825,1326352,1326452,49.527000,49.853000
137,5145,5145,5419942,1445913,1446239,1460985,1461085,14.746000,15.072000
137,2953,2953,4b89941,1475213,1475539,1484263,1484363,8.724000,9.050000
137,4728,4728,5278943,1593606,1593940,1605979,1606079,12.039000,12.373000
137,4440,4440,5158943,1732122,1732456,1755250,1755350,22.794000,23.128000
137,5561,5561,55b9943,1769478,1769804,1783511,1783611,13.707000,14.033000
138,4790,4790,52b6940,78742,79076,91351,91451,12.275000,12.609000
138,3480,3480,4d98942,86277,86611,106629,106729,20.018000,20.352000
138,5434,5434,553a940,104123,104457,114982,115082,10.525000,10.859000
138,3049,3049,4be9942,121549,121875,132237,132337,10.362000,10.688000
138,1625,1625,4659941,116111,116437,138018,138118,21.581000,21.907000
138,2200,2200,4898942,106951,107285,155273,155373,47.988000,48.322000
138,744,744,42e8943,141137,141471,184303,184403,42.832000,43.166000
138,230,230,40e6941,178649,178983,222190,222290,43.207000,43.541000
138,5386,5386,550a940,216053,216387,226676,226776,10.289000,10.623000
138,985,985,43d9942,261455,261780,283995,284095,22.215000,22.540000
138,2890,2890,4b4a940,202910,203244,289753,289853,86.509000,86.843000
138,730,730,42da941,282346,282680,299708,299808,17.028000,17.362000
138,3062,3062,4bf6941,266543,266877,304567,304667,37.690000,38.024000
138,425,425,41a9940,325382,325708,337696,337796,11.988000,12.314000
138,136,136,4088943,215346,215680,385181,385281,169.501000,169.835000
138,2534,2534,49e6942,295486,295820,408652,408752,112.832000,113.166000
138,6040,6040,5798940,344296,344630,414410,414510,69.780000,70.114000
138,3146,3146,4c4a942,422515,422849,434916,435016,12.067000,12.401000
138,1066,1066,442a940,448483,448817,471783,471883,22.966000,23.300000
138,970,970,43ca940,467076,467410,476292,476392,8.882000,9.216000
138,154,154,409a943,184522,184856,481876,481976,297.020000,297.354000
138,6346,6346,58ca943,353105,353439,486719,486819,133.280000,133.614000
138,5626,5626,55fa943,278315,278649,492475,492575,213.826000,214.160000
138,4200,4200,5068941,502305,502639,520136,520237,17.497000,17.831000
138,5194,5194,544a941,512651,512986,537655,537755,24.669000,25.004000
138,3194,3194,4c7a941,506514,506848,547679,547779,40.831000,41.165000
138,554,554,422a942,513908,514242,565066,565166,50.824000,51.158000
138,1786,1786,46fa941,494657,494991,570873,570973,75.882000,76.216000
138,1738,1738,46ca940,303022,303356,576728,576828,273.372000,273.706000
138,490,490,41ea943,481607,481941,600583,600683,118.642000,118.976000
138,5050,5050,53ba943,566446,566780,606411,606511,39.631000,39.965000
138,5736,5736,5668940,590554,590888,617993,618093,27.105000,27.439000
138,1526,1526,45f6940,581432,581766,629594,629694,47.828000,48.162000
138,3514,3514,4dba940,232173,232507,635376,635476,402.869000,403.203000
138,4106,4106,500a940,635572,635906,650541,650641,14.635000,14.969000
138,2266,2266,48da943,649893,650227,662156,662256,11.929000,12.263000
138,202,202,40ca943,608619,608953,697368,697468,88.415000,88.749000
138,2681,2681,4a79940,691145,691471,708969,709069,17.498000,17.824000
138,106,106,406a943,694609,694943,720501,720601,25.558000,25.892000
138,3322,3322,4cfa941,755578,755912,764227,764327,8.315000,8.649000
138,1049,1049,4419942,781964,782290,790991,791091,8.701000,9.027000
138,2698,2698,4a8a943,645913,646247,805613,805713,159.366000,159.700000
138,2474,2474,49aa941,767070,767404,810121,810221,42.717000,43.051000
138,5722,5722,565a941,698582,698916,815690,815790,116.774000,117.108000
138,2632,2632,4a48942,754724,755058,834700,834800,79.642000,79.976000
138,1994,1994,47ca943,685803,686137,875454,875554,189.317000,189.651000
138,4072,4072,4fe8940,853769,854103,887006,887106,32.903000,33.237000
138,2233,2233,48b9940,857798,858124,921778,921878,63.654000,63.980000
138,5832,5832,56c8943,872524,872858,927559,927659,54.701000,55.035000
138,5578,5578,55ca943,839460,839794,933547,933647,93.753000,94.087000
138,2986,2986,4baa942,537239,537573,962806,962906,425.233000,425.567000
138,3898,3898,4f3a941,962256,962590,981314,981414,18.724000,19.058000
138,1862,1862,4746940,944852,945186,1020998,1021098,75.812000,76.146000
138,4186,4186,505a942,771096,771430,1056153,1056253,284.723000,285.057000
138,3578,3578,4dfa942,1004252,1004586,1144681,1144781,140.095000,140.429000
138,4648,4648,5228941,1109479,1109813,1150487,1150587,40.674000,41.008000
138,4249,4249,5099942,1125576,1125902,1156268,1156368,30.366000,30.692000
138,3256,3256,4cb8943,1139906,1140240,1162074,1162174,21.834000,22.168000
138,5257,5257,5489942,1063005,1063331,1173620,1173720,110.289000,110.615000
138,1608,1608,4648941,1191721,1192055,1220010,1220110,27.955000,28.289000
138,3226,3226,4c9a942,1148202,1148536,1225791,1225891,77.255000,77.589000
138,2506,2506,49ca941,1234465,1234799,1256491,1256591,21.692000,22.026000
138,6250,6250,586a943,1240449,1240783,1279567,1279667,38.784000,39.118000
138,4777,4777,52a9942,1313003,1313329,1328943,1329043,15.614000,15.940000
138,5146,5146,541a942,1452938,1453272,1467899,1467999,14.627000,14.961000
138,2954,2954,4b8a941,1482257,1482591,1491229,1491329,8.638000,8.972000
138,4729,4729,5279943,1600555,1600881,1612945,1613045,12.064000,12.390000
138,4441,4441,5159943,1749772,1750098,1762241,1762341,12.143000,12.469000
138,3288,3288,4cd8941,1912495,1912829,1924915,1925015,12.086000,12.420000
138,4824,4824,52d8941,2197495,2197829,2209902,2210002,12.073000,12.407000
139,4791,4791,52b7940,85713,86039,98348,98448,12.309000,12.635000
139,5976,5976,5758942,94414,94748,120713,120813,25.965000,26.299000
139,3481,3481,4d99942,101506,101832,126475,126575,24.643000,24.969000
139,3050,3050,4bea942,128468,128802,143749,143849,14.947000,15.281000
139,5435,5435,553b940,111128,111454,149511,149611,38.057000,38.383000
139,5387,5387,550b940,223057,223383,232218,232318,8.835000,9.161000
139,745,745,42e9943,148191,148517,237077,237177,88.560000,88.886000
139,2201,2201,4899942,135798,136124,242853,242953,106.729000,107.055000
139,231,231,40e7941,189473,189799,252177,252277,62.378000,62.704000
139,986,986,43da942,268612,268946,310373,310473,41.427000,41.761000
139,3063,3063,4bf7941,289759,290085,319724,319824,29.639000,29.965000
139,731,731,42db941,289351,289677,324544,324644,34.867000,35.193000
139,155,155,409b943,191430,191756,397202,397302,205.446000,205.772000
139,2891,2891,4b4b940,209871,210197,402948,403048,192.751000,193.077000
139,137,137,4089943,222351,222677,420178,420278,197.501000,197.827000
139,2535,2535,49e7942,335789,336115,425924,426024,89.809000,90.135000
139,3147,3147,4c4b942,429637,429963,442096,442196,12.133000,12.459000
139,3515,3515,4dbb940,297348,297674,446939,447039,149.265000,149.591000
139,6041,6041,5799940,351234,351560,465987,466087,114.427000,114.753000
139,1067,1067,442b940,471681,472007,478339,478439,6.332000,6.658000
139,971,971,43cb940,475917,476243,487393,487493,11.150000,11.476000
139,5627,5627,55fb943,285358,285684,509649,509749,223.965000,224.291000
139,6347,6347,58cb943,384585,384911,515404,515504,130.493000,130.819000
139,4201,4201,5069941,518458,518785,532444,532544,13.659000,13.986000
139,5195,5195,544b941,519696,520021,543543,543643,23.522000,23.847000
139,555,555,422b942,538197,538523,548413,548513,9.890000,10.216000
139,3195,3195,4c7b941,521049,521375,570117,570217,48.742000,49.068000
139,491,491,41eb943,488650,488976,588575,588675,99.599000,99.925000
139,1739,1739,46cb940,407214,407540,612182,612282,204.642000,204.968000
139,1787,1787,46fb941,501690,502016,616674,616774,114.658000,114.984000
139,5051,5051,53bb943,573461,573787,623765,623865,49.978000,50.304000
139,2808,2808,4af8942,621530,621864,628163,628263,6.299000,6.633000
139,5737,5737,5669940,597552,597878,662521,662621,64.643000,64.969000
139,4107,4107,500b940,642954,643280,673893,673993,30.613000,30.939000
139,2267,2267,48db943,656941,657267,678477,678577,21.210000,21.536000
139,3720,3720,4e88943,593117,593451,683354,683454,89.903000,90.237000
139,1527,1527,45f7940,593236,593562,691545,691645,97.983000,98.309000
139,107,107,406b943,716853,717179,723478,723578,6.299000,6.625000
139,3323,3323,4cfb941,762560,762886,771325,771425,8.439000,8.765000
139,2633,2633,4a49942,766142,766468,811695,811795,45.227000,45.553000
139,2475,2475,49ab941,774105,774431,822806,822906,48.375000,48.701000
139,2699,2699,4a8b943,652975,653301,840587,840687,187.286000,187.612000
139,5723,5723,565b941,782149,782475,855627,855727,73.152000,73.478000
139,3240,3240,4ca8943,877397,877731,892823,892923,15.092000,15.426000
139,4073,4073,4fe9940,881616,881942,898652,898752,16.710000,17.036000
139,1995,1995,47cb943,692863,693189,910168,910268,216.979000,217.305000
139,5833,5833,56c9943,895574,895900,939544,939644,43.644000,43.970000
139,5579,5579,55cb943,846426,846752,957046,957146,110.294000,110.620000
139,2234,2234,48ba940,875851,876185,962882,962982,86.697000,87.031000
139,1192,1192,44a8942,925091,925425,968630,968730,43.205000,43.539000
139,2987,2987,4bab942,555810,556136,975450,975550,419.314000,419.640000
139,3899,3899,4f3b941,969238,969564,986910,987010,17.346000,17.672000
139,203,203,40cb943,615568,615894,992475,992575,376.581000,376.907000
139,2968,2968,4b98943,991842,992176,1015213,1015313,23.037000,23.371000
139,1863,1863,4747940,1005988,1006314,1032572,1032673,26.258000,26.584000
139,216,216,40d8943,1003799,1004133,1038353,1038453,34.220000,34.554000
139,4187,4187,505b942,778100,778426,1069155,1069255,290.729000,291.055000
139,2616,2616,4a38943,1079815,1080149,1096022,1096122,15.873000,16.207000
139,3579,3579,4dfb942,1020881,1021207,1127039,1127139,105.832000,106.158000
139,4250,4250,509a942,1149117,1149451,1167880,1167980,18.429000,18.763000
139,4649,4649,5229941,1142971,1143297,1179449,1179549,36.152000,36.478000
139,5258,5258,548a942,1070040,1070374,1202639,1202739,132.265000,132.599000
139,3227,3227,4c9b942,1155224,1155550,1214248,1214348,58.698000,59.024000
139,3257,3257,4cb9943,1146968,1147294,1231726,1231826,84.432000,84.758000
139,1609,1609,4649941,1198798,1199124,1244658,1244758,45.534000,45.860000
139,2507,2507,49cb941,1241487,1241813,1268035,1268135,26.222000,26.548000
139,6251,6251,586b943,1247721,1248047,1291203,1291303,43.156000,43.482000
139,4778,4778,52aa942,1327045,1327379,1343003,1343103,15.624000,15.958000
139,4024,4024,4fb8943,1378445,1378779,1415886,1415986,37.107000,37.441000
139,5147,5147,541b942,1465955,1466281,1479710,1479810,13.429000,13.755000
139,2955,2955,4b8b941,1489277,1489603,1498320,1498420,8.717000,9.043000
139,4730,4730,527a943,1607535,1607869,1620035,1620135,12.166000,12.500000
139,6184,6184,5828941,1614103,1614437,1627135,1627235,12.698000,13.032000
139,4442,4442,515a943,1756765,1757099,1769342,1769442,12.243000,12.577000
139,3289,3289,4cd9941,1919454,1919780,1932020,1932120,12.240000,12.566000
139,4825,4825,52d9941,2204454,2204780,2216956,2217056,12.176000,12.502000
140,5977,5977,5759942,101378,101704,122248,122348,20.544000,20.870000
140,3482,3482,4d9a942,108516,108850,127965,128065,19.115000,19.449000
140,5436,5436,553c940,119093,119427,133723,133823,14.296000,14.630000
140,3051,3051,4beb942,138329,138655,151789,151889,13.134000,13.460000
140,280,280,4118942,131764,132098,157547,157647,25.449000,25.783000
140,3496,3496,4da8943,152576,152910,236367,236467,83.457000,83.791000
140,5388,5388,550c940,230064,230398,240900,241000,10.502000,10.836000
140,746,746,42ea943,162096,162430,247914,248014,85.484000,85.818000
140,2872,2872,4b38941,195054,195388,253695,253795,58.307000,58.641000
140,987,987,43db942,275576,275902,323069,323169,47.167000,47.493000
140,732,732,42dc941,296885,297219,334536,334636,37.317000,37.651000
140,156,156,409c943,217729,218063,363522,363622,145.459000,145.793000
140,1896,1896,4768941,380324,380658,408887,408987,28.229000,28.563000
140,2892,2892,4b4c940,216894,217228,423711,423811,206.483000,206.817000
140,3516,3516,4dbc940,304356,304690,428244,428344,123.554000,123.888000
140,1068,1068,442c940,478662,478996,487512,487612,8.516000,8.850000
140,6348,6348,58cc943,430099,430433,493268,493368,62.835000,63.169000
140,972,972,43cc940,482902,483236,497777,497877,14.541000,14.875000
140,4202,4202,506a941,525472,525806,538384,538484,12.578000,12.912000
140,3000,3000,4bb8941,508249,508583,543257,543357,34.674000,35.008000
140,5196,5196,544c941,528217,528551,548223,548323,19.672000,20.006000
140,5628,5628,55fc943,412540,412874,553114,553214,140.240000,140.574000
140,492,492,41ec943,505260,505594,582906,583006,77.312000,77.646000
140,1740,1740,46cc940,449624,449958,612014,612114,162.056000,162.390000
140,5052,5052,53bc943,607232,607566,622745,622845,15.179000,15.513000
140,1788,1788,46fc941,508728,509062,635345,635445,126.283000,126.617000
140,2809,2809,4af9942,629303,629629,643182,643282,13.553000,13.879000
140,5738,5738,566a940,610291,610625,668115,668215,57.490000,57.824000
140,2268,2268,48dc943,673522,673856,682266,682366,8.410000,8.744000
140,3721,3721,4e89943,604748,605074,687151,687251,82.077000,82.403000
140,1816,1816,4718943,690319,690653,709124,709224,18.471000,18.805000
140,108,108,406c943,723861,724195,732381,732481,8.186000,8.520000
140,4216,4216,5078943,593919,594253,773990,774090,179.737000,180.071000
140,3324,3324,4cfc941,769615,769949,778608,778708,8.659000,8.993000
140,5496,5496,5578942,761033,761367,783445,783545,22.078000,22.412000
140,5724,5724,565c941,790848,791182,814304,814404,23.122000,23.456000
140,2700,2700,4a8c943,683951,684285,881125,881225,196.840000,197.174000
140,3241,3241,4ca9943,884413,884739,909396,909496,24.657000,24.983000
140,2235,2235,48bb940,886857,887183,932901,933001,45.718000,46.044000
140,4344,4344,50f8943,932509,932843,941671,941771,8.828000,9.162000
140,5834,5834,56ca943,902699,903033,946569,946669,43.536000,43.870000
140,2988,2988,4bac942,925266,925600,952351,952451,26.751000,27.085000
140,5580,5580,55cc943,862280,862614,969620,969720,107.006000,107.340000
140,3900,3900,4f3c941,980045,980379,989025,989125,8.646000,8.980000
140,204,204,40cc943,622545,622879,997983,998083,375.104000,375.438000
140,1193,1193,44a9942,932105,932431,1002781,1002881,70.350000,70.676000
140,2969,2969,4b99943,998831,999157,1008539,1008639,9.382000,9.708000
140,2392,2392,4958943,911249,911583,1020218,1020318,108.635000,108.969000
140,217,217,40d9943,1014023,1014349,1049227,1049327,34.878000,35.204000
140,4188,4188,505c942,787047,787381,1085237,1085337,297.856000,298.190000
140,2617,2617,4a39943,1086868,1087194,1103167,1103267,15.973000,16.299000
140,4251,4251,509b942,1156212,1156538,1173633,1173733,17.095000,17.421000
140,3228,3228,4c9c942,1162552,1162886,1199174,1199274,36.288000,36.622000
140,5259,5259,548b942,1077113,1077439,1221251,1221351,143.812000,144.138000
140,2508,2508,49cc941,1248513,1248847,1273475,1273575,24.628000,24.962000
140,1610,1610,464a941,1205880,1206214,1279861,1279961,73.647000,73.981000
140,6252,6252,586c943,1254804,1255138,1302456,1302556,47.318000,47.652000
140,4779,4779,52ab942,1341097,1341423,1356922,1357022,15.499000,15.825000
140,4025,4025,4fb9943,1385475,1385801,1421825,1421925,36.024000,36.350000
140,5148,5148,541c942,1472953,1473287,1485633,1485733,12.346000,12.680000
140,6024,6024,5788943,1491864,1492198,1505481,1505581,13.283000,13.617000
140,3832,3832,4ef8942,1497315,1497649,1517249,1517349,19.600000,19.934000
140,4731,4731,527b943,1614532,1614858,1626878,1626978,12.020000,12.346000
140,6185,6185,5829941,1621097,1621423,1634164,1634264,12.741000,13.067000
140,4443,4443,515b943,1763823,1764149,1776414,1776514,12.265000,12.591000
140,3290,3290,4cda941,1926403,1926737,1939063,1939163,12.326000,12.660000
140,4826,4826,52da941,2211403,2211737,2224062,2224162,12.325000,12.659000
141,5978,5978,575a942,116677,117011,129966,130066,12.955000,13.289000
141,3483,3483,4d9b942,115550,115876,139515,139615,23.639000,23.965000
141,5437,5437,553d940,126028,126354,145300,145400,18.946000,19.272000
141,4360,4360,5108942,126917,127251,169038,169138,41.787000,42.121000
141,808,808,4328943,121568,121902,195461,195561,73.559000,73.893000
141,281,281,4119942,141907,142233,242149,242249,99.916000,100.242000
141,5389,5389,550d940,238447,238773,246916,247016,8.143000,8.469000
141,2873,2873,4b39941,239713,240039,265154,265254,25.115000,25.441000
141,747,747,42eb943,183551,183877,270909,271009,87.032000,87.358000
141,472,472,41d8941,203975,204309,288084,288184,83.775000,84.109000
141,157,157,409d943,224617,224943,328813,328913,103.870000,104.196000
141,733,733,42dd941,332863,333189,346009,346109,12.820000,13.146000
141,3497,3497,4da9943,164107,164433,351771,351871,187.338000,187.664000
141,3736,3736,4e98943,367710,368044,386954,387054,18.910000,19.244000
141,2893,2893,4b4d940,223992,224318,443253,443353,218.935000,219.261000
141,3517,3517,4dbd940,418543,418869,448999,449099,30.130000,30.456000
141,1069,1069,442d940,485656,485982,499023,499123,13.041000,13.367000
141,973,973,43cd940,493579,493905,503515,503615,9.610000,9.936000
141,6349,6349,58cd943,491408,491734,508352,508452,16.618000,16.944000
141,1897,1897,4769941,390028,390354,527211,527311,136.857000,137.183000
141,4203,4203,506b941,532489,532815,545367,545467,12.552000,12.878000
141,5197,5197,544d941,548366,548692,555090,555190,6.398000,6.724000
141,3001,3001,4bb9941,515254,515579,559938,560038,44.359000,44.684000
141,5629,5629,55fd943,441730,442056,565731,565831,123.675000,124.001000
141,1741,1741,46cd940,531509,531835,588664,588764,56.829000,57.155000
141,493,493,41ed943,537271,537597,594457,594557,56.860000,57.186000
141,5053,5053,53bd943,622818,623144,629579,629679,6.435000,6.761000
141,4217,4217,5079943,600844,601170,637633,637733,36.463000,36.789000
141,1789,1789,46fd941,554453,554779,642525,642625,87.746000,88.072000
141,2440,2440,4988940,625767,626101,648277,648377,22.176000,22.510000
141,2810,2810,4afa942,636301,636635,652764,652864,16.129000,16.463000
141,5739,5739,566b940,617377,617703,675229,675329,57.526000,57.852000
141,2269,2269,48dd943,680609,680935,689348,689448,8.413000,8.739000
141,3722,3722,4e8a943,618921,619255,697434,697534,78.179000,78.513000
141,1817,1817,4719943,703521,703847,720822,720922,16.975000,17.301000
141,109,109,406d943,730862,731188,739507,739607,8.319000,8.645000
141,3325,3325,4cfd941,776597,776923,785365,785465,8.442000,8.768000
141,5497,5497,5579942,774091,774417,790250,790350,15.833000,16.159000
141,5725,5725,565d941,798002,798328,825849,825949,27.521000,27.847000
141,4189,4189,505d942,801267,801593,871893,871993,70.300000,70.626000
141,4504,4504,5198941,826972,827306,890708,890808,63.402000,63.736000
141,3242,3242,4caa943,891450,891784,921173,921273,29.389000,29.723000
141,4345,4345,50f9943,939453,939779,948539,948639,8.760000,9.086000
141,5835,5835,56cb943,925217,925543,958133,958233,32.590000,32.916000
141,5581,5581,55cd943,894863,895189,981135,981235,85.946000,86.272000
141,3901,3901,4f3d941,986953,987279,1003565,1003665,16.286000,16.612000
141,205,205,40cd943,633608,633934,1009146,1009246,375.212000,375.538000
141,2701,2701,4a8d943,724761,725087,1031737,1031837,306.650000,306.976000
141,218,218,40da943,1025460,1025793,1054980,1055080,29.187000,29.520000
141,2989,2989,4bad942,932209,932535,1066494,1066594,133.959000,134.285000
141,2393,2393,4959943,928636,928962,1091007,1091107,162.045000,162.371000
141,2618,2618,4a3a943,1093924,1094258,1110246,1110346,15.988000,16.322000
141,5800,5800,56a8940,1140506,1140840,1165303,1165403,24.463000,24.797000
141,3229,3229,4c9d942,1169529,1169855,1213492,1213592,43.637000,43.963000
141,2509,2509,49cd941,1255575,1255901,1285631,1285731,29.730000,30.056000
141,1611,1611,464b941,1221198,1221524,1308221,1308321,86.697000,87.023000
141,6253,6253,586d943,1261843,1262169,1313947,1314047,51.778000,52.104000
141,5149,5149,541d942,1479910,1480236,1492666,1492766,12.430000,12.756000
141,6025,6025,5789943,1498894,1499220,1523176,1523276,23.956000,24.282000
141,3833,3833,4ef9942,1504344,1504670,1530289,1530389,25.619000,25.945000
141,3291,3291,4cdb941,1933429,1933755,1946094,1946194,12.339000,12.665000
141,4827,4827,52db941,2218429,2218755,2231133,2231233,12.378000,12.704000
142,5979,5979,575b942,123719,124045,144390,144490,20.345000,20.671000
142,5438,5438,553e940,134203,134537,163202,163302,28.665000,28.999000
142,809,809,4329943,162612,162938,202447,202547,39.509000,39.835000
142,158,158,409e943,231706,232040,253860,253960,21.820000,22.154000
142,5390,5390,550e940,245454,245788,259298,259398,13.510000,13.844000
142,4361,4361,5109942,162955,163281,265361,265461,102.080000,102.406000
142,664,664,4298940,164471,164805,271208,271308,106.403000,106.737000
142,5704,5704,5648942,244455,244789,282822,282922,38.033000,38.367000
142,328,328,4148941,152757,153091,288578,288678,135.487000,135.821000
142,473,473,41d9941,210938,211264,305911,306011,94.647000,94.973000
142,734,734,42de941,340468,340802,351747,351847,10.945000,11.279000
142,88,88,4058940,389888,390222,396639,396739,6.417000,6.751000
142,3737,3737,4e99943,380050,380376,416277,416377,35.901000,36.227000
142,1898,1898,476a941,398106,398440,448959,449059,50.519000,50.853000
142,3518,3518,4dbe940,425587,425921,469592,469692,43.671000,44.005000
142,2894,2894,4b4e940,267610,267944,497906,498006,229.962000,230.296000
142,1288,1288,4508940,273137,273471,502657,502757,229.186000,229.520000
142,6350,6350,58ce943,499112,499446,507347,507447,7.901000,8.235000
142,1070,1070,442e940,492637,492971,512016,512117,19.045000,19.379000
142,974,974,43ce940,500646,500980,516538,516637,15.558000,15.892000
142,5198,5198,544e941,555287,555621,564856,564956,9.235000,9.569000
142,3002,3002,4bba941,522303,522636,571397,571497,48.761000,49.094000
142,5630,5630,55fe943,465105,465439,577235,577335,111.796000,112.130000
142,40,40,4028940,590895,591229,599512,599612,8.283000,8.617000
142,494,494,41ee943,560833,561167,618831,618931,57.664000,57.998000
142,1742,1742,46ce940,538500,538834,623632,623732,84.798000,85.132000
142,5054,5054,53be943,629729,630063,636530,636630,6.467000,6.801000
142,1790,1790,46fe941,571773,572107,654009,654109,81.902000,82.236000
142,2811,2811,4afb942,643367,643693,658517,658617,14.824000,15.150000
142,2441,2441,4989940,632752,633078,664086,664186,31.008000,31.334000
142,2270,2270,48de943,687652,687986,696320,696420,8.334000,8.668000
142,6232,6232,5858943,666771,667105,701186,701286,34.081000,34.415000
142,3723,3723,4e8b943,690611,690937,709222,709322,18.285000,18.611000
142,110,110,406e943,737899,738233,746429,746529,8.196000,8.530000
142,3326,3326,4cfe941,783652,783986,792288,792388,8.302000,8.636000
142,5498,5498,557a942,781168,781502,797124,797224,15.622000,15.956000
142,6376,6376,58e8941,774696,775030,802882,802982,27.852000,28.186000
142,3880,3880,4f28940,803459,803793,873279,873379,69.486000,69.820000
142,5726,5726,565e941,805085,805419,879062,879162,73.643000,73.977000
142,4190,4190,505e942,808260,808594,884983,885083,76.389000,76.723000
142,4505,4505,5199941,848638,848964,896581,896681,47.617000,47.943000
142,5582,5582,55ce943,902016,902350,926623,926723,24.273000,24.607000
142,3243,3243,4cab943,909870,910196,944749,944849,34.553000,34.879000
142,2990,2990,4bae942,939232,939566,958228,958328,18.662000,18.996000
142,3902,3902,4f3e941,994054,994388,1003048,1003148,8.660000,8.994000
142,2702,2702,4a8e943,832989,833323,1049447,1049547,216.124000,216.458000
142,219,219,40db943,1032560,1032886,1068756,1068856,35.870000,36.196000
142,1576,1576,4628941,1035274,1035609,1096938,1097038,61.329000,61.664000
142,206,206,40ce943,999513,999847,1102845,1102945,102.998000,103.332000
142,4346,4346,50fa943,946410,946744,1114932,1115032,168.188000,168.522000
142,2619,2619,4a3b943,1100977,1101303,1119562,1119662,18.259000,18.585000
142,184,184,40b8943,861200,861534,1124422,1124522,262.888000,263.222000
142,5801,5801,56a9940,1147575,1147901,1188888,1188988,40.987000,41.313000
142,3230,3230,4c9e942,1176512,1176846,1256464,1256564,79.618000,79.952000
142,2510,2510,49ce941,1262664,1262998,1291367,1291467,28.369000,28.703000
142,6254,6254,586e943,1268926,1269260,1319617,1319717,50.357000,50.691000
142,2296,2296,48f8941,1316555,1316889,1331375,1331475,14.486000,14.820000
142,5150,5150,541e942,1490706,1491040,1499664,1499764,8.624000,8.958000
142,6026,6026,578a943,1505956,1506290,1537384,1537484,31.094000,31.428000
143,5439,5439,553f940,155061,155387,169201,169301,13.814000,14.140000
143,665,665,4299940,171406,171732,183811,183911,12.079000,12.405000
143,329,329,4149941,159753,160079,253418,253518,93.339000,93.665000
143,5391,5391,550f940,252458,252784,270322,270422,17.538000,17.864000
143,5705,5705,5649942,260729,261056,300128,300228,39.072000,39.399000
143,735,735,42df941,351957,352283,358649,358749,6.366000,6.692000
143,159,159,409f943,239030,239356,369351,369451,129.995000,130.321000
143,89,89,4059940,396916,397242,403531,403631,6.289000,6.615000
143,3519,3519,4dbf940,432606,432932,454971,455071,22.039000,22.365000
143,1899,1899,476b941,417789,418115,462417,462517,44.302000,44.628000
143,6351,6351,58cf943,508476,508802,513115,513215,4.313000,4.639000
143,1289,1289,4509940,464828,465154,517802,517901,52.648000,52.974000
143,975,975,43cf940,507730,508056,522336,522435,14.280000,14.606000
143,1071,1071,442f940,499626,499952,527218,527318,27.266000,27.592000
143,5199,5199,544f941,562220,562546,570717,570817,8.171000,8.497000
143,5631,5631,55ff943,513704,514030,583056,583156,69.026000,69.352000
143,1743,1743,46cf940,545531,545857,605912,606012,60.055000,60.381000
143,41,41,4029940,597918,598244,610444,610544,12.200000,12.526000
143,495,495,41ef943,598964,599290,625922,626022,26.632000,26.958000
143,5055,5055,53bf943,636659,636985,643395,643495,6.410000,6.736000
143,1791,1791,46ff941,604522,604848,660992,661092,56.144000,56.470000
143,3003,3003,4bbb941,531101,531427,691644,691744,160.217000,160.543000
143,2271,2271,48df943,694688,695014,703427,703527,8.413000,8.739000
143,2895,2895,4b4f940,315564,315890,715194,715294,399.304000,399.630000
143,6233,6233,5859943,677968,678294,721023,721123,42.729000,43.055000
143,111,111,406f943,744929,745255,753540,753640,8.285000,8.611000
143,3327,3327,4cff941,790634,790960,799420,799520,8.460000,8.786000
143,5499,5499,557b942,788228,788554,808717,808817,20.163000,20.489000
143,5727,5727,565f941,812161,812487,837321,837421,24.834000,25.160000
143,6377,6377,58e9941,785078,785404,843160,843260,57.756000,58.082000
143,3881,3881,4f29940,820662,820988,860477,860577,39.489000,39.815000
143,4191,4191,505f942,815337,815663,866316,866416,50.653000,50.979000
143,5583,5583,55cf943,914554,914880,987127,987227,72.247000,72.573000
143,2703,2703,4a8f943,867940,868266,1009162,1009262,140.896000,141.222000
143,3903,3903,4f3f941,1000942,1001268,1013985,1014085,12.717000,13.043000
143,2991,2991,4baf942,946175,946501,1076242,1076342,129.741000,130.067000
143,1577,1577,4629941,1091044,1091370,1114588,1114688,23.218000,23.544000
143,4347,4347,50fb943,953354,953680,1121910,1122010,168.230000,168.556000
143,207,207,40cf943,1006500,1006826,1130286,1130386,123.460000,123.786000
143,185,185,40b9943,868227,868553,1142031,1142131,273.478000,273.804000
143,3231,3231,4c9f942,1198468,1198794,1268299,1268399,69.505000,69.831000
143,6255,6255,586f943,1289838,1290164,1325574,1325674,35.410000,35.736000
143,2297,2297,48f9941,1323540,1323866,1337297,1337397,13.431000,13.757000
143,2511,2511,49cf941,1269726,1270052,1349149,1349249,79.097000,79.423000
143,5151,5151,541f942,1497663,1497989,1511464,1511564,13.475000,13.801000
143,6027,6027,578b943,1513032,1513358,1560926,1561026,47.568000,47.894000
144,364,364,416c943,355309,355643,401761,401861,46.118000,46.452000
144,3018,3018,4bca942,420349,420683,465044,465144,44.361000,44.695000
144,5418,5418,552a943,585307,585641,597950,598050,12.309000,12.643000
144,2284,2284,48ec941,681565,681899,692229,692329,10.330000,10.664000
144,5178,5178,543a941,764980,765314,773542,773642,8.228000,8.562000
144,1002,1002,43ea942,679331,679665,898269,898369,218.604000,218.938000
144,2380,2380,494c940,952453,952787,979481,979581,26.694000,27.028000
144,6282,6282,588a941,1220142,1220476,1232315,1232415,11.839000,12.173000
144,5082,5082,53da942,1321578,1321912,1330451,1330551,8.539000,8.873000
144,6330,6330,58ba943,1436699,1437033,1445532,1445632,8.499000,8.833000
144,5356,5356,54ec942,2005097,2005431,2014049,2014149,8.618000,8.952000
145,2106,2106,483a941,149240,149574,168433,168533,18.859000,19.193000
145,5644,5644,560c940,174270,174604,191958,192058,17.354000,17.688000
145,1372,1372,455c940,208364,208698,275867,275967,67.169000,67.503000
145,365,365,416d943,364819,365145,430498,430598,65.353000,65.679000
145,316,316,413c942,172395,172729,440314,440414,267.585000,267.919000
145,3019,3019,4bcb942,446954,447280,464294,464394,17.014000,17.340000
145,1338,1338,453a943,565986,566320,576999,577099,10.679000,11.013000
145,3628,3628,4e2c941,581922,582256,590773,590873,8.517000,8.851000
145,5419,5419,552b943,592283,592609,604422,604522,11.813000,12.139000
145,5404,5404,551c943,462023,462357,674222,674322,211.865000,212.199000
145,2285,2285,48ed941,688543,688869,713055,713155,24.186000,24.512000
145,5179,5179,543b941,771955,772281,784613,784713,12.332000,12.658000
145,906,906,438a942,792318,792652,802435,802535,9.783000,10.117000
145,1003,1003,43eb942,704256,704582,807232,807332,102.650000,102.976000
145,4876,4876,530c943,794708,795042,978688,978788,183.646000,183.980000
145,2381,2381,494d940,959417,959743,992524,992624,32.781000,33.107000
145,4156,4156,503c941,1154880,1155214,1167946,1168046,12.732000,13.066000
145,5370,5370,54fa943,1021506,1021840,1179004,1179104,157.164000,157.498000
145,6283,6283,588b941,1227219,1227545,1255762,1255862,28.217000,28.543000
145,5083,5083,53db942,1328587,1328913,1337471,1337571,8.558000,8.884000
145,6331,6331,58bb943,1443683,1444009,1452545,1452645,8.536000,8.862000
145,5357,5357,54ed942,2012073,2012399,2021057,2021157,8.658000,8.984000
146,2107,2107,483b941,158633,158959,174334,174434,15.375000,15.701000
146,618,618,426a940,203501,203835,220726,220826,16.891000,17.225000
146,5645,5645,560d940,181297,181623,237960,238060,56.337000,56.663000
146,700,700,42bc940,207576,207910,243671,243771,35.761000,36.095000
146,6124,6124,57ec941,273842,274176,288095,288195,13.919000,14.253000
146,1373,1373,455d940,225816,226142,296420,296520,70.278000,70.604000
146,2346,2346,492a941,229338,229672,366230,366330,136.558000,136.892000
146,366,366,416e943,371900,372234,442161,442261,69.927000,70.261000
146,317,317,413d942,307868,308194,458263,458363,150.069000,150.395000
146,3162,3162,4c5a943,386191,386525,477071,477171,90.546000,90.880000
146,3306,3306,4cea942,485384,485718,512871,512971,27.153000,27.487000
146,2332,2332,491c941,411607,411941,518550,518651,106.609000,106.943000
146,3629,3629,4e2d941,588890,589216,606896,606996,17.680000,18.006000
146,1339,1339,453b943,572966,573292,624160,624260,50.868000,51.194000
146,2044,2044,47fc940,604370,604704,642220,642320,37.516000,37.850000
146,5405,5405,551d943,578486,578812,701388,701488,122.576000,122.902000
146,2286,2286,48ee941,695510,695844,705875,705975,10.031000,10.365000
146,907,907,438b942,800742,801068,809554,809654,8.486000,8.812000
146,4877,4877,530d943,850948,851274,902842,902942,51.568000,51.894000
146,4684,4684,524c941,583100,583434,930959,931059,347.525000,347.859000
146,2382,2382,494e940,981448,981782,998815,998915,17.033000,17.367000
146,5932,5932,572c940,1072295,1072629,1091485,1091585,18.856000,19.190000
146,5308,5308,54bc940,1091889,1092223,1114692,1114792,22.469000,22.803000
146,4157,4157,503d941,1161861,1162187,1175086,1175186,12.899000,13.225000
146,5371,5371,54fb943,1028541,1028868,1190712,1190812,161.844000,162.171000
146,4938,4938,534a940,1362919,1363253,1371763,1371863,8.510000,8.844000
146,5358,5358,54ee942,2019114,2019448,2028091,2028191,8.643000,8.977000
147,619,619,426b940,215138,215464,232214,232314,16.750000,17.076000
147,1804,1804,470c943,130705,131039,264472,264572,133.433000,133.767000
147,3210,3210,4c8a943,251267,251601,274092,274192,22.491000,22.825000
147,3930,3930,4f5a942,198205,198539,279129,279229,80.590000,80.924000
147,5116,5116,53fc942,235249,235583,284868,284968,49.285000,49.619000
147,5898,5898,570a942,111676,112010,307914,308014,195.904000,196.238000
147,6125,6125,57ed941,280817,281143,312422,312522,31.279000,31.605000
147,5646,5646,560e940,188325,188659,319404,319504,130.745000,131.079000
147,1468,1468,45bc943,213678,214012,330931,331031,116.919000,117.253000
147,1374,1374,455e940,237333,237667,354023,354123,116.356000,116.690000
147,4492,4492,518c943,346742,347076,390339,390439,43.263000,43.597000
147,2347,2347,492b941,260378,260703,396039,396139,135.336000,135.661000
147,701,701,42bd940,218203,218529,430576,430676,212.047000,212.373000
147,318,318,413e942,314851,315185,452769,452869,137.584000,137.918000
147,367,367,416f943,383780,384106,471082,471182,86.976000,87.302000
147,3163,3163,4c5b943,393259,393585,500130,500230,106.545000,106.871000
147,3307,3307,4ceb942,492348,492674,524311,524411,31.637000,31.963000
147,2333,2333,491d941,418666,418992,530091,530191,111.099000,111.425000
147,1180,1180,449c942,507466,507800,534599,534699,26.799000,27.133000
147,3916,3916,4f4c941,542111,542445,591899,591999,49.454000,49.788000
147,124,124,407c940,594706,595040,603946,604046,8.906000,9.240000
147,3630,3630,4e2e941,595971,596305,618462,618562,22.157000,22.491000
147,2045,2045,47fd940,615420,615746,649181,649281,33.435000,33.761000
147,5034,5034,53aa940,683011,683345,691863,691963,8.518000,8.852000
147,5406,5406,551e943,585495,585829,712901,713001,127.072000,127.406000
147,2287,2287,48ef941,702485,702811,730154,730254,27.343000,27.669000
147,4685,4685,524d941,599945,600271,735960,736060,135.689000,136.015000
147,2058,2058,480a941,763917,764251,772610,772710,8.359000,8.693000
147,652,652,428c943,772865,773199,783598,783698,10.399000,10.733000
147,3402,3402,4d4a943,772159,772493,822925,823025,50.432000,50.766000
147,5596,5596,55dc943,883787,884121,897088,897188,12.967000,13.301000
147,4878,4878,530e943,892132,892466,904420,904520,11.954000,12.288000
147,2383,2383,494f940,988495,988821,1006839,1006939,18.018000,18.344000
147,5933,5933,572d940,1079385,1079711,1103064,1103164,23.353000,23.679000
147,5309,5309,54bd940,1102143,1102469,1138102,1138202,35.633000,35.959000
147,4158,4158,503e941,1168913,1169247,1184925,1185025,15.678000,16.012000
147,4939,4939,534b940,1369923,1370249,1378919,1379019,8.670000,8.996000
147,5359,5359,54ef942,2026090,2026416,2035093,2035193,8.677000,9.003000
148,4792,4792,52b8940,92675,93009,101676,101776,8.667000,9.001000
148,5899,5899,570b942,118587,118913,136413,136513,17.500000,17.826000
148,702,702,42be940,225242,225576,249719,249819,24.143000,24.477000
148,232,232,40e8941,215675,216009,267334,267434,51.325000,51.659000
148,1805,1805,470d943,147808,148134,273245,273345,125.111000,125.437000
148,3931,3931,4f5b942,205182,205508,287661,287761,82.153000,82.479000
148,6126,6126,57ee941,287759,288093,299948,300048,11.855000,12.189000
148,5647,5647,560f940,198490,198816,304905,305005,106.089000,106.415000
148,5117,5117,53fd942,256188,256513,327683,327783,71.170000,71.495000
148,3064,3064,4bf8941,296749,297083,333452,333552,36.369000,36.703000
148,1469,1469,45bd943,220631,220957,344939,345039,123.982000,124.308000
148,1375,1375,455f940,286885,287211,361981,362081,74.770000,75.096000
148,3211,3211,4c8b943,267028,267354,413301,413401,145.947000,146.273000
148,2536,2536,49e8942,368071,368405,455761,455861,87.356000,87.690000
148,412,412,419c943,446625,446959,466584,466684,19.625000,19.959000
148,319,319,413f942,387531,387857,483725,483825,95.868000,96.194000
148,1036,1036,440c941,475386,475720,518211,518310,42.491000,42.825000
148,3868,3868,4f1c943,386482,386816,523891,523991,137.075000,137.409000
148,1181,1181,449d942,516538,516864,541236,541336,24.372000,24.698000
148,2140,2140,485c943,387604,387938,546847,546947,158.909000,159.243000
148,2334,2334,491e941,425659,425993,564241,564341,138.248000,138.582000
148,3436,3436,4d6c940,516805,517140,578261,578361,61.121000,61.456000
148,4493,4493,518d943,353814,354140,599658,599758,245.518000,245.844000
148,5452,5452,554c943,597194,597528,610273,610373,12.745000,13.079000
148,3917,3917,4f4d941,549953,550279,615125,615225,64.846000,65.172000
148,125,125,407d940,601744,602070,619647,619747,17.577000,17.903000
148,3631,3631,4e2f941,603974,604300,624543,624643,20.243000,20.569000
148,2572,2572,4a0c942,579312,579646,630288,630388,50.642000,50.976000
148,2046,2046,47fe940,647566,647900,654102,654202,6.202000,6.536000
148,5035,5035,53ab940,689955,690281,698814,698914,8.533000,8.859000
148,1528,1528,45f8940,606330,606664,703445,703545,96.781000,97.115000
148,2010,2010,47da942,676404,676738,718678,718778,41.940000,42.274000
148,5407,5407,551f943,592527,592853,739245,739345,146.392000,146.718000
148,4410,4410,513a941,676547,676881,785370,785470,108.489000,108.823000
148,2059,2059,480b941,770922,771248,795325,795425,24.077000,24.403000
148,4686,4686,524e941,606974,607308,802648,802748,195.340000,195.674000
148,653,653,428d943,779913,780239,815219,815319,34.980000,35.306000
148,3403,3403,4d4b943,779195,779521,855601,855701,76.080000,76.406000
148,4879,4879,530f943,899105,899431,930324,930424,30.893000,31.219000
148,5597,5597,55dd943,895155,895481,936478,936578,40.997000,41.323000
148,4300,4300,50cc943,1001784,1002118,1010464,1010564,8.346000,8.680000
148,1864,1864,4748940,1019376,1019710,1064534,1064634,44.824000,45.158000
148,5934,5934,572e940,1086383,1086717,1098762,1098862,12.045000,12.379000
148,5310,5310,54be940,1109230,1109564,1125156,1125256,15.592000,15.926000
148,940,940,43ac942,1201820,1202154,1210529,1210629,8.375000,8.709000
148,4159,4159,503f941,1175894,1176220,1221266,1221366,45.046000,45.372000
148,3772,3772,4ebc942,1641097,1641431,1650049,1650149,8.618000,8.952000
148,6076,6076,57bc942,1718043,1718377,1730694,1730794,12.317000,12.651000
148,2144,2144,4860942,1772051,1772385,1780880,1780980,8.495000,8.829000
149,4793,4793,52b9940,99646,99972,113114,113214,13.142000,13.468000
149,1722,1722,46ba941,103723,104057,130492,130593,26.435000,26.769000
149,1806,1806,470e943,169778,170112,186208,186308,16.096000,16.430000
149,703,703,42bf940,244279,244605,261626,261727,17.021000,17.347000
149,570,570,423a940,257207,257541,271524,271624,13.983000,14.317000
149,5118,5118,53fe942,263224,263558,282598,282698,19.040000,19.374000
149,233,233,40e9941,232944,233270,299164,299264,65.894000,66.220000
149,1470,1470,45be943,236649,236983,356208,356308,119.225000,119.559000
149,3065,3065,4bf9941,309278,309604,367727,367827,58.123000,58.449000
149,6127,6127,57ef941,294735,295061,424813,424913,129.752000,130.078000
149,2537,2537,49e9942,445126,445452,461379,461479,15.927000,16.253000
149,413,413,419d943,458543,458869,478004,478104,19.135000,19.461000
149,3869,3869,4f1d943,409036,409362,500978,501078,91.616000,91.942000
149,1037,1037,440d941,483919,484245,541060,541160,56.815000,57.141000
149,4494,4494,518e943,364100,364434,552556,552656,188.122000,188.456000
149,2141,2141,485d943,404040,404366,575992,576092,171.626000,171.952000
149,2335,2335,491f941,435061,435387,593912,594012,158.525000,158.851000
149,3437,3437,4d6d940,545580,545906,603741,603841,57.835000,58.161000
149,5453,5453,554d943,610355,610681,617215,617315,6.534000,6.860000
149,126,126,407e940,608921,609255,625183,625283,15.928000,16.262000
149,1182,1182,449e942,539582,539916,647663,647763,107.747000,108.081000
149,2573,2573,4a0d942,586372,586698,653453,653553,66.755000,67.081000
149,3918,3918,4f4e941,590293,590627,659648,659748,69.021000,69.355000
149,2047,2047,47ff940,654570,654896,665165,665265,10.269000,10.595000
149,1529,1529,45f9940,628853,629179,728582,728682,99.403000,99.729000
149,2011,2011,47db942,683434,683760,733488,733588,49.728000,50.054000
149,5610,5610,55ea940,742248,742582,796944,797044,54.362000,54.696000
149,654,654,428e943,788969,789303,821148,821248,31.845000,32.179000
149,3642,3642,4e3a942,787542,787876,827070,827170,39.194000,39.528000
149,4411,4411,513b941,704441,704767,832155,832255,127.388000,127.714000
149,4687,4687,524f941,613979,614305,838102,838202,223.797000,224.123000
149,5598,5598,55de943,902148,902482,930757,930857,28.275000,28.609000
149,4301,4301,50cd943,1008817,1009143,1021588,1021688,12.445000,12.771000
149,5935,5935,572f940,1093433,1093759,1110035,1110135,16.276000,16.602000
149,1865,1865,4749940,1026425,1026751,1115958,1116058,89.207000,89.533000
149,5311,5311,54bf940,1125492,1125818,1136791,1136891,10.973000,11.299000
149,941,941,43ad942,1208887,1209213,1217508,1217608,8.295000,8.621000
149,3773,3773,4ebd942,1648073,1648399,1657079,1657179,8.680000,9.006000
149,6077,6077,57bd942,1725063,1725389,1737710,1737810,12.321000,12.647000
149,2145,2145,4861942,1779029,1779355,1787865,1787965,8.510000,8.836000
150,4794,4794,52ba940,106608,106942,119102,119202,12.160000,12.494000
150,1723,1723,46bb941,110689,111015,152090,152190,41.075000,41.401000
150,2084,2084,4824941,109074,109408,157817,157917,48.409000,48.743000
150,496,496,41f0943,122051,122385,163497,163597,41.112000,41.446000
150,1552,1552,4610941,155051,155385,168285,168385,12.900000,13.234000
150,1807,1807,470f943,176677,177003,192511,192611,15.508000,15.834000
150,858,858,435a943,228428,228762,237144,237244,8.382000,8.716000
150,571,571,423b940,264245,264571,277508,277608,12.937000,13.263000
150,5119,5119,53ff942,270235,270561,309046,309146,38.485000,38.811000
150,1471,1471,45bf943,288385,288711,320293,320393,31.582000,31.908000
150,2708,2708,4a94942,267063,267397,350941,351041,83.544000,83.878000
150,1098,1098,444a941,278081,278415,363083,363183,84.668000,85.002000
150,234,234,40ea941,262940,263274,389747,389847,126.473000,126.807000
150,3066,3066,4bfa941,317609,317943,422907,423007,104.964000,105.298000
150,4495,4495,518f943,377290,377616,428631,428731,51.015000,51.341000
150,2538,2538,49ea942,452234,452568,467046,467146,14.478000,14.812000
150,414,414,419e943,472704,473038,484598,484698,11.560000,11.894000
150,3870,3870,4f1e943,415959,416293,512800,512901,96.507000,96.841000
150,1038,1038,440e941,495440,495774,556642,556742,60.868000,61.202000
150,2142,2142,485e943,411068,411402,616286,616386,204.884000,205.218000
150,3438,3438,4d6e940,561687,562021,620795,620895,58.774000,59.108000
150,5454,5454,554e943,617272,617606,631848,631948,14.242000,14.576000
150,127,127,407f940,615925,616251,637327,637427,21.076000,21.402000
150,1183,1183,449f942,611284,611610,660485,660585,48.875000,49.201000
150,3919,3919,4f4f941,600998,601324,670306,670406,68.982000,69.308000
150,2574,2574,4a0e942,593479,593813,721933,722033,128.120000,128.454000
150,3450,3450,4d7a943,704166,704500,726756,726856,22.256000,22.590000
150,1530,1530,45fa940,702243,702577,739944,740044,37.367000,37.701000
150,522,522,420a940,664421,664755,773890,773990,109.135000,109.469000
150,3643,3643,4e3b942,801082,801408,815603,815703,14.195000,14.521000
150,5611,5611,55eb940,749332,749658,820466,820566,70.808000,71.134000
150,655,655,428f943,796017,796343,827724,827824,31.381000,31.707000
150,6356,6356,58d4942,738454,738788,832550,832650,93.762000,94.096000
150,5780,5780,5694941,764846,765180,837042,837142,71.862000,72.196000
150,2250,2250,48ca943,728098,728432,858682,858782,130.250000,130.584000
150,2896,2896,4b50943,864909,865243,901560,901660,36.317000,36.651000
150,5599,5599,55df943,909159,909485,930544,930644,21.059000,21.385000
150,4302,4302,50ce943,1015876,1016210,1040305,1040405,24.095000,24.429000
150,1866,1866,474a940,1037491,1037825,1069003,1069103,31.178000,31.512000
150,942,942,43ae942,1215912,1216246,1224559,1224659,8.313000,8.647000
150,3774,3774,4ebe942,1655114,1655448,1664058,1664158,8.610000,8.944000
150,6078,6078,57be942,1732101,1732435,1744839,1744939,12.404000,12.738000
150,2146,2146,4862942,1786052,1786386,1794873,1794973,8.487000,8.821000
151,4795,4795,52bb940,113548,113874,130573,130673,16.699000,17.025000
151,1154,1154,4482943,93026,93360,146378,146478,53.018000,53.352000
151,497,497,41f1943,129294,129620,150941,151041,21.321000,21.647000
151,1538,1538,4602943,108014,108348,156860,156960,48.512000,48.846000
151,1553,1553,4611941,161950,162276,174109,174209,11.833000,12.159000
151,2085,2085,4825941,120865,121191,180886,180986,59.695000,60.021000
151,4658,4658,5232940,208858,209192,215716,215816,6.524000,6.858000
151,3074,3074,4c02940,199091,199425,220694,220794,21.269000,21.603000
151,4946,4946,5352943,169377,169711,241311,241411,71.600000,71.934000
151,2,2,4002942,213093,213427,257092,257191,43.665000,43.999000
151,1202,1202,44b2942,236014,236348,277248,277348,40.900000,41.234000
151,2709,2709,4a95942,274040,274366,293619,293719,19.253000,19.579000
151,235,235,40eb941,269986,270312,303464,303564,33.152000,33.478000
151,1298,1298,4512941,277105,277439,314636,314736,37.197000,37.531000
151,859,859,435b943,235485,235811,367380,367480,131.569000,131.895000
151,818,818,4332943,281060,281394,401578,401678,120.184000,120.518000
151,2786,2786,4ae2942,357700,358034,407294,407394,49.260000,49.594000
151,3362,3362,4d22940,376592,376926,412320,412420,35.394000,35.728000
151,4466,4466,5172941,372979,373313,417156,417256,43.843000,44.177000
151,1970,1970,47b2943,333007,333341,429161,429261,95.820000,96.154000
151,3067,3067,4bfb941,330790,331116,449866,449966,118.750000,119.076000
151,1099,1099,444b941,286098,286424,461450,461550,175.026000,175.352000
151,2306,2306,4902943,382204,382538,467209,467309,84.671000,85.005000
151,2539,2539,49eb942,461585,461911,474093,474193,12.182000,12.508000
151,415,415,419f943,484205,484531,496471,496571,11.940000,12.266000
151,1682,1682,4692943,491112,491446,501002,501102,9.556000,9.890000
151,5234,5234,5472941,497978,498312,522718,522818,24.406000,24.740000
151,4226,4226,5082942,416075,416409,527590,527690,111.181000,111.515000
151,2450,2450,4992940,430336,430670,533329,533429,102.659000,102.993000
151,3871,3871,4f1f943,422927,423253,545003,545103,121.750000,122.076000
151,3026,3026,4bd2942,531651,531985,566404,566504,34.419000,34.753000
151,1039,1039,440f941,517893,518218,573906,574006,55.688000,56.013000
151,3122,3122,4c32940,567066,567400,626362,626462,58.962000,59.296000
151,5282,5282,54a2941,607240,607574,633884,633984,26.310000,26.644000
151,3439,3439,4d6f940,589228,589554,639757,639857,50.203000,50.529000
151,5455,5455,554f943,624277,624603,644288,644388,19.685000,20.011000
151,6050,6050,57a2941,585860,586194,649873,649973,63.679000,64.013000
151,2143,2143,485f943,418074,418400,654745,654845,236.345000,236.671000
151,1874,1874,4752941,610869,611203,677852,677952,66.649000,66.983000
151,2210,2210,48a2941,602544,602878,683589,683689,80.711000,81.045000
151,4802,4802,52c2943,681127,681461,693307,693407,11.846000,12.180000
151,3410,3410,4d52941,669985,670319,698850,698950,28.531000,28.865000
151,2114,2114,4842940,690858,691192,716150,716250,24.958000,25.292000
151,3451,3451,4d7b943,711207,711533,732618,732718,21.085000,21.411000
151,5666,5666,5622941,598100,598434,750821,750921,152.387000,152.721000
151,1531,1531,45fb940,721395,721721,755352,755452,33.631000,33.957000
151,2575,2575,4a0f942,600539,600865,768173,768273,167.308000,167.634000
151,5522,5522,5592943,795091,795425,803724,803824,8.299000,8.633000
151,866,866,4362941,786998,787332,842521,842621,55.189000,55.523000
151,5781,5781,5695941,832010,832336,848021,848121,15.685000,16.011000
151,6357,6357,58d5942,799213,799539,852942,853042,53.403000,53.729000
151,3170,3170,4c62942,717411,717745,857451,857551,139.706000,140.040000
151,6386,6386,58f2941,829673,830007,879548,879648,49.541000,49.875000
151,1826,1826,4722942,863431,863765,895816,895916,32.051000,32.385000
151,2251,2251,48cb943,755833,756159,901703,901803,145.544000,145.870000
151,523,523,420b940,671469,671795,913235,913335,241.440000,241.766000
151,6098,6098,57d2941,899358,899692,924841,924941,25.149000,25.483000
151,2897,2897,4b51943,879962,880288,947645,947745,67.357000,67.683000
151,3746,3746,4ea2941,991417,991751,1051337,1051437,59.586000,59.920000
151,4303,4303,50cf943,1022909,1023235,1057280,1057380,34.045000,34.371000
151,4850,4850,52f2941,969088,969422,1062201,1062301,92.779000,93.113000
151,1867,1867,474b940,1044597,1044923,1075001,1075101,30.078000,30.404000
151,2066,2066,4812942,1035037,1035370,1127954,1128054,92.584000,92.917000
151,4610,4610,5202940,938990,939324,1155764,1155864,216.440000,216.774000
151,943,943,43af942,1222979,1223305,1231636,1231736,8.331000,8.657000
151,2738,2738,4ab2942,1284598,1284932,1297292,1297392,12.360000,12.694000
151,3775,3775,4ebf942,1662090,1662416,1671112,1671212,8.696000,9.022000
151,6079,6079,57bf942,1739116,1739442,1751863,1751963,12.421000,12.747000
151,2147,2147,4863942,1793030,1793356,1801882,1801982,8.526000,8.852000
152,4796,4796,52bc940,120510,120844,135236,135336,14.392000,14.726000
152,2086,2086,4826941,143822,144156,178454,178554,34.298000,34.632000
152,1554,1554,4612941,168965,169299,182963,183063,13.664000,13.998000
152,1155,1155,4483943,107126,107452,204747,204847,97.295000,97.621000
152,3075,3075,4c03940,206095,206421,218238,218338,11.817000,12.143000
152,498,498,41f2943,136268,136602,223337,223437,86.735000,87.069000
152,3594,3594,4e0a943,117700,118034,229087,229187,111.053000,111.387000
152,4947,4947,5353943,176302,176628,252027,252127,75.399000,75.725000
152,3,3,4003942,220097,220423,256513,256614,36.090000,36.416000
152,1539,1539,4603943,114980,115306,277220,277320,161.914000,162.240000
152,2710,2710,4a96942,285432,285766,298922,299022,13.156000,13.490000
152,1299,1299,4513941,284110,284436,303444,303544,19.008000,19.334000
152,1203,1203,44b3942,243243,243569,316173,316273,72.604000,72.930000
152,236,236,40ec941,297783,298117,333558,333658,35.441000,35.775000
152,3068,3068,4bfc941,337874,338208,374123,374223,35.915000,36.249000
152,1971,1971,47b3943,340012,340338,386436,386536,46.098000,46.424000
152,819,819,4333943,288065,288391,391195,391295,102.804000,103.130000
152,4467,4467,5173941,380024,380350,396084,396184,15.734000,16.060000
152,3786,3786,4eca943,137322,137656,431032,431132,293.376000,293.710000
152,4227,4227,5083942,423099,423425,448443,448543,25.018000,25.344000
152,3148,3148,4c4c942,436702,437036,452930,453030,15.894000,16.228000
152,3363,3363,4d23940,383585,383911,460004,460104,76.093000,76.419000
152,2787,2787,4ae3942,364624,364950,480574,480674,115.624000,115.950000
152,2451,2451,4993940,469163,469489,487550,487650,18.061000,18.387000
152,2540,2540,49ec942,472574,472908,504093,504193,31.185000,31.519000
152,5235,5235,5473941,505050,505376,526192,526292,20.816000,21.142000
152,1683,1683,4693943,498078,498404,530823,530923,32.419000,32.745000
152,4659,4659,5233940,215922,216248,553551,553651,337.303000,337.629000
152,556,556,422c942,545186,545520,558379,558479,12.859000,13.193000
152,5322,5322,54ca943,548448,548782,562931,563031,14.149000,14.483000
152,3196,3196,4c7c941,537928,538262,588374,588474,50.112000,50.446000
152,3027,3027,4bd3942,550790,551116,599639,599739,48.523000,48.849000
152,5283,5283,54a3941,614279,614605,644923,645023,30.318000,30.644000
152,6051,6051,57a3941,592798,593124,650697,650797,57.573000,57.899000
152,5667,5667,5623941,635774,636100,668244,668344,32.144000,32.470000
152,4108,4108,500c940,651766,652100,693365,693465,41.265000,41.599000
152,4803,4803,52c3943,688141,688467,697874,697974,9.407000,9.733000
152,3123,3123,4c33940,616181,616507,704942,705042,88.435000,88.761000
152,2115,2115,4843940,697854,698180,739887,739987,41.707000,42.033000
152,1532,1532,45fc940,728463,728797,745917,746017,17.120000,17.454000
152,2211,2211,48a3941,638869,639195,751936,752036,112.741000,113.067000
152,1875,1875,4753941,652859,653185,773691,773791,120.506000,120.832000
152,3411,3411,4d53941,676951,677277,782351,782451,105.074000,105.400000
152,4458,4458,516a941,632508,632842,811505,811605,178.663000,178.997000
152,867,867,4363941,810309,810635,818896,818996,8.261000,8.587000
152,6358,6358,58d6942,819400,819734,835919,836019,16.185000,16.519000
152,2307,2307,4903943,389298,389624,852060,852160,462.436000,462.762000
152,5782,5782,5696941,839418,839752,864508,864608,24.756000,25.090000
152,1996,1996,47cc943,802722,803056,875259,875359,72.203000,72.537000
152,2476,2476,49ac941,781149,781483,881273,881373,99.790000,100.124000
152,1827,1827,4723942,872425,872751,886030,886130,13.279000,13.605000
152,6387,6387,58f3941,848888,849214,897343,897443,48.129000,48.455000
152,5523,5523,5593943,802120,802446,902542,902642,100.096000,100.422000
152,6099,6099,57d3941,906343,906669,925618,925718,18.949000,19.275000
152,3171,3171,4c63942,770890,771216,943207,943307,171.991000,172.317000
152,4890,4890,531a940,909510,909844,954700,954800,44.856000,45.190000
152,4611,4611,5203940,946010,946336,960080,960180,13.744000,14.070000
152,2898,2898,4b52943,895773,896107,979934,980034,83.827000,84.161000
152,3747,3747,4ea3941,1002021,1002347,1032875,1032974,30.528000,30.854000
152,1868,1868,474c940,1055355,1055689,1080635,1080735,24.946000,25.280000
152,4851,4851,52f3941,1012340,1012666,1121128,1121228,108.462000,108.788000
152,2067,2067,4813942,1108644,1108970,1125916,1126016,16.946000,17.272000
152,3580,3580,4dfc942,1048469,1048803,1150631,1150731,101.828000,102.162000
152,2739,2739,4ab3942,1291877,1292203,1300582,1300682,8.379000,8.705000
152,3354,3354,4d1a943,1285164,1285498,1343975,1344075,58.477000,58.811000
152,2956,2956,4b8c941,1496321,1496655,1505276,1505376,8.621000,8.955000
152,5562,5562,55ba943,1776491,1776825,1796482,1796582,19.657000,19.991000
152,2148,2148,4864942,1800053,1800387,1812229,1812329,11.842000,12.176000
153,1626,1626,465a941,124703,125037,140789,140889,15.752000,16.086000
153,3052,3052,4bec942,149922,150256,161205,161305,10.949000,11.283000
153,4797,4797,52bd940,129911,130236,166944,167044,36.708000,37.033000
153,3595,3595,4e0b943,130852,131178,172724,172824,41.546000,41.872000
153,1555,1555,4613941,175948,176274,188453,188553,12.179000,12.505000
153,2087,2087,4827941,150864,151190,193272,193372,42.082000,42.408000
153,499,499,41f3943,174225,174551,293176,293276,118.625000,118.951000
153,2711,2711,4a97942,292491,292817,310416,310516,17.599000,17.925000
153,237,237,40ed941,304755,305081,351267,351367,46.186000,46.512000
153,426,426,41aa940,332431,332765,363044,363144,30.279000,30.613000
153,3069,3069,4bfd941,360639,360965,385486,385586,24.521000,24.847000
153,988,988,43dc942,282593,282927,401852,401952,118.925000,119.259000
153,3149,3149,4c4d942,443759,444085,458451,458551,14.366000,14.692000
153,3787,3787,4ecb943,158826,159152,474812,474912,315.660000,315.986000
153,2541,2541,49ed942,479633,479959,521021,521122,41.062000,41.388000
153,557,557,422d942,552144,552470,564175,564275,11.705000,12.031000
153,5323,5323,54cb943,555423,555749,568713,568813,12.964000,13.290000
153,3197,3197,4c7d941,558927,559253,610380,610480,51.127000,51.453000
153,2682,2682,4a7a940,705072,705406,722363,722463,16.957000,17.291000
153,4109,4109,500d940,684665,684991,728117,728217,43.126000,43.452000
153,1533,1533,45fd940,735492,735818,793965,794065,58.147000,58.473000
153,1050,1050,441a942,788862,789196,798797,798897,9.601000,9.935000
153,4459,4459,516b941,652218,652544,817340,817440,164.796000,165.122000
153,6359,6359,58d7942,830631,830957,850572,850672,19.615000,19.941000
153,1997,1997,47cd943,809720,810046,908286,908386,98.240000,98.566000
153,2236,2236,48bc940,919313,919647,937459,937559,17.812000,18.146000
153,2477,2477,49ad941,794051,794377,948930,949030,154.553000,154.879000
153,2899,2899,4b53943,935767,936093,963962,964062,27.869000,28.195000
153,5783,5783,5697941,854246,854572,997584,997684,143.012000,143.338000
153,4891,4891,531b940,926783,927109,1003508,1003608,76.399000,76.725000
153,1869,1869,474d940,1068482,1068808,1086366,1086466,17.558000,17.884000
153,3581,3581,4dfd942,1077842,1078168,1179571,1179671,101.403000,101.729000
153,4252,4252,509c942,1167133,1167467,1185312,1185412,17.845000,18.179000
153,5260,5260,548c942,1153754,1154088,1238638,1238738,84.550000,84.884000
153,3355,3355,4d1b943,1292171,1292497,1349922,1350022,57.425000,57.751000
153,4780,4780,52ac942,1355062,1355396,1380378,1380478,24.982000,25.316000
153,2957,2957,4b8d941,1503341,1503667,1517376,1517476,13.709000,14.035000
153,4732,4732,527c943,1621512,1621846,1634030,1634130,12.184000,12.518000
153,4444,4444,515c943,1770851,1771185,1790554,1790654,19.369000,19.703000
153,5563,5563,55bb943,1790418,1790744,1814128,1814228,23.384000,23.710000
153,2149,2149,4865942,1807031,1807357,1819289,1819389,11.932000,12.258000
154,1627,1627,465b941,131674,132000,161021,161121,29.021000,29.347000
154,3053,3053,4bed942,156857,157183,167113,167213,9.930000,10.256000
154,3484,3484,4d9c942,122598,122932,172840,172940,49.908000,50.242000
154,4798,4798,52be940,136873,137207,227914,228014,90.707000,91.041000
154,138,138,408a943,231389,231723,249201,249301,17.478000,17.812000
154,2202,2202,489a942,149781,150115,272328,272428,122.213000,122.547000
154,748,748,42ec943,244612,244946,278305,278405,33.359000,33.693000
154,238,238,40ee941,311787,312121,363323,363423,51.202000,51.536000
154,427,427,41ab940,339408,339734,379440,379540,39.706000,40.032000
154,3070,3070,4bfe941,377894,378228,396766,396866,18.538000,18.872000
154,989,989,43dd942,320796,321122,436890,436990,115.768000,116.094000
154,6042,6042,579a940,371767,372101,503925,504025,131.824000,132.158000
154,3150,3150,4c4e942,450824,451158,521153,521252,69.995000,70.329000
154,2542,2542,49ee942,486741,487075,541995,542095,54.920000,55.254000
154,4204,4204,506c941,543680,544014,559322,559422,15.308000,15.642000
154,558,558,422e942,559133,559467,570006,570106,10.539000,10.873000
154,3198,3198,4c7e941,581448,581782,622241,622341,40.459000,40.793000
154,5740,5740,566c940,624510,624844,703191,703291,78.347000,78.681000
154,4110,4110,500e940,691701,692035,714784,714884,22.749000,23.083000
154,2683,2683,4a7b940,714836,715162,728006,728106,12.844000,13.170000
154,1534,1534,45fe940,742476,742810,788487,788587,45.677000,46.011000
154,1051,1051,441b942,795822,796148,804924,805024,8.776000,9.102000
154,2634,2634,4a4a942,801328,801662,828974,829074,27.312000,27.646000
154,4074,4074,4fea940,892990,893324,904428,904528,11.104000,11.438000
154,2237,2237,48bd940,932166,932492,945273,945373,12.781000,13.107000
154,5836,5836,56cc943,950398,950732,974423,974523,23.691000,24.025000
154,1998,1998,47ce943,816706,817040,985925,986025,168.885000,169.219000
154,2478,2478,49ae941,812776,813110,1026811,1026911,213.701000,214.035000
154,1870,1870,474e940,1075543,1075877,1091900,1092000,16.023000,16.357000
154,4650,4650,522a941,1157008,1157342,1185344,1185444,28.002000,28.336000
154,3582,3582,4dfe942,1106847,1107181,1191096,1191196,83.915000,84.249000
154,4253,4253,509d942,1178742,1179068,1196868,1196968,17.800000,18.126000
154,3258,3258,4cba943,1154073,1154407,1262253,1262353,107.846000,108.180000
154,5261,5261,548d942,1173180,1173506,1273821,1273921,100.315000,100.641000
154,1612,1612,464c941,1259206,1259540,1320373,1320473,60.833000,61.167000
154,4781,4781,52ad942,1375189,1375515,1392211,1392311,16.696000,17.022000
154,2958,2958,4b8e941,1510385,1510719,1524440,1524540,13.721000,14.055000
154,4733,4733,527d943,1628461,1628787,1641123,1641223,12.336000,12.662000
154,4445,4445,515d943,1777937,1778263,1802404,1802504,24.141000,24.467000
154,2150,2150,4866942,1814054,1814388,1826631,1826731,12.243000,12.577000
154,3292,3292,4cdc941,1940461,1940795,1953227,1953327,12.432000,12.766000
154,4828,4828,52dc941,2225461,2225795,2237997,2238097,12.202000,12.536000
155,3054,3054,4bee942,167344,167678,178567,178667,10.889000,11.223000
155,3485,3485,4d9d942,129659,129986,216314,216414,86.328000,86.655000
155,2203,2203,489b942,191534,191860,243279,243379,51.419000,51.745000
155,139,139,408b943,238438,238764,255990,256090,17.226000,17.552000
155,4799,4799,52bf940,143844,144170,260840,260941,116.670000,116.996000
155,5980,5980,575c942,131802,132136,266541,266641,134.405000,134.739000
155,749,749,42ed943,251596,251922,295521,295621,43.599000,43.925000
155,239,239,40ef941,318759,319085,391176,391276,72.091000,72.417000
155,3071,3071,4bff941,385183,385509,402315,402415,16.806000,17.132000
155,6043,6043,579b940,378710,379036,492979,493079,113.943000,114.269000
155,990,990,43de942,361969,362303,498230,498330,135.927000,136.261000
155,3151,3151,4c4f942,457881,458207,502751,502851,44.544000,44.870000
155,2543,2543,49ef942,493800,494126,553255,553355,59.129000,59.455000
155,559,559,422f942,566091,566417,575913,576013,9.496000,9.822000
155,4205,4205,506d941,550697,551023,605550,605650,54.527000,54.853000
155,3199,3199,4c7f941,599630,599956,627804,627904,27.848000,28.174000
155,2812,2812,4afc942,650439,650773,654750,654850,3.977000,4.311000
155,5741,5741,566d940,631596,631922,692999,693099,61.077000,61.403000
155,4111,4111,500f940,701699,702025,715969,716069,13.944000,14.270000
155,3724,3724,4e8c943,697678,698012,747984,748084,49.972000,50.306000
155,1535,1535,45ff940,781534,781860,794502,794602,12.642000,12.968000
155,2635,2635,4a4b942,808303,808629,849647,849747,41.018000,41.344000
155,2479,2479,49af941,837325,837651,881279,881379,43.628000,43.954000
155,4075,4075,4feb940,904511,904837,915995,916095,11.158000,11.484000
155,2238,2238,48be940,939249,939583,951294,951394,11.711000,12.045000
155,5837,5837,56cd943,957417,957743,980166,980266,22.423000,22.749000
155,3244,3244,4cac943,919579,919913,991747,991847,71.834000,72.168000
155,1194,1194,44aa942,939101,939435,1009426,1009526,69.991000,70.325000
155,1999,1999,47cf943,823704,824030,1044182,1044282,220.152000,220.478000
155,2970,2970,4b9a943,1005874,1006208,1050157,1050257,43.949000,44.283000
155,220,220,40dc943,1039616,1039950,1074995,1075095,35.045000,35.379000
155,1871,1871,474f940,1082673,1082999,1103251,1103351,20.252000,20.578000
155,2620,2620,4a3c943,1110779,1111113,1124572,1124672,13.459000,13.793000
155,4651,4651,522b941,1173336,1173662,1185981,1186081,12.319000,12.645000
155,4254,4254,509e942,1185769,1186103,1208475,1208575,22.372000,22.706000
155,3583,3583,4dff942,1136369,1136695,1250751,1250851,114.056000,114.382000
155,3259,3259,4cbb943,1195750,1196076,1285430,1285530,89.354000,89.680000
155,1613,1613,464d941,1266245,1266571,1296954,1297054,30.383000,30.709000
155,5262,5262,548e942,1180078,1180412,1302751,1302851,122.339000,122.673000
155,4782,4782,52ae942,1382209,1382543,1397954,1398054,15.411000,15.745000
155,4026,4026,4fba943,1392537,1392871,1429033,1429133,36.162000,36.496000
155,2959,2959,4b8f941,1522438,1522764,1531409,1531509,8.645000,8.971000
155,6186,6186,582a941,1628126,1628460,1647040,1647140,18.580000,18.914000
155,4734,4734,527e943,1635492,1635826,1652871,1652971,17.045000,17.379000
155,4446,4446,515e943,1784970,1785304,1808356,1808456,23.052000,23.386000
155,2151,2151,4867942,1821112,1821438,1833646,1833746,12.208000,12.534000
155,3293,3293,4cdd941,1947487,1947813,1960333,1960433,12.520000,12.846000
155,4829,4829,52dd941,2232487,2232813,2245155,2245255,12.342000,12.668000
156,3055,3055,4bef942,174279,174605,186598,186698,11.993000,12.319000
156,3486,3486,4d9e942,136708,137042,259429,259530,122.387000,122.721000
156,2874,2874,4b3a941,246786,247120,276658,276758,29.538000,29.872000
156,282,282,411a942,152940,153274,293792,293892,140.518000,140.852000
156,750,750,42ee943,270462,270796,311546,311646,40.750000,41.084000
156,3498,3498,4daa943,171527,171861,375170,375270,203.309000,203.643000
156,5981,5981,575d942,138785,139111,392839,392939,253.728000,254.054000
156,991,991,43df942,402577,402903,421403,421503,18.500000,18.826000
156,4206,4206,506e941,557710,558044,566697,566797,8.653000,8.987000
156,1900,1900,476c941,424844,425178,571570,571670,146.392000,146.726000
156,2813,2813,4afd942,655891,656217,669965,670065,13.748000,14.074000
156,3004,3004,4bbc941,542889,543223,703324,703424,160.101000,160.435000
156,5742,5742,566e940,639851,640185,715011,715111,74.826000,75.160000
156,3725,3725,4e8d943,708164,708490,726605,726705,18.115000,18.441000
156,1818,1818,471a943,710564,710898,732329,732429,21.431000,21.765000
156,4218,4218,507a943,628590,628924,780924,781024,152.000000,152.334000
156,5500,5500,557c942,795317,795651,820052,820152,24.401000,24.735000
156,3245,3245,4cad943,943932,944258,963827,963927,19.569000,19.895000
156,5838,5838,56ce943,964422,964756,975392,975492,10.636000,10.970000
156,2239,2239,48bf940,946264,946590,1014260,1014360,67.670000,67.996000
156,2971,2971,4b9b943,1014676,1015002,1026007,1026107,11.005000,11.331000
156,1195,1195,44ab942,946115,946441,1043503,1043604,97.062000,97.388000
156,2394,2394,495a943,987959,988293,1060743,1060843,72.450000,72.784000
156,221,221,40dd943,1046715,1047041,1079513,1079613,32.472000,32.798000
156,4348,4348,50fc943,1119815,1120149,1128858,1128958,8.709000,9.043000
156,2621,2621,4a3d943,1117885,1118211,1133447,1133547,15.236000,15.562000
156,4255,4255,509f942,1195684,1196010,1209618,1209718,13.608000,13.934000
156,1614,1614,464e941,1284162,1284496,1296712,1296812,12.216000,12.550000
156,5263,5263,548f942,1187062,1187388,1319780,1319880,132.392000,132.718000
156,4783,4783,52af942,1391377,1391703,1400297,1400397,8.594000,8.920000
156,4027,4027,4fbb943,1399589,1399915,1412284,1412384,12.369000,12.695000
156,3834,3834,4efa942,1511381,1511715,1549110,1549210,37.395000,37.729000
156,6028,6028,578c943,1520094,1520428,1584431,1584531,64.003000,64.337000
156,6187,6187,582b941,1635120,1635446,1652939,1653039,17.493000,17.819000
156,4735,4735,527f943,1642494,1642820,1658871,1658971,16.051000,16.377000
156,4447,4447,515f943,1792056,1792382,1826841,1826941,34.459000,34.785000
156,3294,3294,4cde941,1954519,1954853,1967442,1967542,12.589000,12.923000
156,4830,4830,52de941,2239519,2239853,2252543,2252643,12.690000,13.024000
157,5982,5982,575e942,145843,146177,163315,163415,17.138000,17.472000
157,283,283,411b942,160014,160340,190737,190837,30.397000,30.723000
157,4362,4362,510a942,169911,170245,201198,201298,30.953000,31.287000
157,810,810,432a943,200566,200900,209495,209595,8.595000,8.929000
157,3487,3487,4d9f942,143722,144048,282370,282470,138.322000,138.648000
157,2875,2875,4b3b941,258572,258898,300298,300398,41.400000,41.726000
157,474,474,41da941,271810,272144,317289,317389,45.145000,45.479000
157,751,751,42ef943,281665,281991,340315,340415,58.324000,58.650000
157,3499,3499,4dab943,244851,245177,381078,381178,135.901000,136.227000
157,3738,3738,4e9a943,387073,387407,456783,456883,69.376000,69.710000
157,4207,4207,506f941,564658,564984,573759,573859,8.775000,9.101000
157,1901,1901,476d941,439624,439950,600212,600312,160.262000,160.588000
157,2814,2814,4afe942,662876,663210,675852,675952,12.642000,12.976000
157,3005,3005,4bbd941,598324,598650,712313,712413,113.663000,113.989000
157,5743,5743,566f940,689766,690092,738119,738219,48.027000,48.353000
157,1819,1819,471b943,717588,717914,743875,743975,25.961000,26.287000
157,3726,3726,4e8e943,720035,720369,749661,749761,29.292000,29.626000
157,4219,4219,507b943,778886,779212,790878,790978,11.666000,11.992000
157,5501,5501,557d942,805724,806050,831636,831736,25.586000,25.912000
157,4506,4506,519a941,855657,855991,903627,903727,47.636000,47.970000
157,2442,2442,498a940,648190,648524,971552,971652,323.028000,323.362000
157,5839,5839,56cf943,971462,971788,986901,987001,15.113000,15.439000
157,3246,3246,4cae943,955772,956106,992687,992787,36.581000,36.915000
157,2395,2395,495b943,994913,995239,1072592,1072692,77.353000,77.679000
157,222,222,40de943,1065671,1066005,1096836,1096936,30.831000,31.165000
157,4349,4349,50fd943,1126774,1127100,1135706,1135806,8.606000,8.932000
157,2622,2622,4a3e943,1125037,1125371,1140484,1140584,15.113000,15.447000
157,5802,5802,56aa940,1154616,1154950,1215372,1215472,60.422000,60.756000
157,1615,1615,464f941,1291125,1291451,1325494,1325594,34.043000,34.369000
157,3835,3835,4efb942,1518410,1518736,1572676,1572776,53.940000,54.266000
157,6029,6029,578d943,1533637,1533963,1590434,1590534,56.471000,56.797000
157,3295,3295,4cdf941,1961545,1961871,1974442,1974542,12.571000,12.897000
157,4831,4831,52df941,2246545,2246871,2259507,2259607,12.636000,12.962000
158,666,666,429a940,178551,178885,190924,191024,12.039000,12.373000
158,811,811,432b943,207604,207930,216494,216594,8.564000,8.890000
158,330,330,414a941,182424,182758,264815,264915,82.057000,82.391000
158,4363,4363,510b942,176940,177266,294399,294499,117.133000,117.459000
158,5706,5706,564a942,272730,273064,311686,311786,38.622000,38.956000
158,475,475,41db941,293122,293448,345987,346087,52.539000,52.865000
158,90,90,405a940,403862,404196,410534,410634,6.338000,6.672000
158,5983,5983,575f942,152937,153263,462623,462723,309.360000,309.686000
158,3739,3739,4e9b943,397710,398036,468472,468572,70.436000,70.762000
158,1290,1290,450a940,498303,498637,532926,533026,34.289000,34.623000
158,1902,1902,476e941,524440,524774,600100,600200,75.326000,75.660000
158,42,42,402a940,604925,605259,618136,618236,12.877000,13.211000
158,2815,2815,4aff942,669946,670272,682678,682778,12.406000,12.732000
158,2443,2443,498b940,655177,655503,688570,688670,33.067000,33.393000
158,3006,3006,4bbe941,621755,622089,724355,724455,102.266000,102.600000
158,6234,6234,585a943,696990,697324,729157,729257,31.833000,32.167000
158,3727,3727,4e8f943,727003,727329,755537,755637,28.208000,28.534000
158,6378,6378,58ea941,796721,797055,814411,814511,17.356000,17.690000
158,5502,5502,557e942,819439,819773,848905,849005,29.132000,29.466000
158,3882,3882,4f2a940,827678,828012,885085,885185,57.073000,57.407000
158,4507,4507,519b941,870565,870891,902684,902784,31.793000,32.119000
158,3247,3247,4caf943,962788,963114,998318,998418,35.204000,35.530000
158,223,223,40df943,1072747,1073073,1088856,1088956,15.783000,16.109000
158,1578,1578,462a941,1098059,1098393,1136039,1136139,37.646000,37.980000
158,4350,4350,50fe943,1133761,1134095,1142855,1142955,8.760000,9.094000
158,2623,2623,4a3f943,1132143,1132469,1147810,1147910,15.341000,15.667000
158,186,186,40ba943,995001,995335,1171229,1171329,175.894000,176.228000
158,5803,5803,56ab940,1176079,1176405,1238920,1239020,62.515000,62.841000
158,2298,2298,48fa941,1330528,1330862,1343194,1343294,12.332000,12.666000
158,6030,6030,578e943,1551966,1552300,1597494,1597594,45.194000,45.528000
159,667,667,429b940,185529,185855,198108,198208,12.253000,12.579000
159,5707,5707,564b942,293445,293771,317691,317791,23.920000,24.246000
159,91,91,405b940,410831,411157,422044,422144,10.887000,11.213000
159,331,331,414b941,255251,255577,427781,427881,172.204000,172.530000
159,1291,1291,450b940,514845,515170,558951,559051,43.781000,44.106000
159,1903,1903,476f941,548067,548393,611678,611778,63.285000,63.611000
159,43,43,402b940,611902,612228,629787,629887,17.559000,17.885000
159,3007,3007,4bbf941,662999,663325,718487,718587,55.162000,55.488000
159,6235,6235,585b943,717973,718299,734950,735050,16.651000,16.977000
159,6379,6379,58eb941,803620,803946,820322,820422,16.376000,16.702000
159,5503,5503,557f942,830768,831094,854681,854781,23.587000,23.913000
159,3883,3883,4f2b940,835675,836001,938827,938927,102.826000,103.152000
159,4351,4351,50ff943,1140723,1141049,1149724,1149824,8.675000,9.001000
159,1579,1579,462b941,1114882,1115208,1154509,1154609,39.301000,39.627000
159,187,187,40bb943,1078002,1078328,1194706,1194806,116.378000,116.704000
159,2299,2299,48fb941,1337513,1337839,1357014,1357114,19.175000,19.501000
159,6031,6031,578f943,1566181,1566507,1604559,1604659,38.052000,38.378000
160,3020,3020,4bcc942,456754,457088,470271,470371,13.183000,13.517000
160,5420,5420,552c943,602815,603149,613043,613143,9.894000,10.228000
160,5180,5180,543c941,778982,779316,790528,790628,11.212000,11.546000
160,1004,1004,43ec942,795701,796035,810165,810265,14.130000,14.464000
160,6284,6284,588c941,1234301,1234635,1267524,1267624,32.889000,33.223000
160,5084,5084,53dc942,1335595,1335929,1344486,1344586,8.557000,8.891000
160,6332,6332,58bc943,1450716,1451050,1459585,1459685,8.535000,8.869000
161,2108,2108,483c941,170353,170687,180230,180330,9.543000,9.877000
161,3021,3021,4bcd942,463729,464055,476789,476889,12.734000,13.060000
161,1340,1340,453c943,581791,582125,591512,591612,9.387000,9.721000
161,5421,5421,552d943,609850,610176,618706,618806,8.530000,8.856000
161,5181,5181,543d941,785957,786283,796440,796540,10.157000,10.483000
161,1005,1005,43ed942,802728,803054,817243,817343,14.189000,14.515000
161,908,908,438c942,807820,808154,868512,868612,60.358000,60.692000
161,5372,5372,54fc943,1107233,1107567,1202471,1202571,94.904000,95.238000
161,6285,6285,588d941,1255163,1255489,1273515,1273615,18.026000,18.352000
161,5085,5085,53dd942,1342604,1342930,1351508,1351608,8.578000,8.904000
161,6333,6333,58bd943,1457700,1458026,1466632,1466732,8.606000,8.932000
162,2109,2109,483d941,177979,178305,191904,192004,13.599000,13.925000
162,620,620,426c940,226593,226927,237816,237916,10.889000,11.223000
162,2348,2348,492c941,331678,332012,436484,436584,104.472000,104.806000
162,3164,3164,4c5c943,408092,408426,489662,489762,81.236000,81.570000
162,3308,3308,4cec942,499756,500090,541742,541842,41.652000,41.986000
162,1341,1341,453d943,588757,589083,601922,602022,12.839000,13.165000
162,909,909,438d942,859232,859558,884799,884899,25.241000,25.567000
162,5373,5373,54fd943,1130612,1130938,1196533,1196633,65.595000,65.921000
162,4940,4940,534c940,1376967,1377301,1385910,1386010,8.609000,8.943000
163,5900,5900,570c942,125789,126123,142104,142204,15.981000,16.315000
163,621,621,426d940,238136,238462,249623,249723,11.161000,11.487000
163,3932,3932,4f5c942,223620,223954,330978,331078,107.024000,107.358000
163,3212,3212,4c8c943,282117,282451,336812,336912,54.361000,54.695000
163,2349,2349,492d941,376946,377272,471188,471288,93.916000,94.242000
163,3165,3165,4c5d943,415160,415486,501482,501582,85.996000,86.322000
163,3309,3309,4ced942,511261,511587,547665,547765,36.078000,36.404000
163,5036,5036,53ac940,696941,697275,705874,705974,8.599000,8.933000
163,2060,2060,480c941,777998,778332,801143,801243,22.811000,23.145000
163,3404,3404,4d4c943,807103,807437,945171,945271,137.734000,138.068000
163,4941,4941,534d940,1383971,1384297,1392887,1392987,8.590000,8.916000
164,368,368,4170942,21051,21385,29934,30034,8.549000,8.883000
164,1472,1472,45c0943,32050,32385,40746,40846,8.361000,8.696000
164,5504,5504,5580942,37051,37385,45905,46005,8.520000,8.854000
164,5901,5901,570d942,132677,133003,180341,180441,47.338000,47.664000
164,4976,4976,5370942,197051,197385,203589,203689,6.204000,6.538000
164,3933,3933,4f5d942,230651,230977,243091,243191,12.114000,12.440000
164,1664,1664,4680942,250051,250385,271237,271337,20.852000,21.186000
164,3213,3213,4c8d943,289080,289406,327848,327948,38.442000,38.768000
164,5037,5037,53ad940,703885,704211,712803,712903,8.592000,8.918000
164,2012,2012,47dc942,690509,690843,717421,717521,26.578000,26.912000
164,4412,4412,513c941,729563,729897,802894,802994,72.997000,73.331000
164,2061,2061,480d941,785003,785329,809375,809475,24.046000,24.372000
164,4256,4256,50a0941,864208,864542,895722,895822,31.180000,31.514000
164,3405,3405,4d4d943,815144,815470,1030518,1030618,215.048000,215.374000
164,2152,2152,4868942,1828159,1828493,1837094,1837194,8.601000,8.935000
165,369,369,4171942,28015,28341,36888,36988,8.547000,8.873000
165,1473,1473,45c1943,39017,39343,47659,47759,8.316000,8.642000
165,5505,5505,5581942,43986,44312,52799,52899,8.487000,8.813000
165,1724,1724,46bc941,117730,118064,136567,136667,18.503000,18.837000
165,4977,4977,5371942,204028,204354,210482,210582,6.128000,6.454000
165,1665,1665,4681942,257054,257381,276904,277004,19.523000,19.850000
165,572,572,423c940,271305,271639,290134,290234,18.495000,18.829000
165,2013,2013,47dd942,697539,697865,797048,797148,99.183000,99.509000
165,3644,3644,4e3c942,813914,814248,826943,827043,12.695000,13.029000
165,4413,4413,513d941,790576,790902,832018,832118,41.116000,41.442000
165,5612,5612,55ec940,756401,756735,844286,844386,87.551000,87.885000
165,4257,4257,50a1941,871526,871852,913384,913484,41.532000,41.858000
165,2153,2153,4869942,1835217,1835543,1844085,1844185,8.542000,8.868000
166,370,370,4172942,35032,35366,43956,44056,8.590000,8.924000
166,1474,1474,45c2943,46014,46348,54705,54805,8.357000,8.691000
166,5506,5506,5582942,51000,51334,59893,59993,8.559000,8.893000
166,1120,1120,4460942,73051,73385,109928,110028,36.543000,36.877000
166,1725,1725,46bd941,124696,125022,146472,146572,21.450000,21.776000
166,1556,1556,4614941,182963,183297,191985,192085,8.688000,9.022000
166,500,500,41f4943,181193,181527,196883,196983,15.356000,15.690000
166,2088,2088,4828941,157892,158226,203137,203237,44.911000,45.245000
166,4978,4978,5372942,211011,211345,217612,217712,6.267000,6.601000
166,573,573,423d940,288512,288838,297175,297275,8.337000,8.663000
166,2712,2712,4a98942,304781,305115,332125,332225,27.010000,27.344000
166,1666,1666,4682942,264132,264466,337178,337278,72.712000,73.046000
166,860,860,435c943,242512,242846,373000,373100,130.154000,130.488000
166,1100,1100,444c941,293161,293495,470894,470994,177.399000,177.733000
166,3808,3808,4ee0941,500944,501278,541653,541753,40.375000,40.709000
166,5872,5872,56f0940,597245,597579,651628,651728,54.049000,54.383000
166,2176,2176,4880940,694051,694385,702722,702822,8.337000,8.671000
166,3452,3452,4d7c943,718263,718597,749454,749554,30.857000,31.191000
166,5613,5613,55ed940,763485,763811,837758,837858,73.947000,74.273000
166,3645,3645,4e3d942,820913,821239,842249,842349,21.010000,21.336000
166,5784,5784,5698941,861229,861563,867825,867925,6.262000,6.596000
166,6360,6360,58d8942,837607,837941,872782,872882,34.841000,35.175000
166,524,524,420c940,678527,678861,947646,947746,268.785000,269.119000
166,2252,2252,48cc943,819317,819651,953486,953586,133.835000,134.169000
166,6160,6160,5810942,885963,886297,978334,978434,92.037000,92.371000
166,4258,4258,50a2941,900798,901132,984123,984223,82.991000,83.325000
166,2900,2900,4b54943,958708,959042,989884,989984,30.842000,31.176000
166,6256,6256,5870943,1147690,1148024,1170679,1170779,22.655000,22.989000
166,1840,1840,4730940,1316051,1316385,1325040,1325140,8.655000,8.989000
166,2154,2154,486a942,1842264,1842598,1851121,1851221,8.523000,8.857000
167,371,371,4173942,42037,42363,50910,51010,8.547000,8.873000
167,1475,1475,45c3943,52980,53306,61618,61718,8.312000,8.638000
167,5507,5507,5583942,57978,58304,66787,66887,8.483000,8.809000
167,1121,1121,4461942,80015,80341,140746,140846,60.405000,60.731000
167,1540,1540,4604943,135380,135714,174471,174571,38.757000,39.091000
167,1156,1156,4484943,157223,157557,187552,187652,29.995000,30.329000
167,501,501,41f5943,188242,188568,197624,197724,9.056000,9.382000
167,1557,1557,4615941,189946,190272,202556,202656,12.284000,12.610000
167,2089,2089,4829941,189330,189656,208696,208796,19.040000,19.366000
167,4979,4979,5373942,217988,218314,224526,224626,6.212000,6.538000
167,4660,4660,5234940,222818,223152,229686,229786,6.534000,6.868000
167,3076,3076,4c04940,213131,213465,234565,234665,21.100000,21.434000
167,4948,4948,5354943,183505,183839,267803,267903,83.964000,84.298000
167,1204,1204,44b4942,268487,268821,283248,283348,14.427000,14.761000
167,4,4,4004942,254378,254712,310535,310635,55.823000,56.157000
167,1300,1300,4514941,291159,291493,337668,337768,46.175000,46.509000
167,2713,2713,4a99942,316300,316626,348827,348927,32.201000,32.527000
167,1667,1667,4683942,271136,271462,353700,353800,82.238000,82.564000
167,861,861,435d943,355487,355813,389555,389655,33.742000,34.068000
167,4468,4468,5174941,387132,387466,400730,400830,13.264000,13.598000
167,2788,2788,4ae4942,378113,378447,428585,428685,50.138000,50.472000
167,3364,3364,4d24940,414158,414492,441432,441532,26.940000,27.274000
167,4228,4228,5084942,430159,430493,486653,486753,56.160000,56.494000
167,1101,1101,444d941,301198,301524,495477,495577,193.953000,194.279000
167,1972,1972,47b4943,347029,347363,501262,501362,153.899000,154.233000
167,1684,1684,4694943,505080,505414,544877,544977,39.463000,39.797000
167,820,820,4334943,295350,295684,557484,557584,261.800000,262.134000
167,5236,5236,5474941,512035,512370,562327,562427,49.957000,50.292000
167,3028,3028,4bd4942,557840,558174,584144,584244,25.970000,26.304000
167,3809,3809,4ee1941,525574,525900,588964,589064,63.064000,63.390000
167,2452,2452,4994940,476234,476568,612194,612294,135.626000,135.960000
167,3124,3124,4c34940,632537,632871,639085,639185,6.214000,6.548000
167,5284,5284,54a4941,635959,636293,687858,687958,51.565000,51.899000
167,5873,5873,56f1940,617326,617652,692656,692756,75.004000,75.330000
167,2212,2212,48a4941,659320,659654,707245,707345,47.591000,47.925000
167,2177,2177,4881940,701055,701381,711767,711867,10.386000,10.712000
167,4804,4804,52c4943,695161,695495,717316,717416,21.821000,22.155000
167,2116,2116,4844940,722127,722461,728778,728878,6.317000,6.651000
167,5668,5668,5624941,645985,646319,773893,773993,127.574000,127.908000
167,3453,3453,4d7d943,734266,734592,778415,778515,43.823000,44.149000
167,1876,1876,4754941,665109,665443,783964,784064,118.521000,118.855000
167,3412,3412,4d54941,687458,687792,789503,789603,101.711000,102.045000
167,6052,6052,57a4941,611134,611468,812523,812623,201.055000,201.389000
167,5524,5524,5594943,809188,809522,821246,821346,11.724000,12.058000
167,868,868,4364941,817322,817656,832498,832598,14.842000,15.176000
167,2308,2308,4904943,464385,464719,861207,861307,396.488000,396.822000
167,3172,3172,4c64942,815579,815913,873406,873506,57.493000,57.827000
167,5785,5785,5699941,868309,868635,878919,879019,10.284000,10.610000
167,6361,6361,58d9942,844816,845142,885526,885626,40.384000,40.710000
167,6388,6388,58f4941,861092,861426,891483,891583,30.057000,30.391000
167,1828,1828,4724942,879436,879770,941918,942018,62.148000,62.482000
167,6100,6100,57d4941,913393,913727,961953,962053,48.226000,48.560000
167,4612,4612,5204940,953038,953372,970477,970577,17.105000,17.439000
167,2253,2253,48cd943,865326,865652,1007163,1007263,141.511000,141.837000
167,525,525,420d940,685932,686258,1018665,1018765,332.407000,332.733000
167,6161,6161,5811942,897674,898000,1024352,1024452,126.352000,126.678000
167,4259,4259,50a3941,907801,908127,1041626,1041725,133.499000,133.825000
167,2901,2901,4b55943,965696,966022,1058847,1058947,92.825000,93.151000
167,4852,4852,52f4941,1019418,1019752,1104207,1104307,84.455000,84.789000
167,3748,3748,4ea4941,1025998,1026331,1127162,1127262,100.831000,101.164000
167,2068,2068,4814942,1115655,1115989,1135077,1135177,19.088000,19.422000
167,6257,6257,5871943,1154662,1154988,1177901,1178001,22.913000,23.239000
167,2740,2740,4ab4942,1298841,1299175,1311317,1311417,12.142000,12.476000
167,1841,1841,4731940,1323015,1323341,1336555,1336655,13.214000,13.540000
167,2155,2155,486b942,1849242,1849568,1858093,1858193,8.525000,8.851000
168,372,372,4174942,49054,49388,61448,61548,12.060000,12.394000
168,1476,1476,45c4943,59977,60311,74193,74293,13.882000,14.216000
168,5508,5508,5584942,64992,65326,80002,80102,14.676000,15.010000
168,1122,1122,4462942,93807,94141,144285,144385,50.144000,50.478000
168,4980,4980,5374942,224971,225305,237294,237394,11.989000,12.323000
168,3077,3077,4c05940,227123,227449,242837,242937,15.388000,15.714000
168,4949,4949,5355943,206826,207152,247659,247759,40.507000,40.833000
168,1157,1157,4485943,185685,186011,253376,253476,67.365000,67.691000
168,2090,2090,482a941,200759,201093,263943,264043,62.850000,63.184000
168,5,5,4005942,261381,261708,268464,268564,6.756000,7.083000
168,1541,1541,4605943,167800,168126,298294,298394,130.168000,130.494000
168,1301,1301,4515941,298164,298490,314090,314190,15.600000,15.926000
168,2714,2714,4a9a942,328385,328719,339121,339221,10.402000,10.736000
168,1205,1205,44b5942,278580,278906,356365,356465,77.459000,77.785000
168,502,502,41f6943,195216,195550,368027,368127,172.477000,172.811000
168,1668,1668,4684942,278213,278547,385362,385462,106.815000,107.149000
168,3596,3596,4e0c943,145844,146178,396752,396852,250.574000,250.908000
168,1973,1973,47b5943,391439,391765,407731,407831,15.966000,16.292000
168,1558,1558,4616941,196961,197295,412336,412436,215.041000,215.375000
168,4469,4469,5175941,394177,394503,420456,420556,25.953000,26.279000
168,4229,4229,5085942,437183,437509,454395,454495,16.886000,17.212000
168,3365,3365,4d25940,421213,421539,492327,492427,70.788000,71.114000
168,3788,3788,4ecc943,197508,197842,521319,521419,323.477000,323.811000
168,5237,5237,5475941,519087,519413,532042,532142,12.629000,12.955000
168,2789,2789,4ae5942,412255,412581,536870,536970,124.289000,124.615000
168,2453,2453,4995940,488505,488831,558925,559025,70.094000,70.420000
168,1685,1685,4695943,512045,512372,564490,564590,52.118000,52.445000
168,5324,5324,54cc943,565234,565568,577131,577231,11.563000,11.897000
168,821,821,4335943,394407,394733,593713,593813,198.980000,199.306000
168,3810,3810,4ee2941,532651,532985,606540,606640,73.555000,73.889000
168,3029,3029,4bd5942,574455,574781,615866,615966,41.085000,41.411000
168,5874,5874,56f2940,650459,650793,672072,672172,21.279000,21.613000
168,4661,4661,5235940,229806,230132,679488,679588,449.356000,449.682000
168,5285,5285,54a5941,644529,644855,683997,684097,39.142000,39.468000
168,5669,5669,5625941,653032,653358,688819,688919,35.461000,35.787000
168,4805,4805,52c5943,702175,702501,708822,708922,6.321000,6.647000
168,2213,2213,48a5941,680033,680359,721851,721951,41.492000,41.818000
168,2178,2178,4882940,708141,708475,736287,736387,27.812000,28.146000
168,3125,3125,4c35940,639541,639867,747832,747932,107.965000,108.291000
168,2117,2117,4845940,729139,729465,759290,759390,29.825000,30.151000
168,1877,1877,4755941,678857,679183,788220,788320,109.037000,109.363000
168,3413,3413,4d55941,704537,704863,799896,799996,95.033000,95.359000
168,869,869,4365941,824369,824695,833047,833147,8.352000,8.678000
168,6053,6053,57a5941,618072,618398,837890,837990,219.492000,219.818000
168,4460,4460,516c941,809773,810107,861043,861143,50.936000,51.270000
168,1829,1829,4725942,886476,886802,895445,895545,8.643000,8.969000
168,6362,6362,58da942,852173,852507,903319,903419,50.812000,51.146000
168,6389,6389,58f5941,889509,889835,920360,920460,30.525000,30.851000
168,3173,3173,4c65942,859532,859858,925809,925909,65.951000,66.277000
168,5525,5525,5595943,816217,816543,931614,931714,115.071000,115.397000
168,2309,2309,4905943,477767,478093,947041,947141,468.948000,469.274000
168,4613,4613,5205940,964945,965271,973982,974082,8.711000,9.037000
168,6162,6162,5812942,948081,948415,985540,985640,37.125000,37.459000
168,6101,6101,57d5941,920378,920704,997141,997241,76.437000,76.763000
168,2902,2902,4b56943,972801,973135,1008283,1008383,35.148000,35.482000
168,5786,5786,569a941,875292,875626,1021083,1021183,145.457000,145.791000
168,4892,4892,531c940,942357,942691,1026955,1027055,84.264000,84.598000
168,4260,4260,50a4941,941865,942199,1062208,1062308,120.009000,120.343000
168,3749,3749,4ea5941,1032968,1033293,1067969,1068069,34.676000,35.001000
168,4853,4853,52f5941,1069770,1070096,1132855,1132955,62.759000,63.085000
168,2069,2069,4815942,1126241,1126567,1137686,1137786,11.119000,11.445000
168,6258,6258,5872943,1161649,1161983,1170350,1170450,8.367000,8.701000
168,2741,2741,4ab5942,1305949,1306275,1314632,1314732,8.357000,8.683000
168,1842,1842,4732940,1330081,1330415,1348653,1348753,18.238000,18.572000
168,3356,3356,4d1c943,1306995,1307329,1360376,1360476,53.047000,53.381000
168,5564,5564,55bc943,1797411,1797745,1820034,1820134,22.289000,22.623000
168,2156,2156,486c942,1856265,1856599,1868667,1868767,12.068000,12.402000
169,373,373,4175942,56059,56385,68447,68547,12.062000,12.388000
169,1477,1477,45c5943,66943,67269,85810,85910,18.541000,18.867000
169,5509,5509,5585942,71970,72296,91619,91719,19.323000,19.649000
169,1123,1123,4463942,114884,115210,158330,158430,43.120000,43.446000
169,1628,1628,465c941,138774,139108,234670,234770,95.562000,95.896000
169,3597,3597,4e0d943,160025,160351,260472,260573,100.121000,100.447000
169,2091,2091,482b941,207715,208041,309783,309883,101.742000,102.068000
169,4981,4981,5375942,231948,232274,333380,333480,101.106000,101.432000
169,2715,2715,4a9b942,335363,335689,350605,350705,14.916000,15.242000
169,428,428,41ac940,346457,346791,379820,379920,33.029000,33.363000
169,503,503,41f7943,202244,202570,385262,385362,182.692000,183.018000
169,1669,1669,4685942,295054,295380,390893,390993,95.513000,95.839000
169,1559,1559,4617941,203944,204270,417867,417967,213.597000,213.923000
169,3789,3789,4ecd943,304546,304872,559128,559228,254.256000,254.582000
169,5325,5325,54cd943,574554,574880,588226,588326,13.346000,13.672000
169,3811,3811,4ee3941,552313,552639,694611,694711,141.972000,142.298000
169,5875,5875,56f3940,662245,662571,719082,719182,56.511000,56.837000
169,2684,2684,4a7c940,728304,728638,732594,732694,3.956000,4.290000
169,2179,2179,4883940,715145,715471,770933,771033,55.462000,55.788000
169,1052,1052,441c942,802781,803115,816640,816740,13.525000,13.859000
169,4461,4461,516d941,816744,817070,869565,869665,52.495000,52.821000
169,5787,5787,569b941,885060,885386,909320,909420,23.934000,24.260000
169,6363,6363,58db942,881103,881429,991376,991476,109.947000,110.273000
169,6163,6163,5813942,955113,955439,1002950,1003050,47.511000,47.837000
169,2903,2903,4b57943,1002961,1003287,1015449,1015549,12.162000,12.488000
169,4893,4893,531d940,959877,960203,1038778,1038878,78.575000,78.901000
169,4261,4261,50a5941,989617,989943,1085809,1085909,95.866000,96.192000
169,6259,6259,5873943,1168625,1168951,1177634,1177734,8.683000,9.009000
169,1843,1843,4733940,1337130,1337456,1354577,1354677,17.121000,17.447000
169,3357,3357,4d1d943,1331721,1332047,1386295,1386395,54.248000,54.574000
169,5565,5565,55bd943,1804423,1804749,1834017,1834117,29.268000,29.594000
169,2157,2157,486d942,1863243,1863569,1875689,1875789,12.120000,12.446000
170,374,374,4176942,63076,63410,75528,75628,12.118000,12.452000
170,5510,5510,5586942,78955,79289,91391,91491,12.102000,12.436000
170,1478,1478,45c6943,73945,74279,97453,97553,23.174000,23.508000
170,1629,1629,465d941,145847,146173,276996,277096,130.823000,131.149000
170,140,140,408c943,245379,245713,345296,345396,99.583000,99.917000
170,4982,4982,5376942,238959,239293,349787,349887,110.494000,110.828000
170,429,429,41ad940,353434,353760,391114,391214,37.354000,37.680000
170,1670,1670,4686942,388409,388743,407975,408075,19.232000,19.566000
170,2204,2204,489c942,232045,232379,489991,490091,257.612000,257.946000
170,6044,6044,579c940,385687,386021,498873,498973,112.852000,113.186000
170,2685,2685,4a7d940,733734,734060,740392,740492,6.332000,6.658000
170,1053,1053,441d942,809741,810067,822495,822595,12.428000,12.754000
170,2636,2636,4a4c942,822361,822695,861585,861685,38.890000,39.224000
170,4076,4076,4fec940,911487,911821,921602,921702,9.781000,10.115000
170,4262,4262,50a6941,1047360,1047695,1108848,1108948,61.153000,61.488000
170,4652,4652,522c941,1184306,1184640,1192953,1193053,8.313000,8.647000
170,3260,3260,4cbc943,1224391,1224725,1291327,1291427,66.602000,66.936000
170,2158,2158,486e942,1870266,1870600,1882825,1882925,12.225000,12.559000
171,375,375,4177942,70081,70407,82527,82627,12.120000,12.446000
171,5511,5511,5587942,85943,86269,103256,103356,16.987000,17.313000
171,1479,1479,45c7943,80911,81237,109130,109230,27.893000,28.219000
171,141,141,408d943,252472,252798,305665,305765,52.867000,53.193000
171,4983,4983,5377942,257020,257346,360850,360950,103.504000,103.830000
171,1671,1671,4687942,395413,395739,419231,419331,23.492000,23.818000
171,6045,6045,579d940,396777,397103,504852,504952,107.749000,108.075000
171,2205,2205,489d942,299939,300265,685625,685725,385.360000,385.686000
171,2637,2637,4a4d942,839637,839963,875078,875178,35.115000,35.441000
171,4077,4077,4fed940,921895,922221,928505,928605,6.284000,6.610000
171,2972,2972,4b9c943,1025312,1025647,1044560,1044660,18.913000,19.248000
171,1196,1196,44ac942,953111,953445,1079620,1079720,126.175000,126.509000
171,4263,4263,50a7941,1087434,1087760,1114764,1114864,27.004000,27.330000
171,4653,4653,522d941,1191307,1191633,1200444,1200544,8.811000,9.137000
171,3261,3261,4cbd943,1248636,1248962,1314495,1314595,65.533000,65.859000
171,4028,4028,4fbc943,1406651,1406985,1421725,1421825,14.740000,15.074000
171,6188,6188,582c941,1642149,1642483,1659980,1660080,17.497000,17.831000
171,2159,2159,486f942,1877324,1877650,1889765,1889865,12.115000,12.441000
172,284,284,411c942,168061,168395,276898,276998,108.503000,108.837000
172,2876,2876,4b3c941,270060,270394,332811,332911,62.417000,62.751000
172,3500,3500,4dac943,251879,252213,410203,410303,157.990000,158.324000
172,1820,1820,471c943,724631,724965,749501,749601,24.536000,24.870000
172,4220,4220,507c943,786012,786346,798130,798230,11.784000,12.118000
172,2973,2973,4b9d943,1032245,1032571,1043355,1043455,10.784000,11.110000
172,2396,2396,495c943,1053488,1053822,1078482,1078582,24.660000,24.994000
172,1197,1197,44ad942,960125,960451,1108686,1108786,148.235000,148.561000
172,4029,4029,4fbd943,1413703,1414029,1427811,1427911,13.782000,14.108000
172,3836,3836,4efc942,1526269,1526603,1543193,1543293,16.590000,16.924000
172,6189,6189,582d941,1649143,1649469,1667078,1667178,17.609000,17.935000
173,4364,4364,510c942,183917,184251,210523,210623,26.272000,26.606000
173,812,812,432c943,214628,214962,223545,223645,8.583000,8.917000
173,2877,2877,4b3d941,304816,305142,339835,339935,34.693000,35.019000
173,476,476,41dc941,310345,310679,363397,363497,52.718000,53.052000
173,285,285,411d942,191488,191814,404458,404558,212.644000,212.970000
173,3501,3501,4dad943,331591,331917,450871,450971,118.954000,119.280000
173,3740,3740,4e9c943,426820,427154,480269,480369,53.115000,53.449000
173,2444,2444,498c940,670964,671298,691848,691948,20.550000,20.884000
173,1821,1821,471d943,731655,731981,775485,775585,43.504000,43.830000
173,4221,4221,507d943,792955,793281,801750,801850,8.469000,8.795000
173,4508,4508,519c941,887969,888303,914939,915039,26.636000,26.970000
173,2397,2397,495d943,1060492,1060818,1159442,1159542,98.624000,98.950000
173,5804,5804,56ac940,1199633,1199967,1262337,1262437,62.370000,62.704000
173,3837,3837,4efd942,1534365,1534691,1555026,1555126,20.335000,20.661000
174,668,668,429c940,192559,192893,205178,205278,12.285000,12.619000
174,813,813,432d943,221671,221997,230576,230676,8.579000,8.905000
174,5708,5708,564c942,305355,305689,318635,318735,12.946000,13.280000
174,477,477,41dd941,356887,357213,365684,365784,8.471000,8.797000
174,332,332,414c941,267147,267481,396737,396837,129.256000,129.590000
174,4365,4365,510d942,204963,205289,403917,404017,198.628000,198.954000
174,92,92,405c940,417782,418116,427716,427816,9.600000,9.934000
174,3741,3741,4e9d943,467482,467808,492112,492212,24.304000,24.630000
174,1292,1292,450c940,556845,557179,612260,612360,55.081000,55.415000
174,44,44,402c940,618909,619243,634624,634724,15.381000,15.715000
174,2445,2445,498d940,686429,686755,704812,704912,18.057000,18.383000
174,6236,6236,585c943,731780,732114,740815,740915,8.701000,9.035000
174,6380,6380,58ec941,810606,810940,826344,826444,15.404000,15.738000
174,3884,3884,4f2c940,866119,866453,909304,909404,42.851000,43.185000
174,4509,4509,519d941,904249,904575,927051,927151,22.476000,22.802000
174,1580,1580,462c941,1132587,1132921,1177101,1177201,44.180000,44.514000
174,188,188,40bc943,1147879,1148213,1244779,1244879,96.566000,96.900000
174,5805,5805,56ad940,1223093,1223419,1274062,1274162,50.643000,50.969000
174,2300,2300,48fc941,1348229,1348563,1363996,1364096,15.433000,15.767000
175,669,669,429d940,199628,199954,212370,212470,12.416000,12.742000
175,5709,5709,564d942,316738,317064,325701,325801,8.637000,8.963000
175,333,333,414d941,274152,274478,410960,411060,136.482000,136.808000
175,93,93,405d940,428003,428329,439259,439359,10.930000,11.256000
175,1293,1293,450d940,570601,570927,623964,624064,53.037000,53.363000
175,45,45,402d940,632766,633092,648248,648348,15.156000,15.482000
175,6237,6237,585d943,738839,739165,747779,747879,8.614000,8.940000
175,6381,6381,58ed941,817605,817931,833315,833415,15.384000,15.710000
175,3885,3885,4f2d940,893817,894143,920998,921098,26.855000,27.181000
175,1581,1581,462d941,1147089,1147415,1200512,1200612,53.097000,53.423000
175,189,189,40bd943,1155499,1155825,1206364,1206464,50.539000,50.865000
175,2301,2301,48fd941,1362045,1362371,1371000,1371100,8.629000,8.955000
176,3022,3022,4bce942,475127,475461,483765,483865,8.304000,8.638000
176,5422,5422,552e943,616828,617162,625501,625601,8.339000,8.673000
176,5182,5182,543e941,792984,793318,808411,808511,15.093000,15.427000
176,1006,1006,43ee942,809768,810102,828764,828864,18.662000,18.996000
176,6286,6286,588e941,1266859,1267193,1280544,1280644,13.351000,13.685000
176,5086,5086,53de942,1349612,1349946,1363685,1363785,13.739000,14.073000
176,6334,6334,58be943,1464733,1465067,1473606,1473706,8.539000,8.873000
177,2110,2110,483e941,185067,185401,203607,203707,18.206000,18.540000
177,3023,3023,4bcf942,482102,482428,495578,495678,13.150000,13.476000
177,1342,1342,453e943,595772,596106,607503,607603,11.397000,11.731000
177,5423,5423,552f943,623888,624214,651946,652046,27.732000,28.058000
177,5183,5183,543f941,801505,801831,814284,814384,12.453000,12.779000
177,1007,1007,43ef942,816795,817121,861530,861630,44.409000,44.735000
177,910,910,438e942,873532,873866,890800,890900,16.934000,17.268000
177,5374,5374,54fe943,1159743,1160077,1208270,1208370,48.193000,48.527000
177,6287,6287,588f941,1278544,1278870,1287581,1287681,8.711000,9.037000
177,5087,5087,53df942,1356621,1356947,1402868,1402968,45.921000,46.247000
177,6335,6335,58bf943,1471717,1472043,1480624,1480724,8.581000,8.907000
178,2111,2111,483f941,192029,192355,243947,244047,51.592000,51.918000
178,622,622,426e940,245061,245395,255390,255490,9.995000,10.329000
178,2350,2350,492e941,406461,406795,506112,506212,99.317000,99.651000
178,3166,3166,4c5e943,469656,469990,510604,510704,40.614000,40.948000
178,3310,3310,4cee942,529860,530194,565311,565411,35.117000,35.451000
178,1343,1343,453f943,603563,603889,614448,614548,10.559000,10.885000
178,911,911,438f942,880537,880863,907489,907589,26.626000,26.952000
178,5375,5375,54ff943,1183180,1183506,1226603,1226703,43.097000,43.423000
178,4942,4942,534e940,1390943,1391277,1399793,1399893,8.516000,8.850000
179,5902,5902,570e942,139913,140247,153799,153899,13.552000,13.886000
179,623,623,426f940,255518,255844,262090,262190,6.246000,6.572000
179,3934,3934,4f5e942,237594,237928,348377,348477,110.449000,110.783000
179,3214,3214,4c8e943,322347,322681,371926,372026,49.245000,49.579000
179,2351,2351,492f941,447220,447546,483788,483888,36.242000,36.568000
179,3167,3167,4c5f943,492560,492886,514467,514567,21.581000,21.907000
179,3311,3311,4cef942,552741,553067,586030,586130,32.963000,33.289000
179,5038,5038,53ae940,710871,711205,719780,719880,8.575000,8.909000
179,2062,2062,480e941,806508,806842,833030,833130,26.188000,26.522000
179,3406,3406,4d4e943,822168,822502,1085725,1085825,263.223000,263.557000
179,4943,4943,534f940,1397905,1398231,1406876,1406976,8.645000,8.971000
180,376,376,4178942,77098,77432,86026,86126,8.594000,8.928000
180,1480,1480,45c8943,87913,88247,96613,96713,8.366000,8.700000
180,5512,5512,5588942,92926,93260,115600,115700,22.340000,22.674000
180,5903,5903,570f942,146824,147150,261238,261338,114.088000,114.414000
180,3935,3935,4f5f942,244506,244832,265747,265847,20.915000,21.241000
180,4984,4984,5378942,266053,266387,328124,328224,61.737000,62.071000
180,1672,1672,4688942,407868,408202,424235,424335,16.033000,16.367000
180,3215,3215,4c8f943,329310,329636,506860,506960,177.224000,177.550000
180,5456,5456,5550940,491051,491385,512632,512732,21.247000,21.581000
180,1760,1760,46e0940,622955,623289,718720,718820,95.431000,95.765000
180,5039,5039,53af940,717815,718141,726731,726831,8.590000,8.916000
180,2014,2014,47de942,715593,715927,814432,814532,98.505000,98.839000
180,4414,4414,513e941,797636,797970,850091,850191,52.121000,52.455000
180,2063,2063,480f941,813513,813839,879242,879342,65.403000,65.729000
180,4264,4264,50a8941,1094496,1094830,1121620,1121720,26.790000,27.124000
180,3407,3407,4d4f943,829158,829484,1138634,1138734,309.150000,309.476000
180,5840,5840,56d0940,1432111,1432445,1441188,1441288,8.743000,9.077000
181,377,377,4179942,84103,84429,92976,93076,8.547000,8.873000
181,1481,1481,45c9943,94879,95205,108527,108627,13.322000,13.648000
181,5513,5513,5589942,100059,100385,124363,124463,23.978000,24.304000
181,1726,1726,46be941,131712,132046,152372,152472,20.326000,20.660000
181,574,574,423e940,295606,295940,304261,304361,8.321000,8.655000
181,4985,4985,5379942,328587,328913,335069,335169,6.156000,6.482000
181,1673,1673,4689942,419095,419421,479558,479658,60.137000,60.463000
181,5457,5457,5551940,497986,498312,570137,570237,71.825000,72.151000
181,1761,1761,46e1940,676937,677263,722966,723066,45.703000,46.029000
181,2015,2015,47df942,722606,722932,826278,826378,103.346000,103.672000
181,3646,3646,4e3e942,827925,828259,865326,865426,37.067000,37.401000
181,4415,4415,513f941,813617,813943,919179,919279,105.236000,105.562000
181,5614,5614,55ee940,784320,784654,959295,959395,174.641000,174.975000
181,4265,4265,50a9941,1101532,1101858,1132862,1132962,31.004000,31.330000
181,5841,5841,56d1940,1439166,1439492,1448139,1448239,8.647000,8.973000
182,592,592,4250941,79051,79385,91473,91573,12.088000,12.422000
182,378,378,417a942,91120,91454,104181,104281,12.727000,13.061000
182,1482,1482,45ca943,101881,102215,145085,145185,42.870000,43.204000
182,4576,4576,51e0942,122051,122385,150987,151087,28.602000,28.936000
182,1727,1727,46bf941,138678,139004,169202,169302,30.198000,30.524000
182,5514,5514,558a942,107044,107378,174882,174982,67.504000,67.838000
182,1124,1124,4464942,121901,122235,212402,212502,90.167000,90.501000
182,575,575,423f940,302605,302931,311242,311342,8.311000,8.637000
182,2092,2092,482c941,214686,215020,316335,316435,101.315000,101.649000
182,4986,4986,537a942,335570,335904,343257,343357,7.353000,7.687000
182,504,504,41f8943,209931,210265,367135,367235,156.870000,157.204000
182,2716,2716,4a9c942,345043,345377,395199,395299,49.822000,50.156000
182,862,862,435e943,376625,376959,406304,406404,29.345000,29.679000
182,1560,1560,4618941,210959,211293,416848,416948,205.555000,205.889000
182,1072,1072,4430940,441051,441385,453239,453339,11.854000,12.188000
182,1674,1674,468a942,426176,426510,493794,493894,67.284000,67.618000
182,1102,1102,444e941,311768,312102,535745,535845,223.643000,223.977000
182,5458,5458,5552940,505028,505362,622206,622306,116.844000,117.178000
182,3812,3812,4ee4941,596339,596673,645809,645909,49.136000,49.470000
182,2848,2848,4b20943,693051,693385,722843,722943,29.458000,29.792000
182,1762,1762,46e2940,720416,720750,734348,734448,13.598000,13.932000
182,5876,5876,56f4940,673699,674033,739429,739529,65.396000,65.730000
182,2180,2180,4884940,722231,722565,743938,744038,21.373000,21.707000
182,3454,3454,4d7e943,741356,741690,795038,795138,53.348000,53.682000
182,3647,3647,4e3f942,838222,838548,847769,847869,9.221000,9.547000
182,5788,5788,569c941,891982,892316,898660,898760,6.344000,6.678000
182,5615,5615,55ef940,824741,825067,995685,995785,170.618000,170.944000
182,6364,6364,58dc942,896285,896619,1012956,1013056,116.337000,116.671000
182,2254,2254,48ce943,912426,912760,1035906,1036006,123.146000,123.480000
182,6164,6164,5814942,976650,976984,1047402,1047502,70.418000,70.752000
182,526,526,420e940,693004,693338,1053157,1053257,359.819000,360.153000
182,2512,2512,49d0940,995051,995385,1063214,1063314,67.829000,68.163000
182,2904,2904,4b58943,1010017,1010351,1068110,1068210,57.759000,58.093000
182,4266,4266,50aa941,1108594,1108928,1138821,1138921,29.893000,30.227000
182,6260,6260,5874943,1175521,1175855,1208375,1208475,32.520000,32.854000
182,1844,1844,4734940,1347599,1347933,1356585,1356685,8.652000,8.986000
182,5842,5842,56d2940,1446206,1446540,1455191,1455291,8.651000,8.985000
183,1483,1483,45cb943,108847,109173,121507,121607,12.334000,12.660000
183,593,593,4251941,85976,86302,130171,130271,43.869000,44.195000
183,379,379,417b942,98125,98451,135023,135123,36.572000,36.898000
183,5515,5515,558b942,126362,126688,139514,139614,12.826000,13.152000
183,4577,4577,51e1942,129055,129381,168518,168618,39.137000,39.463000
183,1125,1125,4465942,155131,155457,180606,180706,25.149000,25.475000
183,1542,1542,4606943,174799,175133,192099,192199,16.966000,17.300000
183,1158,1158,4486943,192754,193088,206696,206796,13.608000,13.942000
183,4950,4950,5356943,228354,228688,290276,290376,61.588000,61.922000
183,1206,1206,44b6942,285601,285935,322100,322200,36.165000,36.499000
183,6,6,4006942,268420,268754,326586,326686,57.832000,58.166000
183,3078,3078,4c06940,241169,241503,331405,331505,89.902000,90.236000
183,2093,2093,482d941,274855,275181,342936,343036,67.755000,68.081000
183,4987,4987,537b942,342547,342873,354359,354459,11.486000,11.812000
183,1302,1302,4516941,306308,306642,359853,359953,53.211000,53.545000
183,505,505,41f9943,256440,256766,381132,381232,124.366000,124.692000
183,863,863,435f943,384164,384490,417544,417644,33.054000,33.380000
183,4470,4470,5176941,401285,401619,429279,429379,27.660000,27.994000
183,1561,1561,4619941,414750,415076,434322,434422,19.246000,19.572000
183,2790,2790,4ae6942,419317,419651,455541,455641,35.890000,36.224000
183,1073,1073,4431940,447995,448321,460347,460447,12.026000,12.352000
183,2717,2717,4a9d942,356496,356822,465144,465244,108.322000,108.648000
183,1675,1675,468b942,433180,433506,509090,509190,75.584000,75.910000
183,4230,4230,5086942,444243,444577,539334,539434,94.757000,95.091000
183,1974,1974,47b6943,398456,398790,547435,547535,148.645000,148.979000
183,1686,1686,4696943,532559,532893,551956,552056,19.063000,19.397000
183,5238,5238,5476941,526073,526407,568053,568153,41.646000,41.980000
183,1103,1103,444f941,452518,452844,573790,573890,120.946000,121.272000
183,3366,3366,4d26940,443229,443563,579613,579713,136.050000,136.384000
183,2454,2454,4996940,506426,506760,599523,599623,92.763000,93.097000
183,4662,4662,5236940,236702,237036,621535,621635,384.499000,384.833000
183,822,822,4336943,402178,402512,626510,626610,223.998000,224.332000
183,3030,3030,4bd6942,581505,581839,632320,632420,50.481000,50.815000
183,5459,5459,5553940,523382,523708,657433,657533,133.725000,134.051000
183,3126,3126,4c36940,646548,646882,662097,662197,15.215000,15.549000
183,3813,3813,4ee5941,611095,611421,666981,667081,55.560000,55.886000
183,2849,2849,4b21943,700014,700340,728766,728866,28.426000,28.752000
183,2118,2118,4846940,736130,736464,745207,745307,8.743000,9.077000
183,2214,2214,48a6941,687042,687376,750951,751051,63.575000,63.909000
183,2181,2181,4885940,729235,729561,755442,755542,25.881000,26.207000
183,5877,5877,56f5940,680717,681043,760363,760463,79.320000,79.646000
183,1763,1763,46e3940,727446,727772,764872,764972,37.100000,37.426000
183,4806,4806,52c6943,709247,709581,770414,770514,60.833000,61.167000
183,5286,5286,54a6941,651638,651972,785254,785354,133.282000,133.616000
183,5670,5670,5626941,667058,667392,796981,797081,129.589000,129.923000
183,3455,3455,4d7f943,751244,751570,801490,801590,49.920000,50.246000
183,1878,1878,4756941,776107,776441,807032,807132,30.591000,30.925000
183,3414,3414,4d56941,784059,784393,825967,826067,41.574000,41.908000
183,6054,6054,57a6941,652291,652625,859421,859521,206.796000,207.130000
183,870,870,4366941,831420,831754,867003,867103,35.249000,35.583000
183,5526,5526,5596943,823331,823665,884507,884607,60.842000,61.176000
183,3174,3174,4c66942,866517,866851,890024,890124,23.173000,23.507000
183,2310,2310,4906943,835878,836212,904380,904480,68.168000,68.502000
183,5789,5789,569d941,898916,899242,910127,910227,10.885000,11.211000
183,6390,6390,58f6941,896467,896801,915862,915962,19.061000,19.395000
183,1830,1830,4726942,893470,893804,1001460,1001560,107.656000,107.990000
183,6102,6102,57d6941,963706,964040,1030156,1030256,66.116000,66.450000
183,527,527,420f940,700038,700364,1073871,1073971,373.507000,373.833000
183,6365,6365,58dd942,930619,930945,1079615,1079715,148.670000,148.996000
183,2513,2513,49d1940,1001963,1002289,1084136,1084236,81.847000,82.173000
183,4614,4614,5206940,971886,972220,1089057,1089157,116.837000,117.171000
183,3750,3750,4ea6941,1060751,1061085,1093588,1093688,32.503000,32.837000
183,6165,6165,5815942,996344,996670,1098451,1098551,101.781000,102.107000
183,2255,2255,48cf943,970283,970609,1109986,1110086,139.377000,139.703000
183,2905,2905,4b59943,1017005,1017331,1115721,1115821,98.390000,98.716000
183,4854,4854,52f6941,1076798,1077132,1121468,1121568,44.336000,44.670000
183,4267,4267,50ab941,1132689,1133015,1145835,1145935,12.820000,13.146000
183,2070,2070,4816942,1133766,1134100,1156433,1156533,22.333000,22.667000
183,6261,6261,5875943,1182528,1182854,1215484,1215584,32.630000,32.956000
183,2742,2742,4ab6942,1312918,1313252,1330847,1330947,17.595000,17.929000
183,1845,1845,4735940,1354648,1354974,1364058,1364158,9.084000,9.410000
183,5843,5843,56d3940,1453219,1453545,1462213,1462313,8.668000,8.994000
184,1484,1484,45cc943,119719,120053,142265,142365,22.212000,22.546000
184,4578,4578,51e2942,136090,136424,147767,147867,11.343000,11.677000
184,380,380,417c942,105142,105476,152623,152723,47.147000,47.481000
184,5516,5516,558c942,133345,133679,157115,157215,23.436000,23.770000
184,594,594,4252941,92991,93325,164074,164174,70.749000,71.083000
184,1126,1126,4466942,174022,174356,210426,210526,36.070000,36.404000
184,7,7,4007942,275424,275750,282053,282153,6.303000,6.629000
184,4951,4951,5357943,245444,245770,286855,286955,41.085000,41.411000
184,3598,3598,4e0e943,174016,174350,292582,292682,118.232000,118.566000
184,1159,1159,4487943,199813,200139,304054,304154,103.915000,104.241000
184,3079,3079,4c07940,255161,255487,308588,308688,53.101000,53.427000
184,2094,2094,482e941,294069,294403,315570,315670,21.167000,21.501000
184,1543,1543,4607943,185454,185780,321427,321527,135.647000,135.973000
184,1303,1303,4517941,313313,313639,344890,344990,31.251000,31.577000
184,1207,1207,44b7942,301545,301871,373784,373884,71.913000,72.239000
184,2718,2718,4a9e942,363933,364267,379532,379632,15.265000,15.599000
184,506,506,41fa943,379358,379692,433683,433783,53.991000,54.325000
184,1562,1562,461a941,421683,422017,439735,439835,17.718000,18.052000
184,1975,1975,47b7943,412670,412996,453228,453328,40.232000,40.558000
184,1074,1074,4432940,455010,455344,464084,464184,8.740000,9.074000
184,4471,4471,5177941,409942,410268,472011,472111,61.743000,62.069000
184,3367,3367,4d27940,450273,450599,503780,503880,53.181000,53.507000
184,2791,2791,4ae7942,439669,439995,515321,515420,75.326000,75.652000
184,1676,1676,468c942,440261,440595,528573,528673,87.978000,88.312000
184,5239,5239,5477941,533152,533478,544677,544777,11.199000,11.525000
184,4231,4231,5087942,451267,451593,553082,553182,101.489000,101.815000
184,2455,2455,4997940,558444,558770,571638,571738,12.868000,13.194000
184,1687,1687,4697943,539525,539851,582677,582777,42.826000,43.152000
184,3790,3790,4ece943,321980,322314,594195,594295,271.881000,272.215000
184,5326,5326,54ce943,583330,583664,599255,599355,15.591000,15.925000
184,4988,4988,537c942,349595,349929,604734,604834,254.805000,255.139000
184,823,823,4337943,563743,564069,621623,621723,57.554000,57.880000
184,3031,3031,4bd7942,595198,595524,641542,641642,46.018000,46.344000
184,3814,3814,4ee6941,640540,640874,666417,666517,25.543000,25.877000
184,5460,5460,5554940,580953,581287,673890,673990,92.603000,92.937000
184,5287,5287,54a7941,661294,661620,695099,695199,33.479000,33.805000
184,3127,3127,4c37940,662533,662859,700609,700709,37.750000,38.076000
184,4807,4807,52c7943,716261,716587,730608,730708,14.021000,14.347000
184,4663,4663,5237940,621706,622032,742091,742191,120.059000,120.385000
184,2215,2215,48a7941,718159,718485,753611,753711,35.126000,35.452000
184,2119,2119,4847940,743126,743452,758175,758275,14.723000,15.049000
184,5671,5671,5627941,674105,674431,765118,765218,90.687000,91.013000
184,2850,2850,4b22943,707013,707347,776752,776852,69.405000,69.739000
184,2182,2182,4886940,736242,736576,782497,782597,45.921000,46.255000
184,1764,1764,46e4940,734479,734813,794189,794289,59.376000,59.710000
184,5878,5878,56f6940,727687,728021,805699,805799,77.678000,78.012000
184,1879,1879,4757941,783121,783447,828924,829024,45.477000,45.803000
184,6055,6055,57a7941,822497,822823,855283,855383,32.460000,32.786000
184,871,871,4367941,838486,838812,859770,859870,20.958000,21.284000
184,3415,3415,4d57941,790984,791310,875362,875462,84.052000,84.378000
184,4462,4462,516e941,857101,857435,881311,881411,23.876000,24.210000
184,3175,3175,4c67942,882162,882488,894381,894481,11.893000,12.219000
184,1831,1831,4727942,900519,900845,909475,909575,8.630000,8.956000
184,2311,2311,4907943,872094,872420,914850,914950,42.430000,42.756000
184,6391,6391,58f7941,903438,903764,928325,928425,24.561000,24.887000
184,5527,5527,5597943,832326,832652,968480,968580,135.828000,136.154000
184,4615,4615,5207940,978856,979182,992462,992562,13.280000,13.606000
184,5790,5790,569e941,905843,906177,1008660,1008760,102.483000,102.817000
184,2514,2514,49d2940,1009011,1009345,1013322,1013422,3.977000,4.311000
184,6103,6103,57d7941,973918,974244,1032791,1032892,58.547000,58.873000
184,6166,6166,5816942,1007788,1008122,1044583,1044683,36.461000,36.795000
184,4894,4894,531e940,1014203,1014537,1056334,1056434,41.797000,42.131000
184,6366,6366,58de942,974525,974859,1086322,1086422,111.463000,111.797000
184,3751,3751,4ea7941,1067762,1068088,1103331,1103431,35.243000,35.569000
184,2906,2906,4b5a943,1024061,1024395,1115088,1115188,90.693000,91.027000
184,4855,4855,52f7941,1101985,1102311,1150189,1150289,47.878000,48.204000
184,4268,4268,50ac941,1143920,1144254,1156142,1156242,11.888000,12.222000
184,2071,2071,4817942,1147707,1148033,1166277,1166377,18.244000,18.570000
184,6262,6262,5876943,1189444,1189778,1201317,1201417,11.539000,11.873000
184,2743,2743,4ab7942,1319971,1320297,1328664,1328764,8.367000,8.693000
184,1846,1846,4736940,1361698,1362032,1374530,1374630,12.498000,12.832000
184,3358,3358,4d1e943,1348696,1349030,1404046,1404146,55.016000,55.350000
184,5844,5844,56d4940,1460259,1460593,1473845,1473945,13.252000,13.586000
184,5566,5566,55be943,1819274,1819608,1847050,1847150,27.442000,27.776000
185,4579,4579,51e3942,143094,143420,162671,162771,19.251000,19.577000
185,381,381,417d942,115262,115588,168197,168297,52.609000,52.935000
185,1630,1630,465e941,159903,160237,173018,173118,12.781000,13.115000
185,5517,5517,558d942,140404,140730,179473,179573,38.743000,39.069000
185,1485,1485,45cd943,126685,127011,190260,190360,63.249000,63.575000
185,1127,1127,4467942,181071,181397,228968,229068,47.571000,47.897000
185,595,595,4253941,99979,100305,240393,240493,140.088000,140.414000
185,3599,3599,4e0f943,262293,262619,289443,289543,26.824000,27.150000
185,2095,2095,482f941,301059,301385,362150,362250,60.765000,61.091000
185,2719,2719,4a9f942,376995,377321,391008,391108,13.687000,14.013000
185,430,430,41ae940,360483,360817,402410,402510,41.593000,41.927000
185,507,507,41fb943,393325,393651,445619,445719,51.968000,52.294000
185,1075,1075,4433940,462061,462387,471017,471117,8.630000,8.956000
185,1563,1563,461b941,428654,428980,527135,527235,98.155000,98.481000
185,1677,1677,468d942,494140,494466,535551,535651,41.085000,41.411000
185,5327,5327,54cf943,594345,594671,610281,610381,15.610000,15.936000
185,3791,3791,4ecf943,435246,435572,635430,635530,199.858000,200.184000
185,4989,4989,537d942,360738,361064,649526,649626,288.462000,288.788000
185,5461,5461,5555940,632942,633268,689556,689656,56.288000,56.614000
185,3815,3815,4ee7941,656420,656746,724868,724968,68.122000,68.448000
185,2686,2686,4a7e940,740746,741080,745035,745135,3.955000,4.289000
185,1765,1765,46e5940,741509,741835,811487,811587,69.652000,69.978000
185,2851,2851,4b23943,728433,728759,817327,817427,88.568000,88.894000
185,2183,2183,4887940,745704,746030,823091,823191,77.061000,77.387000
185,5879,5879,56f7940,750132,750458,843742,843842,93.284000,93.610000
185,1054,1054,441e942,816700,817034,849506,849606,32.472000,32.806000
185,4463,4463,516f941,864458,864784,898931,899031,34.147000,34.473000
185,5791,5791,569f941,916030,916356,935374,935474,19.018000,19.344000
185,2515,2515,49d3940,1014448,1014774,1018831,1018931,4.057000,4.383000
185,6167,6167,5817942,1014820,1015146,1050338,1050438,35.192000,35.518000
185,4895,4895,531f940,1037712,1038038,1073807,1073907,35.769000,36.095000
185,6367,6367,58df942,1017887,1018213,1097583,1097683,79.370000,79.696000
185,2907,2907,4b5b943,1046937,1047263,1102071,1102171,54.808000,55.134000
185,4269,4269,50ad941,1150956,1151282,1173539,1173639,22.257000,22.583000
185,6263,6263,5877943,1199567,1199893,1208481,1208581,8.588000,8.914000
185,1847,1847,4737940,1369061,1369387,1398030,1398130,28.643000,28.969000
185,3359,3359,4d1f943,1359719,1360045,1409934,1410034,49.889000,50.215000
185,5845,5845,56d5940,1467272,1467598,1485569,1485669,17.971000,18.297000
185,5567,5567,55bf943,1841584,1841910,1854037,1854137,12.127000,12.453000
186,382,382,417e942,141517,141851,173836,173936,31.985000,32.319000
186,5518,5518,558e942,147512,147846,185043,185143,37.197000,37.531000
186,1631,1631,465f941,166952,167278,259035,259135,91.757000,92.083000
186,142,142,408e943,259537,259871,311581,311681,51.710000,52.044000
186,1486,1486,45ce943,133653,133987,341766,341866,207.779000,208.113000
186,431,431,41af940,367460,367786,413648,413748,45.862000,46.188000
186,6046,6046,579e940,441016,441350,511921,512021,70.571000,70.905000
186,1678,1678,468e942,533913,534247,565006,565106,30.759000,31.093000
186,4990,4990,537e942,514102,514435,668073,668173,153.638000,153.971000
186,2206,2206,489e942,306990,307324,703222,703322,395.898000,396.232000
186,5462,5462,5556940,646831,647165,707709,707809,60.544000,60.878000
186,2687,2687,4a7f940,746176,746502,752790,752890,6.288000,6.614000
186,1766,1766,46e6940,766400,766734,834718,834818,67.984000,68.318000
186,1055,1055,441f942,828341,828667,844000,844100,15.333000,15.659000
186,2638,2638,4a4e942,860323,860657,886895,886995,26.238000,26.572000
186,4078,4078,4fee940,928871,929205,935571,935671,6.366000,6.700000
186,4270,4270,50ae941,1158018,1158352,1190968,1191068,32.616000,32.950000
186,4654,4654,522e941,1198315,1198649,1207401,1207501,8.752000,9.086000
186,3262,3262,4cbe943,1260308,1260642,1338175,1338275,77.533000,77.867000
186,5846,5846,56d6940,1474312,1474646,1491624,1491724,16.978000,17.312000
187,5519,5519,558f942,154571,154897,184063,184163,29.166000,29.492000
187,1487,1487,45cf943,147344,147670,240277,240377,92.607000,92.933000
187,143,143,408f943,270758,271084,318452,318552,47.368000,47.694000
187,383,383,417f942,148550,148876,355333,355433,206.457000,206.783000
187,2207,2207,489f942,362807,363133,426345,426445,63.212000,63.538000
187,6047,6047,579f940,493412,493738,519165,519266,25.427000,25.753000
187,1679,1679,468f942,540877,541203,582629,582729,41.426000,41.752000
187,4991,4991,537f942,628462,628788,679702,679802,50.914000,51.240000
187,5463,5463,5557940,671236,671562,781200,781300,109.638000,109.964000
187,1767,1767,46e7940,773430,773756,867341,867441,93.585000,93.911000
187,2639,2639,4a4f942,867355,867681,941280,941380,73.599000,73.925000
187,4079,4079,4fef940,935860,936186,946971,947071,10.785000,11.111000
187,2974,2974,4b9e943,1043533,1043868,1055957,1056057,12.089000,12.424000
187,1198,1198,44ae942,987934,988268,1138707,1138807,150.439000,150.773000
187,4271,4271,50af941,1165054,1165380,1179053,1179153,13.673000,13.999000
187,4655,4655,522f941,1205731,1206057,1214435,1214535,8.378000,8.704000
187,3263,3263,4cbf943,1283778,1284104,1332252,1332352,48.148000,48.474000
187,4030,4030,4fbe943,1421276,1421610,1434802,1434902,13.192000,13.526000
187,5847,5847,56d7940,1481325,1481651,1498597,1498697,16.946000,17.272000
187,6190,6190,582e941,1656172,1656506,1674093,1674193,17.587000,17.921000
188,2878,2878,4b3e941,337970,338304,357690,357790,19.386000,19.720000
188,3502,3502,4dae943,374044,374378,474332,474432,99.954000,100.288000
188,286,286,411e942,225006,225340,515577,515677,290.237000,290.571000
188,1822,1822,471e943,738698,739032,787201,787301,48.169000,48.503000
188,4222,4222,507e943,799963,800297,808933,809033,8.636000,8.970000
188,2975,2975,4b9f943,1050467,1050793,1057365,1057465,6.572000,6.898000
188,1199,1199,44af942,1036728,1037054,1063118,1063218,26.064000,26.390000
188,2398,2398,495e943,1067523,1067857,1183016,1183116,115.159000,115.493000
188,4031,4031,4fbf943,1428370,1428696,1441774,1441874,13.078000,13.404000
188,3838,3838,4efe942,1541342,1541676,1566776,1566876,25.100000,25.434000
188,6191,6191,582f941,1663166,1663492,1681191,1681291,17.699000,18.025000
189,814,814,432e943,228700,229034,242253,242353,13.219000,13.553000
189,287,287,411f942,231894,232220,288788,288888,56.568000,56.894000
189,2879,2879,4b3f941,344937,345263,369348,369448,24.085000,24.411000
189,478,478,41de941,363873,364207,398699,398799,34.492000,34.826000
189,4366,4366,510e942,211972,212306,418134,418234,205.828000,206.162000
189,3503,3503,4daf943,391013,391339,486132,486232,94.793000,95.119000
189,3742,3742,4e9e943,479236,479570,503788,503888,24.218000,24.552000
189,2446,2446,498e940,693483,693817,714638,714738,20.821000,21.155000
189,1823,1823,471f943,762057,762383,793240,793340,30.857000,31.183000
189,4223,4223,507f943,806933,807259,815666,815766,8.407000,8.733000
189,4510,4510,519e941,911268,911602,932544,932644,20.942000,21.276000
189,2399,2399,495f943,1074527,1074853,1206456,1206556,131.603000,131.929000
189,5806,5806,56ae940,1249680,1250014,1285775,1285875,35.761000,36.095000
189,3839,3839,4eff942,1548355,1548681,1578587,1578687,29.906000,30.232000
190,670,670,429e940,206658,206992,219436,219536,12.444000,12.778000
190,815,815,432f943,235743,236069,244756,244856,8.687000,9.013000
190,5710,5710,564e942,323768,324102,332673,332773,8.571000,8.905000
190,334,334,414e941,281201,281535,433526,433626,151.991000,152.325000
190,479,479,41df941,370871,371197,444989,445089,73.792000,74.118000
190,94,94,405e940,434954,435288,450737,450837,15.449000,15.783000
190,4367,4367,510f942,261106,261431,456456,456556,195.025000,195.350000
190,3743,3743,4e9f943,491007,491333,509695,509795,18.362000,18.688000
190,1294,1294,450e940,616799,617133,635629,635729,18.496000,18.830000
190,46,46,402e940,639686,640020,648841,648941,8.821000,9.155000
190,2447,2447,498f940,706538,706864,726442,726542,19.578000,19.904000
190,6238,6238,585e943,745929,746263,754927,755027,8.664000,8.998000
190,6382,6382,58ee941,824591,824925,848947,849047,24.022000,24.356000
190,4511,4511,519f941,921615,921941,1004317,1004417,82.376000,82.702000
190,3886,3886,4f2e940,906926,907260,1037676,1037776,130.416000,130.750000
190,1582,1582,462e941,1158825,1159159,1227205,1227305,68.046000,68.380000
190,190,190,40be943,1184042,1184376,1233040,1233140,48.664000,48.998000
190,5807,5807,56af940,1273071,1273397,1291661,1291761,18.264000,18.590000
190,2302,2302,48fe941,1369042,1369376,1377971,1378071,8.595000,8.929000
191,671,671,429f940,213727,214053,226628,226728,12.575000,12.901000
191,5711,5711,564f942,330772,331098,339759,339859,8.661000,8.987000
191,335,335,414f941,288206,288532,423635,423735,135.103000,135.429000
191,95,95,405f940,445167,445493,462177,462277,16.684000,17.010000
191,1295,1295,450f940,623784,624110,641568,641668,17.458000,17.784000
191,47,47,402f940,646642,646968,655283,655383,8.315000,8.641000
191,6239,6239,585f943,752993,753319,768894,768994,15.575000,15.901000
191,6383,6383,58ef941,831590,831916,915239,915339,83.323000,83.649000
191,3887,3887,4f2f940,913975,914301,1066663,1066763,152.362000,152.688000
191,191,191,40bf943,1191106,1191432,1219917,1220017,28.485000,28.811000
191,1583,1583,462f941,1188092,1188418,1250599,1250699,62.181000,62.507000
191,2303,2303,48ff941,1376064,1376390,1385041,1385141,8.651000,8.977000
196,3104,3104,4c20942,221051,221385,327796,327896,106.411000,106.745000
196,5464,5464,5558940,678462,678796,696476,696576,17.680000,18.014000
196,1768,1768,46e8940,786477,786811,829930,830030,43.119000,43.453000
196,5984,5984,5760943,970766,971100,1007722,1007822,36.622000,36.956000
196,4592,4592,51f0942,1044051,1044385,1050803,1050903,6.418000,6.752000
196,5848,5848,56d8940,1488365,1488699,1495078,1495178,6.379000,6.713000
197,3105,3105,4c21942,317393,317719,334810,334910,17.091000,17.417000
197,5465,5465,5559940,685593,685919,703356,703456,17.437000,17.763000
197,1769,1769,46e9940,822533,822859,835857,835957,12.998000,13.324000
197,5985,5985,5761943,977782,978108,1014778,1014878,36.670000,36.996000
197,4593,4593,51f1942,1050975,1051301,1057681,1057781,6.380000,6.706000
197,5849,5849,56d9940,1495378,1495704,1502011,1502111,6.307000,6.633000
198,4528,4528,51b0941,90051,90385,100180,100280,9.795000,10.129000
198,784,784,4310942,93051,93385,105897,105997,12.512000,12.846000
198,4580,4580,51e4942,153937,154271,193868,193968,39.597000,39.931000
198,1128,1128,4468942,195060,195394,226460,226560,31.066000,31.400000
198,832,832,4340941,263051,263385,272017,272117,8.632000,8.966000
198,596,596,4254941,129265,129599,277823,277923,148.224000,148.558000
198,3106,3106,4c22942,332964,333298,352208,352308,18.910000,19.244000
198,4048,4048,4fd0942,395804,396138,417804,417904,21.666000,22.000000
198,508,508,41fc943,413176,413510,422619,422719,9.109000,9.443000
198,1648,1648,4670942,419680,420014,439321,439421,19.307000,19.641000
198,1564,1564,461c941,441442,441776,481944,482044,40.168000,40.502000
198,1076,1076,4434940,469107,469441,486462,486562,17.021000,17.355000
198,3816,3816,4ee8941,668165,668499,705335,705435,36.836000,37.170000
198,5466,5466,555a940,701594,701928,711117,711217,9.189000,9.523000
198,2184,2184,4888940,756808,757142,767505,767605,10.363000,10.697000
198,5880,5880,56f8940,796275,796609,812357,812457,15.748000,16.082000
198,2852,2852,4b24943,742552,742886,817194,817294,74.308000,74.642000
198,3376,3376,4d30942,767910,768244,829989,830089,61.745000,62.079000
198,1770,1770,46ea940,829524,829858,850045,850145,20.187000,20.521000
198,5536,5536,55a0942,951083,951417,968453,968553,17.036000,17.370000
198,5986,5986,5762943,1009397,1009731,1021864,1021964,12.133000,12.467000
198,2516,2516,49d4940,1019951,1020285,1054294,1054394,34.009000,34.343000
198,2908,2908,4b5c943,1054266,1054600,1059048,1059148,4.448000,4.782000
198,4594,4594,51f2942,1057926,1058260,1064755,1064855,6.495000,6.829000
198,6168,6168,5818942,1046125,1046459,1126116,1126216,79.657000,79.991000
198,6208,6208,5840941,1128689,1129023,1177077,1177177,48.054000,48.388000
198,6264,6264,5878943,1206463,1206797,1220092,1220192,13.295000,13.629000
198,1848,1848,4738940,1376101,1376435,1382938,1383038,6.503000,6.837000
198,5850,5850,56da940,1502324,1502658,1509044,1509144,6.386000,6.720000
198,2656,2656,4a60942,2211051,2211385,2219958,2220058,8.573000,8.907000
199,4529,4529,51b1941,97014,97340,111655,111755,14.315000,14.641000
199,785,785,4311942,99986,100312,117342,117442,17.030000,17.356000
199,4581,4581,51e5942,168803,169129,182363,182463,13.234000,13.560000
199,1544,1544,4608943,192496,192830,204656,204756,11.826000,12.160000
199,1160,1160,4488943,206876,207210,222040,222140,14.830000,15.164000
199,1129,1129,4469942,221264,221590,238332,238432,16.742000,17.068000
199,833,833,4341941,270014,270340,283604,283704,13.264000,13.590000
199,597,597,4255941,229776,230102,289380,289480,59.278000,59.604000
199,4952,4952,5358943,256681,257016,320992,321092,63.976000,64.311000
199,1208,1208,44b8942,308597,308931,327012,327112,18.081000,18.415000
199,3080,3080,4c08940,295308,295642,340709,340809,45.067000,45.401000
199,3107,3107,4c23942,339991,340317,363953,364053,23.636000,23.962000
199,8,8,4008942,282493,282827,378915,379015,96.088000,96.422000
199,1304,1304,4518941,321524,321858,385004,385104,63.146000,63.480000
199,4049,4049,4fd1942,409749,410075,424769,424869,14.694000,15.020000
199,509,509,41fd943,420084,420410,429608,429708,9.198000,9.524000
199,1976,1976,47b8943,419687,420021,467473,467573,47.452000,47.786000
199,2792,2792,4ae8942,446731,447065,472356,472456,25.291000,25.625000
199,4472,4472,5178941,431117,431451,480918,481018,49.467000,49.801000
199,1565,1565,461d941,448460,448786,488932,489032,40.146000,40.472000
199,1077,1077,4435940,476090,476416,493441,493541,17.025000,17.351000
199,3368,3368,4d28940,465463,465797,548116,548216,82.319000,82.653000
199,1649,1649,4671942,426740,427066,555921,556021,128.855000,129.181000
199,1688,1688,4698943,546611,546945,564033,564133,17.088000,17.422000
199,5240,5240,5478941,542596,542930,568897,568997,25.967000,26.301000
199,2456,2456,4998940,569952,570286,582777,582877,12.491000,12.825000
199,4232,4232,5088942,540984,541318,621317,621417,79.999000,80.333000
199,4664,4664,5238940,628602,628936,637748,637848,8.812000,9.146000
199,3032,3032,4bd8942,602248,602582,645197,645297,42.615000,42.949000
199,824,824,4338943,591099,591433,651095,651195,59.662000,59.996000
199,3128,3128,4c38940,669540,669874,690466,690566,20.592000,20.926000
199,3817,3817,4ee9941,682190,682516,716899,716999,34.383000,34.709000
199,5467,5467,555b940,708534,708860,722625,722725,13.765000,14.091000
199,5288,5288,54a8941,681865,682199,728408,728508,46.209000,46.543000
199,2216,2216,48a8941,725168,725502,734134,734234,8.632000,8.966000
199,2120,2120,4848940,751069,751403,761687,761787,10.284000,10.618000
199,4808,4808,52c8943,726741,727075,767164,767264,40.089000,40.423000
199,2185,2185,4889940,763751,764077,773388,773488,9.311000,9.637000
199,5672,5672,5628941,696030,696364,793528,793628,97.164000,97.498000
199,1880,1880,4758941,790141,790475,811690,811790,21.215000,21.549000
199,5881,5881,56f9940,803320,803646,818306,818406,14.660000,14.986000
199,2853,2853,4b25943,798828,799154,824193,824293,25.039000,25.365000
199,3416,3416,4d58941,798038,798372,839949,840049,41.577000,41.911000
199,3377,3377,4d31942,817635,817961,844471,844571,26.510000,26.836000
199,1771,1771,46eb940,840936,841262,855874,855974,14.612000,14.938000
199,6056,6056,57a8941,840002,840336,875445,875545,35.109000,35.443000
199,872,872,4368941,845537,845871,880935,881035,35.064000,35.398000
199,3176,3176,4c68942,889147,889481,898703,898803,9.222000,9.556000
199,6392,6392,58f8941,910442,910776,917175,917275,6.399000,6.733000
199,5528,5528,5598943,867601,867935,921685,921785,53.750000,54.084000
199,1832,1832,4728942,907530,907864,927273,927373,19.409000,19.743000
199,2312,2312,4908943,894068,894402,959134,959234,64.732000,65.066000
199,5537,5537,55a1942,961713,962039,990273,990373,28.234000,28.560000
199,5987,5987,5763943,1016488,1016814,1033066,1033166,16.252000,16.578000
199,4616,4616,5208940,987018,987352,1047384,1047484,60.032000,60.366000
199,2517,2517,49d5940,1035218,1035543,1060488,1060588,24.945000,25.270000
199,2909,2909,4b5d943,1060174,1060500,1065260,1065360,4.760000,5.086000
199,4595,4595,51f3942,1064850,1065176,1071615,1071715,6.439000,6.765000
199,6104,6104,57d8941,1002791,1003125,1077423,1077523,74.298000,74.632000
199,3752,3752,4ea8941,1075547,1075881,1116162,1116262,40.281000,40.615000
199,6169,6169,5819942,1054810,1055136,1149912,1150012,94.776000,95.102000
199,4856,4856,52f8941,1109013,1109347,1155681,1155781,46.334000,46.668000
199,2072,2072,4818942,1161689,1162023,1185023,1185123,23.000000,23.334000
199,6209,6209,5841941,1135703,1136029,1194417,1194517,58.388000,58.714000
199,6265,6265,5879943,1214616,1214942,1227027,1227127,12.085000,12.411000
199,2744,2744,4ab8942,1326935,1327269,1339451,1339551,12.182000,12.516000
199,1849,1849,4739940,1383156,1383482,1389805,1389905,6.323000,6.649000
199,5851,5851,56db940,1509288,1509614,1515947,1516047,6.333000,6.659000
199,2657,2657,4a61942,2218029,2218355,2226893,2226993,8.538000,8.864000
200,4530,4530,51b2941,103976,104310,116259,116359,11.949000,12.283000
200,786,786,4312942,107003,107337,127237,127337,19.900000,20.234000
200,4582,4582,51e6942,175889,176223,184521,184621,8.298000,8.632000
200,1130,1130,446a942,228287,228621,235091,235191,6.470000,6.804000
200,598,598,4256941,246011,246345,268795,268895,22.450000,22.784000
200,4953,4953,5359943,268712,269038,295242,295342,26.204000,26.530000
200,9,9,4009942,289497,289823,306418,306518,16.595000,16.921000
200,1161,1161,4489943,217524,217850,311291,311391,93.441000,93.767000
200,3081,3081,4c09940,312444,312770,321110,321210,8.340000,8.666000
200,834,834,4342941,277046,277380,325908,326008,48.528000,48.862000
200,1545,1545,4609943,203010,203336,373933,374033,170.597000,170.923000
200,3108,3108,4c24942,347066,347400,380982,381082,33.582000,33.916000
200,1209,1209,44b9942,327207,327533,386767,386867,59.234000,59.560000
200,1305,1305,4519941,333993,334319,392509,392609,58.190000,58.516000
200,4050,4050,4fd2942,422896,423230,435341,435441,12.111000,12.445000
200,1977,1977,47b9943,433664,433990,450866,450966,16.876000,17.202000
200,1650,1650,4672942,433741,434075,461887,461987,27.812000,28.146000
200,510,510,41fe943,427042,427376,473929,474029,46.553000,46.887000
200,4473,4473,5179941,438147,438473,488170,488270,49.697000,50.023000
200,1078,1078,4436940,483105,483439,492983,493083,9.544000,9.878000
200,2793,2793,4ae9942,466575,466901,499032,499132,32.131000,32.457000
200,1566,1566,461e941,486986,487320,528551,528651,41.231000,41.565000
200,3369,3369,4d29940,472407,472733,551940,552040,79.207000,79.533000
200,5241,5241,5479941,549647,549973,558757,558857,8.784000,9.110000
200,4233,4233,5089942,548043,548369,566150,566250,17.781000,18.107000
200,2457,2457,4999940,576929,577255,585618,585718,8.363000,8.689000
200,1689,1689,4699943,553577,553903,594180,594280,40.277000,40.603000
200,3033,3033,4bd9942,643403,643729,656659,656759,12.930000,13.256000
200,5289,5289,54a9941,691982,692308,715174,715274,22.866000,23.192000
200,4665,4665,5239940,635585,635911,726601,726701,90.690000,91.016000
200,3818,3818,4eea941,710319,710653,731109,731209,20.456000,20.790000
200,5468,5468,555c940,715588,715922,735962,736062,20.040000,20.374000
200,4809,4809,52c9943,736758,737084,764709,764809,27.625000,27.951000
200,5673,5673,5629941,703077,703403,770498,770598,67.095000,67.421000
200,2121,2121,4849940,758106,758432,775061,775161,16.629000,16.955000
200,2217,2217,48a9941,732206,732532,779924,780024,47.392000,47.718000
200,3129,3129,4c39940,688603,688929,806675,806775,117.746000,118.072000
200,825,825,4339943,618924,619250,827551,827651,208.301000,208.627000
200,2854,2854,4b26943,816364,816698,832393,832493,15.695000,16.029000
200,2186,2186,488a940,770714,771048,836884,836984,65.836000,66.170000
200,1881,1881,4759941,812144,812470,841776,841876,29.306000,29.632000
200,5882,5882,56fa940,810426,810760,847558,847658,36.798000,37.132000
200,3417,3417,4d59941,836773,837099,853557,853657,16.458000,16.784000
200,3378,3378,4d32942,827441,827775,859346,859446,31.571000,31.905000
200,6057,6057,57a9941,846983,847309,870818,870918,23.509000,23.835000
200,873,873,4369941,853258,853584,897489,897589,43.905000,44.231000
200,3177,3177,4c69942,896181,896507,913082,913182,16.575000,16.901000
200,1833,1833,4729942,914516,914842,923514,923614,8.672000,8.998000
200,1772,1772,46ec940,847927,848261,928314,928414,80.053000,80.387000
200,6393,6393,58f9941,917413,917739,936349,936449,18.610000,18.936000
200,2313,2313,4909943,912108,912434,969538,969638,57.104000,57.430000
200,5529,5529,5599943,885448,885774,981249,981349,95.475000,95.801000
200,5538,5538,55a2942,968698,969032,1011023,1011123,41.991000,42.325000
200,4617,4617,5209940,1003849,1004175,1017596,1017696,13.421000,13.747000
200,5988,5988,5764943,1023546,1023880,1032543,1032644,8.663000,8.997000
200,6105,6105,57d9941,1009791,1010117,1045714,1045814,35.597000,35.923000
200,6170,6170,581a942,1061875,1062209,1069738,1069838,7.529000,7.863000
200,2518,2518,49d6940,1055239,1055573,1075457,1075557,19.884000,20.218000
200,2910,2910,4b5e943,1066380,1066714,1080020,1080120,13.306000,13.640000
200,4596,4596,51f4942,1071801,1072135,1098429,1098529,26.294000,26.628000
200,3753,3753,4ea9941,1096240,1096566,1115911,1116011,19.345000,19.671000
200,6210,6210,5842941,1142723,1143057,1162461,1162561,19.404000,19.738000
200,4857,4857,52f9941,1126791,1127117,1167438,1167538,40.321000,40.647000
200,2073,2073,4819942,1175609,1175935,1194314,1194414,18.379000,18.705000
200,6266,6266,587a943,1221634,1221968,1230649,1230749,8.681000,9.015000
200,2745,2745,4ab9942,1334043,1334369,1342679,1342779,8.310000,8.636000
200,1850,1850,473a940,1390102,1390436,1402263,1402363,11.827000,12.161000
200,5852,5852,56dc940,1516234,1516568,1528386,1528486,11.818000,12.152000
200,2658,2658,4a62942,2225052,2225386,2237466,2237566,12.080000,12.414000
201,4531,4531,51b3941,110939,111265,123297,123397,12.032000,12.358000
201,787,787,4313942,114008,114334,134287,134387,19.953000,20.279000
201,4583,4583,51e7942,182939,183265,198575,198675,15.310000,15.636000
201,1131,1131,446b942,235318,235644,241979,242079,6.335000,6.661000
201,599,599,4257941,253041,253367,280278,280378,26.911000,27.237000
201,835,835,4343941,284049,284375,337373,337473,52.998000,53.324000
201,3109,3109,4c25942,357325,357651,398294,398394,40.643000,40.969000
201,4051,4051,4fd3942,429880,430206,456397,456497,26.191000,26.517000
201,1651,1651,4673942,455148,455474,467904,468004,12.430000,12.756000
201,511,511,41ff943,433950,434276,504749,504849,70.473000,70.799000
201,1567,1567,461f941,493957,494283,535551,535651,41.268000,41.594000
201,1079,1079,4437940,490156,490482,588040,588140,97.558000,97.884000
201,3819,3819,4eeb941,717272,717598,747472,747572,29.874000,30.200000
201,5469,5469,555d940,722619,722945,753159,753259,30.214000,30.540000
201,2187,2187,488b940,777657,777983,842481,842581,64.498000,64.824000
201,3379,3379,4d33942,835392,835718,848053,848153,12.335000,12.661000
201,2855,2855,4b27943,823327,823653,865090,865190,41.437000,41.763000
201,5883,5883,56fb940,822958,823284,908942,909042,85.658000,85.984000
201,1773,1773,46ed940,890374,890700,920453,920553,29.753000,30.079000
201,5989,5989,5765943,1030637,1030963,1039542,1039643,8.579000,8.905000
201,6171,6171,581b942,1068907,1069233,1081215,1081315,11.982000,12.308000
201,2519,2519,49d7940,1062262,1062588,1086902,1087002,24.314000,24.640000
201,2911,2911,4b5f943,1073278,1073604,1092664,1092764,19.060000,19.386000
201,4597,4597,51f5942,1078725,1079051,1104286,1104386,25.235000,25.561000
201,5539,5539,55a3942,995748,996074,1127461,1127561,131.387000,131.713000
201,6211,6211,5843941,1150080,1150406,1183749,1183849,33.343000,33.669000
201,6267,6267,587b943,1228658,1228984,1244311,1244411,15.327000,15.653000
201,1851,1851,473b940,1397066,1397392,1415496,1415596,18.104000,18.430000
201,5853,5853,56dd940,1523198,1523524,1535500,1535600,11.976000,12.302000
201,2659,2659,4a63942,2232030,2232356,2244427,2244527,12.071000,12.397000
202,3110,3110,4c26942,374726,375060,404186,404286,29.126000,29.460000
202,5470,5470,555e940,729673,730007,782196,782296,52.189000,52.523000
202,1774,1774,46ee940,897463,897797,924501,924601,26.704000,27.038000
202,5990,5990,5766943,1037695,1038029,1046676,1046776,8.647000,8.981000
202,4598,4598,51f6942,1085765,1086099,1098205,1098305,12.106000,12.440000
202,5854,5854,56de940,1530238,1530572,1542604,1542704,12.032000,12.366000
203,3111,3111,4c27942,395515,395841,435938,436038,40.097000,40.423000
203,5471,5471,555f940,736704,737030,788063,788163,51.033000,51.359000
203,1775,1775,46ef940,904421,904747,930413,930513,25.666000,25.992000
203,5991,5991,5767943,1044711,1045037,1053705,1053805,8.668000,8.994000
203,4599,4599,51f7942,1092759,1093085,1105199,1105299,12.114000,12.440000
203,5855,5855,56df940,1537251,1537577,1549623,1549723,12.046000,12.372000
212,2720,2720,4aa0941,44051,44385,52963,53063,8.578000,8.912000
212,6080,6080,57c0940,61051,61385,103308,103408,41.923000,42.257000
212,3112,3112,4c28942,402640,402974,411674,411774,8.700000,9.034000
212,4304,4304,50d0940,654011,654345,666195,666295,11.850000,12.184000
212,6128,6128,57f0940,823344,823678,882698,882798,59.020000,59.354000
212,5992,5992,5768943,1051709,1052043,1064078,1064178,12.035000,12.369000
212,4600,4600,51f8942,1099710,1100044,1106463,1106563,6.419000,6.753000
213,2721,2721,4aa1941,51014,51340,59912,60012,8.572000,8.898000
213,6081,6081,57c1940,68015,68341,80343,80443,12.002000,12.328000
213,3113,3113,4c29942,409695,410021,418764,418864,8.743000,9.069000
213,4305,4305,50d1940,660988,661314,673411,673511,12.097000,12.423000
213,6129,6129,57f1940,836520,836846,888425,888525,51.579000,51.905000
213,4601,4601,51f9942,1106634,1106960,1113337,1113437,6.377000,6.703000
213,5993,5993,5769943,1058725,1059051,1127593,1127693,68.542000,68.868000
214,2722,2722,4aa2941,58029,58363,66941,67041,8.578000,8.912000
214,6082,6082,57c2940,75027,75361,87384,87484,12.023000,12.357000
214,4532,4532,51b4941,117906,118240,126795,126895,8.555000,8.889000
214,788,788,4314942,122279,122613,169050,169150,46.437000,46.771000
214,4584,4584,51e8942,190023,190357,216328,216428,25.971000,26.305000
214,1132,1132,446c942,242269,242603,254390,254490,11.787000,12.121000
214,836,836,4344941,291081,291415,300091,300191,8.676000,9.010000
214,600,600,4258941,268954,269288,384681,384781,115.393000,115.727000
214,3114,3114,4c2a942,416870,417204,430510,430610,13.306000,13.640000
214,4052,4052,4fd4942,436850,437184,457822,457922,20.638000,20.972000
214,1080,1080,4438940,530682,531016,553606,553706,22.590000,22.924000
214,1652,1652,4674942,462185,462519,637708,637808,175.189000,175.523000
214,4306,4306,50d2940,667971,668305,705373,705473,37.068000,37.402000
214,3820,3820,4eec941,724248,724582,739898,739998,15.316000,15.650000
214,2188,2188,488c940,784620,784954,865625,865725,80.671000,81.005000
214,5884,5884,56fc940,829901,830235,871305,871405,41.070000,41.404000
214,2856,2856,4b28943,830414,830748,888574,888674,57.826000,58.160000
214,6130,6130,57f2940,846134,846468,893096,893196,46.628000,46.962000
214,3380,3380,4d34942,842418,842752,897937,898037,55.185000,55.519000
214,2520,2520,49d8940,1069310,1069644,1092644,1092744,23.000000,23.334000
214,5540,5540,55a4942,1047933,1048267,1113121,1113221,64.854000,65.188000
214,4602,4602,51fa942,1113585,1113919,1120287,1120387,6.368000,6.702000
214,5994,5994,576a943,1065723,1066057,1138443,1138543,72.386000,72.720000
214,6172,6172,581c942,1075850,1076184,1165517,1165617,89.333000,89.667000
214,6212,6212,5844941,1157102,1157436,1200176,1200276,42.740000,43.074000
214,6268,6268,587c943,1242628,1242962,1254721,1254821,11.759000,12.093000
214,1852,1852,473c940,1404106,1404440,1410852,1410952,6.412000,6.746000
214,2660,2660,4a64942,2239053,2239387,2248012,2248112,8.625000,8.959000
215,2723,2723,4aa3941,64992,65317,73890,73990,8.573000,8.898000
215,6083,6083,57c3940,82026,82352,94464,94564,12.112000,12.438000
215,4533,4533,51b5941,124869,125195,133695,133795,8.500000,8.826000
215,789,789,4315942,136306,136632,188109,188209,51.477000,51.803000
215,1546,1546,460a943,210044,210378,218702,218802,8.324000,8.658000
215,4585,4585,51e9942,204011,204337,227823,227923,23.486000,23.812000
215,1133,1133,446d942,249238,249564,261572,261672,12.008000,12.334000
215,1162,1162,448a943,224587,224921,280503,280603,55.582000,55.916000
215,837,837,4345941,298084,298410,307064,307164,8.654000,8.980000
215,601,601,4259941,276028,276354,315484,315584,39.130000,39.456000
215,4954,4954,535a943,293430,293764,337469,337569,43.705000,44.039000
215,1210,1210,44ba942,334140,334474,346478,346578,12.004000,12.338000
215,3082,3082,4c0a940,319480,319814,358128,358228,38.314000,38.648000
215,10,10,400a942,299996,300330,396438,396538,96.108000,96.442000
215,3115,3115,4c2b942,423902,424228,436460,436560,12.232000,12.558000
215,4053,4053,4fd5942,443945,444271,464770,464870,20.499000,20.825000
215,2794,2794,4aea942,476644,476978,500457,500557,23.479000,23.813000
215,1306,1306,451a941,350092,350426,506237,506337,155.811000,156.145000
215,1653,1653,4675942,472030,472356,535781,535881,63.425000,63.751000
215,1081,1081,4439940,537686,538012,550092,550192,12.080000,12.406000
215,5242,5242,547a941,556633,556967,572169,572269,15.202000,15.536000
215,4474,4474,517a941,482683,483017,577041,577141,94.024000,94.358000
215,1690,1690,469a943,569445,569779,581549,581649,11.770000,12.104000
215,4234,4234,508a942,564093,564427,609869,609969,45.442000,45.776000
215,3370,3370,4d2a940,514127,514461,615585,615685,101.124000,101.458000
215,1978,1978,47ba943,448226,448560,623693,623793,175.133000,175.467000
215,2458,2458,499a940,583912,584246,632165,632265,47.919000,48.253000
215,4666,4666,523a940,642674,643008,651781,651881,8.773000,9.107000
215,3034,3034,4bda942,650453,650787,659071,659171,8.284000,8.618000
215,4307,4307,50d3940,674948,675274,710889,710989,35.615000,35.941000
215,3130,3130,4c3a940,702874,703208,716431,716531,13.223000,13.557000
215,5290,5290,54aa941,709239,709573,745330,745430,35.757000,36.091000
215,3821,3821,4eed941,731223,731549,750171,750271,18.622000,18.948000
215,2218,2218,48aa941,739989,740323,755918,756018,15.595000,15.929000
215,4810,4810,52ca943,743828,744162,773059,773159,28.897000,29.231000
215,2122,2122,484a940,765206,765540,779216,779316,13.676000,14.010000
215,5674,5674,562a941,764328,764662,783724,783824,19.062000,19.396000
215,1882,1882,475a941,819164,819498,825706,825806,6.208000,6.542000
215,3418,3418,4d5a941,844959,845293,854149,854249,8.856000,9.190000
215,2189,2189,488d940,819109,819435,859905,860005,40.470000,40.796000
215,826,826,433a943,639709,640043,864413,864513,224.370000,224.704000
215,3381,3381,4d35942,849336,849662,869956,870056,20.294000,20.620000
215,5885,5885,56fd940,854229,854555,877098,877198,22.543000,22.869000
215,6131,6131,57f3940,863953,864279,882854,882954,18.575000,18.901000
215,2857,2857,4b29943,837377,837703,887362,887462,49.659000,49.985000
215,6058,6058,57aa941,857514,857848,904231,904331,46.383000,46.717000
215,3178,3178,4c6a942,903166,903500,911743,911843,8.243000,8.577000
215,6394,6394,58fa941,924319,924653,937155,937255,12.502000,12.836000
215,874,874,436a941,865577,865911,947919,948019,82.008000,82.342000
215,5530,5530,559a943,919759,920093,952440,952540,32.347000,32.681000
215,2314,2314,490a943,964251,964585,973262,973362,8.677000,9.011000
215,1834,1834,472a942,921527,921861,999363,999463,77.502000,77.836000
215,4618,4618,520a940,1010834,1011168,1091162,1091262,79.994000,80.328000
215,6106,6106,57da941,1043705,1044039,1098208,1098308,54.169000,54.503000
215,5995,5995,576b943,1072739,1073065,1110286,1110386,37.221000,37.547000
215,2521,2521,49d9940,1076312,1076638,1122043,1122143,45.405000,45.731000
215,3754,3754,4eaa941,1108869,1109203,1127855,1127955,18.652000,18.986000
215,4603,4603,51fb942,1120509,1120835,1132737,1132837,11.902000,12.228000
215,5541,5541,55a5942,1111218,1111544,1144160,1144260,32.616000,32.942000
215,4858,4858,52fa941,1159019,1159353,1171295,1171395,11.942000,12.276000
215,6173,6173,581d942,1087112,1087438,1182838,1182938,95.400000,95.726000
215,6213,6213,5845941,1180320,1180646,1206206,1206306,25.560000,25.886000
215,2074,2074,481a942,1189552,1189886,1211941,1212041,22.055000,22.389000
215,6269,6269,587d943,1249603,1249929,1262111,1262211,12.182000,12.508000
215,2746,2746,4aba942,1341012,1341346,1353469,1353569,12.123000,12.457000
215,1853,1853,473d940,1411161,1411487,1417791,1417891,6.304000,6.630000
215,2661,2661,4a65942,2246111,2246437,2254988,2255088,8.551000,8.877000
216,6084,6084,57c4940,89038,89372,95579,95679,6.207000,6.541000
216,2724,2724,4aa4941,72007,72341,108990,109090,36.649000,36.983000
216,4534,4534,51b6941,131836,132170,144394,144494,12.224000,12.558000
216,4586,4586,51ea942,217988,218322,226630,226730,8.308000,8.642000
216,1134,1134,446e942,256261,256595,263068,263168,6.473000,6.807000
216,1547,1547,460b943,217010,217336,277034,277134,59.698000,60.024000
216,4955,4955,535b943,300451,300777,317076,317176,16.299000,16.625000
216,602,602,425a941,310172,310506,331694,331794,21.188000,21.522000
216,3083,3083,4c0b940,326484,326810,336203,336303,9.393000,9.719000
216,838,838,4346941,305116,305450,348881,348981,43.431000,43.765000
216,790,790,4316942,181253,181587,354608,354708,173.021000,173.355000
216,1163,1163,448b943,231592,231918,366066,366166,134.148000,134.474000
216,11,11,400b942,311836,312162,386943,387043,74.781000,75.107000
216,1211,1211,44bb942,341201,341527,404067,404167,62.540000,62.866000
216,3116,3116,4c2c942,430979,431313,445338,445438,14.025000,14.359000
216,1307,1307,451b941,366575,366901,454359,454459,87.458000,87.784000
216,4054,4054,4fd6942,462910,463244,475331,475431,12.087000,12.421000
216,1979,1979,47bb943,455283,455609,479894,479994,24.285000,24.611000
216,4475,4475,517b941,490596,490922,499488,499588,8.566000,8.892000
216,2795,2795,4aeb942,500641,500967,513064,513165,12.097000,12.423000
216,1654,1654,4676942,530654,530988,539612,539712,8.624000,8.958000
216,3371,3371,4d2b940,521935,522261,544432,544532,22.171000,22.497000
216,1082,1082,443a940,544772,545106,553444,553544,8.338000,8.672000
216,5243,5243,547b941,563709,564035,572743,572843,8.708000,9.034000
216,1691,1691,469b943,576411,576737,599985,600085,23.248000,23.574000
216,2459,2459,499b940,590889,591215,613371,613471,22.156000,22.482000
216,4235,4235,508b942,571087,571413,618237,618337,46.824000,47.150000
216,4308,4308,50d4940,682036,682370,699658,699758,17.288000,17.622000
216,3035,3035,4bdb942,657457,657783,709342,709442,51.559000,51.885000
216,4667,4667,523b940,649657,649983,741749,741849,91.766000,92.092000
216,5291,5291,54ab941,719846,720172,758992,759092,38.820000,39.146000
216,2123,2123,484b940,772243,772569,784469,784569,11.900000,12.226000
216,3822,3822,4eee941,738263,738597,789335,789435,50.738000,51.072000
216,5675,5675,562b941,776360,776686,795111,795211,18.425000,18.751000
216,4811,4811,52cb943,767806,768132,800864,800964,32.732000,33.058000
216,2219,2219,48ab941,747023,747349,818211,818311,70.862000,71.188000
216,3131,3131,4c3b940,709859,710185,823964,824064,113.779000,114.105000
216,827,827,433b943,832963,833289,853351,853451,20.062000,20.388000
216,3419,3419,4d5b941,851884,852210,864455,864555,12.245000,12.571000
216,3382,3382,4d36942,856457,856791,869287,869387,12.496000,12.830000
216,2190,2190,488e940,854752,855086,876614,876714,21.528000,21.862000
216,6132,6132,57f4940,870968,871302,881124,881224,9.822000,10.156000
216,2858,2858,4b2a943,870214,870548,885980,886080,15.432000,15.766000
216,5886,5886,56fe940,861324,861658,901696,901796,40.038000,40.372000
216,6059,6059,57ab941,868761,869087,907175,907275,38.088000,38.414000
216,1883,1883,475b941,826178,826504,914709,914809,88.205000,88.531000
216,3179,3179,4c6b942,910141,910467,924835,924935,14.368000,14.694000
216,875,875,436b941,872630,872956,934124,934224,61.168000,61.494000
216,1835,1835,472b942,928513,928839,938934,939034,10.095000,10.421000
216,6395,6395,58fb941,937393,937719,949593,949693,11.874000,12.200000
216,5531,5531,559b943,926788,927114,996912,997012,69.798000,70.124000
216,4619,4619,520b940,1022921,1023247,1031910,1032010,8.663000,8.989000
216,2315,2315,490b943,971283,971609,1039040,1039139,67.431000,67.757000
216,6107,6107,57db941,1050839,1051165,1064026,1064126,12.861000,13.187000
216,2522,2522,49da940,1092206,1092540,1110032,1110132,17.492000,17.826000
216,6174,6174,581e942,1112845,1113179,1133230,1133330,20.051000,20.385000
216,3755,3755,4eab941,1115953,1116279,1138982,1139082,22.703000,23.029000
216,5996,5996,576c943,1098013,1098347,1143514,1143614,45.167000,45.501000
216,5542,5542,55a6942,1118182,1118516,1150429,1150529,31.913000,32.247000
216,4604,4604,51fc942,1127460,1127794,1156388,1156488,28.594000,28.928000
216,4859,4859,52fb941,1166012,1166338,1178256,1178356,11.918000,12.244000
216,6214,6214,5846941,1196280,1196614,1205349,1205449,8.735000,9.069000
216,2075,2075,481b942,1206597,1206923,1223589,1223689,16.666000,16.992000
216,6270,6270,587e943,1256769,1257103,1272292,1272392,15.189000,15.523000
216,2747,2747,4abb942,1348065,1348391,1356796,1356896,8.405000,8.731000
216,1854,1854,473e940,1418107,1418441,1430442,1430542,12.001000,12.335000
216,2662,2662,4a66942,2253158,2253492,2265694,2265794,12.202000,12.536000
217,6085,6085,57c5940,96037,96363,102589,102689,6.226000,6.552000
217,2725,2725,4aa5941,78970,79296,115985,116085,36.689000,37.015000
217,4535,4535,51b7941,138799,139125,151333,151433,12.208000,12.534000
217,4587,4587,51eb942,225031,225357,233627,233727,8.270000,8.596000
217,1135,1135,446f942,263292,263618,274536,274636,10.918000,11.244000
217,791,791,4317942,195254,195580,283461,283561,87.881000,88.207000
217,603,603,425b941,317201,317527,343172,343272,25.645000,25.971000
217,839,839,4347941,312119,312445,360359,360459,47.914000,48.240000
217,4055,4055,4fd7942,469894,470220,482429,482529,12.209000,12.535000
217,3117,3117,4c2d942,438011,438337,521127,521227,82.790000,83.116000
217,1655,1655,4677942,537642,537968,557914,558014,19.946000,20.272000
217,1083,1083,443b940,551776,552102,591163,591263,39.061000,39.387000
217,4309,4309,50d5940,698070,698396,706654,706754,8.258000,8.584000
217,3823,3823,4eef941,745216,745542,812417,812517,66.875000,67.201000
217,3383,3383,4d37942,863471,863797,886673,886773,22.876000,23.202000
217,2191,2191,488f940,861777,862103,891710,891810,29.607000,29.933000
217,6133,6133,57f5940,877924,878250,896196,896296,17.946000,18.272000
217,2859,2859,4b2b943,877227,877553,903234,903334,25.681000,26.007000
217,5887,5887,56ff940,868354,868680,974153,974253,105.473000,105.799000
217,2523,2523,49db940,1099208,1099534,1121745,1121845,22.211000,22.537000
217,6175,6175,581f942,1126894,1127220,1144723,1144823,17.503000,17.829000
217,5997,5997,576d943,1105066,1105392,1149244,1149344,43.852000,44.178000
217,5543,5543,55a7942,1136437,1136763,1168430,1168530,31.667000,31.993000
217,4605,4605,51fd942,1138037,1138363,1174470,1174570,36.107000,36.433000
217,6215,6215,5847941,1203270,1203596,1212297,1212397,8.701000,9.027000
217,6271,6271,587f943,1270621,1270947,1279364,1279464,8.417000,8.743000
217,1855,1855,473f940,1425071,1425397,1437313,1437413,11.916000,12.242000
217,2663,2663,4a67942,2260136,2260462,2272684,2272784,12.222000,12.548000
218,6086,6086,57c6940,103049,103383,109583,109683,6.200000,6.534000
218,2726,2726,4aa6941,85985,86319,122872,122972,36.553000,36.887000
218,3118,3118,4c2e942,447195,447529,528253,528353,80.724000,81.058000
218,4310,4310,50d6940,705141,705475,713796,713896,8.321000,8.655000
218,6134,6134,57f6940,884970,885304,898100,898200,12.796000,13.130000
218,5998,5998,576e943,1145894,1146228,1154963,1155063,8.735000,9.069000
218,4606,4606,51fe942,1144988,1145322,1180442,1180542,35.120000,35.454000
219,6087,6087,57c7940,110048,110374,116595,116695,6.221000,6.547000
219,2727,2727,4aa7941,110634,110960,129860,129960,18.900000,19.226000
219,3119,3119,4c2f942,516805,517131,542422,542522,25.291000,25.617000
219,4311,4311,50d7940,712168,712494,720778,720878,8.284000,8.610000
219,6135,6135,57f7940,891926,892252,918976,919076,26.724000,27.050000
219,5999,5999,576f943,1152947,1153273,1161584,1161684,8.311000,8.637000
219,4607,4607,51ff942,1152006,1152332,1192334,1192434,40.002000,40.328000
228,6088,6088,57c8940,117060,117394,129101,129200,11.707000,12.041000
228,2728,2728,4aa8941,119790,120124,133944,134044,13.820000,14.154000
228,1952,1952,47a0941,310051,310385,357982,358082,47.597000,47.931000
228,4544,4544,51c0941,470796,471130,604680,604780,133.550000,133.884000
228,4312,4312,50d8940,719239,719573,745837,745937,26.264000,26.598000
228,6136,6136,57f8940,898941,899275,939035,939135,39.760000,40.094000
229,6089,6089,57c9940,124059,124385,136250,136350,11.865000,12.191000
229,2729,2729,4aa9941,130567,130893,141123,141223,10.230000,10.556000
229,1953,1953,47a1941,328012,328338,363601,363701,35.263000,35.589000
229,4545,4545,51c1941,477816,478142,567848,567948,89.706000,90.032000
229,4313,4313,50d9940,726266,726592,760048,760148,33.456000,33.782000
229,6137,6137,57f9940,909031,909357,962583,962683,53.226000,53.552000
230,2730,2730,4aaa941,137587,137921,146497,146597,8.576000,8.910000
230,4536,4536,51b8941,145766,146100,159219,159319,13.119000,13.453000
230,6090,6090,57ca940,131071,131405,165004,165104,33.599000,33.933000
230,4588,4588,51ec942,232071,232405,244269,244369,11.864000,12.198000
230,840,840,4348941,319151,319485,336684,336784,17.199000,17.533000
230,604,604,425c941,324221,324555,346782,346882,22.227000,22.561000
230,792,792,4318942,214303,214637,351604,351704,136.967000,137.301000
230,1954,1954,47a2941,334986,335320,379364,379464,44.044000,44.378000
230,4056,4056,4fd8942,476864,477198,485933,486033,8.735000,9.069000
230,4546,4546,51c2941,484844,485178,546266,546366,61.088000,61.422000
230,1084,1084,443c940,558783,559117,618118,618218,59.001000,59.335000
230,1656,1656,4678942,555920,556254,629827,629927,73.573000,73.907000
230,4314,4314,50da940,733337,733671,774283,774383,40.612000,40.946000
230,2860,2860,4b2c943,884187,884521,900471,900571,15.950000,16.284000
230,3384,3384,4d38942,879471,879805,956801,956901,76.996000,77.330000
230,6138,6138,57fa940,929963,930297,986053,986153,55.756000,56.090000
230,2524,2524,49dc940,1111080,1111414,1149340,1149440,37.926000,38.260000
230,5544,5544,55a8942,1143421,1143755,1154138,1154238,10.383000,10.717000
230,6216,6216,5848941,1210294,1210628,1222671,1222771,12.043000,12.377000
230,2664,2664,4a68942,2267159,2267493,2276041,2276141,8.548000,8.882000
231,2731,2731,4aab941,144550,144876,153473,153573,8.597000,8.923000
231,4537,4537,51b9941,152729,153055,170746,170846,17.691000,18.017000
231,6091,6091,57cb940,138070,138396,176501,176601,38.105000,38.431000
231,1548,1548,460c943,224056,224390,232649,232749,8.259000,8.593000
231,4589,4589,51ed942,239075,239401,258482,258582,19.081000,19.407000
231,1164,1164,448c943,243613,243947,287463,287563,43.516000,43.850000
231,841,841,4349941,334633,334959,343624,343724,8.665000,8.991000
231,4956,4956,535c943,307477,307811,352367,352467,44.556000,44.890000
231,1212,1212,44bc942,352636,352970,356947,357047,3.977000,4.311000
231,793,793,4319942,262291,262617,361613,361713,98.996000,99.322000
231,605,605,425d941,331214,331540,366187,366287,34.647000,34.973000
231,3084,3084,4c0c940,333525,333859,373118,373218,39.259000,39.593000
231,12,12,400c942,318843,319177,400608,400708,81.431000,81.765000
231,1955,1955,47a3941,342011,342337,406219,406319,63.882000,64.208000
231,1980,1980,47bc943,469051,469385,500238,500338,30.853000,31.187000
231,2796,2796,4aec942,507592,507926,511889,511989,3.963000,4.297000
231,4057,4057,4fd9942,483938,484264,516531,516631,32.267000,32.593000
231,4476,4476,517c941,497552,497886,522252,522353,24.366000,24.700000
231,1308,1308,451c941,403582,403916,534869,534969,130.953000,131.287000
231,3372,3372,4d2c940,534535,534869,551826,551926,16.957000,17.291000
231,4547,4547,51c3941,533573,533899,575020,575120,41.121000,41.447000
231,5244,5244,547c941,570695,571029,583005,583105,11.976000,12.310000
231,1692,1692,469c943,583497,583831,592056,592156,8.225000,8.559000
231,4236,4236,508c942,578112,578446,624048,624148,45.602000,45.936000
231,1085,1085,443d940,594091,594417,629591,629691,35.174000,35.500000
231,2460,2460,499c940,611714,612048,639297,639397,27.249000,27.583000
231,1657,1657,4679942,562889,563215,644151,644251,80.936000,81.262000
231,4668,4668,523c940,656741,657075,685733,685833,28.658000,28.992000
231,3036,3036,4bdc942,664507,664841,696348,696448,31.507000,31.841000
231,3132,3132,4c3c940,730842,731176,739528,739628,8.352000,8.686000
231,5292,5292,54ac941,726880,727214,756618,756718,29.404000,29.738000
231,2220,2220,48ac941,761788,762122,768574,768674,6.452000,6.786000
231,4315,4315,50db940,740458,740784,781355,781455,40.571000,40.897000
231,4812,4812,52cc943,774825,775159,800409,800509,25.250000,25.584000
231,2124,2124,484c940,779321,779655,806403,806503,26.748000,27.082000
231,1884,1884,475c941,833198,833532,842889,842989,9.357000,9.691000
231,5676,5676,562c941,783378,783712,847423,847523,63.711000,64.045000
231,828,828,433c943,839934,840268,865733,865833,25.465000,25.799000
231,3420,3420,4d5c941,859147,859481,871459,871559,11.978000,12.312000
231,2861,2861,4b2d943,891202,891528,906474,906574,14.946000,15.272000
231,6060,6060,57ac941,893061,893395,917521,917621,24.126000,24.460000
231,3180,3180,4c6c942,917126,917460,933127,933227,15.667000,16.001000
231,6396,6396,58fc941,944299,944633,951049,951149,6.416000,6.750000
231,876,876,436c941,887351,887685,956605,956705,68.920000,69.254000
231,5532,5532,559c943,954676,955010,980229,980329,25.219000,25.553000
231,6139,6139,57fb940,936953,937279,991962,992062,54.683000,55.009000
231,1836,1836,472c942,935524,935858,1013334,1013434,77.476000,77.810000
231,3385,3385,4d39942,893546,893872,1027514,1027615,133.642000,133.968000
231,2316,2316,490c943,978295,978629,1042958,1043058,64.329000,64.663000
231,4620,4620,520c940,1029802,1030137,1086790,1086890,56.653000,56.988000
231,6108,6108,57dc941,1057911,1058245,1131655,1131755,73.410000,73.744000
231,3756,3756,4eac941,1126695,1127029,1145097,1145197,18.068000,18.402000
231,2525,2525,49dd940,1118082,1118408,1163632,1163732,45.224000,45.550000
231,5545,5545,55a9942,1150356,1150682,1168505,1168605,17.823000,18.149000
231,4860,4860,52fc941,1173077,1173411,1182940,1183040,9.529000,9.863000
231,6217,6217,5849941,1217284,1217610,1229785,1229885,12.175000,12.501000
231,2076,2076,481c942,1221654,1221988,1241059,1241159,19.071000,19.405000
231,2748,2748,4abc942,1355029,1355363,1373606,1373706,18.243000,18.577000
231,2665,2665,4a69942,2274217,2274543,2283088,2283188,8.545000,8.871000
232,6092,6092,57cc940,145082,145416,149393,149493,3.977000,4.311000
232,2732,2732,4aac941,151570,151904,163812,163912,11.908000,12.242000
232,4538,4538,51ba941,159696,160030,174431,174531,14.401000,14.735000
232,4590,4590,51ee942,253096,253430,274698,274798,21.268000,21.602000
232,1165,1165,448d943,285809,286135,298039,298139,11.904000,12.230000
232,3085,3085,4c0d940,340566,340892,355882,355982,14.990000,15.316000
232,606,606,425e941,348544,348878,362857,362957,13.979000,14.313000
232,842,842,434a941,341694,342028,370346,370446,28.318000,28.652000
232,1956,1956,47a4941,359308,359642,375457,375557,15.815000,16.149000
232,4957,4957,535d943,316071,316397,380336,380436,63.939000,64.265000
232,1213,1213,44bd942,358084,358410,384897,384997,26.487000,26.813000
232,794,794,431a942,353366,353700,389771,389871,36.071000,36.405000
232,13,13,400d942,375945,376271,395566,395666,19.295000,19.621000
232,1549,1549,460d943,231022,231348,411930,412030,180.582000,180.908000
232,1981,1981,47bd943,479073,479399,492925,493025,13.526000,13.852000
232,1309,1309,451d941,451087,451413,505192,505292,53.779000,54.105000
232,4058,4058,4fda942,491017,491351,523563,523663,32.212000,32.546000
232,4477,4477,517d941,508366,508692,529131,529231,20.439000,20.765000
232,2797,2797,4aed942,513029,513355,534752,534852,21.397000,21.723000
232,3373,3373,4d2d940,541584,541910,550577,550677,8.667000,8.993000
232,4548,4548,51c4941,540627,540961,556406,556506,15.445000,15.779000
232,5245,5245,547d941,577714,578040,586844,586944,8.804000,9.130000
232,1693,1693,469d943,590463,590789,611798,611898,21.009000,21.335000
232,1086,1086,443e940,601192,601526,622983,623083,21.457000,21.791000
232,2461,2461,499d940,618691,619017,634261,634361,15.244000,15.570000
232,4237,4237,508d942,618571,618897,639173,639273,20.276000,20.602000
232,1658,1658,467a942,622177,622511,656547,656647,34.036000,34.370000
232,3037,3037,4bdd942,671511,671837,728250,728350,56.413000,56.739000
232,4669,4669,523d940,672019,672345,746481,746581,74.136000,74.462000
232,5293,5293,54ad941,749175,749501,764787,764887,15.286000,15.612000
232,4316,4316,50dc940,756303,756637,783577,783677,26.940000,27.274000
232,5677,5677,562d941,800988,801314,805311,805411,3.997000,4.323000
232,4813,4813,52cd943,781841,782167,818508,818608,36.341000,36.667000
232,2221,2221,48ad941,768826,769152,824315,824415,55.163000,55.489000
232,3133,3133,4c3d940,737825,738151,830170,830270,92.019000,92.345000
232,829,829,433d943,846920,847246,865271,865371,18.025000,18.351000
232,3421,3421,4d5d941,866072,866398,878300,878400,11.902000,12.228000
232,2125,2125,484d940,786358,786684,909149,909249,122.465000,122.791000
232,2862,2862,4b2e943,898192,898526,926411,926511,27.885000,28.219000
232,6061,6061,57ad941,900075,900401,930905,931005,30.504000,30.830000
232,1885,1885,475d941,843232,843558,935797,935897,92.239000,92.565000
232,877,877,436d941,903453,903779,954498,954598,50.719000,51.045000
232,3181,3181,4c6d942,924101,924427,966283,966383,41.856000,42.182000
232,6140,6140,57fc940,950609,950943,979295,979395,28.352000,28.686000
232,6397,6397,58fd941,951288,951614,986917,987017,35.303000,35.629000
232,3386,3386,4d3a942,923396,923730,991448,991548,67.718000,68.052000
232,1837,1837,472d942,942510,942836,1008887,1008987,66.051000,66.377000
232,5533,5533,559d943,961705,962031,1049649,1049749,87.618000,87.944000
232,4621,4621,520d940,1054801,1055127,1063839,1063939,8.712000,9.038000
232,6109,6109,57dd941,1069074,1069400,1099598,1099698,30.198000,30.524000
232,2317,2317,490d943,1040994,1041320,1133136,1133236,91.816000,92.142000
232,3757,3757,4ead941,1133672,1133998,1148685,1148785,14.687000,15.013000
232,2526,2526,49de940,1132585,1132919,1158932,1159032,26.013000,26.347000
232,5546,5546,55aa942,1157340,1157674,1186491,1186591,28.817000,29.151000
232,4861,4861,52fd941,1180070,1180396,1215060,1215160,34.664000,34.990000
232,6218,6218,584a941,1224303,1224637,1233326,1233426,8.689000,9.023000
232,2077,2077,481d942,1235680,1236006,1244705,1244805,8.699000,9.025000
232,2749,2749,4abd942,1362059,1362385,1370714,1370814,8.329000,8.655000
232,2666,2666,4a6a942,2281264,2281598,2293701,2293801,12.103000,12.437000
233,6093,6093,57cd940,150519,150845,154835,154935,3.990000,4.316000
233,2733,2733,4aad941,158533,158859,170852,170952,11.993000,12.319000
233,4539,4539,51bb941,166659,166985,181380,181480,14.395000,14.721000
233,4591,4591,51ef942,266151,266477,280495,280595,14.018000,14.344000
233,607,607,425f941,361083,361409,369862,369962,8.453000,8.779000
233,1957,1957,47a5941,366333,366659,390504,390604,23.845000,24.171000
233,843,843,434b941,348697,349023,401419,401519,52.396000,52.722000
233,795,795,431b942,360370,360696,430114,430214,69.418000,69.744000
233,4059,4059,4fdb942,514717,515043,546432,546532,31.389000,31.715000
233,4549,4549,51c5941,551263,551589,562276,562376,10.687000,11.013000
233,1087,1087,443f940,614220,614546,644940,645040,30.394000,30.720000
233,1659,1659,467b942,632189,632515,668126,668226,35.611000,35.937000
233,4317,4317,50dd940,774735,775061,790648,790748,15.587000,15.913000
233,2863,2863,4b2f943,905243,905569,941573,941673,36.004000,36.330000
233,6141,6141,57fd940,957641,957967,970560,970660,12.593000,12.919000
233,3387,3387,4d3b942,969459,969785,997085,997185,27.300000,27.626000
233,2527,2527,49df940,1153146,1153472,1176404,1176504,22.932000,23.258000
233,5547,5547,55ab942,1164275,1164601,1196927,1197027,32.326000,32.652000
233,6219,6219,584b941,1231288,1231614,1263684,1263784,32.070000,32.396000
233,2667,2667,4a6b942,2288242,2288568,2300671,2300771,12.103000,12.429000
234,6094,6094,57ce940,156001,156335,162535,162635,6.200000,6.534000
234,2734,2734,4aae941,165553,165887,177966,178066,12.079000,12.413000
234,1958,1958,47a6941,376759,377093,396105,396205,19.012000,19.346000
234,4550,4550,51c6941,558300,558634,568160,568260,9.526000,9.860000
234,4318,4318,50de940,789036,789370,818117,818217,28.747000,29.081000
234,6142,6142,57fe940,966649,966983,976374,976474,9.391000,9.725000
235,6095,6095,57cf940,163000,163326,169547,169647,6.221000,6.547000
235,2735,2735,4aaf941,172613,172939,184954,185054,12.015000,12.341000
235,1959,1959,47a7941,383784,384110,401752,401852,17.642000,17.968000
235,4551,4551,51c7941,565348,565674,574899,574999,9.225000,9.551000
235,4319,4319,50df940,799082,799408,835334,835434,35.926000,36.252000
235,6143,6143,57ff940,973626,973952,982257,982357,8.305000,8.631000
244,1960,1960,47a8941,392084,392418,466889,466989,74.471000,74.805000
244,4552,4552,51c8941,572987,573321,585229,585329,11.908000,12.242000
245,1961,1961,47a9941,407105,407431,423958,424058,16.527000,16.853000
245,4553,4553,51c9941,580035,580361,592395,592495,12.034000,12.360000
246,4540,4540,51bc941,175779,176113,184748,184848,8.635000,8.969000
246,844,844,434c941,355729,356063,367366,367466,11.303000,11.637000
246,796,796,431c942,367400,367734,390534,390634,22.800000,23.134000
246,1962,1962,47aa941,414011,414345,431027,431127,16.682000,17.016000
246,4060,4060,4fdc942,521670,522005,534215,534315,12.210000,12.545000
246,4554,4554,51ca941,587072,587406,612548,612648,25.142000,25.476000
246,1660,1660,467c942,639215,639549,779541,779641,139.992000,140.326000
246,3388,3388,4d3c942,992566,992900,1033347,1033446,40.447000,40.781000
246,5548,5548,55ac942,1171259,1171593,1188740,1188840,17.147000,17.481000
246,6220,6220,584c941,1238307,1238641,1273743,1273843,35.102000,35.436000
246,2668,2668,4a6c942,2295265,2295599,2304202,2304302,8.603000,8.937000
247,4541,4541,51bd941,182742,183068,191648,191748,8.580000,8.906000
247,1166,1166,448e943,292822,293156,301455,301555,8.299000,8.633000
247,1214,1214,44be942,365091,365425,369402,369502,3.977000,4.311000
247,3086,3086,4c0e940,347607,347941,373818,373918,25.877000,26.211000
247,845,845,434d941,362732,363058,378931,379031,15.873000,16.199000
247,797,797,431d942,374453,374779,384828,384928,10.049000,10.375000
247,14,14,400e942,382917,383251,395042,395142,11.791000,12.125000
247,1550,1550,460e943,238024,238358,415246,415346,176.888000,177.222000
247,4958,4958,535e943,323614,323948,436593,436693,112.645000,112.979000
247,1963,1963,47ab941,420936,421262,452383,452483,31.121000,31.447000
247,1982,1982,47be943,491057,491391,507326,507426,15.935000,16.269000
247,2798,2798,4aee942,520050,520385,524347,524447,3.962000,4.297000
247,1310,1310,451e941,503159,503493,529330,529430,25.837000,26.171000
247,4478,4478,517e941,522622,522956,540397,540497,17.441000,17.775000
247,3374,3374,4d2e940,548561,548895,580802,580902,31.907000,32.241000
247,5246,5246,547e941,584700,585034,597642,597742,12.608000,12.942000
247,4061,4061,4fdd942,532290,532616,602495,602595,69.879000,70.205000
247,1694,1694,469e943,597501,597835,607019,607119,9.184000,9.518000
247,4555,4555,51cb941,594120,594446,635608,635708,41.162000,41.488000
247,4238,4238,508e942,625596,625930,649920,650020,23.990000,24.324000
247,3038,3038,4bde942,698527,698861,711826,711926,12.965000,13.299000
247,4670,4670,523e940,678917,679251,750282,750382,71.031000,71.365000
247,2222,2222,48ae941,775737,776071,785291,785391,9.220000,9.554000
247,1661,1661,467d942,646236,646562,789785,789885,143.223000,143.549000
247,3134,3134,4c3e940,762534,762868,794706,794806,31.838000,32.172000
247,2462,2462,499e940,632601,632935,824010,824110,191.075000,191.409000
247,4814,4814,52ce943,788860,789194,830238,830338,41.044000,41.378000
247,2126,2126,484e940,793390,793724,848688,848788,54.964000,55.298000
247,5678,5678,562e941,806441,806775,853251,853351,46.476000,46.810000
247,1886,1886,475e941,850189,850523,858113,858213,7.590000,7.924000
247,5294,5294,54ae941,758399,758733,867683,867783,108.950000,109.284000
247,830,830,433e943,860710,861044,877255,877355,16.211000,16.545000
247,3422,3422,4d5e941,873093,873427,894508,894608,21.081000,21.415000
247,6062,6062,57ae941,915275,915609,944873,944973,29.264000,29.598000
247,3182,3182,4c6e942,931086,931420,950749,950849,19.329000,19.663000
247,6398,6398,58fe941,958194,958528,965439,965539,6.911000,7.245000
247,878,878,436e941,936692,937026,974345,974445,37.319000,37.653000
247,5534,5534,559e943,979432,979766,1048480,1048580,68.714000,69.048000
247,3389,3389,4d3d942,999551,999877,1069164,1069264,69.287000,69.613000
247,1838,1838,472e942,949521,949855,1098499,1098599,148.644000,148.978000
247,4622,4622,520e940,1061699,1062033,1104448,1104548,42.415000,42.749000
247,6110,6110,57de941,1097970,1098304,1142143,1142243,43.839000,44.173000
247,2318,2318,490e943,1048032,1048367,1159940,1160040,111.573000,111.908000
247,3758,3758,4eae941,1140676,1141010,1177114,1177214,36.104000,36.438000
247,4862,4862,52fe941,1187098,1187432,1195927,1196027,8.495000,8.829000
247,5549,5549,55ad942,1178286,1178612,1201677,1201777,23.065000,23.391000
247,2078,2078,481e942,1242714,1243048,1261912,1262012,18.864000,19.198000
247,6221,6221,584d941,1268637,1268963,1281093,1281193,12.130000,12.456000
247,2750,2750,4abe942,1369028,1369362,1381398,1381498,12.036000,12.370000
247,2669,2669,4a6d942,2302323,2302649,2311223,2311323,8.574000,8.900000
248,4542,4542,51be941,189789,190123,202195,202295,12.072000,12.406000
248,3087,3087,4c0f940,355583,355909,364577,364677,8.668000,8.994000
248,1215,1215,44bf942,370543,370869,396071,396171,25.202000,25.528000
248,15,15,400f942,389855,390181,407192,407292,17.011000,17.337000
248,798,798,431e942,381770,382104,412911,413011,30.807000,31.141000
248,4959,4959,535f943,349548,349874,418659,418759,68.785000,69.111000
248,1167,1167,448f943,299818,300144,437247,437347,137.103000,137.429000
248,846,846,434e941,370743,371077,442995,443095,71.918000,72.252000
248,1964,1964,47ac941,432548,432882,448714,448814,15.832000,16.166000
248,1551,1551,460f943,244990,245316,482362,482462,237.046000,237.372000
248,1983,1983,47bf943,498098,498424,506888,506988,8.464000,8.790000
248,1311,1311,451f941,510167,510493,524803,524903,14.310000,14.636000
248,2799,2799,4aef942,525491,525817,540513,540613,14.696000,15.022000
248,3375,3375,4d2f940,555561,555887,580747,580847,24.860000,25.186000
248,4479,4479,517f941,529684,530010,595072,595172,65.062000,65.388000
248,5247,5247,547f941,591776,592102,600850,600950,8.748000,9.074000
248,4062,4062,4fde942,539291,539625,617574,617674,77.949000,78.283000
248,4556,4556,51cc941,601157,601491,623332,623432,21.841000,22.175000
248,4239,4239,508f942,636272,636598,650745,650845,14.147000,14.473000
248,2463,2463,499f940,639578,639904,655641,655741,15.737000,16.063000
248,1695,1695,469f943,604467,604793,662376,662476,57.583000,57.909000
248,1662,1662,467e942,679031,679365,755795,755895,76.430000,76.764000
248,3135,3135,4c3f940,769463,769789,796194,796294,26.405000,26.731000
248,4671,4671,523f940,748134,748460,816241,816341,67.781000,68.107000
248,3039,3039,4bdf942,705531,705857,835985,836085,130.128000,130.454000
248,2223,2223,48af941,782771,783097,844106,844206,61.009000,61.335000
248,5679,5679,562f941,845509,845835,849825,849925,3.990000,4.316000
248,4815,4815,52cf943,795845,796171,854546,854646,58.375000,58.701000
248,5295,5295,54af941,765428,765754,871146,871246,105.392000,105.718000
248,831,831,433f943,867696,868022,879174,879274,11.152000,11.478000
248,3423,3423,4d5f941,880018,880344,915007,915107,34.663000,34.989000
248,6063,6063,57af941,922289,922615,943804,943904,21.189000,21.515000
248,1887,1887,475f941,857251,857577,948743,948843,91.166000,91.492000
248,2127,2127,484f940,807598,807924,960411,960511,152.487000,152.813000
248,879,879,436f941,943655,943981,964995,965095,21.014000,21.340000
248,3183,3183,4c6f942,944098,944424,972161,972261,27.737000,28.063000
248,6399,6399,58ff941,965694,966020,1004058,1004158,38.038000,38.364000
248,1839,1839,472f942,1013891,1014217,1023021,1023121,8.804000,9.130000
248,3390,3390,4d3e942,1006542,1006876,1036916,1037017,30.040000,30.374000
248,5535,5535,559f943,991194,991520,1061323,1061423,69.803000,70.129000
248,4623,4623,520f940,1068659,1068985,1098374,1098474,29.389000,29.715000
248,6111,6111,57df941,1104984,1105310,1130424,1130524,25.114000,25.440000
248,2319,2319,490f943,1118271,1118597,1164786,1164886,46.189000,46.515000
248,3759,3759,4eaf941,1153782,1154108,1170527,1170627,16.419000,16.745000
248,5550,5550,55ae942,1189469,1189803,1209312,1209412,19.509000,19.843000
248,4863,4863,52ff941,1194091,1194417,1221137,1221237,26.720000,27.046000
248,2079,2079,481f942,1256597,1256923,1265405,1265505,8.482000,8.808000
248,6222,6222,584e941,1275656,1275990,1291494,1291594,15.504000,15.838000
248,2751,2751,4abf942,1375984,1376310,1384832,1384932,8.522000,8.848000
248,2670,2670,4a6e942,2309370,2309704,2321770,2321870,12.066000,12.400000
249,4543,4543,51bf941,196752,197078,209269,209369,12.191000,12.517000
249,799,799,431f942,388794,389120,424338,424438,35.218000,35.544000
249,847,847,434f941,377746,378072,431583,431683,53.511000,53.837000
249,1965,1965,47ad941,439521,439847,460045,460145,20.198000,20.524000
249,4557,4557,51cd941,618778,619104,629047,629147,9.943000,10.269000
249,4063,4063,4fdf942,604228,604554,685428,685528,80.874000,81.200000
249,1663,1663,467f942,693590,693916,806519,806619,112.603000,112.929000
249,3391,3391,4d3f942,1013527,1013853,1043757,1043857,29.904000,30.230000
249,5551,5551,55af942,1199370,1199696,1228246,1228346,28.550000,28.876000
249,6223,6223,584f941,1282641,1282967,1298486,1298586,15.519000,15.845000
249,2671,2671,4a6f942,2316348,2316674,2328754,2328854,12.080000,12.406000
250,1966,1966,47ae941,447407,447741,465690,465790,17.949000,18.283000
250,4558,4558,51ce941,625815,626149,635418,635518,9.269000,9.603000
251,1967,1967,47af941,454427,454753,472599,472699,17.846000,18.172000
251,4559,4559,51cf941,632781,633107,656606,656706,23.499000,23.825000
